latitude,longitude,value
52.413184,12.750882,0.0
52.413184,12.751024614457831,0.0
52.413184,12.751167228915664,0.0
52.413184,12.751309843373495,0.0
52.413184,12.751452457831325,0.0
52.413184,12.751595072289158,0.0
52.413184,12.751737686746988,0.0
52.413184,12.75188030120482,0.0
52.413184,12.752022915662652,0.0
52.413184,12.752165530120482,0.0
52.413184,12.752308144578313,0.0
52.413184,12.752450759036146,0.0
52.413184,12.752593373493976,0.0
52.413184,12.752735987951809,0.0
52.413184,12.75287860240964,0.0
52.413184,12.75302121686747,0.0
52.413184,12.753163831325303,0.0
52.413184,12.753306445783133,0.0
52.413184,12.753449060240964,0.0
52.413184,12.753591674698797,0.0
52.413184,12.753734289156627,0.0
52.413184,12.753876903614458,0.0
52.413184,12.75401951807229,0.0
52.413184,12.754162132530121,0.0
52.413184,12.754304746987952,0.0
52.413184,12.754447361445784,0.0
52.413184,12.754589975903615,0.0
52.413184,12.754732590361446,0.0
52.413184,12.754875204819278,0.0
52.413184,12.755017819277109,0.0
52.413184,12.75516043373494,0.0
52.413184,12.755303048192772,0.0
52.413184,12.755445662650603,0.0
52.413184,12.755588277108435,0.0
52.413184,12.755730891566266,0.0
52.413184,12.755873506024097,0.0
52.413184,12.75601612048193,0.0
52.413184,12.75615873493976,0.0
52.413184,12.75630134939759,0.0
52.413184,12.756443963855423,0.0
52.413184,12.756586578313254,0.0
52.413184,12.756729192771084,0.0
52.413184,12.756871807228917,0.0004391750015125149
52.413184,12.757014421686748,0.001473094218951282
52.413184,12.757157036144578,0.0025069780673485555
52.413184,12.75729965060241,0.0035344621821151133
52.413184,12.757442265060241,0.0045594011114314095
52.413184,12.757584879518072,0.005571104118375495
52.413184,12.757727493975905,0.006583281536502065
52.413184,12.757870108433735,0.007581395903752026
52.413184,12.758012722891566,0.008571128736348235
52.413184,12.758155337349399,0.009550058698281232
52.413184,12.75829795180723,0.010514667493143243
52.413184,12.758440566265062,0.01146845296872253
52.413184,12.758583180722892,0.012404637152253878
52.413184,12.758725795180723,0.013321060978422894
52.413184,12.758868409638556,0.014218731870955825
52.413184,12.759011024096386,0.015101954195666031
52.413184,12.759153638554217,0.01595749208500523
52.413184,12.75929625301205,0.01679473710972989
52.413184,12.75943886746988,0.017614222219438303
52.413184,12.759581481927711,0.018408990674703463
52.413184,12.759724096385543,0.019171581776421937
52.413184,12.759866710843374,0.019911535930418646
52.413184,12.760009325301205,0.02061345615308214
52.413184,12.760151939759037,0.02129013736012178
52.413184,12.760294554216868,0.021939456714600132
52.413184,12.760437168674699,0.02255813764235501
52.413184,12.760579783132531,0.023138862076841155
52.413184,12.760722397590362,0.02369156043288611
52.413184,12.760865012048193,0.02421933246565723
52.413184,12.761007626506025,0.024706970952066237
52.413184,12.761150240963856,0.0251610707607088
52.413184,12.761292855421688,0.025584753003982108
52.413184,12.761435469879519,0.02596846010032102
52.413184,12.76157808433735,0.026314683013585524
52.413184,12.761720698795182,0.0266212328799983
52.413184,12.761863313253013,0.026888972424046365
52.413184,12.762005927710844,0.027122009782738835
52.413184,12.762148542168676,0.027312960297287123
52.413184,12.762291156626507,0.0274688993011769
52.413184,12.762433771084337,0.027589287854208677
52.413184,12.76257638554217,0.02766641413041722
52.413184,12.762719,0.027700173402928626
52.41327673786408,12.750882,0.0
52.41327673786408,12.751024614457831,0.0
52.41327673786408,12.751167228915664,0.0
52.41327673786408,12.751309843373495,0.0
52.41327673786408,12.751452457831325,0.0
52.41327673786408,12.751595072289158,0.0
52.41327673786408,12.751737686746988,0.0
52.41327673786408,12.75188030120482,0.0
52.41327673786408,12.752022915662652,0.0
52.41327673786408,12.752165530120482,0.0
52.41327673786408,12.752308144578313,0.0
52.41327673786408,12.752450759036146,0.0
52.41327673786408,12.752593373493976,0.0
52.41327673786408,12.752735987951809,0.0
52.41327673786408,12.75287860240964,0.0
52.41327673786408,12.75302121686747,0.0
52.41327673786408,12.753163831325303,0.0
52.41327673786408,12.753306445783133,0.0
52.41327673786408,12.753449060240964,0.0
52.41327673786408,12.753591674698797,0.0
52.41327673786408,12.753734289156627,0.0
52.41327673786408,12.753876903614458,0.0
52.41327673786408,12.75401951807229,0.0
52.41327673786408,12.754162132530121,0.0
52.41327673786408,12.754304746987952,0.0
52.41327673786408,12.754447361445784,0.0
52.41327673786408,12.754589975903615,0.0
52.41327673786408,12.754732590361446,0.0
52.41327673786408,12.754875204819278,0.0
52.41327673786408,12.755017819277109,0.0
52.41327673786408,12.75516043373494,0.0
52.41327673786408,12.755303048192772,0.0
52.41327673786408,12.755445662650603,0.0
52.41327673786408,12.755588277108435,0.0
52.41327673786408,12.755730891566266,0.0
52.41327673786408,12.755873506024097,0.0
52.41327673786408,12.75601612048193,0.0
52.41327673786408,12.75615873493976,0.0
52.41327673786408,12.75630134939759,0.0
52.41327673786408,12.756443963855423,0.0
52.41327673786408,12.756586578313254,0.0
52.41327673786408,12.756729192771084,0.0
52.41327673786408,12.756871807228917,0.0004717196677534617
52.41327673786408,12.757014421686748,0.00150552528490603
52.41327673786408,12.757157036144578,0.0025392938622118104
52.41327673786408,12.75729965060241,0.0035666639202864385
52.41327673786408,12.757442265060241,0.004591490422115478
52.41327673786408,12.757584879518072,0.0056030820797575015
52.41327673786408,12.757727493975905,0.006615148344380669
52.41327673786408,12.757870108433735,0.007613151662534992
52.41327673786408,12.758012722891566,0.008602774479933895
52.41327673786408,12.758155337349399,0.009581596282423053
52.41327673786408,12.75829795180723,0.010546101401413623
52.41327673786408,12.758440566265062,0.011499780326350226
52.41327673786408,12.758583180722892,0.012435861643337258
52.41327673786408,12.758725795180723,0.01335218466902983
52.41327673786408,12.758868409638556,0.014249756636843898
52.41327673786408,12.759011024096386,0.015132880606088023
52.41327673786408,12.759153638554217,0.01598832404096144
52.41327673786408,12.75929625301205,0.016825475271695353
52.41327673786408,12.75943886746988,0.0176448715159766
52.41327673786408,12.759581481927711,0.018439551885515104
52.41327673786408,12.759724096385543,0.019202056987230195
52.41327673786408,12.759866710843374,0.019941929648323108
52.41327673786408,12.760009325301205,0.020643772914453712
52.41327673786408,12.760151939759037,0.021320381322306434
52.41327673786408,12.760294554216868,0.021969632598095663
52.41327673786408,12.760437168674699,0.02258824392488569
52.41327673786408,12.760579783132531,0.023168905562520055
52.41327673786408,12.760722397590362,0.023721542636075357
52.41327673786408,12.760865012048193,0.02424925677140399
52.41327673786408,12.761007626506025,0.024736840189719802
52.41327673786408,12.761150240963856,0.025190890563076426
52.41327673786408,12.761292855421688,0.025614526861830397
52.41327673786408,12.761435469879519,0.025998190435655103
52.41327673786408,12.76157808433735,0.02634437321886195
52.41327673786408,12.761720698795182,0.02665088957882703
52.41327673786408,12.761863313253013,0.026918599418396083
52.41327673786408,12.762005927710844,0.027151609660622356
52.41327673786408,12.762148542168676,0.02734253905900204
52.41327673786408,12.762291156626507,0.027498459053691426
52.41327673786408,12.762433771084337,0.027618831861698317
52.41327673786408,12.76257638554217,0.027695949429524143
52.41327673786408,12.762719,0.027729703595248248
52.41336947572815,12.750882,0.0
52.41336947572815,12.751024614457831,0.0
52.41336947572815,12.751167228915664,0.0
52.41336947572815,12.751309843373495,0.0
52.41336947572815,12.751452457831325,0.0
52.41336947572815,12.751595072289158,0.0
52.41336947572815,12.751737686746988,0.0
52.41336947572815,12.75188030120482,0.0
52.41336947572815,12.752022915662652,0.0
52.41336947572815,12.752165530120482,0.0
52.41336947572815,12.752308144578313,0.0
52.41336947572815,12.752450759036146,0.0
52.41336947572815,12.752593373493976,0.0
52.41336947572815,12.752735987951809,0.0
52.41336947572815,12.75287860240964,0.0
52.41336947572815,12.75302121686747,0.0
52.41336947572815,12.753163831325303,0.0
52.41336947572815,12.753306445783133,0.0
52.41336947572815,12.753449060240964,0.0
52.41336947572815,12.753591674698797,0.0
52.41336947572815,12.753734289156627,0.0
52.41336947572815,12.753876903614458,0.0
52.41336947572815,12.75401951807229,0.0
52.41336947572815,12.754162132530121,0.0
52.41336947572815,12.754304746987952,0.0
52.41336947572815,12.754447361445784,0.0
52.41336947572815,12.754589975903615,0.0
52.41336947572815,12.754732590361446,0.0
52.41336947572815,12.754875204819278,0.0
52.41336947572815,12.755017819277109,0.0
52.41336947572815,12.75516043373494,0.0
52.41336947572815,12.755303048192772,0.0
52.41336947572815,12.755445662650603,0.0
52.41336947572815,12.755588277108435,0.0
52.41336947572815,12.755730891566266,0.0
52.41336947572815,12.755873506024097,0.0
52.41336947572815,12.75601612048193,0.0
52.41336947572815,12.75615873493976,0.0
52.41336947572815,12.75630134939759,0.0
52.41336947572815,12.756443963855423,0.0
52.41336947572815,12.756586578313254,0.0
52.41336947572815,12.756729192771084,0.0
52.41336947572815,12.756871807228917,0.0005251608380157083
52.41336947572815,12.757014421686748,0.0015587299029574536
52.41336947572815,12.757157036144578,0.0025922590972642916
52.41336947572815,12.75729965060241,0.003619391672413985
52.41336947572815,12.757442265060241,0.004643984592994124
52.41336947572815,12.757584879518072,0.005655344660882546
52.41336947572815,12.757727493975905,0.006667179805238302
52.41336947572815,12.757870108433735,0.007664952042632949
52.41336947572815,12.758012722891566,0.00865434564652959
52.41336947572815,12.758155337349399,0.009632942789464192
52.41336947572815,12.75829795180723,0.010597231965376559
52.41336947572815,12.758440566265062,0.011550688952602061
52.41336947572815,12.758583180722892,0.012486556052839836
52.41336947572815,12.758725795180723,0.013402669326592493
52.41336947572815,12.758868409638556,0.014300035760800753
52.41336947572815,12.759011024096386,0.015182955189606178
52.41336947572815,12.759153638554217,0.016038201293414007
52.41336947572815,12.75929625301205,0.016875157379990804
52.41336947572815,12.75943886746988,0.01769436783406242
52.41336947572815,12.759581481927711,0.018488863995006453
52.41336947572815,12.759724096385543,0.01925118979640549
52.41336947572815,12.759866710843374,0.019990892281449513
52.41336947572815,12.760009325301205,0.02069257455585056
52.41336947572815,12.760151939759037,0.021369031079050936
52.41336947572815,12.760294554216868,0.022018139683622803
52.41336947572815,12.760437168674699,0.022636605899790805
52.41336947572815,12.760579783132531,0.023217136157736552
52.41336947572815,12.760722397590362,0.02376964544670117
52.41336947572815,12.760865012048193,0.024297238780583996
52.41336947572815,12.761007626506025,0.024784707259284326
52.41336947572815,12.761150240963856,0.02523865386218619
52.41336947572815,12.761292855421688,0.025662193487774376
52.41336947572815,12.761435469879519,0.026045766577027583
52.41336947572815,12.76157808433735,0.026391865393721355
52.41336947572815,12.761720698795182,0.026698311875355776
52.41336947572815,12.761863313253013,0.02696595957851001
52.41336947572815,12.762005927710844,0.027198913218834286
52.41336947572815,12.762148542168676,0.02738979928381361
52.41336947572815,12.762291156626507,0.027545679864672566
52.41336947572815,12.762433771084337,0.02766602042881542
52.41336947572815,12.76257638554217,0.027743119832755125
52.41336947572815,12.762719,0.027776864085480777
52.41346221359223,12.750882,0.0
52.41346221359223,12.751024614457831,0.0
52.41346221359223,12.751167228915664,0.0
52.41346221359223,12.751309843373495,0.0
52.41346221359223,12.751452457831325,0.0
52.41346221359223,12.751595072289158,0.0
52.41346221359223,12.751737686746988,0.0
52.41346221359223,12.75188030120482,0.0
52.41346221359223,12.752022915662652,0.0
52.41346221359223,12.752165530120482,0.0
52.41346221359223,12.752308144578313,0.0
52.41346221359223,12.752450759036146,0.0
52.41346221359223,12.752593373493976,0.0
52.41346221359223,12.752735987951809,0.0
52.41346221359223,12.75287860240964,0.0
52.41346221359223,12.75302121686747,0.0
52.41346221359223,12.753163831325303,0.0
52.41346221359223,12.753306445783133,0.0
52.41346221359223,12.753449060240964,0.0
52.41346221359223,12.753591674698797,0.0
52.41346221359223,12.753734289156627,0.0
52.41346221359223,12.753876903614458,0.0
52.41346221359223,12.75401951807229,0.0
52.41346221359223,12.754162132530121,0.0
52.41346221359223,12.754304746987952,0.0
52.41346221359223,12.754447361445784,0.0
52.41346221359223,12.754589975903615,0.0
52.41346221359223,12.754732590361446,0.0
52.41346221359223,12.754875204819278,0.0
52.41346221359223,12.755017819277109,0.0
52.41346221359223,12.75516043373494,0.0
52.41346221359223,12.755303048192772,0.0
52.41346221359223,12.755445662650603,0.0
52.41346221359223,12.755588277108435,0.0
52.41346221359223,12.755730891566266,0.0
52.41346221359223,12.755873506024097,0.0
52.41346221359223,12.75601612048193,0.0
52.41346221359223,12.75615873493976,0.0
52.41346221359223,12.75630134939759,0.0
52.41346221359223,12.756443963855423,0.0
52.41346221359223,12.756586578313254,0.0
52.41346221359223,12.756729192771084,0.0
52.41346221359223,12.756871807228917,0.0006171521547218648
52.41346221359223,12.757014421686748,0.0016503264265286186
52.41346221359223,12.757157036144578,0.0026834565868893642
52.41346221359223,12.75729965060241,0.0037101932233068284
52.41346221359223,12.757442265060241,0.004734395871173892
52.41346221359223,12.757584879518072,0.0057453693068474036
52.41346221359223,12.757727493975905,0.006756818427419122
52.41346221359223,12.757870108433735,0.0077542055128294405
52.41346221359223,12.758012722891566,0.008743217377496051
52.41346221359223,12.758155337349399,0.009721439634362191
52.41346221359223,12.75829795180723,0.010685367384219477
52.41346221359223,12.758440566265062,0.011638455178749193
52.41346221359223,12.758583180722892,0.012573964952979862
52.41346221359223,12.758725795180723,0.013489728139301396
52.41346221359223,12.758868409638556,0.014386751864355531
52.41346221359223,12.759011024096386,0.015269330500123288
52.41346221359223,12.759153638554217,0.016124247832980235
52.41346221359223,12.75929625301205,0.016960879157091414
52.41346221359223,12.75943886746988,0.017779780020319633
52.41346221359223,12.759581481927711,0.018573969968317013
52.41346221359223,12.759724096385543,0.019335998043347527
52.41346221359223,12.759866710843374,0.020075417073580668
52.41346221359223,12.760009325301205,0.020776831021060586
52.41346221359223,12.760151939759037,0.021453034002350085
52.41346221359223,12.760294554216868,0.022101903780801832
52.41346221359223,12.760437168674699,0.022720128983150185
52.41346221359223,12.760579783132531,0.023300440216167458
52.41346221359223,12.760722397590362,0.023852736783913798
52.41346221359223,12.760865012048193,0.02438012902888676
52.41346221359223,12.761007626506025,0.024867406556701645
52.41346221359223,12.761150240963856,0.025321180597145464
52.41346221359223,12.761292855421688,0.02574455950773142
52.41346221359223,12.761435469879519,0.026127982415849127
52.41346221359223,12.76157808433735,0.026473942213705
52.41346221359223,12.761720698795182,0.026780272445276164
52.41346221359223,12.761863313253013,0.02704781669580617
52.41346221359223,12.762005927710844,0.027280676724707017
52.41346221359223,12.762148542168676,0.027471490077968952
52.41346221359223,12.762291156626507,0.02762730597211638
52.41346221359223,12.762433771084337,0.02774759326932731
52.41346221359223,12.76257638554217,0.027824662048238417
52.41346221359223,12.762719,0.02785838991124327
52.41355495145631,12.750882,0.0
52.41355495145631,12.751024614457831,0.0
52.41355495145631,12.751167228915664,0.0
52.41355495145631,12.751309843373495,0.0
52.41355495145631,12.751452457831325,0.0
52.41355495145631,12.751595072289158,0.0
52.41355495145631,12.751737686746988,0.0
52.41355495145631,12.75188030120482,0.0
52.41355495145631,12.752022915662652,0.0
52.41355495145631,12.752165530120482,0.0
52.41355495145631,12.752308144578313,0.0
52.41355495145631,12.752450759036146,0.0
52.41355495145631,12.752593373493976,0.0
52.41355495145631,12.752735987951809,0.0
52.41355495145631,12.75287860240964,0.0
52.41355495145631,12.75302121686747,0.0
52.41355495145631,12.753163831325303,0.0
52.41355495145631,12.753306445783133,0.0
52.41355495145631,12.753449060240964,0.0
52.41355495145631,12.753591674698797,0.0
52.41355495145631,12.753734289156627,0.0
52.41355495145631,12.753876903614458,0.0
52.41355495145631,12.75401951807229,0.0
52.41355495145631,12.754162132530121,0.0
52.41355495145631,12.754304746987952,0.0
52.41355495145631,12.754447361445784,0.0
52.41355495145631,12.754589975903615,0.0
52.41355495145631,12.754732590361446,0.0
52.41355495145631,12.754875204819278,0.0
52.41355495145631,12.755017819277109,0.0
52.41355495145631,12.75516043373494,0.0
52.41355495145631,12.755303048192772,0.0
52.41355495145631,12.755445662650603,0.0
52.41355495145631,12.755588277108435,0.0
52.41355495145631,12.755730891566266,0.0
52.41355495145631,12.755873506024097,0.0
52.41355495145631,12.75601612048193,0.0
52.41355495145631,12.75615873493976,0.0
52.41355495145631,12.75630134939759,0.0
52.41355495145631,12.756443963855423,0.0
52.41355495145631,12.756586578313254,0.0
52.41355495145631,12.756729192771084,0.0
52.41355495145631,12.756871807228917,0.0007264020554997386
52.41355495145631,12.757014421686748,0.0017590593941401722
52.41355495145631,12.757157036144578,0.002791667006918571
52.41355495145631,12.75729965060241,0.0038178849255225654
52.41355495145631,12.757442265060241,0.004841576384111227
52.41355495145631,12.757584879518072,0.005852043374984554
52.41355495145631,12.757727493975905,0.006862987185395878
52.41355495145631,12.757870108433735,0.00785986966480875
52.41355495145631,12.758012722891566,0.008848381011631885
52.41355495145631,12.758155337349399,0.00982611252483698
52.41355495145631,12.75829795180723,0.010789567280361779
52.41355495145631,12.758440566265062,0.011742171115658874
52.41355495145631,12.758583180722892,0.012677212471169312
52.41355495145631,12.758725795180723,0.013592516929652623
52.41355495145631,12.758868409638556,0.014489091489809106
52.41355495145631,12.759011024096386,0.015371223732887773
52.41355495145631,12.759153638554217,0.0162257103123401
52.41355495145631,12.75929625301205,0.01706191613911419
52.41355495145631,12.75943886746988,0.017880411313182718
52.41355495145631,12.759581481927711,0.01867419987109989
52.41355495145631,12.759724096385543,0.019435837509735203
52.41355495145631,12.759866710843374,0.020174884807676836
52.41355495145631,12.760009325301205,0.020875946631704275
52.41355495145631,12.760151939759037,0.021551817228552247
52.41355495145631,12.760294554216868,0.022200374384053093
52.41355495145631,12.760437168674699,0.02281828359028603
52.41355495145631,12.760579783132531,0.023398307624931516
52.41355495145631,12.760722397590362,0.02395032495153511
52.41355495145631,12.760865012048193,0.024477453573983305
52.41355495145631,12.761007626506025,0.024964480383399663
52.41355495145631,12.761150240963856,0.02541802829043294
52.41355495145631,12.761292855421688,0.025841196399249724
52.41355495145631,12.761435469879519,0.026224422344558157
52.41355495145631,12.76157808433735,0.02657019976435428
52.41355495145631,12.761720698795182,0.026876377343673305
52.41355495145631,12.761863313253013,0.027143786061813502
52.41355495145631,12.762005927710844,0.027376523096799228
52.41355495145631,12.762148542168676,0.027567241304479673
52.41355495145631,12.762291156626507,0.027722972390388474
52.41355495145631,12.762433771084337,0.02784319027295098
52.41355495145631,12.76257638554217,0.027920218733597613
52.41355495145631,12.762719,0.027953925087157588
52.41364768932039,12.750882,0.0
52.41364768932039,12.751024614457831,0.0
52.41364768932039,12.751167228915664,0.0
52.41364768932039,12.751309843373495,0.0
52.41364768932039,12.751452457831325,0.0
52.41364768932039,12.751595072289158,0.0
52.41364768932039,12.751737686746988,0.0
52.41364768932039,12.75188030120482,0.0
52.41364768932039,12.752022915662652,0.0
52.41364768932039,12.752165530120482,0.0
52.41364768932039,12.752308144578313,0.0
52.41364768932039,12.752450759036146,0.0
52.41364768932039,12.752593373493976,0.0
52.41364768932039,12.752735987951809,0.0
52.41364768932039,12.75287860240964,0.0
52.41364768932039,12.75302121686747,0.0
52.41364768932039,12.753163831325303,0.0
52.41364768932039,12.753306445783133,0.0
52.41364768932039,12.753449060240964,0.0
52.41364768932039,12.753591674698797,0.0
52.41364768932039,12.753734289156627,0.0
52.41364768932039,12.753876903614458,0.0
52.41364768932039,12.75401951807229,0.0
52.41364768932039,12.754162132530121,0.0
52.41364768932039,12.754304746987952,0.0
52.41364768932039,12.754447361445784,0.0
52.41364768932039,12.754589975903615,0.0
52.41364768932039,12.754732590361446,0.0
52.41364768932039,12.754875204819278,0.0
52.41364768932039,12.755017819277109,0.0
52.41364768932039,12.75516043373494,0.0
52.41364768932039,12.755303048192772,0.0
52.41364768932039,12.755445662650603,0.0
52.41364768932039,12.755588277108435,0.0
52.41364768932039,12.755730891566266,0.0
52.41364768932039,12.755873506024097,0.0
52.41364768932039,12.75601612048193,0.0
52.41364768932039,12.75615873493976,0.0
52.41364768932039,12.75630134939759,0.0
52.41364768932039,12.756443963855423,0.0
52.41364768932039,12.756586578313254,0.0
52.41364768932039,12.756729192771084,0.0
52.41364768932039,12.756871807228917,0.0008690429553503297
52.41364768932039,12.757014421686748,0.0019010033471231064
52.41364768932039,12.757157036144578,0.0029329068940066247
52.41364768932039,12.75729965060241,0.003958425886945803
52.41364768932039,12.757442265060241,0.004981428524935037
52.41364768932039,12.757584879518072,0.00599121284496604
52.41364768932039,12.757727493975905,0.007001475559106466
52.41364768932039,12.757870108433735,0.007997678233414744
52.41364768932039,12.758012722891566,0.008985515346727332
52.41364768932039,12.758155337349399,0.009962585270667807
52.41364768932039,12.75829795180723,0.010925401517682759
52.41364768932039,12.758440566265062,0.011877353855983826
52.41364768932039,12.758583180722892,0.012811764001863195
52.41364768932039,12.758725795180723,0.013726450271313575
52.41364768932039,12.758868409638556,0.01462241959831799
52.41364768932039,12.759011024096386,0.015503950731047902
52.41364768932039,12.759153638554217,0.01635785647661093
52.41364768932039,12.75929625301205,0.017193489101403524
52.41364768932039,12.75943886746988,0.01801143733543179
52.41364768932039,12.759581481927711,0.018804685615441342
52.41364768932039,12.759724096385543,0.0195657978872434
52.41364768932039,12.759866710843374,0.020304344776916998
52.41364768932039,12.760009325301205,0.021004931740355275
52.41364768932039,12.760151939759037,0.021680353895110523
52.41364768932039,12.760294554216868,0.022328488707799483
52.41364768932039,12.760437168674699,0.022945972680119664
52.41364768932039,12.760579783132531,0.023525608996803195
52.41364768932039,12.760722397590362,0.024077250206799527
52.41364768932039,12.760865012048193,0.02460402376767923
52.41364768932039,12.761007626506025,0.025090713611263013
52.41364768932039,12.761150240963856,0.025543956611193894
52.41364768932039,12.761292855421688,0.02596684106477455
52.41364768932039,12.761435469879519,0.02634980206206251
52.41364768932039,12.76157808433735,0.026695334770914292
52.41364768932039,12.761720698795182,0.027001306680880247
52.41364768932039,12.761863313253013,0.027268532681493783
52.41364768932039,12.762005927710844,0.027501104969035985
52.41364768932039,12.762148542168676,0.027691694649508276
52.41364768932039,12.762291156626507,0.0278473122521028
52.41364768932039,12.762433771084337,0.02796743731696316
52.41364768932039,12.76257638554217,0.02804441164611019
52.41364768932039,12.762719,0.028078089108293423
52.413740427184464,12.750882,0.0
52.413740427184464,12.751024614457831,0.0
52.413740427184464,12.751167228915664,0.0
52.413740427184464,12.751309843373495,0.0
52.413740427184464,12.751452457831325,0.0
52.413740427184464,12.751595072289158,0.0
52.413740427184464,12.751737686746988,0.0
52.413740427184464,12.75188030120482,0.0
52.413740427184464,12.752022915662652,0.0
52.413740427184464,12.752165530120482,0.0
52.413740427184464,12.752308144578313,0.0
52.413740427184464,12.752450759036146,0.0
52.413740427184464,12.752593373493976,0.0
52.413740427184464,12.752735987951809,0.0
52.413740427184464,12.75287860240964,0.0
52.413740427184464,12.75302121686747,0.0
52.413740427184464,12.753163831325303,0.0
52.413740427184464,12.753306445783133,0.0
52.413740427184464,12.753449060240964,0.0
52.413740427184464,12.753591674698797,0.0
52.413740427184464,12.753734289156627,0.0
52.413740427184464,12.753876903614458,0.0
52.413740427184464,12.75401951807229,0.0
52.413740427184464,12.754162132530121,0.0
52.413740427184464,12.754304746987952,0.0
52.413740427184464,12.754447361445784,0.0
52.413740427184464,12.754589975903615,0.0
52.413740427184464,12.754732590361446,0.0
52.413740427184464,12.754875204819278,0.0
52.413740427184464,12.755017819277109,0.0
52.413740427184464,12.75516043373494,0.0
52.413740427184464,12.755303048192772,0.0
52.413740427184464,12.755445662650603,0.0
52.413740427184464,12.755588277108435,0.0
52.413740427184464,12.755730891566266,0.0
52.413740427184464,12.755873506024097,0.0
52.413740427184464,12.75601612048193,0.0
52.413740427184464,12.75615873493976,0.0
52.413740427184464,12.75630134939759,0.0
52.413740427184464,12.756443963855423,0.0
52.413740427184464,12.756586578313254,0.0
52.413740427184464,12.756729192771084,8.026089162861252e-06
52.413740427184464,12.756871807228917,0.0010418353988002433
52.413740427184464,12.757014421686748,0.00207296169328167
52.413740427184464,12.757157036144578,0.0031040225842830175
52.413740427184464,12.75729965060241,0.004128705089739768
52.413740427184464,12.757442265060241,0.0051508833201849525
52.413740427184464,12.757584879518072,0.006159850445364773
52.413740427184464,12.757727493975905,0.007169297736509777
52.413740427184464,12.757870108433735,0.008164687087775815
52.413740427184464,12.758012722891566,0.009151717709764265
52.413740427184464,12.758155337349399,0.010127996071891996
52.413740427184464,12.75829795180723,0.01109004821909092
52.413740427184464,12.758440566265062,0.012041221013614895
52.413740427184464,12.758583180722892,0.012974875970043615
52.413740427184464,12.758725795180723,0.01388882240702671
52.413740427184464,12.758868409638556,0.014784067486827892
52.413740427184464,12.759011024096386,0.01566487937898526
52.413740427184464,12.759153638554217,0.016518090404059216
52.413740427184464,12.75929625301205,0.01735303722373242
52.413740427184464,12.75943886746988,0.01817033128451769
52.413740427184464,12.759581481927711,0.018962932938440362
52.413740427184464,12.759724096385543,0.019723416607379887
52.413740427184464,12.759866710843374,0.020461364624602456
52.413740427184464,12.760009325301205,0.021161383491155164
52.413740427184464,12.760151939759037,0.021836268911441414
52.413740427184464,12.760294554216868,0.022483898141419455
52.413740427184464,12.760437168674699,0.02310087319511794
52.413740427184464,12.760579783132531,0.023680045688289603
52.413740427184464,12.760722397590362,0.024231236863231285
52.413740427184464,12.760865012048193,0.02475758555180238
52.413740427184464,12.761007626506025,0.025243872066888773
52.413740427184464,12.761150240963856,0.025696750449109677
52.413740427184464,12.761292855421688,0.026119295668215047
52.413740427184464,12.761435469879519,0.02650193974541024
52.413740427184464,12.76157808433735,0.02684717985466989
52.413740427184464,12.761720698795182,0.027152905756241616
52.413740427184464,12.761863313253013,0.027419913139089903
52.413740427184464,12.762005927710844,0.02765228807619453
52.413740427184464,12.762148542168676,0.027842724100058697
52.413740427184464,12.762291156626507,0.027998205473712203
52.413740427184464,12.762433771084337,0.02811821937771215
52.413740427184464,12.76257638554217,0.02819512887879036
52.413740427184464,12.762719,0.028228771745709237
52.413833165048544,12.750882,0.0
52.413833165048544,12.751024614457831,0.0
52.413833165048544,12.751167228915664,0.0
52.413833165048544,12.751309843373495,0.0
52.413833165048544,12.751452457831325,0.0
52.413833165048544,12.751595072289158,0.0
52.413833165048544,12.751737686746988,0.0
52.413833165048544,12.75188030120482,0.0
52.413833165048544,12.752022915662652,0.0
52.413833165048544,12.752165530120482,0.0
52.413833165048544,12.752308144578313,0.0
52.413833165048544,12.752450759036146,0.0
52.413833165048544,12.752593373493976,0.0
52.413833165048544,12.752735987951809,0.0
52.413833165048544,12.75287860240964,0.0
52.413833165048544,12.75302121686747,0.0
52.413833165048544,12.753163831325303,0.0
52.413833165048544,12.753306445783133,0.0
52.413833165048544,12.753449060240964,0.0
52.413833165048544,12.753591674698797,0.0
52.413833165048544,12.753734289156627,0.0
52.413833165048544,12.753876903614458,0.0
52.413833165048544,12.75401951807229,0.0
52.413833165048544,12.754162132530121,0.0
52.413833165048544,12.754304746987952,0.0
52.413833165048544,12.754447361445784,0.0
52.413833165048544,12.754589975903615,0.0
52.413833165048544,12.754732590361446,0.0
52.413833165048544,12.754875204819278,0.0
52.413833165048544,12.755017819277109,0.0
52.413833165048544,12.75516043373494,0.0
52.413833165048544,12.755303048192772,0.0
52.413833165048544,12.755445662650603,0.0
52.413833165048544,12.755588277108435,0.0
52.413833165048544,12.755730891566266,0.0
52.413833165048544,12.755873506024097,0.0
52.413833165048544,12.75601612048193,0.0
52.413833165048544,12.75615873493976,0.0
52.413833165048544,12.75630134939759,0.0
52.413833165048544,12.756443963855423,0.0
52.413833165048544,12.756586578313254,0.0
52.413833165048544,12.756729192771084,0.00020408796166864363
52.413833165048544,12.756871807228917,0.001236927257489963
52.413833165048544,12.757014421686748,0.002267080896898626
52.413833165048544,12.757157036144578,0.003297159081124797
52.413833165048544,12.75729965060241,0.004320865965577616
52.413833165048544,12.757442265060241,0.005342082868674259
52.413833165048544,12.757584879518072,0.0063500971850725466
52.413833165048544,12.757727493975905,0.007358593755869872
52.413833165048544,12.757870108433735,0.008353034526189107
52.413833165048544,12.758012722891566,0.009339124392043294
52.413833165048544,12.758155337349399,0.010314479499203047
52.413833165048544,12.75829795180723,0.011275640516257002
52.413833165048544,12.758440566265062,0.012225904169478611
52.413833165048544,12.758583180722892,0.013158678412662658
52.413833165048544,12.758725795180723,0.014071762363930193
52.413833165048544,12.758868409638556,0.014966162889247587
52.413833165048544,12.759011024096386,0.015846136295372286
52.413833165048544,12.759153638554217,0.016698537384998102
52.413833165048544,12.75929625301205,0.01753268473113767
52.413833165048544,12.75943886746988,0.018349215975592505
52.413833165048544,12.759581481927711,0.019141063675372154
52.413833165048544,12.759724096385543,0.019900814531716795
52.413833165048544,12.759866710843374,0.0206380642193491
52.413833165048544,12.760009325301205,0.021337420959743482
52.413833165048544,12.760151939759037,0.02201168057143221
52.413833165048544,12.760294554216868,0.022658720286100678
52.413833165048544,12.760437168674699,0.023275102108889504
52.413833165048544,12.760579783132531,0.023853733804604052
52.413833165048544,12.760722397590362,0.024404400634011465
52.413833165048544,12.760865012048193,0.02493025418609678
52.413833165048544,12.761007626506025,0.025416070525932234
52.413833165048544,12.761150240963856,0.025868523686422513
52.413833165048544,12.761292855421688,0.02629067317700721
52.413833165048544,12.761435469879519,0.02667294781585889
52.413833165048544,12.76157808433735,0.027017847109529362
52.413833165048544,12.761720698795182,0.027323286102872803
52.413833165048544,12.761863313253013,0.02759003861039472
52.413833165048544,12.762005927710844,0.02782218351090418
52.413833165048544,12.762148542168676,0.028012440554142246
52.413833165048544,12.762291156626507,0.028167763370242224
52.413833165048544,12.762433771084337,0.028287647511872387
52.413833165048544,12.76257638554217,0.02836448147307402
52.413833165048544,12.762719,0.028398084145431705
52.413925902912624,12.750882,0.0
52.413925902912624,12.751024614457831,0.0
52.413925902912624,12.751167228915664,0.0
52.413925902912624,12.751309843373495,0.0
52.413925902912624,12.751452457831325,0.0
52.413925902912624,12.751595072289158,0.0
52.413925902912624,12.751737686746988,0.0
52.413925902912624,12.75188030120482,0.0
52.413925902912624,12.752022915662652,0.0
52.413925902912624,12.752165530120482,0.0
52.413925902912624,12.752308144578313,0.0
52.413925902912624,12.752450759036146,0.0
52.413925902912624,12.752593373493976,0.0
52.413925902912624,12.752735987951809,0.0
52.413925902912624,12.75287860240964,0.0
52.413925902912624,12.75302121686747,0.0
52.413925902912624,12.753163831325303,0.0
52.413925902912624,12.753306445783133,0.0
52.413925902912624,12.753449060240964,0.0
52.413925902912624,12.753591674698797,0.0
52.413925902912624,12.753734289156627,0.0
52.413925902912624,12.753876903614458,0.0
52.413925902912624,12.75401951807229,0.0
52.413925902912624,12.754162132530121,0.0
52.413925902912624,12.754304746987952,0.0
52.413925902912624,12.754447361445784,0.0
52.413925902912624,12.754589975903615,0.0
52.413925902912624,12.754732590361446,0.0
52.413925902912624,12.754875204819278,0.0
52.413925902912624,12.755017819277109,0.0
52.413925902912624,12.75516043373494,0.0
52.413925902912624,12.755303048192772,0.0
52.413925902912624,12.755445662650603,0.0
52.413925902912624,12.755588277108435,0.0
52.413925902912624,12.755730891566266,0.0
52.413925902912624,12.755873506024097,0.0
52.413925902912624,12.75601612048193,0.0
52.413925902912624,12.75615873493976,0.0
52.413925902912624,12.75630134939759,0.0
52.413925902912624,12.756443963855423,0.0
52.413925902912624,12.756586578313254,0.0
52.413925902912624,12.756729192771084,0.0004321456897969842
52.413925902912624,12.756871807228917,0.0014639593324304997
52.413925902912624,12.757014421686748,0.002493084003800841
52.413925902912624,12.757157036144578,0.003522121864691535
52.413925902912624,12.75729965060241,0.004544796057665005
52.413925902912624,12.757442265060241,0.005564996065349385
52.413925902912624,12.757584879518072,0.006572002605955241
52.413925902912624,12.757727493975905,0.007579493184557407
52.413925902912624,12.757870108433735,0.008572929887644682
52.413925902912624,12.758012722891566,0.00955802360718645
52.413925902912624,12.758155337349399,0.010532401608764771
52.413925902912624,12.75829795180723,0.0114926208454216
52.413925902912624,12.758440566265062,0.012441921006968285
52.413925902912624,12.758583180722892,0.013373763403110495
52.413925902912624,12.758725795180723,0.014285934471370167
52.413925902912624,12.758868409638556,0.015179441086746518
52.413925902912624,12.759011024096386,0.01605852602173728
52.413925902912624,12.759153638554217,0.01691006932300267
52.413925902912624,12.75929625301205,0.017743369305818046
52.413925902912624,12.75943886746988,0.018559092924626215
52.413925902912624,12.759581481927711,0.019350141527253978
52.413925902912624,12.759724096385543,0.020109114963196808
52.413925902912624,12.759866710843374,0.020845624749095244
52.413925902912624,12.760009325301205,0.021544280435832033
52.413925902912624,12.760151939759037,0.02221787859661807
52.413925902912624,12.760294554216868,0.02286429583965168
52.413925902912624,12.760437168674699,0.023480048446767314
52.413925902912624,12.760579783132531,0.02405810837902936
52.413925902912624,12.760722397590362,0.024608219578983778
52.413925902912624,12.760865012048193,0.02513354819044359
52.413925902912624,12.761007626506025,0.025618865663441816
52.413925902912624,12.761150240963856,0.02607086847199308
52.413925902912624,12.761292855421688,0.026492598528881566
52.413925902912624,12.761435469879519,0.02687448107102782
52.413925902912624,12.76157808433735,0.027219017662674646
52.413925902912624,12.761720698795182,0.027524153130334794
52.413925902912624,12.761863313253013,0.027790635549608915
52.413925902912624,12.762005927710844,0.028022535753193967
52.413925902912624,12.762148542168676,0.028212603478143194
52.413925902912624,12.762291156626507,0.028367757285463063
52.413925902912624,12.762433771084337,0.028487502436886258
52.413925902912624,12.76257638554217,0.028564256582009947
52.413925902912624,12.762719,0.028597816263743043
52.4140186407767,12.750882,0.0
52.4140186407767,12.751024614457831,0.0
52.4140186407767,12.751167228915664,0.0
52.4140186407767,12.751309843373495,0.0
52.4140186407767,12.751452457831325,0.0
52.4140186407767,12.751595072289158,0.0
52.4140186407767,12.751737686746988,0.0
52.4140186407767,12.75188030120482,0.0
52.4140186407767,12.752022915662652,0.0
52.4140186407767,12.752165530120482,0.0
52.4140186407767,12.752308144578313,0.0
52.4140186407767,12.752450759036146,0.0
52.4140186407767,12.752593373493976,0.0
52.4140186407767,12.752735987951809,0.0
52.4140186407767,12.75287860240964,0.0
52.4140186407767,12.75302121686747,0.0
52.4140186407767,12.753163831325303,0.0
52.4140186407767,12.753306445783133,0.0
52.4140186407767,12.753449060240964,0.0
52.4140186407767,12.753591674698797,0.0
52.4140186407767,12.753734289156627,0.0
52.4140186407767,12.753876903614458,0.0
52.4140186407767,12.75401951807229,0.0
52.4140186407767,12.754162132530121,0.0
52.4140186407767,12.754304746987952,0.0
52.4140186407767,12.754447361445784,0.0
52.4140186407767,12.754589975903615,0.0
52.4140186407767,12.754732590361446,0.0
52.4140186407767,12.754875204819278,0.0
52.4140186407767,12.755017819277109,0.0
52.4140186407767,12.75516043373494,0.0
52.4140186407767,12.755303048192772,0.0
52.4140186407767,12.755445662650603,0.0
52.4140186407767,12.755588277108435,0.0
52.4140186407767,12.755730891566266,0.0
52.4140186407767,12.755873506024097,0.0
52.4140186407767,12.75601612048193,0.0
52.4140186407767,12.75615873493976,0.0
52.4140186407767,12.75630134939759,0.0
52.4140186407767,12.756443963855423,0.0
52.4140186407767,12.756586578313254,0.0
52.4140186407767,12.756729192771084,0.0006902389341837251
52.4140186407767,12.756871807228917,0.0017208091117063423
52.4140186407767,12.757014421686748,0.002748686610500612
52.4140186407767,12.757157036144578,0.0037764645073365515
52.4140186407767,12.75729965060241,0.00479788788365846
52.4140186407767,12.757442265060241,0.005816855301168692
52.4140186407767,12.757584879518072,0.006822639861261781
52.4140186407767,12.757727493975905,0.007828911080031599
52.4140186407767,12.757870108433735,0.00882113142120569
52.4140186407767,12.758012722891566,0.009805018772457626
52.4140186407767,12.758155337349399,0.010778212926155597
52.4140186407767,12.75829795180723,0.011737289349506831
52.4140186407767,12.758440566265062,0.012685423724404543
52.4140186407767,12.758583180722892,0.013616136570715793
52.4140186407767,12.758725795180723,0.014527201088311625
52.4140186407767,12.758868409638556,0.015419624378492262
52.4140186407767,12.759011024096386,0.016297633813629895
52.4140186407767,12.759153638554217,0.017148138195883286
52.4140186407767,12.75929625301205,0.017980412594171106
52.4140186407767,12.75943886746988,0.018795157680450047
52.4140186407767,12.759581481927711,0.01958523921410233
52.4140186407767,12.759724096385543,0.020343272361845702
52.4140186407767,12.759866710843374,0.021078886380195123
52.4140186407767,12.760009325301205,0.021776692511780486
52.4140186407767,12.760151939759037,0.022449487834452646
52.4140186407767,12.760294554216868,0.023095148811404755
52.4140186407767,12.760437168674699,0.023710140242262544
52.4140186407767,12.760579783132531,0.024287506221118648
52.4140186407767,12.760722397590362,0.024836944823765212
52.4140186407767,12.760865012048193,0.02536163821684693
52.4140186407767,12.761007626506025,0.0258463526858328
52.4140186407767,12.761150240963856,0.026297809925939795
52.4140186407767,12.761292855421688,0.02671903231641147
52.4140186407767,12.761435469879519,0.02710044082428379
52.4140186407767,12.76157808433735,0.027444539773974316
52.4140186407767,12.761720698795182,0.02774930716237977
52.4140186407767,12.761863313253013,0.028015462752719586
52.4140186407767,12.762005927710844,0.02824706769158179
52.4140186407767,12.762148542168676,0.02843690546229357
52.4140186407767,12.762291156626507,0.02859185562380767
52.4140186407767,12.762433771084337,0.02871143471961546
52.4140186407767,12.76257638554217,0.0287880919145066
52.4140186407767,12.762719,0.028821600074548398
52.414111378640776,12.750882,0.0
52.414111378640776,12.751024614457831,0.0
52.414111378640776,12.751167228915664,0.0
52.414111378640776,12.751309843373495,0.0
52.414111378640776,12.751452457831325,0.0
52.414111378640776,12.751595072289158,0.0
52.414111378640776,12.751737686746988,0.0
52.414111378640776,12.75188030120482,0.0
52.414111378640776,12.752022915662652,0.0
52.414111378640776,12.752165530120482,0.0
52.414111378640776,12.752308144578313,0.0
52.414111378640776,12.752450759036146,0.0
52.414111378640776,12.752593373493976,0.0
52.414111378640776,12.752735987951809,0.0
52.414111378640776,12.75287860240964,0.0
52.414111378640776,12.75302121686747,0.0
52.414111378640776,12.753163831325303,0.0
52.414111378640776,12.753306445783133,0.0
52.414111378640776,12.753449060240964,0.0
52.414111378640776,12.753591674698797,0.0
52.414111378640776,12.753734289156627,0.0
52.414111378640776,12.753876903614458,0.0
52.414111378640776,12.75401951807229,0.0
52.414111378640776,12.754162132530121,0.0
52.414111378640776,12.754304746987952,0.0
52.414111378640776,12.754447361445784,0.0
52.414111378640776,12.754589975903615,0.0
52.414111378640776,12.754732590361446,0.0
52.414111378640776,12.754875204819278,0.0
52.414111378640776,12.755017819277109,0.0
52.414111378640776,12.75516043373494,0.0
52.414111378640776,12.755303048192772,0.0
52.414111378640776,12.755445662650603,0.0
52.414111378640776,12.755588277108435,0.0
52.414111378640776,12.755730891566266,0.0
52.414111378640776,12.755873506024097,0.0
52.414111378640776,12.75601612048193,0.0
52.414111378640776,12.75615873493976,0.0
52.414111378640776,12.75630134939759,0.0
52.414111378640776,12.756443963855423,0.0
52.414111378640776,12.756586578313254,0.0
52.414111378640776,12.756729192771084,0.0009778699167551773
52.414111378640776,12.756871807228917,0.002007062746575184
52.414111378640776,12.757014421686748,0.003033558540371614
52.414111378640776,12.757157036144578,0.0040599409847152605
52.414111378640776,12.75729965060241,0.005079978696700889
52.414111378640776,12.757442265060241,0.006097580497398218
52.414111378640776,12.757584879518072,0.007102011281424147
52.414111378640776,12.757727493975905,0.00810693186136515
52.414111378640776,12.757870108433735,0.0090978047197233
52.414111378640776,12.758012722891566,0.010080355798438443
52.414111378640776,12.758155337349399,0.011052238624933458
52.414111378640776,12.75829795180723,0.012010049271834754
52.414111378640776,12.758440566265062,0.012956892221822109
52.414111378640776,12.758583180722892,0.013886354098758292
52.414111378640776,12.758725795180723,0.0147961930870326
52.414111378640776,12.758868409638556,0.01568741623435688
52.414111378640776,12.759011024096386,0.01656423425520397
52.414111378640776,12.759153638554217,0.01741358744202222
52.414111378640776,12.75929625301205,0.018244725764561716
52.414111378640776,12.75943886746988,0.01905838677566285
52.414111378640776,12.759581481927711,0.019847397406615952
52.414111378640776,12.759724096385543,0.020604389235528257
52.414111378640776,12.759866710843374,0.021339011124423296
52.414111378640776,12.760009325301205,0.022035876064193487
52.414111378640776,12.760151939759037,0.02270778217424693
52.414111378640776,12.760294554216868,0.023352605763120655
52.414111378640776,12.760437168674699,0.02396675427427215
52.414111378640776,12.760579783132531,0.024543351535497027
52.414111378640776,12.760722397590362,0.025092044782295146
52.414111378640776,12.760865012048193,0.025616034546109747
52.414111378640776,12.761007626506025,0.026100081139862015
52.414111378640776,12.761150240963856,0.026550934178803737
52.414111378640776,12.761292855421688,0.026971594063295846
52.414111378640776,12.761435469879519,0.027352477201740985
52.414111378640776,12.76157808433735,0.027696091507418138
52.414111378640776,12.761720698795182,0.028000451270286553
52.414111378640776,12.761863313253013,0.02826624464040692
52.414111378640776,12.762005927710844,0.028497522789814943
52.414111378640776,12.762148542168676,0.028687105676026045
52.414111378640776,12.762291156626507,0.028841830589487128
52.414111378640776,12.762433771084337,0.028961225597490026
52.414111378640776,12.76257638554217,0.029037775456045228
52.414111378640776,12.762719,0.029071226312887034
52.414204116504855,12.750882,0.0
52.414204116504855,12.751024614457831,0.0
52.414204116504855,12.751167228915664,0.0
52.414204116504855,12.751309843373495,0.0
52.414204116504855,12.751452457831325,0.0
52.414204116504855,12.751595072289158,0.0
52.414204116504855,12.751737686746988,0.0
52.414204116504855,12.75188030120482,0.0
52.414204116504855,12.752022915662652,0.0
52.414204116504855,12.752165530120482,0.0
52.414204116504855,12.752308144578313,0.0
52.414204116504855,12.752450759036146,0.0
52.414204116504855,12.752593373493976,0.0
52.414204116504855,12.752735987951809,0.0
52.414204116504855,12.75287860240964,0.0
52.414204116504855,12.75302121686747,0.0
52.414204116504855,12.753163831325303,0.0
52.414204116504855,12.753306445783133,0.0
52.414204116504855,12.753449060240964,0.0
52.414204116504855,12.753591674698797,0.0
52.414204116504855,12.753734289156627,0.0
52.414204116504855,12.753876903614458,0.0
52.414204116504855,12.75401951807229,0.0
52.414204116504855,12.754162132530121,0.0
52.414204116504855,12.754304746987952,0.0
52.414204116504855,12.754447361445784,0.0
52.414204116504855,12.754589975903615,0.0
52.414204116504855,12.754732590361446,0.0
52.414204116504855,12.754875204819278,0.0
52.414204116504855,12.755017819277109,0.0
52.414204116504855,12.75516043373494,0.0
52.414204116504855,12.755303048192772,0.0
52.414204116504855,12.755445662650603,0.0
52.414204116504855,12.755588277108435,0.0
52.414204116504855,12.755730891566266,0.0
52.414204116504855,12.755873506024097,0.0
52.414204116504855,12.75601612048193,0.0
52.414204116504855,12.75615873493976,0.0
52.414204116504855,12.75630134939759,0.0
52.414204116504855,12.756443963855423,0.0
52.414204116504855,12.756586578313254,0.0002540394028045165
52.414204116504855,12.756729192771084,0.001283844068029219
52.414204116504855,12.756871807228917,0.002311530922986896
52.414204116504855,12.757014421686748,0.003336516049513169
52.414204116504855,12.757157036144578,0.004361372969982803
52.414204116504855,12.75729965060241,0.005379895906255986
52.414204116504855,12.757442265060241,0.006396004510068293
52.414204116504855,12.757584879518072,0.0073989553513158415
52.414204116504855,12.757727493975905,0.00840239949794805
52.414204116504855,12.757870108433735,0.009391799146901898
52.414204116504855,12.758012722891566,0.010372889103911582
52.414204116504855,12.758155337349399,0.011343338052321421
52.414204116504855,12.75829795180723,0.012299764552501691
52.414204116504855,12.758440566265062,0.013245195423863414
52.414204116504855,12.758583180722892,0.014173289599132336
52.414204116504855,12.758725795180723,0.015081788629031485
52.414204116504855,12.758868409638556,0.015971699928768738
52.414204116504855,12.759011024096386,0.016847215372956924
52.414204116504855,12.759153638554217,0.017695310402151717
52.414204116504855,12.75929625301205,0.018525207226926133
52.414204116504855,12.75943886746988,0.019337683095520364
52.414204116504855,12.759581481927711,0.020125522782520968
52.414204116504855,12.759724096385543,0.020881376162793917
52.414204116504855,12.759866710843374,0.021614913393217805
52.414204116504855,12.760009325301205,0.02231074951604485
52.414204116504855,12.760151939759037,0.022981683419518804
52.414204116504855,12.760294554216868,0.02362559134496346
52.414204116504855,12.760437168674699,0.024238818382443465
52.414204116504855,12.760579783132531,0.0248145754398556
52.414204116504855,12.760722397590362,0.025362454143612375
52.414204116504855,12.760865012048193,0.02588567451975821
52.414204116504855,12.761007626506025,0.02636899092197258
52.414204116504855,12.761150240963856,0.026819183417224775
52.414204116504855,12.761292855421688,0.027239228433807643
52.414204116504855,12.761435469879519,0.02761953752148036
52.414204116504855,12.76157808433735,0.027962622148645793
52.414204116504855,12.761720698795182,0.028266536398799134
52.414204116504855,12.761863313253013,0.028531933853768184
52.414204116504855,12.762005927710844,0.028762854551106058
52.414204116504855,12.762148542168676,0.028952159043986375
52.414204116504855,12.762291156626507,0.029106637650082822
52.414204116504855,12.762433771084337,0.02922583145732028
52.414204116504855,12.76257638554217,0.029302264017021153
52.414204116504855,12.762719,0.029335652250216546
52.414296854368935,12.750882,0.0
52.414296854368935,12.751024614457831,0.0
52.414296854368935,12.751167228915664,0.0
52.414296854368935,12.751309843373495,0.0
52.414296854368935,12.751452457831325,0.0
52.414296854368935,12.751595072289158,0.0
52.414296854368935,12.751737686746988,0.0
52.414296854368935,12.75188030120482,0.0
52.414296854368935,12.752022915662652,0.0
52.414296854368935,12.752165530120482,0.0
52.414296854368935,12.752308144578313,0.0
52.414296854368935,12.752450759036146,0.0
52.414296854368935,12.752593373493976,0.0
52.414296854368935,12.752735987951809,0.0
52.414296854368935,12.75287860240964,0.0
52.414296854368935,12.75302121686747,0.0
52.414296854368935,12.753163831325303,0.0
52.414296854368935,12.753306445783133,0.0
52.414296854368935,12.753449060240964,0.0
52.414296854368935,12.753591674698797,0.0
52.414296854368935,12.753734289156627,0.0
52.414296854368935,12.753876903614458,0.0
52.414296854368935,12.75401951807229,0.0
52.414296854368935,12.754162132530121,0.0
52.414296854368935,12.754304746987952,0.0
52.414296854368935,12.754447361445784,0.0
52.414296854368935,12.754589975903615,0.0
52.414296854368935,12.754732590361446,0.0
52.414296854368935,12.754875204819278,0.0
52.414296854368935,12.755017819277109,0.0
52.414296854368935,12.75516043373494,0.0
52.414296854368935,12.755303048192772,0.0
52.414296854368935,12.755445662650603,0.0
52.414296854368935,12.755588277108435,0.0
52.414296854368935,12.755730891566266,0.0
52.414296854368935,12.755873506024097,0.0
52.414296854368935,12.75601612048193,0.0
52.414296854368935,12.75615873493976,0.0
52.414296854368935,12.75630134939759,0.0
52.414296854368935,12.756443963855423,0.0
52.414296854368935,12.756586578313254,0.0005909763477089484
52.414296854368935,12.756729192771084,0.0016190745716785015
52.414296854368935,12.756871807228917,0.0026450740941212445
52.414296854368935,12.757014421686748,0.003668366922320584
52.414296854368935,12.757157036144578,0.0046915149630719945
52.414296854368935,12.75729965060241,0.005708340948222146
52.414296854368935,12.757442265060241,0.006722776745564051
52.414296854368935,12.757584879518072,0.007724069364076751
52.414296854368935,12.757727493975905,0.008725858980066309
52.414296854368935,12.757870108433735,0.009713608521389468
52.414296854368935,12.758012722891566,0.010693062214822812
52.414296854368935,12.758155337349399,0.011661904823158348
52.414296854368935,12.75829795180723,0.01261677997902029
52.414296854368935,12.758440566265062,0.013560629943155201
52.414296854368935,12.758583180722892,0.014487192065293189
52.414296854368935,12.758725795180723,0.015394190013042687
52.414296854368935,12.758868409638556,0.016282631707795737
52.414296854368935,12.759011024096386,0.017156688774439332
52.414296854368935,12.759153638554217,0.018003374483525618
52.414296854368935,12.75929625301205,0.018831881079476042
52.414296854368935,12.75943886746988,0.019643029272427847
52.414296854368935,12.759581481927711,0.020429558126177975
52.414296854368935,12.759724096385543,0.021184137366371723
52.414296854368935,12.759866710843374,0.021916460148738555
52.414296854368935,12.760009325301205,0.022611144002914273
52.414296854368935,12.760151939759037,0.023280988674994774
52.414296854368935,12.760294554216868,0.02392386992723194
52.414296854368935,12.760437168674699,0.024536065609500314
52.414296854368935,12.760579783132531,0.025110881068158668
52.414296854368935,12.760722397590362,0.025657847769060056
52.414296854368935,12.760865012048193,0.02618020692676894
52.414296854368935,12.761007626506025,0.02666270609007699
52.414296854368935,12.761150240963856,0.027112158913615625
52.414296854368935,12.761292855421688,0.027531515582930224
52.414296854368935,12.761435469879519,0.027911182321136666
52.414296854368935,12.76157808433735,0.028253674378646374
52.414296854368935,12.761720698795182,0.028557089693439078
52.414296854368935,12.761863313253013,0.02882204417311979
52.414296854368935,12.762005927710844,0.02905256509186533
52.414296854368935,12.762148542168676,0.029241557694205028
52.414296854368935,12.762291156626507,0.029395760982032147
52.414296854368935,12.762433771084337,0.029514730162723855
52.414296854368935,12.76257638554217,0.02959103150739123
52.414296854368935,12.762719,0.029624349849409128
52.41438959223301,12.750882,0.0
52.41438959223301,12.751024614457831,0.0
52.41438959223301,12.751167228915664,0.0
52.41438959223301,12.751309843373495,0.0
52.41438959223301,12.751452457831325,0.0
52.41438959223301,12.751595072289158,0.0
52.41438959223301,12.751737686746988,0.0
52.41438959223301,12.75188030120482,0.0
52.41438959223301,12.752022915662652,0.0
52.41438959223301,12.752165530120482,0.0
52.41438959223301,12.752308144578313,0.0
52.41438959223301,12.752450759036146,0.0
52.41438959223301,12.752593373493976,0.0
52.41438959223301,12.752735987951809,0.0
52.41438959223301,12.75287860240964,0.0
52.41438959223301,12.75302121686747,0.0
52.41438959223301,12.753163831325303,0.0
52.41438959223301,12.753306445783133,0.0
52.41438959223301,12.753449060240964,0.0
52.41438959223301,12.753591674698797,0.0
52.41438959223301,12.753734289156627,0.0
52.41438959223301,12.753876903614458,0.0
52.41438959223301,12.75401951807229,0.0
52.41438959223301,12.754162132530121,0.0
52.41438959223301,12.754304746987952,0.0
52.41438959223301,12.754447361445784,0.0
52.41438959223301,12.754589975903615,0.0
52.41438959223301,12.754732590361446,0.0
52.41438959223301,12.754875204819278,0.0
52.41438959223301,12.755017819277109,0.0
52.41438959223301,12.75516043373494,0.0
52.41438959223301,12.755303048192772,0.0
52.41438959223301,12.755445662650603,0.0
52.41438959223301,12.755588277108435,0.0
52.41438959223301,12.755730891566266,0.0
52.41438959223301,12.755873506024097,0.0
52.41438959223301,12.75601612048193,0.0
52.41438959223301,12.75615873493976,0.0
52.41438959223301,12.75630134939759,0.0
52.41438959223301,12.756443963855423,0.0
52.41438959223301,12.756586578313254,0.0009426565583265413
52.41438959223301,12.756729192771084,0.0019689636088868565
52.41438959223301,12.756871807228917,0.002993192306923652
52.41438959223301,12.757014421686748,0.004014709070909447
52.41438959223301,12.757157036144578,0.005036063453648815
52.41438959223301,12.75729965060241,0.006051108224343505
52.41438959223301,12.757442265060241,0.007063788761394115
52.41438959223301,12.757584879518072,0.00806334141823124
52.41438959223301,12.757727493975905,0.009063395142330228
52.41438959223301,12.757870108433735,0.01004941261944968
52.41438959223301,12.758012722891566,0.011027148668187922
52.41438959223301,12.758155337349399,0.011994305373586145
52.41438959223301,12.75829795180723,0.012947553200098598
52.41438959223301,12.758440566265062,0.013889743112902074
52.41438959223301,12.758583180722892,0.014814697479221066
52.41438959223301,12.758725795180723,0.015720120172931232
52.41438959223301,12.758868409638556,0.016607019462018858
52.41438959223301,12.759011024096386,0.01747954552182477
52.41438959223301,12.759153638554217,0.018324751914483534
52.41438959223301,12.75929625301205,0.01915179889410699
52.41438959223301,12.75943886746988,0.01996155383276523
52.41438959223301,12.759581481927711,0.02074670597017807
52.41438959223301,12.759724096385543,0.021499946793448545
52.41438959223301,12.759866710843374,0.02223099480097191
52.41438959223301,12.760009325301205,0.0229244693402642
52.41438959223301,12.760151939759037,0.023593171295285178
52.41438959223301,12.760294554216868,0.024234976031457557
52.41438959223301,12.760437168674699,0.024846088420777027
52.41438959223301,12.760579783132531,0.02541991622796165
52.41438959223301,12.760722397590362,0.025965925462283723
52.41438959223301,12.760865012048193,0.026487380507776166
52.41438959223301,12.761007626506025,0.02696902180083459
52.41438959223301,12.761150240963856,0.027417697921020542
52.41438959223301,12.761292855421688,0.027836331521344564
52.41438959223301,12.761435469879519,0.028215323632088354
52.41438959223301,12.76157808433735,0.02855719281655668
52.41438959223301,12.761720698795182,0.028860084478894432
52.41438959223301,12.761863313253013,0.029124573718740193
52.41438959223301,12.762005927710844,0.02935467432305279
52.41438959223301,12.762148542168676,0.029543339675461966
52.41438959223301,12.762291156626507,0.029697253177627243
52.41438959223301,12.762433771084337,0.029815986091417945
52.41438959223301,12.76257638554217,0.0298921496702316
52.41438959223301,12.762719,0.02992539442613015
52.41448233009709,12.750882,0.0
52.41448233009709,12.751024614457831,0.0
52.41448233009709,12.751167228915664,0.0
52.41448233009709,12.751309843373495,0.0
52.41448233009709,12.751452457831325,0.0
52.41448233009709,12.751595072289158,0.0
52.41448233009709,12.751737686746988,0.0
52.41448233009709,12.75188030120482,0.0
52.41448233009709,12.752022915662652,0.0
52.41448233009709,12.752165530120482,0.0
52.41448233009709,12.752308144578313,0.0
52.41448233009709,12.752450759036146,0.0
52.41448233009709,12.752593373493976,0.0
52.41448233009709,12.752735987951809,0.0
52.41448233009709,12.75287860240964,0.0
52.41448233009709,12.75302121686747,0.0
52.41448233009709,12.753163831325303,0.0
52.41448233009709,12.753306445783133,0.0
52.41448233009709,12.753449060240964,0.0
52.41448233009709,12.753591674698797,0.0
52.41448233009709,12.753734289156627,0.0
52.41448233009709,12.753876903614458,0.0
52.41448233009709,12.75401951807229,0.0
52.41448233009709,12.754162132530121,0.0
52.41448233009709,12.754304746987952,0.0
52.41448233009709,12.754447361445784,0.0
52.41448233009709,12.754589975903615,0.0
52.41448233009709,12.754732590361446,0.0
52.41448233009709,12.754875204819278,0.0
52.41448233009709,12.755017819277109,0.0
52.41448233009709,12.75516043373494,0.0
52.41448233009709,12.755303048192772,0.0
52.41448233009709,12.755445662650603,0.0
52.41448233009709,12.755588277108435,0.0
52.41448233009709,12.755730891566266,0.0
52.41448233009709,12.755873506024097,0.0
52.41448233009709,12.75601612048193,0.0
52.41448233009709,12.75615873493976,0.0
52.41448233009709,12.75630134939759,0.0
52.41448233009709,12.756443963855423,0.00030319286609113705
52.41448233009709,12.756586578313254,0.0013222451909893143
52.41448233009709,12.756729192771084,0.0023465963792072336
52.41448233009709,12.756871807228917,0.0033688910792817536
52.41448233009709,12.757014421686748,0.004388468079933195
52.41448233009709,12.757157036144578,0.005407863875556739
52.41448233009709,12.75729965060241,0.0064209639651276115
52.41448233009709,12.757442265060241,0.007431727540294824
52.41448233009709,12.757584879518072,0.008429379952592537
52.41448233009709,12.757727493975905,0.00942753807342819
52.41448233009709,12.757870108433735,0.010411664718711047
52.41448233009709,12.758012722891566,0.011387525491410507
52.41448233009709,12.758155337349399,0.012352841706442621
52.41448233009709,12.75829795180723,0.013304312774386862
52.41448233009709,12.758440566265062,0.014244690906565778
52.41448233009709,12.758583180722892,0.015167890255558144
52.41448233009709,12.758725795180723,0.016071593324818084
52.41448233009709,12.758868409638556,0.016956808798746874
52.41448233009709,12.759011024096386,0.017827663970923883
52.41448233009709,12.759153638554217,0.018671255813092848
52.41448233009709,12.75929625301205,0.019496709867191157
52.41448233009709,12.75943886746988,0.020304944180317443
52.41448233009709,12.759581481927711,0.021088594755121134
52.41448233009709,12.759724096385543,0.021840375736806493
52.41448233009709,12.759866710843374,0.022570032860607395
52.41448233009709,12.760009325301205,0.023262187794382286
52.41448233009709,12.760151939759037,0.0239296423538228
52.41448233009709,12.760294554216868,0.024570271694790695
52.41448233009709,12.760437168674699,0.02518020245342962
52.41448233009709,12.760579783132531,0.025752952122401907
52.41448233009709,12.760722397590362,0.026297916990594826
52.41448233009709,12.760865012048193,0.026818385559678866
52.41448233009709,12.761007626506025,0.027299091130745273
52.41448233009709,12.761150240963856,0.027746920101659765
52.41448233009709,12.761292855421688,0.02816476548448108
52.41448233009709,12.761435469879519,0.028543021689071132
52.41448233009709,12.76157808433735,0.028884212123102247
52.41448233009709,12.761720698795182,0.02918653233487302
52.41448233009709,12.761863313253013,0.029450514289868508
52.41448233009709,12.762005927710844,0.02968015697616544
52.41448233009709,12.762148542168676,0.029868465064308194
52.41448233009709,12.762291156626507,0.03002206302832311
52.41448233009709,12.762433771084337,0.03014053876731278
52.41448233009709,12.76257638554217,0.030216552047754724
52.41448233009709,12.762719,0.03024971673330599
52.41457506796117,12.750882,0.0
52.41457506796117,12.751024614457831,0.0
52.41457506796117,12.751167228915664,0.0
52.41457506796117,12.751309843373495,0.0
52.41457506796117,12.751452457831325,0.0
52.41457506796117,12.751595072289158,0.0
52.41457506796117,12.751737686746988,0.0
52.41457506796117,12.75188030120482,0.0
52.41457506796117,12.752022915662652,0.0
52.41457506796117,12.752165530120482,0.0
52.41457506796117,12.752308144578313,0.0
52.41457506796117,12.752450759036146,0.0
52.41457506796117,12.752593373493976,0.0
52.41457506796117,12.752735987951809,0.0
52.41457506796117,12.75287860240964,0.0
52.41457506796117,12.75302121686747,0.0
52.41457506796117,12.753163831325303,0.0
52.41457506796117,12.753306445783133,0.0
52.41457506796117,12.753449060240964,0.0
52.41457506796117,12.753591674698797,0.0
52.41457506796117,12.753734289156627,0.0
52.41457506796117,12.753876903614458,0.0
52.41457506796117,12.75401951807229,0.0
52.41457506796117,12.754162132530121,0.0
52.41457506796117,12.754304746987952,0.0
52.41457506796117,12.754447361445784,0.0
52.41457506796117,12.754589975903615,0.0
52.41457506796117,12.754732590361446,0.0
52.41457506796117,12.754875204819278,0.0
52.41457506796117,12.755017819277109,0.0
52.41457506796117,12.75516043373494,0.0
52.41457506796117,12.755303048192772,0.0
52.41457506796117,12.755445662650603,0.0
52.41457506796117,12.755588277108435,0.0
52.41457506796117,12.755730891566266,0.0
52.41457506796117,12.755873506024097,0.0
52.41457506796117,12.75601612048193,0.0
52.41457506796117,12.75615873493976,0.0
52.41457506796117,12.75630134939759,0.0
52.41457506796117,12.756443963855423,0.0007106498211539129
52.41457506796117,12.756586578313254,0.001727610974506133
52.41457506796117,12.756729192771084,0.0027498472621940192
52.41457506796117,12.756871807228917,0.0037700501470371043
52.41457506796117,12.757014421686748,0.004787529529484049
52.41457506796117,12.757157036144578,0.005804807301856854
52.41457506796117,12.75729965060241,0.00681580421863239
52.41457506796117,12.757442265060241,0.007824494707246494
52.41457506796117,12.757584879518072,0.008820091954034298
52.41457506796117,12.757727493975905,0.009816199642569244
52.41457506796117,12.757870108433735,0.010798281312053619
52.41457506796117,12.758012722891566,0.011772113973225437
52.41457506796117,12.758155337349399,0.012735439663888485
52.41457506796117,12.75829795180723,0.013684988199297213
52.41457506796117,12.758440566265062,0.014623406815942569
52.41457506796117,12.758583180722892,0.015544707985489833
52.41457506796117,12.758725795180723,0.016446550740313336
52.41457506796117,12.758868409638556,0.017329945099629873
52.41457506796117,12.759011024096386,0.018198993285692116
52.41457506796117,12.759153638554217,0.019040838930353722
52.41457506796117,12.75929625301205,0.019864570186336687
52.41457506796117,12.75943886746988,0.020671159395307247
52.41457506796117,12.759581481927711,0.021453185162101
52.41457506796117,12.759724096385543,0.02220338721370709
52.41457506796117,12.759866710843374,0.022931539467858232
52.41457506796117,12.760009325301205,0.023622266461556712
52.41457506796117,12.760151939759037,0.024288371458237246
52.41457506796117,12.760294554216868,0.024927728584743486
52.41457506796117,12.760437168674699,0.02553638149340756
52.41457506796117,12.760579783132531,0.026107964355910396
52.41457506796117,12.760722397590362,0.026651799745493462
52.41457506796117,12.760865012048193,0.02717120102470998
52.41457506796117,12.761007626506025,0.02765089434714701
52.41457506796117,12.761150240963856,0.028097806784642076
52.41457506796117,12.761292855421688,0.028514799471147493
52.41457506796117,12.761435469879519,0.02889225997452662
52.41457506796117,12.76157808433735,0.02923271633976355
52.41457506796117,12.761720698795182,0.029534418326102548
52.41457506796117,12.761863313253013,0.029797851484727987
52.41457506796117,12.762005927710844,0.030026998906911108
52.41457506796117,12.762148542168676,0.03021492048651238
52.41457506796117,12.762291156626507,0.030368177562091436
52.41457506796117,12.762433771084337,0.03048637572191411
52.41457506796117,12.76257638554217,0.030562226285280596
52.41457506796117,12.762719,0.03059530444122131
52.414667805825246,12.750882,0.0
52.414667805825246,12.751024614457831,0.0
52.414667805825246,12.751167228915664,0.0
52.414667805825246,12.751309843373495,0.0
52.414667805825246,12.751452457831325,0.0
52.414667805825246,12.751595072289158,0.0
52.414667805825246,12.751737686746988,0.0
52.414667805825246,12.75188030120482,0.0
52.414667805825246,12.752022915662652,0.0
52.414667805825246,12.752165530120482,0.0
52.414667805825246,12.752308144578313,0.0
52.414667805825246,12.752450759036146,0.0
52.414667805825246,12.752593373493976,0.0
52.414667805825246,12.752735987951809,0.0
52.414667805825246,12.75287860240964,0.0
52.414667805825246,12.75302121686747,0.0
52.414667805825246,12.753163831325303,0.0
52.414667805825246,12.753306445783133,0.0
52.414667805825246,12.753449060240964,0.0
52.414667805825246,12.753591674698797,0.0
52.414667805825246,12.753734289156627,0.0
52.414667805825246,12.753876903614458,0.0
52.414667805825246,12.75401951807229,0.0
52.414667805825246,12.754162132530121,0.0
52.414667805825246,12.754304746987952,0.0
52.414667805825246,12.754447361445784,0.0
52.414667805825246,12.754589975903615,0.0
52.414667805825246,12.754732590361446,0.0
52.414667805825246,12.754875204819278,0.0
52.414667805825246,12.755017819277109,0.0
52.414667805825246,12.75516043373494,0.0
52.414667805825246,12.755303048192772,0.0
52.414667805825246,12.755445662650603,0.0
52.414667805825246,12.755588277108435,0.0
52.414667805825246,12.755730891566266,0.0
52.414667805825246,12.755873506024097,0.0
52.414667805825246,12.75601612048193,0.0
52.414667805825246,12.75615873493976,0.0
52.414667805825246,12.75630134939759,0.00012948674266981264
52.414667805825246,12.756443963855423,0.001136072614788191
52.414667805825246,12.756586578313254,0.002150807382151336
52.414667805825246,12.756729192771084,0.003170792043633936
52.414667805825246,12.756871807228917,0.004188767913252927
52.414667805825246,12.757014421686748,0.005204013800328224
52.414667805825246,12.757157036144578,0.006219036985094023
52.414667805825246,12.75729965060241,0.007227794976297521
52.414667805825246,12.757442265060241,0.008234278552860033
52.414667805825246,12.757584879518072,0.009227688050008582
52.414667805825246,12.757727493975905,0.010221613190317953
52.414667805825246,12.757870108433735,0.011201518117331534
52.414667805825246,12.758012722891566,0.012173191762408692
52.414667805825246,12.758155337349399,0.013134398847148523
52.414667805825246,12.75829795180723,0.014081900997745127
52.414667805825246,12.758440566265062,0.01501823382833804
52.414667805825246,12.758583180722892,0.015937514532130624
52.414667805825246,12.758725795180723,0.0168373770752377
52.414667805825246,12.758868409638556,0.017718833028877487
52.414667805825246,12.759011024096386,0.01858595803067198
52.414667805825246,12.759153638554217,0.019425944773253778
52.414667805825246,12.75929625301205,0.020247842556834622
52.414667805825246,12.75943886746988,0.021052680664643914
52.414667805825246,12.759581481927711,0.021832977339006777
52.414667805825246,12.759724096385543,0.022581498810099434
52.414667805825246,12.759866710843374,0.023308049301574523
52.414667805825246,12.760009325301205,0.023997256323361964
52.414667805825246,12.760151939759037,0.02466192463488937
52.414667805825246,12.760294554216868,0.0252999274276641
52.414667805825246,12.760437168674699,0.025907220292255513
52.414667805825246,12.760579783132531,0.026477561305224894
52.414667805825246,12.760722397590362,0.027020194470784117
52.414667805825246,12.760865012048193,0.027538459950105128
52.414667805825246,12.761007626506025,0.028017076055031273
52.414667805825246,12.761150240963856,0.028463012898779987
52.414667805825246,12.761292855421688,0.0288790977252244
52.414667805825246,12.761435469879519,0.02925571118412433
52.414667805825246,12.76157808433735,0.029595386361083095
52.414667805825246,12.761720698795182,0.029896430390046948
52.414667805825246,12.761863313253013,0.030159279304635515
52.414667805825246,12.762005927710844,0.030387899599683153
52.414667805825246,12.762148542168676,0.030575409911370595
52.414667805825246,12.762291156626507,0.0307283044119939
52.414667805825246,12.762433771084337,0.030846207260017033
52.414667805825246,12.76257638554217,0.03092188464222774
52.414667805825246,12.762719,0.03095487101341482
52.41476054368932,12.750882,0.0
52.41476054368932,12.751024614457831,0.0
52.41476054368932,12.751167228915664,0.0
52.41476054368932,12.751309843373495,0.0
52.41476054368932,12.751452457831325,0.0
52.41476054368932,12.751595072289158,0.0
52.41476054368932,12.751737686746988,0.0
52.41476054368932,12.75188030120482,0.0
52.41476054368932,12.752022915662652,0.0
52.41476054368932,12.752165530120482,0.0
52.41476054368932,12.752308144578313,0.0
52.41476054368932,12.752450759036146,0.0
52.41476054368932,12.752593373493976,0.0
52.41476054368932,12.752735987951809,0.0
52.41476054368932,12.75287860240964,0.0
52.41476054368932,12.75302121686747,0.0
52.41476054368932,12.753163831325303,0.0
52.41476054368932,12.753306445783133,0.0
52.41476054368932,12.753449060240964,0.0
52.41476054368932,12.753591674698797,0.0
52.41476054368932,12.753734289156627,0.0
52.41476054368932,12.753876903614458,0.0
52.41476054368932,12.75401951807229,0.0
52.41476054368932,12.754162132530121,0.0
52.41476054368932,12.754304746987952,0.0
52.41476054368932,12.754447361445784,0.0
52.41476054368932,12.754589975903615,0.0
52.41476054368932,12.754732590361446,0.0
52.41476054368932,12.754875204819278,0.0
52.41476054368932,12.755017819277109,0.0
52.41476054368932,12.75516043373494,0.0
52.41476054368932,12.755303048192772,0.0
52.41476054368932,12.755445662650603,0.0
52.41476054368932,12.755588277108435,0.0
52.41476054368932,12.755730891566266,0.0
52.41476054368932,12.755873506024097,0.0
52.41476054368932,12.75601612048193,0.0
52.41476054368932,12.75615873493976,0.0
52.41476054368932,12.75630134939759,0.0005802950832028766
52.41476054368932,12.756443963855423,0.0015844711139844838
52.41476054368932,12.756586578313254,0.0025968168449027225
52.41476054368932,12.756729192771084,0.0036143857770960155
52.41476054368932,12.756871807228917,0.004629971779582457
52.41476054368932,12.757014421686748,0.005642821266331626
52.41476054368932,12.757157036144578,0.006655425615623288
52.41476054368932,12.75729965060241,0.0076617810970074016
52.41476054368932,12.757442265060241,0.00866589597219105
52.41476054368932,12.757584879518072,0.009656957120026184
52.41476054368932,12.757727493975905,0.010648539885176934
52.41476054368932,12.757870108433735,0.01162610888587056
52.41476054368932,12.758012722891566,0.012595465842666862
52.41476054368932,12.758155337349399,0.013554398949272392
52.41476054368932,12.75829795180723,0.014499704089980053
52.41476054368932,12.758440566265062,0.015433798884707799
52.41476054368932,12.758583180722892,0.016350910767001847
52.41476054368932,12.758725795180723,0.01724864788337407
52.41476054368932,12.758868409638556,0.01812802305589576
52.41476054368932,12.759011024096386,0.018993083942555184
52.41476054368932,12.759153638554217,0.019831075606092388
52.41476054368932,12.75929625301205,0.020651005950215785
52.41476054368932,12.75943886746988,0.021453964565671297
52.41476054368932,12.759581481927711,0.022232405807685117
52.41476054368932,12.759724096385543,0.022979124213282506
52.41476054368932,12.759866710843374,0.023703955552537164
52.41476054368932,12.760009325301205,0.024391530841129806
52.41476054368932,12.760151939759037,0.02505465678109484
52.41476054368932,12.760294554216868,0.02569120519844778
52.41476054368932,12.760437168674699,0.026297038567025106
52.41476054368932,12.760579783132531,0.02686604605455636
52.41476054368932,12.760722397590362,0.027407388716966345
52.41476054368932,12.760865012048193,0.027924435177477544
52.41476054368932,12.761007626506025,0.028401895369899597
52.41476054368932,12.761150240963856,0.028846785241031802
52.41476054368932,12.761292855421688,0.029261895759071375
52.41476054368932,12.761435469879519,0.029637600512503658
52.41476054368932,12.76157808433735,0.029976438058958707
52.41476054368932,12.761720698795182,0.030276775623761094
52.41476054368932,12.761863313253013,0.030538997394358103
52.41476054368932,12.762005927710844,0.030767052279516663
52.41476054368932,12.762148542168676,0.03095412057505814
52.41476054368932,12.762291156626507,0.03110662628636322
52.41476054368932,12.762433771084337,0.031224212694238754
52.41476054368932,12.76257638554217,0.0312997039749386
52.41476054368932,12.762719,0.031332591599722306
52.4148532815534,12.750882,0.0
52.4148532815534,12.751024614457831,0.0
52.4148532815534,12.751167228915664,0.0
52.4148532815534,12.751309843373495,0.0
52.4148532815534,12.751452457831325,0.0
52.4148532815534,12.751595072289158,0.0
52.4148532815534,12.751737686746988,0.0
52.4148532815534,12.75188030120482,0.0
52.4148532815534,12.752022915662652,0.0
52.4148532815534,12.752165530120482,0.0
52.4148532815534,12.752308144578313,0.0
52.4148532815534,12.752450759036146,0.0
52.4148532815534,12.752593373493976,0.0
52.4148532815534,12.752735987951809,0.0
52.4148532815534,12.75287860240964,0.0
52.4148532815534,12.75302121686747,0.0
52.4148532815534,12.753163831325303,0.0
52.4148532815534,12.753306445783133,0.0
52.4148532815534,12.753449060240964,0.0
52.4148532815534,12.753591674698797,0.0
52.4148532815534,12.753734289156627,0.0
52.4148532815534,12.753876903614458,0.0
52.4148532815534,12.75401951807229,0.0
52.4148532815534,12.754162132530121,0.0
52.4148532815534,12.754304746987952,0.0
52.4148532815534,12.754447361445784,0.0
52.4148532815534,12.754589975903615,0.0
52.4148532815534,12.754732590361446,0.0
52.4148532815534,12.754875204819278,0.0
52.4148532815534,12.755017819277109,0.0
52.4148532815534,12.75516043373494,0.0
52.4148532815534,12.755303048192772,0.0
52.4148532815534,12.755445662650603,0.0
52.4148532815534,12.755588277108435,0.0
52.4148532815534,12.755730891566266,0.0
52.4148532815534,12.755873506024097,0.0
52.4148532815534,12.75601612048193,0.0
52.4148532815534,12.75615873493976,5.6152580922894275e-05
52.4148532815534,12.75630134939759,0.001053736199124973
52.4148532815534,12.756443963855423,0.00205528679483246
52.4148532815534,12.756586578313254,0.0030650287074824416
52.4148532815534,12.756729192771084,0.004079965751770828
52.4148532815534,12.756871807228917,0.005092946720617271
52.4148532815534,12.757014421686748,0.0061031843262010915
52.4148532815534,12.757157036144578,0.0071131532801600415
52.4148532815534,12.75729965060241,0.008116891032977256
52.4148532815534,12.757442265060241,0.009118424441437246
52.4148532815534,12.757584879518072,0.01010692601771435
52.4148532815534,12.757727493975905,0.011095955828904658
52.4148532815534,12.757870108433735,0.01207097960321164
52.4148532815534,12.758012722891566,0.013037812126872777
52.4148532815534,12.758155337349399,0.013994266920980948
52.4148532815534,12.75829795180723,0.014937176228568695
52.4148532815534,12.758440566265062,0.015868833138538763
52.4148532815534,12.758583180722892,0.016783581551249798
52.4148532815534,12.758725795180723,0.017679001995047468
52.4148532815534,12.758868409638556,0.018556109153184938
52.4148532815534,12.759011024096386,0.019418921879130996
52.4148532815534,12.759153638554217,0.020254739383903424
52.4148532815534,12.75929625301205,0.02107252650076425
52.4148532815534,12.75943886746988,0.021873436280817445
52.4148532815534,12.759581481927711,0.022649856587186042
52.4148532815534,12.759724096385543,0.023394611050895645
52.4148532815534,12.759866710843374,0.02411756954923098
52.4148532815534,12.760009325301205,0.024803365949510808
52.4148532815534,12.760151939759037,0.025464809587668426
52.4148532815534,12.760294554216868,0.02609977109902227
52.4148532815534,12.760437168674699,0.02670401464863223
52.4148532815534,12.760579783132531,0.02727156767940963
52.4148532815534,12.760722397590362,0.027811504093732092
52.4148532815534,12.760865012048193,0.028327222433708433
52.4148532815534,12.761007626506025,0.02880342394992983
52.4148532815534,12.761150240963856,0.029247172743941764
52.4148532815534,12.761292855421688,0.029661221725200318
52.4148532815534,12.761435469879519,0.03003593698519833
52.4148532815534,12.76157808433735,0.030373863286947717
52.4148532815534,12.761720698795182,0.030673430558395148
52.4148532815534,12.761863313253013,0.03093496920284053
52.4148532815534,12.762005927710844,0.03116240880289501
52.4148532815534,12.762148542168676,0.03134899537311067
52.4148532815534,12.762291156626507,0.03150107808117683
52.4148532815534,12.762433771084337,0.0316183214591946
52.4148532815534,12.76257638554217,0.03169361044468172
52.4148532815534,12.762719,0.031726390767075965
52.41494601941748,12.750882,0.0
52.41494601941748,12.751024614457831,0.0
52.41494601941748,12.751167228915664,0.0
52.41494601941748,12.751309843373495,0.0
52.41494601941748,12.751452457831325,0.0
52.41494601941748,12.751595072289158,0.0
52.41494601941748,12.751737686746988,0.0
52.41494601941748,12.75188030120482,0.0
52.41494601941748,12.752022915662652,0.0
52.41494601941748,12.752165530120482,0.0
52.41494601941748,12.752308144578313,0.0
52.41494601941748,12.752450759036146,0.0
52.41494601941748,12.752593373493976,0.0
52.41494601941748,12.752735987951809,0.0
52.41494601941748,12.75287860240964,0.0
52.41494601941748,12.75302121686747,0.0
52.41494601941748,12.753163831325303,0.0
52.41494601941748,12.753306445783133,0.0
52.41494601941748,12.753449060240964,0.0
52.41494601941748,12.753591674698797,0.0
52.41494601941748,12.753734289156627,0.0
52.41494601941748,12.753876903614458,0.0
52.41494601941748,12.75401951807229,0.0
52.41494601941748,12.754162132530121,0.0
52.41494601941748,12.754304746987952,0.0
52.41494601941748,12.754447361445784,0.0
52.41494601941748,12.754589975903615,0.0
52.41494601941748,12.754732590361446,0.0
52.41494601941748,12.754875204819278,0.0
52.41494601941748,12.755017819277109,0.0
52.41494601941748,12.75516043373494,0.0
52.41494601941748,12.755303048192772,0.0
52.41494601941748,12.755445662650603,0.0
52.41494601941748,12.755588277108435,0.0
52.41494601941748,12.755730891566266,0.0
52.41494601941748,12.755873506024097,0.0
52.41494601941748,12.75601612048193,0.0
52.41494601941748,12.75615873493976,0.0005551378424210806
52.41494601941748,12.75630134939759,0.0015500480072848655
52.41494601941748,12.756443963855423,0.002548847243027952
52.41494601941748,12.756586578313254,0.003555860632969428
52.41494601941748,12.756729192771084,0.004568039674899124
52.41494601941748,12.756871807228917,0.005578290913545705
52.41494601941748,12.757014421686748,0.0065857914144973224
52.41494601941748,12.757157036144578,0.0075929990887311175
52.41494601941748,12.75729965060241,0.008593993709271268
52.41494601941748,12.757442265060241,0.00959282251863294
52.41494601941748,12.757584879518072,0.010578642271891989
52.41494601941748,12.757727493975905,0.011564997434195324
52.41494601941748,12.757870108433735,0.012537354214217086
52.41494601941748,12.758012722891566,0.013501542278699112
52.41494601941748,12.758155337349399,0.014455400673863463
52.41494601941748,12.75829795180723,0.015395800028404866
52.41494601941748,12.758440566265062,0.016324903078428474
52.41494601941748,12.758583180722892,0.01723717566710422
52.41494601941748,12.758725795180723,0.018130169605762393
52.41494601941748,12.758868409638556,0.019004901065737198
52.41494601941748,12.759011024096386,0.019865358725265993
52.41494601941748,12.759153638554217,0.02069889888385292
52.41494601941748,12.75929625301205,0.021514441114874903
52.41494601941748,12.75943886746988,0.022313204871035216
52.41494601941748,12.759581481927711,0.023087508286268467
52.41494601941748,12.759724096385543,0.023830205869785025
52.41494601941748,12.759866710843374,0.02455120287299539
52.41494601941748,12.760009325301205,0.025235136247702277
52.41494601941748,12.760151939759037,0.025894818115576437
52.41494601941748,12.760294554216868,0.02652811764601337
52.41494601941748,12.760437168674699,0.027130696286306454
52.41494601941748,12.760579783132531,0.02769672598036928
52.41494601941748,12.760722397590362,0.028235190237528542
52.41494601941748,12.760865012048193,0.02874951751498802
52.41494601941748,12.761007626506025,0.02922440116226658
52.41494601941748,12.761150240963856,0.029666954704247538
52.41494601941748,12.761292855421688,0.030079892041200474
52.41494601941748,12.761435469879519,0.030453570843625988
52.41494601941748,12.76157808433735,0.03079054280157265
52.41494601941748,12.761720698795182,0.031089303583416127
52.41494601941748,12.761863313253013,0.031350126501670086
52.41494601941748,12.762005927710844,0.03157692212823672
52.41494601941748,12.762148542168676,0.03176300422002104
52.41494601941748,12.762291156626507,0.03191464397510939
52.41494601941748,12.762433771084337,0.03203152770258254
52.41494601941748,12.76257638554217,0.03210660490202341
52.41494601941748,12.762719,0.03213927262659958
52.41503875728156,12.750882,0.0
52.41503875728156,12.751024614457831,0.0
52.41503875728156,12.751167228915664,0.0
52.41503875728156,12.751309843373495,0.0
52.41503875728156,12.751452457831325,0.0
52.41503875728156,12.751595072289158,0.0
52.41503875728156,12.751737686746988,0.0
52.41503875728156,12.75188030120482,0.0
52.41503875728156,12.752022915662652,0.0
52.41503875728156,12.752165530120482,0.0
52.41503875728156,12.752308144578313,0.0
52.41503875728156,12.752450759036146,0.0
52.41503875728156,12.752593373493976,0.0
52.41503875728156,12.752735987951809,0.0
52.41503875728156,12.75287860240964,0.0
52.41503875728156,12.75302121686747,0.0
52.41503875728156,12.753163831325303,0.0
52.41503875728156,12.753306445783133,0.0
52.41503875728156,12.753449060240964,0.0
52.41503875728156,12.753591674698797,0.0
52.41503875728156,12.753734289156627,0.0
52.41503875728156,12.753876903614458,0.0
52.41503875728156,12.75401951807229,0.0
52.41503875728156,12.754162132530121,0.0
52.41503875728156,12.754304746987952,0.0
52.41503875728156,12.754447361445784,0.0
52.41503875728156,12.754589975903615,0.0
52.41503875728156,12.754732590361446,0.0
52.41503875728156,12.754875204819278,0.0
52.41503875728156,12.755017819277109,0.0
52.41503875728156,12.75516043373494,0.0
52.41503875728156,12.755303048192772,0.0
52.41503875728156,12.755445662650603,0.0
52.41503875728156,12.755588277108435,0.0
52.41503875728156,12.755730891566266,0.0
52.41503875728156,12.755873506024097,0.0
52.41503875728156,12.75601612048193,9.253046992165927e-05
52.41503875728156,12.75615873493976,0.0010735290645928833
52.41503875728156,12.75630134939759,0.002065689894262864
52.41503875728156,12.756443963855423,0.003061658756524161
52.41503875728156,12.756586578313254,0.004065865616536095
52.41503875728156,12.756729192771084,0.005075207409794584
52.41503875728156,12.756871807228917,0.006082651209169379
52.41503875728156,12.757014421686748,0.007087336847251224
52.41503875728156,12.757157036144578,0.00809170395710149
52.41503875728156,12.75729965060241,0.009089876955174648
52.41503875728156,12.757442265060241,0.01008592408557325
52.41503875728156,12.757584879518072,0.011068985606412627
52.41503875728156,12.757727493975905,0.012052589757803978
52.41503875728156,12.757870108433735,0.013022203636850225
52.41503875728156,12.758012722891566,0.013983671831957034
52.41503875728156,12.758155337349399,0.014934860178759562
52.41503875728156,12.75829795180723,0.015872679301359025
52.41503875728156,12.758440566265062,0.016799155439331193
52.41503875728156,12.758583180722892,0.017708881993986843
52.41503875728156,12.758725795180723,0.018599380166683464
52.41503875728156,12.758868409638556,0.019471668506645883
52.41503875728156,12.759011024096386,0.020329703943328156
52.41503875728156,12.759153638554217,0.02116090182655788
52.41503875728156,12.75929625301205,0.021974134933961203
52.41503875728156,12.75943886746988,0.022770692125408675
52.41503875728156,12.759581481927711,0.023542818136062793
52.41503875728156,12.759724096385543,0.02428339972309128
52.41503875728156,12.759866710843374,0.02500237930002573
52.41503875728156,12.760009325301205,0.025684397076273624
52.41503875728156,12.760151939759037,0.026342268053336303
52.41503875728156,12.760294554216868,0.0269738593870661
52.41503875728156,12.760437168674699,0.027574725566835278
52.41503875728156,12.760579783132531,0.02813918955185281
52.41503875728156,12.760722397590362,0.028676139900321397
52.41503875728156,12.760865012048193,0.0291890368282315
52.41503875728156,12.761007626506025,0.029662564653198695
52.41503875728156,12.761150240963856,0.03010388962837509
52.41503875728156,12.761292855421688,0.030515683647419467
52.41503875728156,12.761435469879519,0.03088829637357724
52.41503875728156,12.76157808433735,0.031224286195662095
52.41503875728156,12.761720698795182,0.0315222178522081
52.41503875728156,12.761863313253013,0.03178230503831412
52.41503875728156,12.762005927710844,0.03200843779224864
52.41503875728156,12.762148542168676,0.032194001312989745
52.41503875728156,12.762291156626507,0.032345184790123306
52.41503875728156,12.762433771084337,0.03246169819265394
52.41503875728156,12.76257638554217,0.03253655714970224
52.41503875728156,12.762719,0.03256910911862768
52.41513149514563,12.750882,0.0
52.41513149514563,12.751024614457831,0.0
52.41513149514563,12.751167228915664,0.0
52.41513149514563,12.751309843373495,0.0
52.41513149514563,12.751452457831325,0.0
52.41513149514563,12.751595072289158,0.0
52.41513149514563,12.751737686746988,0.0
52.41513149514563,12.75188030120482,0.0
52.41513149514563,12.752022915662652,0.0
52.41513149514563,12.752165530120482,0.0
52.41513149514563,12.752308144578313,0.0
52.41513149514563,12.752450759036146,0.0
52.41513149514563,12.752593373493976,0.0
52.41513149514563,12.752735987951809,0.0
52.41513149514563,12.75287860240964,0.0
52.41513149514563,12.75302121686747,0.0
52.41513149514563,12.753163831325303,0.0
52.41513149514563,12.753306445783133,0.0
52.41513149514563,12.753449060240964,0.0
52.41513149514563,12.753591674698797,0.0
52.41513149514563,12.753734289156627,0.0
52.41513149514563,12.753876903614458,0.0
52.41513149514563,12.75401951807229,0.0
52.41513149514563,12.754162132530121,0.0
52.41513149514563,12.754304746987952,0.0
52.41513149514563,12.754447361445784,0.0
52.41513149514563,12.754589975903615,0.0
52.41513149514563,12.754732590361446,0.0
52.41513149514563,12.754875204819278,0.0
52.41513149514563,12.755017819277109,0.0
52.41513149514563,12.75516043373494,0.0
52.41513149514563,12.755303048192772,0.0
52.41513149514563,12.755445662650603,0.0
52.41513149514563,12.755588277108435,0.0
52.41513149514563,12.755730891566266,0.0
52.41513149514563,12.755873506024097,0.0
52.41513149514563,12.75601612048193,0.0006283148099202624
52.41513149514563,12.75615873493976,0.0016063551783880546
52.41513149514563,12.75630134939759,0.0025955617504256415
52.41513149514563,12.756443963855423,0.0035884915397152994
52.41513149514563,12.756586578313254,0.004589683729247604
52.41513149514563,12.756729192771084,0.005595978415090812
52.41513149514563,12.756871807228917,0.0066004061561805724
52.41513149514563,12.757014421686748,0.007602067926549945
52.41513149514563,12.757157036144578,0.008603384515683429
52.41513149514563,12.75729965060241,0.009598527258101463
52.41513149514563,12.757442265060241,0.01059158630812661
52.41513149514563,12.757584879518072,0.011571684616643235
52.41513149514563,12.757727493975905,0.01255233354162799
52.41513149514563,12.757870108433735,0.013519001393679174
52.41513149514563,12.758012722891566,0.014477548110956754
52.41513149514563,12.758155337349399,0.015425868252615074
52.41513149514563,12.75829795180723,0.016360914266348742
52.41513149514563,12.758440566265062,0.0172845693314934
52.41513149514563,12.758583180722892,0.018191560715164586
52.41513149514563,12.758725795180723,0.019079377764805186
52.41513149514563,12.758868409638556,0.01994904142284846
52.41513149514563,12.759011024096386,0.020804475911429154
52.41513149514563,12.759153638554217,0.02163315823326868
52.41513149514563,12.75929625301205,0.02244391193985107
52.41513149514563,12.75943886746988,0.02323809818005223
52.41513149514563,12.759581481927711,0.0240078862493472
52.41513149514563,12.759724096385543,0.024746195928187963
52.41513149514563,12.759866710843374,0.025463008979089926
52.41513149514563,12.760009325301205,0.026142968964345686
52.41513149514563,12.760151939759037,0.02679889357568632
52.41513149514563,12.760294554216868,0.027428648435140958
52.41513149514563,12.760437168674699,0.02802767614001285
52.41513149514563,12.760579783132531,0.02859045713961038
52.41513149514563,12.760722397590362,0.029125781837198706
52.41513149514563,12.760865012048193,0.029637142464970102
52.41513149514563,12.761007626506025,0.030109214861882123
52.41513149514563,12.761150240963856,0.030549220000329447
52.41513149514563,12.761292855421688,0.03095978576858273
52.41513149514563,12.761435469879519,0.031331254150266274
52.41513149514563,12.76157808433735,0.031666190293535706
52.41513149514563,12.761720698795182,0.03196323121880878
52.41513149514563,12.761863313253013,0.03222252803547117
52.41513149514563,12.762005927710844,0.03244794960356857
52.41513149514563,12.762148542168676,0.03263295580078239
52.41513149514563,12.762291156626507,0.03278365064237508
52.41513149514563,12.762433771084337,0.03289976807161901
52.41513149514563,12.76257638554217,0.03297439289139321
52.41513149514563,12.762719,0.033006820780928856
52.41522423300971,12.750882,0.0
52.41522423300971,12.751024614457831,0.0
52.41522423300971,12.751167228915664,0.0
52.41522423300971,12.751309843373495,0.0
52.41522423300971,12.751452457831325,0.0
52.41522423300971,12.751595072289158,0.0
52.41522423300971,12.751737686746988,0.0
52.41522423300971,12.75188030120482,0.0
52.41522423300971,12.752022915662652,0.0
52.41522423300971,12.752165530120482,0.0
52.41522423300971,12.752308144578313,0.0
52.41522423300971,12.752450759036146,0.0
52.41522423300971,12.752593373493976,0.0
52.41522423300971,12.752735987951809,0.0
52.41522423300971,12.75287860240964,0.0
52.41522423300971,12.75302121686747,0.0
52.41522423300971,12.753163831325303,0.0
52.41522423300971,12.753306445783133,0.0
52.41522423300971,12.753449060240964,0.0
52.41522423300971,12.753591674698797,0.0
52.41522423300971,12.753734289156627,0.0
52.41522423300971,12.753876903614458,0.0
52.41522423300971,12.75401951807229,0.0
52.41522423300971,12.754162132530121,0.0
52.41522423300971,12.754304746987952,0.0
52.41522423300971,12.754447361445784,0.0
52.41522423300971,12.754589975903615,0.0
52.41522423300971,12.754732590361446,0.0
52.41522423300971,12.754875204819278,0.0
52.41522423300971,12.755017819277109,0.0
52.41522423300971,12.75516043373494,0.0
52.41522423300971,12.755303048192772,0.0
52.41522423300971,12.755445662650603,0.0
52.41522423300971,12.755588277108435,0.0
52.41522423300971,12.755730891566266,0.0
52.41522423300971,12.755873506024097,0.00021727603542407402
52.41522423300971,12.75601612048193,0.0011856948009653506
52.41522423300971,12.75615873493976,0.002160703333558843
52.41522423300971,12.75630134939759,0.003146882360080046
52.41522423300971,12.756443963855423,0.004136696320762906
52.41522423300971,12.756586578313254,0.005134799022350183
52.41522423300971,12.756729192771084,0.0061379706154524585
52.41522423300971,12.756871807228917,0.007139307146571304
52.41522423300971,12.757014421686748,0.008137869270953318
52.41522423300971,12.757157036144578,0.009136058760604736
52.41522423300971,12.75729965060241,0.010128095265672815
52.41522423300971,12.757442265060241,0.011118091683097103
52.41522423300971,12.757584879518072,0.012095152956599502
52.41522423300971,12.757727493975905,0.01307277281223244
52.41522423300971,12.757870108433735,0.014036421122654836
52.41522423300971,12.758012722891566,0.014991973420565715
52.41522423300971,12.758155337349399,0.015937354105026166
52.41522423300971,12.75829795180723,0.016869558718827747
52.41522423300971,12.758440566265062,0.01779032191789938
52.41522423300971,12.758583180722892,0.018694510764124157
52.41522423300971,12.758725795180723,0.019579579790418425
52.41522423300971,12.758868409638556,0.020446553594805614
52.41522423300971,12.759011024096386,0.021299321939192834
52.41522423300971,12.759153638554217,0.022125425680694893
52.41522423300971,12.75929625301205,0.022933637943000417
52.41522423300971,12.75943886746988,0.023725394415703597
52.41522423300971,12.759581481927711,0.024492785802104323
52.41522423300971,12.759724096385543,0.025228766467470496
52.41522423300971,12.759866710843374,0.025943359426368717
52.41522423300971,12.760009325301205,0.026621210378706253
52.41522423300971,12.760151939759037,0.02727514105934932
52.41522423300971,12.760294554216868,0.02790301450910957
52.41522423300971,12.760437168674699,0.028500157456842878
52.41522423300971,12.760579783132531,0.029061214388499623
52.41522423300971,12.760722397590362,0.029594873142705706
52.41522423300971,12.760865012048193,0.030104659328395164
52.41522423300971,12.761007626506025,0.03057523992507414
52.41522423300971,12.761150240963856,0.031013892733838713
52.41522423300971,12.761292855421688,0.03142319988901189
52.41522423300971,12.761435469879519,0.03179349536027745
52.41522423300971,12.76157808433735,0.032127350760628594
52.41522423300971,12.761720698795182,0.03242347901354962
52.41522423300971,12.761863313253013,0.032681965785249095
52.41522423300971,12.762005927710844,0.03290665809701886
52.41522423300971,12.762148542168676,0.03309109315672829
52.41522423300971,12.762291156626507,0.03324128655468749
52.41522423300971,12.762433771084337,0.033356997511681634
52.41522423300971,12.76257638554217,0.03343138226414069
52.41522423300971,12.762719,0.03346368280939957
52.41531697087379,12.750882,0.0
52.41531697087379,12.751024614457831,0.0
52.41531697087379,12.751167228915664,0.0
52.41531697087379,12.751309843373495,0.0
52.41531697087379,12.751452457831325,0.0
52.41531697087379,12.751595072289158,0.0
52.41531697087379,12.751737686746988,0.0
52.41531697087379,12.75188030120482,0.0
52.41531697087379,12.752022915662652,0.0
52.41531697087379,12.752165530120482,0.0
52.41531697087379,12.752308144578313,0.0
52.41531697087379,12.752450759036146,0.0
52.41531697087379,12.752593373493976,0.0
52.41531697087379,12.752735987951809,0.0
52.41531697087379,12.75287860240964,0.0
52.41531697087379,12.75302121686747,0.0
52.41531697087379,12.753163831325303,0.0
52.41531697087379,12.753306445783133,0.0
52.41531697087379,12.753449060240964,0.0
52.41531697087379,12.753591674698797,0.0
52.41531697087379,12.753734289156627,0.0
52.41531697087379,12.753876903614458,0.0
52.41531697087379,12.75401951807229,0.0
52.41531697087379,12.754162132530121,0.0
52.41531697087379,12.754304746987952,0.0
52.41531697087379,12.754447361445784,0.0
52.41531697087379,12.754589975903615,0.0
52.41531697087379,12.754732590361446,0.0
52.41531697087379,12.754875204819278,0.0
52.41531697087379,12.755017819277109,0.0
52.41531697087379,12.75516043373494,0.0
52.41531697087379,12.755303048192772,0.0
52.41531697087379,12.755445662650603,0.0
52.41531697087379,12.755588277108435,0.0
52.41531697087379,12.755730891566266,0.0
52.41531697087379,12.755873506024097,0.0007961705563212856
52.41531697087379,12.75601612048193,0.0017612761042979617
52.41531697087379,12.75615873493976,0.002732938469964248
52.41531697087379,12.75630134939759,0.0037157745450029853
52.41531697087379,12.756443963855423,0.0047021534986955195
52.41531697087379,12.756586578313254,0.005696847376789254
52.41531697087379,12.756729192771084,0.006696575178268401
52.41531697087379,12.756871807228917,0.007694500871703436
52.41531697087379,12.757014421686748,0.0086896439305761
52.41531697087379,12.757157036144578,0.009684386015331482
52.41531697087379,12.75729965060241,0.010672997480287015
52.41531697087379,12.757442265060241,0.011659615302514019
52.41531697087379,12.757584879518072,0.012633325931179863
52.41531697087379,12.757727493975905,0.013607605101477023
52.41531697087379,12.757870108433735,0.014567923982928721
52.41531697087379,12.758012722891566,0.015520175249148274
52.41531697087379,12.758155337349399,0.016462314251912382
52.41531697087379,12.75829795180723,0.017391381916380278
52.41531697087379,12.758440566265062,0.018308958707880463
52.41531697087379,12.758583180722892,0.01921005660281009
52.41531697087379,12.758725795180723,0.020092095057710372
52.41531697087379,12.758868409638556,0.02095610231318621
52.41531697087379,12.759011024096386,0.021805932908839306
52.41531697087379,12.759153638554217,0.022629194066180126
52.41531697087379,12.75929625301205,0.02343460626164311
52.41531697087379,12.75943886746988,0.024223683382027832
52.41531697087379,12.759581481927711,0.024988434317335752
52.41531697087379,12.759724096385543,0.025721850394349023
52.41531697087379,12.759866710843374,0.02643399651739561
52.41531697087379,12.760009325301205,0.02710952183662988
52.41531697087379,12.760151939759037,0.02776125133822845
52.41531697087379,12.760294554216868,0.028387046453097982
52.41531697087379,12.760437168674699,0.028982113832981066
52.41531697087379,12.760579783132531,0.029541267943286254
52.41531697087379,12.760722397590362,0.0300730909854052
52.41531697087379,12.760865012048193,0.030581142218007406
52.41531697087379,12.761007626506025,0.031050080706414313
52.41531697087379,12.761150240963856,0.031487242649040785
52.41531697087379,12.761292855421688,0.03189516305547491
52.41531697087379,12.761435469879519,0.03226416736799655
52.41531697087379,12.76157808433735,0.032596835096728075
52.41531697087379,12.761720698795182,0.03289195667394374
52.41531697087379,12.761863313253013,0.03314955110118031
52.41531697087379,12.762005927710844,0.03337344163272353
52.41531697087379,12.762148542168676,0.03355724669756001
52.41531697087379,12.762291156626507,0.033706889727774164
52.41531697087379,12.762433771084337,0.033822156288749704
52.41531697087379,12.76257638554217,0.03389627646353264
52.41531697087379,12.762719,0.0339284374759926
52.41540970873786,12.750882,0.0
52.41540970873786,12.751024614457831,0.0
52.41540970873786,12.751167228915664,0.0
52.41540970873786,12.751309843373495,0.0
52.41540970873786,12.751452457831325,0.0
52.41540970873786,12.751595072289158,0.0
52.41540970873786,12.751737686746988,0.0
52.41540970873786,12.75188030120482,0.0
52.41540970873786,12.752022915662652,0.0
52.41540970873786,12.752165530120482,0.0
52.41540970873786,12.752308144578313,0.0
52.41540970873786,12.752450759036146,0.0
52.41540970873786,12.752593373493976,0.0
52.41540970873786,12.752735987951809,0.0
52.41540970873786,12.75287860240964,0.0
52.41540970873786,12.75302121686747,0.0
52.41540970873786,12.753163831325303,0.0
52.41540970873786,12.753306445783133,0.0
52.41540970873786,12.753449060240964,0.0
52.41540970873786,12.753591674698797,0.0
52.41540970873786,12.753734289156627,0.0
52.41540970873786,12.753876903614458,0.0
52.41540970873786,12.75401951807229,0.0
52.41540970873786,12.754162132530121,0.0
52.41540970873786,12.754304746987952,0.0
52.41540970873786,12.754447361445784,0.0
52.41540970873786,12.754589975903615,0.0
52.41540970873786,12.754732590361446,0.0
52.41540970873786,12.754875204819278,0.0
52.41540970873786,12.755017819277109,0.0
52.41540970873786,12.75516043373494,0.0
52.41540970873786,12.755303048192772,0.0
52.41540970873786,12.755445662650603,0.0
52.41540970873786,12.755588277108435,0.0
52.41540970873786,12.755730891566266,0.00042295589026981537
52.41540970873786,12.755873506024097,0.0013818348891324458
52.41540970873786,12.75601612048193,0.002343544744508168
52.41540970873786,12.75615873493976,0.003311778028580954
52.41540970873786,12.75630134939759,0.00429118861410881
52.41540970873786,12.756443963855423,0.005274046364001467
52.41540970873786,12.756586578313254,0.006265246191365686
52.41540970873786,12.756729192771084,0.007261444046466847
52.41540970873786,12.756871807228917,0.008255873968793103
52.41540970873786,12.757014421686748,0.009247512348977204
52.41540970873786,12.757157036144578,0.01023872078259945
52.41540970873786,12.75729965060241,0.01122382142939301
52.41540970873786,12.757442265060241,0.012206976207292275
52.41540970873786,12.757584879518072,0.013177252722552971
52.41540970873786,12.757727493975905,0.014148107583587782
52.41540970873786,12.757870108433735,0.015105013910946066
52.41540970873786,12.758012722891566,0.016053881611516416
52.41540970873786,12.758155337349399,0.016992698047046697
52.41540970873786,12.75829795180723,0.017918551330805044
52.41540970873786,12.758440566265062,0.018832861855421736
52.41540970873786,12.758583180722892,0.019730792130433328
52.41540970873786,12.758725795180723,0.020609724463129947
52.41540970873786,12.758868409638556,0.02147069127622639
52.41540970873786,12.759011024096386,0.02231751049654135
52.41540970873786,12.759153638554217,0.023137857867333425
52.41540970873786,12.75929625301205,0.02394040019460608
52.41540970873786,12.75943886746988,0.024726730975634145
52.41540970873786,12.759581481927711,0.02548877554481213
52.41540970873786,12.759724096385543,0.026219562536043003
52.41540970873786,12.759866710843374,0.026929200584428527
52.41540970873786,12.760009325301205,0.027602342346285173
52.41540970873786,12.760151939759037,0.028251816866927838
52.41540970873786,12.760294554216868,0.028875483125091785
52.41540970873786,12.760437168674699,0.02946842288136607
52.41540970873786,12.760579783132531,0.030025627244572584
52.41540970873786,12.760722397590362,0.030555568823073073
52.41540970873786,12.760865012048193,0.03106184148226504
52.41540970873786,12.761007626506025,0.031529096539436974
52.41540970873786,12.761150240963856,0.03196473064581155
52.41540970873786,12.761292855421688,0.032371229701202556
52.41540970873786,12.761435469879519,0.032738910530251
52.41540970873786,12.76157808433735,0.03307036052737246
52.41540970873786,12.761720698795182,0.03336445048014408
52.41540970873786,12.761863313253013,0.03362113009087642
52.41540970873786,12.762005927710844,0.03384419860575799
52.41540970873786,12.762148542168676,0.03402735806150553
52.41540970873786,12.762291156626507,0.03417643695999987
52.41540970873786,12.762433771084337,0.03429124719143273
52.41540970873786,12.76257638554217,0.034365096344924725
52.41540970873786,12.762719,0.03439711390879917
52.41550244660194,12.750882,0.0
52.41550244660194,12.751024614457831,0.0
52.41550244660194,12.751167228915664,0.0
52.41550244660194,12.751309843373495,0.0
52.41550244660194,12.751452457831325,0.0
52.41550244660194,12.751595072289158,0.0
52.41550244660194,12.751737686746988,0.0
52.41550244660194,12.75188030120482,0.0
52.41550244660194,12.752022915662652,0.0
52.41550244660194,12.752165530120482,0.0
52.41550244660194,12.752308144578313,0.0
52.41550244660194,12.752450759036146,0.0
52.41550244660194,12.752593373493976,0.0
52.41550244660194,12.752735987951809,0.0
52.41550244660194,12.75287860240964,0.0
52.41550244660194,12.75302121686747,0.0
52.41550244660194,12.753163831325303,0.0
52.41550244660194,12.753306445783133,0.0
52.41550244660194,12.753449060240964,0.0
52.41550244660194,12.753591674698797,0.0
52.41550244660194,12.753734289156627,0.0
52.41550244660194,12.753876903614458,0.0
52.41550244660194,12.75401951807229,0.0
52.41550244660194,12.754162132530121,0.0
52.41550244660194,12.754304746987952,0.0
52.41550244660194,12.754447361445784,0.0
52.41550244660194,12.754589975903615,0.0
52.41550244660194,12.754732590361446,0.0
52.41550244660194,12.754875204819278,0.0
52.41550244660194,12.755017819277109,0.0
52.41550244660194,12.75516043373494,0.0
52.41550244660194,12.755303048192772,0.0
52.41550244660194,12.755445662650603,0.0
52.41550244660194,12.755588277108435,8.168820529706007e-05
52.41550244660194,12.755730891566266,0.0010199462334930052
52.41550244660194,12.755873506024097,0.0019753478762861284
52.41550244660194,12.75601612048193,0.002933569725846191
52.41550244660194,12.75615873493976,0.0038982806557595166
52.41550244660194,12.75630134939759,0.004874172361092652
52.41550244660194,12.756443963855423,0.0058534127943672565
52.41550244660194,12.756586578313254,0.0068410232407340905
52.41550244660194,12.756729192771084,0.007833594585471552
52.41550244660194,12.756871807228917,0.008824433093220542
52.41550244660194,12.757014421686748,0.009812471164174049
52.41550244660194,12.757157036144578,0.010800049016807891
52.41550244660194,12.75729965060241,0.01178154256935066
52.41550244660194,12.757442265060241,0.012761140054801515
52.41550244660194,12.757584879518072,0.01372788883412919
52.41550244660194,12.757727493975905,0.014695225549758823
52.41550244660194,12.757870108433735,0.015648625783341877
52.41550244660194,12.758012722891566,0.016594017053858268
52.41550244660194,12.758155337349399,0.017529419949201454
52.41550244660194,12.75829795180723,0.01845197119886495
52.41550244660194,12.758440566265062,0.01936292565207655
52.41550244660194,12.758583180722892,0.020257601326687434
52.41550244660194,12.758725795180723,0.021133342058533615
52.41550244660194,12.758868409638556,0.021991185305880435
52.41550244660194,12.759011024096386,0.02283491063532827
52.41550244660194,12.759153638554217,0.02365226453585236
52.41550244660194,12.75929625301205,0.024451858206625737
52.41550244660194,12.75943886746988,0.025235367491545726
52.41550244660194,12.759581481927711,0.025994631206011656
52.41550244660194,12.759724096385543,0.026722716543667882
52.41550244660194,12.759866710843374,0.027429777620865174
52.41550244660194,12.760009325301205,0.02810047051135356
52.41550244660194,12.760151939759037,0.02874762830427846
52.41550244660194,12.760294554216868,0.02936910717603683
52.41550244660194,12.760437168674699,0.029959860985735897
52.41550244660194,12.760579783132531,0.030515062089382643
52.41550244660194,12.760722397590362,0.03104307080980812
52.41550244660194,12.760865012048193,0.031547516184650244
52.41550244660194,12.761007626506025,0.03201304136165733
52.41550244660194,12.761150240963856,0.03244710560654918
52.41550244660194,12.761292855421688,0.03285214430326894
52.41550244660194,12.761435469879519,0.033218465152858
52.41550244660194,12.76157808433735,0.03354866392535348
52.41550244660194,12.761720698795182,0.033841694232993096
52.41550244660194,12.761863313253013,0.0340974342969202
52.41550244660194,12.762005927710844,0.0343196580618818
52.41550244660194,12.762148542168676,0.03450215436393721
52.41550244660194,12.762291156626507,0.03465065301341558
52.41550244660194,12.762433771084337,0.034764994477289896
52.41550244660194,12.76257638554217,0.03483856499410747
52.41550244660194,12.762719,0.03487043527281065
52.41559518446602,12.750882,0.0
52.41559518446602,12.751024614457831,0.0
52.41559518446602,12.751167228915664,0.0
52.41559518446602,12.751309843373495,0.0
52.41559518446602,12.751452457831325,0.0
52.41559518446602,12.751595072289158,0.0
52.41559518446602,12.751737686746988,0.0
52.41559518446602,12.75188030120482,0.0
52.41559518446602,12.752022915662652,0.0
52.41559518446602,12.752165530120482,0.0
52.41559518446602,12.752308144578313,0.0
52.41559518446602,12.752450759036146,0.0
52.41559518446602,12.752593373493976,0.0
52.41559518446602,12.752735987951809,0.0
52.41559518446602,12.75287860240964,0.0
52.41559518446602,12.75302121686747,0.0
52.41559518446602,12.753163831325303,0.0
52.41559518446602,12.753306445783133,0.0
52.41559518446602,12.753449060240964,0.0
52.41559518446602,12.753591674698797,0.0
52.41559518446602,12.753734289156627,0.0
52.41559518446602,12.753876903614458,0.0
52.41559518446602,12.75401951807229,0.0
52.41559518446602,12.754162132530121,0.0
52.41559518446602,12.754304746987952,0.0
52.41559518446602,12.754447361445784,0.0
52.41559518446602,12.754589975903615,0.0
52.41559518446602,12.754732590361446,0.0
52.41559518446602,12.754875204819278,0.0
52.41559518446602,12.755017819277109,0.0
52.41559518446602,12.75516043373494,0.0
52.41559518446602,12.755303048192772,0.0
52.41559518446602,12.755445662650603,0.0
52.41559518446602,12.755588277108435,0.0007024292013282198
52.41559518446602,12.755730891566266,0.0016371234077618545
52.41559518446602,12.755873506024097,0.002588862192398362
52.41559518446602,12.75601612048193,0.003543409376075021
52.41559518446602,12.75615873493976,0.004504409888542418
52.41559518446602,12.75630134939759,0.005476594190255452
52.41559518446602,12.756443963855423,0.006452025381357343
52.41559518446602,12.756586578313254,0.00743585526317005
52.41559518446602,12.756729192771084,0.00842460777553132
52.41559518446602,12.756871807228917,0.009411663545388867
52.41559518446602,12.757014421686748,0.01039591002745632
52.41559518446602,12.757157036144578,0.01137966483944665
52.41559518446602,12.75729965060241,0.012357360036583609
52.41559518446602,12.757442265060241,0.013333211196436896
52.41559518446602,12.757584879518072,0.014296244273085484
52.41559518446602,12.757727493975905,0.0152598759756234
52.41559518446602,12.757870108433735,0.01620958433872638
52.41559518446602,12.758012722891566,0.01715131538573922
52.41559518446602,12.758155337349399,0.018083123787803333
52.41559518446602,12.75829795180723,0.019002196821565162
52.41559518446602,12.758440566265062,0.01990961849525763
52.41559518446602,12.758583180722892,0.020800867386915268
52.41559518446602,12.758725795180723,0.02167324754236824
52.41559518446602,12.758868409638556,0.022527801320452297
52.41559518446602,12.759011024096386,0.023368270139464485
52.41559518446602,12.759153638554217,0.02418247233068215
52.41559518446602,12.75929625301205,0.024978961929758577
52.41559518446602,12.75943886746988,0.02575950054410729
52.41559518446602,12.759581481927711,0.02651583725250862
52.41559518446602,12.759724096385543,0.027241079367190158
52.41559518446602,12.759866710843374,0.02794542796770609
52.41559518446602,12.760009325301205,0.02861354220721471
52.41559518446602,12.760151939759037,0.029258260196043776
52.41559518446602,12.760294554216868,0.02987743508735207
52.41559518446602,12.760437168674699,0.03046588845779891
52.41559518446602,12.760579783132531,0.03101897998801249
52.41559518446602,12.760722397590362,0.031544954290782815
52.41559518446602,12.760865012048193,0.03204747651498546
52.41559518446602,12.761007626506025,0.03251118151657904
52.41559518446602,12.761150240963856,0.032943593491648215
52.41559518446602,12.761292855421688,0.03334709495483244
52.41559518446602,12.761435469879519,0.03371198490121019
52.41559518446602,12.76157808433735,0.03404086704930717
52.41559518446602,12.761720698795182,0.034332781571887114
52.41559518446602,12.761863313253013,0.03458753256051406
52.41559518446602,12.762005927710844,0.0348088679295279
52.41559518446602,12.762148542168676,0.034990665927098166
52.41559518446602,12.762291156626507,0.03513855480576686
52.41559518446602,12.762433771084337,0.035252404261130424
52.41559518446602,12.76257638554217,0.035325681414254094
52.41559518446602,12.762719,0.0353573967504668
52.4156879223301,12.750882,0.0
52.4156879223301,12.751024614457831,0.0
52.4156879223301,12.751167228915664,0.0
52.4156879223301,12.751309843373495,0.0
52.4156879223301,12.751452457831325,0.0
52.4156879223301,12.751595072289158,0.0
52.4156879223301,12.751737686746988,0.0
52.4156879223301,12.75188030120482,0.0
52.4156879223301,12.752022915662652,0.0
52.4156879223301,12.752165530120482,0.0
52.4156879223301,12.752308144578313,0.0
52.4156879223301,12.752450759036146,0.0
52.4156879223301,12.752593373493976,0.0
52.4156879223301,12.752735987951809,0.0
52.4156879223301,12.75287860240964,0.0
52.4156879223301,12.75302121686747,0.0
52.4156879223301,12.753163831325303,0.0
52.4156879223301,12.753306445783133,0.0
52.4156879223301,12.753449060240964,0.0
52.4156879223301,12.753591674698797,0.0
52.4156879223301,12.753734289156627,0.0
52.4156879223301,12.753876903614458,0.0
52.4156879223301,12.75401951807229,0.0
52.4156879223301,12.754162132530121,0.0
52.4156879223301,12.754304746987952,0.0
52.4156879223301,12.754447361445784,0.0
52.4156879223301,12.754589975903615,0.0
52.4156879223301,12.754732590361446,0.0
52.4156879223301,12.754875204819278,0.0
52.4156879223301,12.755017819277109,0.0
52.4156879223301,12.75516043373494,0.0
52.4156879223301,12.755303048192772,0.0
52.4156879223301,12.755445662650603,0.0004097735291297075
52.4156879223301,12.755588277108435,0.0013342590319986298
52.4156879223301,12.755730891566266,0.002265182830175183
52.4156879223301,12.755873506024097,0.0032130480774946587
52.4156879223301,12.75601612048193,0.004163708568898659
52.4156879223301,12.75615873493976,0.005120784939997848
52.4156879223301,12.75630134939759,0.006089047690472131
52.4156879223301,12.756443963855423,0.007060452119551419
52.4156879223301,12.756586578313254,0.008040283969733119
52.4156879223301,12.756729192771084,0.009024998962620882
52.4156879223301,12.756871807228917,0.010008054083579843
52.4156879223301,12.757014421686748,0.010988290923433282
52.4156879223301,12.757157036144578,0.011968004323345174
52.4156879223301,12.75729965060241,0.012941684006134156
52.4156879223301,12.757442265060241,0.013913573402692713
52.4156879223301,12.757584879518072,0.014872677049082964
52.4156879223301,12.757727493975905,0.0158323912430721
52.4156879223301,12.757870108433735,0.016778196479169297
52.4156879223301,12.758012722891566,0.01771605797987917
52.4156879223301,12.758155337349399,0.018644065937900186
52.4156879223301,12.75829795180723,0.019559459886352507
52.4156879223301,12.758440566265062,0.02046314732562459
52.4156879223301,12.758583180722892,0.021350773022029985
52.4156879223301,12.758725795180723,0.02221959979702358
52.4156879223301,12.758868409638556,0.02307067561771626
52.4156879223301,12.759011024096386,0.02390770231886276
52.4156879223301,12.759153638554217,0.02471857261271358
52.4156879223301,12.75929625301205,0.02551178167042252
52.4156879223301,12.75943886746988,0.02628917928671049
52.4156879223301,12.759581481927711,0.02704242245239335
52.4156879223301,12.759724096385543,0.02776466001918728
52.4156879223301,12.759866710843374,0.028466141290654348
52.4156879223301,12.760009325301205,0.029131528867616392
52.4156879223301,12.760151939759037,0.029773666154471266
52.4156879223301,12.760294554216868,0.03039040323497861
52.4156879223301,12.760437168674699,0.0309764252138272
52.4156879223301,12.760579783132531,0.03152728551271963
52.4156879223301,12.760722397590362,0.032051109499261474
52.4156879223301,12.760865012048193,0.03255159896015311
52.4156879223301,12.761007626506025,0.03301338106902347
52.4156879223301,12.761150240963856,0.033444046169347263
52.4156879223301,12.761292855421688,0.03384592289178621
52.4156879223301,12.761435469879519,0.034209301201769925
52.4156879223301,12.76157808433735,0.03453679356638336
52.4156879223301,12.761720698795182,0.03482752838168489
52.4156879223301,12.761863313253013,0.03508123384042118
52.4156879223301,12.762005927710844,0.035301631206407086
52.4156879223301,12.762148542168676,0.035482690646981396
52.4156879223301,12.762291156626507,0.03562993592851926
52.4156879223301,12.762433771084337,0.03574326713483272
52.4156879223301,12.76257638554217,0.03581623452189964
52.4156879223301,12.762719,0.03584778647687346
52.41578066019417,12.750882,0.0
52.41578066019417,12.751024614457831,0.0
52.41578066019417,12.751167228915664,0.0
52.41578066019417,12.751309843373495,0.0
52.41578066019417,12.751452457831325,0.0
52.41578066019417,12.751595072289158,0.0
52.41578066019417,12.751737686746988,0.0
52.41578066019417,12.75188030120482,0.0
52.41578066019417,12.752022915662652,0.0
52.41578066019417,12.752165530120482,0.0
52.41578066019417,12.752308144578313,0.0
52.41578066019417,12.752450759036146,0.0
52.41578066019417,12.752593373493976,0.0
52.41578066019417,12.752735987951809,0.0
52.41578066019417,12.75287860240964,0.0
52.41578066019417,12.75302121686747,0.0
52.41578066019417,12.753163831325303,0.0
52.41578066019417,12.753306445783133,0.0
52.41578066019417,12.753449060240964,0.0
52.41578066019417,12.753591674698797,0.0
52.41578066019417,12.753734289156627,0.0
52.41578066019417,12.753876903614458,0.0
52.41578066019417,12.75401951807229,0.0
52.41578066019417,12.754162132530121,0.0
52.41578066019417,12.754304746987952,0.0
52.41578066019417,12.754447361445784,0.0
52.41578066019417,12.754589975903615,0.0
52.41578066019417,12.754732590361446,0.0
52.41578066019417,12.754875204819278,0.0
52.41578066019417,12.755017819277109,0.0
52.41578066019417,12.75516043373494,0.0
52.41578066019417,12.755303048192772,0.00015715991337427251
52.41578066019417,12.755445662650603,0.001059785860573632
52.41578066019417,12.755588277108435,0.0019803564168697405
52.41578066019417,12.755730891566266,0.0029074055554547343
52.41578066019417,12.755873506024097,0.0038512903001987992
52.41578066019417,12.75601612048193,0.004797956405865077
52.41578066019417,12.75615873493976,0.005751000267295155
52.41578066019417,12.75630134939759,0.006715233270205113
52.41578066019417,12.756443963855423,0.007682499397334858
52.41578066019417,12.756586578313254,0.00865822246229327
52.41578066019417,12.756729192771084,0.009638788386378633
52.41578066019417,12.756871807228917,0.010617731825069766
52.41578066019417,12.757014421686748,0.011593847750949956
52.41578066019417,12.757157036144578,0.012569407592321873
52.41578066019417,12.75729965060241,0.013538960118865039
52.41578066019417,12.757442265060241,0.01450677792199337
52.41578066019417,12.757584879518072,0.015461842933496554
52.41578066019417,12.757727493975905,0.016417530560613652
52.41578066019417,12.757870108433735,0.017359324207873825
52.41578066019417,12.758012722891566,0.018293208539191724
52.41578066019417,12.758155337349399,0.01921731011534839
52.41578066019417,12.75829795180723,0.020128922849808314
52.41578066019417,12.758440566265062,0.021028771919976236
52.41578066019417,12.758583180722892,0.02191267353068237
52.41578066019417,12.758725795180723,0.022777847608449885
52.41578066019417,12.758868409638556,0.023625348369566326
52.41578066019417,12.759011024096386,0.024458836847972894
52.41578066019417,12.759153638554217,0.02526628217673145
52.41578066019417,12.75929625301205,0.026056119058467934
52.41578066019417,12.75943886746988,0.026830287562312913
52.41578066019417,12.759581481927711,0.027580350625317843
52.41578066019417,12.759724096385543,0.028299499847380907
52.41578066019417,12.759866710843374,0.028998033603184686
52.41578066019417,12.760009325301205,0.029660618201537304
52.41578066019417,12.760151939759037,0.030300102999648484
52.41578066019417,12.760294554216868,0.030914333962685378
52.41578066019417,12.760437168674699,0.03149785679770307
52.41578066019417,12.760579783132531,0.03204642286614698
52.41578066019417,12.760722397590362,0.03256803668327379
52.41578066019417,12.760865012048193,0.03306643629494097
52.41578066019417,12.761007626506025,0.03352624135066446
52.41578066019417,12.761150240963856,0.03395511074530881
52.41578066019417,12.761292855421688,0.034355317350927485
52.41578066019417,12.761435469879519,0.03471714137668176
52.41578066019417,12.76157808433735,0.03504320517890657
52.41578066019417,12.761720698795182,0.03533272723533039
52.41578066019417,12.761863313253013,0.035585357960085606
52.41578066019417,12.762005927710844,0.035804791166894126
52.41578066019417,12.762148542168676,0.03598509141639192
52.41578066019417,12.762291156626507,0.036131675091050766
52.41578066019417,12.762433771084337,0.03624447345367246
52.41578066019417,12.76257638554217,0.03631712223658154
52.41578066019417,12.762719,0.03634850621456289
52.41587339805825,12.750882,0.0
52.41587339805825,12.751024614457831,0.0
52.41587339805825,12.751167228915664,0.0
52.41587339805825,12.751309843373495,0.0
52.41587339805825,12.751452457831325,0.0
52.41587339805825,12.751595072289158,0.0
52.41587339805825,12.751737686746988,0.0
52.41587339805825,12.75188030120482,0.0
52.41587339805825,12.752022915662652,0.0
52.41587339805825,12.752165530120482,0.0
52.41587339805825,12.752308144578313,0.0
52.41587339805825,12.752450759036146,0.0
52.41587339805825,12.752593373493976,0.0
52.41587339805825,12.752735987951809,0.0
52.41587339805825,12.75287860240964,0.0
52.41587339805825,12.75302121686747,0.0
52.41587339805825,12.753163831325303,0.0
52.41587339805825,12.753306445783133,0.0
52.41587339805825,12.753449060240964,0.0
52.41587339805825,12.753591674698797,0.0
52.41587339805825,12.753734289156627,0.0
52.41587339805825,12.753876903614458,0.0
52.41587339805825,12.75401951807229,0.0
52.41587339805825,12.754162132530121,0.0
52.41587339805825,12.754304746987952,0.0
52.41587339805825,12.754447361445784,0.0
52.41587339805825,12.754589975903615,0.0
52.41587339805825,12.754732590361446,0.0
52.41587339805825,12.754875204819278,0.0
52.41587339805825,12.755017819277109,0.0
52.41587339805825,12.75516043373494,0.0
52.41587339805825,12.755303048192772,0.0008258919535131743
52.41587339805825,12.755445662650603,0.0017244640208056907
52.41587339805825,12.755588277108435,0.002640936644489986
52.41587339805825,12.755730891566266,0.0035639283516951566
52.41587339805825,12.755873506024097,0.0045036459623795455
52.41587339805825,12.75601612048193,0.005446130016239683
52.41587339805825,12.75615873493976,0.006394951902871349
52.41587339805825,12.75630134939759,0.00735496495749087
52.41587339805825,12.756443963855423,0.00831789979693009
52.41587339805825,12.756586578313254,0.009289321741823217
52.41587339805825,12.756729192771084,0.01026554497323016
52.41587339805825,12.756871807228917,0.011240183698658974
52.41587339805825,12.757014421686748,0.012211985674138597
52.41587339805825,12.757157036144578,0.013183198337825514
52.41587339805825,12.75729965060241,0.014148431034384169
52.41587339805825,12.757442265060241,0.015111986735300113
52.41587339805825,12.757584879518072,0.01606282403835659
52.41587339805825,12.757727493975905,0.017014296547506136
52.41587339805825,12.757870108433735,0.01795189133811403
52.41587339805825,12.758012722891566,0.0188816132824454
52.41587339805825,12.758155337349399,0.019801626186682866
52.41587339805825,12.75829795180723,0.02070927936938872
52.41587339805825,12.758440566265062,0.021605111851560117
52.41587339805825,12.758583180722892,0.022485115574785268
52.41587339805825,12.758725795180723,0.023346465742032307
52.41587339805825,12.758868409638556,0.024190224538851886
52.41587339805825,12.759011024096386,0.02502001101557814
52.41587339805825,12.759153638554217,0.02582387178666575
52.41587339805825,12.75929625301205,0.026610180424901063
52.41587339805825,12.75943886746988,0.027380969163872077
52.41587339805825,12.759581481927711,0.028127704396459816
52.41587339805825,12.759724096385543,0.02884362219668108
52.41587339805825,12.759866710843374,0.029539071579125935
52.41587339805825,12.760009325301205,0.0301987222969426
52.41587339805825,12.760151939759037,0.030835429834957746
52.41587339805825,12.760294554216868,0.03144703620907224
52.41587339805825,12.760437168674699,0.03202794442382458
52.41587339805825,12.760579783132531,0.03257410860839493
52.41587339805825,12.760722397590362,0.03309340957723455
52.41587339805825,12.760865012048193,0.03358962262680312
52.41587339805825,12.761007626506025,0.034047359665347894
52.41587339805825,12.761150240963856,0.03447434961786482
52.41587339805825,12.761292855421688,0.03487280836235129
52.41587339805825,12.761435469879519,0.0352330066437593
52.41587339805825,12.76157808433735,0.035557576509005234
52.41587339805825,12.761720698795182,0.035845829116132474
52.41587339805825,12.761863313253013,0.03609733512676056
52.41587339805825,12.762005927710844,0.036315759850120706
52.41587339805825,12.762148542168676,0.036495265298018324
52.41587339805825,12.762291156626507,0.03664115748824586
52.41587339805825,12.762433771084337,0.036753399622258445
52.41587339805825,12.76257638554217,0.03682571511213804
52.41587339805825,12.762719,0.03685692359134249
52.41596613592233,12.750882,0.0
52.41596613592233,12.751024614457831,0.0
52.41596613592233,12.751167228915664,0.0
52.41596613592233,12.751309843373495,0.0
52.41596613592233,12.751452457831325,0.0
52.41596613592233,12.751595072289158,0.0
52.41596613592233,12.751737686746988,0.0
52.41596613592233,12.75188030120482,0.0
52.41596613592233,12.752022915662652,0.0
52.41596613592233,12.752165530120482,0.0
52.41596613592233,12.752308144578313,0.0
52.41596613592233,12.752450759036146,0.0
52.41596613592233,12.752593373493976,0.0
52.41596613592233,12.752735987951809,0.0
52.41596613592233,12.75287860240964,0.0
52.41596613592233,12.75302121686747,0.0
52.41596613592233,12.753163831325303,0.0
52.41596613592233,12.753306445783133,0.0
52.41596613592233,12.753449060240964,0.0
52.41596613592233,12.753591674698797,0.0
52.41596613592233,12.753734289156627,0.0
52.41596613592233,12.753876903614458,0.0
52.41596613592233,12.75401951807229,0.0
52.41596613592233,12.754162132530121,0.0
52.41596613592233,12.754304746987952,0.0
52.41596613592233,12.754447361445784,0.0
52.41596613592233,12.754589975903615,0.0
52.41596613592233,12.754732590361446,0.0
52.41596613592233,12.754875204819278,0.0
52.41596613592233,12.755017819277109,0.0
52.41596613592233,12.75516043373494,0.0006218053282280624
52.41596613592233,12.755303048192772,0.0014999693231330146
52.41596613592233,12.755445662650603,0.002394343314396968
52.41596613592233,12.755588277108435,0.003306572199153938
52.41596613592233,12.755730891566266,0.004225361073319982
52.41596613592233,12.755873506024097,0.005160763235388437
52.41596613592233,12.75601612048193,0.00609891593016538
52.41596613592233,12.75615873493976,0.007043365862996405
52.41596613592233,12.75630134939759,0.007999008607836342
52.41596613592233,12.756443963855423,0.008957459103611962
52.41596613592233,12.756586578313254,0.009924427471259017
52.41596613592233,12.756729192771084,0.010896154915314541
52.41596613592233,12.756871807228917,0.011866336699736545
52.41596613592233,12.757014421686748,0.012833672280056021
52.41596613592233,12.757157036144578,0.013800385060122567
52.41596613592233,12.75729965060241,0.014761145779862268
52.41596613592233,12.757442265060241,0.015720288971434654
52.41596613592233,12.757584879518072,0.01666674899157473
52.41596613592233,12.757727493975905,0.01761385784176335
52.41596613592233,12.757870108433735,0.018547106544317783
52.41596613592233,12.758012722891566,0.019472520081220253
52.41596613592233,12.758155337349399,0.020388300875960427
52.41596613592233,12.75829795180723,0.021291855297282045
52.41596613592233,12.758440566265062,0.022183531017796965
52.41596613592233,12.758583180722892,0.023059500559577978
52.41596613592233,12.758725795180723,0.02391689316248443
52.41596613592233,12.758868409638556,0.024756778688804985
52.41596613592233,12.759011024096386,0.025582734252701012
52.41596613592233,12.759153638554217,0.026382885344009947
52.41596613592233,12.75929625301205,0.02716554322172052
52.41596613592233,12.75943886746988,0.02793283423390256
52.41596613592233,12.759581481927711,0.028676126575714743
52.41596613592233,12.759724096385543,0.02938870128965614
52.41596613592233,12.759866710843374,0.030080959449373005
52.41596613592233,12.760009325301205,0.030737574141918897
52.41596613592233,12.760151939759037,0.03137140742437904
52.41596613592233,12.760294554216868,0.03198029736667798
52.41596613592233,12.760437168674699,0.03255850039665192
52.41596613592233,12.760579783132531,0.033102178736709315
52.41596613592233,12.760722397590362,0.03361908690601547
52.41596613592233,12.760865012048193,0.03411303779538284
52.41596613592233,12.761007626506025,0.034568635995271824
52.41596613592233,12.761150240963856,0.03499368160929203
52.41596613592233,12.761292855421688,0.035390331958785534
52.41596613592233,12.761435469879519,0.03574884864754361
52.41596613592233,12.76157808433735,0.03607187353208296
52.41596613592233,12.761720698795182,0.036358812722081246
52.41596613592233,12.761863313253013,0.03660915519577823
52.41596613592233,12.762005927710844,0.03682653692627505
52.41596613592233,12.762148542168676,0.03700521984987245
52.41596613592233,12.762291156626507,0.0371503971194693
52.41596613592233,12.762433771084337,0.037262064723136
52.41596613592233,12.76257638554217,0.03733403533147793
52.41596613592233,12.762719,0.037365062310034655
52.41605887378641,12.750882,0.0
52.41605887378641,12.751024614457831,0.0
52.41605887378641,12.751167228915664,0.0
52.41605887378641,12.751309843373495,0.0
52.41605887378641,12.751452457831325,0.0
52.41605887378641,12.751595072289158,0.0
52.41605887378641,12.751737686746988,0.0
52.41605887378641,12.75188030120482,0.0
52.41605887378641,12.752022915662652,0.0
52.41605887378641,12.752165530120482,0.0
52.41605887378641,12.752308144578313,0.0
52.41605887378641,12.752450759036146,0.0
52.41605887378641,12.752593373493976,0.0
52.41605887378641,12.752735987951809,0.0
52.41605887378641,12.75287860240964,0.0
52.41605887378641,12.75302121686747,0.0
52.41605887378641,12.753163831325303,0.0
52.41605887378641,12.753306445783133,0.0
52.41605887378641,12.753449060240964,0.0
52.41605887378641,12.753591674698797,0.0
52.41605887378641,12.753734289156627,0.0
52.41605887378641,12.753876903614458,0.0
52.41605887378641,12.75401951807229,0.0
52.41605887378641,12.754162132530121,0.0
52.41605887378641,12.754304746987952,0.0
52.41605887378641,12.754447361445784,0.0
52.41605887378641,12.754589975903615,0.0
52.41605887378641,12.754732590361446,0.0
52.41605887378641,12.754875204819278,0.0
52.41605887378641,12.755017819277109,0.0004329297154354577
52.41605887378641,12.75516043373494,0.0013021640664247422
52.41605887378641,12.755303048192772,0.002176123376569429
52.41605887378641,12.755445662650603,0.0030661268568701492
52.41605887378641,12.755588277108435,0.0039739373071437335
52.41605887378641,12.755730891566266,0.004888348634097818
52.41605887378641,12.755873506024097,0.005819257275361606
52.41605887378641,12.75601612048193,0.006752899467280528
52.41605887378641,12.75615873493976,0.007692796605479735
52.41605887378641,12.75630134939759,0.008643887680487815
52.41605887378641,12.756443963855423,0.009597669483019659
52.41605887378641,12.756586578313254,0.01056000051720711
52.41605887378641,12.756729192771084,0.01152704715091487
52.41605887378641,12.756871807228917,0.012492587840524528
52.41605887378641,12.757014421686748,0.01345527258062499
52.41605887378641,12.757157036144578,0.014417300352654795
52.41605887378641,12.75729965060241,0.015373404596958618
52.41605887378641,12.757442265060241,0.016327953235016946
52.41605887378641,12.757584879518072,0.01726985482686248
52.41605887378641,12.757727493975905,0.018212419806044808
52.41605887378641,12.757870108433735,0.01914114328400913
52.41605887378641,12.758012722891566,0.02006207110285254
52.41605887378641,12.758155337349399,0.020973444878770776
52.41605887378641,12.75829795180723,0.021872730119928102
52.41605887378641,12.758440566265062,0.02276007846255458
52.41605887378641,12.758583180722892,0.023631847179990312
52.41605887378641,12.758725795180723,0.024485118494200715
52.41605887378641,12.758868409638556,0.025320970795874274
52.41605887378641,12.759011024096386,0.0261429381840511
52.41605887378641,12.759153638554217,0.02693922634199959
52.41605887378641,12.75929625301205,0.02771808346994526
52.41605887378641,12.75943886746988,0.02848173193446489
52.41605887378641,12.759581481927711,0.02922143976845728
52.41605887378641,12.759724096385543,0.02993053456878972
52.41605887378641,12.759866710843374,0.030619470394292525
52.41605887378641,12.760009325301205,0.03127292324886317
52.41605887378641,12.760151939759037,0.031903762711484394
52.41605887378641,12.760294554216868,0.0325098224570594
52.41605887378641,12.760437168674699,0.03308520966333703
52.41605887378641,12.760579783132531,0.03362629869775612
52.41605887378641,12.760722397590362,0.03414071586815828
52.41605887378641,12.760865012048193,0.03463231143280426
52.41605887378641,12.761007626506025,0.03508568328607044
52.41605887378641,12.761150240963856,0.03550870463846467
52.41605887378641,12.761292855421688,0.03590347215661815
52.41605887378641,12.761435469879519,0.03626023865602608
52.41605887378641,12.76157808433735,0.03658165624969115
52.41605887378641,12.761720698795182,0.03686722776687042
52.41605887378641,12.761863313253013,0.03711635883622309
52.41605887378641,12.762005927710844,0.03733265578122
52.41605887378641,12.762148542168676,0.03751048201026353
52.41605887378641,12.762291156626507,0.03765491545636463
52.41605887378641,12.762433771084337,0.03776598616618191
52.41605887378641,12.76257638554217,0.03783759773407025
52.41605887378641,12.762719,0.037868436047467625
52.416151611650484,12.750882,0.0
52.416151611650484,12.751024614457831,0.0
52.416151611650484,12.751167228915664,0.0
52.416151611650484,12.751309843373495,0.0
52.416151611650484,12.751452457831325,0.0
52.416151611650484,12.751595072289158,0.0
52.416151611650484,12.751737686746988,0.0
52.416151611650484,12.75188030120482,0.0
52.416151611650484,12.752022915662652,0.0
52.416151611650484,12.752165530120482,0.0
52.416151611650484,12.752308144578313,0.0
52.416151611650484,12.752450759036146,0.0
52.416151611650484,12.752593373493976,0.0
52.416151611650484,12.752735987951809,0.0
52.416151611650484,12.75287860240964,0.0
52.416151611650484,12.75302121686747,0.0
52.416151611650484,12.753163831325303,0.0
52.416151611650484,12.753306445783133,0.0
52.416151611650484,12.753449060240964,0.0
52.416151611650484,12.753591674698797,0.0
52.416151611650484,12.753734289156627,0.0
52.416151611650484,12.753876903614458,0.0
52.416151611650484,12.75401951807229,0.0
52.416151611650484,12.754162132530121,0.0
52.416151611650484,12.754304746987952,0.0
52.416151611650484,12.754447361445784,0.0
52.416151611650484,12.754589975903615,0.0
52.416151611650484,12.754732590361446,0.0
52.416151611650484,12.754875204819278,0.0002915043196709856
52.416151611650484,12.755017819277109,0.0011315066313080258
52.416151611650484,12.75516043373494,0.001996409007729731
52.416151611650484,12.755303048192772,0.002866042060726055
52.416151611650484,12.755445662650603,0.003751549524651153
52.416151611650484,12.755588277108435,0.004654814230718224
52.416151611650484,12.755730891566266,0.0055647220671516465
52.416151611650484,12.755873506024097,0.0064910082194050145
52.416151611650484,12.75601612048193,0.007420010250765243
52.416151611650484,12.75615873493976,0.008355224387007358
52.416151611650484,12.75630134939759,0.009301633480373689
52.416151611650484,12.756443963855423,0.010250613532088585
52.416151611650484,12.756586578313254,0.011208174661022172
52.416151611650484,12.756729192771084,0.012170407084651485
52.416151611650484,12.756871807228917,0.013131173709182292
52.416151611650484,12.757014421686748,0.014089074595610956
52.416151611650484,12.757157036144578,0.015046283456247918
52.416151611650484,12.75729965060241,0.015997598599243584
52.416151611650484,12.757442265060241,0.016947421823438096
52.416151611650484,12.757584879518072,0.0178846350545866
52.416151611650484,12.757727493975905,0.018822526611849133
52.416151611650484,12.757870108433735,0.019746596092810903
52.416151611650484,12.758012722891566,0.020662910651771685
52.416151611650484,12.758155337349399,0.021569751920945852
52.416151611650484,12.75829795180723,0.02246464612959714
52.416151611650484,12.758440566265062,0.023347544430834023
52.416151611650484,12.758583180722892,0.024214993166226037
52.416151611650484,12.758725795180723,0.02506402574852124
52.416151611650484,12.758868409638556,0.025895730102162923
52.416151611650484,12.759011024096386,0.02671359686850786
52.416151611650484,12.759153638554217,0.027505912617776726
52.416151611650484,12.75929625301205,0.028280861455756184
52.416151611650484,12.75943886746988,0.029040764089639282
52.416151611650484,12.759581481927711,0.029776786144819444
52.416151611650484,12.759724096385543,0.03048230264983853
52.416151611650484,12.759866710843374,0.031167822330701846
52.416151611650484,12.760009325301205,0.0318180238487787
52.416151611650484,12.760151939759037,0.03244578474922342
52.416151611650484,12.760294554216868,0.033048933590928614
52.416151611650484,12.760437168674699,0.03362142541816611
52.416151611650484,12.760579783132531,0.03415985143451033
52.416151611650484,12.760722397590362,0.03467170761891136
52.416151611650484,12.760865012048193,0.035160881239515024
52.416151611650484,12.761007626506025,0.03561196425093997
52.416151611650484,12.761150240963856,0.036032903989757024
52.416151611650484,12.761292855421688,0.036425735490954576
52.416151611650484,12.761435469879519,0.03678070252633009
52.416151611650484,12.76157808433735,0.03710046773532248
52.416151611650484,12.761720698795182,0.03738463287264735
52.416151611650484,12.761863313253013,0.03763251837821328
52.416151611650484,12.762005927710844,0.03784770007080636
52.416151611650484,12.762148542168676,0.03802464578142696
52.416151611650484,12.762291156626507,0.03816831488432683
52.416151611650484,12.762433771084337,0.03827877262674924
52.416151611650484,12.76257638554217,0.03835001493388166
52.416151611650484,12.762719,0.03838065921723179
52.416244349514564,12.750882,0.0
52.416244349514564,12.751024614457831,0.0
52.416244349514564,12.751167228915664,0.0
52.416244349514564,12.751309843373495,0.0
52.416244349514564,12.751452457831325,0.0
52.416244349514564,12.751595072289158,0.0
52.416244349514564,12.751737686746988,0.0
52.416244349514564,12.75188030120482,0.0
52.416244349514564,12.752022915662652,0.0
52.416244349514564,12.752165530120482,0.0
52.416244349514564,12.752308144578313,0.0
52.416244349514564,12.752450759036146,0.0
52.416244349514564,12.752593373493976,0.0
52.416244349514564,12.752735987951809,0.0
52.416244349514564,12.75287860240964,0.0
52.416244349514564,12.75302121686747,0.0
52.416244349514564,12.753163831325303,0.0
52.416244349514564,12.753306445783133,0.0
52.416244349514564,12.753449060240964,0.0
52.416244349514564,12.753591674698797,0.0
52.416244349514564,12.753734289156627,0.0
52.416244349514564,12.753876903614458,0.0
52.416244349514564,12.75401951807229,0.0
52.416244349514564,12.754162132530121,0.0
52.416244349514564,12.754304746987952,0.0
52.416244349514564,12.754447361445784,0.0
52.416244349514564,12.754589975903615,0.0
52.416244349514564,12.754732590361446,0.00018004356479133475
52.416244349514564,12.754875204819278,0.0009999323702563259
52.416244349514564,12.755017819277109,0.0018356291982137337
52.416244349514564,12.75516043373494,0.0026960774501661594
52.416244349514564,12.755303048192772,0.003561261860939437
52.416244349514564,12.755445662650603,0.004442146837664088
52.416244349514564,12.755588277108435,0.005340737975747457
52.416244349514564,12.755730891566266,0.0062460147344561056
52.416244349514564,12.755873506024097,0.007167547994297104
52.416244349514564,12.75601612048193,0.008091778673270366
52.416244349514564,12.75615873493976,0.009022177615118036
52.416244349514564,12.75630134939759,0.009963772213177232
52.416244349514564,12.756443963855423,0.01090781529311186
52.416244349514564,12.756586578313254,0.011860471830433175
52.416244349514564,12.756729192771084,0.012817754722048066
52.416244349514564,12.756871807228917,0.013773612618423992
52.416244349514564,12.757014421686748,0.014726594674875448
52.416244349514564,12.757157036144578,0.015678849109033006
52.416244349514564,12.75729965060241,0.016625240101215126
52.416244349514564,12.757442265060241,0.017570204524307343
52.416244349514564,12.757584879518072,0.018502597015302297
52.416244349514564,12.757727493975905,0.019435683499583217
52.416244349514564,12.757870108433735,0.020354967912584558
52.416244349514564,12.758012722891566,0.02126653935432195
52.416244349514564,12.758155337349399,0.02216872097081226
52.416244349514564,12.75829795180723,0.023059100350286126
52.416244349514564,12.758440566265062,0.023937423661158346
52.416244349514564,12.758583180722892,0.024800430745137898
52.416244349514564,12.758725795180723,0.025645105386303747
52.416244349514564,12.758868409638556,0.026472545211470612
52.416244349514564,12.759011024096386,0.02728619603716544
52.416244349514564,12.759153638554217,0.02807442747525951
52.416244349514564,12.75929625301205,0.02884535855857051
52.416244349514564,12.75943886746988,0.02960140980415264
52.416244349514564,12.759581481927711,0.030333642708078947
52.416244349514564,12.759724096385543,0.031035480834100074
52.416244349514564,12.759866710843374,0.031717488280601086
52.416244349514564,12.760009325301205,0.0323643467321045
52.416244349514564,12.760151939759037,0.032988942098345554
52.416244349514564,12.760294554216868,0.0335890975394528
52.416244349514564,12.760437168674699,0.03415861321483214
52.416244349514564,12.760579783132531,0.0346943012376075
52.416244349514564,12.760722397590362,0.035203525057890525
52.416244349514564,12.760865012048193,0.0356902090839856
52.416244349514564,12.761007626506025,0.03613893938136919
52.416244349514564,12.761150240963856,0.03655773909391476
52.416244349514564,12.761292855421688,0.036948580270979595
52.416244349514564,12.761435469879519,0.037301697623244916
52.416244349514564,12.76157808433735,0.03761976482315389
52.416244349514564,12.761720698795182,0.03790248430253757
52.416244349514564,12.761863313253013,0.03814908931771989
52.416244349514564,12.762005927710844,0.03836312473044293
52.416244349514564,12.762148542168676,0.038539164790748315
52.416244349514564,12.762291156626507,0.03868204857588382
52.416244349514564,12.762433771084337,0.03879187678075208
52.416244349514564,12.76257638554217,0.03886273945468636
52.416244349514564,12.762719,0.038893184425629945
52.41633708737864,12.750882,0.0
52.41633708737864,12.751024614457831,0.0
52.41633708737864,12.751167228915664,0.0
52.41633708737864,12.751309843373495,0.0
52.41633708737864,12.751452457831325,0.0
52.41633708737864,12.751595072289158,0.0
52.41633708737864,12.751737686746988,0.0
52.41633708737864,12.75188030120482,0.0
52.41633708737864,12.752022915662652,0.0
52.41633708737864,12.752165530120482,0.0
52.41633708737864,12.752308144578313,0.0
52.41633708737864,12.752450759036146,0.0
52.41633708737864,12.752593373493976,0.0
52.41633708737864,12.752735987951809,0.0
52.41633708737864,12.75287860240964,0.0
52.41633708737864,12.75302121686747,0.0
52.41633708737864,12.753163831325303,0.0
52.41633708737864,12.753306445783133,0.0
52.41633708737864,12.753449060240964,0.0
52.41633708737864,12.753591674698797,0.0
52.41633708737864,12.753734289156627,0.0
52.41633708737864,12.753876903614458,0.0
52.41633708737864,12.75401951807229,0.0
52.41633708737864,12.754162132530121,0.0
52.41633708737864,12.754304746987952,0.0
52.41633708737864,12.754447361445784,0.0
52.41633708737864,12.754589975903615,9.56266684657564e-05
52.41633708737864,12.754732590361446,0.0008926672092682934
52.41633708737864,12.754875204819278,0.0017080655548150254
52.41633708737864,12.755017819277109,0.0025392790499024903
52.41633708737864,12.75516043373494,0.0033950906820989744
52.41633708737864,12.755303048192772,0.004255642247790218
52.41633708737864,12.755445662650603,0.0051317152358279754
52.41633708737864,12.755588277108435,0.006025440999930604
52.41633708737864,12.755730891566266,0.006925894949597141
52.41633708737864,12.755873506024097,0.007842480340321924
52.41633708737864,12.75601612048193,0.008761743155017689
52.41633708737864,12.75615873493976,0.009687128791579042
52.41633708737864,12.75630134939759,0.01062371004367416
52.41633708737864,12.756443963855423,0.01156261501325485
52.41633708737864,12.756586578313254,0.012510165438644055
52.41633708737864,12.756729192771084,0.013462296349326115
52.41633708737864,12.756871807228917,0.014413043450647579
52.41633708737864,12.757014421686748,0.015360905025208704
52.41633708737864,12.757157036144578,0.016308002704115407
52.41633708737864,12.75729965060241,0.017249268317613226
52.41633708737864,12.757442265060241,0.01818917441002131
52.41633708737864,12.757584879518072,0.01911654779722076
52.41633708737864,12.757727493975905,0.020044631769779664
52.41633708737864,12.757870108433735,0.02095893581912686
52.41633708737864,12.758012722891566,0.021865570516241696
52.41633708737864,12.758155337349399,0.022762901306239453
52.41633708737864,12.75829795180723,0.02364857914168094
52.41633708737864,12.758440566265062,0.02452214120092755
52.41633708737864,12.758583180722892,0.025380524954651196
52.41633708737864,12.758725795180723,0.026220662382333254
52.41633708737864,12.758868409638556,0.027043662524340345
52.41633708737864,12.759011024096386,0.02785292589470921
52.41633708737864,12.759153638554217,0.0286369059300017
52.41633708737864,12.75929625301205,0.029403655821024426
52.41633708737864,12.75943886746988,0.03015569769410909
52.41633708737864,12.759581481927711,0.030883987194103433
52.41633708737864,12.759724096385543,0.03158199750468027
52.41633708737864,12.759866710843374,0.03226034939675023
52.41633708737864,12.760009325301205,0.03290372791509511
52.41633708737864,12.760151939759037,0.0335250270413478
52.41633708737864,12.760294554216868,0.034122064715316494
52.41633708737864,12.760437168674699,0.03468848341449308
52.41633708737864,12.760579783132531,0.035221320592656404
52.41633708737864,12.760722397590362,0.035727804611190905
52.41633708737864,12.760865012048193,0.03621189740176973
52.41633708737864,12.761007626506025,0.03665817988459092
52.41633708737864,12.761150240963856,0.03707475239757611
52.41633708737864,12.761292855421688,0.037463522112499384
52.41633708737864,12.761435469879519,0.03781471522112356
52.41633708737864,12.76157808433735,0.038131016412431856
52.41633708737864,12.761720698795182,0.038412230822284565
52.41633708737864,12.761863313253013,0.0386575033768989
52.41633708737864,12.762005927710844,0.038870346621612886
52.41633708737864,12.762148542168676,0.03904544366867539
52.41633708737864,12.762291156626507,0.03918751119932443
52.41633708737864,12.762433771084337,0.0392966860876208
52.41633708737864,12.76257638554217,0.039367153595788636
52.41633708737864,12.762719,0.03939739140531759
52.416429825242716,12.750882,0.0
52.416429825242716,12.751024614457831,0.0
52.416429825242716,12.751167228915664,0.0
52.416429825242716,12.751309843373495,0.0
52.416429825242716,12.751452457831325,0.0
52.416429825242716,12.751595072289158,0.0
52.416429825242716,12.751737686746988,0.0
52.416429825242716,12.75188030120482,0.0
52.416429825242716,12.752022915662652,0.0
52.416429825242716,12.752165530120482,0.0
52.416429825242716,12.752308144578313,0.0
52.416429825242716,12.752450759036146,0.0
52.416429825242716,12.752593373493976,0.0
52.416429825242716,12.752735987951809,0.0
52.416429825242716,12.75287860240964,0.0
52.416429825242716,12.75302121686747,0.0
52.416429825242716,12.753163831325303,0.0
52.416429825242716,12.753306445783133,0.0
52.416429825242716,12.753449060240964,0.0
52.416429825242716,12.753591674698797,0.0
52.416429825242716,12.753734289156627,0.0
52.416429825242716,12.753876903614458,0.0
52.416429825242716,12.75401951807229,0.0
52.416429825242716,12.754162132530121,0.0
52.416429825242716,12.754304746987952,0.0
52.416429825242716,12.754447361445784,4.383726319722933e-05
52.416429825242716,12.754589975903615,0.0008190808180891483
52.416429825242716,12.754732590361446,0.0016115930786416814
52.416429825242716,12.754875204819278,0.0024223248765707587
52.416429825242716,12.755017819277109,0.003248876070999508
52.416429825242716,12.75516043373494,0.004099867650616505
52.416429825242716,12.755303048192772,0.004955601212170136
52.416429825242716,12.755445662650603,0.005826672153650214
52.416429825242716,12.755588277108435,0.006715340327873184
52.416429825242716,12.755730891566266,0.007610778601101101
52.416429825242716,12.755873506024097,0.008522219810826667
52.416429825242716,12.75601612048193,0.00943631701170457
52.416429825242716,12.75615873493976,0.010356490595762168
52.416429825242716,12.75630134939759,0.011287858746972582
52.416429825242716,12.756443963855423,0.012221423249110156
52.416429825242716,12.756586578313254,0.013163665337155902
52.416429825242716,12.756729192771084,0.01411044108157325
52.416429825242716,12.756871807228917,0.015055874691415946
52.416429825242716,12.757014421686748,0.015998412614823453
52.416429825242716,12.757157036144578,0.016940150357401065
52.416429825242716,12.75729965060241,0.017876088174609523
52.416429825242716,12.757442265060241,0.018810735513245802
52.416429825242716,12.757584879518072,0.019732890829854494
52.416429825242716,12.757727493975905,0.020655773974277182
52.416429825242716,12.757870108433735,0.02156490083163678
52.416429825242716,12.758012722891566,0.02246640379326622
52.416429825242716,12.758155337349399,0.023358692044229527
52.416429825242716,12.75829795180723,0.02423948094254958
52.416429825242716,12.758440566265062,0.02510809441362683
52.416429825242716,12.758583180722892,0.02596167200733711
52.416429825242716,12.758725795180723,0.026797092624297324
52.416429825242716,12.758868409638556,0.027615477210630127
52.416429825242716,12.759011024096386,0.028420180670604093
52.416429825242716,12.759153638554217,0.02919974178291586
52.416429825242716,12.75929625301205,0.029962146574923965
52.416429825242716,12.75943886746988,0.03071002017263752
52.416429825242716,12.759581481927711,0.03143421152975639
52.416429825242716,12.759724096385543,0.03212824423725405
52.416429825242716,12.759866710843374,0.032802796938774914
52.416429825242716,12.760009325301205,0.03344255761074038
52.416429825242716,12.760151939759037,0.03406042902467223
52.416429825242716,12.760294554216868,0.03465422409488833
52.416429825242716,12.760437168674699,0.03521742448811598
52.416429825242716,12.760579783132531,0.035747296826026745
52.416429825242716,12.760722397590362,0.03625093338868472
52.416429825242716,12.760865012048193,0.03673233327154671
52.416429825242716,12.761007626506025,0.03717607227199436
52.416429825242716,12.761150240963856,0.037590329550058164
52.416429825242716,12.761292855421688,0.03797694619195789
52.416429825242716,12.761435469879519,0.03832613994183309
52.416429825242716,12.76157808433735,0.03864060707153447
52.416429825242716,12.761720698795182,0.03892025708248745
52.416429825242716,12.761863313253013,0.03916414466492059
52.416429825242716,12.762005927710844,0.03937574958614909
52.416429825242716,12.762148542168676,0.03954986621294692
52.416429825242716,12.762291156626507,0.039691086376169984
52.416429825242716,12.762433771084337,0.039799583821767015
52.416429825242716,12.76257638554217,0.03986964084287713
52.416429825242716,12.762719,0.03989966358155432
52.416522563106795,12.750882,0.0
52.416522563106795,12.751024614457831,0.0
52.416522563106795,12.751167228915664,0.0
52.416522563106795,12.751309843373495,0.0
52.416522563106795,12.751452457831325,0.0
52.416522563106795,12.751595072289158,0.0
52.416522563106795,12.751737686746988,0.0
52.416522563106795,12.75188030120482,0.0
52.416522563106795,12.752022915662652,0.0
52.416522563106795,12.752165530120482,0.0
52.416522563106795,12.752308144578313,0.0
52.416522563106795,12.752450759036146,0.0
52.416522563106795,12.752593373493976,0.0
52.416522563106795,12.752735987951809,0.0
52.416522563106795,12.75287860240964,0.0
52.416522563106795,12.75302121686747,0.0
52.416522563106795,12.753163831325303,0.0
52.416522563106795,12.753306445783133,0.0
52.416522563106795,12.753449060240964,0.0
52.416522563106795,12.753591674698797,0.0
52.416522563106795,12.753734289156627,0.0
52.416522563106795,12.753876903614458,0.0
52.416522563106795,12.75401951807229,0.0
52.416522563106795,12.754162132530121,0.0
52.416522563106795,12.754304746987952,3.635534042303705e-05
52.416522563106795,12.754447361445784,0.0007825199313229764
52.416522563106795,12.754589975903615,0.0015532172655855908
52.416522563106795,12.754732590361446,0.002341117440848679
52.416522563106795,12.754875204819278,0.0031470966211727507
52.416522563106795,12.755017819277109,0.003968898731563482
52.416522563106795,12.75516043373494,0.004814981164642868
52.416522563106795,12.755303048192772,0.005665807490141797
52.416522563106795,12.755445662650603,0.0065317841025874755
52.416522563106795,12.755588277108435,0.007415301091956853
52.416522563106795,12.755730891566266,0.008305630996965163
52.416522563106795,12.755873506024097,0.00921183339820245
52.416522563106795,12.75601612048193,0.010120669444921071
52.416522563106795,12.75615873493976,0.011035535156563445
52.416522563106795,12.75630134939759,0.011961594406842014
52.416522563106795,12.756443963855423,0.012889720155760304
52.416522563106795,12.756586578313254,0.013826556116529855
52.416522563106795,12.756729192771084,0.01476787862076016
52.416522563106795,12.756871807228917,0.01570790109358558
52.416522563106795,12.757014421686748,0.016645017585530643
52.416522563106795,12.757157036144578,0.017581297376390574
52.416522563106795,12.75729965060241,0.01851180964292098
52.416522563106795,12.757442265060241,0.01944110184693269
52.416522563106795,12.757584879518072,0.020357943694851496
52.416522563106795,12.757727493975905,0.021275530988315357
52.416522563106795,12.757870108433735,0.0221793861870013
52.416522563106795,12.758012722891566,0.023075663833121235
52.416522563106795,12.758155337349399,0.023962817458068882
52.416522563106795,12.75829795180723,0.024838628333503646
52.416522563106795,12.758440566265062,0.025702203254469248
52.416522563106795,12.758583180722892,0.026550887583924633
52.416522563106795,12.758725795180723,0.0273815053143706
52.416522563106795,12.758868409638556,0.028195190482130275
52.416522563106795,12.759011024096386,0.02899525136850119
52.416522563106795,12.759153638554217,0.029770312826348195
52.416522563106795,12.75929625301205,0.030528293810813775
52.416522563106795,12.75943886746988,0.03127192342550677
52.416522563106795,12.759581481927711,0.031991942278805155
52.416522563106795,12.759724096385543,0.03268192545365317
52.416522563106795,12.759866710843374,0.0333526103001793
52.416522563106795,12.760009325301205,0.033988687127978694
52.416522563106795,12.760151939759037,0.034603068924460106
52.416522563106795,12.760294554216868,0.03519356221262249
52.416522563106795,12.760437168674699,0.03575348622011392
52.416522563106795,12.760579783132531,0.03628034023628821
52.416522563106795,12.760722397590362,0.03678107812634449
52.416522563106795,12.760865012048193,0.03725973639049599
52.416522563106795,12.761007626506025,0.037700886465265065
52.416522563106795,12.761150240963856,0.03811278670929885
52.416522563106795,12.761292855421688,0.03849721165498448
52.416522563106795,12.761435469879519,0.038844370045719424
52.416522563106795,12.76157808433735,0.039156970230034074
52.416522563106795,12.761720698795182,0.039435027099592304
52.416522563106795,12.761863313253013,0.039677505260774903
52.416522563106795,12.762005927710844,0.039887849564619354
52.416522563106795,12.762148542168676,0.04006096814962535
52.416522563106795,12.762291156626507,0.04020132559477767
52.416522563106795,12.762433771084337,0.040309133472082766
52.416522563106795,12.76257638554217,0.04037877234146619
52.416522563106795,12.762719,0.04040857593351865
52.416615300970875,12.750882,0.0
52.416615300970875,12.751024614457831,0.0
52.416615300970875,12.751167228915664,0.0
52.416615300970875,12.751309843373495,0.0
52.416615300970875,12.751452457831325,0.0
52.416615300970875,12.751595072289158,0.0
52.416615300970875,12.751737686746988,0.0
52.416615300970875,12.75188030120482,0.0
52.416615300970875,12.752022915662652,0.0
52.416615300970875,12.752165530120482,0.0
52.416615300970875,12.752308144578313,0.0
52.416615300970875,12.752450759036146,0.0
52.416615300970875,12.752593373493976,0.0
52.416615300970875,12.752735987951809,0.0
52.416615300970875,12.75287860240964,0.0
52.416615300970875,12.75302121686747,0.0
52.416615300970875,12.753163831325303,0.0
52.416615300970875,12.753306445783133,0.0
52.416615300970875,12.753449060240964,0.0
52.416615300970875,12.753591674698797,0.0
52.416615300970875,12.753734289156627,0.0
52.416615300970875,12.753876903614458,0.0
52.416615300970875,12.75401951807229,0.0
52.416615300970875,12.754162132530121,5.265997940495388e-05
52.416615300970875,12.754304746987952,0.0007754382341069992
52.416615300970875,12.754447361445784,0.0015170979851127208
52.416615300970875,12.754589975903615,0.002283053905808557
52.416615300970875,12.754732590361446,0.003066142841142004
52.416615300970875,12.754875204819278,0.003867165644751659
52.416615300970875,12.755017819277109,0.00468401183193806
52.416615300970875,12.75516043373494,0.00552497355738861
52.416615300970875,12.755303048192772,0.006370678449001615
52.416615300970875,12.755445662650603,0.007231341375414991
52.416615300970875,12.755588277108435,0.008109484731988977
52.416615300970875,12.755730891566266,0.00899448323782095
52.416615300970875,12.755873506024097,0.009895220222972704
52.416615300970875,12.75601612048193,0.010798567102821875
52.416615300970875,12.75615873493976,0.011707895156494709
52.416615300970875,12.75630134939759,0.012628414426988133
52.416615300970875,12.756443963855423,0.01355086810096064
52.416615300970875,12.756586578313254,0.014482064269134069
52.416615300970875,12.756729192771084,0.015417698694335168
52.416615300970875,12.756871807228917,0.016352076041381843
52.416615300970875,12.757014421686748,0.01728353742452851
52.416615300970875,12.757157036144578,0.018214125283503517
52.416615300970875,12.75729965060241,0.01913897898100294
52.416615300970875,12.757442265060241,0.020062685071622698
52.416615300970875,12.757584879518072,0.02097398367814259
52.416615300970875,12.757727493975905,0.02188604697391383
52.416615300970875,12.757870108433735,0.02278440402221679
52.416615300970875,12.758012722891566,0.023675232559147517
52.416615300970875,12.758155337349399,0.024557030454420193
52.416615300970875,12.75829795180723,0.02542764696293317
52.416615300970875,12.758440566265062,0.026285968097871787
52.416615300970875,12.758583180722892,0.027129548405574216
52.416615300970875,12.758725795180723,0.027955156517040884
52.416615300970875,12.758868409638556,0.028763939745297097
52.416615300970875,12.759011024096386,0.029559160057643214
52.416615300970875,12.759153638554217,0.030329529010166605
52.416615300970875,12.75929625301205,0.031082897678652154
52.416615300970875,12.75943886746988,0.031822100741963386
52.416615300970875,12.759581481927711,0.03253776971171417
52.416615300970875,12.759724096385543,0.033223531276771405
52.416615300970875,12.759866710843374,0.03389018268499445
52.416615300970875,12.760009325301205,0.03452241724457207
52.416615300970875,12.760151939759037,0.03513315832136309
52.416615300970875,12.760294554216868,0.035720205933374785
52.416615300970875,12.760437168674699,0.036276714481151245
52.416615300970875,12.760579783132531,0.036800418935224906
52.416615300970875,12.760722397590362,0.03729813447718157
52.416615300970875,12.760865012048193,0.03777393384179783
52.416615300970875,12.761007626506025,0.038212385423402564
52.416615300970875,12.761150240963856,0.038621827887456335
52.416615300970875,12.761292855421688,0.03900396779641584
52.416615300970875,12.761435469879519,0.03934900464297874
52.416615300970875,12.76157808433735,0.039659660149265655
52.416615300970875,12.761720698795182,0.03993605563807693
52.416615300970875,12.761863313253013,0.040177063879569035
52.416615300970875,12.762005927710844,0.04038609506470323
52.416615300970875,12.762148542168676,0.040558172356933035
52.416615300970875,12.762291156626507,0.04069763151862665
52.416615300970875,12.762433771084337,0.040804722690490014
52.416615300970875,12.76257638554217,0.040873926084581444
52.416615300970875,12.762719,0.040903501530517805
52.416708038834955,12.750882,0.0
52.416708038834955,12.751024614457831,0.0
52.416708038834955,12.751167228915664,0.0
52.416708038834955,12.751309843373495,0.0
52.416708038834955,12.751452457831325,0.0
52.416708038834955,12.751595072289158,0.0
52.416708038834955,12.751737686746988,0.0
52.416708038834955,12.75188030120482,0.0
52.416708038834955,12.752022915662652,0.0
52.416708038834955,12.752165530120482,0.0
52.416708038834955,12.752308144578313,0.0
52.416708038834955,12.752450759036146,0.0
52.416708038834955,12.752593373493976,0.0
52.416708038834955,12.752735987951809,0.0
52.416708038834955,12.75287860240964,0.0
52.416708038834955,12.75302121686747,0.0
52.416708038834955,12.753163831325303,0.0
52.416708038834955,12.753306445783133,0.0
52.416708038834955,12.753449060240964,0.0
52.416708038834955,12.753591674698797,0.0
52.416708038834955,12.753734289156627,0.0
52.416708038834955,12.753876903614458,0.0
52.416708038834955,12.75401951807229,9.476236257803528e-05
52.416708038834955,12.754162132530121,0.0007900831655104348
52.416708038834955,12.754304746987952,0.0015083693130272732
52.416708038834955,12.754447361445784,0.002245467850012579
52.416708038834955,12.754589975903615,0.003006622596482357
52.416708038834955,12.754732590361446,0.0037848395618247377
52.416708038834955,12.754875204819278,0.004580843667239079
52.416708038834955,12.755017819277109,0.005392671348805434
52.416708038834955,12.75516043373494,0.0062284475236136505
52.416708038834955,12.755303048192772,0.007068966815791052
52.416708038834955,12.755445662650603,0.007924248921903344
52.416708038834955,12.755588277108435,0.008796951066824859
52.416708038834955,12.755730891566266,0.009676551238600468
52.416708038834955,12.755873506024097,0.010571753994390469
52.416708038834955,12.75601612048193,0.011469542634122592
52.416708038834955,12.75615873493976,0.012373263617851536
52.416708038834955,12.75630134939759,0.013288173607804352
52.416708038834955,12.756443963855423,0.01420488406034519
52.416708038834955,12.756586578313254,0.015130369895072208
52.416708038834955,12.756729192771084,0.01606024519224005
52.416708038834955,12.756871807228917,0.016988906545489006
52.416708038834955,12.757014421686748,0.017914641632357592
52.416708038834955,12.757157036144578,0.018839465891939418
52.416708038834955,12.75729965060241,0.01975858986287679
52.416708038834955,12.757442265060241,0.0206766401136493
52.416708038834955,12.757584879518072,0.021582325913354787
52.416708038834955,12.757727493975905,0.022488795485893064
52.416708038834955,12.757870108433735,0.023381585380251993
52.416708038834955,12.758012722891566,0.024266896242665432
52.416708038834955,12.758155337349399,0.025143271478530925
52.416708038834955,12.75829795180723,0.02600862910736397
52.416708038834955,12.758440566265062,0.026861630585803188
52.416708038834955,12.758583180722892,0.027700043147262994
52.416708038834955,12.758725795180723,0.028520578686796
52.416708038834955,12.758868409638556,0.029324398601109945
52.416708038834955,12.759011024096386,0.03011471798747053
52.416708038834955,12.759153638554217,0.03088033576749536
52.416708038834955,12.75929625301205,0.031629034581608234
52.416708038834955,12.75943886746988,0.03236375574779705
52.416708038834955,12.759581481927711,0.03307502028369079
52.416708038834955,12.759724096385543,0.033756507370710814
52.416708038834955,12.759866710843374,0.03441907526087376
52.416708038834955,12.760009325301205,0.03504741969682034
52.416708038834955,12.760151939759037,0.03565447522927061
52.416708038834955,12.760294554216868,0.036238034359612196
52.416708038834955,12.760437168674699,0.03679108487871577
52.416708038834955,12.760579783132531,0.03731160060335505
52.416708038834955,12.760722397590362,0.037806256630880185
52.416708038834955,12.760865012048193,0.038279161859598315
52.416708038834955,12.761007626506025,0.03871488115902355
52.416708038834955,12.761150240963856,0.03912183544803131
52.416708038834955,12.761292855421688,0.03950166166730602
52.416708038834955,12.761435469879519,0.03984455055937908
52.416708038834955,12.76157808433735,0.040153237087487165
52.416708038834955,12.761720698795182,0.040427950728642255
52.416708038834955,12.761863313253013,0.040667470678212886
52.416708038834955,12.762005927710844,0.04087517274806024
52.416708038834955,12.762148542168676,0.04104619583184886
52.416708038834955,12.762291156626507,0.0411847455110209
52.416708038834955,12.762433771084337,0.04129111131298268
52.416708038834955,12.76257638554217,0.041359873608487197
52.416708038834955,12.762719,0.04138921782016189
52.41680077669903,12.750882,0.0
52.41680077669903,12.751024614457831,0.0
52.41680077669903,12.751167228915664,0.0
52.41680077669903,12.751309843373495,0.0
52.41680077669903,12.751452457831325,0.0
52.41680077669903,12.751595072289158,0.0
52.41680077669903,12.751737686746988,0.0
52.41680077669903,12.75188030120482,0.0
52.41680077669903,12.752022915662652,0.0
52.41680077669903,12.752165530120482,0.0
52.41680077669903,12.752308144578313,0.0
52.41680077669903,12.752450759036146,0.0
52.41680077669903,12.752593373493976,0.0
52.41680077669903,12.752735987951809,0.0
52.41680077669903,12.75287860240964,0.0
52.41680077669903,12.75302121686747,0.0
52.41680077669903,12.753163831325303,0.0
52.41680077669903,12.753306445783133,0.0
52.41680077669903,12.753449060240964,0.0
52.41680077669903,12.753591674698797,0.0
52.41680077669903,12.753734289156627,0.0
52.41680077669903,12.753876903614458,0.00017414170915929688
52.41680077669903,12.75401951807229,0.0008412113968901853
52.41680077669903,12.754162132530121,0.0015320424209184806
52.41680077669903,12.754304746987952,0.0022456996331762704
52.41680077669903,12.754447361445784,0.002978096717321266
52.41680077669903,12.754589975903615,0.0037343053361142305
52.41680077669903,12.754732590361446,0.004507502129249125
52.41680077669903,12.754875204819278,0.005298335710297055
52.41680077669903,12.755017819277109,0.006104990722068134
52.41680077669903,12.75516043373494,0.006935423795361453
52.41680077669903,12.755303048192772,0.007770598002712048
52.41680077669903,12.755445662650603,0.008620336108610398
52.41680077669903,12.755588277108435,0.009487431816158787
52.41680077669903,12.755730891566266,0.010361467615345028
52.41680077669903,12.755873506024097,0.011250967599448635
52.41680077669903,12.75601612048193,0.012143027890118056
52.41680077669903,12.75615873493976,0.013040970710345936
52.41680077669903,12.75630134939759,0.013950099503349866
52.41680077669903,12.756443963855423,0.014860892999731447
52.41680077669903,12.756586578313254,0.015780494817937373
52.41680077669903,12.756729192771084,0.016704436530453448
52.41680077669903,12.756871807228917,0.017627207674495403
52.41680077669903,12.757014421686748,0.018547042402595953
52.41680077669903,12.757157036144578,0.01946592852551157
52.41680077669903,12.75729965060241,0.020379149094457434
52.41680077669903,12.757442265060241,0.021291371416664606
52.41680077669903,12.757584879518072,0.02219127362961555
52.41680077669903,12.757727493975905,0.02309197997789602
52.41680077669903,12.757870108433735,0.023979034374784533
52.41680077669903,12.758012722891566,0.024858660819490726
52.41680077669903,12.758155337349399,0.025729449034886796
52.41680077669903,12.75829795180723,0.026589387013263438
52.41680077669903,12.758440566265062,0.027436908535983927
52.41680077669903,12.758583180722892,0.02826999696097049
52.41680077669903,12.758725795180723,0.02908530606998821
52.41680077669903,12.758868409638556,0.029884012404021307
52.41680077669903,12.759011024096386,0.030669283418676866
52.41680077669903,12.759153638554217,0.031430006470025744
52.41680077669903,12.75929625301205,0.03217389477738285
52.41680077669903,12.75943886746988,0.032903998481508975
52.41680077669903,12.759581481927711,0.033610726110057464
52.41680077669903,12.759724096385543,0.03428781066344516
52.41680077669903,12.759866710843374,0.03494617217826204
52.41680077669903,12.760009325301205,0.03557050841552072
52.41680077669903,12.760151939759037,0.03617376570029256
52.41680077669903,12.760294554216868,0.03675372920049508
52.41680077669903,12.760437168674699,0.03730321829465623
52.41680077669903,12.760579783132531,0.03782044790651686
52.41680077669903,12.760722397590362,0.03831195230779384
52.41680077669903,12.760865012048193,0.03878187638014794
52.41680077669903,12.761007626506025,0.03921478199324337
52.41680077669903,12.761150240963856,0.03961917303452721
52.41680077669903,12.761292855421688,0.039996615884345416
52.41680077669903,12.761435469879519,0.04033729285336186
52.41680077669903,12.76157808433735,0.04064395222569296
52.41680077669903,12.761720698795182,0.04091693311345791
52.41680077669903,12.761863313253013,0.04115492005498167
52.41680077669903,12.762005927710844,0.04136125352596135
52.41680077669903,12.762148542168676,0.041531190450629946
52.41680077669903,12.762291156626507,0.0416688041805466
52.41680077669903,12.762433771084337,0.04177442438014403
52.41680077669903,12.76257638554217,0.041842732249464026
52.41680077669903,12.762719,0.041871838881586534
52.41689351456311,12.750882,0.0
52.41689351456311,12.751024614457831,0.0
52.41689351456311,12.751167228915664,0.0
52.41689351456311,12.751309843373495,0.0
52.41689351456311,12.751452457831325,0.0
52.41689351456311,12.751595072289158,0.0
52.41689351456311,12.751737686746988,0.0
52.41689351456311,12.75188030120482,0.0
52.41689351456311,12.752022915662652,0.0
52.41689351456311,12.752165530120482,0.0
52.41689351456311,12.752308144578313,0.0
52.41689351456311,12.752450759036146,0.0
52.41689351456311,12.752593373493976,0.0
52.41689351456311,12.752735987951809,0.0
52.41689351456311,12.75287860240964,0.0
52.41689351456311,12.75302121686747,0.0
52.41689351456311,12.753163831325303,0.0
52.41689351456311,12.753306445783133,0.0
52.41689351456311,12.753449060240964,0.0
52.41689351456311,12.753591674698797,0.0
52.41689351456311,12.753734289156627,0.00029302912927471267
52.41689351456311,12.753876903614458,0.0009340947163649885
52.41689351456311,12.75401951807229,0.0015967058634072384
52.41689351456311,12.754162132530121,0.0022829394716927572
52.41689351456311,12.754304746987952,0.002991856518765046
52.41689351456311,12.754447361445784,0.003719438469846126
52.41689351456311,12.754589975903615,0.004470582601013465
52.41689351456311,12.754732590361446,0.0052386388641378154
52.41689351456311,12.754875204819278,0.006024178475336022
52.41689351456311,12.755017819277109,0.006825536089958456
52.41689351456311,12.75516043373494,0.00765049798295829
52.41689351456311,12.755303048192772,0.008480197984837201
52.41689351456311,12.755445662650603,0.009324259331884199
52.41689351456311,12.755588277108435,0.010185614203349815
52.41689351456311,12.755730891566266,0.011053951346228991
52.41689351456311,12.755873506024097,0.011937611979188714
52.41689351456311,12.75601612048193,0.01282380642587538
52.41689351456311,12.75615873493976,0.01371583234292834
52.41689351456311,12.75630134939759,0.014619040863027899
52.41689351456311,12.756443963855423,0.01552377626361058
52.41689351456311,12.756586578313254,0.016437352897911435
52.41689351456311,12.756729192771084,0.017355219662574483
52.41689351456311,12.756871807228917,0.018271959334886748
52.41689351456311,12.757014421686748,0.019185752622690615
52.41689351456311,12.757157036144578,0.020098559297984094
52.41689351456311,12.75729965060241,0.02100573580446725
52.41689351456311,12.757442265060241,0.021911990876221678
52.41689351456311,12.757584879518072,0.022805970911226357
52.41689351456311,12.757727493975905,0.023700776043924905
52.41689351456311,12.757870108433735,0.024581958368360638
52.41689351456311,12.758012722891566,0.0254557649629424
52.41689351456311,12.758155337349399,0.026320832972504364
52.41689351456311,12.75829795180723,0.027175221318996672
52.41689351456311,12.758440566265062,0.02801713302949306
52.41689351456311,12.758583180722892,0.028844770710764894
52.41689351456311,12.758725795180723,0.02965472837221422
52.41689351456311,12.758868409638556,0.03044819884398423
52.41689351456311,12.759011024096386,0.031228302048478207
52.41689351456311,12.759153638554217,0.03198401386880999
52.41689351456311,12.75929625301205,0.03272297798135006
52.41689351456311,12.75943886746988,0.03344835388953563
52.41689351456311,12.759581481927711,0.03415043713600337
52.41689351456311,12.759724096385543,0.03482301530830581
52.41689351456311,12.759866710843374,0.035477070710691394
52.41689351456311,12.760009325301205,0.03609730315920088
52.41689351456311,12.760151939759037,0.03669667148626324
52.41689351456311,12.760294554216868,0.0372729527093795
52.41689351456311,12.760437168674699,0.03781879618084963
52.41689351456311,12.760579783132531,0.03833266127034141
52.41689351456311,12.760722397590362,0.038820939904301854
52.41689351456311,12.760865012048193,0.03928781226946797
52.41689351456311,12.761007626506025,0.03971783825256549
52.41689351456311,12.761150240963856,0.040119605537795984
52.41689351456311,12.761292855421688,0.040494608755309525
52.41689351456311,12.761435469879519,0.04083302198648231
52.41689351456311,12.76157808433735,0.04113760695733133
52.41689351456311,12.761720698795182,0.041408813741963
52.41689351456311,12.761863313253013,0.04164523128106633
52.41689351456311,12.762005927710844,0.041850164253767516
52.41689351456311,12.762148542168676,0.042018989157718616
52.41689351456311,12.762291156626507,0.042155645429003116
52.41689351456311,12.762433771084337,0.0422605033220673
52.41689351456311,12.76257638554217,0.04232834600487708
52.41689351456311,12.762719,0.042357209382722534
52.416986252427186,12.750882,0.0
52.416986252427186,12.751024614457831,0.0
52.416986252427186,12.751167228915664,0.0
52.416986252427186,12.751309843373495,0.0
52.416986252427186,12.751452457831325,0.0
52.416986252427186,12.751595072289158,0.0
52.416986252427186,12.751737686746988,0.0
52.416986252427186,12.75188030120482,0.0
52.416986252427186,12.752022915662652,0.0
52.416986252427186,12.752165530120482,0.0
52.416986252427186,12.752308144578313,0.0
52.416986252427186,12.752450759036146,0.0
52.416986252427186,12.752593373493976,0.0
52.416986252427186,12.752735987951809,0.0
52.416986252427186,12.75287860240964,0.0
52.416986252427186,12.75302121686747,0.0
52.416986252427186,12.753163831325303,0.0
52.416986252427186,12.753306445783133,0.0
52.416986252427186,12.753449060240964,0.0
52.416986252427186,12.753591674698797,0.0004436598904634737
52.416986252427186,12.753734289156627,0.0010538845530171908
52.416986252427186,12.753876903614458,0.0016905715789579368
52.416986252427186,12.75401951807229,0.002348567205588039
52.416986252427186,12.754162132530121,0.003030041316727179
52.416986252427186,12.754304746987952,0.0037340515555855415
52.416986252427186,12.754447361445784,0.004456647523084707
52.416986252427186,12.754589975903615,0.005202550526574097
52.416986252427186,12.754732590361446,0.005965285423410618
52.416986252427186,12.754875204819278,0.006745346456789935
52.416986252427186,12.755017819277109,0.007541218267837978
52.416986252427186,12.75516043373494,0.008360516880938163
52.416986252427186,12.755303048192772,0.009184547817484831
52.416986252427186,12.755445662650603,0.010022733367542
52.416986252427186,12.755588277108435,0.010878145551664255
52.416986252427186,12.755730891566266,0.011740581277148618
52.416986252427186,12.755873506024097,0.012618196887820742
52.416986252427186,12.75601612048193,0.013498317770721874
52.416986252427186,12.75615873493976,0.01438421810503172
52.416986252427186,12.75630134939759,0.015281296555161392
52.416986252427186,12.756443963855423,0.016179761990267577
52.416986252427186,12.756586578313254,0.01708710150297694
52.416986252427186,12.756729192771084,0.017998680614478076
52.416986252427186,12.756871807228917,0.01890917605527662
52.416986252427186,12.757014421686748,0.019816714973036467
52.416986252427186,12.757157036144578,0.020723229760758875
52.416986252427186,12.75729965060241,0.021624150144194575
52.416986252427186,12.757442265060241,0.02252422803500647
52.416986252427186,12.757584879518072,0.02341207733818649
52.416986252427186,12.757727493975905,0.024300773771078442
52.416986252427186,12.757870108433735,0.02517587808588245
52.416986252427186,12.758012722891566,0.02604366114732691
52.416986252427186,12.758155337349399,0.02690280818032296
52.416986252427186,12.75829795180723,0.02775145021285551
52.416986252427186,12.758440566265062,0.028587556527973176
52.416986252427186,12.758583180722892,0.029409552065433883
52.416986252427186,12.758725795180723,0.03021397021740683
52.416986252427186,12.758868409638556,0.031002021159459135
52.416986252427186,12.759011024096386,0.03177677638470539
52.416986252427186,12.759153638554217,0.032527301367246395
52.416986252427186,12.75929625301205,0.03326117015556124
52.416986252427186,12.75943886746988,0.033981652189528797
52.416986252427186,12.759581481927711,0.034678929574522
52.416986252427186,12.759724096385543,0.035346845235268425
52.416986252427186,12.759866710843374,0.03599644425221653
52.416986252427186,12.760009325301205,0.0366124289159932
52.416986252427186,12.760151939759037,0.037207770603029044
52.416986252427186,12.760294554216868,0.03778023823322273
52.416986252427186,12.760437168674699,0.038322309509971654
52.416986252427186,12.760579783132531,0.03883269077623224
52.416986252427186,12.760722397590362,0.03931763110346796
52.416986252427186,12.760865012048193,0.0397813453984321
52.416986252427186,12.761007626506025,0.040208392266689555
52.416986252427186,12.761150240963856,0.040607443636505716
52.416986252427186,12.761292855421688,0.040979922222176224
52.416986252427186,12.761435469879519,0.04131599358173591
52.416986252427186,12.76157808433735,0.04161843389408561
52.416986252427186,12.761720698795182,0.04188780437007818
52.416986252427186,12.761863313253013,0.042122597931057534
52.416986252427186,12.762005927710844,0.0423260827141463
52.416986252427186,12.762148542168676,0.04249375629151739
52.416986252427186,12.762291156626507,0.04262942284540139
52.416986252427186,12.762433771084337,0.04273349372554261
52.416986252427186,12.76257638554217,0.04280085533476573
52.416986252427186,12.762719,0.04282946726406825
52.417078990291266,12.750882,0.0
52.417078990291266,12.751024614457831,0.0
52.417078990291266,12.751167228915664,0.0
52.417078990291266,12.751309843373495,0.0
52.417078990291266,12.751452457831325,0.0
52.417078990291266,12.751595072289158,0.0
52.417078990291266,12.751737686746988,0.0
52.417078990291266,12.75188030120482,0.0
52.417078990291266,12.752022915662652,0.0
52.417078990291266,12.752165530120482,0.0
52.417078990291266,12.752308144578313,0.0
52.417078990291266,12.752450759036146,0.0
52.417078990291266,12.752593373493976,0.0
52.417078990291266,12.752735987951809,0.0
52.417078990291266,12.75287860240964,0.0
52.417078990291266,12.75302121686747,0.0
52.417078990291266,12.753163831325303,0.0
52.417078990291266,12.753306445783133,7.215936639334147e-05
52.417078990291266,12.753449060240964,0.0006317458946104646
52.417078990291266,12.753591674698797,0.0012081314814342999
52.417078990291266,12.753734289156627,0.0018140466702511945
52.417078990291266,12.753876903614458,0.0024463095497440396
52.417078990291266,12.75401951807229,0.0030996418032058805
52.417078990291266,12.754162132530121,0.003776307101019446
52.417078990291266,12.754304746987952,0.004475359914254044
52.417078990291266,12.754447361445784,0.005192918029790774
52.417078990291266,12.754589975903615,0.005933526012443874
52.417078990291266,12.754732590361446,0.006690884565271473
52.417078990291266,12.754875204819278,0.007465410825415594
52.417078990291266,12.755017819277109,0.00825573988738148
52.417078990291266,12.75516043373494,0.0090693164419807
52.417078990291266,12.755303048192772,0.00988761939103911
52.417078990291266,12.755445662650603,0.010719868399343838
52.417078990291266,12.755588277108435,0.011569276345236076
52.417078990291266,12.755730891566266,0.012425749772474163
52.417078990291266,12.755873506024097,0.013297258019380944
52.417078990291266,12.75601612048193,0.014171242619722267
52.417078990291266,12.75615873493976,0.01505095468442571
52.417078990291266,12.75630134939759,0.015941839846879875
52.417078990291266,12.756443963855423,0.016833971092954064
52.417078990291266,12.756586578313254,0.017735009317123223
52.417078990291266,12.756729192771084,0.01864023651920286
52.417078990291266,12.756871807228917,0.01954442344783874
52.417078990291266,12.757014421686748,0.020445643561562053
52.417078990291266,12.757157036144578,0.021345801831699956
52.417078990291266,12.75729965060241,0.022240401792218395
52.417078990291266,12.757442265060241,0.02313423944876745
52.417078990291266,12.757584879518072,0.02401589465283757
52.417078990291266,12.757727493975905,0.024898419655366273
52.417078990291266,12.757870108433735,0.025767384210322215
52.417078990291266,12.758012722891566,0.026629082138174408
52.417078990291266,12.758155337349399,0.02748224745443864
52.417078990291266,12.75829795180723,0.028325084313519034
52.417078990291266,12.758440566265062,0.02915532582322122
52.417078990291266,12.758583180722892,0.02997162201535146
52.417078990291266,12.758725795180723,0.030770443736673585
52.417078990291266,12.758868409638556,0.03155301942781215
52.417078990291266,12.759011024096386,0.032322372550421724
52.417078990291266,12.759153638554217,0.03306765766256509
52.417078990291266,12.75929625301205,0.03379637924384429
52.417078990291266,12.75943886746988,0.03451191726832766
52.417078990291266,12.759581481927711,0.03520433966737616
52.417078990291266,12.759724096385543,0.03586754519622809
52.417078990291266,12.759866710843374,0.03651264282238794
52.417078990291266,12.760009325301205,0.03712433633330678
52.417078990291266,12.760151939759037,0.03771561051274011
52.417078990291266,12.760294554216868,0.03828422562820834
52.417078990291266,12.760437168674699,0.038822486735586983
52.417078990291266,12.760579783132531,0.039329348524924715
52.417078990291266,12.760722397590362,0.03981091715881846
52.417078990291266,12.760865012048193,0.04027144114313919
52.417078990291266,12.761007626506025,0.04069547901169013
52.417078990291266,12.761150240963856,0.04109178692524308
52.417078990291266,12.761292855421688,0.04146171499367421
52.417078990291266,12.761435469879519,0.041795420543618324
52.417078990291266,12.76157808433735,0.04209569437540628
52.417078990291266,12.761720698795182,0.04236320992288232
52.417078990291266,12.761863313253013,0.04259636323484903
52.417078990291266,12.762005927710844,0.04279838502413942
52.417078990291266,12.762148542168676,0.04296489560047723
52.417078990291266,12.762291156626507,0.043099562506583367
52.417078990291266,12.762433771084337,0.04320283864254637
52.417078990291266,12.76257638554217,0.043269713713527384
52.417078990291266,12.762719,0.04329807181072617
52.41717172815534,12.750882,0.0
52.41717172815534,12.751024614457831,0.0
52.41717172815534,12.751167228915664,0.0
52.41717172815534,12.751309843373495,0.0
52.41717172815534,12.751452457831325,0.0
52.41717172815534,12.751595072289158,0.0
52.41717172815534,12.751737686746988,0.0
52.41717172815534,12.75188030120482,0.0
52.41717172815534,12.752022915662652,0.0
52.41717172815534,12.752165530120482,0.0
52.41717172815534,12.752308144578313,0.0
52.41717172815534,12.752450759036146,0.0
52.41717172815534,12.752593373493976,0.0
52.41717172815534,12.752735987951809,0.0
52.41717172815534,12.75287860240964,0.0
52.41717172815534,12.75302121686747,0.0
52.41717172815534,12.753163831325303,0.00030565310792315514
52.41717172815534,12.753306445783133,0.0008346617264861061
52.41717172815534,12.753449060240964,0.0013902505411165765
52.41717172815534,12.753591674698797,0.001962419064279821
52.41717172815534,12.753734289156627,0.002563872783274662
52.41717172815534,12.753876903614458,0.0031915538990080435
52.41717172815534,12.75401951807229,0.0038400588645897127
52.41717172815534,12.754162132530121,0.0045117461535684
52.41717172815534,12.754304746987952,0.005205666971760222
52.41717172815534,12.754447361445784,0.005918008277636605
52.41717172815534,12.754589975903615,0.0066531363125700745
52.41717172815534,12.754732590361446,0.007404929579933868
52.41717172815534,12.754875204819278,0.008173727665730702
52.41717172815534,12.755017819277109,0.00895831756717629
52.41717172815534,12.75516043373494,0.009765971432267252
52.41717172815534,12.755303048192772,0.010578343439328123
52.41717172815534,12.755445662650603,0.01140444828930541
52.41717172815534,12.755588277108435,0.012247641746192939
52.41717172815534,12.755730891566266,0.013097941507184997
52.41717172815534,12.755873506024097,0.013963128096322743
52.41717172815534,12.75601612048193,0.014830760293066216
52.41717172815534,12.75615873493976,0.01570406648615476
52.41717172815534,12.75630134939759,0.01658853991474087
52.41717172815534,12.756443963855423,0.017474116672359506
52.41717172815534,12.756586578313254,0.018368633083293655
52.41717172815534,12.756729192771084,0.019267287141952704
52.41717172815534,12.756871807228917,0.020164944726966318
52.41717172815534,12.757014421686748,0.021059625620315152
52.41717172815534,12.757157036144578,0.021953206748481734
52.41717172815534,12.75729965060241,0.022841266809247824
52.41717172815534,12.757442265060241,0.023728646195701943
52.41717172815534,12.757584879518072,0.024603891016726144
52.41717172815534,12.757727493975905,0.02548002955429137
52.41717172815534,12.757870108433735,0.026342641272392886
52.41717172815534,12.758012722891566,0.027198043113615067
52.41717172815534,12.758155337349399,0.028045019442252697
52.41717172815534,12.75829795180723,0.02888184779480931
52.41717172815534,12.758440566265062,0.029706022689212797
52.41717172815534,12.758583180722892,0.03051642179194466
52.41717172815534,12.758725795180723,0.03130945288707552
52.41717172815534,12.758868409638556,0.03208636352865619
52.41717172815534,12.759011024096386,0.03285012904671569
52.41717172815534,12.759153638554217,0.03358999309345728
52.41717172815534,12.75929625301205,0.03431339109433309
52.41717172815534,12.75943886746988,0.03502381425594826
52.41717172815534,12.759581481927711,0.03571121545884934
52.41717172815534,12.759724096385543,0.036369550025855714
52.41717172815534,12.759866710843374,0.037009991473177746
52.41717172815534,12.760009325301205,0.03761724529750347
52.41717172815534,12.760151939759037,0.038204310194315035
52.41717172815534,12.760294554216868,0.038768937624908836
52.41717172815534,12.760437168674699,0.03930325858623336
52.41717172815534,12.760579783132531,0.039806478443129144
52.41717172815534,12.760722397590362,0.04028455974225558
52.41717172815534,12.760865012048193,0.04074178409645243
52.41717172815534,12.761007626506025,0.04116271072383567
52.41717172815534,12.761150240963856,0.041556181159151835
52.41717172815534,12.761292855421688,0.041923471360902756
52.41717172815534,12.761435469879519,0.042254731238479545
52.41717172815534,12.76157808433735,0.042552765884497384
52.41717172815534,12.761720698795182,0.04281836248377653
52.41717172815534,12.761863313253013,0.043049819104984066
52.41717172815534,12.762005927710844,0.043250328814881264
52.41717172815534,12.762148542168676,0.04341563594527503
52.41717172815534,12.762291156626507,0.043549270349267866
52.41717172815534,12.762433771084337,0.04365172680918132
52.41717172815534,12.76257638554217,0.043718098859688456
52.41717172815534,12.762719,0.04374619488608143
52.41726446601942,12.750882,0.0
52.41726446601942,12.751024614457831,0.0
52.41726446601942,12.751167228915664,0.0
52.41726446601942,12.751309843373495,0.0
52.41726446601942,12.751452457831325,0.0
52.41726446601942,12.751595072289158,0.0
52.41726446601942,12.751737686746988,0.0
52.41726446601942,12.75188030120482,0.0
52.41726446601942,12.752022915662652,0.0
52.41726446601942,12.752165530120482,0.0
52.41726446601942,12.752308144578313,0.0
52.41726446601942,12.752450759036146,0.0
52.41726446601942,12.752593373493976,0.0
52.41726446601942,12.752735987951809,0.0
52.41726446601942,12.75287860240964,0.00010910080620211049
52.41726446601942,12.75302121686747,0.0005774500112369872
52.41726446601942,12.753163831325303,0.0010678384952771168
52.41726446601942,12.753306445783133,0.0015929098414806438
52.41726446601942,12.753449060240964,0.0021444218097378576
52.41726446601942,12.753591674698797,0.002712290175252205
52.41726446601942,12.753734289156627,0.003309194801602827
52.41726446601942,12.753876903614458,0.003932203825175071
52.41726446601942,12.75401951807229,0.004575787171300104
52.41726446601942,12.754162132530121,0.005242399105637391
52.41726446601942,12.754304746987952,0.005931087426717057
52.41726446601942,12.754447361445784,0.006638109073388203
52.41726446601942,12.754589975903615,0.007367650909321406
52.41726446601942,12.754732590361446,0.008113770062116492
52.41726446601942,12.754875204819278,0.0088767288226895
52.41726446601942,12.755017819277109,0.009655465996999077
52.41726446601942,12.75516043373494,0.010457081103983948
52.41726446601942,12.755303048192772,0.011263404873893898
52.41726446601942,12.755445662650603,0.012083245352910226
52.41726446601942,12.755588277108435,0.012920102357151011
52.41726446601942,12.755730891566266,0.013764106228949042
52.41726446601942,12.755873506024097,0.014622847115601365
52.41726446601942,12.75601612048193,0.015484001547781928
52.41726446601942,12.75615873493976,0.01635077582285748
52.41726446601942,12.75630134939759,0.01722871087353341
52.41726446601942,12.756443963855423,0.0181076049102123
52.41726446601942,12.756586578313254,0.018995471061858997
52.41726446601942,12.756729192771084,0.019887423199193073
52.41726446601942,12.756871807228917,0.020778422765456724
52.41726446601942,12.757014421686748,0.021666435506547566
52.41726446601942,12.757157036144578,0.02255331060430805
52.41726446601942,12.75729965060241,0.023434702251419387
52.41726446601942,12.757442265060241,0.024315496173949073
52.41726446601942,12.757584879518072,0.02518420397263079
52.41726446601942,12.757727493975905,0.02605383013026603
52.41726446601942,12.757870108433735,0.026909964272562696
52.41726446601942,12.758012722891566,0.02775894636541009
52.41726446601942,12.758155337349399,0.028599611417336152
52.41726446601942,12.75829795180723,0.029430311998762636
52.41726446601942,12.758440566265062,0.030248301275473555
52.41726446601942,12.758583180722892,0.031052687463896333
52.41726446601942,12.758725795180723,0.0318398135474725
52.41726446601942,12.758868409638556,0.03261094705506997
52.41726446601942,12.759011024096386,0.033369015021684933
52.41726446601942,12.759153638554217,0.034103351453474824
52.41726446601942,12.75929625301205,0.0348213214094151
52.41726446601942,12.75943886746988,0.0355265281460664
52.41726446601942,12.759581481927711,0.03620880981323287
52.41726446601942,12.759724096385543,0.0368621781357441
52.41726446601942,12.759866710843374,0.03749787185370342
52.41726446601942,12.760009325301205,0.03810059783837523
52.41726446601942,12.760151939759037,0.03868336984583695
52.41726446601942,12.760294554216868,0.03924392960995413
52.41726446601942,12.760437168674699,0.03977423314339762
52.41726446601942,12.760579783132531,0.040273738530253324
52.41726446601942,12.760722397590362,0.04074826436113371
52.41726446601942,12.760865012048193,0.041202124157563545
52.41726446601942,12.761007626506025,0.041619878688436696
52.41726446601942,12.761150240963856,0.04201045592418083
52.41726446601942,12.761292855421688,0.042375056352197904
52.41726446601942,12.761435469879519,0.042703822632436036
52.41726446601942,12.76157808433735,0.04299957512795452
52.41726446601942,12.761720698795182,0.043263215010526795
52.41726446601942,12.761863313253013,0.04349294158171807
52.41726446601942,12.762005927710844,0.04369191018741948
52.41726446601942,12.762148542168676,0.04385598989965635
52.41726446601942,12.762291156626507,0.04398857201061836
52.41726446601942,12.762433771084337,0.044090193805006256
52.41726446601942,12.76257638554217,0.04415605286000695
52.41726446601942,12.762719,0.04418388162469092
52.4173572038835,12.750882,0.0
52.4173572038835,12.751024614457831,0.0
52.4173572038835,12.751167228915664,0.0
52.4173572038835,12.751309843373495,0.0
52.4173572038835,12.751452457831325,0.0
52.4173572038835,12.751595072289158,0.0
52.4173572038835,12.751737686746988,0.0
52.4173572038835,12.75188030120482,0.0
52.4173572038835,12.752022915662652,0.0
52.4173572038835,12.752165530120482,0.0
52.4173572038835,12.752308144578313,0.0
52.4173572038835,12.752450759036146,0.0
52.4173572038835,12.752593373493976,3.367502479900228e-05
52.4173572038835,12.752735987951809,0.0004406225141120961
52.4173572038835,12.75287860240964,0.0008775786544338784
52.4173572038835,12.75302121686747,0.001342321568800986
52.4173572038835,12.753163831325303,0.0018289281549252311
52.4173572038835,12.753306445783133,0.0023499999616177353
52.4173572038835,12.753449060240964,0.0028973699788947477
52.4173572038835,12.753591674698797,0.003460869895140552
52.4173572038835,12.753734289156627,0.004053153679493892
52.4173572038835,12.753876903614458,0.004671416673625119
52.4173572038835,12.75401951807229,0.0053100006590503165
52.4173572038835,12.754162132530121,0.005971457348545457
52.4173572038835,12.754304746987952,0.006654831094755141
52.4173572038835,12.754447361445784,0.007356448855875814
52.4173572038835,12.754589975903615,0.008080317219520506
52.4173572038835,12.754732590361446,0.008820672846375993
52.4173572038835,12.754875204819278,0.009577701147958128
52.4173572038835,12.755017819277109,0.010350492987533518
52.4173572038835,12.75516043373494,0.0111459741292846
52.4173572038835,12.755303048192772,0.011946153378436738
52.4173572038835,12.755445662650603,0.012759630800179974
52.4173572038835,12.755588277108435,0.013590051207798253
52.4173572038835,12.755730891566266,0.014427658872703052
52.4173572038835,12.755873506024097,0.015279852358684107
52.4173572038835,12.75601612048193,0.016134426627637297
52.4173572038835,12.75615873493976,0.0169945656395347
52.4173572038835,12.75630134939759,0.017865858296360306
52.4173572038835,12.756443963855423,0.018737964614585215
52.4173572038835,12.756586578313254,0.019619075473996446
52.4173572038835,12.756729192771084,0.020504220144239457
52.4173572038835,12.756871807228917,0.021388456068488906
52.4173572038835,12.757014421686748,0.02226969497208852
52.4173572038835,12.757157036144578,0.023149758269092942
52.4173572038835,12.75729965060241,0.024024376068221137
52.4173572038835,12.757442265060241,0.02489848032065174
52.4173572038835,12.757584879518072,0.02576054729574422
52.4173572038835,12.757727493975905,0.026623557845854833
52.4173572038835,12.757870108433735,0.027473112109917038
52.4173572038835,12.758012722891566,0.028315573147809983
52.4173572038835,12.758155337349399,0.02914982704975848
52.4173572038835,12.75829795180723,0.02997430213375684
52.4173572038835,12.758440566265062,0.03078600832667595
52.4173572038835,12.758583180722892,0.031584286337281775
52.4173572038835,12.758725795180723,0.03236541342938802
52.4173572038835,12.758868409638556,0.03313067814393189
52.4173572038835,12.759011024096386,0.03388295903821932
52.4173572038835,12.759153638554217,0.0346116800090847
52.4173572038835,12.75929625301205,0.03532413648209948
52.4173572038835,12.75943886746988,0.03602404403449873
52.4173572038835,12.759581481927711,0.03670112516520152
52.4173572038835,12.759724096385543,0.03734944919846034
52.4173572038835,12.759866710843374,0.03798032029340373
52.4173572038835,12.760009325301205,0.03857844659381138
52.4173572038835,12.760151939759037,0.03915685697704791
52.4173572038835,12.760294554216868,0.0397132835697786
52.4173572038835,12.760437168674699,0.040239506730918945
52.4173572038835,12.760579783132531,0.04073523837354606
52.4173572038835,12.760722397590362,0.04120615279095319
52.4173572038835,12.760865012048193,0.04165659471229816
52.4173572038835,12.761007626506025,0.04207112748148383
52.4173572038835,12.761150240963856,0.042458765671689255
52.4173572038835,12.761292855421688,0.042820633535707704
52.4173572038835,12.761435469879519,0.0431468671233046
52.4173572038835,12.76157808433735,0.04344030230290196
52.4173572038835,12.761720698795182,0.04370195424770477
52.4173572038835,12.761863313253013,0.043929923537934845
52.4173572038835,12.762005927710844,0.0441273271473384
52.4173572038835,12.762148542168676,0.044290160149429006
52.4173572038835,12.762291156626507,0.04442167394147916
52.4173572038835,12.762433771084337,0.044522448483301974
52.4173572038835,12.76257638554217,0.04458778652606078
52.4173572038835,12.762719,0.04461534384943796
52.41744994174757,12.750882,0.0
52.41744994174757,12.751024614457831,0.0
52.41744994174757,12.751167228915664,0.0
52.41744994174757,12.751309843373495,0.0
52.41744994174757,12.751452457831325,0.0
52.41744994174757,12.751595072289158,0.0
52.41744994174757,12.751737686746988,0.0
52.41744994174757,12.75188030120482,0.0
52.41744994174757,12.752022915662652,0.0
52.41744994174757,12.752165530120482,0.0
52.41744994174757,12.752308144578313,8.231111923467298e-05
52.41744994174757,12.752450759036146,0.00042842929604509266
52.41744994174757,12.752593373493976,0.0008092957000414439
52.41744994174757,12.752735987951809,0.0012131302064636515
52.41744994174757,12.75287860240964,0.0016465996025684267
52.41744994174757,12.75302121686747,0.002107651511396044
52.41744994174757,12.753163831325303,0.0025903865553090952
52.41744994174757,12.753306445783133,0.0031073651677838354
52.41744994174757,12.753449060240964,0.003650495146865467
52.41744994174757,12.753591674698797,0.004209523324470926
52.41744994174757,12.753734289156627,0.004797078299763596
52.41744994174757,12.753876903614458,0.005410483570005613
52.41744994174757,12.75401951807229,0.006043952279162018
52.41744994174757,12.754162132530121,0.006700133519244267
52.41744994174757,12.754304746987952,0.007378069069049854
52.41744994174757,12.754447361445784,0.00807415599977671
52.41744994174757,12.754589975903615,0.008792220095217837
52.41744994174757,12.754732590361446,0.00952667840004031
52.41744994174757,12.754875204819278,0.010277639421343469
52.41744994174757,12.755017819277109,0.011044345996051053
52.41744994174757,12.75516043373494,0.011833550946397032
52.41744994174757,12.755303048192772,0.01262744138281536
52.41744994174757,12.755445662650603,0.013434408251557624
52.41744994174757,12.755588277108435,0.014258242917906757
52.41744994174757,12.755730891566266,0.015089304708854539
52.41744994174757,12.755873506024097,0.01593479855499289
52.41744994174757,12.75601612048193,0.016782638759030192
52.41744994174757,12.75615873493976,0.017635988718789006
52.41744994174757,12.75630134939759,0.018500484288489105
52.41744994174757,12.756443963855423,0.01936564662670743
52.41744994174757,12.756586578313254,0.020239845638080622
52.41744994174757,12.756729192771084,0.021118026169670106
52.41744994174757,12.756871807228917,0.021995341368076772
52.41744994174757,12.757014421686748,0.022869649850586107
52.41744994174757,12.757157036144578,0.02374274465644103
52.41744994174757,12.75729965060241,0.024610432760199592
52.41744994174757,12.757442265060241,0.025477692573296445
52.41744994174757,12.757584879518072,0.026332965352087713
52.41744994174757,12.757727493975905,0.027189207620402223
52.41744994174757,12.757870108433735,0.0280320304541989
52.41744994174757,12.758012722891566,0.028867820804382424
52.41744994174757,12.758155337349399,0.02969551592189044
52.41744994174757,12.75829795180723,0.030513620815610522
52.41744994174757,12.758440566265062,0.031318900583305345
52.41744994174757,12.758583180722892,0.03211092981022759
52.41744994174757,12.758725795180723,0.032885919824334184
52.41744994174757,12.758868409638556,0.033645180730896014
52.41744994174757,12.759011024096386,0.03439154261848328
52.41744994174757,12.759153638554217,0.03511451958377238
52.41744994174757,12.75929625301205,0.035821337270194306
52.41744994174757,12.75943886746988,0.036515823830631594
52.41744994174757,12.759581481927711,0.037187586269380776
52.41744994174757,12.759724096385543,0.03783075181000471
52.41744994174757,12.759866710843374,0.03845669011467082
52.41744994174757,12.760009325301205,0.039050111064461296
52.41744994174757,12.760151939759037,0.03962405939726726
52.41744994174757,12.760294554216868,0.040176256703744806
52.41744994174757,12.760437168674699,0.040698306873631816
52.41744994174757,12.760579783132531,0.041190177534778064
52.41744994174757,12.760722397590362,0.041657398589573263
52.41744994174757,12.760865012048193,0.042104345170443994
52.41744994174757,12.761007626506025,0.04251558360753042
52.41744994174757,12.761150240963856,0.04290021540044185
52.41744994174757,12.761292855421688,0.043259288755592776
52.41744994174757,12.761435469879519,0.04358293279812255
52.41744994174757,12.76157808433735,0.043873998896635055
52.41744994174757,12.761720698795182,0.044133617209366996
52.41744994174757,12.761863313253013,0.04435978931143927
52.41744994174757,12.762005927710844,0.044555592945782777
52.41744994174757,12.762148542168676,0.04471715052426037
52.41744994174757,12.762291156626507,0.04484757280592725
52.41744994174757,12.762433771084337,0.044947482684428046
52.41744994174757,12.76257638554217,0.04501228790507628
52.41744994174757,12.762719,0.04503956776188209
52.41754267961165,12.750882,0.0
52.41754267961165,12.751024614457831,0.0
52.41754267961165,12.751167228915664,0.0
52.41754267961165,12.751309843373495,0.0
52.41754267961165,12.751452457831325,0.0
52.41754267961165,12.751595072289158,0.0
52.41754267961165,12.751737686746988,0.0
52.41754267961165,12.75188030120482,6.103515408518306e-07
52.41754267961165,12.752022915662652,0.00024958144055025705
52.41754267961165,12.752165530120482,0.0005347263155272195
52.41754267961165,12.752308144578313,0.0008500061657327721
52.41754267961165,12.752450759036146,0.001193266802017564
52.41754267961165,12.752593373493976,0.0015710085190084005
52.41754267961165,12.752735987951809,0.0019716846577938637
52.41754267961165,12.75287860240964,0.00240161807106794
52.41754267961165,12.75302121686747,0.002858926740749279
52.41754267961165,12.753163831325303,0.0033377348740667705
52.41754267961165,12.753306445783133,0.0038505622234277035
52.41754267961165,12.753449060240964,0.004389391507576025
52.41754267961165,12.753591674698797,0.004943884243105799
52.41754267961165,12.753734289156627,0.005526643410781622
52.41754267961165,12.753876903614458,0.006135122135111085
52.41754267961165,12.75401951807229,0.0067634034574446805
52.41754267961165,12.754162132530121,0.007414234721540469
52.41754267961165,12.754304746987952,0.008086655497918637
52.41754267961165,12.754447361445784,0.008777133052654446
52.41754267961165,12.754589975903615,0.00948931185663163
52.41754267961165,12.754732590361446,0.010217789692681452
52.41754267961165,12.754875204819278,0.010962598632454003
52.41754267961165,12.755017819277109,0.011723133781922138
52.41754267961165,12.75516043373494,0.012505974577039104
52.41754267961165,12.755303048192772,0.013293487101306197
52.41754267961165,12.755445662650603,0.014093852228804132
52.41754267961165,12.755588277108435,0.01491100901149605
52.41754267961165,12.755730891566266,0.0157354319557278
52.41754267961165,12.755873506024097,0.01657413234341018
52.41754267961165,12.75601612048193,0.01741514385430484
52.41754267961165,12.75615873493976,0.018261609159568686
52.41754267961165,12.75630134939759,0.019119211622847163
52.41754267961165,12.756443963855423,0.019977333435842872
52.41754267961165,12.756586578313254,0.020844523725216973
52.41754267961165,12.756729192771084,0.021715643166850464
52.41754267961165,12.756871807228917,0.022585940842980077
52.41754267961165,12.757014421686748,0.023453221948765812
52.41754267961165,12.757157036144578,0.024319251630019335
52.41754267961165,12.75729965060241,0.0251799133087421
52.41754267961165,12.757442265060241,0.026040233265257
52.41754267961165,12.757584879518072,0.02688861673958594
52.41754267961165,12.757727493975905,0.02773799620688395
52.41754267961165,12.757870108433735,0.028573994361445296
52.41754267961165,12.758012722891566,0.029403021394115735
52.41754267961165,12.758155337349399,0.030224066760864157
52.41754267961165,12.75829795180723,0.031035712474498236
52.41754267961165,12.758440566265062,0.031834477032689476
52.41754267961165,12.758583180722892,0.03262017112313691
52.41754267961165,12.758725795180723,0.0333889387118222
52.41754267961165,12.758868409638556,0.03414211223542543
52.41754267961165,12.759011024096386,0.03488247384579213
52.41754267961165,12.759153638554217,0.03559962723042401
52.41754267961165,12.75929625301205,0.036300728633066284
52.41754267961165,12.75943886746988,0.03698971893789095
52.41754267961165,12.759581481927711,0.03765608963213087
52.41754267961165,12.759724096385543,0.038294025833182685
52.41754267961165,12.759866710843374,0.038914963875310044
52.41754267961165,12.760009325301205,0.03950361424771385
52.41754267961165,12.760151939759037,0.040073038165820835
52.41754267961165,12.760294554216868,0.040620946921732654
52.41754267961165,12.760437168674699,0.041138767468898794
52.41754267961165,12.760579783132531,0.04162672342518972
52.41754267961165,12.760722397590362,0.04209020052583519
52.41754267961165,12.760865012048193,0.04253360392239699
52.41754267961165,12.761007626506025,0.042941503408765944
52.41754267961165,12.761150240963856,0.04332308778158228
52.41754267961165,12.761292855421688,0.04367932830565956
52.41754267961165,12.761435469879519,0.04400034766283038
52.41754267961165,12.76157808433735,0.04428901302806153
52.41754267961165,12.761720698795182,0.044546569781496306
52.41754267961165,12.761863313253013,0.04477092023302874
52.41754267961165,12.762005927710844,0.04496510250392663
52.41754267961165,12.762148542168676,0.04512536665929159
52.41754267961165,12.762291156626507,0.04525468239341754
52.41754267961165,12.762433771084337,0.04535371659863017
52.41754267961165,12.76257638554217,0.04541798170249073
52.41754267961165,12.762719,0.045444980124808465
52.41763541747573,12.750882,0.0
52.41763541747573,12.751024614457831,0.0
52.41763541747573,12.751167228915664,0.0
52.41763541747573,12.751309843373495,6.253973192652581e-05
52.41763541747573,12.751452457831325,0.0001936505348530558
52.41763541747573,12.751595072289158,0.00035781508694721076
52.41763541747573,12.751737686746988,0.0005490926750287787
52.41763541747573,12.75188030120482,0.0007655498833340326
52.41763541747573,12.752022915662652,0.0010124207991077717
52.41763541747573,12.752165530120482,0.001295241093531409
52.41763541747573,12.752308144578313,0.0016079158056303156
52.41763541747573,12.752450759036146,0.0019482683876841417
52.41763541747573,12.752593373493976,0.002322830039912095
52.41763541747573,12.752735987951809,0.002720289464842547
52.41763541747573,12.75287860240964,0.003146623321579085
52.41763541747573,12.75302121686747,0.003600121544189836
52.41763541747573,12.753163831325303,0.004074931658234882
52.41763541747573,12.753306445783133,0.0045835332019009975
52.41763541747573,12.753449060240964,0.005117983381667041
52.41763541747573,12.753591674698797,0.005667858692627659
52.41763541747573,12.753734289156627,0.006245736171574574
52.41763541747573,12.753876903614458,0.006849199528405006
52.41763541747573,12.75401951807229,0.007472201127945319
52.41763541747573,12.754162132530121,0.008117587234128594
52.41763541747573,12.754304746987952,0.00878439515195918
52.41763541747573,12.754447361445784,0.00946916245689718
52.41763541747573,12.754589975903615,0.01017535224266718
52.41763541747573,12.754732590361446,0.010897743826691031
52.41763541747573,12.754875204819278,0.011636292550166974
52.41763541747573,12.755017819277109,0.012390545723762126
52.41763541747573,12.75516043373494,0.013166909432403052
52.41763541747573,12.755303048192772,0.01394792961998286
52.41763541747573,12.755445662650603,0.014741576113359366
52.41763541747573,12.755588277108435,0.015551936406256085
52.41763541747573,12.755730891566266,0.016369601720359162
52.41763541747573,12.755873506024097,0.017201388135099725
52.41763541747573,12.75601612048193,0.01803544948569988
52.41763541747573,12.75615873493976,0.01887490817026618
52.41763541747573,12.75630134939759,0.019725495025461146
52.41763541747573,12.756443963855423,0.020576452844536408
52.41763541747573,12.756586578313254,0.021436510553969862
52.41763541747573,12.756729192771084,0.022300444842253655
52.41763541747573,12.756871807228917,0.023163600845459494
52.41763541747573,12.757014421686748,0.024023730697358026
52.41763541747573,12.757157036144578,0.024882571544729407
52.41763541747573,12.75729965060241,0.025736083726109388
52.41763541747573,12.757442265060241,0.026589341727844017
52.41763541747573,12.757584879518072,0.027430714310436706
52.41763541747573,12.757727493975905,0.02827311027970642
52.41763541747573,12.757870108433735,0.029102164460976153
52.41763541747573,12.758012722891566,0.029924310325345142
52.41763541747573,12.758155337349399,0.030738589256387533
52.41763541747573,12.75829795180723,0.031543661574547334
52.41763541747573,12.758440566265062,0.03233579768153156
52.41763541747573,12.758583180722892,0.03311504613527308
52.41763541747573,12.758725795180723,0.03387748207110338
52.41763541747573,12.758868409638556,0.03462446166137164
52.41763541747573,12.759011024096386,0.03535871925984652
52.41763541747573,12.759153638554217,0.03606994792741345
52.41763541747573,12.75929625301205,0.03676523434016714
52.41763541747573,12.75943886746988,0.037448632339662544
52.41763541747573,12.759581481927711,0.03810951802712842
52.41763541747573,12.759724096385543,0.03874213487139876
52.41763541747573,12.759866710843374,0.03935798630734119
52.41763541747573,12.760009325301205,0.039941783086561655
52.41763541747573,12.760151939759037,0.04050660361397523
52.41763541747573,12.760294554216868,0.04105014805756322
52.41763541747573,12.760437168674699,0.04156366627336864
52.41763541747573,12.760579783132531,0.042047638476547536
52.41763541747573,12.760722397590362,0.04250730740520242
52.41763541747573,12.760865012048193,0.042947106176344174
52.41763541747573,12.761007626506025,0.04335160968466846
52.41763541747573,12.761150240963856,0.04373009384206071
52.41763541747573,12.761292855421688,0.04408345283103212
52.41763541747573,12.761435469879519,0.0444018026646759
52.41763541747573,12.76157808433735,0.04468802700882437
52.41763541747573,12.761720698795182,0.044943486596726645
52.41763541747573,12.761863313253013,0.04516598393330844
52.41763541747573,12.762005927710844,0.04535851760561252
52.41763541747573,12.762148542168676,0.04551746609103072
52.41763541747573,12.762291156626507,0.04564565714081868
52.41763541747573,12.762433771084337,0.045743801920362676
52.41763541747573,12.76257638554217,0.04580751742943808
52.41763541747573,12.762719,0.045834229842702474
52.41772815533981,12.750882,0.000647143131739838
52.41772815533981,12.751024614457831,0.0006733922928368282
52.41772815533981,12.751167228915664,0.0007381100662063288
52.41772815533981,12.751309843373495,0.0008332497543687045
52.41772815533981,12.751452457831325,0.0009632599042375279
52.41772815533981,12.751595072289158,0.0011260921555902841
52.41772815533981,12.751737686746988,0.0013158373858167772
52.41772815533981,12.75188030120482,0.001530399779297564
52.41772815533981,12.752022915662652,0.001775140407864738
52.41772815533981,12.752165530120482,0.002055602261904834
52.41772815533981,12.752308144578313,0.0023656347825277216
52.41772815533981,12.752450759036146,0.0027030386322080347
52.41772815533981,12.752593373493976,0.0030743756061452935
52.41772815533981,12.752735987951809,0.0034685713402673787
52.41772815533981,12.75287860240964,0.00389125466619238
52.41772815533981,12.75302121686747,0.004340888194185899
52.41772815533981,12.753163831325303,0.004811643004570204
52.41772815533981,12.753306445783133,0.0053159587756498716
52.41772815533981,12.753449060240964,0.005845966917675587
52.41772815533981,12.753591674698797,0.006391158711709733
52.41772815533981,12.753734289156627,0.006964085647709619
52.41772815533981,12.753876903614458,0.0075624622733764125
52.41772815533981,12.75401951807229,0.008180109676868608
52.41772815533981,12.754162132530121,0.008819973860282236
52.41772815533981,12.754304746987952,0.009481089900040561
52.41772815533981,12.754447361445784,0.010160066101564096
52.41772815533981,12.754589975903615,0.010860183217597234
52.41772815533981,12.754732590361446,0.011576403161835764
52.41772815533981,12.754875204819278,0.012308604804092179
52.41772815533981,12.755017819277109,0.013056486605773682
52.41772815533981,12.75516043373494,0.013826282488079274
52.41772815533981,12.755303048192772,0.014600718391563218
52.41772815533981,12.755445662650603,0.015387552687113908
52.41772815533981,12.755588277108435,0.01619102172740136
52.41772815533981,12.755730891566266,0.017001833725838224
52.41772815533981,12.755873506024097,0.017826609330670443
52.41772815533981,12.75601612048193,0.018653622814914426
52.41772815533981,12.75615873493976,0.019485977231432677
52.41772815533981,12.75630134939759,0.02032945002373645
52.41772815533981,12.756443963855423,0.0211731445822857
52.41772815533981,12.756586578313254,0.022025970584912014
52.41772815533981,12.756729192771084,0.022882620463412287
52.41772815533981,12.756871807228917,0.02373853574384601
52.41772815533981,12.757014421686748,0.024591414941386246
52.41772815533981,12.757157036144578,0.02544296773433228
52.41772815533981,12.75729965060241,0.026289231914204833
52.41772815533981,12.757442265060241,0.027135330137097177
52.41772815533981,12.757584879518072,0.027969594930063582
52.41772815533981,12.757727493975905,0.028804910714363294
52.41772815533981,12.757870108433735,0.029626925260740684
52.41772815533981,12.758012722891566,0.030442095500416717
52.41772815533981,12.758155337349399,0.031249515039983224
52.41772815533981,12.75829795180723,0.03204792291678571
52.41772815533981,12.758440566265062,0.03283334014528853
52.41772815533981,12.758583180722892,0.033606054726348325
52.41772815533981,12.758725795180723,0.03436207183070597
52.41772815533981,12.758868409638556,0.035102772520849625
52.41772815533981,12.759011024096386,0.035830843093066604
52.41772815533981,12.759153638554217,0.036536066045164045
52.41772815533981,12.75929625301205,0.03722545881098907
52.41772815533981,12.75943886746988,0.03790318808919896
52.41772815533981,12.759581481927711,0.03855851478568717
52.41772815533981,12.759724096385543,0.039185740565939944
52.41772815533981,12.759866710843374,0.03979643649475386
52.41772815533981,12.760009325301205,0.04037531325366966
52.41772815533981,12.760151939759037,0.04093546727250423
52.41772815533981,12.760294554216868,0.04147458716904617
52.41772815533981,12.760437168674699,0.04198374524923555
52.41772815533981,12.760579783132531,0.042463678898304845
52.41772815533981,12.760722397590362,0.04291948825144345
52.41772815533981,12.760865012048193,0.04335563406708561
52.41772815533981,12.761007626506025,0.04375669630233385
52.41772815533981,12.761150240963856,0.04413203839511178
52.41772815533981,12.761292855421688,0.04448247704740394
52.41772815533981,12.761435469879519,0.044798121660501775
52.41772815533981,12.76157808433735,0.045081872843657694
52.41772815533981,12.761720698795182,0.04533520696791108
52.41772815533981,12.761863313253013,0.04555582614267891
52.41772815533981,12.762005927710844,0.04574668940777926
52.41772815533981,12.762148542168676,0.04590430416175603
52.41772815533981,12.762291156626507,0.04603135579169264
52.41772815533981,12.762433771084337,0.046128600008144616
52.41772815533981,12.76257638554217,0.046191758603494705
52.41772815533981,12.762719,0.046218181355831216
52.41782089320388,12.750882,0.0014152520849191512
52.41782089320388,12.751024614457831,0.0014411919631181509
52.41782089320388,12.751167228915664,0.001505359282350141
52.41782089320388,12.751309843373495,0.0015995829526369667
52.41782089320388,12.751452457831325,0.0017284740596179566
52.41782089320388,12.751595072289158,0.0018899516725837742
52.41782089320388,12.751737686746988,0.002078137842403945
52.41782089320388,12.75188030120482,0.0022907741490253266
52.41782089320388,12.752022915662652,0.002533349218160478
52.41782089320388,12.752165530120482,0.0028114131005225126
52.41782089320388,12.752308144578313,0.003118759337610748
52.41782089320388,12.752450759036146,0.0034531667157876385
52.41782089320388,12.752593373493976,0.003821226510421932
52.41782089320388,12.752735987951809,0.0042121027756447
52.41782089320388,12.75287860240964,0.004631075530811197
52.41782089320388,12.75302121686747,0.005076780302652213
52.41782089320388,12.753163831325303,0.005543412049323133
52.41782089320388,12.753306445783133,0.006043370977634218
52.41782089320388,12.753449060240964,0.006568862669264456
52.41782089320388,12.753591674698797,0.007109293095978482
52.41782089320388,12.753734289156627,0.007677188008406444
52.41782089320388,12.753876903614458,0.008270393639324499
52.41782089320388,12.75401951807229,0.008882599115997567
52.41782089320388,12.754162132530121,0.00951685059622252
52.41782089320388,12.754304746987952,0.010172181665594393
52.41782089320388,12.754447361445784,0.0108452705368418
52.41782089320388,12.754589975903615,0.01153921616908729
52.41782089320388,12.754732590361446,0.012249162961980588
52.41782089320388,12.754875204819278,0.01297491401294439
52.41782089320388,12.755017819277109,0.013716318679397176
52.41782089320388,12.75516043373494,0.014479439064547763
52.41782089320388,12.755303048192772,0.01524718134656773
52.41782089320388,12.755445662650603,0.016027092099825623
52.41782089320388,12.755588277108435,0.01682355659274719
52.41782089320388,12.755730891566266,0.017627401479945654
52.41782089320388,12.755873506024097,0.018445051117828577
52.41782089320388,12.75601612048193,0.019264900134382673
52.41782089320388,12.75615873493976,0.020090032911496566
52.41782089320388,12.75630134939759,0.020926273748918502
52.41782089320388,12.756443963855423,0.021762586513778923
52.41782089320388,12.756586578313254,0.022608061748213833
52.41782089320388,12.756729192771084,0.023457308117111178
52.41782089320388,12.756871807228917,0.02430586312745331
52.41782089320388,12.757014421686748,0.025151372595643505
52.41782089320388,12.757157036144578,0.02599551841155858
52.41782089320388,12.75729965060241,0.026834415736838105
52.41782089320388,12.757442265060241,0.02767323651137689
52.41782089320388,12.757584879518072,0.028500276171145436
52.41782089320388,12.757727493975905,0.029328395764182082
52.41782089320388,12.757870108433735,0.03014325573114581
52.41782089320388,12.758012722891566,0.03095133627624081
52.41782089320388,12.758155337349399,0.03175178397192128
52.41782089320388,12.75829795180723,0.03254341690120977
52.41782089320388,12.758440566265062,0.033322005990006294
52.41782089320388,12.758583180722892,0.034088079776965374
52.41782089320388,12.758725795180723,0.0348375727370871
52.41782089320388,12.758868409638556,0.03557189148918467
52.41782089320388,12.759011024096386,0.03629367459003157
52.41782089320388,12.759153638554217,0.03699279336792244
52.41782089320388,12.75929625301205,0.037676196584680716
52.41782089320388,12.75943886746988,0.03834816411661146
52.41782089320388,12.759581481927711,0.038997841581592654
52.41782089320388,12.759724096385543,0.03961958905268532
52.41782089320388,12.759866710843374,0.04022504527647253
52.41782089320388,12.760009325301205,0.0407989212493085
52.41782089320388,12.760151939759037,0.04135433143974549
52.41782089320388,12.760294554216868,0.041888952555966835
52.41782089320388,12.760437168674699,0.04239367976560177
52.41782089320388,12.760579783132531,0.042869508113429836
52.41782089320388,12.760722397590362,0.04332139542252694
52.41782089320388,12.760865012048193,0.043753828559147265
52.41782089320388,12.761007626506025,0.04415139431891503
52.41782089320388,12.761150240963856,0.0445235431879619
52.41782089320388,12.761292855421688,0.044871014053645686
52.41782089320388,12.761435469879519,0.04518391011384634
52.41782089320388,12.76157808433735,0.045465148905960116
52.41782089320388,12.761720698795182,0.04571632228846556
52.41782089320388,12.761863313253013,0.045935032748885885
52.41782089320388,12.762005927710844,0.046124199125693544
52.41782089320388,12.762148542168676,0.04628045829539351
52.41782089320388,12.762291156626507,0.04640635292819292
52.41782089320388,12.762433771084337,0.04650268354274683
52.41782089320388,12.76257638554217,0.046565276361643176
52.41782089320388,12.762719,0.046591404804173286
52.41791363106796,12.750882,0.0021629632983449793
52.41791363106796,12.751024614457831,0.002188588402341778
52.41791363106796,12.751167228915664,0.002252194307459169
52.41791363106796,12.751309843373495,0.002345486054173986
52.41791363106796,12.751452457831325,0.0024732363751279384
52.41791363106796,12.751595072289158,0.002633333037414644
52.41791363106796,12.751737686746988,0.002819928919519321
52.41791363106796,12.75188030120482,0.0030306025041671146
52.41791363106796,12.752022915662652,0.0032709706758605895
52.41791363106796,12.752165530120482,0.0035465901855157344
52.41791363106796,12.752308144578313,0.0038511986090019007
52.41791363106796,12.752450759036146,0.004182552815936831
52.41791363106796,12.752593373493976,0.0045472740751677145
52.41791363106796,12.752735987951809,0.004934765115129591
52.41791363106796,12.75287860240964,0.0053499565763270975
52.41791363106796,12.75302121686747,0.005791657601396444
52.41791363106796,12.753163831325303,0.0062540867906392735
52.41791363106796,12.753306445783133,0.0067496054453371705
52.41791363106796,12.753449060240964,0.007270492951078522
52.41791363106796,12.753591674698797,0.007806070324118948
52.41791363106796,12.753734289156627,0.008368837377838919
52.41791363106796,12.753876903614458,0.008956772622022081
52.41791363106796,12.75401951807229,0.009563432878336723
52.41791363106796,12.754162132530121,0.010191965002418715
52.41791363106796,12.754304746987952,0.010841401097739754
52.41791363106796,12.754447361445784,0.011508489764532816
52.41791363106796,12.754589975903615,0.012196147904405378
52.41791363106796,12.754732590361446,0.012899702622974067
52.41791363106796,12.754875204819278,0.013618882106584518
52.41791363106796,12.755017819277109,0.014353685720497982
52.41791363106796,12.75516043373494,0.015110004247020997
52.41791363106796,12.755303048192772,0.015870924104169598
52.41791363106796,12.755445662650603,0.01664378036983093
52.41791363106796,12.755588277108435,0.017433107813465028
52.41791363106796,12.755730891566266,0.01822985177684063
52.41791363106796,12.755873506024097,0.0190402402312776
52.41791363106796,12.75601612048193,0.019852788258940532
52.41791363106796,12.75615873493976,0.02067056227647132
52.41791363106796,12.75630134939759,0.021499432756159943
52.41791363106796,12.756443963855423,0.02232822484159521
52.41791363106796,12.756586578313254,0.023166209792629653
52.41791363106796,12.756729192771084,0.0240079130933381
52.41791363106796,12.756871807228917,0.02484896778591712
52.41791363106796,12.757014421686748,0.0256869678102441
52.41791363106796,12.757157036144578,0.026523567351603917
52.41791363106796,12.75729965060241,0.02735495878807074
52.41791363106796,12.757442265060241,0.028186364330076066
52.41791363106796,12.757584879518072,0.02900604160333556
52.41791363106796,12.757727493975905,0.029826828632210214
52.41791363106796,12.757870108433735,0.03063439904214738
52.41791363106796,12.758012722891566,0.031435256574255596
52.41791363106796,12.758155337349399,0.032228600744563
52.41791363106796,12.75829795180723,0.033013329263281196
52.41791363106796,12.758440566265062,0.0337849625726276
52.41791363106796,12.758583180722892,0.03454427005502063
52.41791363106796,12.758725795180723,0.03528711532258234
52.41791363106796,12.758868409638556,0.03601493135691459
52.41791363106796,12.759011024096386,0.03673030947079439
52.41791363106796,12.759153638554217,0.037423209155958245
52.41791363106796,12.75929625301205,0.03810051101903132
52.41791363106796,12.75943886746988,0.03876660803375907
52.41791363106796,12.759581481927711,0.03941053059412457
52.41791363106796,12.759724096385543,0.04002669789167265
52.41791363106796,12.759866710843374,0.04062681607446618
52.41791363106796,12.760009325301205,0.041195596743369985
52.41791363106796,12.760151939759037,0.041746172833806466
52.41791363106796,12.760294554216868,0.04227620898625689
52.41791363106796,12.760437168674699,0.04277642306793542
52.41791363106796,12.760579783132531,0.043248067743019196
52.41791363106796,12.760722397590362,0.04369596000248875
52.41791363106796,12.760865012048193,0.04412461111154776
52.41791363106796,12.761007626506025,0.04451861556943605
52.41791363106796,12.761150240963856,0.04488751107140574
52.41791363106796,12.761292855421688,0.04523195848424956
52.41791363106796,12.761435469879519,0.04554205526831768
52.41791363106796,12.76157808433735,0.045820736163609904
52.41791363106796,12.761720698795182,0.046069708461623796
52.41791363106796,12.761863313253013,0.04628647427569301
52.41791363106796,12.762005927710844,0.04647391303135805
52.41791363106796,12.762148542168676,0.046628790816738895
52.41791363106796,12.762291156626507,0.04675350769226698
52.41791363106796,12.762433771084337,0.046848909246458716
52.41791363106796,12.76257638554217,0.0469109256901764
52.41791363106796,12.762719,0.046936754879609056
52.41800636893204,12.750882,0.0029086499301820548
52.41800636893204,12.751024614457831,0.0029339578200423024
52.41800636893204,12.751167228915664,0.002996997612597752
52.41800636893204,12.751309843373495,0.0030893500720639805
52.41800636893204,12.751452457831325,0.003215949627241085
52.41800636893204,12.751595072289158,0.0033746530669441326
52.41800636893204,12.751737686746988,0.003559644100605431
52.41800636893204,12.75188030120482,0.003768338040655414
52.41800636893204,12.752022915662652,0.00400648038701196
52.41800636893204,12.752165530120482,0.004279633840119734
52.41800636893204,12.752308144578313,0.004581480763927762
52.41800636893204,12.752450759036146,0.004909755759196785
52.41800636893204,12.752593373493976,0.005271109659007359
52.41800636893204,12.752735987951809,0.005655185077020045
52.41800636893204,12.75287860240964,0.006066562329130993
52.41800636893204,12.75302121686747,0.0065042244063513764
52.41800636893204,12.753163831325303,0.006962413900380956
52.41800636893204,12.753306445783133,0.0074534538323198255
52.41800636893204,12.753449060240964,0.0079696964570029
52.41800636893204,12.753591674698797,0.008500378431188421
52.41800636893204,12.753734289156627,0.009057973221384803
52.41800636893204,12.753876903614458,0.009640591833338855
52.41800636893204,12.75401951807229,0.010241659048624195
52.41800636893204,12.754162132530121,0.010864422653391218
52.41800636893204,12.754304746987952,0.011507912921650673
52.41800636893204,12.754447361445784,0.012168949016820883
52.41800636893204,12.754589975903615,0.01285026603014431
52.41800636893204,12.754732590361446,0.013547373563429733
52.41800636893204,12.754875204819278,0.01425992496905078
52.41800636893204,12.755017819277109,0.014988069689075133
52.41800636893204,12.75516043373494,0.01573752742012817
52.41800636893204,12.755303048192772,0.016491565042889258
52.41800636893204,12.755445662650603,0.017257305675741512
52.41800636893204,12.755588277108435,0.018039434089529148
52.41800636893204,12.755730891566266,0.01882901463940085
52.41800636893204,12.755873506024097,0.01963207875192295
52.41800636893204,12.75601612048193,0.020437261915639975
52.41800636893204,12.75615873493976,0.02124761283429339
52.41800636893204,12.75630134939759,0.02206904856073437
52.41800636893204,12.756443963855423,0.022890255150467873
52.41800636893204,12.756586578313254,0.023720684799985715
52.41800636893204,12.756729192771084,0.024554779924685372
52.41800636893204,12.756871807228917,0.025388268765038427
52.41800636893204,12.757014421686748,0.02621869371308224
52.41800636893204,12.757157036144578,0.0270476814128464
52.41800636893204,12.75729965060241,0.027871501818505822
52.41800636893204,12.757442265060241,0.02869542748631016
52.41800636893204,12.757584879518072,0.029507677831026757
52.41800636893204,12.757727493975905,0.03032106813421105
52.41800636893204,12.757870108433735,0.031121285483409183
52.41800636893204,12.758012722891566,0.03191485686738688
52.41800636893204,12.758155337349399,0.03270103563561361
52.41800636893204,12.75829795180723,0.03347879896398329
52.41800636893204,12.758440566265062,0.034243416170776454
52.41800636893204,12.758583180722892,0.034995898280591964
52.41800636893204,12.758725795180723,0.03573203760452174
52.41800636893204,12.758868409638556,0.036453293914368315
52.41800636893204,12.759011024096386,0.03716221180499693
52.41800636893204,12.759153638554217,0.03784883825497011
52.41800636893204,12.75929625301205,0.03851998597512353
52.41800636893204,12.75943886746988,0.03918016090660434
52.41800636893204,12.759581481927711,0.03981827848886616
52.41800636893204,12.759724096385543,0.040428817554330684
52.41800636893204,12.759866710843374,0.04102355155034641
52.41800636893204,12.760009325301205,0.041587192021022616
52.41800636893204,12.760151939759037,0.04213289128332811
52.41800636893204,12.760294554216868,0.0426583012455482
52.41800636893204,12.760437168674699,0.04315396332629874
52.41800636893204,12.760579783132531,0.04362138735442754
52.41800636893204,12.760722397590362,0.044065249589373155
52.41800636893204,12.760865012048193,0.044490085758416814
52.41800636893204,12.761007626506025,0.044880498366701785
52.41800636893204,12.761150240963856,0.04524611199187793
52.41800636893204,12.761292855421688,0.045587509433201966
52.41800636893204,12.761435469879519,0.045894783032813455
52.41800636893204,12.76157808433735,0.0461708842212506
52.41800636893204,12.761720698795182,0.04641763607196126
52.41800636893204,12.761863313253013,0.046632440671732396
52.41800636893204,12.762005927710844,0.046818137123063666
52.41800636893204,12.762148542168676,0.046971621457062185
52.41800636893204,12.762291156626507,0.04709515091169365
52.41800636893204,12.762433771084337,0.047189616292556275
52.41800636893204,12.76257638554217,0.047251051009917375
52.41800636893204,12.762719,0.047276578370549376
52.41809910679612,12.750882,0.0036453728061006324
52.41809910679612,12.751024614457831,0.003670359857736861
52.41809910679612,12.751167228915664,0.003732826273296281
52.41809910679612,12.751309843373495,0.003824228854758994
52.41809910679612,12.751452457831325,0.003949662866798438
52.41809910679612,12.751595072289158,0.004106954933814556
52.41809910679612,12.751737686746988,0.004290319663842993
52.41809910679612,12.75188030120482,0.004497008599673138
52.41809910679612,12.752022915662652,0.004732896604438857
52.41809910679612,12.752165530120482,0.005003552164074549
52.41809910679612,12.752308144578313,0.00530260213023993
52.41809910679612,12.752450759036146,0.0056277594643791215
52.41809910679612,12.752593373493976,0.0059857040577207445
52.41809910679612,12.752735987951809,0.006366319251018853
52.41809910679612,12.75287860240964,0.006773834023388959
52.41809910679612,12.75302121686747,0.007207405894305297
52.41809910679612,12.753163831325303,0.007661301643037155
52.41809910679612,12.753306445783133,0.008147806154158634
52.41809910679612,12.753449060240964,0.00865934388564887
52.41809910679612,12.753591674698797,0.009185067692887508
52.41809910679612,12.753734289156627,0.009737424705103153
52.41809910679612,12.753876903614458,0.010314658889849055
52.41809910679612,12.75401951807229,0.010910062840642339
52.41809910679612,12.754162132530121,0.011526984901875405
52.41809910679612,12.754304746987952,0.012164454732566757
52.41809910679612,12.754447361445784,0.012819361033333684
52.41809910679612,12.754589975903615,0.013494258021759211
52.41809910679612,12.754732590361446,0.014184837293458272
52.41809910679612,12.754875204819278,0.01489067856238636
52.41809910679612,12.755017819277109,0.015612079461782192
52.41809910679612,12.75516043373494,0.016354590499533018
52.41809910679612,12.755303048192772,0.017101658178671528
52.41809910679612,12.755445662650603,0.01786019435654698
52.41809910679612,12.755588277108435,0.01863503351554518
52.41809910679612,12.755730891566266,0.019417359735413434
52.41809910679612,12.755873506024097,0.020213007824195186
52.41809910679612,12.75601612048193,0.021010733079108286
52.41809910679612,12.75615873493976,0.0218135680765058
52.41809910679612,12.75630134939759,0.022627475045605437
52.41809910679612,12.756443963855423,0.023441002184893395
52.41809910679612,12.756586578313254,0.024263781941811245
52.41809910679612,12.756729192771084,0.025090174658288753
52.41809910679612,12.756871807228917,0.025916002923047354
52.41809910679612,12.757014421686748,0.026738758442430184
52.41809910679612,12.757157036144578,0.02756004015321318
52.41809910679612,12.75729965060241,0.02837619559001859
52.41809910679612,12.757442265060241,0.02919254815545642
52.41809910679612,12.757584879518072,0.029997279041448725
52.41809910679612,12.757727493975905,0.03080318072429076
52.41809910679612,12.757870108433735,0.03159595453003058
52.41809910679612,12.758012722891566,0.032382150344202054
52.41809910679612,12.758155337349399,0.033161074852723224
52.41809910679612,12.75829795180723,0.03393178583621495
52.41809910679612,12.758440566265062,0.03468930117538445
52.41809910679612,12.758583180722892,0.03543487401328911
52.41809910679612,12.758725795180723,0.0361642242801231
52.41809910679612,12.758868409638556,0.036878839987654025
52.41809910679612,12.759011024096386,0.0375812186894926
52.41809910679612,12.759153638554217,0.03826149453621199
52.41809910679612,12.75929625301205,0.03892641319115789
52.41809910679612,12.75943886746988,0.039580592809819536
52.41809910679612,12.759581481927711,0.04021283497937027
52.41809910679612,12.759724096385543,0.0408176776546372
52.41809910679612,12.759866710843374,0.041406961756537436
52.41809910679612,12.760009325301205,0.041965398609892034
52.41809910679612,12.760151939759037,0.04250616049175787
52.41809910679612,12.760294554216868,0.04302688616517722
52.41809910679612,12.760437168674699,0.04351794103650568
52.41809910679612,12.760579783132531,0.043981091861367075
52.41809910679612,12.760722397590362,0.04442087551361057
52.41809910679612,12.760865012048193,0.0448418501552168
52.41809910679612,12.761007626506025,0.04522862787433707
52.41809910679612,12.761150240963856,0.04559091970143583
52.41809910679612,12.761292855421688,0.04592923011506274
52.41809910679612,12.761435469879519,0.04623364651929093
52.41809910679612,12.76157808433735,0.04650713773237583
52.41809910679612,12.761720698795182,0.04675164186508169
52.41809910679612,12.761863313253013,0.04696446118624683
52.41809910679612,12.762005927710844,0.047148394349114386
52.41809910679612,12.762148542168676,0.0473004679378937
52.41809910679612,12.762291156626507,0.04742279615844644
52.41809910679612,12.762433771084337,0.04751631490774674
52.41809910679612,12.76257638554217,0.0475771607504292
52.41809910679612,12.762719,0.04760238278386878
52.41819184466019,12.750882,0.004368020353247754
52.41819184466019,12.751024614457831,0.004392686057526007
52.41819184466019,12.751167228915664,0.0044545784343881225
52.41819184466019,12.751309843373495,0.004545030003526287
52.41819184466019,12.751452457831325,0.004669296444218355
52.41819184466019,12.751595072289158,0.004825174555528465
52.41819184466019,12.751737686746988,0.005006910378707415
52.41819184466019,12.75188030120482,0.00521159128739516
52.41819184466019,12.752022915662652,0.005445221662154215
52.41819184466019,12.752165530120482,0.005713375633607515
52.41819184466019,12.752308144578313,0.006009624705680772
52.41819184466019,12.752450759036146,0.006331660318825754
52.41819184466019,12.752593373493976,0.006686190392933273
52.41819184466019,12.752735987951809,0.0070633400528222305
52.41819184466019,12.75287860240964,0.007466986964308978
52.41819184466019,12.75302121686747,0.007896462824153691
52.41819184466019,12.753163831325303,0.008346058423945145
52.41819184466019,12.753306445783133,0.00882802087938639
52.41819184466019,12.753449060240964,0.009334847120284411
52.41819184466019,12.753591674698797,0.009855605754339454
52.41819184466019,12.753734289156627,0.010402717699415389
52.41819184466019,12.753876903614458,0.010974560055368916
52.41819184466019,12.75401951807229,0.01156429289618996
52.41819184466019,12.754162132530121,0.012175365369920494
52.41819184466019,12.754304746987952,0.012806806511026652
52.41819184466019,12.754447361445784,0.013455574470130249
52.41819184466019,12.754589975903615,0.014124042927448576
52.41819184466019,12.754732590361446,0.014808084955810355
52.41819184466019,12.754875204819278,0.015507207299366199
52.41819184466019,12.755017819277109,0.016221854702914366
52.41819184466019,12.75516043373494,0.0169574092611875
52.41819184466019,12.755303048192772,0.017697497163870694
52.41819184466019,12.755445662650603,0.018448818785289804
52.41819184466019,12.755588277108435,0.01921635842393048
52.41819184466019,12.755730891566266,0.019991419974198375
52.41819184466019,12.755873506024097,0.020779641834140734
52.41819184466019,12.75601612048193,0.021569898707547913
52.41819184466019,12.75615873493976,0.02236520734052465
52.41819184466019,12.75630134939759,0.0231715751128319
52.41819184466019,12.756443963855423,0.023977412452083062
52.41819184466019,12.756586578313254,0.024792531762547837
52.41819184466019,12.756729192771084,0.025611211729320637
52.41819184466019,12.756871807228917,0.026429368483984705
52.41819184466019,12.757014421686748,0.027244443904936105
52.41819184466019,12.757157036144578,0.028058009662486814
52.41819184466019,12.75729965060241,0.028866489555495978
52.41819184466019,12.757442265060241,0.029675259041590386
52.41819184466019,12.757584879518072,0.03047245996304458
52.41819184466019,12.757727493975905,0.03127086236767218
52.41819184466019,12.757870108433735,0.03205618209794102
52.41819184466019,12.758012722891566,0.03283499191305046
52.41819184466019,12.758155337349399,0.03360665239538654
52.41819184466019,12.75829795180723,0.03437030135680366
52.41819184466019,12.758440566265062,0.03512070492130277
52.41819184466019,12.758583180722892,0.03585935894248389
52.41819184466019,12.758725795180723,0.03658191055331811
52.41819184466019,12.758868409638556,0.03728987610830703
52.41819184466019,12.759011024096386,0.03798570725766915
52.41819184466019,12.759153638554217,0.038659623972572596
52.41819184466019,12.75929625301205,0.03931830554898898
52.41819184466019,12.75943886746988,0.039966481278878245
52.41819184466019,12.759581481927711,0.040592839797106456
52.41819184466019,12.759724096385543,0.04119197858315357
52.41819184466019,12.759866710843374,0.041775805578386636
52.41819184466019,12.760009325301205,0.0423290316176722
52.41819184466019,12.760151939759037,0.042864849335321205
52.41819184466019,12.760294554216868,0.043380883974402804
52.41819184466019,12.760437168674699,0.04386732557225711
52.41819184466019,12.760579783132531,0.04432619740165138
52.41819184466019,12.760722397590362,0.04476189733494903
52.41819184466019,12.760865012048193,0.0451790053506381
52.41819184466019,12.761007626506025,0.04556214339500272
52.41819184466019,12.761150240963856,0.045921109293888644
52.41819184466019,12.761292855421688,0.046256328428777756
52.41819184466019,12.761435469879519,0.046557883736801156
52.41819184466019,12.76157808433735,0.04682876180083426
52.41819184466019,12.761720698795182,0.047071015048490567
52.41819184466019,12.761863313253013,0.04728184682591109
52.41819184466019,12.762005927710844,0.0474640147448656
52.41819184466019,12.762148542168676,0.04761467573613329
52.41819184466019,12.762291156626507,0.04773580096884263
52.41819184466019,12.762433771084337,0.04782837220131398
52.41819184466019,12.76257638554217,0.0478886283837432
52.41819184466019,12.762719,0.047913544737457806
52.41828458252427,12.750882,0.005078273811367679
52.41828458252427,12.751024614457831,0.005102611096106634
52.41828458252427,12.751167228915664,0.005163914810879725
52.41828458252427,12.751309843373495,0.005253394480288282
52.41828458252427,12.751452457831325,0.0053764649039249966
52.41828458252427,12.751595072289158,0.005530893983209689
52.41828458252427,12.751737686746988,0.005710958675404267
52.41828458252427,12.75188030120482,0.00591358268836756
52.41828458252427,12.752022915662652,0.006144899879933967
52.41828458252427,12.752165530120482,0.006410489811413413
52.41828458252427,12.752308144578313,0.006703868973786569
52.41828458252427,12.752450759036146,0.007022707544114445
52.41828458252427,12.752593373493976,0.007373741367003653
52.41828458252427,12.752735987951809,0.0077473375203269326
52.41828458252427,12.75287860240964,0.008147022294311473
52.41828458252427,12.75302121686747,0.008572301675199488
52.41828458252427,12.753163831325303,0.009017490617161313
52.41828458252427,12.753306445783133,0.009494799567896783
52.41828458252427,12.753449060240964,0.009996796423634663
52.41828458252427,12.753591674698797,0.010512466892056954
52.41828458252427,12.753734289156627,0.01105420573475506
52.41828458252427,12.753876903614458,0.011620523318150803
52.41828458252427,12.75401951807229,0.012204447315577807
52.41828458252427,12.754162132530121,0.012809527662867286
52.41828458252427,12.754304746987952,0.013434793827545343
52.41828458252427,12.754447361445784,0.01407727253123264
52.41828458252427,12.754589975903615,0.01473915807990413
52.41828458252427,12.754732590361446,0.015416504123564283
52.41828458252427,12.754875204819278,0.016108745817112715
52.41828458252427,12.755017819277109,0.016816473678056942
52.41828458252427,12.75516043373494,0.017544903218741525
52.41828458252427,12.755303048192772,0.018277839683800798
52.41828458252427,12.755445662650603,0.019021772571593216
52.41828458252427,12.755588277108435,0.019781836158538568
52.41828458252427,12.755730891566266,0.02054945432975263
52.41828458252427,12.755873506024097,0.021330069490113283
52.41828458252427,12.75601612048193,0.022112675695806105
52.41828458252427,12.75615873493976,0.022900275008410846
52.41828458252427,12.75630134939759,0.02369891913361105
52.41828458252427,12.756443963855423,0.02449688196141037
52.41828458252427,12.756586578313254,0.025304155473139408
52.41828458252427,12.756729192771084,0.026114937294624597
52.41828458252427,12.756871807228917,0.02692523666833394
52.41828458252427,12.757014421686748,0.027732446117325536
52.41828458252427,12.757157036144578,0.0285381105796637
52.41828458252427,12.75729965060241,0.029338730091680656
52.41828458252427,12.757442265060241,0.03013973307266283
52.41828458252427,12.757584879518072,0.030929221590466405
52.41828458252427,12.757727493975905,0.03171994415622428
52.41828458252427,12.757870108433735,0.03249763099414338
52.41828458252427,12.758012722891566,0.033268878037566764
52.41828458252427,12.758155337349399,0.034033099564973336
52.41828458252427,12.75829795180723,0.034789514272311986
52.41828458252427,12.758440566265062,0.03553263679832482
52.41828458252427,12.758583180722892,0.03626420576982424
52.41828458252427,12.758725795180723,0.03697979515350161
52.41828458252427,12.758868409638556,0.03768095078240271
52.41828458252427,12.759011024096386,0.03837007850492679
52.41828458252427,12.759153638554217,0.039037483372981296
52.41828458252427,12.75929625301205,0.03968977971447932
52.41828458252427,12.75943886746988,0.04033180732776579
52.41828458252427,12.759581481927711,0.040952143016015186
52.41828458252427,12.759724096385543,0.041545443226015846
52.41828458252427,12.759866710843374,0.04212368339829034
52.41828458252427,12.760009325301205,0.04267157355215739
52.41828458252427,12.760151939759037,0.0432023271523465
52.41828458252427,12.760294554216868,0.04371355616716931
52.41828458252427,12.760437168674699,0.044195275752764655
52.41828458252427,12.760579783132531,0.04464976464184069
52.41828458252427,12.760722397590362,0.04508128362670656
52.41828458252427,12.760865012048193,0.04549443318956283
52.41828458252427,12.761007626506025,0.04587384617384095
52.41828458252427,12.761150240963856,0.04622940655560387
52.41828458252427,12.761292855421688,0.046561461116212385
52.41828458252427,12.761435469879519,0.046860088378386296
52.41828458252427,12.76157808433735,0.047128293050186405
52.41828458252427,12.761720698795182,0.04736824151100187
52.41828458252427,12.761863313253013,0.047577038527340826
52.41828458252427,12.762005927710844,0.04775740052889753
52.41828458252427,12.762148542168676,0.047906614847252144
52.41828458252427,12.762291156626507,0.04802651016714066
52.41828458252427,12.762433771084337,0.04811811381775412
52.41828458252427,12.76257638554217,0.04817776659224541
52.41828458252427,12.762719,0.048202370565372084
52.41837732038835,12.750882,0.0057761736332835704
52.41837732038835,12.751024614457831,0.005800181047744778
52.41837732038835,12.751167228915664,0.005860893208266892
52.41837732038835,12.751309843373495,0.005949397012996894
52.41837732038835,12.751452457831325,0.006071264934483331
52.41837732038835,12.751595072289158,0.006224237102412102
52.41837732038835,12.751737686746988,0.006402621482402652
52.41837732038835,12.75188030120482,0.006603178091578743
52.41837732038835,12.752022915662652,0.00683217049236354
52.41837732038835,12.752165530120482,0.007095183047052937
52.41837732038835,12.752308144578313,0.007385677729249635
52.41837732038835,12.752450759036146,0.007701303671232728
52.41837732038835,12.752593373493976,0.008048823953332012
52.41837732038835,12.752735987951809,0.008418847613966478
52.41837732038835,12.75287860240964,0.008814550305361806
52.41837732038835,12.75302121686747,0.009235611981132439
52.41837732038835,12.753163831325303,0.009676371712186587
52.41837732038835,12.753306445783133,0.01014900371169372
52.41837732038835,12.753449060240964,0.010646146359321798
52.41837732038835,12.753591674698797,0.011156702833551399
52.41837732038835,12.753734289156627,0.011693042106972305
52.41837732038835,12.753876903614458,0.012253806693318502
52.41837732038835,12.75401951807229,0.012831893357785795
52.41837732038835,12.754162132530121,0.013430952081887028
52.41837732038835,12.754304746987952,0.014050012530586483
52.41837732038835,12.754447361445784,0.014686170108231318
52.41837732038835,12.754589975903615,0.015341440735179072
52.41837732038835,12.754732590361446,0.016012057874355532
52.41837732038835,12.754875204819278,0.016697385700349097
52.41837732038835,12.755017819277109,0.017398159410587418
52.41837732038835,12.75516043373494,0.01811942883941197
52.41837732038835,12.755303048192772,0.018845177787713746
52.41837732038835,12.755445662650603,0.019581685812228196
52.41837732038835,12.755588277108435,0.0203342365642109
52.41837732038835,12.755730891566266,0.021094374160686734
52.41837732038835,12.755873506024097,0.02186734529057911
52.41837732038835,12.75601612048193,0.022642262852365563
52.41837732038835,12.75615873493976,0.023422115177419715
52.41837732038835,12.75630134939759,0.024212997341858465
52.41837732038835,12.756443963855423,0.025003047715577556
52.41837732038835,12.756586578313254,0.025802437022554386
52.41837732038835,12.756729192771084,0.026605282507184004
52.41837732038835,12.756871807228917,0.027407685963696568
52.41837732038835,12.757014421686748,0.02820699138406374
52.41837732038835,12.757157036144578,0.029004716616681622
52.41837732038835,12.75729965060241,0.02979743842239223
52.41837732038835,12.757442265060241,0.0305906371646276
52.41837732038835,12.757584879518072,0.03137237570609974
52.41837732038835,12.757727493975905,0.03215538106806024
52.41837732038835,12.757870108433735,0.032925398806139185
52.41837732038835,12.758012722891566,0.033689047006819725
52.41837732038835,12.758155337349399,0.034445794182050925
52.41837732038835,12.75829795180723,0.035194939691073734
52.41837732038835,12.758440566265062,0.0359307468358728
52.41837732038835,12.758583180722892,0.036655197385920275
52.41837732038835,12.758725795180723,0.03736379090169491
52.41837732038835,12.758868409638556,0.03805810377523131
52.41837732038835,12.759011024096386,0.03874049698156383
52.41837732038835,12.759153638554217,0.03940135944862107
52.41837732038835,12.75929625301205,0.0400472410377401
52.41837732038835,12.75943886746988,0.040683091191049334
52.41837732038835,12.759581481927711,0.04129737573551708
52.41837732038835,12.759724096385543,0.041884810249174224
52.41837732038835,12.759866710843374,0.04245743756551059
52.41837732038835,12.760009325301205,0.04299996622753546
52.41837732038835,12.760151939759037,0.04352563150130724
52.41837732038835,12.760294554216868,0.04403203139896093
52.41837732038835,12.760437168674699,0.044509007143266985
52.41837732038835,12.760579783132531,0.044959091880362845
52.41837732038835,12.760722397590362,0.04538641092214607
52.41837732038835,12.760865012048193,0.045795583803683045
52.41837732038835,12.761007626506025,0.046171255208895264
52.41837732038835,12.761150240963856,0.0465233942391679
52.41837732038835,12.761292855421688,0.04685226946905435
52.41837732038835,12.761435469879519,0.04714795549391237
52.41837732038835,12.76157808433735,0.047413474967501375
52.41837732038835,12.761720698795182,0.04765110797208033
52.41837732038835,12.761863313253013,0.04785786075911478
52.41837732038835,12.762005927710844,0.048036408924193946
52.41837732038835,12.762148542168676,0.048184169609886154
52.41837732038835,12.762291156626507,0.048302829856328916
52.41837732038835,12.762433771084337,0.048393462477184415
52.41837732038835,12.76257638554217,0.048452508759703306
52.41837732038835,12.762719,0.048476799074743046
52.41847005825243,12.750882,0.006460131948346822
52.41847005825243,12.751024614457831,0.006483808513083411
52.41847005825243,12.751167228915664,0.006543926762142128
52.41847005825243,12.751309843373495,0.006631451850127993
52.41847005825243,12.751452457831325,0.006752112584575572
52.41847005825243,12.751595072289158,0.0069036222037097885
52.41847005825243,12.751737686746988,0.007080319459076269
52.41847005825243,12.75188030120482,0.00727880077261893
52.41847005825243,12.752022915662652,0.0075054595809581496
52.41847005825243,12.752165530120482,0.007765884848596595
52.41847005825243,12.752308144578313,0.00805348428373881
52.41847005825243,12.752450759036146,0.00836588625791393
52.41847005825243,12.752593373493976,0.008709880498168438
52.41847005825243,12.752735987951809,0.009076317357348661
52.41847005825243,12.75287860240964,0.009468023369358718
52.41847005825243,12.75302121686747,0.009884851637834695
52.41847005825243,12.753163831325303,0.010321165156670092
52.41847005825243,12.753306445783133,0.010789102846852782
52.41847005825243,12.753449060240964,0.011281373073766962
52.41847005825243,12.753591674698797,0.011786796497656384
52.41847005825243,12.753734289156627,0.012317716117387117
52.41847005825243,12.753876903614458,0.012872907221588922
52.41847005825243,12.75401951807229,0.013445135124547206
52.41847005825243,12.754162132530121,0.014038150311397407
52.41847005825243,12.754304746987952,0.014650982554189066
52.41847005825243,12.754447361445784,0.01528079552156041
52.41847005825243,12.754589975903615,0.01592942731267944
52.41847005825243,12.754732590361446,0.016593290969041337
52.41847005825243,12.754875204819278,0.017271680101170916
52.41847005825243,12.755017819277109,0.017965473697329745
52.41847005825243,12.75516043373494,0.018679557151868795
52.41847005825243,12.755303048192772,0.019398091729502766
52.41847005825243,12.755445662650603,0.02012714758310353
52.41847005825243,12.755588277108435,0.020872157987669067
52.41847005825243,12.755730891566266,0.021624786695852036
52.41847005825243,12.755873506024097,0.022390085900722424
52.41847005825243,12.75601612048193,0.02315728628250769
52.41847005825243,12.75615873493976,0.023929362557324998
52.41847005825243,12.75630134939759,0.024712453983649487
52.41847005825243,12.756443963855423,0.025494563165455304
52.41847005825243,12.756586578313254,0.026286039227615646
52.41847005825243,12.756729192771084,0.027080919627996036
52.41847005825243,12.756871807228917,0.0278753978954582
52.41847005825243,12.757014421686748,0.028666769970463066
52.41847005825243,12.757157036144578,0.029456526950256495
52.41847005825243,12.75729965060241,0.03024132202686386
52.41847005825243,12.757442265060241,0.031026687670345367
52.41847005825243,12.757584879518072,0.031800647636609364
52.41847005825243,12.757727493975905,0.03257590713355089
52.41847005825243,12.757870108433735,0.03333822733010819
52.41847005825243,12.758012722891566,0.03409424857295224
52.41847005825243,12.758155337349399,0.034843493667205586
52.41847005825243,12.75829795180723,0.0355853423527558
52.41847005825243,12.758440566265062,0.036313807479032345
52.41847005825243,12.758583180722892,0.037031113293035496
52.41847005825243,12.758725795180723,0.03773268488036744
52.41847005825243,12.758868409638556,0.03842012970114056
52.41847005825243,12.759011024096386,0.03909576373770377
52.41847005825243,12.759153638554217,0.03975005963807251
52.41847005825243,12.75929625301205,0.0403895031253931
52.41847005825243,12.75943886746988,0.041019152765895114
52.41847005825243,12.759581481927711,0.041627364325209415
52.41847005825243,12.759724096385543,0.0422089121731648
52.41847005825243,12.759866710843374,0.042775906129262624
52.41847005825243,12.760009325301205,0.04331305337551761
52.41847005825243,12.760151939759037,0.043833611205394585
52.41847005825243,12.760294554216868,0.044335163104721
52.41847005825243,12.760437168674699,0.0448073780203046
52.41847005825243,12.760579783132531,0.045253042019018065
52.41847005825243,12.760722397590362,0.04567614591810031
52.41847005825243,12.760865012048193,0.046081327556113855
52.41847005825243,12.761007626506025,0.04645324375061399
52.41847005825243,12.761150240963856,0.046801949242635685
52.41847005825243,12.761292855421688,0.04712763355725805
52.41847005825243,12.761435469879519,0.04742036794586872
52.41847005825243,12.76157808433735,0.047683193123340184
52.41847005825243,12.761720698795182,0.047918501795666674
52.41847005825243,12.761863313253013,0.04812320265089323
52.41847005825243,12.762005927710844,0.048299930814173574
52.41847005825243,12.762148542168676,0.04844623226888765
52.41847005825243,12.762291156626507,0.048563653317457475
52.41847005825243,12.762433771084337,0.0486533120524828
52.41847005825243,12.76257638554217,0.048711749861186
52.41847005825243,12.762719,0.04873572501879621
52.418562796116504,12.750882,0.007138097696532626
52.418562796116504,12.751024614457831,0.007161441445374436
52.418562796116504,12.751167228915664,0.007220961663222234
52.418562796116504,12.751309843373495,0.007307502314997979
52.418562796116504,12.751452457831325,0.007426947305347268
52.418562796116504,12.751595072289158,0.007576983683100766
52.418562796116504,12.751737686746988,0.007751981268481759
52.418562796116504,12.75188030120482,0.00794837319524618
52.418562796116504,12.752022915662652,0.008172681942038667
52.418562796116504,12.752165530120482,0.008430501425441729
52.418562796116504,12.752308144578313,0.00871518504859676
52.418562796116504,12.752450759036146,0.009024341171264353
52.418562796116504,12.752593373493976,0.00936478511918146
52.418562796116504,12.752735987951809,0.00972760875232573
52.418562796116504,12.75287860240964,0.010115290358922877
52.418562796116504,12.75302121686747,0.010527855577455832
52.418562796116504,12.753163831325303,0.010959691322305174
52.418562796116504,12.753306445783133,0.011422901961046774
52.418562796116504,12.753449060240964,0.011910264779149983
52.418562796116504,12.753591674698797,0.012410518690262162
52.418562796116504,12.753734289156627,0.01293598057425783
52.418562796116504,12.753876903614458,0.013485558940552188
52.418562796116504,12.75401951807229,0.01405188754131043
52.418562796116504,12.754162132530121,0.014638817311773522
52.418562796116504,12.754304746987952,0.015245378559302837
52.418562796116504,12.754447361445784,0.01586880248157488
52.418562796116504,12.754589975903615,0.016510750475545437
52.418562796116504,12.754732590361446,0.01716781390221173
52.418562796116504,12.754875204819278,0.017839217537841703
52.418562796116504,12.755017819277109,0.018525981517898776
52.418562796116504,12.75516043373494,0.01923282904883681
52.418562796116504,12.755303048192772,0.01994409808459695
52.418562796116504,12.755445662650603,0.020665650581003316
52.418562796116504,12.755588277108435,0.021403068504017693
52.418562796116504,12.755730891566266,0.022148135296423444
52.418562796116504,12.755873506024097,0.02290570888201594
52.418562796116504,12.75601612048193,0.02366513799369763
52.418562796116504,12.75615873493976,0.024429384261407616
52.418562796116504,12.75630134939759,0.025204629536350037
52.418562796116504,12.756443963855423,0.02597874303876816
52.418562796116504,12.756586578313254,0.02676225079105543
52.418562796116504,12.756729192771084,0.027549111298579256
52.418562796116504,12.756871807228917,0.02833560892874152
52.418562796116504,12.757014421686748,0.02911899207236664
52.418562796116504,12.757157036144578,0.02990072582057596
52.418562796116504,12.75729965060241,0.030677539037579166
52.418562796116504,12.757442265060241,0.03145501690432929
52.418562796116504,12.757584879518072,0.03222114373439669
52.418562796116504,12.757727493975905,0.03298860312931279
52.418562796116504,12.757870108433735,0.03374317244721523
52.418562796116504,12.758012722891566,0.03449151416549852
52.418562796116504,12.758155337349399,0.035233204964571406
52.418562796116504,12.75829795180723,0.0359677049061865
52.418562796116504,12.758440566265062,0.03668877761792874
52.418562796116504,12.758583180722892,0.03739888891539583
52.418562796116504,12.758725795180723,0.038093389167992736
52.418562796116504,12.758868409638556,0.03877391783095812
52.418562796116504,12.759011024096386,0.03944274623693565
52.418562796116504,12.759153638554217,0.04009043009038222
52.418562796116504,12.75929625301205,0.0407233914314799
52.418562796116504,12.75943886746988,0.041346797008710814
52.418562796116504,12.759581481927711,0.04194889383375028
52.418562796116504,12.759724096385543,0.04252451485033749
52.418562796116504,12.759866710843374,0.0430858365333526
52.418562796116504,12.760009325301205,0.04361756466712991
52.418562796116504,12.760151939759037,0.04413297860322616
52.418562796116504,12.760294554216868,0.04462964743292061
52.418562796116504,12.760437168674699,0.04509706894674709
52.418562796116504,12.760579783132531,0.04553828047449114
52.418562796116504,12.760722397590362,0.04595714053611139
52.418562796116504,12.760865012048193,0.0463583035167153
52.418562796116504,12.761007626506025,0.04672643914443576
52.418562796116504,12.761150240963856,0.0470716870325283
52.418562796116504,12.761292855421688,0.047394158459819494
52.418562796116504,12.761435469879519,0.04768392095215296
52.418562796116504,12.76157808433735,0.04794403428801554
52.418562796116504,12.761720698795182,0.0481770023704647
52.418562796116504,12.761863313253013,0.048379637488139025
52.418562796116504,12.762005927710844,0.04855453376961216
52.418562796116504,12.762148542168676,0.048699365949216616
52.418562796116504,12.762291156626507,0.04881553978686343
52.418562796116504,12.762433771084337,0.04890421917997222
52.418562796116504,12.76257638554217,0.0489620442751956
52.418562796116504,12.762719,0.04898570224513069
52.41865553398058,12.750882,0.007797669115030271
52.41865553398058,12.751024614457831,0.00782067905162604
52.41865553398058,12.751167228915664,0.007879598473821562
52.41865553398058,12.751309843373495,0.007965151586001681
52.41865553398058,12.751452457831325,0.008083375323608925
52.41865553398058,12.751595072289158,0.008231932235194632
52.41865553398058,12.751737686746988,0.008405221498973296
52.41865553398058,12.75188030120482,0.008599514858212573
52.41865553398058,12.752022915662652,0.0088214638007713
52.41865553398058,12.752165530120482,0.009076665818414688
52.41865553398058,12.752308144578313,0.009358421169364348
52.41865553398058,12.752450759036146,0.009664318111880186
52.41865553398058,12.752593373493976,0.010001197572231361
52.41865553398058,12.752735987951809,0.010360391465965905
52.41865553398058,12.75287860240964,0.010744031723798744
52.41865553398058,12.75302121686747,0.01115231556620322
52.41865553398058,12.753163831325303,0.011579654075967864
52.41865553398058,12.753306445783133,0.012038117444686098
52.41865553398058,12.753449060240964,0.012520551179195233
52.41865553398058,12.753591674698797,0.013015613263706507
52.41865553398058,12.753734289156627,0.013535594694242887
52.41865553398058,12.753876903614458,0.014079536440140624
52.41865553398058,12.75401951807229,0.014639941507160997
52.41865553398058,12.754162132530121,0.01522076066327749
52.41865553398058,12.754304746987952,0.015821024753356026
52.41865553398058,12.754447361445784,0.016438032196223494
52.41865553398058,12.754589975903615,0.017073269545746877
52.41865553398058,12.754732590361446,0.01772350492472778
52.41865553398058,12.754875204819278,0.018387894758382914
52.41865553398058,12.755017819277109,0.01906759952353415
52.41865553398058,12.75516043373494,0.019767181693821377
52.41865553398058,12.755303048192772,0.02047115427613268
52.41865553398058,12.755445662650603,0.021185173219454477
52.41865553398058,12.755588277108435,0.02191496776719575
52.41865553398058,12.755730891566266,0.022652440480534365
52.41865553398058,12.755873506024097,0.023402257158644475
52.41865553398058,12.75601612048193,0.024153882874327553
52.41865553398058,12.75615873493976,0.024910267225536565
52.41865553398058,12.75630134939759,0.025677634242273307
52.41865553398058,12.756443963855423,0.026443720675290935
52.41865553398058,12.756586578313254,0.0272192278927185
52.41865553398058,12.756729192771084,0.027998036838509696
52.41865553398058,12.756871807228917,0.028776521784720444
52.41865553398058,12.757014421686748,0.029551884444365267
52.41865553398058,12.757157036144578,0.030325563681086548
52.41865553398058,12.75729965060241,0.03109436356335584
52.41865553398058,12.757442265060241,0.03186392265477268
52.41865553398058,12.757584879518072,0.03262218500430094
52.41865553398058,12.757727493975905,0.03338181365273148
52.41865553398058,12.757870108433735,0.03412860208020678
52.41865553398058,12.758012722891566,0.034869234814006236
52.41865553398058,12.758155337349399,0.035603342033220804
52.41865553398058,12.75829795180723,0.03633046432476124
52.41865553398058,12.758440566265062,0.03704411697969937
52.41865553398058,12.758583180722892,0.03774700610733064
52.41865553398058,12.758725795180723,0.03843440781065234
52.41865553398058,12.758868409638556,0.039107993627965715
52.41865553398058,12.759011024096386,0.039769991305069
52.41865553398058,12.759153638554217,0.04041103763915033
52.41865553398058,12.75929625301205,0.041037492610698494
52.41865553398058,12.75943886746988,0.04165463071136801
52.41865553398058,12.759581481927711,0.04225059009235197
52.41865553398058,12.759724096385543,0.04282026269571813
52.41865553398058,12.759866710843374,0.043375890885651636
52.41865553398058,12.760009325301205,0.04390217931891019
52.41865553398058,12.760151939759037,0.04441242947547688
52.41865553398058,12.760294554216868,0.044904195987449116
52.41865553398058,12.760437168674699,0.04536680677686733
52.41865553398058,12.760579783132531,0.045803548635606414
52.41865553398058,12.760722397590362,0.04621814921966517
52.41865553398058,12.760865012048193,0.04661527858192784
52.41865553398058,12.761007626506025,0.04697962059318705
52.41865553398058,12.761150240963856,0.04732139815511726
52.41865553398058,12.761292855421688,0.047640644751141895
52.41865553398058,12.761435469879519,0.04792742515843519
52.41865553398058,12.76157808433735,0.0481848174244137
52.41865553398058,12.761720698795182,0.048415436274236445
52.41865553398058,12.761863313253013,0.04861599787685442
52.41865553398058,12.762005927710844,0.04878905586053608
52.41865553398058,12.762148542168676,0.048932412900188654
52.41865553398058,12.762291156626507,0.049047335682347225
52.41865553398058,12.762433771084337,0.04913503313460513
52.41865553398058,12.76257638554217,0.04919224342720764
52.41865553398058,12.762719,0.049215583319392804
52.41874827184466,12.750882,0.008442325563863397
52.41874827184466,12.751024614457831,0.008465000768133557
52.41874827184466,12.751167228915664,0.008523317055792724
52.41874827184466,12.751309843373495,0.008607879409031242
52.41874827184466,12.751452457831325,0.008724876958657857
52.41874827184466,12.751595072289158,0.008871947529446507
52.41874827184466,12.751737686746988,0.009043520504408303
52.41874827184466,12.75188030120482,0.009235707016724066
52.41874827184466,12.752022915662652,0.009455286068864519
52.41874827184466,12.752165530120482,0.009707859141350389
52.41874827184466,12.752308144578313,0.00998667420564537
52.41874827184466,12.752450759036146,0.010289299156795634
52.41874827184466,12.752593373493976,0.010622600041019949
52.41874827184466,12.752735987951809,0.01097814785868661
52.41874827184466,12.75287860240964,0.011357729960957734
52.41874827184466,12.75302121686747,0.01176171513194024
52.41874827184466,12.753163831325303,0.012184537125898133
52.41874827184466,12.753306445783133,0.012638233956823938
52.41874827184466,12.753449060240964,0.013115717607919271
52.41874827184466,12.753591674698797,0.013605566020248136
52.41874827184466,12.753734289156627,0.01412004445617622
52.41874827184466,12.753876903614458,0.01465832622920964
52.41874827184466,12.75401951807229,0.015212783993862684
52.41874827184466,12.754162132530121,0.015787467693711817
52.41874827184466,12.754304746987952,0.016381409478751743
52.41874827184466,12.754447361445784,0.016991973908558174
52.41874827184466,12.754589975903615,0.017620474415155636
52.41874827184466,12.754732590361446,0.018263854716626896
52.41874827184466,12.754875204819278,0.018921203763866686
52.41874827184466,12.755017819277109,0.019593820162670243
52.41874827184466,12.75516043373494,0.02028610825757419
52.41874827184466,12.755303048192772,0.02098275450909439
52.41874827184466,12.755445662650603,0.021689210094937537
52.41874827184466,12.755588277108435,0.022411351333371805
52.41874827184466,12.755730891566266,0.02314119917848321
52.41874827184466,12.755873506024097,0.023883227982933408
52.41874827184466,12.75601612048193,0.024627018835295725
52.41874827184466,12.75615873493976,0.025375510344990665
52.41874827184466,12.75630134939759,0.026134967686166705
52.41874827184466,12.756443963855423,0.02689299611225703
52.41874827184466,12.756586578313254,0.027660471385965783
52.41874827184466,12.756729192771084,0.028431197769945037
52.41874827184466,12.756871807228917,0.029201638423729186
52.41874827184466,12.757014421686748,0.02996894916438434
52.41874827184466,12.757157036144578,0.03073454318311014
52.41874827184466,12.75729965060241,0.03149529888069459
52.41874827184466,12.757442265060241,0.032256908582355436
52.41874827184466,12.757584879518072,0.033007276062231486
52.41874827184466,12.757727493975905,0.033759044052274575
52.41874827184466,12.757870108433735,0.034498021757227985
52.41874827184466,12.758012722891566,0.035230916412289544
52.41874827184466,12.758155337349399,0.035957410957009675
52.41874827184466,12.75829795180723,0.03667712658152027
52.41874827184466,12.758440566265062,0.037383331559674556
52.41874827184466,12.758583180722892,0.03807897121039028
52.41874827184466,12.758725795180723,0.038759247268348264
52.41874827184466,12.758868409638556,0.0394258637216026
52.41874827184466,12.759011024096386,0.04008100553014855
52.41874827184466,12.759153638554217,0.04071538953463
52.41874827184466,12.75929625301205,0.04133531441839752
52.41874827184466,12.75943886746988,0.041946160929812557
52.41874827184466,12.759581481927711,0.04253596061308566
52.41874827184466,12.759724096385543,0.04309966308457274
52.41874827184466,12.759866710843374,0.04364957734477765
52.41874827184466,12.760009325301205,0.044170405519864266
52.41874827184466,12.760151939759037,0.044675472269521205
52.41874827184466,12.760294554216868,0.04516231717010848
52.41874827184466,12.760437168674699,0.045620099945147784
52.41874827184466,12.760579783132531,0.04605235478127523
52.41874827184466,12.760722397590362,0.04646268057919524
52.41874827184466,12.760865012048193,0.046855761877443045
52.41874827184466,12.761007626506025,0.04721629671740803
52.41874827184466,12.761150240963856,0.04755459099656402
52.41874827184466,12.761292855421688,0.04787060139539246
52.41874827184466,12.761435469879519,0.048154389286201894
52.41874827184466,12.76157808433735,0.04840905139182429
52.41874827184466,12.761720698795182,0.0486373124671618
52.41874827184466,12.761863313253013,0.048835792975603816
52.41874827184466,12.762005927710844,0.04900700661980875
52.41874827184466,12.762148542168676,0.049148883145986574
52.41874827184466,12.762291156626507,0.049262550585364336
52.41874827184466,12.762433771084337,0.04934926380400463
52.41874827184466,12.76257638554217,0.04940585712410776
52.41874827184466,12.762719,0.04942887787385244
52.418841009708736,12.750882,0.00906838214512887
52.418841009708736,12.751024614457831,0.009090722279522304
52.418841009708736,12.751167228915664,0.009148435109245909
52.418841009708736,12.751309843373495,0.009232007117900252
52.418841009708736,12.751452457831325,0.009347777725081345
52.418841009708736,12.751595072289158,0.009493361406452612
52.418841009708736,12.751737686746988,0.009663216633644214
52.418841009708736,12.75188030120482,0.009853295301834899
52.418841009708736,12.752022915662652,0.010070503709419469
52.418841009708736,12.752165530120482,0.010320446786678204
52.418841009708736,12.752308144578313,0.010596320334588386
52.418841009708736,12.752450759036146,0.010895672392972131
52.418841009708736,12.752593373493976,0.011225393461473636
52.418841009708736,12.752735987951809,0.011577293185681424
52.418841009708736,12.75287860240964,0.011952816212523393
52.418841009708736,12.75302121686747,0.01235250118941775
52.418841009708736,12.753163831325303,0.012770804932792961
52.418841009708736,12.753306445783133,0.013219733290468605
52.418841009708736,12.753449060240964,0.01369226477888981
52.418841009708736,12.753591674698797,0.014176897875868597
52.418841009708736,12.753734289156627,0.014685872172251447
52.418841009708736,12.753876903614458,0.015218491888104263
52.418841009708736,12.75401951807229,0.01576700088469388
52.418841009708736,12.754162132530121,0.01633554791910194
52.418841009708736,12.754304746987952,0.016923165860772773
52.418841009708736,12.754447361445784,0.01752728524271835
52.418841009708736,12.754589975903615,0.018149048182243405
52.418841009708736,12.754732590361446,0.01878557202447702
52.418841009708736,12.754875204819278,0.019435879431556786
52.418841009708736,12.755017819277109,0.020101405514742855
52.418841009708736,12.75516043373494,0.020786398046731963
52.418841009708736,12.755303048192772,0.021475715888300318
52.418841009708736,12.755445662650603,0.02217460696993845
52.418841009708736,12.755588277108435,0.022889093197530352
52.418841009708736,12.755730891566266,0.023611313956590458
52.418841009708736,12.755873506024097,0.024345553601572676
52.418841009708736,12.75601612048193,0.02508150801356528
52.418841009708736,12.75615873493976,0.02582210501827949
52.418841009708736,12.75630134939759,0.026573651043538624
52.418841009708736,12.756443963855423,0.02732362076005834
52.418841009708736,12.756586578313254,0.028083062988227395
52.418841009708736,12.756729192771084,0.028845705846689187
52.418841009708736,12.756871807228917,0.02960810093811103
52.418841009708736,12.757014421686748,0.03036735884580297
52.418841009708736,12.757157036144578,0.031124867204969722
52.418841009708736,12.75729965060241,0.031877578318317515
52.418841009708736,12.757442265060241,0.032631237645018525
52.418841009708736,12.757584879518072,0.03337370910400399
52.418841009708736,12.757727493975905,0.034117615056447094
52.418841009708736,12.757870108433735,0.03484878188996593
52.418841009708736,12.758012722891566,0.035573938095044
52.418841009708736,12.758155337349399,0.0362928197920155
52.418841009708736,12.75829795180723,0.037005127804306356
52.418841009708736,12.758440566265062,0.037703885032071616
52.418841009708736,12.758583180722892,0.038392275192510636
52.418841009708736,12.758725795180723,0.039065424939259435
52.418841009708736,12.758868409638556,0.039725071748047944
52.418841009708736,12.759011024096386,0.040373358221353274
52.418841009708736,12.759153638554217,0.0410010798721873
52.418841009708736,12.75929625301205,0.041614475009542566
52.418841009708736,12.75943886746988,0.042219030092643474
52.418841009708736,12.759581481927711,0.0428026704790082
52.418841009708736,12.759724096385543,0.0433604033468465
52.418841009708736,12.759866710843374,0.04390460417147512
52.418841009708736,12.760009325301205,0.04441997182625421
52.418841009708736,12.760151939759037,0.04491985506530378
52.418841009708736,12.760294554216868,0.04540177777102197
52.418841009708736,12.760437168674699,0.045854733241460326
52.418841009708736,12.760579783132531,0.046282500781883444
52.418841009708736,12.760722397590362,0.046688552419364523
52.418841009708736,12.760865012048193,0.047077585712963894
52.418841009708736,12.761007626506025,0.04743431434730327
52.418841009708736,12.761150240963856,0.04776912588293199
52.418841009708736,12.761292855421688,0.04808190023225892
52.418841009708736,12.761435469879519,0.04836269611096809
52.418841009708736,12.76157808433735,0.0486146290066056
52.418841009708736,12.761720698795182,0.04884053255563349
52.418841009708736,12.761863313253013,0.04903693251948497
52.418841009708736,12.762005927710844,0.049206302144755645
52.418841009708736,12.762148542168676,0.04934669799530118
52.418841009708736,12.762291156626507,0.049459110769166176
52.418841009708736,12.762433771084337,0.04954484052179679
52.418841009708736,12.76257638554217,0.04960081654422136
52.418841009708736,12.762719,0.0496235183318072
52.418933747572815,12.750882,0.00968225251451469
52.418933747572815,12.751024614457831,0.009704255677423732
52.418933747572815,12.751167228915664,0.009761359871399297
52.418933747572815,12.751309843373495,0.009843935483086916
52.418933747572815,12.751452457831325,0.009958469351750595
52.418933747572815,12.751595072289158,0.01010255349524625
52.418933747572815,12.751737686746988,0.010270676106355247
52.418933747572815,12.75188030120482,0.010458630154463753
52.418933747572815,12.752022915662652,0.010673448728267445
52.418933747572815,12.752165530120482,0.010920740028136314
52.418933747572815,12.752308144578313,0.011193648138370236
52.418933747572815,12.752450759036146,0.011489701889354581
52.418933747572815,12.752593373493976,0.011815815399153886
52.418933747572815,12.752735987951809,0.012164035555536142
52.418933747572815,12.75287860240964,0.012535466845757253
52.418933747572815,12.75302121686747,0.012930816594932514
52.418933747572815,12.753163831325303,0.013344564968911614
52.418933747572815,12.753306445783133,0.013788686174104529
52.418933747572815,12.753449060240964,0.014256223983502885
52.418933747572815,12.753591674698797,0.014735598645292114
52.418933747572815,12.753734289156627,0.015239024387852365
52.418933747572815,12.753876903614458,0.015765935817916767
52.418933747572815,12.75401951807229,0.016308448428366273
52.418933747572815,12.754162132530121,0.016870809333157745
52.418933747572815,12.754304746987952,0.01745205283936244
52.418933747572815,12.754447361445784,0.018049674346923963
52.418933747572815,12.754589975903615,0.018664646443982656
52.418933747572815,12.754732590361446,0.01929425881469715
52.418933747572815,12.754875204819278,0.019937468695071577
52.418933747572815,12.755017819277109,0.02059584603276499
52.418933747572815,12.75516043373494,0.021273484368363356
52.418933747572815,12.755303048192772,0.02195541308319691
52.418933747572815,12.755445662650603,0.022646678995188997
52.418933747572815,12.755588277108435,0.023353448401746628
52.418933747572815,12.755730891566266,0.024067978611869205
52.418933747572815,12.755873506024097,0.024794365784206636
52.418933747572815,12.75601612048193,0.025522419344737403
52.418933747572815,12.75615873493976,0.026255057255418622
52.418933747572815,12.75630134939759,0.02699862634855894
52.418933747572815,12.756443963855423,0.027740472470155493
52.418933747572815,12.756586578313254,0.028491815910670407
52.418933747572815,12.756729192771084,0.02924631009529609
52.418933747572815,12.756871807228917,0.030000593537035245
52.418933747572815,12.757014421686748,0.030751732482242184
52.418933747572815,12.757157036144578,0.03150108983941089
52.418933747572815,12.75729965060241,0.032245690929063014
52.418933747572815,12.757442265060241,0.03299133444803156
52.418933747572815,12.757584879518072,0.033725844811847094
52.418933747572815,12.757727493975905,0.034461824292378034
52.418933747572815,12.757870108433735,0.03518511650937084
52.418933747572815,12.758012722891566,0.03590247138140721
52.418933747572815,12.758155337349399,0.03661367751335929
52.418933747572815,12.75829795180723,0.037318515498259944
52.418933747572815,12.758440566265062,0.038009764886821874
52.418933747572815,12.758583180722892,0.03869084582727761
52.418933747572815,12.758725795180723,0.03935681037801131
52.418933747572815,12.758868409638556,0.040009430059211065
52.418933747572815,12.759011024096386,0.04065080535703147
52.418933747572815,12.759153638554217,0.04127180990880105
52.418933747572815,12.75929625301205,0.04187862267384331
52.418933747572815,12.75943886746988,0.04247683383162075
52.418933747572815,12.759581481927711,0.04305426517739509
52.418933747572815,12.759724096385543,0.04360598054192509
52.418933747572815,12.759866710843374,0.044144420615195495
52.418933747572815,12.760009325301205,0.0446542823264916
52.418933747572815,12.760151939759037,0.045148938101389806
52.418933747572815,12.760294554216868,0.04562589600579063
52.418933747572815,12.760437168674699,0.046073985116652984
52.418933747572815,12.760579783132531,0.046497227140914865
52.418933747572815,12.760722397590362,0.046898969548922524
52.418933747572815,12.760865012048193,0.047283921661600996
52.418933747572815,12.761007626506025,0.04763681346048888
52.418933747572815,12.761150240963856,0.04796811326868576
52.418933747572815,12.761292855421688,0.048277625034068794
52.418933747572815,12.761435469879519,0.04855540506519673
52.418933747572815,12.76157808433735,0.04880458741074527
52.418933747572815,12.761720698795182,0.04902811381292023
52.418933747572815,12.761863313253013,0.04922241607658425
52.418933747572815,12.762005927710844,0.04938992743351381
52.418933747572815,12.762148542168676,0.04952883030527262
52.418933747572815,12.762291156626507,0.049639979104913634
52.418933747572815,12.762433771084337,0.049724718747327076
52.418933747572815,12.76257638554217,0.04978007271863585
52.418933747572815,12.762719,0.049802453416239297
52.419026485436895,12.750882,0.010282731718353255
52.419026485436895,12.751024614457831,0.010304398212248095
52.419026485436895,12.751167228915664,0.010360893957961193
52.419026485436895,12.751309843373495,0.010442473857904061
52.419026485436895,12.751452457831325,0.01055577093503666
52.419026485436895,12.751595072289158,0.010698355620950804
52.419026485436895,12.751737686746988,0.010864745057186952
52.419026485436895,12.75188030120482,0.011050574777611195
52.419026485436895,12.752022915662652,0.011263003664135079
52.419026485436895,12.752165530120482,0.011507642996544127
52.419026485436895,12.752308144578313,0.01177758568877402
52.419026485436895,12.752450759036146,0.012070341900935
52.419026485436895,12.752593373493976,0.01239284850681703
52.419026485436895,12.752735987951809,0.012737388526731461
52.419026485436895,12.75287860240964,0.01310472861169273
52.419026485436895,12.75302121686747,0.013495743270251272
52.419026485436895,12.753163831325303,0.013904936343004905
52.419026485436895,12.753306445783133,0.014344250815650222
52.419026485436895,12.753449060240964,0.014806794967579433
52.419026485436895,12.753591674698797,0.015280911511162421
52.419026485436895,12.753734289156627,0.015778789693086864
52.419026485436895,12.753876903614458,0.01629999331100512
52.419026485436895,12.75401951807229,0.01683651085693666
52.419026485436895,12.754162132530121,0.017392687017481555
52.419026485436895,12.754304746987952,0.01796755734189981
52.419026485436895,12.754447361445784,0.018558682074702494
52.419026485436895,12.754589975903615,0.019166865650332262
52.419026485436895,12.754732590361446,0.019789567942715885
52.419026485436895,12.754875204819278,0.02042568275358929
52.419026485436895,12.755017819277109,0.02107691219983674
52.419026485436895,12.75516043373494,0.021747198208928745
52.419026485436895,12.755303048192772,0.022421738969184292
52.419026485436895,12.755445662650603,0.023105381930568835
52.419026485436895,12.755588277108435,0.023804437031114404
52.419026485436895,12.755730891566266,0.024511278100837627
52.419026485436895,12.755873506024097,0.02522981514458921
52.419026485436895,12.75601612048193,0.025949970011186353
52.419026485436895,12.75615873493976,0.026674651402908263
52.419026485436895,12.75630134939759,0.02741024569044066
52.419026485436895,12.756443963855423,0.028143971894888424
52.419026485436895,12.756586578313254,0.028887219595893656
52.419026485436895,12.756729192771084,0.02963356848896096
52.419026485436895,12.756871807228917,0.03037974314747143
52.419026485436895,12.757014421686748,0.031122766489376216
52.419026485436895,12.757157036144578,0.03186397668404355
52.419026485436895,12.75729965060241,0.03260047126604199
52.419026485436895,12.757442265060241,0.03333810248983914
52.419026485436895,12.757584879518072,0.034064654878199326
52.419026485436895,12.757727493975905,0.034792711327920216
52.419026485436895,12.757870108433735,0.03550813295929899
52.419026485436895,12.758012722891566,0.03621769028751009
52.419026485436895,12.758155337349399,0.036921224877897944
52.419026485436895,12.75829795180723,0.03761859620984633
52.419026485436895,12.758440566265062,0.03830234217997033
52.419026485436895,12.758583180722892,0.038976117919317224
52.419026485436895,12.758725795180723,0.03963490092465602
52.419026485436895,12.758868409638556,0.04028049730226233
52.419026485436895,12.759011024096386,0.040914966008938965
52.419026485436895,12.759153638554217,0.041529257203460276
52.419026485436895,12.75929625301205,0.04212949208562383
52.419026485436895,12.75943886746988,0.04272136316976588
52.419026485436895,12.759581481927711,0.04329258952440358
52.419026485436895,12.759724096385543,0.04383829169231467
52.419026485436895,12.759866710843374,0.04437097491757849
52.419026485436895,12.760009325301205,0.04487533401187739
52.419026485436895,12.760151939759037,0.04536476494334933
52.419026485436895,12.760294554216868,0.045836760283169804
52.419026485436895,12.760437168674699,0.04627998667473331
52.419026485436895,12.760579783132531,0.04669870595237121
52.419026485436895,12.760722397590362,0.04709614235016283
52.419026485436895,12.760865012048193,0.047477016448315194
52.419026485436895,12.761007626506025,0.04782607447939409
52.419026485436895,12.761150240963856,0.04815386521150825
52.419026485436895,12.761292855421688,0.04846011677540776
52.419026485436895,12.761435469879519,0.048734883375784674
52.419026485436895,12.76157808433735,0.04898131788152069
52.419026485436895,12.761720698795182,0.04920246835713751
52.419026485436895,12.761863313253013,0.049394674671480746
52.419026485436895,12.762005927710844,0.04956032953270702
52.419026485436895,12.762148542168676,0.049697740224027176
52.419026485436895,12.762291156626507,0.04980762663712129
52.419026485436895,12.762433771084337,0.049891377718472636
52.419026485436895,12.76257638554217,0.04994611004042937
52.419026485436895,12.762719,0.04996816970683461
52.419119223300974,12.750882,0.01086666055281734
52.419119223300974,12.751024614457831,0.010887991298545544
52.419119223300974,12.751167228915664,0.010943880310952135
52.419119223300974,12.751309843373495,0.01102446833567319
52.419119223300974,12.751452457831325,0.011136532127745253
52.419119223300974,12.751595072289158,0.011277621471994867
52.419119223300974,12.751737686746988,0.011442282254122025
52.419119223300974,12.75188030120482,0.011625994054692453
52.419119223300974,12.752022915662652,0.011836040682994313
52.419119223300974,12.752165530120482,0.012078035778365036
52.419119223300974,12.752308144578313,0.012345022003574764
52.419119223300974,12.752450759036146,0.012634491141607251
52.419119223300974,12.752593373493976,0.012953402154303791
52.419119223300974,12.752735987951809,0.013294272183866923
52.419119223300974,12.75287860240964,0.013657533703283068
52.419119223300974,12.75302121686747,0.014044226538688233
52.419119223300974,12.753163831325303,0.01444887796389675
52.419119223300974,12.753306445783133,0.014883400810911942
52.419119223300974,12.753449060240964,0.015340965983977287
52.419119223300974,12.753591674698797,0.015809840215833548
52.419119223300974,12.753734289156627,0.016302187884184784
52.419119223300974,12.753876903614458,0.016817700903854732
52.419119223300974,12.75401951807229,0.01734824220843325
52.419119223300974,12.754162132530121,0.017898252687665574
52.419119223300974,12.754304746987952,0.018466769816106055
52.419119223300974,12.754447361445784,0.0190514171309053
52.419119223300974,12.754589975903615,0.019652833575853054
52.419119223300974,12.754732590361446,0.0202686473502765
52.419119223300974,12.754875204819278,0.020897689541903727
52.419119223300974,12.755017819277109,0.021541792590115263
52.419119223300974,12.75516043373494,0.02220474885593958
52.419119223300974,12.755303048192772,0.022871923545289045
52.419119223300974,12.755445662650603,0.02354796711927943
52.419119223300974,12.755588277108435,0.024239331357001452
52.419119223300974,12.755730891566266,0.024938506206641592
52.419119223300974,12.755873506024097,0.025649217025768594
52.419119223300974,12.75601612048193,0.026361496494713355
52.419119223300974,12.75615873493976,0.02707824521589547
52.419119223300974,12.75630134939759,0.02780588831365393
52.419119223300974,12.756443963855423,0.02853151952962376
52.419119223300974,12.756586578313254,0.02926669573354433
52.419119223300974,12.756729192771084,0.030004924367583004
52.419119223300974,12.756871807228917,0.030743014223242646
52.419119223300974,12.757014421686748,0.03147794612183305
52.419119223300974,12.757157036144578,0.03221103385078706
52.419119223300974,12.75729965060241,0.03293944624751409
52.419119223300974,12.757442265060241,0.03366908918629163
52.419119223300974,12.757584879518072,0.034387706993417096
52.419119223300974,12.757727493975905,0.03510786420083535
52.419119223300974,12.757870108433735,0.03581543876668472
52.419119223300974,12.758012722891566,0.036517221570913916
52.419119223300974,12.758155337349399,0.03721310738114894
52.419119223300974,12.75829795180723,0.03790303344562345
52.419119223300974,12.758440566265062,0.03857929830015507
52.419119223300974,12.758583180722892,0.03924579021283394
52.419119223300974,12.758725795180723,0.03989741263802826
52.419119223300974,12.758868409638556,0.04053600614191534
52.419119223300974,12.759011024096386,0.04116358922715384
52.419119223300974,12.759153638554217,0.04177118696421472
52.419119223300974,12.75929625301205,0.04236486362677984
52.419119223300974,12.75943886746988,0.04295041283872758
52.419119223300974,12.759581481927711,0.04351545274324874
52.419119223300974,12.759724096385543,0.04405515997710644
52.419119223300974,12.759866710843374,0.044582103554387624
52.419119223300974,12.760009325301205,0.04508097580926935
52.419119223300974,12.760151939759037,0.04556519663734259
52.419119223300974,12.760294554216868,0.04603224324853567
52.419119223300974,12.760437168674699,0.04647062146411181
52.419119223300974,12.760579783132531,0.046884830774739095
52.419119223300974,12.760722397590362,0.047277974343924875
52.419119223300974,12.760865012048193,0.047654782442337805
52.419119223300974,12.761007626506025,0.04800001847313913
52.419119223300974,12.761150240963856,0.04832431038985001
52.419119223300974,12.761292855421688,0.04862731113487708
52.419119223300974,12.761435469879519,0.04889907375780672
52.419119223300974,12.76157808433735,0.04914276925776423
52.419119223300974,12.761720698795182,0.04936155069538546
52.419119223300974,12.761863313253013,0.04955166724047867
52.419119223300974,12.762005927710844,0.04971547151185048
52.419119223300974,12.762148542168676,0.04985139435682316
52.419119223300974,12.762291156626507,0.04996002237697265
52.419119223300974,12.762433771084337,0.050042788643539685
52.419119223300974,12.76257638554217,0.05009690098670616
52.419119223300974,12.762719,0.05011864078561618
52.41921196116505,12.750882,0.011429386034340867
52.41921196116505,12.751024614457831,0.011450383564968488
52.41921196116505,12.751167228915664,0.011505669484486981
52.41921196116505,12.751309843373495,0.011585272301314987
52.41921196116505,12.751452457831325,0.01169611018518241
52.41921196116505,12.751595072289158,0.011835713244267635
52.41921196116505,12.751737686746988,0.01199865587417422
52.41921196116505,12.75188030120482,0.012180262970007405
52.41921196116505,12.752022915662652,0.012387942177094735
52.41921196116505,12.752165530120482,0.012627309257045244
52.41921196116505,12.752308144578313,0.012891357607206243
52.41921196116505,12.752450759036146,0.013177560478976984
52.41921196116505,12.752593373493976,0.01349289894632498
52.41921196116505,12.752735987951809,0.013830121510090804
52.41921196116505,12.75287860240964,0.014189330218406876
52.41921196116505,12.75302121686747,0.014571728625029453
52.41921196116505,12.753163831325303,0.014971866530140408
52.41921196116505,12.753306445783133,0.015401627803744558
52.41921196116505,12.753449060240964,0.015854244873895782
52.41921196116505,12.753591674698797,0.016317909691759957
52.41921196116505,12.753734289156627,0.016804761630100563
52.41921196116505,12.753876903614458,0.01731461980214344
52.41921196116505,12.75401951807229,0.017839222592295794
52.41921196116505,12.754162132530121,0.018383106555597502
52.41921196116505,12.754304746987952,0.018945310612524326
52.41921196116505,12.754447361445784,0.01952352140061163
52.41921196116505,12.754589975903615,0.02011821419216673
52.41921196116505,12.754732590361446,0.020727183065538963
52.41921196116505,12.754875204819278,0.021349198397784385
52.41921196116505,12.755017819277109,0.02198621989400765
52.41921196116505,12.75516043373494,0.022641893341474435
52.41921196116505,12.755303048192772,0.023301748253422426
52.41921196116505,12.755445662650603,0.023970240693717677
52.41921196116505,12.755588277108435,0.024653962896395567
52.41921196116505,12.755730891566266,0.025345519671537482
52.41921196116505,12.755873506024097,0.026048454146336407
52.41921196116505,12.75601612048193,0.026752908541913756
52.41921196116505,12.75615873493976,0.027461775651663543
52.41921196116505,12.75630134939759,0.028181518200992538
52.41921196116505,12.756443963855423,0.028899106504013002
52.41921196116505,12.756586578313254,0.029626263058436745
52.41921196116505,12.756729192771084,0.030356423894061853
52.41921196116505,12.756871807228917,0.031086480597864508
52.41921196116505,12.757014421686748,0.031813372873413515
52.41921196116505,12.757157036144578,0.03253839097528665
52.41921196116505,12.75729965060241,0.033258773337252905
52.41921196116505,12.757442265060241,0.033980479574739944
52.41921196116505,12.757584879518072,0.03469121391576975
52.41921196116505,12.757727493975905,0.03540352249846939
52.41921196116505,12.757870108433735,0.036103300585169175
52.41921196116505,12.758012722891566,0.03679735979829926
52.41921196116505,12.758155337349399,0.037485646435762215
52.41921196116505,12.75829795180723,0.03816817533142638
52.41921196116505,12.758440566265062,0.03883700813052972
52.41921196116505,12.758583180722892,0.03949626349289495
52.41921196116505,12.758725795180723,0.040140771551828706
52.41921196116505,12.758868409638556,0.0407724073022398
52.41921196116505,12.759011024096386,0.041393149999641665
52.41921196116505,12.759153638554217,0.041994097722140994
52.41921196116505,12.75929625301205,0.04258125968251395
52.41921196116505,12.75943886746988,0.043160528019707003
52.41921196116505,12.759581481927711,0.04371942185520728
52.41921196116505,12.759724096385543,0.04425317374075361
52.41921196116505,12.759866710843374,0.04477441545846522
52.41921196116505,12.760009325301205,0.045267836372412384
52.41921196116505,12.760151939759037,0.045746881402594475
52.41921196116505,12.760294554216868,0.046209010998030105
52.41921196116505,12.760437168674699,0.04664257349155014
52.41921196116505,12.760579783132531,0.047052301866622306
52.41921196116505,12.760722397590362,0.04744118091021955
52.41921196116505,12.760865012048193,0.04781394969173153
52.41921196116505,12.761007626506025,0.04815538916416405
52.41921196116505,12.761150240963856,0.048476205193605584
52.41921196116505,12.761292855421688,0.04877597680323574
52.41921196116505,12.761435469879519,0.04904475519720966
52.41921196116505,12.76157808433735,0.04928573032824329
52.41921196116505,12.761720698795182,0.049502158353159076
52.41921196116505,12.761863313253013,0.04969019876380822
52.41921196116505,12.762005927710844,0.049852164980639636
52.41921196116505,12.762148542168676,0.049986609465081544
52.41921196116505,12.762291156626507,0.05009398769584859
52.41921196116505,12.762433771084337,0.050175776285262694
52.41921196116505,12.76257638554217,0.05022927268498396
52.41921196116505,12.762719,0.050250694856331816
52.41930469902913,12.750882,0.011978698385442122
52.41930469902913,12.751024614457831,0.011999364853078624
52.41930469902913,12.751167228915664,0.012054051382441838
52.41930469902913,12.751309843373495,0.01213267520971047
52.41930469902913,12.751452457831325,0.012242293995069365
52.41930469902913,12.751595072289158,0.012380418757962895
52.41930469902913,12.751737686746988,0.012541652334507727
52.41930469902913,12.75188030120482,0.012721166029503125
52.41930469902913,12.752022915662652,0.012926490961541973
52.41930469902913,12.752165530120482,0.013163244294410526
52.41930469902913,12.752308144578313,0.013424371092583466
52.41930469902913,12.752450759036146,0.013707326473066151
52.41930469902913,12.752593373493976,0.014019112622099136
52.41930469902913,12.752735987951809,0.014352707313032616
52.41930469902913,12.75287860240964,0.014707885702155858
52.41930469902913,12.75302121686747,0.015086013374360479
52.41930469902913,12.753163831325303,0.015481662616657402
52.41930469902913,12.753306445783133,0.015906688600168917
52.41930469902913,12.753449060240964,0.0163543846930166
52.41930469902913,12.753591674698797,0.01681286880982021
52.41930469902913,12.753734289156627,0.017294256074481405
52.41930469902913,12.753876903614458,0.017798490932874462
52.41930469902913,12.75401951807229,0.018317188727503705
52.41930469902913,12.754162132530121,0.018854980708470623
52.41930469902913,12.754304746987952,0.01941090771003909
52.41930469902913,12.754447361445784,0.019982717901279673
52.41930469902913,12.754589975903615,0.02057072529455207
52.41930469902913,12.754732590361446,0.021172887906204786
52.41930469902913,12.754875204819278,0.021787916194965284
52.41930469902913,12.755017819277109,0.022417895474828663
52.41930469902913,12.75516043373494,0.023066327203328466
52.41930469902913,12.755303048192772,0.023718903509323444
52.41930469902913,12.755445662650603,0.024379887870147027
52.41930469902913,12.755588277108435,0.025056011515870814
52.41930469902913,12.755730891566266,0.02573999290277917
52.41930469902913,12.755873506024097,0.026435195119586075
52.41930469902913,12.75601612048193,0.027131868485026786
52.41930469902913,12.75615873493976,0.02783289837125879
52.41930469902913,12.75630134939759,0.028544784701893988
52.41930469902913,12.756443963855423,0.029254376346366323
52.41930469902913,12.756586578313254,0.029973558881804904
52.41930469902913,12.756729192771084,0.03069569830535028
52.41930469902913,12.756871807228917,0.031417767574269465
52.41930469902913,12.757014421686748,0.03213666597459748
52.41930469902913,12.757157036144578,0.032853660415207785
52.41930469902913,12.75729965060241,0.033566059030590394
52.41930469902913,12.757442265060241,0.03427987376736708
52.41930469902913,12.757584879518072,0.03498276949693807
52.41930469902913,12.757727493975905,0.03568727427445424
52.41930469902913,12.757870108433735,0.03637930077518474
52.41930469902913,12.758012722891566,0.03706568100357514
52.41930469902913,12.758155337349399,0.037746411957179135
52.41930469902913,12.75829795180723,0.03842158567390116
52.41930469902913,12.758440566265062,0.03908302961826249
52.41930469902913,12.758583180722892,0.03973509038762769
52.41930469902913,12.758725795180723,0.04037252507490195
52.41930469902913,12.758868409638556,0.040997243195204494
52.41930469902913,12.759011024096386,0.041611185343848715
52.41930469902913,12.759153638554217,0.042205521606620375
52.41930469902913,12.75929625301205,0.042786206860506076
52.41930469902913,12.75943886746988,0.04335923045010559
52.41930469902913,12.759581481927711,0.04391201444093706
52.41930469902913,12.759724096385543,0.044439845900408004
52.41930469902913,12.759866710843374,0.04495541932043458
52.41930469902913,12.760009325301205,0.04544342067707714
52.41930469902913,12.760151939759037,0.045917319436846925
52.41930469902913,12.760294554216868,0.04637455971008798
52.41930469902913,12.760437168674699,0.046803334593080816
52.41930469902913,12.760579783132531,0.04720860766975363
52.41930469902913,12.760722397590362,0.04759324738347042
52.41930469902913,12.760865012048193,0.04796200046650452
52.41930469902913,12.761007626506025,0.0482996659461977
52.41930469902913,12.761150240963856,0.0486170269532041
52.41930469902913,12.761292855421688,0.04891358810116252
52.41930469902913,12.761435469879519,0.04917939980865224
52.41930469902913,12.76157808433735,0.049417670528499415
52.41930469902913,12.761720698795182,0.04963175860852182
52.41930469902913,12.761863313253013,0.04981773485039474
52.41930469902913,12.762005927710844,0.049977874014961746
52.41930469902913,12.762148542168676,0.05011084875527555
52.41930469902913,12.762291156626507,0.05021698497499976
52.41930469902913,12.762433771084337,0.050297802149944185
52.41930469902913,12.76257638554217,0.050350686482828144
52.41930469902913,12.762719,0.05037179292113759
52.419397436893206,12.750882,0.012508537254522216
52.419397436893206,12.751024614457831,0.012528873101415467
52.419397436893206,12.751167228915664,0.012582960260780627
52.419397436893206,12.751309843373495,0.01266060718264037
52.419397436893206,12.751452457831325,0.012769007582456254
52.419397436893206,12.751595072289158,0.012905655016339107
52.419397436893206,12.751737686746988,0.013065179700344928
52.419397436893206,12.75188030120482,0.013242602051842745
52.419397436893206,12.752022915662652,0.013445574254739011
52.419397436893206,12.752165530120482,0.013679715606996124
52.419397436893206,12.752308144578313,0.013937922828105347
52.419397436893206,12.752450759036146,0.014217634016993237
52.419397436893206,12.752593373493976,0.014525871444513266
52.419397436893206,12.752735987951809,0.014855839802646004
52.419397436893206,12.75287860240964,0.015206991436798765
52.419397436893206,12.75302121686747,0.0155808515635867
52.419397436893206,12.753163831325303,0.015972015479436573
52.419397436893206,12.753306445783133,0.01639231005114263
52.419397436893206,12.753449060240964,0.0168350881243858
52.419397436893206,12.753591674698797,0.0172883949716861
52.419397436893206,12.753734289156627,0.017764321920724177
52.419397436893206,12.753876903614458,0.018262937534133203
52.419397436893206,12.75401951807229,0.018775735690995197
52.419397436893206,12.754162132530121,0.019307440728938894
52.419397436893206,12.754304746987952,0.01985709613163845
52.419397436893206,12.754447361445784,0.02042251056960305
52.419397436893206,12.754589975903615,0.021003839416123524
52.419397436893206,12.754732590361446,0.021599201938424767
52.419397436893206,12.754875204819278,0.022207250366345962
52.419397436893206,12.755017819277109,0.02283019256582626
52.419397436893206,12.75516043373494,0.023471389049530587
52.419397436893206,12.755303048192772,0.02411669190334315
52.419397436893206,12.755445662650603,0.024770175383778976
52.419397436893206,12.755588277108435,0.025438707776554322
52.419397436893206,12.755730891566266,0.0261151196817648
52.419397436893206,12.755873506024097,0.026802596574843168
52.419397436893206,12.75601612048193,0.027491495156363087
52.419397436893206,12.75615873493976,0.02818469487181796
52.419397436893206,12.75630134939759,0.028888731397283804
52.419397436893206,12.756443963855423,0.029590334424522028
52.419397436893206,12.756586578313254,0.030301550442801424
52.419397436893206,12.756729192771084,0.031015676520735162
52.419397436893206,12.756871807228917,0.03172976561658493
52.419397436893206,12.757014421686748,0.032440677842759925
52.419397436893206,12.757157036144578,0.033149657001300084
52.419397436893206,12.75729965060241,0.03385407972014208
52.419397436893206,12.757442265060241,0.03456001030117694
52.419397436893206,12.757584879518072,0.03525507483092462
52.419397436893206,12.757727493975905,0.035951783429117944
52.419397436893206,12.757870108433735,0.03663606672430413
52.419397436893206,12.758012722891566,0.03731477591902527
52.419397436893206,12.758155337349399,0.03798795896522698
52.419397436893206,12.75829795180723,0.038655784106489954
52.419397436893206,12.758440566265062,0.0393098475063696
52.419397436893206,12.758583180722892,0.03995472134329639
52.419397436893206,12.758725795180723,0.04058508946557782
52.419397436893206,12.758868409638556,0.04120289717408965
52.419397436893206,12.759011024096386,0.04181004629437306
52.419397436893206,12.759153638554217,0.042397778125575686
52.419397436893206,12.75929625301205,0.04297199396213658
52.419397436893206,12.75943886746988,0.043538779255249516
52.419397436893206,12.759581481927711,0.04408546038440788
52.419397436893206,12.759724096385543,0.044607378764301146
52.419397436893206,12.759866710843374,0.045117290100241424
52.419397436893206,12.760009325301205,0.04559987741625392
52.419397436893206,12.760151939759037,0.046068634613772114
52.419397436893206,12.760294554216868,0.046520989824671385
52.419397436893206,12.760437168674699,0.046944982860151814
52.419397436893206,12.760579783132531,0.0473458046712537
52.419397436893206,12.760722397590362,0.04772621034340255
52.419397436893206,12.760865012048193,0.04809095260554972
52.419397436893206,12.761007626506025,0.04842484896296739
52.419397436893206,12.761150240963856,0.0487387584340598
52.419397436893206,12.761292855421688,0.04903211283675418
52.419397436893206,12.761435469879519,0.049294961674935606
52.419397436893206,12.76157808433735,0.04953053222172849
52.419397436893206,12.761720698795182,0.04974228287558585
52.419397436893206,12.761863313253013,0.049926197617289385
52.419397436893206,12.762005927710844,0.05008451243043459
52.419397436893206,12.762148542168676,0.05021601890104706
52.419397436893206,12.762291156626507,0.05032091508844936
52.419397436893206,12.762433771084337,0.0504007629801735
52.419397436893206,12.76257638554217,0.050453035775128115
52.419397436893206,12.762719,0.05047382698421517
52.419490174757286,12.750882,0.013024583056565175
52.419490174757286,12.751024614457831,0.013044589172125195
52.419490174757286,12.751167228915664,0.01309807787830566
52.419490174757286,12.751309843373495,0.013174750373321263
52.419490174757286,12.751452457831325,0.013281934231058919
52.419490174757286,12.751595072289158,0.013417106217789401
52.419490174757286,12.751737686746988,0.013574923641657521
52.419490174757286,12.75188030120482,0.013750257950155196
52.419490174757286,12.752022915662652,0.013950881136305191
52.419490174757286,12.752165530120482,0.014182413907916858
52.419490174757286,12.752308144578313,0.014437705995407559
52.419490174757286,12.752450759036146,0.014714178674943557
52.419490174757286,12.752593373493976,0.015018873519881626
52.419490174757286,12.752735987951809,0.01534521950617609
52.419490174757286,12.75287860240964,0.015692350657767785
52.419490174757286,12.75302121686747,0.016061949955926236
52.419490174757286,12.753163831325303,0.01644863452391381
52.419490174757286,12.753306445783133,0.01686420471301015
52.419490174757286,12.753449060240964,0.017302071349332808
52.419490174757286,12.753591674698797,0.017750208487567167
52.419490174757286,12.753734289156627,0.0182206839197874
52.419490174757286,12.753876903614458,0.01871368844781484
52.419490174757286,12.75401951807229,0.019220596527128497
52.419490174757286,12.754162132530121,0.019746224380124723
52.419490174757286,12.754304746987952,0.02028961804387304
52.419490174757286,12.754447361445784,0.020848645836775915
52.419490174757286,12.754589975903615,0.021423307397509625
52.419490174757286,12.754732590361446,0.02201188090254756
52.419490174757286,12.754875204819278,0.02261296104232263
52.419490174757286,12.755017819277109,0.02322887663504032
52.419490174757286,12.75516043373494,0.02386284950473262
52.419490174757286,12.755303048192772,0.02450088914194073
52.419490174757286,12.755445662650603,0.0251468836456388
52.419490174757286,12.755588277108435,0.025807836742172314
52.419490174757286,12.755730891566266,0.02647668932236609
52.419490174757286,12.755873506024097,0.027156452886301523
52.419490174757286,12.75601612048193,0.027837588281554873
52.419490174757286,12.75615873493976,0.028522969602442882
52.419490174757286,12.75630134939759,0.02921916784238121
52.419490174757286,12.756443963855423,0.029912795038982455
52.419490174757286,12.756586578313254,0.030616056493655598
52.419490174757286,12.756729192771084,0.03132218197934272
52.419490174757286,12.756871807228917,0.032028302784732794
52.419490174757286,12.757014421686748,0.03273124098561529
52.419490174757286,12.757157036144578,0.03343221783132379
52.419490174757286,12.75729965060241,0.03412867728693586
52.419490174757286,12.757442265060241,0.034826735679388966
52.419490174757286,12.757584879518072,0.03551398042283501
52.419490174757286,12.757727493975905,0.03620290456077723
52.419490174757286,12.757870108433735,0.036879456410339864
52.419490174757286,12.758012722891566,0.03755050650091249
52.419490174757286,12.758155337349399,0.03821615301223029
52.419490174757286,12.75829795180723,0.038876639451498524
52.419490174757286,12.758440566265062,0.039523334045904523
52.419490174757286,12.758583180722892,0.040161031606461145
52.419490174757286,12.758725795180723,0.04078434357030501
52.419490174757286,12.758868409638556,0.04139525077316147
52.419490174757286,12.759011024096386,0.041995618057893085
52.419490174757286,12.759153638554217,0.04257675558583266
52.419490174757286,12.75929625301205,0.043144512789860465
52.419490174757286,12.75943886746988,0.04370506912178353
52.419490174757286,12.759581481927711,0.04424565715477685
52.419490174757286,12.759724096385543,0.04476167219268192
52.419490174757286,12.759866710843374,0.04526593035990771
52.419490174757286,12.760009325301205,0.04574311140427245
52.419490174757286,12.760151939759037,0.04620673398126459
52.419490174757286,12.760294554216868,0.04665421027526705
52.419490174757286,12.760437168674699,0.04707342939459709
52.419490174757286,12.760579783132531,0.047469806092196705
52.419490174757286,12.760722397590362,0.047845983777841605
52.419490174757286,12.760865012048193,0.04820672173846921
52.419490174757286,12.761007626506025,0.048536855312115254
52.419490174757286,12.761150240963856,0.04884731833974802
52.419490174757286,12.761292855421688,0.049137471047388234
52.419490174757286,12.761435469879519,0.049397362173340134
52.419490174757286,12.76157808433735,0.049630237434341
52.419490174757286,12.761720698795182,0.04983965382240265
52.419490174757286,12.761863313253013,0.05002151022388772
52.419490174757286,12.762005927710844,0.050178004113975536
52.419490174757286,12.762148542168676,0.050308044319696855
52.419490174757286,12.762291156626507,0.05041170304373147
52.419490174757286,12.762433771084337,0.05049058449533572
52.419490174757286,12.76257638554217,0.05054224684184355
52.419490174757286,12.762719,0.05056272360394608
52.41958291262136,12.750882,0.013529338463596049
52.41958291262136,12.751024614457831,0.013549014370762506
52.41958291262136,12.751167228915664,0.013601902226230082
52.41958291262136,12.751309843373495,0.01367759827478815
52.41958291262136,12.751452457831325,0.013783561376037616
52.41958291262136,12.751595072289158,0.013917252143601903
52.41958291262136,12.751737686746988,0.014073354250353155
52.41958291262136,12.75188030120482,0.014246593014480485
52.41958291262136,12.752022915662652,0.014444858234275392
52.41958291262136,12.752165530120482,0.014673771891695626
52.41958291262136,12.752308144578313,0.014926137530282805
52.41958291262136,12.752450759036146,0.01519936027237129
52.41958291262136,12.752593373493976,0.015500500720918516
52.41958291262136,12.752735987951809,0.015823208582504047
52.41958291262136,12.75287860240964,0.01616630445108121
52.41958291262136,12.75302121686747,0.016531626825682155
52.41958291262136,12.753163831325303,0.016913814729315527
52.41958291262136,12.753306445783133,0.017324642777306686
52.41958291262136,12.753449060240964,0.017757578373585974
52.41958291262136,12.753591674698797,0.01820052553927456
52.41958291262136,12.753734289156627,0.01866552918778814
52.41958291262136,12.753876903614458,0.019152901065506923
52.41958291262136,12.75401951807229,0.019653897790862948
52.41958291262136,12.754162132530121,0.020173426343032683
52.41958291262136,12.754304746987952,0.020710535645527325
52.41958291262136,12.754447361445784,0.021263152691710346
52.41958291262136,12.754589975903615,0.0218311238923287
52.41958291262136,12.754732590361446,0.02241288411204521
52.41958291262136,12.754875204819278,0.023006971995414835
52.41958291262136,12.755017819277109,0.02361583449067966
52.41958291262136,12.75516043373494,0.02424255796592262
52.41958291262136,12.755303048192772,0.024873306797763825
52.41958291262136,12.755445662650603,0.02551178608411353
52.41958291262136,12.755588277108435,0.02616513298680314
52.41958291262136,12.755730891566266,0.026826397808484705
52.41958291262136,12.755873506024097,0.027498420140832425
52.41958291262136,12.75601612048193,0.028171764161676223
52.41958291262136,12.75615873493976,0.02884929881748443
52.41958291262136,12.75630134939759,0.029537629477352532
52.41958291262136,12.756443963855423,0.030223253621051237
52.41958291262136,12.756586578313254,0.03091853203112241
52.41958291262136,12.756729192771084,0.031616629207548784
52.41958291262136,12.756871807228917,0.03231475337013795
52.41958291262136,12.757014421686748,0.033009689175503926
52.41958291262136,12.757157036144578,0.03370263616833708
52.41958291262136,12.75729965060241,0.03439110496399169
52.41958291262136,12.757442265060241,0.03508126320995536
52.41958291262136,12.757584879518072,0.03576066048191523
52.41958291262136,12.757727493975905,0.03644177292974295
52.41958291262136,12.757870108433735,0.03711056714714873
52.41958291262136,12.758012722891566,0.03777393242563149
52.41958291262136,12.758155337349399,0.038432016339880304
52.41958291262136,12.75829795180723,0.03908513729284972
52.41958291262136,12.758440566265062,0.03972443918606533
52.41958291262136,12.758583180722892,0.040354936082948725
52.41958291262136,12.758725795180723,0.040971167529144606
52.41958291262136,12.758868409638556,0.04157515061364671
52.41958291262136,12.759011024096386,0.04216871354498209
52.41958291262136,12.759153638554217,0.042743234422465026
52.41958291262136,12.75929625301205,0.0433045117872512
52.41958291262136,12.75943886746988,0.043858817764010065
52.41958291262136,12.759581481927711,0.04439329343111489
52.41958291262136,12.759724096385543,0.04490338619166721
52.41958291262136,12.759866710843374,0.04540197241522596
52.41958291262136,12.760009325301205,0.04587372879925007
52.41958291262136,12.760151939759037,0.046332198313017305
52.41958291262136,12.760294554216868,0.04677477738936315
52.41958291262136,12.760437168674699,0.04718920765571719
52.41958291262136,12.760579783132531,0.04758112319211419
52.41958291262136,12.760722397590362,0.047953059229645885
52.41958291262136,12.760865012048193,0.04830977965946933
52.41958291262136,12.761007626506025,0.04863613902296655
52.41958291262136,12.761150240963856,0.04894314397422775
52.41958291262136,12.761292855421688,0.04923008465882957
52.41958291262136,12.761435469879519,0.04948700921891988
52.41958291262136,12.76157808433735,0.04971718200013031
52.41958291262136,12.761720698795182,0.04992425674705684
52.41958291262136,12.761863313253013,0.05010404788183975
52.41958291262136,12.762005927710844,0.0502587159628312
52.41958291262136,12.762148542168676,0.050387284680235525
52.41958291262136,12.762291156626507,0.05048970297431868
52.41958291262136,12.762433771084337,0.05056761638208512
52.41958291262136,12.76257638554217,0.05061866626461029
52.41958291262136,12.762719,0.050638827518592555
52.41967565048544,12.750882,0.014016268132488612
52.41967565048544,12.751024614457831,0.014035620193795527
52.41967565048544,12.751167228915664,0.014087919315911714
52.41967565048544,12.751309843373495,0.014162658308808668
52.41967565048544,12.751452457831325,0.0142674246011479
52.41967565048544,12.751595072289158,0.014399663394108288
52.41967565048544,12.751737686746988,0.014554084544216531
52.41967565048544,12.75188030120482,0.014725269182664629
52.41967565048544,12.752022915662652,0.014921223603871846
52.41967565048544,12.752165530120482,0.015147570408481359
52.41967565048544,12.752308144578313,0.015397068301925602
52.41967565048544,12.752450759036146,0.01566710587547227
52.41967565048544,12.752593373493976,0.015964762205887995
52.41967565048544,12.752735987951809,0.016283904588785217
52.41967565048544,12.75287860240964,0.01662304566701482
52.41967565048544,12.75302121686747,0.01698417642731508
52.41967565048544,12.753163831325303,0.017361957361158132
52.41967565048544,12.753306445783133,0.017768138047770724
52.41967565048544,12.753449060240964,0.018196241358555486
52.41967565048544,12.753591674698797,0.01863410245479041
52.41967565048544,12.753734289156627,0.019093743900231552
52.41967565048544,12.753876903614458,0.01957559578886007
52.41967565048544,12.75401951807229,0.020070799004920134
52.41967565048544,12.754162132530121,0.020584350632994887
52.41967565048544,12.754304746987952,0.02111530135731388
52.41967565048544,12.754447361445784,0.021661635906771254
52.41967565048544,12.754589975903615,0.022223050691579496
52.41967565048544,12.754732590361446,0.022798133693356884
52.41967565048544,12.754875204819278,0.02338536948327922
52.41967565048544,12.755017819277109,0.023987320343938107
52.41967565048544,12.75516043373494,0.0246069395317019
52.41967565048544,12.755303048192772,0.025230543705871643
52.41967565048544,12.755445662650603,0.025861658388433368
52.41967565048544,12.755588277108435,0.026507551222975913
52.41967565048544,12.755730891566266,0.027161380526363216
52.41967565048544,12.755873506024097,0.027825816873156224
52.41967565048544,12.75601612048193,0.028491525562687973
52.41967565048544,12.75615873493976,0.029161370944207593
52.41967565048544,12.75630134939759,0.029841992218009823
52.41967565048544,12.756443963855423,0.030519774033400476
52.41967565048544,12.756586578313254,0.03120722975210076
52.41967565048544,12.756729192771084,0.031897459861156684
52.41967565048544,12.756871807228917,0.032587747903941415
52.41967565048544,12.757014421686748,0.033274842043432964
52.41967565048544,12.757157036144578,0.03395992057012889
52.41967565048544,12.75729965060241,0.03464055962385584
52.41967565048544,12.757442265060241,0.035322976722093814
52.41967565048544,12.757584879518072,0.03599468443231213
52.41967565048544,12.757727493975905,0.0366681422714783
52.41967565048544,12.757870108433735,0.03732933501508227
52.41967565048544,12.758012722891566,0.037985169901286114
52.41967565048544,12.758155337349399,0.038635843614679845
52.41967565048544,12.75829795180723,0.03928174782945863
52.41967565048544,12.758440566265062,0.03991380558581173
52.41967565048544,12.758583180722892,0.040537246996432505
52.41967565048544,12.758725795180723,0.041146540691434974
52.41967565048544,12.758868409638556,0.041743739122802825
52.41967565048544,12.759011024096386,0.04233063517791775
52.41967565048544,12.759153638554217,0.04289867319005547
52.41967565048544,12.75929625301205,0.043453601602273934
52.41967565048544,12.75943886746988,0.044001783512019804
52.41967565048544,12.759581481927711,0.04453026971317499
52.41967565048544,12.759724096385543,0.04503455980063772
52.41967565048544,12.759866710843374,0.04552758882937168
52.41967565048544,12.760009325301205,0.0459940299572963
52.41967565048544,12.760151939759037,0.046447451021423614
52.41967565048544,12.760294554216868,0.046885231818163856
52.41967565048544,12.760437168674699,0.04729496978139442
52.41967565048544,12.760579783132531,0.047682514451962
52.41967565048544,12.760722397590362,0.048050294881837076
52.41967565048544,12.760865012048193,0.04840307901812587
52.41967565048544,12.761007626506025,0.048725740620934016
52.41967565048544,12.761150240963856,0.04902935788952657
52.41967565048544,12.761292855421688,0.04931315138271959
52.41967565048544,12.761435469879519,0.049567169501142594
52.41967565048544,12.76157808433735,0.04979469426185152
52.41967565048544,12.761720698795182,0.04999947448466731
52.41967565048544,12.761863313253013,0.05017724232253681
52.41967565048544,12.762005927710844,0.05033012147415773
52.41967565048544,12.762148542168676,0.05045724858232796
52.41967565048544,12.762291156626507,0.05055845150799647
52.41967565048544,12.762433771084337,0.050635416483091854
52.41967565048544,12.76257638554217,0.05068586623214961
52.41967565048544,12.762719,0.050705718388626836
52.41976838834952,12.750882,0.014485074275764164
52.41976838834952,12.751024614457831,0.014504106598503758
52.41976838834952,12.751167228915664,0.014555824317337908
52.41976838834952,12.751309843373495,0.014629618816207019
52.41976838834952,12.751452457831325,0.01473320332095287
52.41976838834952,12.751595072289158,0.014864008688105147
52.41976838834952,12.751737686746988,0.015016769532585093
52.41976838834952,12.75188030120482,0.015185926223040797
52.41976838834952,12.752022915662652,0.015379599000827237
52.41976838834952,12.752165530120482,0.015603411340442427
52.41976838834952,12.752308144578313,0.015850077753701005
52.41976838834952,12.752450759036146,0.016116970920868147
52.41976838834952,12.752593373493976,0.016411187680272263
52.41976838834952,12.752735987951809,0.016726809327567566
52.41976838834952,12.75287860240964,0.017062045935376483
52.41976838834952,12.75302121686747,0.017419038232580786
52.41976838834952,12.753163831325303,0.01779246749288725
52.41976838834952,12.753306445783133,0.01819405968409775
52.41976838834952,12.753449060240964,0.01861739135962649
52.41976838834952,12.753591674698797,0.01905023082374341
52.41976838834952,12.753734289156627,0.019504577502321013
52.41976838834952,12.753876903614458,0.01998097950610696
52.41976838834952,12.75401951807229,0.02047046305496466
52.41976838834952,12.754162132530121,0.02097811333298163
52.41976838834952,12.754304746987952,0.021502983784077844
52.41976838834952,12.754447361445784,0.02204311531649799
52.41976838834952,12.754589975903615,0.022598057085455137
52.41976838834952,12.754732590361446,0.02316654778664056
52.41976838834952,12.754875204819278,0.023747018913811955
52.41976838834952,12.755017819277109,0.02434214516786428
52.41976838834952,12.75516043373494,0.024954750065353613
52.41976838834952,12.755303048192772,0.025571299688449928
52.41976838834952,12.755445662650603,0.026195142945427893
52.41976838834952,12.755588277108435,0.026833676060140026
52.41976838834952,12.755730891566266,0.027480163596057178
52.41976838834952,12.755873506024097,0.028137110069025868
52.41976838834952,12.75601612048193,0.028795280043648577
52.41976838834952,12.75615873493976,0.029457533430903654
52.41976838834952,12.75630134939759,0.03013054248091287
52.41976838834952,12.756443963855423,0.030800581398516512
52.41976838834952,12.756586578313254,0.03148031331356733
52.41976838834952,12.756729192771084,0.03216277618431098
52.41976838834952,12.756871807228917,0.03284532709606143
52.41976838834952,12.757014421686748,0.03352467862349681
52.41976838834952,12.757157036144578,0.034201988296118355
52.41976838834952,12.75729965060241,0.03487489594318161
52.41976838834952,12.757442265060241,0.03554966952047242
52.41976838834952,12.757584879518072,0.036213784445876154
52.41976838834952,12.757727493975905,0.03687968389351346
52.41976838834952,12.757870108433735,0.03753337086996792
52.41976838834952,12.758012722891566,0.03818177035498858
52.41976838834952,12.758155337349399,0.03882512715497476
52.41976838834952,12.75829795180723,0.03946390493991063
52.41976838834952,12.758440566265062,0.04008881010086873
52.41976838834952,12.758583180722892,0.04070528492604031
52.41976838834952,12.758725795180723,0.04130772794084075
52.41976838834952,12.758868409638556,0.04189822720484512
52.41976838834952,12.759011024096386,0.04247854036445682
52.41976838834952,12.759153638554217,0.043040176907569894
52.41976838834952,12.75929625301205,0.04358883626236264
52.41976838834952,12.75943886746988,0.044130970885191495
52.41976838834952,12.759581481927711,0.04465354343518246
52.41976838834952,12.759724096385543,0.04515210424455968
52.41976838834952,12.759866710843374,0.04563964603496958
52.41976838834952,12.760009325301205,0.046100838814572415
52.41976838834952,12.760151939759037,0.04654927455435846
52.41976838834952,12.760294554216868,0.04698231711691467
52.41976838834952,12.760437168674699,0.04738742229641728
52.41976838834952,12.760579783132531,0.047770650809397915
52.41976838834952,12.760722397590362,0.04813432827644941
52.41976838834952,12.760865012048193,0.048483225441476915
52.41976838834952,12.761007626506025,0.04880223596856145
52.41976838834952,12.761150240963856,0.04910250807359824
52.41976838834952,12.761292855421688,0.049383193809889356
52.41976838834952,12.761435469879519,0.04963434207631377
52.41976838834952,12.76157808433735,0.04985925271529905
52.41976838834952,12.761720698795182,0.05006176729611637
52.41976838834952,12.761863313253013,0.050237537269752455
52.41976838834952,12.762005927710844,0.05038865013361761
52.41976838834952,12.762148542168676,0.050514353667586706
52.41976838834952,12.762291156626507,0.050614356470740605
52.41976838834952,12.762433771084337,0.050690385537452615
52.41976838834952,12.76257638554217,0.05074024275207222
52.41976838834952,12.762719,0.05075978961332248
52.41986112621359,12.750882,0.014936709061333472
52.41986112621359,12.751024614457831,0.014955424206637093
52.41986112621359,12.751167228915664,0.015006564432722927
52.41986112621359,12.751309843373495,0.015079421859163781
52.41986112621359,12.751452457831325,0.015181832532330687
52.41986112621359,12.751595072289158,0.01531121393084851
52.41986112621359,12.751737686746988,0.015462325092667607
52.41986112621359,12.75188030120482,0.015629467695566893
52.41986112621359,12.752022915662652,0.015820874336655893
52.41986112621359,12.752165530120482,0.0160421690045319
52.41986112621359,12.752308144578313,0.016286023005771765
52.41986112621359,12.752450759036146,0.016549793596392613
52.41986112621359,12.752593373493976,0.016840594965280706
52.41986112621359,12.752735987951809,0.017152718550316796
52.41986112621359,12.75287860240964,0.017484077248254116
52.41986112621359,12.75302121686747,0.017836959073839545
52.41986112621359,12.753163831325303,0.018206066046041594
52.41986112621359,12.753306445783133,0.01860310082655514
52.41986112621359,12.753449060240964,0.01902169246799839
52.41986112621359,12.753591674698797,0.019449543785820582
52.41986112621359,12.753734289156627,0.019898632024456547
52.41986112621359,12.753876903614458,0.020369620802827854
52.41986112621359,12.75401951807229,0.020853423881445805
52.41986112621359,12.754162132530121,0.02135521328345884
52.41986112621359,12.754304746987952,0.021874045112619166
52.41986112621359,12.754447361445784,0.02240801520475559
52.41986112621359,12.754589975903615,0.0229565293733459
52.41986112621359,12.754732590361446,0.023518473093228506
52.41986112621359,12.754875204819278,0.024092226794445143
52.41986112621359,12.755017819277109,0.024680574379417022
52.41986112621359,12.75516043373494,0.025286213264206905
52.41986112621359,12.755303048192772,0.025895755792779404
52.41986112621359,12.755445662650603,0.02651237819655982
52.41986112621359,12.755588277108435,0.027143602300620878
52.41986112621359,12.755730891566266,0.02778279734991816
52.41986112621359,12.755873506024097,0.02843230497726451
52.41986112621359,12.75601612048193,0.029082987405777715
52.41986112621359,12.75615873493976,0.029737700974056782
52.41986112621359,12.75630134939759,0.030403149418215036
52.41986112621359,12.756443963855423,0.031065499423603204
52.41986112621359,12.756586578313254,0.031737560453669225
52.41986112621359,12.756729192771084,0.0324123098020373
52.41986112621359,12.756871807228917,0.03308717660236281
52.41986112621359,12.757014421686748,0.03375883883321021
52.41986112621359,12.757157036144578,0.03442843404578291
52.41986112621359,12.75729965060241,0.03509366398290427
52.41986112621359,12.757442265060241,0.03576084683195495
52.41986112621359,12.757584879518072,0.036417420904955825
52.41986112621359,12.757727493975905,0.03707581439327083
52.41986112621359,12.757870108433735,0.0377220477570782
52.41986112621359,12.758012722891566,0.03836306381865668
52.41986112621359,12.758155337349399,0.03899915449467467
52.41986112621359,12.75829795180723,0.03963085454648328
52.41986112621359,12.758440566265062,0.040248657691817104
52.41986112621359,12.758583180722892,0.04085821413129672
52.41986112621359,12.758725795180723,0.04145385396979337
52.41986112621359,12.758868409638556,0.04203770018978168
52.41986112621359,12.759011024096386,0.04261147702381931
52.41986112621359,12.759153638554217,0.04316675652943822
52.41986112621359,12.75929625301205,0.04370919134518769
52.41986112621359,12.75943886746988,0.04424532080578682
52.41986112621359,12.759581481927711,0.04476202131280743
52.41986112621359,12.759724096385543,0.04525489313558739
52.41986112621359,12.759866710843374,0.045736986225566205
52.41986112621359,12.760009325301205,0.04619296681254911
52.41986112621359,12.760151939759037,0.04663645132694463
52.41986112621359,12.760294554216868,0.04706478751478068
52.41986112621359,12.760437168674699,0.0474652927762941
52.41986112621359,12.760579783132531,0.04784423425525629
52.41986112621359,12.760722397590362,0.04820383765546484
52.41986112621359,12.760865012048193,0.04854887512531361
52.41986112621359,12.761007626506025,0.04886426072486946
52.41986112621359,12.761150240963856,0.04916121108692917
52.41986112621359,12.761292855421688,0.049438811164764965
52.41986112621359,12.761435469879519,0.04968711030683494
52.41986112621359,12.76157808433735,0.0499094260923983
52.41986112621359,12.761720698795182,0.050109690856015944
52.41986112621359,12.761863313253013,0.050283477232622664
52.41986112621359,12.762005927710844,0.05043283665839829
52.41986112621359,12.762148542168676,0.050557126388140666
52.41986112621359,12.762291156626507,0.05065593817736489
52.41986112621359,12.762433771084337,0.0507310388004215
52.41986112621359,12.76257638554217,0.050780307758946194
52.41986112621359,12.762719,0.05079955189203909
52.41995386407767,12.750882,0.015368808162758988
52.41995386407767,12.751024614457831,0.015387212912566492
52.41995386407767,12.751167228915664,0.015437787795055818
52.41995386407767,12.751309843373495,0.015509728133386459
52.41995386407767,12.751452457831325,0.015610989798736413
52.41995386407767,12.751595072289158,0.01573897717023117
52.41995386407767,12.751737686746988,0.015888473420686836
52.41995386407767,12.75188030120482,0.016053644763781055
52.41995386407767,12.752022915662652,0.016242833657694945
52.41995386407767,12.752165530120482,0.016461663891771984
52.41995386407767,12.752308144578313,0.016702765283837344
52.41995386407767,12.752450759036146,0.016963480132895812
52.41995386407767,12.752593373493976,0.017250938693638453
52.41995386407767,12.752735987951809,0.017559638944239685
52.41995386407767,12.75287860240964,0.017887202199241163
52.41995386407767,12.75302121686747,0.018236061259119904
52.41995386407767,12.753163831325303,0.018600937875077213
52.41995386407767,12.753306445783133,0.018993512557253286
52.41995386407767,12.753449060240964,0.019407465303219296
52.41995386407767,12.753591674698797,0.01983043495825601
52.41995386407767,12.753734289156627,0.020274377425026517
52.41995386407767,12.753876903614458,0.02074006830361749
52.41995386407767,12.75401951807229,0.02121831250865654
52.41995386407767,12.754162132530121,0.02171436642232323
52.41995386407767,12.754304746987952,0.022227288852799048
52.41995386407767,12.754447361445784,0.022755229387960582
52.41995386407767,12.754589975903615,0.023297453722828508
52.41995386407767,12.754732590361446,0.023852990532789154
52.41995386407767,12.754875204819278,0.02442017049786303
52.41995386407767,12.755017819277109,0.02500188439123128
52.41995386407767,12.75516043373494,0.02560070655115255
52.41995386407767,12.755303048192772,0.026203392136558753
52.41995386407767,12.755445662650603,0.02681294816236433
52.41995386407767,12.755588277108435,0.027437019881914475
52.41995386407767,12.755730891566266,0.028069079137017366
52.41995386407767,12.755873506024097,0.028711308005243012
52.41995386407767,12.75601612048193,0.02935466360222791
52.41995386407767,12.75615873493976,0.03000199916134231
52.41995386407767,12.75630134939759,0.03066004978365726
52.41995386407767,12.756443963855423,0.03131487656905738
52.41995386407767,12.756586578313254,0.03197943178639197
52.41995386407767,12.756729192771084,0.03264663397281603
52.41995386407767,12.756871807228917,0.03331398217112545
52.41995386407767,12.757014421686748,0.03397812094062883
52.41995386407767,12.757157036144578,0.03464016784440862
52.41995386407767,12.75729965060241,0.0352978856317728
52.41995386407767,12.757442265060241,0.03595764180829269
52.41995386407767,12.757584879518072,0.03660683776602203
52.41995386407767,12.757727493975905,0.03725788731701352
52.41995386407767,12.757870108433735,0.03789682822225584
52.41995386407767,12.758012722891566,0.03853062065546358
52.41995386407767,12.758155337349399,0.03915960223326468
52.41995386407767,12.75829795180723,0.039784377912248835
52.41995386407767,12.758440566265062,0.04039523268994186
52.41995386407767,12.758583180722892,0.04099802101150581
52.41995386407767,12.758725795180723,0.04158700474410044
52.41995386407767,12.758868409638556,0.04216434198972857
52.41995386407767,12.759011024096386,0.042731724496704544
52.41995386407767,12.759153638554217,0.04328078474071536
52.41995386407767,12.75929625301205,0.043817130052984585
52.41995386407767,12.75943886746988,0.044347384447580546
52.41995386407767,12.759581481927711,0.04485834049272508
52.41995386407767,12.759724096385543,0.04534564715739591
52.41995386407767,12.759866710843374,0.04582241000937977
52.41995386407767,12.760009325301205,0.046273291739541055
52.41995386407767,12.760151939759037,0.04671193288210989
52.41995386407767,12.760294554216868,0.04713566500509268
52.41995386407767,12.760437168674699,0.047531670450713444
52.41995386407767,12.760579783132531,0.04790641842339655
52.41995386407767,12.760722397590362,0.04826203673253049
52.41995386407767,12.760865012048193,0.04860329877221909
52.41995386407767,12.761007626506025,0.04891513864804942
52.41995386407767,12.761150240963856,0.04920883960189122
52.41995386407767,12.761292855421688,0.04948342102167174
52.41995386407767,12.761435469879519,0.04972893307414808
52.41995386407767,12.76157808433735,0.04994871046624921
52.41995386407767,12.761720698795182,0.05014677429408649
52.41995386407767,12.761863313253013,0.050318620176928626
52.41995386407767,12.762005927710844,0.0504662644850216
52.41995386407767,12.762148542168676,0.05058917133650874
52.41995386407767,12.762291156626507,0.050686818235070555
52.41995386407767,12.762433771084337,0.050761010823262405
52.41995386407767,12.76257638554217,0.05080970406878182
52.41995386407767,12.762719,0.05082865209631343
52.42004660194175,12.750882,0.015787451878969388
52.42004660194175,12.751024614457831,0.01580554809585396
52.42004660194175,12.751167228915664,0.015855560486533506
52.42004660194175,12.751309843373495,0.015926589693953646
52.42004660194175,12.751452457831325,0.0160267081903566
52.42004660194175,12.751595072289158,0.016153308569438807
52.42004660194175,12.751737686746988,0.01630119744671652
52.42004660194175,12.75188030120482,0.016464407968547336
52.42004660194175,12.752022915662652,0.016651390543106038
52.42004660194175,12.752165530120482,0.016867768711886406
52.42004660194175,12.752308144578313,0.017106131806139065
52.42004660194175,12.752450759036146,0.017363807158630732
52.42004660194175,12.752593373493976,0.01764794108868849
52.42004660194175,12.752735987951809,0.017953233831030556
52.42004660194175,12.75287860240964,0.018277021530147132
52.42004660194175,12.75302121686747,0.018621878752329804
52.42004660194175,12.753163831325303,0.018982546689294
52.42004660194175,12.753306445783133,0.01937068435119027
52.42004660194175,12.753449060240964,0.019780021188609685
52.42004660194175,12.753591674698797,0.02019813403847382
52.42004660194175,12.753734289156627,0.020636957522026794
52.42004660194175,12.753876903614458,0.021097377733548507
52.42004660194175,12.75401951807229,0.02157009262626321
52.42004660194175,12.754162132530121,0.022060441237020785
52.42004660194175,12.754304746987952,0.022567485786661984
52.42004660194175,12.754447361445784,0.02308942804057424
52.42004660194175,12.754589975903615,0.023625396496378036
52.42004660194175,12.754732590361446,0.02417456065803842
52.42004660194175,12.754875204819278,0.024735202960153243
52.42004660194175,12.755017819277109,0.025310317988335072
52.42004660194175,12.75516043373494,0.025902359950486547
52.42004660194175,12.755303048192772,0.026498224304764877
52.42004660194175,12.755445662650603,0.027100752240565053
52.42004660194175,12.755588277108435,0.027717710138370474
52.42004660194175,12.755730891566266,0.028342670669630574
52.42004660194175,12.755873506024097,0.028977659660636562
52.42004660194175,12.75601612048193,0.029613727296755224
52.42004660194175,12.75615873493976,0.03025372449666389
52.42004660194175,12.75630134939759,0.03090441611357732
52.42004660194175,12.756443963855423,0.03155176049657282
52.42004660194175,12.756586578313254,0.032208850526651456
52.42004660194175,12.756729192771084,0.03286854684134263
52.42004660194175,12.756871807228917,0.033528416643472544
52.42004660194175,12.757014421686748,0.034185072420785216
52.42004660194175,12.757157036144578,0.034839612728891904
52.42004660194175,12.75729965060241,0.03548985969986672
52.42004660194175,12.757442265060241,0.03614222941609676
52.42004660194175,12.757584879518072,0.03678408751820776
52.42004660194175,12.757727493975905,0.03742783312103497
52.42004660194175,12.757870108433735,0.0380595218817815
52.42004660194175,12.758012722891566,0.03868613058113213
52.42004660194175,12.758155337349399,0.03930804242226476
52.42004660194175,12.75829795180723,0.03992593062032105
52.42004660194175,12.758440566265062,0.040529875965669204
52.42004660194175,12.758583180722892,0.04112593325696587
52.42004660194175,12.758725795180723,0.041708297657319336
52.42004660194175,12.758868409638556,0.04227916206639958
52.42004660194175,12.759011024096386,0.042840186562518125
52.42004660194175,12.759153638554217,0.043383062394066384
52.42004660194175,12.75929625301205,0.043913352932924844
52.42004660194175,12.75943886746988,0.04443776467341318
52.42004660194175,12.759581481927711,0.044943008854340286
52.42004660194175,12.759724096385543,0.045424782297453725
52.42004660194175,12.759866710843374,0.04589624522405555
52.42004660194175,12.760009325301205,0.046342056155397174
52.42004660194175,12.760151939759037,0.04677588020126553
52.42004660194175,12.760294554216868,0.04719503283941018
52.42004660194175,12.760437168674699,0.047586564571265214
52.42004660194175,12.760579783132531,0.04795714174254884
52.42004660194175,12.760722397590362,0.04830879754090461
52.42004660194175,12.760865012048193,0.04864630535276925
52.42004660194175,12.761007626506025,0.04895461990016335
52.42004660194175,12.761150240963856,0.04924508979856844
52.42004660194175,12.761292855421688,0.04951666977646138
52.42004660194175,12.761435469879519,0.049759411302314996
52.42004660194175,12.76157808433735,0.04997666563141791
52.42004660194175,12.761720698795182,0.0501725408765918
52.42004660194175,12.761863313253013,0.05034245731917355
52.42004660194175,12.762005927710844,0.0504883969838872
52.42004660194175,12.762148542168676,0.050609928758245194
52.42004660194175,12.762291156626507,0.05070641791095751
52.42004660194175,12.762433771084337,0.0507797088862047
52.42004660194175,12.76257638554217,0.05082782959898803
52.42004660194175,12.762719,0.050846483432378
52.42013933980583,12.750882,0.01619047676358531
52.42013933980583,12.751024614457831,0.0162082716243201
52.42013933980583,12.751167228915664,0.016257734398120977
52.42013933980583,12.751309843373495,0.01632787381880293
52.42013933980583,12.751452457831325,0.016426875612346837
52.42013933980583,12.751595072289158,0.016552121128720627
52.42013933980583,12.751737686746988,0.01669843985519748
52.42013933980583,12.75188030120482,0.01685973475833586
52.42013933980583,12.752022915662652,0.017044562239820028
52.42013933980583,12.752165530120482,0.017258545358641707
52.42013933980583,12.752308144578313,0.01749423355726004
52.42013933980583,12.752450759036146,0.01774894002694529
52.42013933980583,12.752593373493976,0.01802982606468102
52.42013933980583,12.752735987951809,0.018331790653119594
52.42013933980583,12.75287860240964,0.01865189075159616
52.42013933980583,12.75302121686747,0.018992838741800196
52.42013933980583,12.753163831325303,0.019349395656416992
52.42013933980583,12.753306445783133,0.019733199209386244
52.42013933980583,12.753449060240964,0.02013802747101162
52.42013933980583,12.753591674698797,0.02055139628537848
52.42013933980583,12.753734289156627,0.02098521964844878
52.42013933980583,12.753876903614458,0.021440491640520136
52.42013933980583,12.75401951807229,0.021907805326813006
52.42013933980583,12.754162132530121,0.022392581256815123
52.42013933980583,12.754304746987952,0.022893884206775513
52.42013933980583,12.754447361445784,0.023409967296986176
52.42013933980583,12.754589975903615,0.023939825161162536
52.42013933980583,12.754732590361446,0.02448276440280115
52.42013933980583,12.754875204819278,0.025037020425883894
52.42013933980583,12.755017819277109,0.02560568894726265
52.42013933980583,12.75516043373494,0.02619110781054533
52.42013933980583,12.755303048192772,0.026780308748965843
52.42013933980583,12.755445662650603,0.027375971435240752
52.42013933980583,12.755588277108435,0.02798598003242387
52.42013933980583,12.755730891566266,0.028604005932569003
52.42013933980583,12.755873506024097,0.029231922615306997
52.42013933980583,12.75601612048193,0.029860870615329452
52.42013933980583,12.75615873493976,0.030493698893153037
52.42013933980583,12.75630134939759,0.031137201581874174
52.42013933980583,12.756443963855423,0.0317772368418888
52.42013933980583,12.756586578313254,0.032427034077371894
52.42013933980583,12.756729192771084,0.033079398152856404
52.42013933980583,12.756871807228917,0.033731962241311336
52.42013933980583,12.757014421686748,0.03438130774175066
52.42013933980583,12.757157036144578,0.035028514736584214
52.42013933980583,12.75729965060241,0.03567146336317398
52.42013933980583,12.757442265060241,0.03631661699887657
52.42013933980583,12.757584879518072,0.03695130611553658
52.42013933980583,12.757727493975905,0.03758791596006429
52.42013933980583,12.757870108433735,0.03821251999760271
52.42013933980583,12.758012722891566,0.03883211039914305
52.42013933980583,12.758155337349399,0.039447115461017666
52.42013933980583,12.75829795180723,0.04005827477952145
52.42013933980583,12.758440566265062,0.04065546972847511
52.42013933980583,12.758583180722892,0.04124495114631633
52.42013933980583,12.758725795180723,0.04182084822053145
52.42013933980583,12.758868409638556,0.042385388555976726
52.42013933980583,12.759011024096386,0.04294020132094913
52.42013933980583,12.759153638554217,0.043477035021688044
52.42013933980583,12.75929625301205,0.04400141010516084
52.42013933980583,12.75943886746988,0.044520113422015124
52.42013933980583,12.759581481927711,0.04501977722950779
52.42013933980583,12.759724096385543,0.04549614479761649
52.42013933980583,12.759866710843374,0.04596242923950212
52.42013933980583,12.760009325301205,0.046403285848100224
52.42013933980583,12.760151939759037,0.0468324034444863
52.42013933980583,12.760294554216868,0.047247081558030465
52.42013933980583,12.760437168674699,0.04763424234394791
52.42013933980583,12.760579783132531,0.04800074445803196
52.42013933980583,12.760722397590362,0.04834852896170399
52.42013933980583,12.760865012048193,0.04868236877775886
52.42013933980583,12.761007626506025,0.04898723937381359
52.42013933980583,12.761150240963856,0.04927455270248479
52.42013933980583,12.761292855421688,0.04954320012463456
52.42013933980583,12.761435469879519,0.04978323445055509
52.42013933980583,12.76157808433735,0.0499980237368387
52.42013933980583,12.761720698795182,0.050191760751337015
52.42013933980583,12.761863313253013,0.05035979225909245
52.42013933980583,12.762005927710844,0.05050406622953837
52.42013933980583,12.762148542168676,0.05062425412073891
52.42013933980583,12.762291156626507,0.05071961246006649
52.42013933980583,12.762433771084337,0.050792022522288684
52.42013933980583,12.76257638554217,0.05083958402963119
52.42013933980583,12.762719,0.05085795008411053
52.4202320776699,12.750882,0.016584233176755822
52.4202320776699,12.751024614457831,0.0166017316070236
52.4202320776699,12.751167228915664,0.01665065332797401
52.4202320776699,12.751309843373495,0.016719917446112998
52.4202320776699,12.751452457831325,0.01681781969595579
52.4202320776699,12.751595072289158,0.01694173085392419
52.4202320776699,12.751737686746988,0.017086503103469253
52.4202320776699,12.75188030120482,0.017245912264627468
52.4202320776699,12.752022915662652,0.017428617865696563
52.4202320776699,12.752165530120482,0.01764024262550358
52.4202320776699,12.752308144578313,0.017873297143287413
52.4202320776699,12.752450759036146,0.01812508123353905
52.4202320776699,12.752593373493976,0.0184027703338819
52.4202320776699,12.752735987951809,0.01870145704046694
52.4202320776699,12.75287860240964,0.019017926155503982
52.4202320776699,12.75302121686747,0.01935502546482829
52.4202320776699,12.753163831325303,0.01970753447214644
52.4202320776699,12.753306445783133,0.02008707096776634
52.4202320776699,12.753449060240964,0.020487459648862977
52.4202320776699,12.753591674698797,0.02089615712142911
52.4202320776699,12.753734289156627,0.021325057493034892
52.4202320776699,12.753876903614458,0.02177526060415724
52.4202320776699,12.75401951807229,0.02223725689572217
52.4202320776699,12.754162132530121,0.02271654629078075
52.4202320776699,12.754304746987952,0.023212196867337945
52.4202320776699,12.754447361445784,0.02372251099657042
52.4202320776699,12.754589975903615,0.024246353362607814
52.4202320776699,12.754732590361446,0.024783163968977055
52.4202320776699,12.754875204819278,0.025331133357687535
52.4202320776699,12.755017819277109,0.025893454941751378
52.4202320776699,12.75516043373494,0.026472353502829105
52.4202320776699,12.755303048192772,0.02705499342389481
52.4202320776699,12.755445662650603,0.027643897398740253
52.4202320776699,12.755588277108435,0.02824706478748748
52.4202320776699,12.755730891566266,0.02885826251469079
52.4202320776699,12.755873506024097,0.029479216572205036
52.4202320776699,12.75601612048193,0.030101155058644545
52.4202320776699,12.75615873493976,0.030726925385567795
52.4202320776699,12.75630134939759,0.03136334955179039
52.4202320776699,12.756443963855423,0.031996189312807594
52.4202320776699,12.756586578313254,0.0326388066346391
52.4202320776699,12.756729192771084,0.033283952415776266
52.4202320776699,12.756871807228917,0.0339293239471188
52.4202320776699,12.757014421686748,0.03457147222615418
52.4202320776699,12.757157036144578,0.035211459640328804
52.4202320776699,12.75729965060241,0.035847222877693596
52.4202320776699,12.757442265060241,0.03648527222767053
52.4202320776699,12.757584879518072,0.03711290319955381
52.4202320776699,12.757727493975905,0.03774248825801599
52.4202320776699,12.757870108433735,0.038360117329050404
52.4202320776699,12.758012722891566,0.038972798583255426
52.4202320776699,12.758155337349399,0.03958100359948641
52.4202320776699,12.75829795180723,0.04018553774103951
52.4202320776699,12.758440566265062,0.04077608758881191
52.4202320776699,12.758583180722892,0.041359095092260954
52.4202320776699,12.758725795180723,0.04192862520795085
52.4202320776699,12.758868409638556,0.042486939353391796
52.4202320776699,12.759011024096386,0.04303563729453187
52.4202320776699,12.759153638554217,0.043566522619867945
52.4202320776699,12.75929625301205,0.044085074602233695
52.4202320776699,12.75943886746988,0.04459815763849935
52.4202320776699,12.759581481927711,0.045092328010176305
52.4202320776699,12.759724096385543,0.04556337410474743
52.4202320776699,12.759866710843374,0.04602456085597627
52.4202320776699,12.760009325301205,0.04646054011434893
52.4202320776699,12.760151939759037,0.04688502353014229
52.4202320776699,12.760294554216868,0.04729529576465351
52.4202320776699,12.760437168674699,0.047678153954323566
52.4202320776699,12.760579783132531,0.04804064385714063
52.4202320776699,12.760722397590362,0.048384617168478146
52.4202320776699,12.760865012048193,0.04871484634869648
52.4202320776699,12.761007626506025,0.04901632682599734
52.4202320776699,12.761150240963856,0.04930053240167101
52.4202320776699,12.761292855421688,0.049566292899171055
52.4202320776699,12.761435469879519,0.04980366254524159
52.4202320776699,12.76157808433735,0.050016025723603114
52.4202320776699,12.761720698795182,0.05020765739896277
52.4202320776699,12.761863313253013,0.05037383324511394
52.4202320776699,12.762005927710844,0.05051646804771219
52.4202320776699,12.762148542168676,0.050635333079881106
52.4202320776699,12.762291156626507,0.050729578259910424
52.4202320776699,12.762433771084337,0.050801121826412665
52.4202320776699,12.76257638554217,0.050848133150594305
52.4202320776699,12.762719,0.05086621605028267
52.42032481553398,12.750882,0.016952154638196437
52.42032481553398,12.751024614457831,0.016969361494531893
52.42032481553398,12.751167228915664,0.017017750446278603
52.42032481553398,12.751309843373495,0.017086153515519974
52.42032481553398,12.751452457831325,0.01718297308274116
52.42032481553398,12.751595072289158,0.017305570069838242
52.42032481553398,12.751737686746988,0.017448818506412455
52.42032481553398,12.75188030120482,0.01760637075314251
52.42032481553398,12.752022915662652,0.017786986722210497
52.42032481553398,12.752165530120482,0.017996288620486765
52.42032481553398,12.752308144578313,0.018226749690855158
52.42032481553398,12.752450759036146,0.01847565637910363
52.42032481553398,12.752593373493976,0.018750198047164136
52.42032481553398,12.752735987951809,0.019045655868147767
52.42032481553398,12.75287860240964,0.019358549908031986
52.42032481553398,12.75302121686747,0.019691859466718628
52.42032481553398,12.753163831325303,0.020040381952919867
52.42032481553398,12.753306445783133,0.020415716412126604
52.42032481553398,12.753449060240964,0.02081173254152245
52.42032481553398,12.753591674698797,0.021215829847863563
52.42032481553398,12.753734289156627,0.02163988311020855
52.42032481553398,12.753876903614458,0.022085094259152144
52.42032481553398,12.75401951807229,0.02254185489948051
52.42032481553398,12.754162132530121,0.023015742198289797
52.42032481553398,12.754304746987952,0.023505827066334747
52.42032481553398,12.754447361445784,0.024010460267244307
52.42032481553398,12.754589975903615,0.024528380340167043
52.42032481553398,12.754732590361446,0.025059156862437183
52.42032481553398,12.754875204819278,0.025600936903416697
52.42032481553398,12.755017819277109,0.02615700825962037
52.42032481553398,12.75516043373494,0.02672948694255672
52.42032481553398,12.755303048192772,0.027305666125657307
52.42032481553398,12.755445662650603,0.02788791576173316
52.42032481553398,12.755588277108435,0.028484347493919756
52.42032481553398,12.755730891566266,0.029088821768592413
52.42032481553398,12.755873506024097,0.029702920352599475
52.42032481553398,12.75601612048193,0.030317956938136884
52.42032481553398,12.75615873493976,0.0309367781256086
52.42032481553398,12.75630134939759,0.031566232851038385
52.42032481553398,12.756443963855423,0.03219198868733316
52.42032481553398,12.756586578313254,0.0328275370920354
52.42032481553398,12.756729192771084,0.033465576419123996
52.42032481553398,12.756871807228917,0.03410386598397503
52.42032481553398,12.757014421686748,0.03473892863204732
52.42032481553398,12.757157036144578,0.03537180892871481
52.42032481553398,12.75729965060241,0.036000498704770865
52.42032481553398,12.757442265060241,0.0366315537437922
52.42032481553398,12.757584879518072,0.03725223580757508
52.42032481553398,12.757727493975905,0.037874904807069426
52.42032481553398,12.757870108433735,0.03848566747078359
52.42032481553398,12.758012722891566,0.039091547370759754
52.42032481553398,12.758155337349399,0.03969305833362469
52.42032481553398,12.75829795180723,0.0402910696501288
52.42032481553398,12.758440566265062,0.04087507820193344
52.42032481553398,12.758583180722892,0.041451712559569476
52.42032481553398,12.758725795180723,0.04201497464434218
52.42032481553398,12.758868409638556,0.04256715949631232
52.42032481553398,12.759011024096386,0.043109838244912005
52.42032481553398,12.759153638554217,0.04363486793908525
52.42032481553398,12.75929625301205,0.044147688185718154
52.42032481553398,12.75943886746988,0.04465523900698352
52.42032481553398,12.759581481927711,0.04514400187696646
52.42032481553398,12.759724096385543,0.04560981047398874
52.42032481553398,12.759866710843374,0.04606597952093103
52.42032481553398,12.760009325301205,0.04649715729996021
52.42032481553398,12.760151939759037,0.04691707877442203
52.42032481553398,12.760294554216868,0.04732301307831628
52.42032481553398,12.760437168674699,0.047701636237247526
52.42032481553398,12.760579783132531,0.04806017628327862
52.42032481553398,12.760722397590362,0.048400398412363974
52.42032481553398,12.760865012048193,0.04872707387380931
52.42032481553398,12.761007626506025,0.04902521774799584
52.42032481553398,12.761150240963856,0.0493063641248673
52.42032481553398,12.761292855421688,0.049569283199611486
52.42032481553398,12.761435469879519,0.04980403012920043
52.42032481553398,12.76157808433735,0.05001400586632816
52.42032481553398,12.761720698795182,0.05020356505338763
52.42032481553398,12.761863313253013,0.05036791426292917
52.42032481553398,12.762005927710844,0.05050893602209154
52.42032481553398,12.762148542168676,0.050626498693110006
52.42032481553398,12.762291156626507,0.050719649169129806
52.42032481553398,12.762433771084337,0.0507903406769933
52.42032481553398,12.76257638554217,0.05083681017610142
52.42032481553398,12.762719,0.05085461476816795
52.42041755339806,12.750882,0.01731137961871099
52.42041755339806,12.751024614457831,0.01732830255272746
52.42041755339806,12.751167228915664,0.017376172527240868
52.42041755339806,12.751309843373495,0.01744373673575173
52.42041755339806,12.751452457831325,0.01753950125655804
52.42041755339806,12.751595072289158,0.01766081753420562
52.42041755339806,12.751737686746988,0.01780258082864958
52.42041755339806,12.75188030120482,0.017958323621411032
52.42041755339806,12.752022915662652,0.018136903688507986
52.42041755339806,12.752165530120482,0.01834394212760446
52.42041755339806,12.752308144578313,0.018571876310820423
52.42041755339806,12.752450759036146,0.01881797942236845
52.42041755339806,12.752593373493976,0.019089454458486775
52.42041755339806,12.752735987951809,0.019381765902505503
52.42041755339806,12.75287860240964,0.019691176653553886
52.42041755339806,12.75302121686747,0.020020793568998073
52.42041755339806,12.753163831325303,0.020365431698359752
52.42041755339806,12.753306445783133,0.020736672284117616
52.42041755339806,12.753449060240964,0.021128427650258002
52.42041755339806,12.753591674698797,0.021528042763105836
52.42041755339806,12.753734289156627,0.021947373132155522
52.42041755339806,12.753876903614458,0.022387720649811677
52.42041755339806,12.75401951807229,0.022839380186381257
52.42041755339806,12.754162132530121,0.023308003888918027
52.42041755339806,12.754304746987952,0.023792665999287716
52.42041755339806,12.754447361445784,0.02429176403432067
52.42041755339806,12.754589975903615,0.02480391401077679
52.42041755339806,12.754732590361446,0.02532881156170306
52.42041755339806,12.754875204819278,0.02586456140510914
52.42041755339806,12.755017819277109,0.026414542693142064
52.42041755339806,12.75516043373494,0.02698076655893979
52.42041755339806,12.755303048192772,0.027550650638376407
52.42041755339806,12.755445662650603,0.028126416899732432
52.42041755339806,12.755588277108435,0.028716285768101483
52.42041755339806,12.755730891566266,0.029314208800411197
52.42041755339806,12.755873506024097,0.029921627997771486
52.42041755339806,12.75601612048193,0.03052993950807295
52.42041755339806,12.75615873493976,0.031141990030809537
52.42041755339806,12.75630134939759,0.03176465414993221
52.42041755339806,12.756443963855423,0.03238350811453586
52.42041755339806,12.756586578313254,0.033012168921477944
52.42041755339806,12.756729192771084,0.03364328447301898
52.42041755339806,12.756871807228917,0.034274673933496265
52.42041755339806,12.757014421686748,0.034902832712872166
52.42041755339806,12.757157036144578,0.035528788418654
52.42041755339806,12.75729965060241,0.03615058624058879
52.42041755339806,12.757442265060241,0.036774826733231014
52.42041755339806,12.757584879518072,0.03738873834538686
52.42041755339806,12.757727493975905,0.038004668916895364
52.42041755339806,12.757870108433735,0.03860874126901932
52.42041755339806,12.758012722891566,0.03920799442315037
52.42041755339806,12.758155337349399,0.039802983164034855
52.42041755339806,12.75829795180723,0.04039463887334052
52.42041755339806,12.758440566265062,0.04097227411918926
52.42041755339806,12.758583180722892,0.041542698796987014
52.42041755339806,12.758725795180723,0.04209985363576812
52.42041755339806,12.758868409638556,0.0426460665002346
52.42041755339806,12.759011024096386,0.0431828810618049
52.42041755339806,12.759153638554217,0.04370220547930695
52.42041755339806,12.75929625301205,0.044209441043446984
52.42041755339806,12.75943886746988,0.04471160147885983
52.42041755339806,12.759581481927711,0.045195095987594594
52.42041755339806,12.759724096385543,0.04565580176266405
52.42041755339806,12.759866710843374,0.04610708216074209
52.42041755339806,12.760009325301205,0.04653358187291235
52.42041755339806,12.760151939759037,0.04694905827301672
52.42041755339806,12.760294554216868,0.04735076592192809
52.42041755339806,12.760437168674699,0.04772526289924391
52.42041755339806,12.760579783132531,0.048079954304464684
52.42041755339806,12.760722397590362,0.048416521610196876
52.42041755339806,12.760865012048193,0.048739734587777084
52.42041755339806,12.761007626506025,0.049034627949101725
52.42041755339806,12.761150240963856,0.04931279393511549
52.42041755339806,12.761292855421688,0.04957294449917947
52.42041755339806,12.761435469879519,0.049805136211500914
52.42041755339806,12.76157808433735,0.05001278607103786
52.42041755339806,12.761720698795182,0.05020032614354876
52.42041755339806,12.761863313253013,0.05036289555788355
52.42041755339806,12.762005927710844,0.05050234594484346
52.42041755339806,12.762148542168676,0.05061863962343627
52.42041755339806,12.762291156626507,0.05071072343275573
52.42041755339806,12.762433771084337,0.050780585193726156
52.42041755339806,12.76257638554217,0.05082652688884956
52.42041755339806,12.762719,0.05084406054647026
52.42051029126214,12.750882,0.01764926102428715
52.42051029126214,12.751024614457831,0.017665907419246094
52.42051029126214,12.751167228915664,0.017713271382198685
52.42051029126214,12.751309843373495,0.0177800183047387
52.42051029126214,12.751452457831325,0.01787475412333752
52.42051029126214,12.751595072289158,0.017994822248626887
52.42051029126214,12.751737686746988,0.018135137851403298
52.42051029126214,12.75188030120482,0.01828911680414864
52.42051029126214,12.752022915662652,0.018465712362223077
52.42051029126214,12.752165530120482,0.01867054464099098
52.42051029126214,12.752308144578313,0.018896015911604523
52.42051029126214,12.752450759036146,0.019139386726810287
52.42051029126214,12.752593373493976,0.019407873132228762
52.42051029126214,12.752735987951809,0.019697117502558252
52.42051029126214,12.75287860240964,0.020003133178218495
52.42051029126214,12.75302121686747,0.020329150845923866
52.42051029126214,12.753163831325303,0.020670002662714928
52.42051029126214,12.753306445783133,0.021037252461540385
52.42051029126214,12.753449060240964,0.02142485481076088
52.42051029126214,12.753591674698797,0.021820100783020442
52.42051029126214,12.753734289156627,0.022234827565917964
52.42051029126214,12.753876903614458,0.022670434238917597
52.42051029126214,12.75401951807229,0.023117121566893193
52.42051029126214,12.754162132530121,0.0235806147833788
52.42051029126214,12.754304746987952,0.02405999137283866
52.42051029126214,12.754447361445784,0.02455369365428083
52.42051029126214,12.754589975903615,0.025060219633180166
52.42051029126214,12.754732590361446,0.02557938638025234
52.42051029126214,12.754875204819278,0.02610925886292839
52.42051029126214,12.755017819277109,0.026653303773291292
52.42051029126214,12.75516043373494,0.027213430820322737
52.42051029126214,12.755303048192772,0.027777178436385892
52.42051029126214,12.755445662650603,0.028346624781657483
52.42051029126214,12.755588277108435,0.028930096364075723
52.42051029126214,12.755730891566266,0.029521633061551922
52.42051029126214,12.755873506024097,0.030122541367291828
52.42051029126214,12.75601612048193,0.03072429741443048
52.42051029126214,12.75615873493976,0.03132974805879456
52.42051029126214,12.75630134939759,0.03194579227376247
52.42051029126214,12.756443963855423,0.032557918690735335
52.42051029126214,12.756586578313254,0.033179865625987015
52.42051029126214,12.756729192771084,0.03380423194368865
52.42051029126214,12.756871807228917,0.03442889518752993
52.42051029126214,12.757014421686748,0.035050324138257156
52.42051029126214,12.757157036144578,0.03566952994640878
52.42051029126214,12.75729965060241,0.03628460940713342
52.42051029126214,12.757442265060241,0.03690220651531882
52.42051029126214,12.757584879518072,0.03750951818764483
52.42051029126214,12.757727493975905,0.038118879707142034
52.42051029126214,12.757870108433735,0.03871643043200247
52.42051029126214,12.758012722891566,0.03930922385640781
52.42051029126214,12.758155337349399,0.03989785447194853
52.42051029126214,12.75829795180723,0.040483314270918204
52.42051029126214,12.758440566265062,0.04105473719761215
52.42051029126214,12.758583180722892,0.04161910854126992
52.42051029126214,12.758725795180723,0.04217030974473334
52.42051029126214,12.758868409638556,0.04271070101736302
52.42051029126214,12.759011024096386,0.04324179869565423
52.42051029126214,12.759153638554217,0.04375556101114124
52.42051029126214,12.75929625301205,0.044257352541408425
52.42051029126214,12.75943886746988,0.04475425811582298
52.42051029126214,12.759581481927711,0.045232616812167545
52.42051029126214,12.759724096385543,0.045688348067972895
52.42051029126214,12.759866710843374,0.046134862929842625
52.42051029126214,12.760009325301205,0.04655680196469229
52.42051029126214,12.760151939759037,0.04696794492631328
52.42051029126214,12.760294554216868,0.047365531468029416
52.42051029126214,12.760437168674699,0.047736006386994274
52.42051029126214,12.760579783132531,0.048086945555291596
52.42051029126214,12.760722397590362,0.04841995003352997
52.42051029126214,12.760865012048193,0.04873978719748556
52.42051029126214,12.761007626506025,0.04903151151716398
52.42051029126214,12.761150240963856,0.04930677190093121
52.42051029126214,12.761292855421688,0.049564223537610544
52.42051029126214,12.761435469879519,0.04979392445597479
52.42051029126214,12.76157808433735,0.049999307189415504
52.42051029126214,12.761720698795182,0.05018487864993932
52.42051029126214,12.761863313253013,0.0503457129369026
52.42051029126214,12.762005927710844,0.05048363130228947
52.42051029126214,12.762148542168676,0.05059868775949333
52.42051029126214,12.762291156626507,0.05068973174327103
52.42051029126214,12.762433771084337,0.050758784995263415
52.42051029126214,12.76257638554217,0.05080421205095182
52.42051029126214,12.762719,0.050821481232489835
52.42060302912621,12.750882,0.017970117473895784
52.42060302912621,12.751024614457831,0.017986492671903023
52.42060302912621,12.751167228915664,0.018033360312696985
52.42060302912621,12.751309843373495,0.018099306470815556
52.42060302912621,12.751452457831325,0.01819303369444905
52.42060302912621,12.751595072289158,0.018311877400162532
52.42060302912621,12.751737686746988,0.01845077237425921
52.42060302912621,12.75188030120482,0.018603021654749672
52.42060302912621,12.752022915662652,0.01877767097071831
52.42060302912621,12.752165530120482,0.018980339273566925
52.42060302912621,12.752308144578313,0.019203394543798543
52.42060302912621,12.752450759036146,0.01944408611285662
52.42060302912621,12.752593373493976,0.019709641690023524
52.42060302912621,12.752735987951809,0.01999587663252176
52.42060302912621,12.75287860240964,0.020298562410436514
52.42060302912621,12.75302121686747,0.020621049854460942
52.42060302912621,12.753163831325303,0.020958187947052544
52.42060302912621,12.753306445783133,0.021321523484059836
52.42060302912621,12.753449060240964,0.02170505175331185
52.42060302912621,12.753591674698797,0.02209601200320206
52.42060302912621,12.753734289156627,0.02250622395246366
52.42060302912621,12.753876903614458,0.022937180478814524
52.42060302912621,12.75401951807229,0.023378991714948328
52.42060302912621,12.754162132530121,0.023837453127330096
52.42060302912621,12.754304746987952,0.024311646133220354
52.42060302912621,12.754447361445784,0.024800056126847624
52.42060302912621,12.754589975903615,0.025301067275456997
52.42060302912621,12.754732590361446,0.025814613973397314
52.42060302912621,12.754875204819278,0.02633872279855077
52.42060302912621,12.755017819277109,0.0268769454047584
52.42060302912621,12.75516043373494,0.027431093213031527
52.42060302912621,12.755303048192772,0.027988822054200176
52.42060302912621,12.755445662650603,0.028552070969550536
52.42060302912621,12.755588277108435,0.029129269022223903
52.42060302912621,12.755730891566266,0.02971454206644973
52.42060302912621,12.755873506024097,0.03030906514067058
52.42060302912621,12.75601612048193,0.030904391988846258
52.42060302912621,12.75615873493976,0.03150336966625318
52.42060302912621,12.75630134939759,0.03211292127605905
52.42060302912621,12.756443963855423,0.032718450834333584
52.42060302912621,12.756586578313254,0.033333813472124274
52.42060302912621,12.756729192771084,0.03395156149663833
52.42060302912621,12.756871807228917,0.03456962832890997
52.42060302912621,12.757014421686748,0.035184457437042876
52.42060302912621,12.757157036144578,0.03579704407283495
52.42060302912621,12.75729965060241,0.036405535639604435
52.42060302912621,12.757442265060241,0.037016617716446834
52.42060302912621,12.757584879518072,0.037617456671390416
52.42060302912621,12.757727493975905,0.038220376228683475
52.42060302912621,12.757870108433735,0.03881153203113145
52.42060302912621,12.758012722891566,0.03939799104070658
52.42060302912621,12.758155337349399,0.03998038664008151
52.42060302912621,12.75829795180723,0.04055976975397715
52.42060302912621,12.758440566265062,0.04112510122061512
52.42060302912621,12.758583180722892,0.04168353690116849
52.42060302912621,12.758725795180723,0.042228899699527936
52.42060302912621,12.758868409638556,0.04276358202781904
52.42060302912621,12.759011024096386,0.043289074321658946
52.42060302912621,12.759153638554217,0.043797382864476674
52.42060302912621,12.75929625301205,0.044293836484904675
52.42060302912621,12.75943886746988,0.044785588888963654
52.42060302912621,12.759581481927711,0.04525891220042687
52.42060302912621,12.759724096385543,0.045709766075385495
52.42060302912621,12.759866710843374,0.0461516079979363
52.42060302912621,12.760009325301205,0.046569074953103966
52.42060302912621,12.760151939759037,0.046975967908333874
52.42060302912621,12.760294554216868,0.0473695126970321
52.42060302912621,12.760437168674699,0.04773604395265115
52.42060302912621,12.760579783132531,0.04808330320941326
52.42060302912621,12.760722397590362,0.048412814380368735
52.42060302912621,12.760865012048193,0.048729341732210864
52.42060302912621,12.761007626506025,0.04901795931435267
52.42060302912621,12.761150240963856,0.04929037075396747
52.42060302912621,12.761292855421688,0.04954517583972806
52.42060302912621,12.761435469879519,0.049772434741408536
52.42060302912621,12.76157808433735,0.04997559535181769
52.42060302912621,12.761720698795182,0.050159236562366476
52.42060302912621,12.761863313253013,0.05031836979215186
52.42060302912621,12.762005927710844,0.050454786577954824
52.42060302912621,12.762148542168676,0.05056862969304533
52.42060302912621,12.762291156626507,0.050658654600324156
52.42060302912621,12.762433771084337,0.05072691570018359
52.42060302912621,12.76257638554217,0.050771838354689715
52.42060302912621,12.762719,0.05078884845389704
52.42069576699029,12.750882,0.018281227083272535
52.42069576699029,12.751024614457831,0.018297337120508426
52.42069576699029,12.751167228915664,0.018343718887788095
52.42069576699029,12.751309843373495,0.01840888258259553
52.42069576699029,12.751452457831325,0.018501623041758175
52.42069576699029,12.751595072289158,0.018619268846441637
52.42069576699029,12.751737686746988,0.018756773106482064
52.42069576699029,12.75188030120482,0.018907330990011597
52.42069576699029,12.752022915662652,0.019080076117095952
52.42069576699029,12.752165530120482,0.019280627015056177
52.42069576699029,12.752308144578313,0.019501318910202747
52.42069576699029,12.752450759036146,0.01973938978395816
52.42069576699029,12.752593373493976,0.02000207878027211
52.42069576699029,12.752735987951809,0.020285369139087035
52.42069576699029,12.75287860240964,0.02058479789160036
52.42069576699029,12.75302121686747,0.020903832064164796
52.42069576699029,12.753163831325303,0.02123733682215917
52.42069576699029,12.753306445783133,0.021596843376760266
52.42069576699029,12.753449060240964,0.021976385617963754
52.42069576699029,12.753591674698797,0.02236315314155691
52.42069576699029,12.753734289156627,0.02276894859658594
52.42069576699029,12.753876903614458,0.023195355700717766
52.42069576699029,12.75401951807229,0.023632397211890976
52.42069576699029,12.754162132530121,0.02408593678645494
52.42069576699029,12.754304746987952,0.024555058916211275
52.42069576699029,12.754447361445784,0.025038291597884975
52.42069576699029,12.754589975903615,0.025533908678807882
52.42069576699029,12.754732590361446,0.026041958068629023
52.42069576699029,12.754875204819278,0.02656042940563222
52.42069576699029,12.755017819277109,0.027092955854883728
52.42069576699029,12.75516043373494,0.02764125471105793
52.42069576699029,12.755303048192772,0.028193094875579753
52.42069576699029,12.755445662650603,0.028750281781354033
52.42069576699029,12.755588277108435,0.029321343256452016
52.42069576699029,12.755730891566266,0.029900488023758876
52.42069576699029,12.755873506024097,0.030488764500491736
52.42069576699029,12.75601612048193,0.031077801488722752
52.42069576699029,12.75615873493976,0.03167044690508499
52.42069576699029,12.75630134939759,0.03227364678522379
52.42069576699029,12.756443963855423,0.032872723175653415
52.42069576699029,12.756586578313254,0.03348164482816528
52.42069576699029,12.756729192771084,0.034092918506486596
52.42069576699029,12.756871807228917,0.03470453251562068
52.42069576699029,12.757014421686748,0.035312905279208565
52.42069576699029,12.757157036144578,0.0359190172650403
52.42069576699029,12.75729965060241,0.03652106424871404
52.42069576699029,12.757442265060241,0.03712577302089784
52.42069576699029,12.757584879518072,0.0377202797472319
52.42069576699029,12.757727493975905,0.038316897238384925
52.42069576699029,12.757870108433735,0.03890179724822947
52.42069576699029,12.758012722891566,0.03948205966302938
52.42069576699029,12.758155337349399,0.040058355879882636
52.42069576699029,12.75829795180723,0.040631793758751006
52.42069576699029,12.758440566265062,0.04119116636325672
52.42069576699029,12.758583180722892,0.0417437950468631
52.42069576699029,12.758725795180723,0.04228344588039294
52.42069576699029,12.758868409638556,0.042812543078993806
52.42069576699029,12.759011024096386,0.04333255200696455
52.42069576699029,12.759153638554217,0.0438355253845246
52.42069576699029,12.75929625301205,0.04432675736074704
52.42069576699029,12.75943886746988,0.044813468605462245
52.42069576699029,12.759581481927711,0.04528186621177155
52.42069576699029,12.759724096385543,0.04572794934479281
52.42069576699029,12.759866710843374,0.04616521993250582
52.42069576699029,12.760009325301205,0.0465783112800668
52.42069576699029,12.760151939759037,0.046981045975465305
52.42069576699029,12.760294554216868,0.04737063589812616
52.42069576699029,12.760437168674699,0.04773330967769877
52.42069576699029,12.760579783132531,0.04807696837583172
52.42069576699029,12.760722397590362,0.04840306203938544
52.42069576699029,12.760865012048193,0.04871635179562392
52.42069576699029,12.761007626506025,0.049001930621150935
52.42069576699029,12.761150240963856,0.04927155441830983
52.42069576699029,12.761292855421688,0.049523770729911
52.42069576699029,12.761435469879519,0.04974864129277884
52.42069576699029,12.76157808433735,0.04994962869867626
52.42069576699029,12.761720698795182,0.05013138147437412
52.42069576699029,12.761863313253013,0.05028885070692347
52.42069576699029,12.762005927710844,0.050423798918031476
52.42069576699029,12.762148542168676,0.05053645488100148
52.42069576699029,12.762291156626507,0.050625483267053066
52.42069576699029,12.762433771084337,0.05069297033095212
52.42069576699029,12.76257638554217,0.05073739940616653
52.42069576699029,12.762719,0.05075415621836887
52.42078850485437,12.750882,0.01858096577024593
52.42078850485437,12.751024614457831,0.01859682091961693
52.42078850485437,12.751167228915664,0.018642735406641065
52.42078850485437,12.751309843373495,0.018707145837651803
52.42078850485437,12.751452457831325,0.018798936508779018
52.42078850485437,12.751595072289158,0.01891542929476294
52.42078850485437,12.751737686746988,0.01905159556700779
52.42078850485437,12.75188030120482,0.019200525100311817
52.42078850485437,12.752022915662652,0.01937143796272051
52.42078850485437,12.752165530120482,0.019569951125244903
52.42078850485437,12.752308144578313,0.01978836869408931
52.42078850485437,12.752450759036146,0.020023917557032086
52.42078850485437,12.752593373493976,0.020283848073833266
52.42078850485437,12.752735987951809,0.020564304691271133
52.42078850485437,12.75287860240964,0.02086059888124891
52.42078850485437,12.75302121686747,0.021176309988990283
52.42078850485437,12.753163831325303,0.02150631814623017
52.42078850485437,12.753306445783133,0.02186214011392139
52.42078850485437,12.753449060240964,0.02223784693993028
52.42078850485437,12.753591674698797,0.022620579944731906
52.42078850485437,12.753734289156627,0.02302212541985303
52.42078850485437,12.753876903614458,0.023444155092901476
52.42078850485437,12.75401951807229,0.02387660681826744
52.42078850485437,12.754162132530121,0.024325410228890586
52.42078850485437,12.754304746987952,0.024789653042104388
52.42078850485437,12.754447361445784,0.025267903500810138
52.42078850485437,12.754589975903615,0.025758329762456646
52.42078850485437,12.754732590361446,0.026261089271437558
52.42078850485437,12.754875204819278,0.02677413622748489
52.42078850485437,12.755017819277109,0.027301181849368646
52.42078850485437,12.75516043373494,0.027843852845441143
52.42078850485437,12.755303048192772,0.0283900269057282
52.42078850485437,12.755445662650603,0.028941380557203248
52.42078850485437,12.755588277108435,0.029506536754997904
52.42078850485437,12.755730891566266,0.030079784749679945
52.42078850485437,12.755873506024097,0.030662051041184163
52.42078850485437,12.75601612048193,0.031245036316366527
52.42078850485437,12.75615873493976,0.03183158896830665
52.42078850485437,12.75630134939759,0.03242867731850485
52.42078850485437,12.756443963855423,0.03302154456190688
52.42078850485437,12.756586578313254,0.033624268359556266
52.42078850485437,12.756729192771084,0.03422931270674494
52.42078850485437,12.756871807228917,0.034834717765884274
52.42078850485437,12.757014421686748,0.035436878313679795
52.42078850485437,12.757157036144578,0.03603676067337989
52.42078850485437,12.75729965060241,0.03663260685605313
52.42078850485437,12.757442265060241,0.03723118363655368
52.42078850485437,12.757584879518072,0.037819597881479566
52.42078850485437,12.757727493975905,0.03841015193721554
52.42078850485437,12.757870108433735,0.03898903277680394
52.42078850485437,12.758012722891566,0.03956333326813171
52.42078850485437,12.758155337349399,0.040133760919808616
52.42078850485437,12.75829795180723,0.04070147867183734
52.42078850485437,12.758440566265062,0.041255118272071345
52.42078850485437,12.758583180722892,0.041802159938559895
52.42078850485437,12.758725795180723,0.04233631543541656
52.42078850485437,12.758868409638556,0.04286003906470789
52.42078850485437,12.759011024096386,0.04337477275553314
52.42078850485437,12.759153638554217,0.043872612881396225
52.42078850485437,12.75929625301205,0.04435882150346799
52.42078850485437,12.75943886746988,0.04484068245313125
52.42078850485437,12.759581481927711,0.04530434098896631
52.42078850485437,12.759724096385543,0.045745833988335205
52.42078850485437,12.759866710843374,0.04617870658447146
52.42078850485437,12.760009325301205,0.046587588586134265
52.42078850485437,12.760151939759037,0.04698632299379211
52.42078850485437,12.760294554216868,0.04737210793750844
52.42078850485437,12.760437168674699,0.047731070603205826
52.42078850485437,12.760579783132531,0.04807126566831369
52.42078850485437,12.760722397590362,0.04839407177111796
52.42078850485437,12.760865012048193,0.048704246554921546
52.42078850485437,12.761007626506025,0.04898690198888442
52.42078850485437,12.761150240963856,0.04925384444592711
52.42078850485437,12.761292855421688,0.04950357028914788
52.42078850485437,12.761435469879519,0.049726143239050224
52.42078850485437,12.76157808433735,0.04992504001909389
52.42078850485437,12.761720698795182,0.05010497614490827
52.42078850485437,12.761863313253013,0.05026084419310448
52.42078850485437,12.762005927710844,0.05039437961156752
52.42078850485437,12.762148542168676,0.0505058935398765
52.42078850485437,12.762291156626507,0.050593963132870554
52.42078850485437,12.762433771084337,0.05066070562031866
52.42078850485437,12.76257638554217,0.050704659942584815
52.42078850485437,12.762719,0.05072117288156823
52.420881242718444,12.750882,0.018862641234295666
52.420881242718444,12.751024614457831,0.01887825220529558
52.420881242718444,12.751167228915664,0.018923719405088014
52.420881242718444,12.751309843373495,0.01898740867304298
52.420881242718444,12.751452457831325,0.019078290173594713
52.420881242718444,12.751595072289158,0.019193679404001397
52.420881242718444,12.751737686746988,0.019328564825419812
52.420881242718444,12.75188030120482,0.0194759357650995
52.420881242718444,12.752022915662652,0.01964509444302325
52.420881242718444,12.752165530120482,0.019841656920139318
52.420881242718444,12.752308144578313,0.02005789756792306
52.420881242718444,12.752450759036146,0.020291032195874175
52.420881242718444,12.752593373493976,0.02054832195782338
52.420881242718444,12.752735987951809,0.020826066113543918
52.420881242718444,12.75287860240964,0.021119359924065117
52.420881242718444,12.75302121686747,0.021431889650665274
52.420881242718444,12.753163831325303,0.02175855099276711
52.420881242718444,12.753306445783133,0.02211084616273293
52.420881242718444,12.753449060240964,0.022482881823083736
52.420881242718444,12.753591674698797,0.02286175318963505
52.420881242718444,12.753734289156627,0.023259230613025192
52.420881242718444,12.753876903614458,0.02367707044443431
52.420881242718444,12.75401951807229,0.02410512878816369
52.420881242718444,12.754162132530121,0.024549398919712036
52.420881242718444,12.754304746987952,0.0250089716473605
52.420881242718444,12.754447361445784,0.02548245398138002
52.420881242718444,12.754589975903615,0.025967912404510594
52.420881242718444,12.754732590361446,0.026465608543226236
52.420881242718444,12.754875204819278,0.026973463778471044
52.420881242718444,12.755017819277109,0.027495263664896217
52.420881242718444,12.75516043373494,0.028032548120116116
52.420881242718444,12.755303048192772,0.028573299634744476
52.420881242718444,12.755445662650603,0.029119070519728302
52.420881242718444,12.755588277108435,0.029678575038495702
52.420881242718444,12.755730891566266,0.030246180113598416
52.420881242718444,12.755873506024097,0.030822694338015405
52.420881242718444,12.75601612048193,0.03139988806710652
52.420881242718444,12.75615873493976,0.03198060997342886
52.420881242718444,12.75630134939759,0.03257184964276104
52.420881242718444,12.756443963855423,0.03315877505467433
52.420881242718444,12.756586578313254,0.033755567980528464
52.420881242718444,12.756729192771084,0.03435465129106715
52.420881242718444,12.756871807228917,0.034954114658404575
52.420881242718444,12.757014421686748,0.03555033034279825
52.420881242718444,12.757157036144578,0.03614425129270211
52.420881242718444,12.75729965060241,0.03673416388454911
52.420881242718444,12.757442265060241,0.03732687304405253
52.420881242718444,12.757584879518072,0.037909457639849806
52.420881242718444,12.757727493975905,0.038494209610245744
52.420881242718444,12.757870108433735,0.03906733125903997
52.420881242718444,12.758012722891566,0.0396359267582578
52.420881242718444,12.758155337349399,0.040200739339402665
52.420881242718444,12.75829795180723,0.0407629844050054
52.420881242718444,12.758440566265062,0.041311138398292965
52.420881242718444,12.758583180722892,0.04185283487660736
52.420881242718444,12.758725795180723,0.0423817325152254
52.420881242718444,12.758868409638556,0.04290031507272003
52.420881242718444,12.759011024096386,0.04341000139150305
52.420881242718444,12.759153638554217,0.04390293058069707
52.420881242718444,12.75929625301205,0.04438433281813993
52.420881242718444,12.75943886746988,0.04486155335580216
52.420881242718444,12.759581481927711,0.045320677869774076
52.420881242718444,12.759724096385543,0.045757779453399094
52.420881242718444,12.759866710843374,0.04618644461845127
52.420881242718444,12.760009325301205,0.046591299532515465
52.420881242718444,12.760151939759037,0.04698620707739259
52.420881242718444,12.760294554216868,0.047368352082633985
52.420881242718444,12.760437168674699,0.04772376446384631
52.420881242718444,12.760579783132531,0.048060646028008205
52.420881242718444,12.760722397590362,0.04838030727466074
52.420881242718444,12.760865012048193,0.04868750182238816
52.420881242718444,12.761007626506025,0.04896736068301166
52.420881242718444,12.761150240963856,0.04923173815340271
52.420881242718444,12.761292855421688,0.04947908158642428
52.420881242718444,12.761435469879519,0.04969945651468035
52.420881242718444,12.76157808433735,0.04989635311928417
52.420881242718444,12.761720698795182,0.050074551391664765
52.420881242718444,12.761863313253013,0.05022888794480644
52.420881242718444,12.762005927710844,0.0503610719489075
52.420881242718444,12.762148542168676,0.050471493287415625
52.420881242718444,12.762291156626507,0.05055864574285836
52.420881242718444,12.762433771084337,0.050624675844371005
52.420881242718444,12.76257638554217,0.0506681757791857
52.420881242718444,12.762719,0.0506844554866441
52.420973980582524,12.750882,0.019127056461982154
52.420973980582524,12.751024614457831,0.019142433916523847
52.420973980582524,12.751167228915664,0.01918747353424466
52.420973980582524,12.751309843373495,0.019250473521212747
52.420973980582524,12.751452457831325,0.01934048553775184
52.420973980582524,12.751595072289158,0.01945481958614119
52.420973980582524,12.751737686746988,0.019588480940051858
52.420973980582524,12.75188030120482,0.0197343616559318
52.420973980582524,12.752022915662652,0.019901843732211974
52.420973980582524,12.752165530120482,0.020096541651681142
52.420973980582524,12.752308144578313,0.02031070115276308
52.420973980582524,12.752450759036146,0.02054152776113456
52.420973980582524,12.752593373493976,0.020796292594272278
52.420973980582524,12.752735987951809,0.02107144416491516
52.420973980582524,12.75287860240964,0.02136186946299016
52.420973980582524,12.75302121686747,0.021671357866846097
52.420973980582524,12.753163831325303,0.021994819616777583
52.420973980582524,12.753306445783133,0.02234374313236025
52.420973980582524,12.753449060240964,0.022712269341665463
52.420973980582524,12.753591674698797,0.02308744917527865
52.420973980582524,12.753734289156627,0.023481037454472747
52.420973980582524,12.753876903614458,0.023894871512485576
52.420973980582524,12.75401951807229,0.024318729679001685
52.420973980582524,12.754162132530121,0.024758665751358655
52.420973980582524,12.754304746987952,0.025213773820163096
52.420973980582524,12.754447361445784,0.02568269765884982
52.420973980582524,12.754589975903615,0.026163406431394875
52.420973980582524,12.754732590361446,0.02665626207397734
52.420973980582524,12.754875204819278,0.027159153623614405
52.420973980582524,12.755017819277109,0.027675938182758666
52.420973980582524,12.75516043373494,0.02820807282772525
52.420973980582524,12.755303048192772,0.028743640089170932
52.420973980582524,12.755445662650603,0.02928407328154625
52.420973980582524,12.755588277108435,0.02983817421233586
52.420973980582524,12.755730891566266,0.030400384232925286
52.420973980582524,12.755873506024097,0.03097139906781758
52.420973980582524,12.75601612048193,0.031543055097545965
52.420973980582524,12.75615873493976,0.03211820205453236
52.420973980582524,12.75630134939759,0.032703850029725645
52.420973980582524,12.756443963855423,0.033285094157392545
52.420973980582524,12.756586578313254,0.03387621649979154
52.420973980582524,12.756729192771084,0.03446960020905863
52.420973980582524,12.756871807228917,0.03506338233247354
52.420973980582524,12.757014421686748,0.035653913958287056
52.420973980582524,12.757157036144578,0.03624213479437271
52.420973980582524,12.75729965060241,0.03682637362781737
52.420973980582524,12.757442265060241,0.03741347253900143
52.420973980582524,12.757584879518072,0.03799048277079324
52.420973980582524,12.757727493975905,0.0385696869455808
52.420973980582524,12.757870108433735,0.03913730146019199
52.420973980582524,12.758012722891566,0.03970044201601696
52.420973980582524,12.758155337349399,0.04025988555924745
52.420973980582524,12.75829795180723,0.04081689779834544
52.420973980582524,12.758440566265062,0.04135980637773874
52.420973980582524,12.758583180722892,0.041896391564078386
52.420973980582524,12.758725795180723,0.04242026130890903
52.420973980582524,12.758868409638556,0.04293392755045795
52.420973980582524,12.759011024096386,0.043438787676163916
52.420973980582524,12.759153638554217,0.04392702065226485
52.420973980582524,12.75929625301205,0.04440382699725768
52.420973980582524,12.75943886746988,0.044876610097586325
52.420973980582524,12.759581481927711,0.04533139872564306
52.420973980582524,12.759724096385543,0.0457643009789623
52.420973980582524,12.759866710843374,0.04618894274291366
52.420973980582524,12.760009325301205,0.04658994661150336
52.420973980582524,12.760151939759037,0.04698119480785966
52.420973980582524,12.760294554216868,0.04735985900560999
52.420973980582524,12.760437168674699,0.04771187597230561
52.420973980582524,12.760579783132531,0.048045588624693734
52.420973980582524,12.760722397590362,0.04836224272834292
52.420973980582524,12.760865012048193,0.04866658746525523
52.420973980582524,12.761007626506025,0.048943771894536005
52.420973980582524,12.761150240963856,0.04920569663518792
52.420973980582524,12.761292855421688,0.04945076143428663
52.420973980582524,12.761435469879519,0.04966903408882194
52.420973980582524,12.76157808433735,0.04986401774592638
52.420973980582524,12.761720698795182,0.05004055423337829
52.420973980582524,12.761863313253013,0.05019342639854485
52.420973980582524,12.762005927710844,0.0503243176425479
52.420973980582524,12.762148542168676,0.050433694583816815
52.420973980582524,12.762291156626507,0.050519969862471405
52.420973980582524,12.762433771084337,0.05058531856378921
52.420973980582524,12.76257638554217,0.05062838391243581
52.420973980582524,12.762719,0.0506444404704245
52.4210667184466,12.750882,0.019375657333129927
52.4210667184466,12.751024614457831,0.019390810160037106
52.4210667184466,12.751167228915664,0.019435438489414748
52.4210667184466,12.751309843373495,0.019497776103948483
52.4210667184466,12.751452457831325,0.019586951944457448
52.4210667184466,12.751595072289158,0.019700271499323452
52.4210667184466,12.751737686746988,0.01983275539393437
52.4210667184466,12.75188030120482,0.01997720321996298
52.4210667184466,12.752022915662652,0.0201430729389531
52.4210667184466,12.752165530120482,0.020335977832515548
52.4210667184466,12.752308144578313,0.02054813620277711
52.4210667184466,12.752450759036146,0.020776743895366864
52.4210667184466,12.752593373493976,0.02102908115933099
52.4210667184466,12.752735987951809,0.021301739481934503
52.4210667184466,12.75287860240964,0.02158940667584322
52.4210667184466,12.75302121686747,0.02189597077054774
52.4210667184466,12.753163831325303,0.02221635582844054
52.4210667184466,12.753306445783133,0.022562037282079322
52.4210667184466,12.753449060240964,0.022927188642290573
52.4210667184466,12.753591674698797,0.023298818830307808
52.4210667184466,12.753734289156627,0.02368866761051365
52.4210667184466,12.753876903614458,0.02409865007277955
52.4210667184466,12.75401951807229,0.02451846995111922
52.4210667184466,12.754162132530121,0.024954239036671155
52.4210667184466,12.754304746987952,0.025405054079859404
52.4210667184466,12.754447361445784,0.025869594465815
52.4210667184466,12.754589975903615,0.02634573643808323
52.4210667184466,12.754732590361446,0.026833938094866158
52.4210667184466,12.754875204819278,0.02733205718873727
52.4210667184466,12.755017819277109,0.027844018973424832
52.4210667184466,12.75516043373494,0.028371201927660402
52.4210667184466,12.755303048192772,0.028901783979237008
52.4210667184466,12.755445662650603,0.029437084845171494
52.4210667184466,12.755588277108435,0.029985990145104224
52.4210667184466,12.755730891566266,0.03054301232497006
52.4210667184466,12.755873506024097,0.03110873938235661
52.4210667184466,12.75601612048193,0.03167507093208801
52.4210667184466,12.75615873493976,0.03224485764485538
52.4210667184466,12.75630134939759,0.03282512864874329
52.4210667184466,12.756443963855423,0.033400910018896904
52.4210667184466,12.756586578313254,0.03398657978812744
52.4210667184466,12.756729192771084,0.034574483224220416
52.4210667184466,12.756871807228917,0.03516280259617974
52.4210667184466,12.757014421686748,0.035747868878781924
52.4210667184466,12.757157036144578,0.03633060890826932
52.4210667184466,12.75729965060241,0.03690939227013462
52.4210667184466,12.757442265060241,0.037491096787011534
52.4210667184466,12.757584879518072,0.03806274691663438
52.4210667184466,12.757727493975905,0.038636616391879486
52.4210667184466,12.757870108433735,0.03919893559607733
52.4210667184466,12.758012722891566,0.03975683092943695
52.4210667184466,12.758155337349399,0.04031111174737465
52.4210667184466,12.75829795180723,0.04086309188500496
52.4210667184466,12.758440566265062,0.04140095668836448
52.4210667184466,12.758583180722892,0.04193262717477735
52.4210667184466,12.758725795180723,0.04245166225125183
52.4210667184466,12.758868409638556,0.04296060112467447
52.4210667184466,12.759011024096386,0.043460820691982045
52.4210667184466,12.759153638554217,0.04394453791002026
52.4210667184466,12.75929625301205,0.044416925070799695
52.4210667184466,12.75943886746988,0.04488544122532292
52.4210667184466,12.759581481927711,0.04533606084368771
52.4210667184466,12.759724096385543,0.045764925440570474
52.4210667184466,12.759866710843374,0.046185698467832076
52.4210667184466,12.760009325301205,0.04658299921142621
52.4210667184466,12.760151939759037,0.046970728334637404
52.4210667184466,12.760294554216868,0.04734604560099183
52.4210667184466,12.760437168674699,0.04769479813416108
52.4210667184466,12.760579783132531,0.04802546358489193
52.4210667184466,12.760722397590362,0.048339226462040336
52.4210667184466,12.760865012048193,0.04864083084723082
52.4210667184466,12.761007626506025,0.0489154438860922
52.4210667184466,12.761150240963856,0.04917501001933268
52.4210667184466,12.761292855421688,0.04941788389534527
52.4210667184466,12.761435469879519,0.0496341350364953
52.4210667184466,12.76157808433735,0.0498272795784525
52.4210667184466,12.761720698795182,0.05000221821706215
52.4210667184466,12.761863313253013,0.05015368221260302
52.4210667184466,12.762005927710844,0.050283330462132826
52.4210667184466,12.762148542168676,0.05039170291211757
52.4210667184466,12.762291156626507,0.05047713511331491
52.4210667184466,12.762433771084337,0.05054182894218043
52.4210667184466,12.76257638554217,0.05058447646773039
52.4210667184466,12.762719,0.050600318637587086
52.42115945631068,12.750882,0.019617298207931285
52.42115945631068,12.751024614457831,0.0196322340055052
52.42115945631068,12.751167228915664,0.01967646405524414
52.42115945631068,12.751309843373495,0.019738161052045688
52.42115945631068,12.751452457831325,0.019826527817610917
52.42115945631068,12.751595072289158,0.01993886510727614
52.42115945631068,12.751737686746988,0.02007020901218456
52.42115945631068,12.75188030120482,0.020213270039830068
52.42115945631068,12.752022915662652,0.020377578874528717
52.42115945631068,12.752165530120482,0.020568747656614192
52.42115945631068,12.752308144578313,0.020778968622595356
52.42115945631068,12.752450759036146,0.021005428958258344
52.42115945631068,12.752593373493976,0.02125541704904399
52.42115945631068,12.752735987951809,0.021525660952312328
52.42115945631068,12.75287860240964,0.021810658407801848
52.42115945631068,12.75302121686747,0.022114391763137328
52.42115945631068,12.753163831325303,0.022431798674822014
52.42115945631068,12.753306445783133,0.02277434196852897
52.42115945631068,12.753449060240964,0.023136225784491635
52.42115945631068,12.753591674698797,0.023504419274227948
52.42115945631068,12.753734289156627,0.023890648439832934
52.42115945631068,12.753876903614458,0.024296902002371962
52.42115945631068,12.75401951807229,0.02471281264636731
52.42115945631068,12.754162132530121,0.025144548171257795
52.42115945631068,12.754304746987952,0.025591207607959583
52.42115945631068,12.754447361445784,0.02605150421694049
52.42115945631068,12.754589975903615,0.02652322618524624
52.42115945631068,12.754732590361446,0.027006922514242852
52.42115945631068,12.754875204819278,0.027500422018108452
52.42115945631068,12.755017819277109,0.028007714826538584
52.42115945631068,12.75516043373494,0.028530104577604413
52.42115945631068,12.755303048192772,0.02905586034596552
52.42115945631068,12.755445662650603,0.029586193318945013
52.42115945631068,12.755588277108435,0.030130069189551113
52.42115945631068,12.755730891566266,0.030682068280917435
52.42115945631068,12.755873506024097,0.03124267603308232
52.42115945631068,12.75601612048193,0.03180385256471867
52.42115945631068,12.75615873493976,0.032368449694953394
52.42115945631068,12.75630134939759,0.03294351485741452
52.42115945631068,12.756443963855423,0.03351400832819315
52.42115945631068,12.756586578313254,0.03409439926865436
52.42115945631068,12.756729192771084,0.03467699745950625
52.42115945631068,12.756871807228917,0.035260028113537706
52.42115945631068,12.757014421686748,0.035839803020494485
52.42115945631068,12.757157036144578,0.036417237283367904
52.42115945631068,12.75729965060241,0.03699073924439531
52.42115945631068,12.757442265060241,0.03756722111900181
52.42115945631068,12.757584879518072,0.0381336816663498
52.42115945631068,12.757727493975905,0.038702386888198714
52.42115945631068,12.757870108433735,0.039259579940297565
52.42115945631068,12.758012722891566,0.03981239749512782
52.42115945631068,12.758155337349399,0.04036168007330449
52.42115945631068,12.75829795180723,0.040908787818981496
52.42115945631068,12.758440566265062,0.04144177009512253
52.42115945631068,12.758583180722892,0.041968682271710266
52.42115945631068,12.758725795180723,0.04248303652551188
52.42115945631068,12.758868409638556,0.04298739842113165
52.42115945631068,12.759011024096386,0.04348312555696523
52.42115945631068,12.759153638554217,0.04396247051347947
52.42115945631068,12.75929625301205,0.04443057975639595
52.42115945631068,12.75943886746988,0.04489496460934478
52.42115945631068,12.759581481927711,0.045341548327777675
52.42115945631068,12.759724096385543,0.045766504128115844
52.42115945631068,12.759866710843374,0.04618353157925692
52.42115945631068,12.760009325301205,0.046577246647888385
52.42115945631068,12.760151939759037,0.046961568273410054
52.42115945631068,12.760294554216868,0.047333643793482164
52.42115945631068,12.760437168674699,0.04767923603209795
52.42115945631068,12.760579783132531,0.048006950630454216
52.42115945631068,12.760722397590362,0.04831791368333636
52.42115945631068,12.760865012048193,0.048616864944428614
52.42115945631068,12.761007626506025,0.04888898842660841
52.42115945631068,12.761150240963856,0.0491462708937349
52.42115945631068,12.761292855421688,0.04938702382556587
52.42115945631068,12.761435469879519,0.049601318438231595
52.42115945631068,12.76157808433735,0.04979268278515009
52.42115945631068,12.761720698795182,0.04996607379784437
52.42115945631068,12.761863313253013,0.05011617438478377
52.42115945631068,12.762005927710844,0.050244619678222927
52.42115945631068,12.762148542168676,0.05035201930965738
52.42115945631068,12.762291156626507,0.0504366357759877
52.42115945631068,12.762433771084337,0.05050069601468415
52.42115945631068,12.76257638554217,0.050542939039688754
52.42115945631068,12.762719,0.05055857378107388
52.421252194174755,12.750882,0.019841698943350455
52.421252194174755,12.751024614457831,0.01985642588237994
52.421252194174755,12.751167228915664,0.01990027205195588
52.421252194174755,12.751309843373495,0.01996135183888679
52.421252194174755,12.751452457831325,0.020048938437717063
52.421252194174755,12.751595072289158,0.020160328323757908
52.421252194174755,12.751737686746988,0.020290571867838992
52.421252194174755,12.75188030120482,0.020432295661335153
52.421252194174755,12.752022915662652,0.020595099278173663
52.421252194174755,12.752165530120482,0.02078459351678644
52.421252194174755,12.752308144578313,0.020992946113693116
52.421252194174755,12.752450759036146,0.021217335611774166
52.421252194174755,12.752593373493976,0.021465058508380902
52.421252194174755,12.752735987951809,0.021732972764339782
52.421252194174755,12.75287860240964,0.022015395787954417
52.421252194174755,12.75302121686747,0.022316399533184608
52.421252194174755,12.753163831325303,0.022630933776028844
52.421252194174755,12.753306445783133,0.0229704504590769
52.421252194174755,12.753449060240964,0.023329182642096623
52.421252194174755,12.753591674698797,0.023694061759903524
52.421252194174755,12.753734289156627,0.024076800366667397
52.421252194174755,12.753876903614458,0.02447945765785428
52.421252194174755,12.75401951807229,0.02489159917214487
52.421252194174755,12.754162132530121,0.025319445174822687
52.421252194174755,12.754304746987952,0.025762097705237092
52.421252194174755,12.754447361445784,0.026218302292141935
52.421252194174755,12.754589975903615,0.026685762818560478
52.421252194174755,12.754732590361446,0.027165115234163692
52.421252194174755,12.754875204819278,0.02765416098337045
52.421252194174755,12.755017819277109,0.02815695165040563
52.421252194174755,12.75516043373494,0.02867472003862285
52.421252194174755,12.755303048192772,0.029195821752561572
52.421252194174755,12.755445662650603,0.02972136522758248
52.421252194174755,12.755588277108435,0.030260392650538558
52.421252194174755,12.755730891566266,0.030807548688440323
52.421252194174755,12.755873506024097,0.03136322135641907
52.421252194174755,12.75601612048193,0.03191942786971969
52.421252194174755,12.75615873493976,0.03247902183246428
52.421252194174755,12.75630134939759,0.033049067894343344
52.421252194174755,12.756443963855423,0.03361446421997612
52.421252194174755,12.756586578313254,0.03418976675062131
52.421252194174755,12.756729192771084,0.03476725134498748
52.421252194174755,12.756871807228917,0.03534518375182289
52.421252194174755,12.757014421686748,0.03591985859663358
52.421252194174755,12.757157036144578,0.036492178933437064
52.421252194174755,12.75729965060241,0.03706059060244515
52.421252194174755,12.757442265060241,0.037632038466262126
52.421252194174755,12.757584879518072,0.038193497459315086
52.421252194174755,12.757727493975905,0.03875722503019809
52.421252194174755,12.757870108433735,0.03930947758397434
52.421252194174755,12.758012722891566,0.039857401835511876
52.421252194174755,12.758155337349399,0.04040186745197817
52.421252194174755,12.75829795180723,0.04094427877928639
52.421252194174755,12.758440566265062,0.04147255617416212
52.421252194174755,12.758583180722892,0.04199488276986202
52.421252194174755,12.758725795180723,0.04250472610667898
52.421252194174755,12.758868409638556,0.04300467767656642
52.421252194174755,12.759011024096386,0.04349607603286042
52.421252194174755,12.759153638554217,0.04397120812055065
52.421252194174755,12.75929625301205,0.044435195416525464
52.421252194174755,12.75943886746988,0.04489559951109247
52.421252194174755,12.759581481927711,0.04533829474038406
52.421252194174755,12.759724096385543,0.04575948498519623
52.421252194174755,12.759866710843374,0.046172903714038975
52.421252194174755,12.760009325301205,0.04656316395438316
52.421252194174755,12.760151939759037,0.04694420160814551
52.421252194174755,12.760294554216868,0.047313153025937985
52.421252194174755,12.760437168674699,0.04765570051587114
52.421252194174755,12.760579783132531,0.04798057190628024
52.421252194174755,12.760722397590362,0.04828883769873485
52.421252194174755,12.760865012048193,0.04858523321358086
52.421252194174755,12.761007626506025,0.048854958543124244
52.421252194174755,12.761150240963856,0.049110040636268
52.421252194174755,12.761292855421688,0.04934874991260146
52.421252194174755,12.761435469879519,0.0495611597701971
52.421252194174755,12.76157808433735,0.04975080953922215
52.421252194174755,12.761720698795182,0.04992270969709282
52.421252194174755,12.761863313253013,0.05007149668541335
52.421252194174755,12.762005927710844,0.05019878369601387
52.421252194174755,12.762148542168676,0.05030524604120265
52.421252194174755,12.762291156626507,0.05038907688735572
52.421252194174755,12.762433771084337,0.05045252756475909
52.421252194174755,12.76257638554217,0.0504943809718081
52.421252194174755,12.762719,0.0505098159037446
52.421344932038835,12.750882,0.020049902821725342
52.421344932038835,12.751024614457831,0.020064433154714553
52.421344932038835,12.751167228915664,0.020107918428827795
52.421344932038835,12.751309843373495,0.020168418234496617
52.421344932038835,12.751452457831325,0.02025527137679735
52.421344932038835,12.751595072289158,0.020365771118002446
52.421344932038835,12.751737686746988,0.020494980984378054
52.421344932038835,12.75188030120482,0.02063544812760655
52.421344932038835,12.752022915662652,0.020796837486319122
52.421344932038835,12.752165530120482,0.020984758765717954
52.421344932038835,12.752308144578313,0.021191356067770103
52.421344932038835,12.752450759036146,0.021413799351780193
52.421344932038835,12.752593373493976,0.021659393884068012
52.421344932038835,12.752735987951809,0.02192511992527766
52.421344932038835,12.75287860240964,0.02220512380234471
52.421344932038835,12.75302121686747,0.02250356274417237
52.421344932038835,12.753163831325303,0.022815398244572675
52.421344932038835,12.753306445783133,0.023152071190328277
52.421344932038835,12.753449060240964,0.023507842303623433
52.421344932038835,12.753591674698797,0.023869607424646735
52.421344932038835,12.753734289156627,0.024249066068402124
52.421344932038835,12.753876903614458,0.02464834463222177
52.421344932038835,12.75401951807229,0.025056944315618133
52.421344932038835,12.754162132530121,0.0254811355106953
52.421344932038835,12.754304746987952,0.025920022928614287
52.421344932038835,12.754447361445784,0.026372382415332993
52.421344932038835,12.754589975903615,0.026835838470159613
52.421344932038835,12.754732590361446,0.027311109361955483
52.421344932038835,12.754875204819278,0.02779597037712095
52.421344932038835,12.755017819277109,0.02829453089128546
52.421344932038835,12.75516043373494,0.028807956765521732
52.421344932038835,12.755303048192772,0.029324685307942862
52.421344932038835,12.755445662650603,0.029845728067455748
52.421344932038835,12.755588277108435,0.030380199115376292
52.421344932038835,12.755730891566266,0.030922804024015108
52.421344932038835,12.755873506024097,0.03147383902235578
52.421344932038835,12.75601612048193,0.032025375189349496
52.421344932038835,12.75615873493976,0.03258026803725724
52.421344932038835,12.75630134939759,0.03314559768221905
52.421344932038835,12.756443963855423,0.0337062036179403
52.421344932038835,12.756586578313254,0.03427672418733248
52.421344932038835,12.756729192771084,0.03484940288724306
52.421344932038835,12.756871807228917,0.035422543933795986
52.421344932038835,12.757014421686748,0.03599242546077948
52.421344932038835,12.757157036144578,0.0365599396249304
52.421344932038835,12.75729965060241,0.037123567244225275
52.421344932038835,12.757442265060241,0.03769028413862866
52.421344932038835,12.757584879518072,0.038247042105284054
52.421344932038835,12.757727493975905,0.03880609125603194
52.421344932038835,12.757870108433735,0.0393537003033332
52.421344932038835,12.758012722891566,0.03989702496537474
52.421344932038835,12.758155337349399,0.04043696285827896
52.421344932038835,12.75829795180723,0.04097496025397214
52.421344932038835,12.758440566265062,0.04149881506726136
52.421344932038835,12.758583180722892,0.04201683122252814
52.421344932038835,12.758725795180723,0.04252243472905299
52.421344932038835,12.758868409638556,0.04301824058426336
52.421344932038835,12.759011024096386,0.043505570193606645
52.421344932038835,12.759153638554217,0.04397674244464761
52.421344932038835,12.75929625301205,0.044436854926402466
52.421344932038835,12.75943886746988,0.04489351698440869
52.421344932038835,12.759581481927711,0.04533255668627359
52.421344932038835,12.759724096385543,0.04575020712318298
52.421344932038835,12.759866710843374,0.0461602335147048
52.421344932038835,12.760009325301205,0.04654724600471976
52.421344932038835,12.760151939759037,0.046925196878670646
52.421344932038835,12.760294554216868,0.04729121215405493
52.421344932038835,12.760437168674699,0.047630897542652685
52.421344932038835,12.760579783132531,0.04795309621613766
52.421344932038835,12.760722397590362,0.0482588265508157
52.421344932038835,12.760865012048193,0.048552819278385874
52.421344932038835,12.761007626506025,0.04882029026323445
52.421344932038835,12.761150240963856,0.04907330416103348
52.421344932038835,12.761292855421688,0.04931009247327027
52.421344932038835,12.761435469879519,0.049520730508538724
52.421344932038835,12.76157808433735,0.04970876848587418
52.421344932038835,12.761720698795182,0.049879267548035594
52.421344932038835,12.761863313253013,0.05002681963326638
52.421344932038835,12.762005927710844,0.050153017249074644
52.421344932038835,12.762148542168676,0.05025859860335806
52.421344932038835,12.762291156626507,0.05034169067528295
52.421344932038835,12.762433771084337,0.050404567968419585
52.421344932038835,12.76257638554217,0.05044605500525374
52.421344932038835,12.762719,0.050461302054378224
52.421437669902915,12.750882,0.020243421152958407
52.421437669902915,12.751024614457831,0.02025776810000339
52.421437669902915,12.751167228915664,0.02030091736513815
52.421437669902915,12.751309843373495,0.020360876188988145
52.421437669902915,12.751452457831325,0.02044704585697707
52.421437669902915,12.751595072289158,0.02055671559428262
52.421437669902915,12.751737686746988,0.020684962467664048
52.421437669902915,12.75188030120482,0.020824258281486357
52.421437669902915,12.752022915662652,0.020984329575866018
52.421437669902915,12.752165530120482,0.021170784642202192
52.421437669902915,12.752308144578313,0.02137574609335833
52.421437669902915,12.752450759036146,0.02159637580626668
52.421437669902915,12.752593373493976,0.021839986126506082
52.421437669902915,12.752735987951809,0.022103673309106446
52.421437669902915,12.75287860240964,0.022381422559678753
52.421437669902915,12.75302121686747,0.022677471191316752
52.421437669902915,12.753163831325303,0.02298679141898633
52.421437669902915,12.753306445783133,0.023320814369914504
52.421437669902915,12.753449060240964,0.02367382650772497
52.421437669902915,12.753591674698797,0.02403268973520059
52.421437669902915,12.753734289156627,0.024409091773538623
52.421437669902915,12.753876903614458,0.024805221883975725
52.421437669902915,12.75401951807229,0.0252105204868761
52.421437669902915,12.754162132530121,0.025631305420072234
52.421437669902915,12.754304746987952,0.026066683869411293
52.421437669902915,12.754447361445784,0.02651546014101273
52.421437669902915,12.754589975903615,0.02697518420499004
52.421437669902915,12.754732590361446,0.027446650920698437
52.421437669902915,12.754875204819278,0.027927611640157033
52.421437669902915,12.755017819277109,0.028422229354809658
52.421437669902915,12.75516043373494,0.028931608259826602
52.421437669902915,12.755303048192772,0.029444261471629547
52.421437669902915,12.755445662650603,0.02996110919687282
52.421437669902915,12.755588277108435,0.030491333690718943
52.421437669902915,12.755730891566266,0.03102969767136846
52.421437669902915,12.755873506024097,0.03157641050518643
52.421437669902915,12.75601612048193,0.03212359394679976
52.421437669902915,12.75615873493976,0.03267410530690851
52.421437669902915,12.75630134939759,0.0332350396628774
52.421437669902915,12.756443963855423,0.03379118126427405
52.421437669902915,12.756586578313254,0.03435724530809208
52.421437669902915,12.756729192771084,0.034925444812390925
52.421437669902915,12.756871807228917,0.03549412056929806
52.421437669902915,12.757014421686748,0.03605953496692456
52.421437669902915,12.757157036144578,0.03662256966590723
52.421437669902915,12.75729965060241,0.03718173869253134
52.421437669902915,12.757442265060241,0.03774404632556694
52.421437669902915,12.757584879518072,0.03829642308968313
52.421437669902915,12.757727493975905,0.03885111204311162
52.421437669902915,12.757870108433735,0.03939439320719702
52.421437669902915,12.758012722891566,0.039933431242024496
52.421437669902915,12.758155337349399,0.04046914933788364
52.421437669902915,12.75829795180723,0.041003033470391886
52.421437669902915,12.758440566265062,0.04152276648605504
52.421437669902915,12.758583180722892,0.04203676570084386
52.421437669902915,12.758725795180723,0.042538417401402205
52.421437669902915,12.758868409638556,0.04303035921693878
52.421437669902915,12.759011024096386,0.04351389637540215
52.421437669902915,12.759153638554217,0.043981378110973586
52.421437669902915,12.75929625301205,0.04443787920235097
52.421437669902915,12.75943886746988,0.0448910536450274
52.421437669902915,12.759581481927711,0.04532668642927078
52.421437669902915,12.759724096385543,0.04574103731526843
52.421437669902915,12.759866710843374,0.04614790239090186
52.421437669902915,12.760009325301205,0.04653188827402743
52.421437669902915,12.760151939759037,0.046906962645285544
52.421437669902915,12.760294554216868,0.04727024174188249
52.421437669902915,12.760437168674699,0.047607259262638923
52.421437669902915,12.760579783132531,0.047926967202004955
52.421437669902915,12.760722397590362,0.04823033462892432
52.421437669902915,12.760865012048193,0.04852208843043648
52.421437669902915,12.761007626506025,0.048787458289844335
52.421437669902915,12.761150240963856,0.04903854463161496
52.421437669902915,12.761292855421688,0.04927354274359396
52.421437669902915,12.761435469879519,0.04948252888411096
52.421437669902915,12.76157808433735,0.04966906436877224
52.421437669902915,12.761720698795182,0.04983825732837955
52.421437669902915,12.761863313253013,0.04998465891189432
52.421437669902915,12.762005927710844,0.05010984114665346
52.421437669902915,12.762148542168676,0.05021460141130454
52.421437669902915,12.762291156626507,0.05029700476174791
52.421437669902915,12.762433771084337,0.05035934730390663
52.421437669902915,12.76257638554217,0.05040049307615554
52.421437669902915,12.762719,0.05041556472885351
52.421530407766994,12.750882,0.020421373981511427
52.421530407766994,12.751024614457831,0.02043554541038302
52.421530407766994,12.751167228915664,0.02047837232971901
52.421530407766994,12.751309843373495,0.020537813567621417
52.421530407766994,12.751452457831325,0.02062332790653015
52.421530407766994,12.751595072289158,0.020732202312159807
52.421530407766994,12.751737686746988,0.020859525388392464
52.421530407766994,12.75188030120482,0.020997698715688427
52.421530407766994,12.752022915662652,0.021156506691423292
52.421530407766994,12.752165530120482,0.02134155629168384
52.421530407766994,12.752308144578313,0.02154494991934988
52.421530407766994,12.752450759036146,0.021763842026121343
52.421530407766994,12.752593373493976,0.022005551416665714
52.421530407766994,12.752735987951809,0.022267283274785034
52.421530407766994,12.75287860240964,0.02254287185883013
52.421530407766994,12.75302121686747,0.022836629508774575
52.421530407766994,12.753163831325303,0.023143538617076867
52.421530407766994,12.753306445783133,0.023475021484793468
52.421530407766994,12.753449060240964,0.023825388325282998
52.421530407766994,12.753591674698797,0.024181469725045805
52.421530407766994,12.753734289156627,0.02455494219718095
52.421530407766994,12.753876903614458,0.024948053961673152
52.421530407766994,12.75401951807229,0.02535018943713583
52.421530407766994,12.754162132530121,0.025767709815358277
52.421530407766994,12.754304746987952,0.02619972529094018
52.421530407766994,12.754447361445784,0.026645066637464177
52.421530407766994,12.754589975903615,0.02710121431434846
52.421530407766994,12.754732590361446,0.027569035332047312
52.421530407766994,12.754875204819278,0.028046258684651756
52.421530407766994,12.755017819277109,0.02853709752598763
52.421530407766994,12.75516043373494,0.02904259788555636
52.421530407766994,12.755303048192772,0.02955134461703964
52.421530407766994,12.755445662650603,0.030064172424638828
52.421530407766994,12.755588277108435,0.03059032734153365
52.421530407766994,12.755730891566266,0.031124626079680105
52.421530407766994,12.755873506024097,0.031667196739177325
52.421530407766994,12.75601612048193,0.03221020839814401
52.421530407766994,12.75615873493976,0.032756520469590385
52.421530407766994,12.75630134939759,0.03331324178617969
52.421530407766994,12.756443963855423,0.03386510519206238
52.421530407766994,12.756586578313254,0.03442689781651926
52.421530407766994,12.756729192771084,0.03499080489720371
52.421530407766994,12.756871807228917,0.03555520116003762
52.421530407766994,12.757014421686748,0.03611633450271062
52.421530407766994,12.757157036144578,0.03667507663743891
52.421530407766994,12.75729965060241,0.037229972747190795
52.421530407766994,12.757442265060241,0.03778805456892442
52.421530407766994,12.757584879518072,0.0383362326065637
52.421530407766994,12.757727493975905,0.03888674309556873
52.421530407766994,12.757870108433735,0.03942587674224536
52.421530407766994,12.758012722891566,0.039960807018717626
52.421530407766994,12.758155337349399,0.04049248100717585
52.421530407766994,12.75829795180723,0.04102242228905481
52.421530407766994,12.758440566265062,0.04153820571782533
52.421530407766994,12.758583180722892,0.04204835525859594
52.421530407766994,12.758725795180723,0.04254622010449345
52.421530407766994,12.758868409638556,0.043034459131778474
52.421530407766994,12.759011024096386,0.04351436235509504
52.421530407766994,12.759153638554217,0.043978307099827196
52.421530407766994,12.75929625301205,0.04443134778773519
52.421530407766994,12.75943886746988,0.04488118022406749
52.421530407766994,12.759581481927711,0.04531354817666686
52.421530407766994,12.759724096385543,0.04572473778323399
52.421530407766994,12.759866710843374,0.046128573143559275
52.421530407766994,12.760009325301205,0.04650965840321599
52.421530407766994,12.760151939759037,0.04688197565298468
52.421530407766994,12.760294554216868,0.04724263174349201
52.421530407766994,12.760437168674699,0.04757709322214479
52.421530407766994,12.760579783132531,0.047894413832264435
52.421530407766994,12.760722397590362,0.0481955169617484
52.421530407766994,12.760865012048193,0.04848512520464357
52.421530407766994,12.761007626506025,0.04874848197112101
52.421530407766994,12.761150240963856,0.048997721039496706
52.421530407766994,12.761292855421688,0.04923100360898172
52.421530407766994,12.761435469879519,0.04943840754585052
52.421530407766994,12.76157808433735,0.04962350391599327
52.421530407766994,12.761720698795182,0.04979144506887083
52.421530407766994,12.761863313253013,0.04993674391173606
52.421530407766994,12.762005927710844,0.050060953620594414
52.421530407766994,12.762148542168676,0.05016492688308878
52.421530407766994,12.762291156626507,0.05024667061014358
52.421530407766994,12.762433771084337,0.05030850186279975
52.421530407766994,12.76257638554217,0.05034932053542758
52.421530407766994,12.762719,0.050364224543577876
52.42162314563107,12.750882,0.020586214955635382
52.42162314563107,12.751024614457831,0.020600224129029444
52.42162314563107,12.751167228915664,0.020642753180565097
52.42162314563107,12.751309843373495,0.02070171553190914
52.42162314563107,12.751452457831325,0.02078662422102733
52.42162314563107,12.751595072289158,0.020894763337133946
52.42162314563107,12.751737686746988,0.021021232612472594
52.42162314563107,12.75188030120482,0.021158367802197688
52.42162314563107,12.752022915662652,0.021316007575790576
52.42162314563107,12.752165530120482,0.02149975766431266
52.42162314563107,12.752308144578313,0.021701701303384502
52.42162314563107,12.752450759036146,0.021918986292204297
52.42162314563107,12.752593373493976,0.02215893769948919
52.42162314563107,12.752735987951809,0.022418861824325575
52.42162314563107,12.75287860240964,0.022692452583274826
52.42162314563107,12.75302121686747,0.022984091503971415
52.42162314563107,12.753163831325303,0.023288771228683232
52.42162314563107,12.753306445783133,0.02361790542640076
52.42162314563107,12.753449060240964,0.02396582664853474
52.42162314563107,12.753591674698797,0.02431933592757699
52.42162314563107,12.753734289156627,0.024690099807360172
52.42162314563107,12.753876903614458,0.025080420969163516
52.42162314563107,12.75401951807229,0.025479631406664358
52.42162314563107,12.754162132530121,0.025894133336499307
52.42162314563107,12.754304746987952,0.026323039360331577
52.42162314563107,12.754447361445784,0.026765205086497098
52.42162314563107,12.754589975903615,0.02721804576639286
52.42162314563107,12.754732590361446,0.02768249609419477
52.42162314563107,12.754875204819278,0.028156263686388353
52.42162314563107,12.755017819277109,0.028643608523869768
52.42162314563107,12.75516043373494,0.029145522756974598
52.42162314563107,12.755303048192772,0.02965065785013139
52.42162314563107,12.755445662650603,0.030159768601213967
52.42162314563107,12.755588277108435,0.030682160599868634
52.42162314563107,12.755730891566266,0.031212701060690237
52.42162314563107,12.755873506024097,0.03175144185858174
52.42162314563107,12.75601612048193,0.032290596548651844
52.42162314563107,12.75615873493976,0.03283302630713565
52.42162314563107,12.75630134939759,0.033385853010346245
52.42162314563107,12.756443963855423,0.03393376103549237
52.42162314563107,12.756586578313254,0.03449160478722751
52.42162314563107,12.756729192771084,0.03505154358960778
52.42162314563107,12.756871807228917,0.03561198355134379
52.42162314563107,12.757014421686748,0.03616915899396221
52.42162314563107,12.757157036144578,0.03672393280032384
52.42162314563107,12.75729965060241,0.03727487892254738
52.42162314563107,12.757442265060241,0.037829054149408126
52.42162314563107,12.757584879518072,0.038373350851861505
52.42162314563107,12.757727493975905,0.03891999833046005
52.42162314563107,12.757870108433735,0.03945529805354198
52.42162314563107,12.758012722891566,0.03998643068370855
52.42162314563107,12.758155337349399,0.040514366622723536
52.42162314563107,12.75829795180723,0.04104066363257715
52.42162314563107,12.758440566265062,0.04155279581669809
52.42162314563107,12.758583180722892,0.042059386993006126
52.42162314563107,12.758725795180723,0.042553751110920364
52.42162314563107,12.758868409638556,0.04303856755579672
52.42162314563107,12.759011024096386,0.04351511138632301
52.42162314563107,12.759153638554217,0.04397578675933693
52.42162314563107,12.75929625301205,0.04442562869844292
52.42162314563107,12.75943886746988,0.04487237210314101
52.42162314563107,12.759581481927711,0.04530172250099128
52.42162314563107,12.759724096385543,0.045709989879560736
52.42162314563107,12.759866710843374,0.0461110247217527
52.42162314563107,12.760009325301205,0.04648942882715029
52.42162314563107,12.760151939759037,0.04685919804873089
52.42162314563107,12.760294554216868,0.04721742977221602
52.42162314563107,12.760437168674699,0.04754952834282089
52.42162314563107,12.760579783132531,0.047864642323142984
52.42162314563107,12.760722397590362,0.04816365266999192
52.42162314563107,12.760865012048193,0.04845127756736291
52.42162314563107,12.761007626506025,0.048712773259677725
52.42162314563107,12.761150240963856,0.04896030503363655
52.42162314563107,12.761292855421688,0.04919200193360436
52.42162314563107,12.761435469879519,0.04939794319867742
52.42162314563107,12.76157808433735,0.0495817094406754
52.42162314563107,12.761720698795182,0.04974849395456531
52.42162314563107,12.761863313253013,0.04989277337441208
52.42162314563107,12.762005927710844,0.05001608417784587
52.42162314563107,12.762148542168676,0.05011933012997291
52.42162314563107,12.762291156626507,0.05020046419132029
52.42162314563107,12.762433771084337,0.05026182257786796
52.42162314563107,12.76257638554217,0.050302338748175704
52.42162314563107,12.762719,0.05031708778215308
52.421715883495146,12.750882,0.020740131216291036
52.421715883495146,12.751024614457831,0.02075398898567387
52.421715883495146,12.751167228915664,0.020796239765025863
52.421715883495146,12.751309843373495,0.020854755039629
52.421715883495146,12.751452457831325,0.02093909796007015
52.421715883495146,12.751595072289158,0.021046550256601043
52.421715883495146,12.751737686746988,0.02117222206995415
52.421715883495146,12.75188030120482,0.021308388273389874
52.421715883495146,12.752022915662652,0.02146493724517929
52.421715883495146,12.752165530120482,0.02164747409132318
52.421715883495146,12.752308144578313,0.021848063635979385
52.421715883495146,12.752450759036146,0.02206384826572574
52.421715883495146,12.752593373493976,0.02230215848076841
52.421715883495146,12.752735987951809,0.022560394769613343
52.421715883495146,12.75287860240964,0.022832120033141744
52.421715883495146,12.75302121686747,0.023121780772020345
52.421715883495146,12.753163831325303,0.023424378951357915
52.421715883495146,12.753306445783133,0.023751320314200044
52.421715883495146,12.753449060240964,0.024096957881831395
52.421715883495146,12.753591674698797,0.024448065545135716
52.421715883495146,12.753734289156627,0.024816300169642466
52.421715883495146,12.753876903614458,0.02520401591006675
52.421715883495146,12.75401951807229,0.025600495388164307
52.421715883495146,12.754162132530121,0.026012179199613548
52.421715883495146,12.754304746987952,0.026438182156078096
52.421715883495146,12.754447361445784,0.026877382758829907
52.421715883495146,12.754589975903615,0.027327136108707226
52.421715883495146,12.754732590361446,0.027788439000073446
52.421715883495146,12.754875204819278,0.02825898025096869
52.421715883495146,12.755017819277109,0.0287430628970995
52.421715883495146,12.75516043373494,0.02924162882502745
52.421715883495146,12.755303048192772,0.029743391504393528
52.421715883495146,12.755445662650603,0.03024903168698412
52.421715883495146,12.755588277108435,0.030767910337250914
52.421715883495146,12.755730891566266,0.031294941241692555
52.421715883495146,12.755873506024097,0.03183010615955213
52.421715883495146,12.75601612048193,0.032365659583052514
52.421715883495146,12.75615873493976,0.03290446448418273
52.421715883495146,12.75630134939759,0.033453654388681524
52.421715883495146,12.756443963855423,0.033997869537047594
52.421715883495146,12.756586578313254,0.03455202624797772
52.421715883495146,12.756729192771084,0.03510825974106043
52.421715883495146,12.756871807228917,0.03566500575379442
52.421715883495146,12.757014421686748,0.0362184855990625
52.421715883495146,12.757157036144578,0.03676955398455687
52.421715883495146,12.75729965060241,0.037316811712351045
52.421715883495146,12.757442265060241,0.037867339217637866
52.421715883495146,12.757584879518072,0.03840801156996406
52.421715883495146,12.757727493975905,0.03895105199511016
52.421715883495146,12.757870108433735,0.03948277165864767
52.421715883495146,12.758012722891566,0.040010358225041384
52.421715883495146,12.758155337349399,0.04053480355961062
52.421715883495146,12.75829795180723,0.04105769772590334
52.421715883495146,12.758440566265062,0.04156642085445974
52.421715883495146,12.758583180722892,0.04206968909884723
52.421715883495146,12.758725795180723,0.04256078411215043
52.421715883495146,12.758868409638556,0.04304240463876971
52.421715883495146,12.759011024096386,0.04351581190188928
52.421715883495146,12.759153638554217,0.043973434548048494
52.421715883495146,12.75929625301205,0.044420289571744764
52.421715883495146,12.75943886746988,0.044864148124575405
52.421715883495146,12.759581481927711,0.04529068079917615
52.421715883495146,12.759724096385543,0.04569621934692459
52.421715883495146,12.759866710843374,0.04609463934659685
52.421715883495146,12.760009325301205,0.04647053995163697
52.421715883495146,12.760151939759037,0.04683792968911675
52.421715883495146,12.760294554216868,0.047193897512753345
52.421715883495146,12.760437168674699,0.04752378996371454
52.421715883495146,12.760579783132531,0.04783684335287559
52.421715883495146,12.760722397590362,0.048133899437238
52.421715883495146,12.760865012048193,0.048419672336013575
52.421715883495146,12.761007626506025,0.0486794303306745
52.421715883495146,12.761150240963856,0.04892536781821065
52.421715883495146,12.761292855421688,0.04915558406677954
52.421715883495146,12.761435469879519,0.04936015964178041
52.421715883495146,12.76157808433735,0.04954268404551413
52.421715883495146,12.761720698795182,0.049708388270751094
52.421715883495146,12.761863313253013,0.049851715952999705
52.421715883495146,12.762005927710844,0.049974187360320096
52.421715883495146,12.762148542168676,0.050076754086735946
52.421715883495146,12.762291156626507,0.050157318827597844
52.421715883495146,12.762433771084337,0.05021823574596903
52.421715883495146,12.76257638554217,0.05025846965535036
52.421715883495146,12.762719,0.05027307376025279
52.421808621359226,12.750882,0.02087506380838354
52.421808621359226,12.751024614457831,0.0208887814313123
52.421808621359226,12.751167228915664,0.020930774537910667
52.421808621359226,12.751309843373495,0.020988876443298995
52.421808621359226,12.751452457831325,0.021072696196288574
52.421808621359226,12.751595072289158,0.021179513102494864
52.421808621359226,12.751737686746988,0.021304447141310936
52.421808621359226,12.75188030120482,0.021439716407782063
52.421808621359226,12.752022915662652,0.021595256094847186
52.421808621359226,12.752165530120482,0.021776669991640886
52.421808621359226,12.752308144578313,0.021976006732191505
52.421808621359226,12.752450759036146,0.022190403253029164
52.421808621359226,12.752593373493976,0.02242719492422166
52.421808621359226,12.752735987951809,0.02268386882930051
52.421808621359226,12.75287860240964,0.022953867995836263
52.421808621359226,12.75302121686747,0.023241698385562393
52.421808621359226,12.753163831325303,0.023542370377843073
52.421808621359226,12.753306445783133,0.02386728213473908
52.421808621359226,12.753449060240964,0.02421080643301149
52.421808621359226,12.753591674698797,0.024559691414434492
52.421808621359226,12.753734289156627,0.02492558538671484
52.421808621359226,12.753876903614458,0.025310889646015022
52.421808621359226,12.75401951807229,0.025704841599141846
52.421808621359226,12.754162132530121,0.026113917403923066
52.421808621359226,12.754304746987952,0.026537233576633252
52.421808621359226,12.754447361445784,0.02697368969150566
52.421808621359226,12.754589975903615,0.027420585932750995
52.421808621359226,12.754732590361446,0.02787897574006603
52.421808621359226,12.754875204819278,0.028346531069277352
52.421808621359226,12.755017819277109,0.02882759433968153
52.421808621359226,12.75516043373494,0.0293230611981636
52.421808621359226,12.755303048192772,0.029821702451685386
52.421808621359226,12.755445662650603,0.030324130785850265
52.421808621359226,12.755588277108435,0.030839757672203167
52.421808621359226,12.755730891566266,0.03136354012660521
52.421808621359226,12.755873506024097,0.031895395140080454
52.421808621359226,12.75601612048193,0.03242761496671405
52.421808621359226,12.75615873493976,0.03296306424250625
52.421808621359226,12.75630134939759,0.03350888747741305
52.421808621359226,12.756443963855423,0.03404968417321085
52.421808621359226,12.756586578313254,0.03460042765070709
52.421808621359226,12.756729192771084,0.035153231153112585
52.421808621359226,12.756871807228917,0.03570655747675556
52.421808621359226,12.757014421686748,0.03625661594549835
52.421808621359226,12.757157036144578,0.036804254158145644
52.421808621359226,12.75729965060241,0.03734809757670243
52.421808621359226,12.757442265060241,0.0378952479747867
52.421808621359226,12.757584879518072,0.03843256485328368
52.421808621359226,12.757727493975905,0.03897226579338489
52.421808621359226,12.757870108433735,0.03950067124836905
52.421808621359226,12.758012722891566,0.04002497506489851
52.421808621359226,12.758155337349399,0.04054618864221993
52.421808621359226,12.75829795180723,0.0410659316164253
52.421808621359226,12.758440566265062,0.041571498526180715
52.421808621359226,12.758583180722892,0.04207169047604813
52.421808621359226,12.758725795180723,0.04255975889612016
52.421808621359226,12.758868409638556,0.04303842003691713
52.421808621359226,12.759011024096386,0.04350892288512909
52.421808621359226,12.759153638554217,0.04396371896674109
52.421808621359226,12.75929625301205,0.044407808728235784
52.421808621359226,12.75943886746988,0.04484899599044355
52.421808621359226,12.759581481927711,0.04527291985954053
52.421808621359226,12.759724096385543,0.045675931707514154
52.421808621359226,12.759866710843374,0.046071930112800065
52.421808621359226,12.760009325301205,0.046445512166715955
52.421808621359226,12.760151939759037,0.046810698443069926
52.421808621359226,12.760294554216868,0.04716456938400242
52.421808621359226,12.760437168674699,0.04749241896161685
52.421808621359226,12.760579783132531,0.047803563989310925
52.421808621359226,12.760722397590362,0.04809881033965338
52.421808621359226,12.760865012048193,0.04838286808865177
52.421808621359226,12.761007626506025,0.0486410170805681
52.421808621359226,12.761150240963856,0.04888547820234296
52.421808621359226,12.761292855421688,0.049114323011931776
52.421808621359226,12.761435469879519,0.04931763414568134
52.421808621359226,12.76157808433735,0.049499008658107906
52.421808621359226,12.761720698795182,0.049663712371391396
52.421808621359226,12.761863313253013,0.04980615873395581
52.421808621359226,12.762005927710844,0.0499278527630273
52.421808621359226,12.762148542168676,0.050029790367247085
52.421808621359226,12.762291156626507,0.05010982805356567
52.421808621359226,12.762433771084337,0.05017033608548076
52.421808621359226,12.76257638554217,0.050210308551207186
52.421808621359226,12.762719,0.050224778391328946
52.4219013592233,12.750882,0.021004213417541908
52.4219013592233,12.751024614457831,0.02101780280403824
52.4219013592233,12.751167228915664,0.0210595601854524
52.4219013592233,12.751309843373495,0.021117283939383617
52.4219013592233,12.751452457831325,0.021200624662876005
52.4219013592233,12.751595072289158,0.021306859949750907
52.4219013592233,12.751737686746988,0.021431118552505672
52.4219013592233,12.75188030120482,0.021565567459607582
52.4219013592233,12.752022915662652,0.021720183564528178
52.4219013592233,12.752165530120482,0.021900569922842464
52.4219013592233,12.752308144578313,0.022098760268393677
52.4219013592233,12.752450759036146,0.022311886564125652
52.4219013592233,12.752593373493976,0.022547288843930008
52.4219013592233,12.752735987951809,0.02280253288311374
52.4219013592233,12.75287860240964,0.02307095227135196
52.4219013592233,12.75302121686747,0.023357107803041045
52.4219013592233,12.753163831325303,0.023656017197389113
52.4219013592233,12.753306445783133,0.02397907216953352
52.4219013592233,12.753449060240964,0.02432066278876136
52.4219013592233,12.753591674698797,0.02466751425899701
52.4219013592233,12.753734289156627,0.02503126679736463
52.4219013592233,12.753876903614458,0.02541436471528752
52.4219013592233,12.75401951807229,0.02580600439675256
52.4219013592233,12.754162132530121,0.02621269435039279
52.4219013592233,12.754304746987952,0.02663355254917928
52.4219013592233,12.754447361445784,0.027067498218825863
52.4219013592233,12.754589975903615,0.027511781058615885
52.4219013592233,12.754732590361446,0.027967506395875148
52.4219013592233,12.754875204819278,0.02843233040480756
52.4219013592233,12.755017819277109,0.028910631843307378
52.4219013592233,12.75516043373494,0.02940326423044591
52.4219013592233,12.755303048192772,0.02989905040079279
52.4219013592233,12.755445662650603,0.030398541296097245
52.4219013592233,12.755588277108435,0.030911194299859182
52.4219013592233,12.755730891566266,0.03143200578997811
52.4219013592233,12.755873506024097,0.03196083386177342
52.4219013592233,12.75601612048193,0.032490005341306666
52.4219013592233,12.75615873493976,0.033022385922331865
52.4219013592233,12.75630134939759,0.03356513068948261
52.4219013592233,12.756443963855423,0.03410280155625887
52.4219013592233,12.756586578313254,0.03465042404800901
52.4219013592233,12.756729192771084,0.035200091549046186
52.4219013592233,12.756871807228917,0.035750291022497334
52.4219013592233,12.757014421686748,0.03629722128028138
52.4219013592233,12.757157036144578,0.036841723445332014
52.4219013592233,12.75729965060241,0.03738244543044792
52.4219013592233,12.757442265060241,0.037926508748081254
52.4219013592233,12.757584879518072,0.03846075801915876
52.4219013592233,12.757727493975905,0.03899740609847104
52.4219013592233,12.757870108433735,0.03952278211903953
52.4219013592233,12.758012722891566,0.04004408522116787
52.4219013592233,12.758155337349399,0.04056234488248356
52.4219013592233,12.75829795180723,0.04107920783758046
52.4219013592233,12.758440566265062,0.041581890067309266
52.4219013592233,12.758583180722892,0.042079270479024516
52.4219013592233,12.758725795180723,0.042564572632763926
52.4219013592233,12.758868409638556,0.04304052907064266
52.4219013592233,12.759011024096386,0.04350837808507101
52.4219013592233,12.759153638554217,0.04396059131332064
52.4219013592233,12.75929625301205,0.04440215408925703
52.4219013592233,12.75943886746988,0.04484090019985289
52.4219013592233,12.759581481927711,0.045262439961525014
52.4219013592233,12.759724096385543,0.04566314330821068
52.4219013592233,12.759866710843374,0.046056929062274314
52.4219013592233,12.760009325301205,0.04642839255431181
52.4219013592233,12.760151939759037,0.04679156526596391
52.4219013592233,12.760294554216868,0.04714352029777973
52.4219013592233,12.760437168674699,0.047469503482721345
52.4219013592233,12.760579783132531,0.047778904897352155
52.4219013592233,12.760722397590362,0.048072498023813956
52.4219013592233,12.760865012048193,0.04835498904780617
52.4219013592233,12.761007626506025,0.04861166833956694
52.4219013592233,12.761150240963856,0.048854780589666504
52.4219013592233,12.761292855421688,0.049082372723180626
52.4219013592233,12.761435469879519,0.049284528497809205
52.4219013592233,12.76157808433735,0.049464852457493776
52.4219013592233,12.761720698795182,0.04962864218551054
52.4219013592233,12.761863313253013,0.049770283434245485
52.4219013592233,12.762005927710844,0.049891267637934056
52.4219013592233,12.762148542168676,0.04999263061504765
52.4219013592233,12.762291156626507,0.050072186942253474
52.4219013592233,12.762433771084337,0.050132321676080116
52.4219013592233,12.76257638554217,0.05017205516000078
52.4219013592233,12.762719,0.05018640244200414
52.42199409708738,12.750882,0.021125652614366653
52.42199409708738,12.751024614457831,0.021139126606689936
52.42199409708738,12.751167228915664,0.02118067143169105
52.42199409708738,12.751309843373495,0.021238053984374755
52.42199409708738,12.751452457831325,0.021320962450294946
52.42199409708738,12.751595072289158,0.021426673089796712
52.42199409708738,12.751737686746988,0.021550322164382858
52.42199409708738,12.75188030120482,0.021684030741742424
52.42199409708738,12.752022915662652,0.02183781362199464
52.42199409708738,12.752165530120482,0.02201727296756625
52.42199409708738,12.752308144578313,0.02221442926553714
52.42199409708738,12.752450759036146,0.022426409533611674
52.42199409708738,12.752593373493976,0.02266055797493264
52.42199409708738,12.752735987951809,0.022914512176885563
52.42199409708738,12.75287860240964,0.023181506504367268
52.42199409708738,12.75302121686747,0.02346615097965219
52.42199409708738,12.753163831325303,0.023763470112948194
52.42199409708738,12.753306445783133,0.024084849806886573
52.42199409708738,12.753449060240964,0.02442469574961874
52.42199409708738,12.753591674698797,0.024769712612562302
52.42199409708738,12.753734289156627,0.02513153322271664
52.42199409708738,12.753876903614458,0.025512640692709206
52.42199409708738,12.75401951807229,0.02590219423033159
52.42199409708738,12.754162132530121,0.02630673144277724
52.42199409708738,12.754304746987952,0.02672537194622316
52.42199409708738,12.754447361445784,0.02715705249977282
52.42199409708738,12.754589975903615,0.027598976847524798
52.42199409708738,12.754732590361446,0.028052298313888925
52.42199409708738,12.754875204819278,0.02851465771088691
52.42199409708738,12.755017819277109,0.028990467158089794
52.42199409708738,12.75516043373494,0.029480541711676776
52.42199409708738,12.755303048192772,0.02997375169990254
52.42199409708738,12.755445662650603,0.030470591973057258
52.42199409708738,12.755588277108435,0.03098056149502697
52.42199409708738,12.755730891566266,0.031498692087854094
52.42199409708738,12.755873506024097,0.032024788800355045
52.42199409708738,12.75601612048193,0.03255120931589858
52.42199409708738,12.75615873493976,0.0330808210758187
52.42199409708738,12.75630134939759,0.033620788117022946
52.42199409708738,12.756443963855423,0.0341556379206701
52.42199409708738,12.756586578313254,0.03470044406841537
52.42199409708738,12.756729192771084,0.03524728144915566
52.42199409708738,12.756871807228917,0.03579465930738254
52.42199409708738,12.757014421686748,0.0363387667119288
52.42199409708738,12.757157036144578,0.036880438860357266
52.42199409708738,12.75729965060241,0.0374183435957288
52.42199409708738,12.757442265060241,0.0379596209840378
52.42199409708738,12.757584879518072,0.03849110178335997
52.42199409708738,12.757727493975905,0.039024994653644944
52.42199409708738,12.757870108433735,0.03954763648612524
52.42199409708738,12.758012722891566,0.04006623137196181
52.42199409708738,12.758155337349399,0.040581824983819396
52.42199409708738,12.75829795180723,0.041096088501982084
52.42199409708738,12.758440566265062,0.041596166861424755
52.42199409708738,12.758583180722892,0.0420910095919564
52.42199409708738,12.758725795180723,0.04257381504470671
52.42199409708738,12.758868409638556,0.04304733049437175
52.42199409708738,12.759011024096386,0.043512784020092246
52.42199409708738,12.759153638554217,0.04396266556237607
52.42199409708738,12.75929625301205,0.044401947164603266
52.42199409708738,12.75943886746988,0.044838489985512056
52.42199409708738,12.759581481927711,0.04525787784593549
52.42199409708738,12.759724096385543,0.045656497406129246
52.42199409708738,12.759866710843374,0.046048286035637466
52.42199409708738,12.760009325301205,0.04641783735034517
52.42199409708738,12.760151939759037,0.04677919252734725
52.42199409708738,12.760294554216868,0.04712941821717494
52.42199409708738,12.760437168674699,0.047453716502577854
52.42199409708738,12.760579783132531,0.04776154420917576
52.42199409708738,12.760722397590362,0.04805364519135303
52.42199409708738,12.760865012048193,0.048334721817625825
52.42199409708738,12.761007626506025,0.048590074322020754
52.42199409708738,12.761150240963856,0.048831969079235045
52.42199409708738,12.761292855421688,0.04905843024387417
52.42199409708738,12.761435469879519,0.049259543393877545
52.42199409708738,12.76157808433735,0.04943891873507962
52.42199409708738,12.761720698795182,0.04960188337562421
52.42199409708738,12.761863313253013,0.049742797708318943
52.42199409708738,12.762005927710844,0.04986314107029913
52.42199409708738,12.762148542168676,0.049963985455608685
52.42199409708738,12.762291156626507,0.050043107078051235
52.42199409708738,12.762433771084337,0.050102904869716344
52.42199409708738,12.76257638554217,0.05014242268825668
52.42199409708738,12.762719,0.0501566594790324
52.42208683495146,12.750882,0.02122220042588533
52.42208683495146,12.751024614457831,0.021235572775023696
52.42208683495146,12.751167228915664,0.021276931271139613
52.42208683495146,12.751309843373495,0.021334014172673776
52.42208683495146,12.751452457831325,0.021416543506579018
52.42208683495146,12.751595072289158,0.02152179362994361
52.42208683495146,12.751737686746988,0.021644908522862476
52.42208683495146,12.75188030120482,0.02177796717876618
52.42208683495146,12.752022915662652,0.021931019285058074
52.42208683495146,12.752165530120482,0.022109665587531455
52.42208683495146,12.752308144578313,0.022305914411143678
52.42208683495146,12.752450759036146,0.022516889130118033
52.42208683495146,12.752593373493976,0.02274993758548316
52.42208683495146,12.752735987951809,0.02300276045214472
52.42208683495146,12.75287860240964,0.02326850441454291
52.42208683495146,12.75302121686747,0.023551823145521705
52.42208683495146,12.753163831325303,0.023847747269665525
52.42208683495146,12.753306445783133,0.02416765739176173
52.42208683495146,12.753449060240964,0.024505973168057506
52.42208683495146,12.753591674698797,0.02484938072027003
52.42208683495146,12.753734289156627,0.025209506309137028
52.42208683495146,12.753876903614458,0.025588867915947732
52.42208683495146,12.75401951807229,0.025976591290029785
52.42208683495146,12.754162132530121,0.026379239904653694
52.42208683495146,12.754304746987952,0.026795934893442973
52.42208683495146,12.754447361445784,0.02722562836145756
52.42208683495146,12.754589975903615,0.027665483461531852
52.42208683495146,12.754732590361446,0.02811669573784275
52.42208683495146,12.754875204819278,0.02857689295035149
52.42208683495146,12.755017819277109,0.029050516357476536
52.42208683495146,12.75516043373494,0.029538347007708157
52.42208683495146,12.755303048192772,0.03002929747760714
52.42208683495146,12.755445662650603,0.030523812101545894
52.42208683495146,12.755588277108435,0.031031427268618454
52.42208683495146,12.755730891566266,0.031547206405706144
52.42208683495146,12.755873506024097,0.03207090691943929
52.42208683495146,12.75601612048193,0.0325949143440808
52.42208683495146,12.75615873493976,0.033122097042908784
52.42208683495146,12.75630134939759,0.033659627238891515
52.42208683495146,12.756443963855423,0.03419200226991736
52.42208683495146,12.756586578313254,0.03473433779759329
52.42208683495146,12.756729192771084,0.03527869253751743
52.42208683495146,12.756871807228917,0.03582359498600984
52.42208683495146,12.757014421686748,0.036365226200436106
52.42208683495146,12.757157036144578,0.036904415660447644
52.42208683495146,12.75729965060241,0.03743984920195428
52.42208683495146,12.757442265060241,0.037978682615041455
52.42208683495146,12.757584879518072,0.038507735155807375
52.42208683495146,12.757727493975905,0.03903921130473123
52.42208683495146,12.757870108433735,0.03955945453007524
52.42208683495146,12.758012722891566,0.040075673471618084
52.42208683495146,12.758155337349399,0.040588928423380397
52.42208683495146,12.75829795180723,0.04110091203060226
52.42208683495146,12.758440566265062,0.04159870626084253
52.42208683495146,12.758583180722892,0.042091322934410876
52.42208683495146,12.758725795180723,0.04257193837482466
52.42208683495146,12.758868409638556,0.043043312726212306
52.42208683495146,12.759011024096386,0.04350666510242734
52.42208683495146,12.759153638554217,0.043954501518099126
52.42208683495146,12.75929625301205,0.04439178231276511
52.42208683495146,12.75943886746988,0.04482639237291258
52.42208683495146,12.759581481927711,0.04524389231910987
52.42208683495146,12.759724096385543,0.04564068383566531
52.42208683495146,12.759866710843374,0.04603072070293179
52.42208683495146,12.760009325301205,0.046398594766800125
52.42208683495146,12.760151939759037,0.04675835590039222
52.42208683495146,12.760294554216868,0.04710706509781822
52.42208683495146,12.760437168674699,0.04742988527409895
52.42208683495146,12.760579783132531,0.04773633263071886
52.42208683495146,12.760722397590362,0.0480271244713897
52.42208683495146,12.760865012048193,0.048306960562056744
52.42208683495146,12.761007626506025,0.04856114903935697
52.42208683495146,12.761150240963856,0.048801976169267305
52.42208683495146,12.761292855421688,0.049027445250283866
52.42208683495146,12.761435469879519,0.04922764340383845
52.42208683495146,12.76157808433735,0.04940618670797818
52.42208683495146,12.761720698795182,0.049568427737796364
52.42208683495146,12.761863313253013,0.04970870428407532
52.42208683495146,12.762005927710844,0.049828485294299146
52.42208683495146,12.762148542168676,0.04992887471683739
52.42208683495146,12.762291156626507,0.05000761490331576
52.42208683495146,12.762433771084337,0.05006711684030445
52.42208683495146,12.76257638554217,0.05010644543243781
52.42208683495146,12.762719,0.05012058507245406
52.42217957281554,12.750882,0.021303898950818138
52.42217957281554,12.751024614457831,0.021317181187295482
52.42217957281554,12.751167228915664,0.021358374597761194
52.42217957281554,12.751309843373495,0.021415192376487417
52.42217957281554,12.751452457831325,0.021497386021404497
52.42217957281554,12.751595072289158,0.021602228465087095
52.42217957281554,12.751737686746988,0.021724870105528066
52.42217957281554,12.75188030120482,0.021857353574421597
52.42217957281554,12.752022915662652,0.0220097585554454
52.42217957281554,12.752165530120482,0.02218768491096689
52.42217957281554,12.752308144578313,0.022383130196456158
52.42217957281554,12.752450759036146,0.022593214691540124
52.42217957281554,12.752593373493976,0.022825289123584384
52.42217957281554,12.752735987951809,0.02307711019177228
52.42217957281554,12.75287860240964,0.023341747116077057
52.42217957281554,12.75302121686747,0.023623892074394026
52.42217957281554,12.753163831325303,0.023918581027267648
52.42217957281554,12.753306445783133,0.0242371896821843
52.42217957281554,12.753449060240964,0.024574150389078744
52.42217957281554,12.753591674698797,0.024916132944611796
52.42217957281554,12.753734289156627,0.025274757809078563
52.42217957281554,12.753876903614458,0.02565257315786985
52.42217957281554,12.75401951807229,0.026038675954191147
52.42217957281554,12.754162132530121,0.026439652417298422
52.42217957281554,12.754304746987952,0.026854624772252006
52.42217957281554,12.754447361445784,0.027282558816238763
52.42217957281554,12.754589975903615,0.02772058207523859
52.42217957281554,12.754732590361446,0.02816992682991048
52.42217957281554,12.754875204819278,0.02862820948262736
52.42217957281554,12.755017819277109,0.029099896897313307
52.42217957281554,12.75516043373494,0.029585740524833214
52.42217957281554,12.755303048192772,0.030074690035198415
52.42217957281554,12.755445662650603,0.030567145538664093
52.42217957281554,12.755588277108435,0.031072676178390726
52.42217957281554,12.755730891566266,0.03158637295493156
52.42217957281554,12.755873506024097,0.032107951590662785
52.42217957281554,12.75601612048193,0.032629821975077015
52.42217957281554,12.75615873493976,0.03315485372107245
52.42217957281554,12.75630134939759,0.033690225995363636
52.42217957281554,12.756443963855423,0.03422040981535551
52.42217957281554,12.756586578313254,0.034760557714874095
52.42217957281554,12.756729192771084,0.03530271411625205
52.42217957281554,12.756871807228917,0.035845424584541014
52.42217957281554,12.757014421686748,0.03638486308424842
52.42217957281554,12.757157036144578,0.03692185404583838
52.42217957281554,12.75729965060241,0.03745509933473944
52.42217957281554,12.757442265060241,0.03799176860723357
52.42217957281554,12.757584879518072,0.038518670830284804
52.42217957281554,12.757727493975905,0.03904800667025393
52.42217957281554,12.757870108433735,0.03956612591949754
52.42217957281554,12.758012722891566,0.04008024093668025
52.42217957281554,12.758155337349399,0.0405914248480156
52.42217957281554,12.75829795180723,0.041101389311019226
52.42217957281554,12.758440566265062,0.041597160731838105
52.42217957281554,12.758583180722892,0.042087806138573276
52.42217957281554,12.758725795180723,0.04256648197809836
52.42217957281554,12.758868409638556,0.04303596019191057
52.42217957281554,12.759011024096386,0.043497451845061985
52.42217957281554,12.759153638554217,0.04394347728687535
52.42217957281554,12.75929625301205,0.044378986212695086
52.42217957281554,12.75943886746988,0.044811884822860325
52.42217957281554,12.759581481927711,0.045227713148506724
52.42217957281554,12.759724096385543,0.04562288601593585
52.42217957281554,12.759866710843374,0.04601137161573357
52.42217957281554,12.760009325301205,0.04637776019636948
52.42217957281554,12.760151939759037,0.04673610947488618
52.42217957281554,12.760294554216868,0.04708347563553822
52.42217957281554,12.760437168674699,0.04740498694738749
52.42217957281554,12.760579783132531,0.04771021174764763
52.42217957281554,12.760722397590362,0.04799984424806702
52.42217957281554,12.760865012048193,0.04827858177673408
52.42217957281554,12.761007626506025,0.04853173952530544
52.42217957281554,12.761150240963856,0.048771621062418766
52.42217957281554,12.761292855421688,0.048996211483482245
52.42217957281554,12.761435469879519,0.04919559922773918
52.42217957281554,12.76157808433735,0.0493734057049521
52.42217957281554,12.761720698795182,0.049535005818223454
52.42217957281554,12.761863313253013,0.0496747177161653
52.42217957281554,12.762005927710844,0.04979400064981908
52.42217957281554,12.762148542168676,0.049893987129751745
52.42217957281554,12.762291156626507,0.049972389714447105
52.42217957281554,12.762433771084337,0.050031629748569936
52.42217957281554,12.76257638554217,0.05007079083992251
52.42217957281554,12.762719,0.05008484460046229
52.42227231067961,12.750882,0.021380741409699554
52.42227231067961,12.751024614457831,0.02139394547873779
52.42227231067961,12.751167228915664,0.021434994763931393
52.42227231067961,12.751309843373495,0.021491581626458624
52.42227231067961,12.751452457831325,0.021573482519675356
52.42227231067961,12.751595072289158,0.0216779695765632
52.42227231067961,12.751737686746988,0.02180019829144112
52.42227231067961,12.75188030120482,0.02193218021773021
52.42227231067961,12.752022915662652,0.02208402107496541
52.42227231067961,12.752165530120482,0.022261319780675123
52.42227231067961,12.752308144578313,0.022456064515326352
52.42227231067961,12.752450759036146,0.022665372967100715
52.42227231067961,12.752593373493976,0.022896598124269647
52.42227231067961,12.752735987951809,0.02314754530773867
52.42227231067961,12.75287860240964,0.02341121710020594
52.42227231067961,12.75302121686747,0.02369233872332318
52.42227231067961,12.753163831325303,0.023985950428992566
52.42227231067961,12.753306445783133,0.024303424245650487
52.42227231067961,12.753449060240964,0.024639202939795345
52.42227231067961,12.753591674698797,0.024979942671566682
52.42227231067961,12.753734289156627,0.025337258801957058
52.42227231067961,12.753876903614458,0.02571372574673509
52.42227231067961,12.75401951807229,0.026098415458562958
52.42227231067961,12.754162132530121,0.026497933748064518
52.42227231067961,12.754304746987952,0.026911403910648907
52.42227231067961,12.754447361445784,0.027337803371946454
52.42227231067961,12.754589975903615,0.027774229082179577
52.42227231067961,12.754732590361446,0.028221945678806502
52.42227231067961,12.754875204819278,0.028678558859461346
52.42227231067961,12.755017819277109,0.029148558137729652
52.42227231067961,12.75516043373494,0.02963266917780427
52.42227231067961,12.755303048192772,0.03011987352281216
52.42227231067961,12.755445662650603,0.03061053343549287
52.42227231067961,12.755588277108435,0.03111424619551261
52.42227231067961,12.755730891566266,0.03162612676813506
52.42227231067961,12.755873506024097,0.03214585506059056
52.42227231067961,12.75601612048193,0.03266586160044043
52.42227231067961,12.75615873493976,0.033189017599865686
52.42227231067961,12.75630134939759,0.03372250793942485
52.42227231067961,12.756443963855423,0.03425078076353903
52.42227231067961,12.756586578313254,0.034789020596226454
52.42227231067961,12.756729192771084,0.03532925974073699
52.42227231067961,12.756871807228917,0.03587005851390232
52.42227231067961,12.757014421686748,0.03640758464672336
52.42227231067961,12.757157036144578,0.03694265834987648
52.42227231067961,12.75729965060241,0.037473994753622376
52.42227231067961,12.757442265060241,0.038008776495810415
52.42227231067961,12.757584879518072,0.03853380285973913
52.42227231067961,12.757727493975905,0.039061272041664
52.42227231067961,12.757870108433735,0.03957753865156198
52.42227231067961,12.758012722891566,0.040089818965529614
52.42227231067961,12.758155337349399,0.04059919664747936
52.42227231067961,12.75829795180723,0.04110739970475184
52.42227231067961,12.758440566265062,0.04160140703410723
52.42227231067961,12.758583180722892,0.042090332999140105
52.42227231067961,12.758725795180723,0.042567317077260684
52.42227231067961,12.758868409638556,0.043035141201313735
52.42227231067961,12.759011024096386,0.04349500984117477
52.42227231067961,12.759153638554217,0.043939455061164166
52.42227231067961,12.75929625301205,0.044373418411936365
52.42227231067961,12.75943886746988,0.04480482405674089
52.42227231067961,12.759581481927711,0.04521919436249762
52.42227231067961,12.759724096385543,0.04561295518455499
52.42227231067961,12.759866710843374,0.04600008733251816
52.42227231067961,12.760009325301205,0.04636518025869438
52.42227231067961,12.760151939759037,0.04672229779185925
52.42227231067961,12.760294554216868,0.04706849209435973
52.42227231067961,12.760437168674699,0.04738886160364547
52.42227231067961,12.760579783132531,0.04769301967048703
52.42227231067961,12.760722397590362,0.04798164119757653
52.42227231067961,12.760865012048193,0.0482594203071073
52.42227231067961,12.761007626506025,0.04851167901418804
52.42227231067961,12.761150240963856,0.04875073569086921
52.42227231067961,12.761292855421688,0.04897455956456567
52.42227231067961,12.761435469879519,0.049173240697681225
52.42227231067961,12.76157808433735,0.04935040466099347
52.42227231067961,12.761720698795182,0.049511445865068004
52.42227231067961,12.761863313253013,0.04965066539106845
52.42227231067961,12.762005927710844,0.04976951414665491
52.42227231067961,12.762148542168676,0.04986914919360058
52.42227231067961,12.762291156626507,0.04994725731075014
52.42227231067961,12.762433771084337,0.050006269033317625
52.42227231067961,12.76257638554217,0.05004528412628296
52.42227231067961,12.762719,0.050059263046169734
52.42236504854369,12.750882,0.021444248471216853
52.42236504854369,12.751024614457831,0.021457387262720118
52.42236504854369,12.751167228915664,0.021498316750805782
52.42236504854369,12.751309843373495,0.021554711485035315
52.42236504854369,12.751452457831325,0.021636369037374096
52.42236504854369,12.751595072289158,0.021740560666131052
52.42236504854369,12.751737686746988,0.021862446238042357
52.42236504854369,12.75188030120482,0.02199401148780247
52.42236504854369,12.752022915662652,0.022145383110868385
52.42236504854369,12.752165530120482,0.02232215992528648
52.42236504854369,12.752308144578313,0.022516322535774177
52.42236504854369,12.752450759036146,0.0227249861108963
52.42236504854369,12.752593373493976,0.022955505771042134
52.42236504854369,12.752735987951809,0.02320572667272438
52.42236504854369,12.75287860240964,0.02346859621545928
52.42236504854369,12.75302121686747,0.02374886743194244
52.42236504854369,12.753163831325303,0.024041584055207357
52.42236504854369,12.753306445783133,0.024358115091870046
52.42236504854369,12.753449060240964,0.024692911701117225
52.42236504854369,12.753591674698797,0.025032618703053733
52.42236504854369,12.753734289156627,0.025388847373513903
52.42236504854369,12.753876903614458,0.025764193972280407
52.42236504854369,12.75401951807229,0.0261477094894301
52.42236504854369,12.754162132530121,0.02654601651448031
52.42236504854369,12.754304746987952,0.026958238596648254
52.42236504854369,12.754447361445784,0.02738336317229749
52.42236504854369,12.754589975903615,0.027818462015003206
52.42236504854369,12.754732590361446,0.028264825486381782
52.42236504854369,12.754875204819278,0.02872005198177937
52.42236504854369,12.755017819277109,0.029188648876859555
52.42236504854369,12.75516043373494,0.029671320721771074
52.42236504854369,12.755303048192772,0.030157075269659134
52.42236504854369,12.755445662650603,0.03064624361295219
52.42236504854369,12.755588277108435,0.031148446367826484
52.42236504854369,12.755730891566266,0.031658818359201896
52.42236504854369,12.755873506024097,0.03217700977145896
52.42236504854369,12.75601612048193,0.032695468795353434
52.42236504854369,12.75615873493976,0.0332170670576112
52.42236504854369,12.75630134939759,0.03374899419163542
52.42236504854369,12.756443963855423,0.03427568018196237
52.42236504854369,12.756586578313254,0.034812335519432414
52.42236504854369,12.756729192771084,0.03535098270302923
52.42236504854369,12.756871807228917,0.03589019410596292
52.42236504854369,12.757014421686748,0.0364261323276578
52.42236504854369,12.757157036144578,0.03695961395921286
52.42236504854369,12.75729965060241,0.037489365805317865
52.42236504854369,12.757442265060241,0.03802258041094772
52.42236504854369,12.757584879518072,0.03854604964576498
52.42236504854369,12.757727493975905,0.03907196910048598
52.42236504854369,12.757870108433735,0.03958669802456908
52.42236504854369,12.758012722891566,0.04009745500027444
52.42236504854369,12.758155337349399,0.04060533311576675
52.42236504854369,12.75829795180723,0.04111207413624879
52.42236504854369,12.758440566265062,0.04160461708556483
52.42236504854369,12.758583180722892,0.04209211587261023
52.42236504854369,12.758725795180723,0.042567695755875726
52.42236504854369,12.758868409638556,0.043034147147683166
52.42236504854369,12.759011024096386,0.043492668694021366
52.42236504854369,12.759153638554217,0.043935802826022774
52.42236504854369,12.75929625301205,0.04436848356433012
52.42236504854369,12.75943886746988,0.04479865023641702
52.42236504854369,12.759581481927711,0.04521181047117778
52.42236504854369,12.759724096385543,0.04560439972895732
52.42236504854369,12.759866710843374,0.045990409014002503
52.42236504854369,12.760009325301205,0.04635442659671226
52.42236504854369,12.760151939759037,0.0467105220595696
52.42236504854369,12.760294554216868,0.047055744126533725
52.42236504854369,12.760437168674699,0.04737516674451389
52.42236504854369,12.760579783132531,0.04767844005285565
52.42236504854369,12.760722397590362,0.047966222499471675
52.42236504854369,12.760865012048193,0.048243206418841236
52.42236504854369,12.761007626506025,0.04849471923265569
52.42236504854369,12.761150240963856,0.04873309122406081
52.42236504854369,12.761292855421688,0.04895627946448687
52.42236504854369,12.761435469879519,0.04915437433421599
52.42236504854369,12.76157808433735,0.049331005130686126
52.42236504854369,12.761720698795182,0.04949158219738706
52.42236504854369,12.761863313253013,0.04963039314308758
52.42236504854369,12.762005927710844,0.04974888175223311
52.42236504854369,12.762148542168676,0.049848225080706285
52.42236504854369,12.762291156626507,0.049926089035920385
52.42236504854369,12.762433771084337,0.04998491141706174
52.42236504854369,12.76257638554217,0.05002380519314444
52.42236504854369,12.762719,0.0500377219405609
52.42245778640777,12.750882,0.021495926388963627
52.42245778640777,12.751024614457831,0.02150901093869928
52.42245778640777,12.751167228915664,0.02154984002345655
52.42245778640777,12.751309843373495,0.02160607408395325
52.42245778640777,12.751452457831325,0.021687528069684853
52.42245778640777,12.751595072289158,0.021791471873638932
52.42245778640777,12.751737686746988,0.021913069484531037
52.42245778640777,12.75188030120482,0.022044285456091398
52.42245778640777,12.752022915662652,0.022195263715525788
52.42245778640777,12.752165530120482,0.022371602586994326
52.42245778640777,12.752308144578313,0.02256527672265428
52.42245778640777,12.752450759036146,0.022773399504001417
52.42245778640777,12.752593373493976,0.023003327845523502
52.42245778640777,12.752735987951809,0.02325293889619881
52.42245778640777,12.75287860240964,0.023515135671736274
52.42245778640777,12.75302121686747,0.02379469349876121
52.42245778640777,12.753163831325303,0.024086659063904933
52.42245778640777,12.753306445783133,0.02440239897118425
52.42245778640777,12.753449060240964,0.02473637129798912
52.42245778640777,12.753591674698797,0.025075211450128025
52.42245778640777,12.753734289156627,0.025430527658229833
52.42245778640777,12.753876903614458,0.025804933874709116
52.42245778640777,12.75401951807229,0.026187464372462232
52.42245778640777,12.754162132530121,0.026584754724868015
52.42245778640777,12.754304746987952,0.026995929548753603
52.42245778640777,12.754447361445784,0.027419984051637314
52.42245778640777,12.754589975903615,0.02785396970904919
52.42245778640777,12.754732590361446,0.02829919775459133
52.42245778640777,12.754875204819278,0.028753260749495104
52.42245778640777,12.755017819277109,0.029220680273523036
52.42245778640777,12.75516043373494,0.029702144308424834
52.42245778640777,12.755303048192772,0.030186681632300157
52.42245778640777,12.755445662650603,0.030674598214931195
52.42245778640777,12.755588277108435,0.03117553363058099
52.42245778640777,12.755730891566266,0.03168463871895897
52.42245778640777,12.755873506024097,0.032201539898405136
52.42245778640777,12.75601612048193,0.03271869903378511
52.42245778640777,12.75615873493976,0.033238989111400746
52.42245778640777,12.75630134939759,0.033769603542004034
52.42245778640777,12.756443963855423,0.03429495732284916
52.42245778640777,12.756586578313254,0.03483028198172766
52.42245778640777,12.756729192771084,0.035367592165969304
52.42245778640777,12.756871807228917,0.035905470288829525
52.42245778640777,12.757014421686748,0.03644007480000698
52.42245778640777,12.757157036144578,0.0369722195658526
52.42245778640777,12.75729965060241,0.037500640513467465
52.42245778640777,12.757442265060241,0.03803253850985927
52.42245778640777,12.757584879518072,0.03855469958508952
52.42245778640777,12.757727493975905,0.03907931737380635
52.42245778640777,12.757870108433735,0.03959275432353959
52.42245778640777,12.758012722891566,0.040102231937020394
52.42245778640777,12.758155337349399,0.040608850205194925
52.42245778640777,12.75829795180723,0.04111436218952383
52.42245778640777,12.758440566265062,0.04160567522939281
52.42245778640777,12.758583180722892,0.042091974704832974
52.42245778640777,12.758725795180723,0.042566374631149075
52.42245778640777,12.758868409638556,0.04303167239291111
52.42245778640777,12.759011024096386,0.0434890619647571
52.42245778640777,12.759153638554217,0.04393109419276036
52.42245778640777,12.75929625301205,0.04436269734228064
52.42245778640777,12.75943886746988,0.04479182260415994
52.42245778640777,12.759581481927711,0.04520396618025892
52.42245778640777,12.759724096385543,0.045595570787011645
52.42245778640777,12.759866710843374,0.04598063603987504
52.42245778640777,12.760009325301205,0.04634374961229265
52.42245778640777,12.760151939759037,0.046698985681925466
52.42245778640777,12.760294554216868,0.04704338952558279
52.42245778640777,12.760437168674699,0.04736201591037603
52.42245778640777,12.760579783132531,0.04766454501648766
52.42245778640777,12.760722397590362,0.047951621648359116
52.42245778640777,12.760865012048193,0.04822793714037619
52.42245778640777,12.761007626506025,0.04847882290095479
52.42245778640777,12.761150240963856,0.04871661917407599
52.42245778640777,12.761292855421688,0.04893927281608985
52.42245778640777,12.761435469879519,0.0491368752131366
52.42245778640777,12.76157808433735,0.049313058288967676
52.42245778640777,12.761720698795182,0.04947324519416705
52.42245778640777,12.761863313253013,0.049611712519391074
52.42245778640777,12.762005927710844,0.04972989852059709
52.42245778640777,12.762148542168676,0.04982899651014846
52.42245778640777,12.762291156626507,0.04990665534303467
52.42245778640777,12.762433771084337,0.04996531884445219
52.42245778640777,12.76257638554217,0.0500041107953027
52.42245778640777,12.762719,0.05001797527546335
52.42255052427185,12.750882,0.021525133334151302
52.42255052427185,12.751024614457831,0.021538178118414377
52.42255052427185,12.751167228915664,0.021578933894699254
52.42255052427185,12.751309843373495,0.021635050519356228
52.42255052427185,12.751452457831325,0.021716355388343118
52.42255052427185,12.751595072289158,0.021820118142528044
52.42255052427185,12.751737686746988,0.021941505348521143
52.42255052427185,12.75188030120482,0.02207246611580984
52.42255052427185,12.752022915662652,0.02222315711531867
52.42255052427185,12.752165530120482,0.022399176389704782
52.42255052427185,12.752308144578313,0.02259249391992438
52.42255052427185,12.752450759036146,0.022800221406842375
52.42255052427185,12.752593373493976,0.02302971762590339
52.42255052427185,12.752735987951809,0.023278883737178468
52.42255052427185,12.75287860240964,0.02354058901767664
52.42255052427185,12.75302121686747,0.023819625935815457
52.42255052427185,12.753163831325303,0.024111042973826564
52.42255052427185,12.753306445783133,0.024426205216330057
52.42255052427185,12.753449060240964,0.024759575890254792
52.42255052427185,12.753591674698797,0.02509778343194287
52.42255052427185,12.753734289156627,0.025452433603205392
52.42255052427185,12.753876903614458,0.025826153528800168
52.42255052427185,12.75401951807229,0.02620796501428737
52.42255052427185,12.754162132530121,0.026604513237178443
52.42255052427185,12.754304746987952,0.027014923910974115
52.42255052427185,12.754447361445784,0.027438197788007462
52.42255052427185,12.754589975903615,0.027871370962383152
52.42255052427185,12.754732590361446,0.02831577056333997
52.42255052427185,12.754875204819278,0.028768984501530967
52.42255052427185,12.755017819277109,0.02923554514739588
52.42255052427185,12.75516043373494,0.029716128095513647
52.42255052427185,12.755303048192772,0.0301997773219016
52.42255052427185,12.755445662650603,0.030686780422442626
52.42255052427185,12.755588277108435,0.031186791283271252
52.42255052427185,12.755730891566266,0.031694972601058066
52.42255052427185,12.755873506024097,0.03221093295690307
52.42255052427185,12.75601612048193,0.032727144385635884
52.42255052427185,12.75615873493976,0.03324648069950481
52.42255052427185,12.75630134939759,0.03377613817430718
52.42255052427185,12.756443963855423,0.034300520649300406
52.42255052427185,12.756586578313254,0.03483487556674064
52.42255052427185,12.756729192771084,0.03537121119484761
52.42255052427185,12.756871807228917,0.03590811748460562
52.42255052427185,12.757014421686748,0.03644175016175139
52.42255052427185,12.757157036144578,0.03697292052820424
52.42255052427185,12.75729965060241,0.03750037176660756
52.42255052427185,12.757442265060241,0.03803131054734082
52.42255052427185,12.757584879518072,0.03855251861691142
52.42255052427185,12.757727493975905,0.039076187849464636
52.42255052427185,12.757870108433735,0.039588683361949935
52.42255052427185,12.758012722891566,0.040097229015154064
52.42255052427185,12.758155337349399,0.04060292946257299
52.42255052427185,12.75829795180723,0.041107546725183755
52.42255052427185,12.758440566265062,0.0415979640295768
52.42255052427185,12.758583180722892,0.042083389812806966
52.42255052427185,12.758725795180723,0.042556930408922895
52.42255052427185,12.758868409638556,0.04302138821157127
52.42255052427185,12.759011024096386,0.04347795372085196
52.42255052427185,12.759153638554217,0.04391918398183433
52.42255052427185,12.75929625301205,0.04435000232753982
52.42255052427185,12.75943886746988,0.04477836971492325
52.42255052427185,12.759581481927711,0.045189772832800575
52.42255052427185,12.759724096385543,0.045580660663122705
52.42255052427185,12.759866710843374,0.04596503910761457
52.42255052427185,12.760009325301205,0.04632749490620151
52.42255052427185,12.760151939759037,0.04668210575714631
52.42255052427185,12.760294554216868,0.04702591464806292
52.42255052427185,12.760437168674699,0.047343961648919006
52.42255052427185,12.760579783132531,0.047645949317030804
52.42255052427185,12.760722397590362,0.04793251276030198
52.42255052427185,12.760865012048193,0.04820834200520208
52.42255052427185,12.761007626506025,0.0484587714088186
52.42255052427185,12.761150240963856,0.048696148901582144
52.42255052427185,12.761292855421688,0.048918413787894424
52.42255052427185,12.761435469879519,0.04911565755012169
52.42255052427185,12.76157808433735,0.04929151470341212
52.42255052427185,12.761720698795182,0.049451418008677
52.42255052427185,12.761863313253013,0.04958963547261115
52.42255052427185,12.762005927710844,0.049707601323586675
52.42255052427185,12.762148542168676,0.04980652108089219
52.42255052427185,12.762291156626507,0.04988403047947355
52.42255052427185,12.762433771084337,0.04994257838947049
52.42255052427185,12.76257638554217,0.04998129630770156
52.42255052427185,12.762719,0.04999512278773692
52.42264326213592,12.750882,0.02155336450333852
52.42264326213592,12.751024614457831,0.021566386162372067
52.42264326213592,12.751167228915664,0.021607100302819697
52.42264326213592,12.751309843373495,0.0216631495539438
52.42264326213592,12.751452457831325,0.021744369611985247
52.42264326213592,12.751595072289158,0.02184802972312482
52.42264326213592,12.751737686746988,0.021969298353654448
52.42264326213592,12.75188030120482,0.022100113928121213
52.42264326213592,12.752022915662652,0.022250642020415233
52.42264326213592,12.752165530120482,0.02242648020450571
52.42264326213592,12.752308144578313,0.022619595608591638
52.42264326213592,12.752450759036146,0.022827098582758283
52.42264326213592,12.752593373493976,0.023056348939475793
52.42264326213592,12.752735987951809,0.023305263725397863
52.42264326213592,12.75287860240964,0.023566690009745914
52.42264326213592,12.75302121686747,0.023845431149858244
52.42264326213592,12.753163831325303,0.024136537339074015
52.42264326213592,12.753306445783133,0.02445137211193526
52.42264326213592,12.753449060240964,0.024784402327901054
52.42264326213592,12.753591674698797,0.02512225136848094
52.42264326213592,12.753734289156627,0.0254765237827557
52.42264326213592,12.753876903614458,0.025849854780942438
52.42264326213592,12.75401951807229,0.026231258090728335
52.42264326213592,12.754162132530121,0.02662738519977202
52.42264326213592,12.754304746987952,0.02703736214163303
52.42264326213592,12.754447361445784,0.02746019328706465
52.42264326213592,12.754589975903615,0.027892904690974
52.42264326213592,12.754732590361446,0.02833683404971127
52.42264326213592,12.754875204819278,0.028789565988046745
52.42264326213592,12.755017819277109,0.029255639559299294
52.42264326213592,12.75516043373494,0.02973572239353382
52.42264326213592,12.755303048192772,0.030218868407741094
52.42264326213592,12.755445662650603,0.030705352620191678
52.42264326213592,12.755588277108435,0.03120483828099519
52.42264326213592,12.755730891566266,0.03171249612705734
52.42264326213592,12.755873506024097,0.03222792258386347
52.42264326213592,12.75601612048193,0.03274359633101594
52.42264326213592,12.75615873493976,0.033262391649977636
52.42264326213592,12.75630134939759,0.03379150636656768
52.42264326213592,12.756443963855423,0.03431533702463842
52.42264326213592,12.756586578313254,0.03484914131210762
52.42264326213592,12.756729192771084,0.03538492341175492
52.42264326213592,12.756871807228917,0.03592127838099437
52.42264326213592,12.757014421686748,0.03645435907608955
52.42264326213592,12.757157036144578,0.036984975728744963
52.42264326213592,12.75729965060241,0.03751187620595184
52.42264326213592,12.757442265060241,0.03804227048655806
52.42264326213592,12.757584879518072,0.03856293760297451
52.42264326213592,12.757727493975905,0.0390860682903519
52.42264326213592,12.757870108433735,0.039598029196415724
52.42264326213592,12.758012722891566,0.04010604510105117
52.42264326213592,12.758155337349399,0.04061122436780193
52.42264326213592,12.75829795180723,0.04111533431655631
52.42264326213592,12.758440566265062,0.04160524214251283
52.42264326213592,12.758583180722892,0.04209017203229703
52.42264326213592,12.758725795180723,0.04256322471426045
52.42264326213592,12.758868409638556,0.0430272053440731
52.42264326213592,12.759011024096386,0.04348330245550312
52.42264326213592,12.759153638554217,0.04392407706456586
52.42264326213592,12.75929625301205,0.04435444915333649
52.42264326213592,12.75943886746988,0.04478238592918195
52.42264326213592,12.759581481927711,0.045193368051640356
52.42264326213592,12.759724096385543,0.04558384809310857
52.42264326213592,12.759866710843374,0.04596783608898232
52.42264326213592,12.760009325301205,0.04632991827067739
52.42264326213592,12.760151939759037,0.04668417457590549
52.42264326213592,12.760294554216868,0.047027646460676954
52.42264326213592,12.760437168674699,0.04734536387101391
52.42264326213592,12.760579783132531,0.04764704433737222
52.42264326213592,12.760722397590362,0.0479333162757798
52.42264326213592,12.760865012048193,0.0482088690312938
52.42264326213592,12.761007626506025,0.04845903883522217
52.42264326213592,12.761150240963856,0.048696178568487195
52.42264326213592,12.761292855421688,0.04891822245084773
52.42264326213592,12.761435469879519,0.0491152619178849
52.42264326213592,12.76157808433735,0.049290933397458936
52.42264326213592,12.761720698795182,0.04945067579085288
52.42264326213592,12.761863313253013,0.04958875117177257
52.42264326213592,12.762005927710844,0.049706591361481714
52.42264326213592,12.762148542168676,0.049805410063536185
52.42264326213592,12.762291156626507,0.049882834060194406
52.42264326213592,12.762433771084337,0.04994131574181134
52.42264326213592,12.76257638554217,0.04997999142744268
52.42264326213592,12.762719,0.04999379626338972
52.422736,12.750882,0.02156648647479887
52.422736,12.751024614457831,0.021579493390148745
52.422736,12.751167228915664,0.021620180161216022
52.422736,12.751309843373495,0.021676185977420395
52.422736,12.751452457831325,0.02175735061148644
52.422736,12.751595072289158,0.021860943363098392
52.422736,12.751737686746988,0.021982133279287254
52.422736,12.75188030120482,0.02211285379635078
52.422736,12.752022915662652,0.022263274804992194
52.422736,12.752165530120482,0.022438993544218515
52.422736,12.752308144578313,0.02263197629588065
52.422736,12.752450759036146,0.02283933266216922
52.422736,12.752593373493976,0.023068422095862892
52.422736,12.752735987951809,0.023317170661338513
52.422736,12.75287860240964,0.02357841423798187
52.422736,12.75302121686747,0.023856961336907054
52.422736,12.753163831325303,0.02414786277155577
52.422736,12.753306445783133,0.02446248217963287
52.422736,12.753449060240964,0.024795287993246026
52.422736,12.753591674698797,0.025132901127849078
52.422736,12.753734289156627,0.02548692524450428
52.422736,12.753876903614458,0.02586000028480726
52.422736,12.75401951807229,0.02624113575308217
52.422736,12.754162132530121,0.02663698629288117
52.422736,12.754304746987952,0.027046678235586038
52.422736,12.754447361445784,0.027469217863670438
52.422736,12.754589975903615,0.02790162637075101
52.422736,12.754732590361446,0.02834524686620523
52.422736,12.754875204819278,0.028797662318588713
52.422736,12.755017819277109,0.02926341533429755
52.422736,12.75516043373494,0.02974316968844268
52.422736,12.755303048192772,0.030225984328557914
52.422736,12.755445662650603,0.030712128077071396
52.422736,12.755588277108435,0.03121126894276522
52.422736,12.755730891566266,0.03171858194220154
52.422736,12.755873506024097,0.03223365734111726
52.422736,12.75601612048193,0.03274897714983077
52.422736,12.75615873493976,0.033267416000596337
52.422736,12.75630134939759,0.03379617315729705
52.422736,12.756443963855423,0.0343196413466779
52.422736,12.756586578313254,0.0348530832455454
52.422736,12.756729192771084,0.03538850139331202
52.422736,12.756871807228917,0.035924493402117105
52.422736,12.757014421686748,0.03645721101161867
52.422736,12.757157036144578,0.036987463819388354
52.422736,12.75729965060241,0.037514002038596034
52.422736,12.757442265060241,0.03804403774574224
52.422736,12.757584879518072,0.03856434873121075
52.422736,12.757727493975905,0.0390871251279621
52.422736,12.757870108433735,0.03959873427184979
52.422736,12.758012722891566,0.040106402116362905
52.422736,12.758155337349399,0.04061123844180743
52.422736,12.75829795180723,0.04111501348237585
52.422736,12.758440566265062,0.04160458664486493
52.422736,12.758583180722892,0.04208919013825283
52.422736,12.758725795180723,0.04256192163184494
52.422736,12.758868409638556,0.04302558796693767
52.422736,12.759011024096386,0.043481376771604
52.422736,12.759153638554217,0.04392185120956452
52.422736,12.75929625301205,0.044351929912197705
52.422736,12.75943886746988,0.0447795832323865
52.422736,12.759581481927711,0.045190288467138184
52.422736,12.759724096385543,0.04558050033237395
52.422736,12.759866710843374,0.045964231266240586
52.422736,12.760009325301205,0.04632606725383786
52.422736,12.760151939759037,0.046680089219658744
52.422736,12.760294554216868,0.04702333787917809
52.422736,12.760437168674699,0.04734083852680249
52.422736,12.760579783132531,0.04764231603720713
52.422736,12.760722397590362,0.047928395759019034
52.422736,12.760865012048193,0.048203766550687116
52.422736,12.761007626506025,0.04845376580689331
52.422736,12.761150240963856,0.04869074870910675
52.422736,12.761292855421688,0.04891264713342799
52.422736,12.761435469879519,0.04910955260162847
52.422736,12.76157808433735,0.04928510229996081
52.422736,12.761720698795182,0.049444738219303015
52.422736,12.761863313253013,0.049582720071939035
52.422736,12.762005927710844,0.04970047793182296
52.422736,12.762148542168676,0.049799229537035083
52.422736,12.762291156626507,0.049876597789835025
52.422736,12.762433771084337,0.04993503678889936
52.422736,12.76257638554217,0.04997368502094579
52.422736,12.762719,0.04998747554790311
