latitude,longitude,value
52.413184,12.750882,0.14660930083727425
52.413184,12.751024614457831,0.14659607260113566
52.413184,12.751167228915664,0.14655932191239301
52.413184,12.751309843373495,0.14651132772868117
52.413184,12.751452457831325,0.14644788527896263
52.413184,12.751595072289158,0.14636771651874794
52.413184,12.751737686746988,0.14627540891701427
52.413184,12.75188030120482,0.14616146362238833
52.413184,12.752022915662652,0.14602719831902763
52.413184,12.752165530120482,0.14588460318115032
52.413184,12.752308144578313,0.14572390122276432
52.413184,12.752450759036146,0.14555048193146386
52.413184,12.752593373493976,0.14536292222451724
52.413184,12.752735987951809,0.14516142495622922
52.413184,12.75287860240964,0.14493823396812197
52.413184,12.75302121686747,0.14470774005488396
52.413184,12.753163831325303,0.14446385145220056
52.413184,12.753306445783133,0.14420187432111203
52.413184,12.753449060240964,0.14393256910976712
52.413184,12.753591674698797,0.14364732114560202
52.413184,12.753734289156627,0.14335262982130428
52.413184,12.753876903614458,0.14304078753723978
52.413184,12.75401951807229,0.14271776637756142
52.413184,12.754162132530121,0.14238477734834837
52.413184,12.754304746987952,0.14204683527786027
52.413184,12.754447361445784,0.14168611805690717
52.413184,12.754589975903615,0.14132006166062983
52.413184,12.754732590361446,0.1409430459450235
52.413184,12.754875204819278,0.1405610343805146
52.413184,12.755017819277109,0.14017310687064674
52.413184,12.75516043373494,0.1397750956576188
52.413184,12.755303048192772,0.13936738218799413
52.413184,12.755445662650603,0.138955021088134
52.413184,12.755588277108435,0.13853104490404342
52.413184,12.755730891566266,0.13810268563972922
52.413184,12.755873506024097,0.13766921904026397
52.413184,12.75601612048193,0.1372334016606286
52.413184,12.75615873493976,0.13679555942810365
52.413184,12.75630134939759,0.13634558188757673
52.413184,12.756443963855423,0.1358898947412849
52.413184,12.756586578313254,0.1354368408197067
52.413184,12.756729192771084,0.13498950186288017
52.413184,12.756871807228917,0.13453563624286075
52.413184,12.757014421686748,0.13408126617245744
52.413184,12.757157036144578,0.13363291594248863
52.413184,12.75729965060241,0.1331846513790368
52.413184,12.757442265060241,0.13273481221409314
52.413184,12.757584879518072,0.13228952291011983
52.413184,12.757727493975905,0.1318437723105226
52.413184,12.757870108433735,0.13140270646260194
52.413184,12.758012722891566,0.13096445549123373
52.413184,12.758155337349399,0.1305339389165523
52.413184,12.75829795180723,0.1301121786736532
52.413184,12.758440566265062,0.12968832083870208
52.413184,12.758583180722892,0.12927429760918605
52.413184,12.758725795180723,0.12886569420659447
52.413184,12.758868409638556,0.1284665891447565
52.413184,12.759011024096386,0.12806919679068107
52.413184,12.759153638554217,0.12768408653693789
52.413184,12.75929625301205,0.1273173848276564
52.413184,12.75943886746988,0.1269603247914215
52.413184,12.759581481927711,0.12660985900539928
52.413184,12.759724096385543,0.12627220261155012
52.413184,12.759866710843374,0.12594018782081107
52.413184,12.760009325301205,0.12562353768088358
52.413184,12.760151939759037,0.12532067384135964
52.413184,12.760294554216868,0.12503129550962266
52.413184,12.760437168674699,0.12475392955723996
52.413184,12.760579783132531,0.1244894708345417
52.413184,12.760722397590362,0.12423777136309397
52.413184,12.760865012048193,0.1239993267667762
52.413184,12.761007626506025,0.12377514502895631
52.413184,12.761150240963856,0.12356740203934906
52.413184,12.761292855421688,0.12338018397176566
52.413184,12.761435469879519,0.12320846968447945
52.413184,12.76157808433735,0.12305181477622594
52.413184,12.761720698795182,0.12291599992531363
52.413184,12.761863313253013,0.12279551117020186
52.413184,12.762005927710844,0.12268616400015726
52.413184,12.762148542168676,0.12260354681832528
52.413184,12.762291156626507,0.12253429757804196
52.413184,12.762433771084337,0.12248326813864657
52.413184,12.76257638554217,0.12244681677066663
52.413184,12.762719,0.12242774058326615
52.41327673786408,12.750882,0.14658245678451476
52.41327673786408,12.751024614457831,0.14656920184050212
52.41327673786408,12.751167228915664,0.14653239992373904
52.41327673786408,12.751309843373495,0.14648432599742564
52.41327673786408,12.751452457831325,0.14642077527566372
52.41327673786408,12.751595072289158,0.14634047305455058
52.41327673786408,12.751737686746988,0.1462480037628005
52.41327673786408,12.75188030120482,0.14613387343440098
52.41327673786408,12.752022915662652,0.14599939748447044
52.41327673786408,12.752165530120482,0.1458565637140872
52.41327673786408,12.752308144578313,0.1456956013144167
52.41327673786408,12.752450759036146,0.14552189171268437
52.41327673786408,12.752593373493976,0.14533402036341397
52.41327673786408,12.752735987951809,0.145132187400345
52.41327673786408,12.75287860240964,0.144908636192647
52.41327673786408,12.75302121686747,0.14467775947069103
52.41327673786408,12.753163831325303,0.14443346874457327
52.41327673786408,12.753306445783133,0.14417106750286898
52.41327673786408,12.753449060240964,0.14390131356672334
52.41327673786408,12.753591674698797,0.14361559651082895
52.41327673786408,12.753734289156627,0.14332041604913193
52.41327673786408,12.753876903614458,0.14300806564110335
52.41327673786408,12.75401951807229,0.14268452074225466
52.41327673786408,12.754162132530121,0.14235099005544385
52.41327673786408,12.754304746987952,0.14201248750117362
52.41327673786408,12.754447361445784,0.14165119775112867
52.41327673786408,12.754589975903615,0.14128454938351978
52.41327673786408,12.754732590361446,0.1409069303759315
52.41327673786408,12.754875204819278,0.14052429829376745
52.41327673786408,12.755017819277109,0.14013573708554788
52.41327673786408,12.75516043373494,0.1397370816355717
52.41327673786408,12.755303048192772,0.13932871315943415
52.41327673786408,12.755445662650603,0.13891568715160937
52.41327673786408,12.755588277108435,0.13849103972961124
52.41327673786408,12.755730891566266,0.13806199809865374
52.41327673786408,12.755873506024097,0.13762784236953557
52.41327673786408,12.75601612048193,0.137191329103817
52.41327673786408,12.75615873493976,0.13675278556477463
52.41327673786408,12.75630134939759,0.1363021041280444
52.41327673786408,12.756443963855423,0.13584570929604442
52.41327673786408,12.756586578313254,0.1353919453836537
52.41327673786408,12.756729192771084,0.1349438947331996
52.41327673786408,12.756871807228917,0.1344893160795083
52.41327673786408,12.757014421686748,0.1340342349907754
52.41327673786408,12.757157036144578,0.13358517362935243
52.41327673786408,12.75729965060241,0.13313620140138208
52.41327673786408,12.757442265060241,0.13268565800895157
52.41327673786408,12.757584879518072,0.13223966842277993
52.41327673786408,12.757727493975905,0.131793223507158
52.41327673786408,12.757870108433735,0.13135147202156763
52.41327673786408,12.758012722891566,0.13091254064286503
52.41327673786408,12.758155337349399,0.13048135162021765
52.41327673786408,12.75829795180723,0.1300589295554929
52.41327673786408,12.758440566265062,0.129634420320599
52.41327673786408,12.758583180722892,0.1292197571755252
52.41327673786408,12.758725795180723,0.12881052707263385
52.41327673786408,12.758868409638556,0.12841080645811692
52.41327673786408,12.759011024096386,0.12801281476152684
52.41327673786408,12.759153638554217,0.12762711926760154
52.41327673786408,12.75929625301205,0.12725984500376414
52.41327673786408,12.75943886746988,0.126902229903362
52.41327673786408,12.759581481927711,0.12655122458087958
52.41327673786408,12.759724096385543,0.1262130499502473
52.41327673786408,12.759866710843374,0.12588053562987003
52.41327673786408,12.760009325301205,0.12556340465295338
52.41327673786408,12.760151939759037,0.12526007951936094
52.41327673786408,12.760294554216868,0.12497025913253283
52.41327673786408,12.760437168674699,0.12469247328618027
52.41327673786408,12.760579783132531,0.12442761583994313
52.41327673786408,12.760722397590362,0.12417554045368585
52.41327673786408,12.760865012048193,0.12393674398503714
52.41327673786408,12.761007626506025,0.1237122322332235
52.41327673786408,12.761150240963856,0.12350418290352602
52.41327673786408,12.761292855421688,0.1233166822354378
52.41327673786408,12.761435469879519,0.12314470916924
52.41327673786408,12.76157808433735,0.12298781899879996
52.41327673786408,12.761720698795182,0.12285179938344437
52.41327673786408,12.761863313253013,0.12273112733371087
52.41327673786408,12.762005927710844,0.12262162496334039
52.41327673786408,12.762148542168676,0.12253887707941685
52.41327673786408,12.762291156626507,0.12246952326904992
52.41327673786408,12.762433771084337,0.122418414131679
52.41327673786408,12.76257638554217,0.12238190719541515
52.41327673786408,12.762719,0.1223628036110698
52.41336947572815,12.750882,0.14654600844830973
52.41336947572815,12.751024614457831,0.1465326975895198
52.41336947572815,12.751167228915664,0.14649578830393623
52.41336947572815,12.751309843373495,0.1464475480080659
52.41336947572815,12.751452457831325,0.14638377193386368
52.41336947572815,12.751595072289158,0.14630319139960743
52.41336947572815,12.751737686746988,0.1462103848010395
52.41336947572815,12.75188030120482,0.1460958674660527
52.41336947572815,12.752022915662652,0.145960951016255
52.41336947572815,12.752165530120482,0.14581761894334017
52.41336947572815,12.752308144578313,0.1456561124702711
52.41336947572815,12.752450759036146,0.14548179688203428
52.41336947572815,12.752593373493976,0.14529327448017895
52.41336947572815,12.752735987951809,0.1450907415061794
52.41336947572815,12.75287860240964,0.1448664379478791
52.41336947572815,12.75302121686747,0.14463476181326546
52.41336947572815,12.753163831325303,0.1443896310360274
52.41336947572815,12.753306445783133,0.1441263438427782
52.41336947572815,12.753449060240964,0.1438556528013224
52.41336947572815,12.753591674698797,0.1435689559928093
52.41336947572815,12.753734289156627,0.14327275391125588
52.41336947572815,12.753876903614458,0.14295934260313506
52.41336947572815,12.75401951807229,0.14263470323762759
52.41336947572815,12.754162132530121,0.1423000408077462
52.41336947572815,12.754304746987952,0.1419603673823988
52.41336947572815,12.754447361445784,0.14159788167067042
52.41336947572815,12.754589975903615,0.14122999660128538
52.41336947572815,12.754732590361446,0.1408511169838022
52.41336947572815,12.754875204819278,0.14046718890091578
52.41336947572815,12.755017819277109,0.14007730432061696
52.41336947572815,12.75516043373494,0.13967730314296387
52.41336947572815,12.755303048192772,0.13926756607081667
52.41336947572815,12.755445662650603,0.13885315074432675
52.41336947572815,12.755588277108435,0.13842710051448642
52.41336947572815,12.755730891566266,0.13799663298748976
52.41336947572815,12.755873506024097,0.13756103755997784
52.41336947572815,12.75601612048193,0.13712307058744697
52.41336947572815,12.75615873493976,0.13668306154858353
52.41336947572815,12.75630134939759,0.13623090950674743
52.41336947572815,12.756443963855423,0.13577303536632612
52.41336947572815,12.756586578313254,0.13531778810793016
52.41336947572815,12.756729192771084,0.13486825036255665
52.41336947572815,12.756871807228917,0.13441218182124015
52.41336947572815,12.757014421686748,0.13395561453003985
52.41336947572815,12.757157036144578,0.13350506693553188
52.41336947572815,12.75729965060241,0.1330546159084947
52.41336947572815,12.757442265060241,0.13260260050618278
52.41336947572815,12.757584879518072,0.13215514735544848
52.41336947572815,12.757727493975905,0.1317072517047316
52.41336947572815,12.757870108433735,0.13126406716741237
52.41336947572815,12.758012722891566,0.13082371343016652
52.41336947572815,12.758155337349399,0.13039111916297333
52.41336947572815,12.75829795180723,0.12996731428022326
52.41336947572815,12.758440566265062,0.12954144320791414
52.41336947572815,12.758583180722892,0.12912544231569015
52.41336947572815,12.758725795180723,0.12871490264179858
52.41336947572815,12.758868409638556,0.12831389555033385
52.41336947572815,12.759011024096386,0.12791465030546212
52.41336947572815,12.759153638554217,0.1275277314055147
52.41336947572815,12.75929625301205,0.12715926046340684
52.41336947572815,12.75943886746988,0.1268004849040138
52.41336947572815,12.759581481927711,0.1264483522491797
52.41336947572815,12.759724096385543,0.12610909422813882
52.41336947572815,12.759866710843374,0.12577553535191738
52.41336947572815,12.760009325301205,0.12545739841732378
52.41336947572815,12.760151939759037,0.12515310893728054
52.41336947572815,12.760294554216868,0.12486236399945863
52.41336947572815,12.760437168674699,0.12458370021965595
52.41336947572815,12.760579783132531,0.12431800907902718
52.41336947572815,12.760722397590362,0.12406514722124196
52.41336947572815,12.760865012048193,0.12382561482547416
52.41336947572815,12.761007626506025,0.12360041347409975
52.41336947572815,12.761150240963856,0.12339172408846821
52.41336947572815,12.761292855421688,0.1232036327568278
52.41336947572815,12.761435469879519,0.12303111890398208
52.41336947572815,12.76157808433735,0.12287373713191971
52.41336947572815,12.761720698795182,0.12273728863562625
52.41336947572815,12.761863313253013,0.12261623350758691
52.41336947572815,12.762005927710844,0.12250640578677881
52.41336947572815,12.762148542168676,0.12242338463255047
52.41336947572815,12.762291156626507,0.12235381210401829
52.41336947572815,12.762433771084337,0.12230253617217084
52.41336947572815,12.76257638554217,0.12226591343925643
52.41336947572815,12.762719,0.1222467523610062
52.41346221359223,12.750882,0.14647764935626587
52.41346221359223,12.751024614457831,0.14646425598798346
52.41346221359223,12.751167228915664,0.14642718856083456
52.41346221359223,12.751309843373495,0.14637870316468862
52.41346221359223,12.751452457831325,0.14631459461809637
52.41346221359223,12.751595072289158,0.14623360403791422
52.41346221359223,12.751737686746988,0.14614030092097136
52.41346221359223,12.75188030120482,0.14602521377236222
52.41346221359223,12.752022915662652,0.14588964852526148
52.41346221359223,12.752165530120482,0.14574558228346174
52.41346221359223,12.752308144578313,0.14558327464657694
52.41346221359223,12.752450759036146,0.14540806647631896
52.41346221359223,12.752593373493976,0.14521858538458812
52.41346221359223,12.752735987951809,0.145015021032847
52.41346221359223,12.75287860240964,0.14478960984709133
52.41346221359223,12.75302121686747,0.1445567560206331
52.41346221359223,12.753163831325303,0.14431038802419185
52.41346221359223,12.753306445783133,0.14404579614592378
52.41346221359223,12.753449060240964,0.14377372491451632
52.41346221359223,12.753591674698797,0.1434855852761177
52.41346221359223,12.753734289156627,0.14318787873649735
52.41346221359223,12.753876903614458,0.14287290513384135
52.41346221359223,12.75401951807229,0.14254665446235965
52.41346221359223,12.754162132530121,0.142210325788766
52.41346221359223,12.754304746987952,0.1418689285479036
52.41346221359223,12.754447361445784,0.14150468197687271
52.41346221359223,12.754589975903615,0.1411349758347368
52.41346221359223,12.754732590361446,0.1407542401634478
52.41346221359223,12.754875204819278,0.14036840353496588
52.41346221359223,12.755017819277109,0.13997657031165833
52.41346221359223,12.75516043373494,0.13957458762648464
52.41346221359223,12.755303048192772,0.13916283538088808
52.41346221359223,12.755445662650603,0.13874637463453135
52.41346221359223,12.755588277108435,0.1383182592510785
52.41346221359223,12.755730891566266,0.13788569223352443
52.41346221359223,12.755873506024097,0.13744797694846897
52.41346221359223,12.75601612048193,0.13700786963950948
52.41346221359223,12.75615873493976,0.13656570300191978
52.41346221359223,12.75630134939759,0.13611138609569481
52.41346221359223,12.756443963855423,0.13565133445956196
52.41346221359223,12.756586578313254,0.13519390369408493
52.41346221359223,12.756729192771084,0.1347421767930687
52.41346221359223,12.756871807228917,0.13428391495377617
52.41346221359223,12.757014421686748,0.13382515993095656
52.41346221359223,12.757157036144578,0.13337242482877762
52.41346221359223,12.75729965060241,0.13291979696286532
52.41346221359223,12.757442265060241,0.1324656150656295
52.41346221359223,12.757584879518072,0.13201600740855457
52.41346221359223,12.757727493975905,0.13156597618391683
52.41346221359223,12.757870108433735,0.1311206829216364
52.41346221359223,12.758012722891566,0.13067823570009615
52.41346221359223,12.758155337349399,0.13024357308508416
52.41346221359223,12.75829795180723,0.1298177323710277
52.41346221359223,12.758440566265062,0.12938985712522086
52.41346221359223,12.758583180722892,0.12897188794418016
52.41346221359223,12.758725795180723,0.12855942094081665
52.41346221359223,12.758868409638556,0.12815652062143454
52.41346221359223,12.759011024096386,0.127755430633333
52.41346221359223,12.759153638554217,0.12736671134268868
52.41346221359223,12.75929625301205,0.12699647985694548
52.41346221359223,12.75943886746988,0.12663599615073948
52.41346221359223,12.759581481927711,0.12628220395449777
52.41346221359223,12.759724096385543,0.12594135166986314
52.41346221359223,12.759866710843374,0.12560625602765496
52.41346221359223,12.760009325301205,0.12528663925490677
52.41346221359223,12.760151939759037,0.12498093107801837
52.41346221359223,12.760294554216868,0.12468882592896997
52.41346221359223,12.760437168674699,0.1244088705861946
52.41346221359223,12.760579783132531,0.12414195237861043
52.41346221359223,12.760722397590362,0.12388793327765397
52.41346221359223,12.760865012048193,0.12364731794041683
52.41346221359223,12.761007626506025,0.12342110182982999
52.41346221359223,12.761150240963856,0.12321147047878464
52.41346221359223,12.761292855421688,0.12302250983948904
52.41346221359223,12.761435469879519,0.1228492006080706
52.41346221359223,12.76157808433735,0.12269109513441444
52.41346221359223,12.761720698795182,0.12255401584227053
52.41346221359223,12.761863313253013,0.12243239690172597
52.41346221359223,12.762005927710844,0.12232209060838004
52.41346221359223,12.762148542168676,0.12223866744753
52.41346221359223,12.762291156626507,0.12216877350289344
52.41346221359223,12.762433771084337,0.12211725251645571
52.41346221359223,12.76257638554217,0.12208045937026174
52.41346221359223,12.762719,0.12206121377603028
52.41355495145631,12.750882,0.14639812696362184
52.41355495145631,12.751024614457831,0.1463846229112432
52.41355495145631,12.751167228915664,0.14634734365174823
52.41355495145631,12.751309843373495,0.14629852977622163
52.41355495145631,12.751452457831325,0.14623397527260312
52.41355495145631,12.751595072289158,0.14615243471220354
52.41355495145631,12.751737686746988,0.14605846582160328
52.41355495145631,12.75188030120482,0.14594261463832758
52.41355495145631,12.752022915662652,0.14580617962031373
52.41355495145631,12.752165530120482,0.14566112864031638
52.41355495145631,12.752308144578313,0.14549774655043315
52.41355495145631,12.752450759036146,0.14532134137181812
52.41355495145631,12.752593373493976,0.1451305741880514
52.41355495145631,12.752735987951809,0.14492562660414005
52.41355495145631,12.75287860240964,0.14469873026792573
52.41355495145631,12.75302121686747,0.14446429750070527
52.41355495145631,12.753163831325303,0.14421627065112463
52.41355495145631,12.753306445783133,0.1439499291523003
52.41355495145631,12.753449060240964,0.14367600743623993
52.41355495145631,12.753591674698797,0.14338593338242156
52.41355495145631,12.753734289156627,0.14308620929923266
52.41355495145631,12.753876903614458,0.142769141063333
52.41355495145631,12.75401951807229,0.14244072974978828
52.41355495145631,12.754162132530121,0.14210216684901256
52.41355495145631,12.754304746987952,0.14175845836834175
52.41355495145631,12.754447361445784,0.1413918510340496
52.41355495145631,12.754589975903615,0.14101970307172934
52.41355495145631,12.754732590361446,0.14063647912714392
52.41355495145631,12.754875204819278,0.1402480835456397
52.41355495145631,12.755017819277109,0.1398536376980786
52.41355495145631,12.75516043373494,0.13944899852528236
52.41355495145631,12.755303048192772,0.13903454466545928
52.41355495145631,12.755445662650603,0.13861534206890538
52.41355495145631,12.755588277108435,0.13818445808666804
52.41355495145631,12.755730891566266,0.13774907676668818
52.41355495145631,12.755873506024097,0.13730851948060102
52.41355495145631,12.75601612048193,0.13686554292182435
52.41355495145631,12.75615873493976,0.13642048363869372
52.41355495145631,12.75630134939759,0.13596326472840578
52.41355495145631,12.756443963855423,0.13550029382637666
52.41355495145631,12.756586578313254,0.13503993642212395
52.41355495145631,12.756729192771084,0.1345852750842909
52.41355495145631,12.756871807228917,0.13412407339434643
52.41355495145631,12.757014421686748,0.13366238583551687
52.41355495145631,12.757157036144578,0.13320671846649815
52.41355495145631,12.75729965060241,0.13275117286393284
52.41355495145631,12.757442265060241,0.13229408721909638
52.41355495145631,12.757584879518072,0.13184159226137285
52.41355495145631,12.757727493975905,0.13138869884139676
52.41355495145631,12.757870108433735,0.13094057931720915
52.41355495145631,12.758012722891566,0.13049532659136173
52.41355495145631,12.758155337349399,0.13005789198726556
52.41355495145631,12.75829795180723,0.12962932294089874
52.41355495145631,12.758440566265062,0.12919876148559323
52.41355495145631,12.758583180722892,0.12877815452620817
52.41355495145631,12.758725795180723,0.12836310460701025
52.41355495145631,12.758868409638556,0.12795766699198063
52.41355495145631,12.759011024096386,0.1275541053559918
52.41355495145631,12.759153638554217,0.12716297355319214
52.41355495145631,12.75929625301205,0.12679038272029153
52.41355495145631,12.75943886746988,0.12642761028630053
52.41355495145631,12.759581481927711,0.12607159451820907
52.41355495145631,12.759724096385543,0.1257286058708782
52.41355495145631,12.759866710843374,0.1253914513416491
52.41355495145631,12.760009325301205,0.12506985148365904
52.41355495145631,12.760151939759037,0.12476224204485671
52.41355495145631,12.760294554216868,0.12446831411518387
52.41355495145631,12.760437168674699,0.12418662795434356
52.41355495145631,12.760579783132531,0.12391806541387158
52.41355495145631,12.760722397590362,0.12366249618731501
52.41355495145631,12.760865012048193,0.1234204299811004
52.41355495145631,12.761007626506025,0.12319285433315715
52.41355495145631,12.761150240963856,0.12298196078598855
52.41355495145631,12.761292855421688,0.12279183573339329
52.41355495145631,12.761435469879519,0.12261746062764745
52.41355495145631,12.76157808433735,0.12245838564549824
52.41355495145631,12.761720698795182,0.12232046128926444
52.41355495145631,12.761863313253013,0.12219808719130572
52.41355495145631,12.762005927710844,0.12208714001106401
52.41355495145631,12.762148542168676,0.12200317803282107
52.41355495145631,12.762291156626507,0.12193285331166795
52.41355495145631,12.762433771084337,0.12188100384836356
52.41355495145631,12.76257638554217,0.12184398270241188
52.41355495145631,12.762719,0.12182462371991565
52.41364768932039,12.750882,0.14629632799171863
52.41364768932039,12.751024614457831,0.14628268572760533
52.41364768932039,12.751167228915664,0.14624514127556826
52.41364768932039,12.751309843373495,0.14619591599162657
52.41364768932039,12.751452457831325,0.14613080350513236
52.41364768932039,12.751595072289158,0.14604857478307787
52.41364768932039,12.751737686746988,0.1459537725527968
52.41364768932039,12.75188030120482,0.14583696512713376
52.41364768932039,12.752022915662652,0.14569944131433277
52.41364768932039,12.752165530120482,0.14555315847514239
52.41364768932039,12.752308144578313,0.14538843187735137
52.41364768932039,12.752450759036146,0.14521052893428013
52.41364768932039,12.752593373493976,0.1450181528874715
52.41364768932039,12.752735987951809,0.14481147453592294
52.41364768932039,12.75287860240964,0.14458271938711534
52.41364768932039,12.75302121686747,0.1443463106082259
52.41364768932039,12.753163831325303,0.14409620756861283
52.41364768932039,12.753306445783133,0.1438276766366568
52.41364768932039,12.753449060240964,0.14355143923646788
52.41364768932039,12.753591674698797,0.14325894376664763
52.41364768932039,12.753734289156627,0.14295669489344465
52.41364768932039,12.753876903614458,0.14263700514819164
52.41364768932039,12.75401951807229,0.1423058898184154
52.41364768932039,12.754162132530121,0.1419645306338063
52.41364768932039,12.754304746987952,0.14161792973658588
52.41364768932039,12.754447361445784,0.14124836749358724
52.41364768932039,12.754589975903615,0.14087316349360415
52.41364768932039,12.754732590361446,0.1404868252365627
52.41364768932039,12.754875204819278,0.14009522707188674
52.41364768932039,12.755017819277109,0.13969751128154387
52.41364768932039,12.75516043373494,0.13928954739626262
52.41364768932039,12.755303048192772,0.13887171243129817
52.41364768932039,12.755445662650603,0.13844907814169663
52.41364768932039,12.755588277108435,0.13801472914740573
52.41364768932039,12.755730891566266,0.13757582546805341
52.41364768932039,12.755873506024097,0.1371317110969111
52.41364768932039,12.75601612048193,0.13668514331731949
52.41364768932039,12.75615873493976,0.1362364637395156
52.41364768932039,12.75630134939759,0.13577561228080676
52.41364768932039,12.756443963855423,0.13530898728799917
52.41364768932039,12.756586578313254,0.13484496621070402
52.41364768932039,12.756729192771084,0.13438663192435477
52.41364768932039,12.756871807228917,0.13392175019380706
52.41364768932039,12.757014421686748,0.13345639200655837
52.41364768932039,12.757157036144578,0.1329970542338953
52.41364768932039,12.75729965060241,0.13253785638275956
52.41364768932039,12.757442265060241,0.1320771357324648
52.41364768932039,12.757584879518072,0.13162102643630097
52.41364768932039,12.757727493975905,0.1311645503352701
52.41364768932039,12.757870108433735,0.13071289272924377
52.41364768932039,12.758012722891566,0.13026412783439267
52.41364768932039,12.758155337349399,0.12982322302042454
52.41364768932039,12.75829795180723,0.1293912384530419
52.41364768932039,12.758440566265062,0.12895731424827048
52.41364768932039,12.758583180722892,0.12853340530685395
52.41364768932039,12.758725795180723,0.1281151219922977
52.41364768932039,12.758868409638556,0.12770650780538456
52.41364768932039,12.759011024096386,0.1272998516092736
52.41364768932039,12.759153638554217,0.12690569942224875
52.41364768932039,12.75929625301205,0.12653015483602334
52.41364768932039,12.75943886746988,0.12616451727451164
52.41364768932039,12.759581481927711,0.12580571761143405
52.41364768932039,12.759724096385543,0.12546005419350972
52.41364768932039,12.759866710843374,0.12512032151119093
52.41364768932039,12.760009325301205,0.12479623909761474
52.41364768932039,12.760151939759037,0.12448624904853597
52.41364768932039,12.760294554216868,0.12419003931917255
52.41364768932039,12.760437168674699,0.12390618603601126
52.41364768932039,12.760579783132531,0.12363556506840123
52.41364768932039,12.760722397590362,0.123378054967892
52.41364768932039,12.760865012048193,0.12313417240575318
52.41364768932039,12.761007626506025,0.12290489452119198
52.41364768932039,12.761150240963856,0.12269242066198419
52.41364768932039,12.761292855421688,0.12250083786880697
52.41364768932039,12.761435469879519,0.12232512781558787
52.41364768932039,12.76157808433735,0.1221648391008022
52.41364768932039,12.761720698795182,0.12202585663232263
52.41364768932039,12.761863313253013,0.12190253665735523
52.41364768932039,12.762005927710844,0.12179078678293667
52.41364768932039,12.762148542168676,0.12170615055477106
52.41364768932039,12.762291156626507,0.12163528641964386
52.41364768932039,12.762433771084337,0.12158302567037785
52.41364768932039,12.76257638554217,0.12154571907610898
52.41364768932039,12.762719,0.12152621826188598
52.413740427184464,12.750882,0.1461864798327842
52.413740427184464,12.751024614457831,0.14617267082843546
52.413740427184464,12.751167228915664,0.1461348065198007
52.413740427184464,12.751309843373495,0.1460850850510112
52.413740427184464,12.751452457831325,0.1460192996891921
52.413740427184464,12.751595072289158,0.1459362410350996
52.413740427184464,12.751737686746988,0.14584043365445454
52.413740427184464,12.75188030120482,0.14572247274309652
52.413740427184464,12.752022915662652,0.14558363566734664
52.413740427184464,12.752165530120482,0.14543586697527228
52.413740427184464,12.752308144578313,0.1452695182089204
52.413740427184464,12.752450759036146,0.1450898085884822
52.413740427184464,12.752593373493976,0.1448954918661305
52.413740427184464,12.752735987951809,0.144686725475472
52.413740427184464,12.75287860240964,0.14445572821620806
52.413740427184464,12.75302121686747,0.14421693596240698
52.413740427184464,12.753163831325303,0.14396432838064321
52.413740427184464,12.753306445783133,0.143693156083136
52.413740427184464,12.753449060240964,0.14341412564150677
52.413740427184464,12.753591674698797,0.14311870985633204
52.413740427184464,12.753734289156627,0.1428134154563163
52.413740427184464,12.753876903614458,0.14249056340564997
52.413740427184464,12.75401951807229,0.14215618580443423
52.413740427184464,12.754162132530121,0.14181145328815026
52.413740427184464,12.754304746987952,0.14146136309683333
52.413740427184464,12.754447361445784,0.14108823592832334
52.413740427184464,12.754589975903615,0.14070934545473437
52.413740427184464,12.754732590361446,0.1403192497692834
52.413740427184464,12.754875204819278,0.1399237880149629
52.413740427184464,12.755017819277109,0.13952212740368602
52.413740427184464,12.75516043373494,0.1391101521233643
52.413740427184464,12.755303048192772,0.13868823785329412
52.413740427184464,12.755445662650603,0.13826146323678257
52.413740427184464,12.755588277108435,0.13782293325416528
52.413740427184464,12.755730891566266,0.13737977963416564
52.413740427184464,12.755873506024097,0.13693137372337014
52.413740427184464,12.75601612048193,0.13648047321534482
52.413740427184464,12.75615873493976,0.13602742569546988
52.413740427184464,12.75630134939759,0.13556219140346462
52.413740427184464,12.756443963855423,0.13509115781426198
52.413740427184464,12.756586578313254,0.13462271631802591
52.413740427184464,12.756729192771084,0.13415995039819706
52.413740427184464,12.756871807228917,0.13369062837429788
52.413740427184464,12.757014421686748,0.1332208411553535
52.413740427184464,12.757157036144578,0.13275707446951934
52.413740427184464,12.75729965060241,0.13229346995946506
52.413740427184464,12.757442265060241,0.13182836337079556
52.413740427184464,12.757584879518072,0.13136789287318193
52.413740427184464,12.757727493975905,0.13090709355625946
52.413740427184464,12.757870108433735,0.13045116658465775
52.413740427184464,12.758012722891566,0.12999816392077426
52.413740427184464,12.758155337349399,0.12955307162573404
52.413740427184464,12.75829795180723,0.1291169657670604
52.413740427184464,12.758440566265062,0.12867898406554704
52.413740427184464,12.758583180722892,0.12825108999774545
52.413740427184464,12.758725795180723,0.1278289044582737
52.413740427184464,12.758868409638556,0.12741645716351427
52.413740427184464,12.759011024096386,0.12700606644883253
52.413740427184464,12.759153638554217,0.12660826961609387
52.413740427184464,12.75929625301205,0.1262291604499257
52.413740427184464,12.75943886746988,0.125860065369596
52.413740427184464,12.759581481927711,0.12549790606177502
52.413740427184464,12.759724096385543,0.12514901469315257
52.413740427184464,12.759866710843374,0.12480617076543873
52.413740427184464,12.760009325301205,0.12447909202619684
52.413740427184464,12.760151939759037,0.12416622905382993
52.413740427184464,12.760294554216868,0.12386726524695432
52.413740427184464,12.760437168674699,0.1235807967114628
52.413740427184464,12.760579783132531,0.12330769160079627
52.413740427184464,12.760722397590362,0.12304783895748783
52.413740427184464,12.760865012048193,0.122801763809921
52.413740427184464,12.761007626506025,0.12257043170272076
52.413740427184464,12.761150240963856,0.12235605077389837
52.413740427184464,12.761292855421688,0.12216270823224316
52.413740427184464,12.761435469879519,0.12198538719114552
52.413740427184464,12.76157808433735,0.12182363369457955
52.413740427184464,12.761720698795182,0.12168337366761864
52.413740427184464,12.761863313253013,0.12155891223857981
52.413740427184464,12.762005927710844,0.12144619386159383
52.413740427184464,12.762148542168676,0.12136074349693447
52.413740427184464,12.762291156626507,0.1212892281208305
52.413740427184464,12.762433771084337,0.12123647103278196
52.413740427184464,12.76257638554217,0.12119882008330501
52.413740427184464,12.762719,0.12117914771097471
52.413833165048544,12.750882,0.14605709525983743
52.413833165048544,12.751024614457831,0.1460430907765563
52.413833165048544,12.751167228915664,0.1460048513142555
52.413833165048544,12.751309843373495,0.14595454814056313
52.413833165048544,12.751452457831325,0.14588797414867935
52.413833165048544,12.751595072289158,0.145803942716272
52.413833165048544,12.751737686746988,0.14570695742513745
52.413833165048544,12.75188030120482,0.1455876442120652
52.413833165048544,12.752022915662652,0.14544726794325155
52.413833165048544,12.752165530120482,0.1452977577841732
52.413833165048544,12.752308144578313,0.145129507797126
52.413833165048544,12.752450759036146,0.14494768096066013
52.413833165048544,12.752593373493976,0.1447510896109221
52.413833165048544,12.752735987951809,0.14453987611684407
52.413833165048544,12.75287860240964,0.1443062509978754
52.413833165048544,12.75302121686747,0.14406466496698367
52.413833165048544,12.753163831325303,0.1438091214087963
52.413833165048544,12.753306445783133,0.14353485338000307
52.413833165048544,12.753449060240964,0.14325254943694254
52.413833165048544,12.753591674698797,0.1429537106514711
52.413833165048544,12.753734289156627,0.1426448469395809
52.413833165048544,12.753876903614458,0.1423182883893991
52.413833165048544,12.75401951807229,0.14198008721546362
52.413833165048544,12.754162132530121,0.14163140095481203
52.413833165048544,12.754304746987952,0.14127722141497204
52.413833165048544,12.754447361445784,0.1408999162128624
52.413833165048544,12.754589975903615,0.14051670509808362
52.413833165048544,12.754732590361446,0.1401222055783756
52.413833165048544,12.754875204819278,0.13972221556510603
52.413833165048544,12.755017819277109,0.1393159315172464
52.413833165048544,12.75516043373494,0.13889925524050423
52.413833165048544,12.755303048192772,0.13847255992144059
52.413833165048544,12.755445662650603,0.13804093300797515
52.413833165048544,12.755588277108435,0.1375975030001265
52.413833165048544,12.755730891566266,0.13714936860882382
52.413833165048544,12.755873506024097,0.13669593310843364
52.413833165048544,12.75601612048193,0.1362399545690469
52.413833165048544,12.75615873493976,0.13578178777810468
52.413833165048544,12.75630134939759,0.13531141703367724
52.413833165048544,12.756443963855423,0.13483521708092935
52.413833165048544,12.756586578313254,0.13436159525460167
52.413833165048544,12.756729192771084,0.1338936356772994
52.413833165048544,12.756871807228917,0.13341910991988917
52.413833165048544,12.757014421686748,0.13294413220874982
52.413833165048544,12.757157036144578,0.13247517531959083
52.413833165048544,12.75729965060241,0.13200640652292908
52.413833165048544,12.757442265060241,0.1315361598943294
52.413833165048544,12.757584879518072,0.13107057879745654
52.413833165048544,12.757727493975905,0.1306047131154858
52.413833165048544,12.757870108433735,0.13014378259253126
52.413833165048544,12.758012722891566,0.12968581349671096
52.413833165048544,12.758155337349399,0.12923581411343707
52.413833165048544,12.75829795180723,0.1287948785172366
52.413833165048544,12.758440566265062,0.12835214179875173
52.413833165048544,12.758583180722892,0.12791957805683768
52.413833165048544,12.758725795180723,0.12749281981967386
52.413833165048544,12.758868409638556,0.12707588088774568
52.413833165048544,12.759011024096386,0.12666111375290906
52.413833165048544,12.759153638554217,0.12625904548482692
52.413833165048544,12.75929625301205,0.12587575941700704
52.413833165048544,12.75943886746988,0.1255026127386776
52.413833165048544,12.759581481927711,0.1251365167444177
52.413833165048544,12.759724096385543,0.1247838427442546
52.413833165048544,12.759866710843374,0.12443735282357193
52.413833165048544,12.760009325301205,0.12410676322900836
52.413833165048544,12.760151939759037,0.12379053374250663
52.413833165048544,12.760294554216868,0.12348834287175174
52.413833165048544,12.760437168674699,0.12319880962406723
52.413833165048544,12.760579783132531,0.12292279351170135
52.413833165048544,12.760722397590362,0.1226601959647939
52.413833165048544,12.760865012048193,0.12241155148489861
52.413833165048544,12.761007626506025,0.12217781209402921
52.413833165048544,12.761150240963856,0.12196119643306307
52.413833165048544,12.761292855421688,0.12176579198892687
52.413833165048544,12.761435469879519,0.12158658329300501
52.413833165048544,12.76157808433735,0.12142311344690307
52.413833165048544,12.761720698795182,0.12128135625401956
52.413833165048544,12.761863313253013,0.12115555701019164
52.413833165048544,12.762005927710844,0.12104170347549707
52.413833165048544,12.762148542168676,0.12095529943922512
52.413833165048544,12.762291156626507,0.12088302113305492
52.413833165048544,12.762433771084337,0.12082968252448188
52.413833165048544,12.76257638554217,0.12079162784501488
52.413833165048544,12.762719,0.12077175471887672
52.413925902912624,12.750882,0.14591173114965178
52.413925902912624,12.751024614457831,0.14589750593845247
52.413925902912624,12.751167228915664,0.14585884294819457
52.413925902912624,12.751309843373495,0.1458078827864084
52.413925902912624,12.751452457831325,0.14574041837482107
52.413925902912624,12.751595072289158,0.145655288609988
52.413925902912624,12.751737686746988,0.1455569731160669
52.413925902912624,12.75188030120482,0.1454361330137411
52.413925902912624,12.752022915662652,0.1452940188009833
52.413925902912624,12.752165530120482,0.1451425420378363
52.413925902912624,12.752308144578313,0.14497214567608643
52.413925902912624,12.752450759036146,0.14478792772441823
52.413925902912624,12.752593373493976,0.14458876788820943
52.413925902912624,12.752735987951809,0.14437479136093131
52.413925902912624,12.75287860240964,0.1441381987561886
52.413925902912624,12.75302121686747,0.14389345814096366
52.413925902912624,12.753163831325303,0.14363459967239678
52.413925902912624,12.753306445783133,0.1433568360613737
52.413925902912624,12.753449060240964,0.14307083563083628
52.413925902912624,12.753591674698797,0.14276813161126486
52.413925902912624,12.753734289156627,0.1424552375550068
52.413925902912624,12.753876903614458,0.14212449362442298
52.413925902912624,12.75401951807229,0.1417819750506655
52.413925902912624,12.754162132530121,0.14142882468672863
52.413925902912624,12.754304746987952,0.1410700276562379
52.413925902912624,12.754447361445784,0.14068800495465875
52.413925902912624,12.754589975903615,0.1402999151440998
52.413925902912624,12.754732590361446,0.13990044348318725
52.413925902912624,12.754875204819278,0.13949534032997943
52.413925902912624,12.755017819277109,0.1390838359012918
52.413925902912624,12.75516043373494,0.13866185161378053
52.413925902912624,12.755303048192772,0.13822975797966872
52.413925902912624,12.755445662650603,0.13779265212289357
52.413925902912624,12.755588277108435,0.13734368970377395
52.413925902912624,12.755730891566266,0.13688993165880436
52.413925902912624,12.755873506024097,0.1364308174023069
52.413925902912624,12.75601612048193,0.13596910514370664
52.413925902912624,12.75615873493976,0.13550515834841836
52.413925902912624,12.75630134939759,0.13502898838268831
52.413925902912624,12.756443963855423,0.13454695501765068
52.413925902912624,12.756586578313254,0.134067484112556
52.413925902912624,12.756729192771084,0.1335936603792223
52.413925902912624,12.756871807228917,0.13311325917521014
52.413925902912624,12.757014421686748,0.13263242101053324
52.413925902912624,12.757157036144578,0.13215760393577125
52.413925902912624,12.75729965060241,0.13168300445675504
52.413925902912624,12.757442265060241,0.13120695445408798
52.413925902912624,12.757584879518072,0.13073560290563951
52.413925902912624,12.757727493975905,0.13026401684170327
52.413925902912624,12.757870108433735,0.1297974371331569
52.413925902912624,12.758012722891566,0.12933386072071945
52.413925902912624,12.758155337349399,0.12887832075228614
52.413925902912624,12.75829795180723,0.12843193218068463
52.413925902912624,12.758440566265062,0.1279838269203289
52.413925902912624,12.758583180722892,0.127545990774078
52.413925902912624,12.758725795180723,0.12711406996090507
52.413925902912624,12.758868409638556,0.1266920595769893
52.413925902912624,12.759011024096386,0.1262723514657247
52.413925902912624,12.759153638554217,0.12586546083431432
52.413925902912624,12.75929625301205,0.12547745868762894
52.413925902912624,12.75943886746988,0.12509973773304278
52.413925902912624,12.759581481927711,0.12472919702921856
52.413925902912624,12.759724096385543,0.12437225229186351
52.413925902912624,12.759866710843374,0.12402164601728555
52.413925902912624,12.760009325301205,0.12368709252989808
52.413925902912624,12.760151939759037,0.12336706228937859
52.413925902912624,12.760294554216868,0.12306122798999945
52.413925902912624,12.760437168674699,0.12276823476399665
52.413925902912624,12.760579783132531,0.12248893236192762
52.413925902912624,12.760722397590362,0.12222323594639142
52.413925902912624,12.760865012048193,0.12197169085480956
52.413925902912624,12.761007626506025,0.12173523346972365
52.413925902912624,12.761150240963856,0.12151609490019794
52.413925902912624,12.761292855421688,0.12131836252924115
52.413925902912624,12.761435469879519,0.12113702295359026
52.413925902912624,12.76157808433735,0.12097161494991435
52.413925902912624,12.761720698795182,0.12082816785351774
52.413925902912624,12.761863313253013,0.12070085835224771
52.413925902912624,12.762005927710844,0.12058572322452381
52.413925902912624,12.762148542168676,0.12049824260074866
52.413925902912624,12.762291156626507,0.12042510304403346
52.413925902912624,12.762433771084337,0.12037110783143969
52.413925902912624,12.76257638554217,0.12033259716674598
52.413925902912624,12.762719,0.12031249735268663
52.4140186407767,12.750882,0.14574986355383057
52.4140186407767,12.751024614457831,0.14573539034218586
52.4140186407767,12.751167228915664,0.14569625232289496
52.4140186407767,12.751309843373495,0.1456445549379924
52.4140186407767,12.751452457831325,0.14557609075057087
52.4140186407767,12.751595072289158,0.14548972805987864
52.4140186407767,12.751737686746988,0.14538991946440372
52.4140186407767,12.75188030120482,0.14526736569767848
52.4140186407767,12.752022915662652,0.1451233008023688
52.4140186407767,12.752165530120482,0.14496961658676955
52.4140186407767,12.752308144578313,0.14479681065374628
52.4140186407767,12.752450759036146,0.14460990890938025
52.4140186407767,12.752593373493976,0.14440786609886405
52.4140186407767,12.752735987951809,0.14419078784425118
52.4140186407767,12.75287860240964,0.1439508644389652
52.4140186407767,12.75302121686747,0.14370258282791973
52.4140186407767,12.753163831325303,0.1434400036829357
52.4140186407767,12.753306445783133,0.14315831614450486
52.4140186407767,12.753449060240964,0.14286816650087866
52.4140186407767,12.753591674698797,0.1425611241930193
52.4140186407767,12.753734289156627,0.14224370593753877
52.4140186407767,12.753876903614458,0.1419082643321812
52.4140186407767,12.75401951807229,0.14156089939294944
52.4140186407767,12.754162132530121,0.14120273816402687
52.4140186407767,12.754304746987952,0.140838757647652
52.4140186407767,12.754447361445784,0.1404514395085496
52.4140186407767,12.754589975903615,0.14005787335208966
52.4140186407767,12.754732590361446,0.13965281993041032
52.4140186407767,12.754875204819278,0.13924197731139368
52.4140186407767,12.755017819277109,0.1388246126316773
52.4140186407767,12.75516043373494,0.1383966698550013
52.4140186407767,12.755303048192772,0.1379585163757802
52.4140186407767,12.755445662650603,0.13751526018622207
52.4140186407767,12.755588277108435,0.137060087529776
52.4140186407767,12.755730891566266,0.1366000164376118
52.4140186407767,12.755873506024097,0.13613452741328594
52.4140186407767,12.75601612048193,0.135666378874418
52.4140186407767,12.75615873493976,0.1351959436833116
52.4140186407767,12.75630134939759,0.1347132633618235
52.4140186407767,12.756443963855423,0.13422468156483475
52.4140186407767,12.756586578313254,0.13373864450653977
52.4140186407767,12.756729192771084,0.13325823759696884
52.4140186407767,12.756871807228917,0.13277124101353602
52.4140186407767,12.757014421686748,0.13228382390249285
52.4140186407767,12.757157036144578,0.1318024283045341
52.4140186407767,12.75729965060241,0.1313212832252885
52.4140186407767,12.757442265060241,0.13083871845867334
52.4140186407767,12.757584879518072,0.1303608888637859
52.4140186407767,12.757727493975905,0.12988288103237788
52.4140186407767,12.757870108433735,0.12940995958321214
52.4140186407767,12.758012722891566,0.128940088376298
52.4140186407767,12.758155337349399,0.1284783283894103
52.4140186407767,12.75829795180723,0.12802581812046004
52.4140186407767,12.758440566265062,0.1275716861066091
52.4140186407767,12.758583180722892,0.12712793093011923
52.4140186407767,12.758725795180723,0.1266902142191437
52.4140186407767,12.758868409638556,0.12626251026413807
52.4140186407767,12.759011024096386,0.12583725525460757
52.4140186407767,12.759153638554217,0.1254249509778009
52.4140186407767,12.75929625301205,0.12503165426810198
52.4140186407767,12.75943886746988,0.12464879773049355
52.4140186407767,12.759581481927711,0.12427326698950282
52.4140186407767,12.759724096385543,0.12391152761563598
52.4140186407767,12.759866710843374,0.12355630014727163
52.4140186407767,12.760009325301205,0.123217296184265
52.4140186407767,12.760151939759037,0.12289299893105753
52.4140186407767,12.760294554216868,0.12258307427334231
52.4140186407767,12.760437168674699,0.12228619645003208
52.4140186407767,12.760579783132531,0.12200320443796743
52.4140186407767,12.760722397590362,0.12173402873629097
52.4140186407767,12.760865012048193,0.12147922743532576
52.4140186407767,12.761007626506025,0.12123971874883252
52.4140186407767,12.761150240963856,0.12101774755715397
52.4140186407767,12.761292855421688,0.12081740167505718
52.4140186407767,12.761435469879519,0.12063366933908186
52.4140186407767,12.76157808433735,0.12046608569612634
52.4140186407767,12.761720698795182,0.12032074108745262
52.4140186407767,12.761863313253013,0.12019173605139302
52.4140186407767,12.762005927710844,0.12007516236883806
52.4140186407767,12.762148542168676,0.11998647267253083
52.4140186407767,12.762291156626507,0.11991236624466377
52.4140186407767,12.762433771084337,0.11985763356593325
52.4140186407767,12.76257638554217,0.11981861135654504
52.4140186407767,12.762719,0.11979825689848385
52.414111378640776,12.750882,0.14555861706659717
52.414111378640776,12.751024614457831,0.14554386943841247
52.414111378640776,12.751167228915664,0.14550420575053968
52.414111378640776,12.751309843373495,0.14545169324818094
52.414111378640776,12.751452457831325,0.1453821237119516
52.414111378640776,12.751595072289158,0.1452943974154101
52.414111378640776,12.751737686746988,0.145192937221097
52.414111378640776,12.75188030120482,0.1450684881895947
52.414111378640776,12.752022915662652,0.14492226597122168
52.414111378640776,12.752165530120482,0.1447661404221134
52.414111378640776,12.752308144578313,0.14459066984248697
52.414111378640776,12.752450759036146,0.14440079970673717
52.414111378640776,12.752593373493976,0.14419556848906595
52.414111378640776,12.752735987951809,0.14397506004198415
52.414111378640776,12.75287860240964,0.14373145275440927
52.414111378640776,12.75302121686747,0.14347925503092723
52.414111378640776,12.753163831325303,0.14321256089916892
52.414111378640776,12.753306445783133,0.14292653388892604
52.414111378640776,12.753449060240964,0.14263179541247478
52.414111378640776,12.753591674698797,0.14231995490311258
52.414111378640776,12.753734289156627,0.14199753315692545
52.414111378640776,12.753876903614458,0.14165689620228206
52.414111378640776,12.75401951807229,0.1413041718040096
52.414111378640776,12.754162132530121,0.14094046890452963
52.414111378640776,12.754304746987952,0.14057075623661075
52.414111378640776,12.754447361445784,0.14017758206310077
52.414111378640776,12.754589975903615,0.13977795971900175
52.414111378640776,12.754732590361446,0.13936673396593835
52.414111378640776,12.754875204819278,0.1389495443085792
52.414111378640776,12.755017819277109,0.13852569896944292
52.414111378640776,12.75516043373494,0.13809116737718333
52.414111378640776,12.755303048192772,0.1376463127879123
52.414111378640776,12.755445662650603,0.13719625555573264
52.414111378640776,12.755588277108435,0.13673421555219428
52.414111378640776,12.755730891566266,0.13626716354431018
52.414111378640776,12.755873506024097,0.13579462531989395
52.414111378640776,12.75601612048193,0.1353193594190508
52.414111378640776,12.75615873493976,0.13484174962663606
52.414111378640776,12.75630134939759,0.1343518705373134
52.414111378640776,12.756443963855423,0.13385604758412245
52.414111378640776,12.756586578313254,0.1333627500773512
52.414111378640776,12.756729192771084,0.13287506409193703
52.414111378640776,12.756871807228917,0.1323807744712695
52.414111378640776,12.757014421686748,0.13188608265045748
52.414111378640776,12.757157036144578,0.1313974130443715
52.414111378640776,12.75729965060241,0.13090903028461173
52.414111378640776,12.757442265060241,0.13041926212946323
52.414111378640776,12.757584879518072,0.12993426996035234
52.414111378640776,12.757727493975905,0.1294491616645068
52.414111378640776,12.757870108433735,0.12896922822226825
52.414111378640776,12.758012722891566,0.12849239673498278
52.414111378640776,12.758155337349399,0.12802375938421717
52.414111378640776,12.75829795180723,0.1275644804120726
52.414111378640776,12.758440566265062,0.12710368466081434
52.414111378640776,12.758583180722892,0.1266533852177591
52.414111378640776,12.758725795180723,0.12620926051965112
52.414111378640776,12.758868409638556,0.12577526170659065
52.414111378640776,12.759011024096386,0.12534387422761362
52.414111378640776,12.759153638554217,0.12492558427658838
52.414111378640776,12.75929625301205,0.12452643383110149
52.414111378640776,12.75943886746988,0.12413789911218136
52.414111378640776,12.759581481927711,0.12375685164063804
52.414111378640776,12.759724096385543,0.12338981166415049
52.414111378640776,12.759866710843374,0.12302947509071813
52.414111378640776,12.760009325301205,0.12268555098937142
52.414111378640776,12.760151939759037,0.12235653627691832
52.414111378640776,12.760294554216868,0.1220420897657392
52.414111378640776,12.760437168674699,0.12174091736835863
52.414111378640776,12.760579783132531,0.12145384612460647
52.414111378640776,12.760722397590362,0.1211808239472551
52.414111378640776,12.760865012048193,0.12092242258188746
52.414111378640776,12.761007626506025,0.12067954070164934
52.414111378640776,12.761150240963856,0.12045443783432724
52.414111378640776,12.761292855421688,0.12025120286601171
52.414111378640776,12.761435469879519,0.12006482522798496
52.414111378640776,12.76157808433735,0.11989483613265853
52.414111378640776,12.761720698795182,0.11974739416766203
52.414111378640776,12.761863313253013,0.11961651480863172
52.414111378640776,12.762005927710844,0.11949835061825206
52.414111378640776,12.762148542168676,0.11940832467861617
52.414111378640776,12.762291156626507,0.11933314926951209
52.414111378640776,12.762433771084337,0.11927760146795857
52.414111378640776,12.76257638554217,0.11923801363065213
52.414111378640776,12.762719,0.11921737776472456
52.414204116504855,12.750882,0.1453572070457624
52.414204116504855,12.751024614457831,0.14534215811605877
52.414204116504855,12.751167228915664,0.14530191712227508
52.414204116504855,12.751309843373495,0.1452485093763952
52.414204116504855,12.751452457831325,0.14517772544408117
52.414204116504855,12.751595072289158,0.145088501410938
52.414204116504855,12.751737686746988,0.1449852275362975
52.414204116504855,12.75188030120482,0.14485869720286937
52.414204116504855,12.752022915662652,0.1447101053443176
52.414204116504855,12.752165530120482,0.1445512979940723
52.414204116504855,12.752308144578313,0.14437290074005163
52.414204116504855,12.752450759036146,0.14417977021756045
52.414204116504855,12.752593373493976,0.1439710366235787
52.414204116504855,12.752735987951809,0.14374676050770527
52.414204116504855,12.75287860240964,0.14349910704223864
52.414204116504855,12.75302121686747,0.14324260811538725
52.414204116504855,12.753163831325303,0.14297139431624323
52.414204116504855,12.753306445783133,0.1426806008153787
52.414204116504855,12.753449060240964,0.1423808221153121
52.414204116504855,12.753591674698797,0.14206371144531668
52.414204116504855,12.753734289156627,0.1417357941789852
52.414204116504855,12.753876903614458,0.14138945081994433
52.414204116504855,12.75401951807229,0.1410308397375885
52.414204116504855,12.754162132530121,0.14066105029008105
52.414204116504855,12.754304746987952,0.14028504174111703
52.414204116504855,12.754447361445784,0.13988543541281437
52.414204116504855,12.754589975903615,0.1394791611632148
52.414204116504855,12.754732590361446,0.13906115577133307
52.414204116504855,12.754875204819278,0.13863699457378065
52.414204116504855,12.755017819277109,0.13820603113235935
52.414204116504855,12.75516043373494,0.1377642621841776
52.414204116504855,12.755303048192772,0.13731204734607902
52.414204116504855,12.755445662650603,0.13685451964912482
52.414204116504855,12.755588277108435,0.1363849366179666
52.414204116504855,12.755730891566266,0.13591021698023495
52.414204116504855,12.755873506024097,0.13542993572976947
52.414204116504855,12.75601612048193,0.1349468522928166
52.414204116504855,12.75615873493976,0.1344613617011588
52.414204116504855,12.75630134939759,0.13396357540135387
52.414204116504855,12.756443963855423,0.1334597990480409
52.414204116504855,12.756586578313254,0.13295852676530856
52.414204116504855,12.756729192771084,0.13246284567706057
52.414204116504855,12.756871807228917,0.13196054588579317
52.414204116504855,12.757014421686748,0.1314578636605287
52.414204116504855,12.757157036144578,0.1309612045156292
52.414204116504855,12.75729965060241,0.1304648719938747
52.414204116504855,12.757442265060241,0.1299671915921819
52.414204116504855,12.757584879518072,0.12947433198149422
52.414204116504855,12.757727493975905,0.12898142462211967
52.414204116504855,12.757870108433735,0.1284937892741322
52.414204116504855,12.758012722891566,0.1280093130711207
52.414204116504855,12.758155337349399,0.1275331218078858
52.414204116504855,12.75829795180723,0.1270664083940878
52.414204116504855,12.758440566265062,0.12659829338520318
52.414204116504855,12.758583180722892,0.12614080561707466
52.414204116504855,12.758725795180723,0.12568964251458697
52.414204116504855,12.758868409638556,0.12524872931300787
52.414204116504855,12.759011024096386,0.1248106057709959
52.414204116504855,12.759153638554217,0.12438574122746816
52.414204116504855,12.75929625301205,0.12398016150240218
52.414204116504855,12.75943886746988,0.12358539007089604
52.414204116504855,12.759581481927711,0.12319828303758569
52.414204116504855,12.759724096385543,0.12282542084303738
52.414204116504855,12.759866710843374,0.1224594725314077
52.414204116504855,12.760009325301205,0.1221101441943679
52.414204116504855,12.760151939759037,0.1217759478167185
52.414204116504855,12.760294554216868,0.12145653414628063
52.414204116504855,12.760437168674699,0.12115064460297445
52.414204116504855,12.760579783132531,0.1208590924006623
52.414204116504855,12.760722397590362,0.12058184537471398
52.414204116504855,12.760865012048193,0.12031948986258637
52.414204116504855,12.761007626506025,0.12007290264469202
52.414204116504855,12.761150240963856,0.11984435981495982
52.414204116504855,12.761292855421688,0.11963795135545782
52.414204116504855,12.761435469879519,0.11944866843810036
52.414204116504855,12.76157808433735,0.11927603714825659
52.414204116504855,12.761720698795182,0.11912629141311251
52.414204116504855,12.761863313253013,0.1189933534293194
52.414204116504855,12.762005927710844,0.11887344231230806
52.414204116504855,12.762148542168676,0.11878194846542568
52.414204116504855,12.762291156626507,0.1187055989650351
52.414204116504855,12.762433771084337,0.11864915591856709
52.414204116504855,12.76257638554217,0.1186089468638819
52.414204116504855,12.762719,0.1185880018938241
52.414296854368935,12.750882,0.1451297926812507
52.414296854368935,12.751024614457831,0.14511441850283857
52.414296854368935,12.751167228915664,0.14507355446366024
52.414296854368935,12.751309843373495,0.14501918080913806
52.414296854368935,12.751452457831325,0.14494708648622862
52.414296854368935,12.751595072289158,0.14485624625627777
52.414296854368935,12.751737686746988,0.14475101501225016
52.414296854368935,12.75188030120482,0.1446222384167181
52.414296854368935,12.752022915662652,0.14447108962500152
52.414296854368935,12.752165530120482,0.14430938824199976
52.414296854368935,12.752308144578313,0.14412783277254293
52.414296854368935,12.752450759036146,0.1439311837959411
52.414296854368935,12.752593373493976,0.14371867080893788
52.414296854368935,12.752735987951809,0.14349032900067707
52.414296854368935,12.75287860240964,0.14323830928576956
52.414296854368935,12.75302121686747,0.14297716869540214
52.414296854368935,12.753163831325303,0.14270107766350626
52.414296854368935,12.753306445783133,0.14240514078660635
52.414296854368935,12.753449060240964,0.14209992277116237
52.414296854368935,12.753591674698797,0.14177712478073579
52.414296854368935,12.753734289156627,0.14144327709795304
52.414296854368935,12.753876903614458,0.141090775400849
52.414296854368935,12.75401951807229,0.14072581207588283
52.414296854368935,12.754162132530121,0.1403494543274428
52.414296854368935,12.754304746987952,0.13996665138537426
52.414296854368935,12.754447361445784,0.13956010434791694
52.414296854368935,12.754589975903615,0.13914665189630182
52.414296854368935,12.754732590361446,0.13872133065353767
52.414296854368935,12.754875204819278,0.13828964598546872
52.414296854368935,12.755017819277109,0.13785100093776753
52.414296854368935,12.75516043373494,0.1374014221464307
52.414296854368935,12.755303048192772,0.13694126422368436
52.414296854368935,12.755445662650603,0.1364756745908726
52.414296854368935,12.755588277108435,0.13599795171185625
52.414296854368935,12.755730891566266,0.13551495708518552
52.414296854368935,12.755873506024097,0.1350263200104038
52.414296854368935,12.75601612048193,0.1345348000677953
52.414296854368935,12.75615873493976,0.1340408049447953
52.414296854368935,12.75630134939759,0.13353448561173228
52.414296854368935,12.756443963855423,0.13302212644249023
52.414296854368935,12.756586578313254,0.13251224817165536
52.414296854368935,12.756729192771084,0.13200793885548437
52.414296854368935,12.756871807228917,0.1314969943241944
52.414296854368935,12.757014421686748,0.13098568920356368
52.414296854368935,12.757157036144578,0.13048040763386284
52.414296854368935,12.75729965060241,0.12997549588836013
52.414296854368935,12.757442265060241,0.12946927671397976
52.414296854368935,12.757584879518072,0.12896792663103557
52.414296854368935,12.757727493975905,0.12846660263169574
52.414296854368935,12.757870108433735,0.12797065585105785
52.414296854368935,12.758012722891566,0.1274779295073187
52.414296854368935,12.758155337349399,0.12699358633575947
52.414296854368935,12.75829795180723,0.1265188498841181
52.414296854368935,12.758440566265062,0.12604283595735866
52.414296854368935,12.758583180722892,0.12557759080810246
52.414296854368935,12.758725795180723,0.12511883190725226
52.414296854368935,12.758868409638556,0.12467045680718256
52.414296854368935,12.759011024096386,0.12422506385307418
52.414296854368935,12.759153638554217,0.12379310402307983
52.414296854368935,12.75929625301205,0.1233805855044616
52.414296854368935,12.75943886746988,0.12297908309903732
52.414296854368935,12.759581481927711,0.1225854363689136
52.414296854368935,12.759724096385543,0.12220629102019834
52.414296854368935,12.759866710843374,0.12183428628636271
52.414296854368935,12.760009325301205,0.12147912569745475
52.414296854368935,12.760151939759037,0.12113933719343505
52.414296854368935,12.760294554216868,0.12081456312735137
52.414296854368935,12.760437168674699,0.12050358292276579
52.414296854368935,12.760579783132531,0.12020719465699078
52.414296854368935,12.760722397590362,0.11992538777755989
52.414296854368935,12.760865012048193,0.11965876493284724
52.414296854368935,12.761007626506025,0.11940817873500002
52.414296854368935,12.761150240963856,0.11917592357183139
52.414296854368935,12.761292855421688,0.11896609019376247
52.414296854368935,12.761435469879519,0.11877367187814372
52.414296854368935,12.76157808433735,0.1185981889110253
52.414296854368935,12.761720698795182,0.1184459571175836
52.414296854368935,12.761863313253013,0.11831079734416483
52.414296854368935,12.762005927710844,0.11818900097001268
52.414296854368935,12.762148542168676,0.11809592299215169
52.414296854368935,12.762291156626507,0.11801830664079062
52.414296854368935,12.762433771084337,0.11796089752031759
52.414296854368935,12.76257638554217,0.11792001768858382
52.414296854368935,12.762719,0.11789873921621129
52.41438959223301,12.750882,0.14488673632445256
52.41438959223301,12.751024614457831,0.14487101010448009
52.41438959223301,12.751167228915664,0.1448294717381823
52.41438959223301,12.751309843373495,0.14477405271048027
52.41438959223301,12.751452457831325,0.14470054022169102
52.41438959223301,12.751595072289158,0.1446079506067939
52.41438959223301,12.751737686746988,0.1445006005645765
52.41438959223301,12.75188030120482,0.14436939260163054
52.41438959223301,12.752022915662652,0.14421547591089798
52.41438959223301,12.752165530120482,0.144050642276889
52.41438959223301,12.752308144578313,0.1438656682978216
52.41438959223301,12.752450759036146,0.14366521091415693
52.41438959223301,12.752593373493976,0.1434486069880849
52.41438959223301,12.752735987951809,0.14321586480123252
52.41438959223301,12.75287860240964,0.1429591189035239
52.41438959223301,12.75302121686747,0.14269295465317042
52.41438959223301,12.753163831325303,0.14241158484481872
52.41438959223301,12.753306445783133,0.1421100811976367
52.41438959223301,12.753449060240964,0.14179897607555203
52.41438959223301,12.753591674698797,0.14147002252016028
52.41438959223301,12.753734289156627,0.14112975604866648
52.41438959223301,12.753876903614458,0.14077058903928025
52.41438959223301,12.75401951807229,0.14039875002675645
52.41438959223301,12.754162132530121,0.1400152830978309
52.41438959223301,12.754304746987952,0.1396251266232768
52.41438959223301,12.754447361445784,0.1392110672499116
52.41438959223301,12.754589975903615,0.138789845541377
52.41438959223301,12.754732590361446,0.1383566059872161
52.41438959223301,12.754875204819278,0.13791677879618783
52.41438959223301,12.755017819277109,0.13746981991864915
52.41438959223301,12.75516043373494,0.13701178834446
52.41438959223301,12.755303048192772,0.13654303351677563
52.41438959223301,12.755445662650603,0.1360687186818125
52.41438959223301,12.755588277108435,0.13558218609634892
52.41438959223301,12.755730891566266,0.13509023562484304
52.41438959223301,12.755873506024097,0.13459255534947462
52.41438959223301,12.75601612048193,0.13409190500613716
52.41438959223301,12.75615873493976,0.13358870574199402
52.41438959223301,12.75630134939759,0.1330731512285352
52.41438959223301,12.756443963855423,0.1325515031468071
52.41438959223301,12.756586578313254,0.1320323108325568
52.41438959223301,12.756729192771084,0.1315186636730711
52.41438959223301,12.756871807228917,0.13099836358071112
52.41438959223301,12.757014421686748,0.1304777263416202
52.41438959223301,12.757157036144578,0.12996311334118588
52.41438959223301,12.75729965060241,0.12944891691272498
52.41438959223301,12.757442265060241,0.12893345675377876
52.41438959223301,12.757584879518072,0.12842291817619444
52.41438959223301,12.757727493975905,0.12791248569330205
52.41438959223301,12.757870108433735,0.12740754395410175
52.41438959223301,12.758012722891566,0.12690588921786392
52.41438959223301,12.758155337349399,0.1264127237481821
52.41438959223301,12.75829795180723,0.12592930484029885
52.41438959223301,12.758440566265062,0.12544474248012466
52.41438959223301,12.758583180722892,0.12497110201707914
52.41438959223301,12.758725795180723,0.12450412301294786
52.41438959223301,12.758868409638556,0.12404767265469632
52.41438959223301,12.759011024096386,0.12359441254882181
52.41438959223301,12.759153638554217,0.12315477434769069
52.41438959223301,12.75929625301205,0.12273474673308554
52.41438959223301,12.75943886746988,0.12232596068667873
52.41438959223301,12.759581481927711,0.12192523724443845
52.41438959223301,12.759724096385543,0.12153929254206042
52.41438959223301,12.759866710843374,0.12116073371307502
52.41438959223301,12.760009325301205,0.12079926165331503
52.41438959223301,12.760151939759037,0.12045342147475371
52.41438959223301,12.760294554216868,0.12012284666389401
52.41438959223301,12.760437168674699,0.11980635756424385
52.41438959223301,12.760579783132531,0.11950473624637646
52.41438959223301,12.760722397590362,0.11921799516073568
52.41438959223301,12.760865012048193,0.11894675461917076
52.41438959223301,12.761007626506025,0.1186918411840666
52.41438959223301,12.761150240963856,0.11845556884548199
52.41438959223301,12.761292855421688,0.11824202935707952
52.41438959223301,12.761435469879519,0.11804621790197925
52.41438959223301,12.76157808433735,0.11786764930870489
52.41438959223301,12.761720698795182,0.11771272739265703
52.41438959223301,12.761863313253013,0.11757516325362993
52.41438959223301,12.762005927710844,0.11745132672414764
52.41438959223301,12.762148542168676,0.11735653474929984
52.41438959223301,12.762291156626507,0.11727754712238593
52.41438959223301,12.762433771084337,0.117219092357043
52.41438959223301,12.76257638554217,0.11717748650002968
52.41438959223301,12.762719,0.11715584702822626
52.41448233009709,12.750882,0.14463139125433525
52.41448233009709,12.751024614457831,0.144615289534842
52.41448233009709,12.751167228915664,0.14457303169894434
52.41448233009709,12.751309843373495,0.14451649721790225
52.41448233009709,12.751452457831325,0.14444147158124374
52.41448233009709,12.751595072289158,0.14434701538707284
52.41448233009709,12.751737686746988,0.1442374049105033
52.41448233009709,12.75188030120482,0.1441036033970803
52.41448233009709,12.752022915662652,0.14394673400488298
52.41448233009709,12.752165530120482,0.14377855860668823
52.41448233009709,12.752308144578313,0.14358993787711488
52.41448233009709,12.752450759036146,0.1433854173093574
52.41448233009709,12.752593373493976,0.14316444920365173
52.41448233009709,12.752735987951809,0.14292701197002478
52.41448233009709,12.75287860240964,0.14266522406741314
52.41448233009709,12.75302121686747,0.14239370015408367
52.41448233009709,12.753163831325303,0.1421066987992468
52.41448233009709,12.753306445783133,0.14179925634827797
52.41448233009709,12.753449060240964,0.1414818705526509
52.41448233009709,12.753591674698797,0.14114635002644157
52.41448233009709,12.753734289156627,0.14079923548512435
52.41448233009709,12.753876903614458,0.1404329574722546
52.41448233009709,12.75401951807229,0.1400537836600674
52.41448233009709,12.754162132530121,0.13966273262160372
52.41448233009709,12.754304746987952,0.13926473121125693
52.41448233009709,12.754447361445784,0.13884265767188542
52.41448233009709,12.754589975903615,0.13841314767467755
52.41448233009709,12.754732590361446,0.1379714610907165
52.41448233009709,12.754875204819278,0.13752294721506442
52.41448233009709,12.755017819277109,0.13706711891341747
52.41448233009709,12.75516043373494,0.13660007014476674
52.41448233009709,12.755303048192772,0.1361221447423727
52.41448233009709,12.755445662650603,0.13563852200658127
52.41448233009709,12.755588277108435,0.13514259170786072
52.41448233009709,12.755730891566266,0.13464108771043445
52.41448233009709,12.755873506024097,0.13413376047772735
52.41448233009709,12.75601612048193,0.13362337000193225
52.41448233009709,12.75615873493976,0.13311035233116844
52.41448233009709,12.75630134939759,0.13258494639748564
52.41448233009709,12.756443963855423,0.1320533893947512
52.41448233009709,12.756586578313254,0.131524261393268
52.41448233009709,12.756729192771084,0.13100065337211986
52.41448233009709,12.756871807228917,0.13047037350621526
52.41448233009709,12.757014421686748,0.12993978168133125
52.41448233009709,12.757157036144578,0.12941521454480262
52.41448233009709,12.75729965060241,0.12889111409331566
52.41448233009709,12.757442265060241,0.12836579675766838
52.41448233009709,12.757584879518072,0.1278454566294848
52.41448233009709,12.757727493975905,0.12732530805388645
52.41448233009709,12.757870108433735,0.12681077177225086
52.41448233009709,12.758012722891566,0.12629959339711105
52.41448233009709,12.758155337349399,0.12579701742948934
52.41448233009709,12.75829795180723,0.12530433715622777
52.41448233009709,12.758440566265062,0.12481065670515759
52.41448233009709,12.758583180722892,0.1243280615107349
52.41448233009709,12.758725795180723,0.12385231442595947
52.41448233009709,12.758868409638556,0.12338725028496644
52.41448233009709,12.759011024096386,0.12292559914734363
52.41448233009709,12.759153638554217,0.12247777110641729
52.41448233009709,12.75929625301205,0.12204973379146855
52.41448233009709,12.75943886746988,0.12163317850189134
52.41448233009709,12.759581481927711,0.12122490653253404
52.41448233009709,12.759724096385543,0.12083170952277658
52.41448233009709,12.759866710843374,0.12044616015731194
52.41448233009709,12.760009325301205,0.12007795629282474
52.41448233009709,12.760151939759037,0.11972566145360246
52.41448233009709,12.760294554216868,0.1193888996458898
52.41448233009709,12.760437168674699,0.11906653489721275
52.41448233009709,12.760579783132531,0.11875933197374677
52.41448233009709,12.760722397590362,0.11846732808140308
52.41448233009709,12.760865012048193,0.11819116252454046
52.41448233009709,12.761007626506025,0.11793163348289332
52.41448233009709,12.761150240963856,0.1176910765441308
52.41448233009709,12.761292855421688,0.1174735842450267
52.41448233009709,12.761435469879519,0.11727415373320493
52.41448233009709,12.76157808433735,0.11709229378376217
52.41448233009709,12.761720698795182,0.11693450276488469
52.41448233009709,12.761863313253013,0.11679437417171694
52.41448233009709,12.762005927710844,0.1166683623848984
52.41448233009709,12.762148542168676,0.11657174218809135
52.41448233009709,12.762291156626507,0.1164912921209094
52.41448233009709,12.762433771084337,0.11643172227507347
52.41448233009709,12.76257638554217,0.11638934204928734
52.41448233009709,12.762719,0.11636731745316319
52.41457506796117,12.750882,0.14436208490842564
52.41457506796117,12.751024614457831,0.14434558122723404
52.41457506796117,12.751167228915664,0.1443025537802976
52.41457506796117,12.751309843373495,0.14424482612964468
52.41457506796117,12.751452457831325,0.1441681818452284
52.41457506796117,12.751595072289158,0.14407172881862867
52.41457506796117,12.751737686746988,0.14395970033576788
52.41457506796117,12.75188030120482,0.14382312395138896
52.41457506796117,12.752022915662652,0.14366309570242988
52.41457506796117,12.752165530120482,0.14349134545193162
52.41457506796117,12.752308144578313,0.14329882334146196
52.41457506796117,12.752450759036146,0.14308995654543055
52.41457506796117,12.752593373493976,0.14286431978429748
52.41457506796117,12.752735987951809,0.14262186039194363
52.41457506796117,12.75287860240964,0.1423546790529075
52.41457506796117,12.75302121686747,0.14207742160592762
52.41457506796117,12.753163831325303,0.14178439566800155
52.41457506796117,12.753306445783133,0.14147060003049333
52.41457506796117,12.753449060240964,0.1411464954953593
52.41457506796117,12.753591674698797,0.14080395014691735
52.41457506796117,12.753734289156627,0.14044950991140892
52.41457506796117,12.753876903614458,0.1400756252132972
52.41457506796117,12.75401951807229,0.13968860464186106
52.41457506796117,12.754162132530121,0.13928944041106905
52.41457506796117,12.754304746987952,0.1388830469900495
52.41457506796117,12.754447361445784,0.13845240002300022
52.41457506796117,12.754589975903615,0.13801402347241795
52.41457506796117,12.754732590361446,0.13756330033695527
52.41457506796117,12.754875204819278,0.1371054937484028
52.41457506796117,12.755017819277109,0.13664017720520816
52.41457506796117,12.75516043373494,0.13616348200269793
52.41457506796117,12.755303048192772,0.13567574602423946
52.41457506796117,12.755445662650603,0.13518216595983784
52.41457506796117,12.755588277108435,0.13467618198381096
52.41457506796117,12.755730891566266,0.13416445769952778
52.41457506796117,12.755873506024097,0.13364681021999916
52.41457506796117,12.75601612048193,0.13312599988276796
52.41457506796117,12.75615873493976,0.13260247852148324
52.41457506796117,12.75630134939759,0.13206653313429637
52.41457506796117,12.756443963855423,0.13152437549705995
52.41457506796117,12.756586578313254,0.13098461818307636
52.41457506796117,12.756729192771084,0.13045035397926352
52.41457506796117,12.756871807228917,0.1299093976788441
52.41457506796117,12.757014421686748,0.1293681561126461
52.41457506796117,12.757157036144578,0.12883293982015445
52.41457506796117,12.75729965060241,0.12829824392758182
52.41457506796117,12.757442265060241,0.12776238101579804
52.41457506796117,12.757584879518072,0.12723155494482613
52.41457506796117,12.757727493975905,0.12670101171618597
52.41457506796117,12.757870108433735,0.12617621084238587
52.41457506796117,12.758012722891566,0.1256548436004372
52.41457506796117,12.758155337349399,0.12514219995159015
52.41457506796117,12.75829795180723,0.1246396114618632
52.41457506796117,12.758440566265062,0.1241361759910415
52.41457506796117,12.758583180722892,0.12364400079092783
52.41457506796117,12.758725795180723,0.12315887302366696
52.41457506796117,12.758868409638556,0.12268459351885695
52.41457506796117,12.759011024096386,0.12221396482520593
52.41457506796117,12.759153638554217,0.12175737472267466
52.41457506796117,12.75929625301205,0.12132076818937154
52.41457506796117,12.75943886746988,0.12089590092171255
52.41457506796117,12.759581481927711,0.1204795531248534
52.41457506796117,12.759724096385543,0.1200785970246884
52.41457506796117,12.759866710843374,0.11968556858910588
52.41457506796117,12.760009325301205,0.11931016248391613
52.41457506796117,12.760151939759037,0.118950961808014
52.41457506796117,12.760294554216868,0.11860758092018693
52.41457506796117,12.760437168674699,0.1182789297833774
52.41457506796117,12.760579783132531,0.11796575513162988
52.41457506796117,12.760722397590362,0.11766812068928596
52.41457506796117,12.760865012048193,0.11738668593159422
52.41457506796117,12.761007626506025,0.11712221880344012
52.41457506796117,12.761150240963856,0.11687707804378317
52.41457506796117,12.761292855421688,0.11665535673207307
52.41457506796117,12.761435469879519,0.11645205415397658
52.41457506796117,12.76157808433735,0.11626667294417642
52.41457506796117,12.761720698795182,0.11610581214142639
52.41457506796117,12.761863313253013,0.11596293986759533
52.41457506796117,12.762005927710844,0.11583460027779668
52.41457506796117,12.762148542168676,0.11573602402261421
52.41457506796117,12.762291156626507,0.11565400925025235
52.41457506796117,12.762433771084337,0.11559324640953676
52.41457506796117,12.76257638554217,0.11555003805992756
52.41457506796117,12.762719,0.11552760140252764
52.414667805825246,12.750882,0.14407620997148027
52.414667805825246,12.751024614457831,0.1440592808144361
52.414667805825246,12.751167228915664,0.144015438946542
52.414667805825246,12.751309843373495,0.14395644883446443
52.414667805825246,12.751452457831325,0.14387809193542744
52.414667805825246,12.751595072289158,0.14377952641375555
52.414667805825246,12.751737686746988,0.14366493972373345
52.414667805825246,12.75188030120482,0.1435254274643894
52.414667805825246,12.752022915662652,0.14336205679114045
52.414667805825246,12.752165530120482,0.14318652393642792
52.414667805825246,12.752308144578313,0.1429898740752423
52.414667805825246,12.752450759036146,0.1427764084944501
52.414667805825246,12.752593373493976,0.1425458319447298
52.414667805825246,12.752735987951809,0.1422980587923121
52.414667805825246,12.75287860240964,0.14202517076137713
52.414667805825246,12.75302121686747,0.14174184703800807
52.414667805825246,12.753163831325303,0.14144244706369985
52.414667805825246,12.753306445783133,0.1411219296265191
52.414667805825246,12.753449060240964,0.1407907161808186
52.414667805825246,12.753591674698797,0.14044073804005622
52.414667805825246,12.753734289156627,0.14007854657458632
52.414667805825246,12.753876903614458,0.1396966138098784
52.414667805825246,12.75401951807229,0.13930129126584442
52.414667805825246,12.754162132530121,0.13889354334443493
52.414667805825246,12.754304746987952,0.13847827093665568
52.414667805825246,12.754447361445784,0.13803855373926802
52.414667805825246,12.754589975903615,0.13759079646880093
52.414667805825246,12.754732590361446,0.13713051311022006
52.414667805825246,12.754875204819278,0.1366628749510108
52.414667805825246,12.755017819277109,0.13618752018199196
52.414667805825246,12.75516043373494,0.1357006193312782
52.414667805825246,12.755303048192772,0.13520250422692792
52.414667805825246,12.755445662650603,0.13469838995679098
52.414667805825246,12.755588277108435,0.13418177033051665
52.414667805825246,12.755730891566266,0.1336592336537537
52.414667805825246,12.755873506024097,0.13313066806767473
52.414667805825246,12.75601612048193,0.1325988344730502
52.414667805825246,12.75615873493976,0.13206420124362367
52.414667805825246,12.75630134939759,0.13151710669325953
52.414667805825246,12.756443963855423,0.13096373468816708
52.414667805825246,12.756586578313254,0.13041273308986437
52.414667805825246,12.756729192771084,0.12986719612573783
52.414667805825246,12.756871807228917,0.12931494565807483
52.414667805825246,12.757014421686748,0.12876243821486646
52.414667805825246,12.757157036144578,0.12821595715683964
52.414667805825246,12.75729965060241,0.12767005302392287
52.414667805825246,12.757442265060241,0.1271230349801501
52.414667805825246,12.757584879518072,0.12658111662113164
52.414667805825246,12.757727493975905,0.12603957800024365
52.414667805825246,12.757870108433735,0.12550391975075237
52.414667805825246,12.758012722891566,0.12497177511841592
52.414667805825246,12.758155337349399,0.1244484824435044
52.414667805825246,12.75829795180723,0.12393541365663505
52.414667805825246,12.758440566265062,0.12342165966583497
52.414667805825246,12.758583180722892,0.12291935132646377
52.414667805825246,12.758725795180723,0.12242430174751645
52.414667805825246,12.758868409638556,0.1219402749175666
52.414667805825246,12.759011024096386,0.1214601507750967
52.414667805825246,12.759153638554217,0.1209942931005989
52.414667805825246,12.75929625301205,0.12054862327281289
52.414667805825246,12.75943886746988,0.12011496439610798
52.414667805825246,12.759581481927711,0.11969007465864265
52.414667805825246,12.759724096385543,0.1192809120592924
52.414667805825246,12.759866710843374,0.1188799734657879
52.414667805825246,12.760009325301205,0.11849694947343475
52.414667805825246,12.760151939759037,0.1181304448632925
52.414667805825246,12.760294554216868,0.11778006326749514
52.414667805825246,12.760437168674699,0.11744476347156385
52.414667805825246,12.760579783132531,0.11712527263261707
52.414667805825246,12.760722397590362,0.11682168283384899
52.414667805825246,12.760865012048193,0.11653467543901948
52.414667805825246,12.761007626506025,0.11626498570948875
52.414667805825246,12.761150240963856,0.11601499698751176
52.414667805825246,12.761292855421688,0.11578880301213074
52.414667805825246,12.761435469879519,0.11558140535971065
52.414667805825246,12.76157808433735,0.11539229999742884
52.414667805825246,12.761720698795182,0.1152281925355534
52.414667805825246,12.761863313253013,0.11508241838140902
52.414667805825246,12.762005927710844,0.11495161733189929
52.414667805825246,12.762148542168676,0.11485097249569108
52.414667805825246,12.762291156626507,0.11476730306948327
52.414667805825246,12.762433771084337,0.11470527842883532
52.414667805825246,12.76257638554217,0.11466119394763896
52.414667805825246,12.762719,0.11463832120799408
52.41476054368932,12.750882,0.14377321601464219
52.41476054368932,12.751024614457831,0.1437558378559401
52.41476054368932,12.751167228915664,0.14371113657479478
52.41476054368932,12.751309843373495,0.1436508141602823
52.41476054368932,12.751452457831325,0.14357064938688624
52.41476054368932,12.751595072289158,0.14346985405324073
52.41476054368932,12.751737686746988,0.14335256703271296
52.41476054368932,12.75188030120482,0.14320995607313539
52.41476054368932,12.752022915662652,0.1430430577972235
52.41476054368932,12.752165530120482,0.14286353218080608
52.41476054368932,12.752308144578313,0.1426625255183353
52.41476054368932,12.752450759036146,0.14244420575255265
52.41476054368932,12.752593373493976,0.14220841508699325
52.41476054368932,12.752735987951809,0.14195503302456178
52.41476054368932,12.75287860240964,0.14167612148120187
52.41476054368932,12.75302121686747,0.14138639448545845
52.41476054368932,12.753163831325303,0.14108026681332467
52.41476054368932,12.753306445783133,0.1407526544476199
52.41476054368932,12.753449060240964,0.14041393808405364
52.41476054368932,12.753591674698797,0.14005611469279486
52.41476054368932,12.753734289156627,0.1396857420261985
52.41476054368932,12.753876903614458,0.1392953143453949
52.41476054368932,12.75401951807229,0.13889122857166245
52.41476054368932,12.754162132530121,0.13847442061943682
52.41476054368932,12.754304746987952,0.13804977661994067
52.41476054368932,12.754447361445784,0.13760048575477804
52.41476054368932,12.754589975903615,0.137142826766498
52.41476054368932,12.754732590361446,0.1366724525693119
52.41476054368932,12.754875204819278,0.1361944366897049
52.41476054368932,12.755017819277109,0.13570848608931246
52.41476054368932,12.75516043373494,0.1352108128978465
52.41476054368932,12.755303048192772,0.13470174214234312
52.41476054368932,12.755445662650603,0.13418650882094615
52.41476054368932,12.755588277108435,0.13365866284905475
52.41476054368932,12.755730891566266,0.13312471321493466
52.41476054368932,12.755873506024097,0.13258462310553035
52.41476054368932,12.75601612048193,0.1320411540697629
52.41476054368932,12.75615873493976,0.1314947916197397
52.41476054368932,12.75630134939759,0.1309359285446174
52.41476054368932,12.756443963855423,0.13037071942665085
52.41476054368932,12.756586578313254,0.1298078489020016
52.41476054368932,12.756729192771084,0.12925041289817688
52.41476054368932,12.756871807228917,0.12868624084998187
52.41476054368932,12.757014421686748,0.12812184159226667
52.41476054368932,12.757157036144578,0.12756346987615125
52.41476054368932,12.75729965060241,0.12700573498980483
52.41476054368932,12.757442265060241,0.1264469419317378
52.41476054368932,12.757584879518072,0.12589331533563816
52.41476054368932,12.757727493975905,0.12534017031832273
52.41476054368932,12.757870108433735,0.12479305153624307
52.41476054368932,12.758012722891566,0.12424953069981814
52.41476054368932,12.758155337349399,0.12371499669585423
52.41476054368932,12.75829795180723,0.12319086484127462
52.41476054368932,12.758440566265062,0.12266621911380177
52.41476054368932,12.758583180722892,0.12215321455506488
52.41476054368932,12.758725795180723,0.12164769166210376
52.41476054368932,12.758868409638556,0.12115337562371167
52.41476054368932,12.759011024096386,0.12066322826729026
52.41476054368932,12.759153638554217,0.1201875878237115
52.41476054368932,12.75929625301205,0.11973235072247145
52.41476054368932,12.75943886746988,0.11928941168725749
52.41476054368932,12.759581481927711,0.11885550510750745
52.41476054368932,12.759724096385543,0.11843767985537888
52.41476054368932,12.759866710843374,0.1180283911874002
52.41476054368932,12.760009325301205,0.1176373261299976
52.41476054368932,12.760151939759037,0.11726311148159291
52.41476054368932,12.760294554216868,0.1169053399370467
52.41476054368932,12.760437168674699,0.11656302173206974
52.41476054368932,12.760579783132531,0.11623686342942136
52.41476054368932,12.760722397590362,0.11592698738709223
52.41476054368932,12.760865012048193,0.11563409729180119
52.41476054368932,12.761007626506025,0.11535889449808318
52.41476054368932,12.761150240963856,0.11510378799091352
52.41476054368932,12.761292855421688,0.11487287251576202
52.41476054368932,12.761435469879519,0.1146611518916076
52.41476054368932,12.76157808433735,0.11446811502495866
52.41476054368932,12.761720698795182,0.11430058076025616
52.41476054368932,12.761863313253013,0.11415174345223592
52.41476054368932,12.762005927710844,0.11401834406242436
52.41476054368932,12.762148542168676,0.11391551567125449
52.41476054368932,12.762291156626507,0.11383009984959527
52.41476054368932,12.762433771084337,0.11376674301446406
52.41476054368932,12.76257638554217,0.1137217335432165
52.41476054368932,12.762719,0.11369840030876018
52.4148532815534,12.750882,0.14345987631965915
52.4148532815534,12.751024614457831,0.14344202395572486
52.4148532815534,12.751167228915664,0.14339641555060878
52.4148532815534,12.751309843373495,0.1433346870548024
52.4148532815534,12.751452457831325,0.14325261436082604
52.4148532815534,12.751595072289158,0.1431494653604546
52.4148532815534,12.751737686746988,0.14302932811197572
52.4148532815534,12.75188030120482,0.14288344625649313
52.4148532815534,12.752022915662652,0.14271282422811554
52.4148532815534,12.752165530120482,0.14252908425795405
52.4148532815534,12.752308144578313,0.14232347867015535
52.4148532815534,12.752450759036146,0.1421000351637926
52.4148532815534,12.752593373493976,0.1418587409802798
52.4148532815534,12.752735987951809,0.14159943845108738
52.4148532815534,12.75287860240964,0.14131416868606245
52.4148532815534,12.75302121686747,0.1410176828780325
52.4148532815534,12.753163831325303,0.14070445357757438
52.4148532815534,12.753306445783133,0.14036935211716095
52.4148532815534,12.753449060240964,0.14002271596525845
52.4148532815534,12.753591674698797,0.13965661154959066
52.4148532815534,12.753734289156627,0.13927760342405962
52.4148532815534,12.753876903614458,0.13887820885900656
52.4148532815534,12.75401951807229,0.1384648728665846
52.4148532815534,12.754162132530121,0.13803850148773422
52.4148532815534,12.754304746987952,0.13760396508154316
52.4148532815534,12.754447361445784,0.13714456838215597
52.4148532815534,12.754589975903615,0.1366764576356677
52.4148532815534,12.754732590361446,0.1361954315600006
52.4148532815534,12.754875204819278,0.13570646137080805
52.4148532815534,12.755017819277109,0.13520932579792933
52.4148532815534,12.75516043373494,0.13470028210008222
52.4148532815534,12.755303048192772,0.13417964693846018
52.4148532815534,12.755445662650603,0.13365267644002116
52.4148532815534,12.755588277108435,0.13311298004373734
52.4148532815534,12.755730891566266,0.1325669831936107
52.4148532815534,12.755873506024097,0.13201472820525145
52.4148532815534,12.75601612048193,0.13145897658864905
52.4148532815534,12.75615873493976,0.13090023301240056
52.4148532815534,12.75630134939759,0.13032894693509606
52.4148532815534,12.756443963855423,0.12975124268390664
52.4148532815534,12.756586578313254,0.12917584329662557
52.4148532815534,12.756729192771084,0.12860584676600245
52.4148532815534,12.756871807228917,0.12802909048824915
52.4148532815534,12.757014421686748,0.12745213820006757
52.4148532815534,12.757157036144578,0.12688121460601062
52.4148532815534,12.75729965060241,0.12631099140327645
52.4148532815534,12.757442265060241,0.12573976885888583
52.4148532815534,12.757584879518072,0.12517378312932115
52.4148532815534,12.757727493975905,0.12460838628934892
52.4148532815534,12.757870108433735,0.12404916902927693
52.4148532815534,12.758012722891566,0.12349363931397155
52.4148532815534,12.758155337349399,0.12294723888500214
52.4148532815534,12.75829795180723,0.12241142906846256
52.4148532815534,12.758440566265062,0.12187528579125671
52.4148532815534,12.758583180722892,0.12135098960808144
52.4148532815534,12.758725795180723,0.12083441070809459
52.4148532815534,12.758868409638556,0.1203292331573094
52.4148532815534,12.759011024096386,0.119828505158521
52.4148532815534,12.759153638554217,0.1193425377671275
52.4148532815534,12.75929625301205,0.11887720103834151
52.4148532815534,12.75943886746988,0.11842446555798379
52.4148532815534,12.759581481927711,0.11798104071030281
52.4148532815534,12.759724096385543,0.11755407109264965
52.4148532815534,12.759866710843374,0.11713596752895551
52.4148532815534,12.760009325301205,0.11673641381873381
52.4148532815534,12.760151939759037,0.11635405965164862
52.4148532815534,12.760294554216868,0.11598848730583149
52.4148532815534,12.760437168674699,0.11563875978556477
52.4148532815534,12.760579783132531,0.11530556299585026
52.4148532815534,12.760722397590362,0.11498905068891159
52.4148532815534,12.760865012048193,0.11468995063102073
52.4148532815534,12.761007626506025,0.1144089279111871
52.4148532815534,12.761150240963856,0.11414841887050657
52.4148532815534,12.761292855421688,0.11391251969975462
52.4148532815534,12.761435469879519,0.11369623538389888
52.4148532815534,12.76157808433735,0.11349904857114476
52.4148532815534,12.761720698795182,0.11332789639724469
52.4148532815534,12.761863313253013,0.11317582537980009
52.4148532815534,12.762005927710844,0.11303968321630702
52.4148532815534,12.762148542168676,0.11293454982967864
52.4148532815534,12.762291156626507,0.1128472903023476
52.4148532815534,12.762433771084337,0.11278252714218891
52.4148532815534,12.76257638554217,0.11273654128864144
52.4148532815534,12.762719,0.11271272223335814
52.41494601941748,12.750882,0.14313242071259294
52.41494601941748,12.751024614457831,0.14311407418537292
52.41494601941748,12.751167228915664,0.1430675205852054
52.41494601941748,12.751309843373495,0.1430043269432026
52.41494601941748,12.751452457831325,0.14292026582000508
52.41494601941748,12.751595072289158,0.14281466415177668
52.41494601941748,12.751737686746988,0.1426915564371363
52.41494601941748,12.75188030120482,0.14254226601185152
52.41494601941748,12.752022915662652,0.14236776351790953
52.41494601941748,12.752165530120482,0.14217963143186005
52.41494601941748,12.752308144578313,0.14196923374368894
52.41494601941748,12.752450759036146,0.14174045043930844
52.41494601941748,12.752593373493976,0.1414934212589872
52.41494601941748,12.752735987951809,0.14122794883308534
52.41494601941748,12.75287860240964,0.14093605280235094
52.41494601941748,12.75302121686747,0.1406325235108608
52.41494601941748,12.753163831325303,0.14031189351544543
52.41494601941748,12.753306445783133,0.1399689880288092
52.41494601941748,12.753449060240964,0.13961409838255284
52.41494601941748,12.753591674698797,0.13923936393831446
52.41494601941748,12.753734289156627,0.13885135633130702
52.41494601941748,12.753876903614458,0.13844261726905335
52.41494601941748,12.75401951807229,0.13801964189049237
52.41494601941748,12.754162132530121,0.13758330466032456
52.41494601941748,12.754304746987952,0.1371384597088212
52.41494601941748,12.754447361445784,0.13666853228941261
52.41494601941748,12.754589975903615,0.13618952983543098
52.41494601941748,12.754732590361446,0.135697403501152
52.41494601941748,12.754875204819278,0.13519701759452962
52.41494601941748,12.755017819277109,0.1346882263860772
52.41494601941748,12.75516043373494,0.13416733354518912
52.41494601941748,12.755303048192772,0.13363464718621124
52.41494601941748,12.755445662650603,0.1330954455767358
52.41494601941748,12.755588277108435,0.1325434007418686
52.41494601941748,12.755730891566266,0.13198484968719323
52.41494601941748,12.755873506024097,0.1314199180786923
52.41494601941748,12.75601612048193,0.13085136752097543
52.41494601941748,12.75615873493976,0.13027972224514903
52.41494601941748,12.75630134939759,0.12969549080961704
52.41494601941748,12.756443963855423,0.1291047661403216
52.41494601941748,12.756586578313254,0.1285163111165009
52.41494601941748,12.756729192771084,0.1279332261806104
52.41494601941748,12.756871807228917,0.12734335639064648
52.41494601941748,12.757014421686748,0.1267533235445944
52.41494601941748,12.757157036144578,0.1261693203479906
52.41494601941748,12.75729965060241,0.12558608351603842
52.41494601941748,12.757442265060241,0.125001908753088
52.41494601941748,12.757584879518072,0.12442304389397396
52.41494601941748,12.757727493975905,0.12384488003672436
52.41494601941748,12.757870108433735,0.12327305598871542
52.41494601941748,12.758012722891566,0.12270501250016017
52.41494601941748,12.758155337349399,0.12214624662166583
52.41494601941748,12.75829795180723,0.1215982677637229
52.41494601941748,12.758440566265062,0.12105014386128113
52.41494601941748,12.758583180722892,0.12051408174700266
52.41494601941748,12.758725795180723,0.1199859825680513
52.41494601941748,12.758868409638556,0.11946948679835273
52.41494601941748,12.759011024096386,0.11895773346646318
52.41494601941748,12.759153638554217,0.11846100531702711
52.41494601941748,12.75929625301205,0.11798514456309675
52.41494601941748,12.75943886746988,0.11752220118522672
52.41494601941748,12.759581481927711,0.1170688579905636
52.41494601941748,12.759724096385543,0.11663236011461227
52.41494601941748,12.759866710843374,0.1162050715273664
52.41494601941748,12.760009325301205,0.11579667267851895
52.41494601941748,12.760151939759037,0.11540583754119038
52.41494601941748,12.760294554216868,0.1150321368884831
52.41494601941748,12.760437168674699,0.11467468931471532
52.41494601941748,12.760579783132531,0.11433415850948467
52.41494601941748,12.760722397590362,0.11401073133730791
52.41494601941748,12.760865012048193,0.11370516085037888
52.41494601941748,12.761007626506025,0.11341807365409066
52.41494601941748,12.761150240963856,0.11315193534189165
52.41494601941748,12.761292855421688,0.11291084307308684
52.41494601941748,12.761435469879519,0.11268980363547472
52.41494601941748,12.76157808433735,0.11248829211423302
52.41494601941748,12.761720698795182,0.112313370314284
52.41494601941748,12.761863313253013,0.1121579293504258
52.41494601941748,12.762005927710844,0.11201892945301242
52.41494601941748,12.762148542168676,0.11191139456694597
52.41494601941748,12.762291156626507,0.11182221397649159
52.41494601941748,12.762433771084337,0.11175598552406828
52.41494601941748,12.76257638554217,0.11170898199960816
52.41494601941748,12.762719,0.11168465647826521
52.41503875728156,12.750882,0.14278527671849375
52.41503875728156,12.751024614457831,0.14276641558429984
52.41503875728156,12.751167228915664,0.14271887830936636
52.41503875728156,12.751309843373495,0.14265415968982212
52.41503875728156,12.751452457831325,0.14256802878435776
52.41503875728156,12.751595072289158,0.14245987399444446
52.41503875728156,12.751737686746988,0.14233367392598162
52.41503875728156,12.75188030120482,0.14218083574575738
52.41503875728156,12.752022915662652,0.1420022943966621
52.41503875728156,12.752165530120482,0.1418095900466884
52.41503875728156,12.752308144578313,0.14159420449103738
52.41503875728156,12.752450759036146,0.1413598628083013
52.41503875728156,12.752593373493976,0.1411068638934741
52.41503875728156,12.752735987951809,0.14083496948690416
52.41503875728156,12.75287860240964,0.14053617617631098
52.41503875728156,12.75302121686747,0.14022531537132857
52.41503875728156,12.753163831325303,0.1398969826441777
52.41503875728156,12.753306445783133,0.13954595417901441
52.41503875728156,12.753449060240964,0.13918247382367466
52.41503875728156,12.753591674698797,0.1387987569470232
52.41503875728156,12.753734289156627,0.13840138192598525
52.41503875728156,12.753876903614458,0.13798291640033733
52.41503875728156,12.75401951807229,0.1375499075089803
52.41503875728156,12.754162132530121,0.1371031971275736
52.41503875728156,12.754304746987952,0.13664762258614255
52.41503875728156,12.754447361445784,0.13616673462260157
52.41503875728156,12.754589975903615,0.13567639540409093
52.41503875728156,12.754732590361446,0.13517271577099318
52.41503875728156,12.754875204819278,0.13466044795419468
52.41503875728156,12.755017819277109,0.13413952472688062
52.41503875728156,12.75516043373494,0.1336062990179388
52.41503875728156,12.755303048192772,0.13306106941395435
52.41503875728156,12.755445662650603,0.13250913733000336
52.41503875728156,12.755588277108435,0.131944239843386
52.41503875728156,12.755730891566266,0.13137262227873076
52.41503875728156,12.755873506024097,0.13079449679717195
52.41503875728156,12.75601612048193,0.1302126247844566
52.41503875728156,12.75615873493976,0.12962755138091375
52.41503875728156,12.75630134939759,0.12902984678175225
52.41503875728156,12.756443963855423,0.1284255705985291
52.41503875728156,12.756586578313254,0.12782352755478593
52.41503875728156,12.756729192771084,0.12722682042475247
52.41503875728156,12.756871807228917,0.12662330242824937
52.41503875728156,12.757014421686748,0.12601965556288594
52.41503875728156,12.757157036144578,0.1254220393742705
52.41503875728156,12.75729965060241,0.12482525850965047
52.41503875728156,12.757442265060241,0.12422760387475068
52.41503875728156,12.757584879518072,0.12363533517971326
52.41503875728156,12.757727493975905,0.12304388393178066
52.41503875728156,12.757870108433735,0.12245893975116501
52.41503875728156,12.758012722891566,0.1218778724374133
52.41503875728156,12.758155337349399,0.1213062371300894
52.41503875728156,12.75829795180723,0.12074559372067906
52.41503875728156,12.758440566265062,0.12018500119138864
52.41503875728156,12.758583180722892,0.11963669387806584
52.41503875728156,12.758725795180723,0.11909660530249175
52.41503875728156,12.758868409638556,0.11856833030838401
52.41503875728156,12.759011024096386,0.11804510331782715
52.41503875728156,12.759153638554217,0.11753717648652358
52.41503875728156,12.75929625301205,0.11705036284047711
52.41503875728156,12.75943886746988,0.1165767957735099
52.41503875728156,12.759581481927711,0.1161131304966764
52.41503875728156,12.759724096385543,0.11566671674792262
52.41503875728156,12.759866710843374,0.11522986963592584
52.41503875728156,12.760009325301205,0.11481226588694743
52.41503875728156,12.760151939759037,0.11441260483496557
52.41503875728156,12.760294554216868,0.11403044529352427
52.41503875728156,12.760437168674699,0.11366496359279861
52.41503875728156,12.760579783132531,0.11331680021261362
52.41503875728156,12.760722397590362,0.11298617707427831
52.41503875728156,12.760865012048193,0.11267387296866205
52.41503875728156,12.761007626506025,0.11238047506236146
52.41503875728156,12.761150240963856,0.11210847853157689
52.41503875728156,12.761292855421688,0.11186198193882635
52.41503875728156,12.761435469879519,0.11163599396912953
52.41503875728156,12.76157808433735,0.11142998161687291
52.41503875728156,12.761720698795182,0.11125113715638603
52.41503875728156,12.761863313253013,0.11109218953511442
52.41503875728156,12.762005927710844,0.11095021597550064
52.41503875728156,12.762148542168676,0.1108401821471514
52.41503875728156,12.762291156626507,0.11074900223664773
52.41503875728156,12.762433771084337,0.11068124863812885
52.41503875728156,12.76257638554217,0.1106331857210329
52.41503875728156,12.762719,0.11060833287813669
52.41513149514563,12.750882,0.1424291338486613
52.41513149514563,12.751024614457831,0.14240973463127252
52.41513149514563,12.751167228915664,0.14236116923353162
52.41513149514563,12.751309843373495,0.14229485659581895
52.41513149514563,12.751452457831325,0.14220656238953427
52.41513149514563,12.751595072289158,0.14209573941932072
52.41513149514563,12.751737686746988,0.14196630778403876
52.41513149514563,12.75188030120482,0.14180976157527492
52.41513149514563,12.752022915662652,0.14162699918321495
52.41513149514563,12.752165530120482,0.14142951648242935
52.41513149514563,12.752308144578313,0.14120891791761161
52.41513149514563,12.752450759036146,0.14096876713406092
52.41513149514563,12.752593373493976,0.1407095290931648
52.41513149514563,12.752735987951809,0.1404309228462819
52.41513149514563,12.75287860240964,0.14012492112500216
52.41513149514563,12.75302121686747,0.1398063980986434
52.41513149514563,12.753163831325303,0.13947001490057775
52.41513149514563,12.753306445783133,0.13911049704597242
52.41513149514563,12.753449060240964,0.13873803839087054
52.41513149514563,12.753591674698797,0.13834493330962425
52.41513149514563,12.753734289156627,0.13793776812585237
52.41513149514563,12.753876903614458,0.13750913729035438
52.41513149514563,12.75401951807229,0.13706564242439112
52.41513149514563,12.754162132530121,0.1366080914174292
52.41513149514563,12.754304746987952,0.13614130313134637
52.41513149514563,12.754447361445784,0.13564896044837663
52.41513149514563,12.754589975903615,0.1351467733052227
52.41513149514563,12.754732590361446,0.1346310192893224
52.41513149514563,12.754875204819278,0.13410633331712682
52.41513149514563,12.755017819277109,0.1335727310278069
52.41513149514563,12.75516043373494,0.1330266163921206
52.41513149514563,12.755303048192772,0.13246827798415994
52.41513149514563,12.755445662650603,0.1319030414074756
52.41513149514563,12.755588277108435,0.13132471217280722
52.41513149514563,12.755730891566266,0.13073943868120014
52.41513149514563,12.755873506024097,0.13014752430736173
52.41513149514563,12.75601612048193,0.12955173022692273
52.41513149514563,12.75615873493976,0.12895262280261086
52.41513149514563,12.75630134939759,0.12834083716582026
52.41513149514563,12.756443963855423,0.1277223985868111
52.41513149514563,12.756586578313254,0.12710615497997912
52.41513149514563,12.756729192771084,0.12649521118864304
52.41513149514563,12.756871807228917,0.12587742988417833
52.41513149514563,12.757014421686748,0.12525955523818222
52.41513149514563,12.757157036144578,0.12464771255384727
52.41513149514563,12.75729965060241,0.12403677706501182
52.41513149514563,12.757442265060241,0.12342503482891222
52.41513149514563,12.757584879518072,0.12281875830500628
52.41513149514563,12.757727493975905,0.12221342093213079
52.41513149514563,12.757870108433735,0.12161476512360546
52.41513149514563,12.758012722891566,0.12102008737686892
52.41513149514563,12.758155337349399,0.12043500295305286
52.41513149514563,12.75829795180723,0.11986112419701062
52.41513149514563,12.758440566265062,0.11928750138354621
52.41513149514563,12.758583180722892,0.11872639758131207
52.41513149514563,12.758725795180723,0.11817377954392096
52.41513149514563,12.758868409638556,0.1176331947280289
52.41513149514563,12.759011024096386,0.1170979773282717
52.41513149514563,12.759153638554217,0.11657834727508454
52.41513149514563,12.75929625301205,0.11608008763498082
52.41513149514563,12.75943886746988,0.1155954183135785
52.41513149514563,12.759581481927711,0.11512096598500875
52.41513149514563,12.759724096385543,0.1146641894133793
52.41513149514563,12.759866710843374,0.11421735305618023
52.41513149514563,12.760009325301205,0.11379012977606784
52.41513149514563,12.760151939759037,0.11338124494917673
52.41513149514563,12.760294554216868,0.11299024563295249
52.41513149514563,12.760437168674699,0.11261636773825319
52.41513149514563,12.760579783132531,0.11226022797433455
52.41513149514563,12.760722397590362,0.11192208440910431
52.41513149514563,12.760865012048193,0.11160274370302231
52.41513149514563,12.761007626506025,0.11130275054017127
52.41513149514563,12.761150240963856,0.11102463222766193
52.41513149514563,12.761292855421688,0.1107724880362708
52.41513149514563,12.761435469879519,0.11054132851752223
52.41513149514563,12.76157808433735,0.11033061271462177
52.41513149514563,12.761720698795182,0.1101476692420981
52.41513149514563,12.761863313253013,0.1099850569773977
52.41513149514563,12.762005927710844,0.1098399756907789
52.41513149514563,12.762148542168676,0.10972733033002616
52.41513149514563,12.762291156626507,0.10963406151508363
52.41513149514563,12.762433771084337,0.10956471413231965
52.41513149514563,12.76257638554217,0.10951554418073564
52.41513149514563,12.762719,0.10949014035125207
52.41522423300971,12.750882,0.14204895315691193
52.41522423300971,12.751024614457831,0.14202899614824752
52.41522423300971,12.751167228915664,0.1419793657824834
52.41522423300971,12.751309843373495,0.14191140204731645
52.41522423300971,12.751452457831325,0.14182086670030586
52.41522423300971,12.751595072289158,0.14170727927583848
52.41522423300971,12.751737686746988,0.14157449918801843
52.41522423300971,12.75188030120482,0.14141411139803722
52.41522423300971,12.752022915662652,0.1412269754751726
52.41522423300971,12.752165530120482,0.14102454161632474
52.41522423300971,12.752308144578313,0.14079854241154116
52.41522423300971,12.752450759036146,0.1405523725678523
52.41522423300971,12.752593373493976,0.14028667025196842
52.41522423300971,12.752735987951809,0.14000110983528968
52.41522423300971,12.75287860240964,0.1396876391859254
52.41522423300971,12.75302121686747,0.13936117757229172
52.41522423300971,12.753163831325303,0.13901645384493183
52.41522423300971,12.753306445783133,0.13864814051144547
52.41522423300971,12.753449060240964,0.13826637942389247
52.41522423300971,12.753591674698797,0.13786354767311
52.41522423300971,12.753734289156627,0.1374462389334182
52.41522423300971,12.753876903614458,0.13700707610442334
52.41522423300971,12.75401951807229,0.13655271715565662
52.41522423300971,12.754162132530121,0.1360839346368328
52.41522423300971,12.754304746987952,0.13560552832203232
52.41522423300971,12.754447361445784,0.13510131772003825
52.41522423300971,12.754589975903615,0.13458685532039313
52.41522423300971,12.754732590361446,0.1340585918042795
52.41522423300971,12.754875204819278,0.1335210398790144
52.41522423300971,12.755017819277109,0.13297430110375008
52.41522423300971,12.75516043373494,0.13241483296319392
52.41522423300971,12.755303048192772,0.1318429131670935
52.41522423300971,12.755445662650603,0.13126389238598216
52.41522423300971,12.755588277108435,0.13067164738168455
52.41522423300971,12.755730891566266,0.13007222587783054
52.41522423300971,12.755873506024097,0.12946602571662635
52.41522423300971,12.75601612048193,0.12885580769148286
52.41522423300971,12.75615873493976,0.12824216083000045
52.41522423300971,12.75630134939759,0.12761578693736952
52.41522423300971,12.756443963855423,0.12698267531858665
52.41522423300971,12.756586578313254,0.12635171931682643
52.41522423300971,12.756729192771084,0.1257260262409571
52.41522423300971,12.756871807228917,0.12509346789828893
52.41522423300971,12.757014421686748,0.12446085297626974
52.41522423300971,12.757157036144578,0.12383427128489989
52.41522423300971,12.75729965060241,0.12320867142528226
52.41522423300971,12.757442265060241,0.12258233437165557
52.41522423300971,12.757584879518072,0.12196154525819539
52.41522423300971,12.757727493975905,0.121341821539562
52.41522423300971,12.757870108433735,0.12072896083211268
52.41522423300971,12.758012722891566,0.12012018277850442
52.41522423300971,12.758155337349399,0.11952116431832101
52.41522423300971,12.75829795180723,0.1189335734694774
52.41522423300971,12.758440566265062,0.11834645134166757
52.41522423300971,12.758583180722892,0.11777209022049044
52.41522423300971,12.758725795180723,0.11720649181546182
52.41522423300971,12.758868409638556,0.11665315367141368
52.41522423300971,12.759011024096386,0.11610551427361135
52.41522423300971,12.759153638554217,0.11557375987813215
52.41522423300971,12.75929625301205,0.11506364201335716
52.41522423300971,12.75943886746988,0.11456747103696849
52.41522423300971,12.759581481927711,0.11408184352267661
52.41522423300971,12.759724096385543,0.11361433161951662
52.41522423300971,12.759866710843374,0.11315714674304513
52.41522423300971,12.760009325301205,0.1127199574418547
52.41522423300971,12.760151939759037,0.1123015170733566
52.41522423300971,12.760294554216868,0.11190136011358773
52.41522423300971,12.760437168674699,0.1115187840339499
52.41522423300971,12.760579783132531,0.11115438068561033
52.41522423300971,12.760722397590362,0.11080844619436181
52.41522423300971,12.760865012048193,0.11048181598903417
52.41522423300971,12.761007626506025,0.11017499037616903
52.41522423300971,12.761150240963856,0.10989052982690367
52.41522423300971,12.761292855421688,0.10963253505637807
52.41522423300971,12.761435469879519,0.10939601805120075
52.41522423300971,12.76157808433735,0.10918042928768582
52.41522423300971,12.761720698795182,0.10899323954892474
52.41522423300971,12.761863313253013,0.10882683097727036
52.41522423300971,12.762005927710844,0.10867853049582252
52.41522423300971,12.762148542168676,0.1085631798926401
52.41522423300971,12.762291156626507,0.10846774690016216
52.41522423300971,12.762433771084337,0.1083967486393023
52.41522423300971,12.76257638554217,0.10834643174120676
52.41522423300971,12.762719,0.10832045692194944
52.41531697087379,12.750882,0.1416655278395076
52.41531697087379,12.751024614457831,0.14164499249664975
52.41531697087379,12.751167228915664,0.14159425777057494
52.41531697087379,12.751309843373495,0.14152458229330092
52.41531697087379,12.751452457831325,0.14143172296669246
52.41531697087379,12.751595072289158,0.14131526901854521
52.41531697087379,12.751737686746988,0.14117901712659822
52.41531697087379,12.75188030120482,0.1410146462519586
52.41531697087379,12.752022915662652,0.14082297548310896
52.41531697087379,12.752165530120482,0.1406154078701828
52.41531697087379,12.752308144578313,0.1403838086381276
52.41531697087379,12.752450759036146,0.14013139802289198
52.41531697087379,12.752593373493976,0.13985899302557012
52.41531697087379,12.752735987951809,0.13956622218043832
52.41531697087379,12.75287860240964,0.13924500744771756
52.41531697087379,12.75302121686747,0.13891031457847317
52.41531697087379,12.753163831325303,0.1385569427862447
52.41531697087379,12.753306445783133,0.1381795101133773
52.41531697087379,12.753449060240964,0.13778810399510272
52.41531697087379,12.753591674698797,0.1373751870113485
52.41531697087379,12.753734289156627,0.13694736076000702
52.41531697087379,12.753876903614458,0.1364972777709617
52.41531697087379,12.75401951807229,0.13603165429865605
52.41531697087379,12.754162132530121,0.1355512265471458
52.41531697087379,12.754304746987952,0.13506077439158454
52.41531697087379,12.754447361445784,0.1345442590924506
52.41531697087379,12.754589975903615,0.13401706951719422
52.41531697087379,12.754732590361446,0.1334758357854212
52.41531697087379,12.754875204819278,0.13292494417262707
52.41531697087379,12.755017819277109,0.1323645848703922
52.41531697087379,12.75516043373494,0.13179127177954245
52.41531697087379,12.755303048192772,0.13120527068011612
52.41531697087379,12.755445662650603,0.13061195812975243
52.41531697087379,12.755588277108435,0.13000528514841375
52.41531697087379,12.755730891566266,0.1293911948200025
52.41531697087379,12.755873506024097,0.12877018292293663
52.41531697087379,12.75601612048193,0.1281450101409767
52.41531697087379,12.75615873493976,0.12751628889225625
52.41531697087379,12.75630134939759,0.1268747897953018
52.41531697087379,12.756443963855423,0.12622646537723198
52.41531697087379,12.756586578313254,0.1255802559051285
52.41531697087379,12.756729192771084,0.12493927081096005
52.41531697087379,12.756871807228917,0.12429139180247709
52.41531697087379,12.757014421686748,0.12364349413287817
52.41531697087379,12.757157036144578,0.1230016309488379
52.41531697087379,12.75729965060241,0.12236082733197881
52.41531697087379,12.757442265060241,0.12171935857210503
52.41531697087379,12.757584879518072,0.12108352340646025
52.41531697087379,12.757727493975905,0.12044888440815049
52.41531697087379,12.757870108433735,0.11982129647338076
52.41531697087379,12.758012722891566,0.11919789960839815
52.41531697087379,12.758155337349399,0.11858443484434353
52.41531697087379,12.75829795180723,0.11798262793909269
52.41531697087379,12.758440566265062,0.11738151006505315
52.41531697087379,12.758583180722892,0.1167934044964281
52.41531697087379,12.758725795180723,0.11621434857627808
52.41531697087379,12.758868409638556,0.11564778854908808
52.41531697087379,12.759011024096386,0.11508727079115821
52.41531697087379,12.759153638554217,0.1145429465742491
52.41531697087379,12.75929625301205,0.1140205347405712
52.41531697087379,12.75943886746988,0.11351243927172219
52.41531697087379,12.759581481927711,0.1130152257808978
52.41531697087379,12.759724096385543,0.11253658420228142
52.41531697087379,12.759866710843374,0.11206867059836235
52.41531697087379,12.760009325301205,0.11162114926076101
52.41531697087379,12.760151939759037,0.11119280237686799
52.41531697087379,12.760294554216868,0.1107831516788442
52.41531697087379,12.760437168674699,0.11039155795317229
52.41531697087379,12.760579783132531,0.11001858714936348
52.41531697087379,12.760722397590362,0.10966457556064645
52.41531697087379,12.760865012048193,0.10933038843947049
52.41531697087379,12.761007626506025,0.1090164795718164
52.41531697087379,12.761150240963856,0.10872544394029086
52.41531697087379,12.761292855421688,0.10846138416769094
52.41531697087379,12.761435469879519,0.10821931257520044
52.41531697087379,12.76157808433735,0.10799867220521098
52.41531697087379,12.761720698795182,0.10780708033711403
52.41531697087379,12.761863313253013,0.10763673597137607
52.41531697087379,12.762005927710844,0.10748509822460221
52.41531697087379,12.762148542168676,0.10736694314775591
52.41531697087379,12.762291156626507,0.1072692666125001
52.41531697087379,12.762433771084337,0.10719655686549552
52.41531697087379,12.76257638554217,0.10714505073025114
52.41531697087379,12.762719,0.10711848357860959
52.41540970873786,12.750882,0.1412653768087369
52.41540970873786,12.751024614457831,0.1412442435098059
52.41540970873786,12.751167228915664,0.14119236697038184
52.41540970873786,12.751309843373495,0.14112092196783932
52.41540970873786,12.751452457831325,0.14102566042561485
52.41540970873786,12.751595072289158,0.14090624330171264
52.41540970873786,12.751737686746988,0.14076640211742067
52.41540970873786,12.75188030120482,0.1405979135086422
52.41540970873786,12.752022915662652,0.1404015548161198
52.41540970873786,12.752165530120482,0.14018867990754377
52.41540970873786,12.752308144578313,0.13995129195961367
52.41540970873786,12.752450759036146,0.13969242949289903
52.41540970873786,12.752593373493976,0.13941309536569715
52.41540970873786,12.752735987951809,0.1391128705405585
52.41540970873786,12.75287860240964,0.1387836501166817
52.41540970873786,12.75302121686747,0.13844044815105033
52.41540970873786,12.753163831325303,0.1380781363168601
52.41540970873786,12.753306445783133,0.13769127650805274
52.41540970873786,12.753449060240964,0.13728989972022926
52.41540970873786,12.753591674698797,0.13686655695134978
52.41540970873786,12.753734289156627,0.1364278579901724
52.41540970873786,12.753876903614458,0.13596648600031125
52.41540970873786,12.75401951807229,0.1354892177662984
52.41540970873786,12.754162132530121,0.13499675158158325
52.41540970873786,12.754304746987952,0.13449384745282417
52.41540970873786,12.754447361445784,0.1339646123774157
52.41540970873786,12.754589975903615,0.13342426602461416
52.41540970873786,12.754732590361446,0.13286962477022826
52.41540970873786,12.754875204819278,0.13230494299823903
52.41540970873786,12.755017819277109,0.1317305034204046
52.41540970873786,12.75516043373494,0.13114287799553867
52.41540970873786,12.755303048192772,0.13054232069258537
52.41540970873786,12.755445662650603,0.1299342341664935
52.41540970873786,12.755588277108435,0.12931264681508062
52.41540970873786,12.755730891566266,0.12868339297048415
52.41540970873786,12.755873506024097,0.1280470697733372
52.41540970873786,12.75601612048193,0.12740643780237015
52.41540970873786,12.75615873493976,0.12676213363540273
52.41540970873786,12.75630134939759,0.1261049994209265
52.41540970873786,12.756443963855423,0.12544094942947254
52.41540970873786,12.756586578313254,0.12477897240743059
52.41540970873786,12.756729192771084,0.12412218038857672
52.41540970873786,12.756871807228917,0.12345846428143976
52.41540970873786,12.757014421686748,0.12279476917271023
52.41540970873786,12.757157036144578,0.12213710972118537
52.41540970873786,12.75729965060241,0.12148059035480119
52.41540970873786,12.757442265060241,0.1208234802222597
52.41540970873786,12.757584879518072,0.12017209233014516
52.41540970873786,12.757727493975905,0.11952203578234978
52.41540970873786,12.757870108433735,0.11887922474961163
52.41540970873786,12.758012722891566,0.11824071701638357
52.41540970873786,12.758155337349399,0.11761231990868375
52.41540970873786,12.75829795180723,0.11699581873513058
52.41540970873786,12.758440566265062,0.11638023395609588
52.41540970873786,12.758583180722892,0.11577792131372157
52.41540970873786,12.758725795180723,0.1151849553567498
52.41540970873786,12.758868409638556,0.11460472854815569
52.41540970873786,12.759011024096386,0.11403089921123202
52.41540970873786,12.759153638554217,0.11347358245474409
52.41540970873786,12.75929625301205,0.11293846298323246
52.41540970873786,12.75943886746988,0.11241804205178976
52.41540970873786,12.759581481927711,0.11190885298818774
52.41540970873786,12.759724096385543,0.11141870772509004
52.41540970873786,12.759866710843374,0.11093970454607124
52.41540970873786,12.760009325301205,0.11048150396724997
52.41540970873786,12.760151939759037,0.11004291720769817
52.41540970873786,12.760294554216868,0.10962345354391308
52.41540970873786,12.760437168674699,0.10922253911795878
52.41540970873786,12.760579783132531,0.10884071289102293
52.41540970873786,12.760722397590362,0.10847835257636393
52.41540970873786,12.760865012048193,0.10813635437849974
52.41540970873786,12.761007626506025,0.10781512396334952
52.41540970873786,12.761150240963856,0.10751729248777755
52.41540970873786,12.761292855421688,0.10724696356004171
52.41540970873786,12.761435469879519,0.10699915085032735
52.41540970873786,12.76157808433735,0.1067732886380092
52.41540970873786,12.761720698795182,0.10657714706017832
52.41540970873786,12.761863313253013,0.10640273453491811
52.41540970873786,12.762005927710844,0.10624764763082813
52.41540970873786,12.762148542168676,0.106126594130098
52.41540970873786,12.762291156626507,0.1060265986025029
52.41540970873786,12.762433771084337,0.10595211982208035
52.41540970873786,12.76257638554217,0.10589938417206182
52.41540970873786,12.762719,0.1058722047219179
52.41550244660194,12.750882,0.14086134444727696
52.41550244660194,12.751024614457831,0.140839596678361
52.41550244660194,12.751167228915664,0.14078654725648568
52.41550244660194,12.751309843373495,0.14071328383773085
52.41550244660194,12.751452457831325,0.14061555308992962
52.41550244660194,12.751595072289158,0.14049309035785149
52.41550244660194,12.751737686746988,0.14034956064566204
52.41550244660194,12.75188030120482,0.14017684058780866
52.41550244660194,12.752022915662652,0.1399756637088687
52.41550244660194,12.752165530120482,0.13975733391504985
52.41550244660194,12.752308144578313,0.13951399712514037
52.41550244660194,12.752450759036146,0.1392485037280212
52.41550244660194,12.752593373493976,0.13896204816915642
52.41550244660194,12.752735987951809,0.1386541629865539
52.41550244660194,12.75287860240964,0.1383167150486097
52.41550244660194,12.75302121686747,0.1379647680168517
52.41550244660194,12.753163831325303,0.1375932690656968
52.41550244660194,12.753306445783133,0.13719672112380316
52.41550244660194,12.753449060240964,0.1367850973535891
52.41550244660194,12.753591674698797,0.1363510395646827
52.41550244660194,12.753734289156627,0.13590116666661167
52.41550244660194,12.753876903614458,0.13542819261913058
52.41550244660194,12.75401951807229,0.1349389568909379
52.41550244660194,12.754162132530121,0.13443411919579462
52.41550244660194,12.754304746987952,0.13391841800935025
52.41550244660194,12.754447361445784,0.13337611106493108
52.41550244660194,12.754589975903615,0.13282224326761458
52.41550244660194,12.754732590361446,0.13225382291937066
52.41550244660194,12.754875204819278,0.13167496860263955
52.41550244660194,12.755017819277109,0.13108605859810699
52.41550244660194,12.75516043373494,0.130483724321069
52.41550244660194,12.755303048192772,0.12986820771483643
52.41550244660194,12.755445662650603,0.12924493804970136
52.41550244660194,12.755588277108435,0.12860802374857536
52.41550244660194,12.755730891566266,0.12796318646298246
52.41550244660194,12.755873506024097,0.1273111278540337
52.41550244660194,12.75601612048193,0.1266546087482106
52.41550244660194,12.75615873493976,0.12599429016654384
52.41550244660194,12.75630134939759,0.1253210877742807
52.41550244660194,12.756443963855423,0.12464087675963935
52.41550244660194,12.756586578313254,0.12396269547573065
52.41550244660194,12.756729192771084,0.12328965884896755
52.41550244660194,12.756871807228917,0.12260966755886246
52.41550244660194,12.757014421686748,0.12192973760624919
52.41550244660194,12.757157036144578,0.12125584456981678
52.41550244660194,12.75729965060241,0.12058317466067302
52.41550244660194,12.757442265060241,0.11990999007927415
52.41550244660194,12.757584879518072,0.11924261875554712
52.41550244660194,12.757727493975905,0.11857671769983846
52.41550244660194,12.757870108433735,0.11791826311505832
52.41550244660194,12.758012722891566,0.11726422635239449
52.41550244660194,12.758155337349399,0.11662048336183638
52.41550244660194,12.75829795180723,0.11598888135132393
52.41550244660194,12.758440566265062,0.11535842930687272
52.41550244660194,12.758583180722892,0.11474151670896625
52.41550244660194,12.758725795180723,0.11413425581193297
52.41550244660194,12.758868409638556,0.1135399833885136
52.41550244660194,12.759011024096386,0.11295247410493288
52.41550244660194,12.759153638554217,0.11238180563347683
52.41550244660194,12.75929625301205,0.11183362681887715
52.41550244660194,12.75943886746988,0.11130053932197703
52.41550244660194,12.759581481927711,0.11077904308605864
52.41550244660194,12.759724096385543,0.11027707602402965
52.41550244660194,12.759866710843374,0.10978667656616739
52.41550244660194,12.760009325301205,0.10931750129230948
52.41550244660194,12.760151939759037,0.10886839123988795
52.41550244660194,12.760294554216868,0.10843884327189157
52.41550244660194,12.760437168674699,0.10802835028362523
52.41550244660194,12.760579783132531,0.10763742354151132
52.41550244660194,12.760722397590362,0.10726648367706931
52.41550244660194,12.760865012048193,0.10691645905978472
52.41550244660194,12.761007626506025,0.10658770443819164
52.41550244660194,12.761150240963856,0.10628288913681669
52.41550244660194,12.761292855421688,0.10600611806482793
52.41550244660194,12.761435469879519,0.10575240555459152
52.41550244660194,12.76157808433735,0.1055211766730049
52.41550244660194,12.761720698795182,0.10532035979234666
52.41550244660194,12.761863313253013,0.10514176670607306
52.41550244660194,12.762005927710844,0.10498313550339045
52.41550244660194,12.762148542168676,0.10485910333679428
52.41550244660194,12.762291156626507,0.10475672506879521
52.41550244660194,12.762433771084337,0.10468042832556788
52.41550244660194,12.76257638554217,0.10462642865203556
52.41550244660194,12.762719,0.10459862003899836
52.41559518446602,12.750882,0.14044394882157002
52.41559518446602,12.751024614457831,0.14042156541729503
52.41559518446602,12.751167228915664,0.14036730369071987
52.41559518446602,12.751309843373495,0.14029216137097078
52.41559518446602,12.751452457831325,0.14019187941255615
52.41559518446602,12.751595072289158,0.14006626929563215
52.41559518446602,12.751737686746988,0.1399189277941129
52.41559518446602,12.75188030120482,0.13974183467551482
52.41559518446602,12.752022915662652,0.13953567904472633
52.41559518446602,12.752165530120482,0.1393117123339763
52.41559518446602,12.752308144578313,0.13906222779091887
52.41559518446602,12.752450759036146,0.1387898820987679
52.41559518446602,12.752593373493976,0.13849606736405173
52.41559518446602,12.752735987951809,0.13818026567963693
52.41559518446602,12.75287860240964,0.13783431541612923
52.41559518446602,12.75302121686747,0.13747333145809662
52.41559518446602,12.753163831325303,0.1370923383255334
52.41559518446602,12.753306445783133,0.13668577876308718
52.41559518446602,12.753449060240964,0.13626356582431812
52.41559518446602,12.753591674698797,0.13581843546828262
52.41559518446602,12.753734289156627,0.13535701489991053
52.41559518446602,12.753876903614458,0.13487205151404802
52.41559518446602,12.75401951807229,0.1343704483862355
52.41559518446602,12.754162132530121,0.13385282596644507
52.41559518446602,12.754304746987952,0.13332390026906404
52.41559518446602,12.754447361445784,0.1327680849767845
52.41559518446602,12.754589975903615,0.13220024431055868
52.41559518446602,12.754732590361446,0.13161758494458103
52.41559518446602,12.754875204819278,0.13102408479132532
52.41559518446602,12.755017819277109,0.1304202211341978
52.41559518446602,12.75516043373494,0.12980268719510243
52.41559518446602,12.755303048192772,0.12917171143910747
52.41559518446602,12.755445662650603,0.12853275181088666
52.41559518446602,12.755588277108435,0.12787999890299215
52.41559518446602,12.755730891566266,0.1272190575262428
52.41559518446602,12.755873506024097,0.12655073845555176
52.41559518446602,12.75601612048193,0.12587780166927925
52.41559518446602,12.75615873493976,0.12520093429792503
52.41559518446602,12.75630134939759,0.12451112731163573
52.41559518446602,12.756443963855423,0.12381421568047772
52.41559518446602,12.756586578313254,0.12311928933430412
52.41559518446602,12.756729192771084,0.12242946556900351
52.41559518446602,12.756871807228917,0.12173265564526474
52.41559518446602,12.757014421686748,0.1210359489502698
52.41559518446602,12.757157036144578,0.12034528036459105
52.41559518446602,12.75729965060241,0.11965592056694853
52.41559518446602,12.757442265060241,0.11896612541507483
52.41559518446602,12.757584879518072,0.11828223741550911
52.41559518446602,12.757727493975905,0.11759996319055249
52.41559518446602,12.757870108433735,0.11692534271301534
52.41559518446602,12.758012722891566,0.1162552587957032
52.41559518446602,12.758155337349399,0.11559565783370572
52.41559518446602,12.75829795180723,0.11494845089154278
52.41559518446602,12.758440566265062,0.11430263556224649
52.41559518446602,12.758583180722892,0.1136706358859687
52.41559518446602,12.758725795180723,0.11304860319392532
52.41559518446602,12.758868409638556,0.11243981667542724
52.41559518446602,12.759011024096386,0.11183817123358558
52.41559518446602,12.759153638554217,0.1112537055110584
52.41559518446602,12.75929625301205,0.11069203138117
52.41559518446602,12.75943886746988,0.11014585474105568
52.41559518446602,12.759581481927711,0.10961164096481563
52.41559518446602,12.759724096385543,0.10909745772409665
52.41559518446602,12.759866710843374,0.10859528171292776
52.41559518446602,12.760009325301205,0.10811476537269885
52.41559518446602,12.760151939759037,0.10765478092518727
52.41559518446602,12.760294554216868,0.107214812961265
52.41559518446602,12.760437168674699,0.10679442171774385
52.41559518446602,12.760579783132531,0.10639409081540428
52.41559518446602,12.760722397590362,0.10601428485292358
52.41559518446602,12.760865012048193,0.10565596602054929
52.41559518446602,12.761007626506025,0.10531943607519417
52.41559518446602,12.761150240963856,0.10500740401311193
52.41559518446602,12.761292855421688,0.10472397568516871
52.41559518446602,12.761435469879519,0.10446416630522423
52.41559518446602,12.76157808433735,0.10422739200064328
52.41559518446602,12.761720698795182,0.10402174382539715
52.41559518446602,12.761863313253013,0.1038388306233981
52.41559518446602,12.762005927710844,0.10367653702142852
52.41559518446602,12.762148542168676,0.10354942700407915
52.41559518446602,12.762291156626507,0.10344458630870099
52.41559518446602,12.762433771084337,0.1033664108055889
52.41559518446602,12.76257638554217,0.10331110520074041
52.41559518446602,12.762719,0.10328264613381571
52.4156879223301,12.750882,0.14001639742178065
52.4156879223301,12.751024614457831,0.13999336246335656
52.4156879223301,12.751167228915664,0.13993785866355574
52.4156879223301,12.751309843373495,0.13986079090805748
52.4156879223301,12.751452457831325,0.13975789451432447
52.4156879223301,12.751595072289158,0.13962905937608433
52.4156879223301,12.751737686746988,0.13947781170415774
52.4156879223301,12.75188030120482,0.13929623739305377
52.4156879223301,12.752022915662652,0.1390849793971456
52.4156879223301,12.752165530120482,0.13885523602301303
52.4156879223301,12.752308144578313,0.1385994519053528
52.4156879223301,12.752450759036146,0.1383200839118116
52.4156879223301,12.752593373493976,0.13801872817575972
52.4156879223301,12.752735987951809,0.13769481385505725
52.4156879223301,12.75287860240964,0.1373401506637701
52.4156879223301,12.75302121686747,0.1369699062519341
52.4156879223301,12.753163831325303,0.1365791842904459
52.4156879223301,12.753306445783133,0.13616236594049397
52.4156879223301,12.753449060240964,0.1357293020009502
52.4156879223301,12.753591674698797,0.1352728255297051
52.4156879223301,12.753734289156627,0.13479957176381066
52.4156879223301,12.753876903614458,0.13430232279357246
52.4156879223301,12.75401951807229,0.1337880463523828
52.4156879223301,12.754162132530121,0.133257323710724
52.4156879223301,12.754304746987952,0.13271484719544882
52.4156879223301,12.754447361445784,0.13214519021892562
52.4156879223301,12.754589975903615,0.1315630315072579
52.4156879223301,12.754732590361446,0.13096578164840558
52.4156879223301,12.754875204819278,0.13035727391150795
52.4156879223301,12.755017819277109,0.12973808708758414
52.4156879223301,12.75516043373494,0.12910497855179137
52.4156879223301,12.755303048192772,0.1284581625774423
52.4156879223301,12.755445662650603,0.12780312620337697
52.4156879223301,12.755588277108435,0.12713414452384336
52.4156879223301,12.755730891566266,0.1264567021684175
52.4156879223301,12.755873506024097,0.1257717221133436
52.4156879223301,12.75601612048193,0.12508196296570384
52.4156879223301,12.75615873493976,0.12438813874997257
52.4156879223301,12.75630134939759,0.12368131799937755
52.4156879223301,12.756443963855423,0.12296729458005759
52.4156879223301,12.756586578313254,0.1222552106457773
52.4156879223301,12.756729192771084,0.1215481865593256
52.4156879223301,12.756871807228917,0.1208341439154327
52.4156879223301,12.757014421686748,0.1201202471820806
52.4156879223301,12.757157036144578,0.11941239059160291
52.4156879223301,12.75729965060241,0.11870593048568744
52.4156879223301,12.757442265060241,0.1179991161748931
52.4156879223301,12.757584879518072,0.11729830520078986
52.4156879223301,12.757727493975905,0.11659925501091085
52.4156879223301,12.757870108433735,0.11590807146970439
52.4156879223301,12.758012722891566,0.11522154590280126
52.4156879223301,12.758155337349399,0.11454569681122727
52.4156879223301,12.75829795180723,0.1138825012812057
52.4156879223301,12.758440566265062,0.11322094541921815
52.4156879223301,12.758583180722892,0.11257348810961927
52.4156879223301,12.758725795180723,0.11193632088908086
52.4156879223301,12.758868409638556,0.11131266366274863
52.4156879223301,12.759011024096386,0.11069653499474372
52.4156879223301,12.759153638554217,0.11009793337374632
52.4156879223301,12.75929625301205,0.10952243276656966
52.4156879223301,12.75943886746988,0.1089628459003479
52.4156879223301,12.759581481927711,0.10841560212536692
52.4156879223301,12.759724096385543,0.10788890325152499
52.4156879223301,12.759866710843374,0.10737466195027252
52.4156879223301,12.760009325301205,0.10688252646386313
52.4156879223301,12.760151939759037,0.10641140089909365
52.4156879223301,12.760294554216868,0.10596075745098583
52.4156879223301,12.760437168674699,0.10553022532873624
52.4156879223301,12.760579783132531,0.10512025992473002
52.4156879223301,12.760722397590362,0.10473137057147167
52.4156879223301,12.760865012048193,0.10436455456818133
52.4156879223301,12.761007626506025,0.1040200589824402
52.4156879223301,12.761150240963856,0.10370063359092223
52.4156879223301,12.761292855421688,0.10341038544823909
52.4156879223301,12.761435469879519,0.10314432963475006
52.4156879223301,12.76157808433735,0.10290187386770203
52.4156879223301,12.761720698795182,0.10269127648135642
52.4156879223301,12.761863313253013,0.10250393693579544
52.4156879223301,12.762005927710844,0.10233789163042951
52.4156879223301,12.762148542168676,0.10220762875126077
52.4156879223301,12.762291156626507,0.10210026551892351
52.4156879223301,12.762433771084337,0.10202016527967467
52.4156879223301,12.76257638554217,0.10196352131076906
52.4156879223301,12.762719,0.10193439565236136
52.41578066019417,12.750882,0.13959248882470363
52.41578066019417,12.751024614457831,0.13956878350938118
52.41578066019417,12.751167228915664,0.13951200187115909
52.41578066019417,12.751309843373495,0.13943295355971733
52.41578066019417,12.751452457831325,0.13932736785760552
52.41578066019417,12.751595072289158,0.13919521525473474
52.41578066019417,12.751737686746988,0.13903994965979669
52.41578066019417,12.75188030120482,0.138853765931356
52.41578066019417,12.752022915662652,0.13863725957704268
52.41578066019417,12.752165530120482,0.13840157362487615
52.41578066019417,12.752308144578313,0.138139309429934
52.41578066019417,12.752450759036146,0.13785271819828587
52.41578066019417,12.752593373493976,0.13754360508189567
52.41578066019417,12.752735987951809,0.13721134576882593
52.41578066019417,12.75287860240964,0.13684772020903185
52.41578066019417,12.75302121686747,0.1364679496349264
52.41578066019417,12.753163831325303,0.13606721990456608
52.41578066019417,12.753306445783133,0.13563984831497172
52.41578066019417,12.753449060240964,0.1351956224086909
52.41578066019417,12.753591674698797,0.13472747441697286
52.41578066019417,12.753734289156627,0.13424204840974086
52.41578066019417,12.753876903614458,0.133732161582527
52.41578066019417,12.75401951807229,0.13320484854796952
52.41578066019417,12.754162132530121,0.13266065042008873
52.41578066019417,12.754304746987952,0.13210423477033506
52.41578066019417,12.754447361445784,0.1315203396138247
52.41578066019417,12.754589975903615,0.13092345263193805
52.41578066019417,12.754732590361446,0.13031119437387448
52.41578066019417,12.754875204819278,0.12968724905566034
52.41578066019417,12.755017819277109,0.12905229983090702
52.41578066019417,12.75516043373494,0.12840317087977754
52.41578066019417,12.755303048192772,0.12774006128926207
52.41578066019417,12.755445662650603,0.1270684875102551
52.41578066019417,12.755588277108435,0.126382812146542
52.41578066019417,12.755730891566266,0.12568839667137668
52.41578066019417,12.755873506024097,0.12498627835131569
52.41578066019417,12.75601612048193,0.12427921509428728
52.41578066019417,12.75615873493976,0.12356794898592127
52.41578066019417,12.75630134939759,0.12284362743477467
52.41578066019417,12.756443963855423,0.12211200208546938
52.41578066019417,12.756586578313254,0.121382269652305
52.41578066019417,12.756729192771084,0.12065755317649182
52.41578066019417,12.756871807228917,0.11992578497648132
52.41578066019417,12.757014421686748,0.11919420667457756
52.41578066019417,12.757157036144578,0.11846867028728854
52.41578066019417,12.75729965060241,0.11774462100303722
52.41578066019417,12.757442265060241,0.11702030091407453
52.41578066019417,12.757584879518072,0.11630208300982124
52.41578066019417,12.757727493975905,0.1155857771492575
52.41578066019417,12.757870108433735,0.11487755692184463
52.41578066019417,12.758012722891566,0.114174119946293
52.41578066019417,12.758155337349399,0.113481558879414
52.41578066019417,12.75829795180723,0.11280191843416512
52.41578066019417,12.758440566265062,0.11212417235488427
52.41578066019417,12.758583180722892,0.11146081585133036
52.41578066019417,12.758725795180723,0.11080808197678285
52.41578066019417,12.758868409638556,0.1101691289944754
52.41578066019417,12.759011024096386,0.10953810365192886
52.41578066019417,12.759153638554217,0.10892496255490385
52.41578066019417,12.75929625301205,0.10833524050372366
52.41578066019417,12.75943886746988,0.1077618605318365
52.41578066019417,12.759581481927711,0.10720121489129243
52.41578066019417,12.759724096385543,0.10666164303022616
52.41578066019417,12.759866710843374,0.10613499199407284
52.41578066019417,12.760009325301205,0.10563090545516686
52.41578066019417,12.760151939759037,0.10514832062378505
52.41578066019417,12.760294554216868,0.10468669737085211
52.41578066019417,12.760437168674699,0.1042457348117689
52.41578066019417,12.760579783132531,0.10382585942789391
52.41578066019417,12.760722397590362,0.10342762746009615
52.41578066019417,12.760865012048193,0.10305207162408828
52.41578066019417,12.761007626506025,0.10269938262823508
52.41578066019417,12.761150240963856,0.10237235282494349
52.41578066019417,12.761292855421688,0.10207509031494894
52.41578066019417,12.761435469879519,0.10180260967220534
52.41578066019417,12.76157808433735,0.10155431030530883
52.41578066019417,12.761720698795182,0.1013386221444521
52.41578066019417,12.761863313253013,0.10114673023803865
52.41578066019417,12.762005927710844,0.10097682638487643
52.41578066019417,12.762148542168676,0.10084332043526575
52.41578066019417,12.762291156626507,0.10073336313249226
52.41578066019417,12.762433771084337,0.10065128303119206
52.41578066019417,12.76257638554217,0.10059326275599524
52.41578066019417,12.762719,0.10056345148580419
52.41587339805825,12.750882,0.13914414958036964
52.41587339805825,12.751024614457831,0.139119757024611
52.41587339805825,12.751167228915664,0.13906166613842458
52.41587339805825,12.751309843373495,0.13898058881647365
52.41587339805825,12.751452457831325,0.13887224747911828
52.41587339805825,12.751595072289158,0.13873669561581298
52.41587339805825,12.751737686746988,0.13857731300375645
52.41587339805825,12.75188030120482,0.1383864062237363
52.41587339805825,12.752022915662652,0.13816452212954405
52.41587339805825,12.752165530120482,0.13792274723385176
52.41587339805825,12.752308144578313,0.13765384325779945
52.41587339805825,12.752450759036146,0.13735985068586543
52.41587339805825,12.752593373493976,0.1370427889763364
52.41587339805825,12.752735987951809,0.1367019792403517
52.41587339805825,12.75287860240964,0.13632917011996606
52.41587339805825,12.75302121686747,0.1359396393525622
52.41587339805825,12.753163831325303,0.13552865573620726
52.41587339805825,12.753306445783133,0.13509047143367287
52.41587339805825,12.753449060240964,0.1346348087882738
52.41587339805825,12.753591674698797,0.1341547016621052
52.41587339805825,12.753734289156627,0.13365680329937576
52.41587339805825,12.753876903614458,0.1331339675595673
52.41587339805825,12.75401951807229,0.13259329675923964
52.41587339805825,12.754162132530121,0.13203529129066294
52.41587339805825,12.754304746987952,0.13146459377606684
52.41587339805825,12.754447361445784,0.1308661101951187
52.41587339805825,12.754589975903615,0.13025413235973302
52.41587339805825,12.754732590361446,0.12962649619433006
52.41587339805825,12.754875204819278,0.1289867328906776
52.41587339805825,12.755017819277109,0.1283356329904382
52.41587339805825,12.75516043373494,0.12767008890832168
52.41587339805825,12.755303048192772,0.1269902840039893
52.41587339805825,12.755445662650603,0.12630176568268375
52.41587339805825,12.755588277108435,0.12559898603202777
52.41587339805825,12.755730891566266,0.12488717895255508
52.41587339805825,12.755873506024097,0.12416750025552815
52.41587339805825,12.75601612048193,0.12344270697040526
52.41587339805825,12.75615873493976,0.12271356967493391
52.41587339805825,12.75630134939759,0.12197131637471831
52.41587339805825,12.756443963855423,0.12122165596213488
52.41587339805825,12.756586578313254,0.12047384052547672
52.41587339805825,12.756729192771084,0.11973099623243724
52.41587339805825,12.756871807228917,0.11898106608520698
52.41587339805825,12.757014421686748,0.11823137067153651
52.41587339805825,12.757157036144578,0.11748771932598255
52.41587339805825,12.75729965060241,0.11674564766856312
52.41587339805825,12.757442265060241,0.11600339082856395
52.41587339805825,12.757584879518072,0.1152673376078592
52.41587339805825,12.757727493975905,0.11453335111599575
52.41587339805825,12.757870108433735,0.11380767519252409
52.41587339805825,12.758012722891566,0.11308691072166713
52.41587339805825,12.758155337349399,0.11237722551807676
52.41587339805825,12.75829795180723,0.11168073510880194
52.41587339805825,12.758440566265062,0.11098639998869232
52.41587339805825,12.758583180722892,0.11030675311772942
52.41587339805825,12.758725795180723,0.10963806922212253
52.41587339805825,12.758868409638556,0.10898344397356496
52.41587339805825,12.759011024096386,0.1083371553429304
52.41587339805825,12.759153638554217,0.10770911683388508
52.41587339805825,12.75929625301205,0.10710482340716132
52.41587339805825,12.75943886746988,0.10651731064015973
52.41587339805825,12.759581481927711,0.10594293308896333
52.41587339805825,12.759724096385543,0.10539017160660417
52.41587339805825,12.759866710843374,0.10485080522220375
52.41587339805825,12.760009325301205,0.10433447329148506
52.41587339805825,12.760151939759037,0.10384014705500852
52.41587339805825,12.760294554216868,0.10336727411598762
52.41587339805825,12.760437168674699,0.10291562442363308
52.41587339805825,12.760579783132531,0.10248559498681244
52.41587339805825,12.760722397590362,0.1020777901509713
52.41587339805825,12.760865012048193,0.10169327976137182
52.41587339805825,12.761007626506025,0.10133219591583449
52.41587339805825,12.761150240963856,0.10099737427883017
52.41587339805825,12.761292855421688,0.10069292468808057
52.41587339805825,12.761435469879519,0.10041386081595928
52.41587339805825,12.76157808433735,0.10015957371419368
52.41587339805825,12.761720698795182,0.09993866989578919
52.41587339805825,12.761863313253013,0.09974211320173988
52.41587339805825,12.762005927710844,0.09956825590205756
52.41587339805825,12.762148542168676,0.09943142744676184
52.41587339805825,12.762291156626507,0.09931881174151692
52.41587339805825,12.762433771084337,0.09923470300084267
52.41587339805825,12.76257638554217,0.09917527208485886
52.41587339805825,12.762719,0.09914475803212043
52.41596613592233,12.750882,0.1386947624400881
52.41596613592233,12.751024614457831,0.13866967287931783
52.41596613592233,12.751167228915664,0.13861025472457666
52.41596613592233,12.751309843373495,0.13852712030730294
52.41596613592233,12.751452457831325,0.13841598444513567
52.41596613592233,12.751595072289158,0.13827698585635656
52.41596613592233,12.751737686746988,0.13811342818200845
52.41596613592233,12.75188030120482,0.1379177325672425
52.41596613592233,12.752022915662652,0.13769039534143104
52.41596613592233,12.752165530120482,0.1374424452700493
52.41596613592233,12.752308144578313,0.13716680901660344
52.41596613592233,12.752450759036146,0.1368653103648301
52.41596613592233,12.752593373493976,0.13654018833970685
52.41596613592233,12.752735987951809,0.13619070794461283
52.41596613592233,12.75287860240964,0.13580858606418741
52.41596613592233,12.75302121686747,0.13540915763278533
52.41596613592233,12.753163831325303,0.134987776627913
52.41596613592233,12.753306445783133,0.1345386284165798
52.41596613592233,12.753449060240964,0.13407136825484378
52.41596613592233,12.753591674698797,0.13357913423300988
52.41596613592233,12.753734289156627,0.13306858842073677
52.41596613592233,12.753876903614458,0.13253262191504891
52.41596613592233,12.75401951807229,0.13197840672291303
52.41596613592233,12.754162132530121,0.13140640125441394
52.41596613592233,12.754304746987952,0.13082122204679944
52.41596613592233,12.754447361445784,0.13020794706548555
52.41596613592233,12.754589975903615,0.12958066732140394
52.41596613592233,12.754732590361446,0.12893743881579448
52.41596613592233,12.754875204819278,0.12828163634025616
52.41596613592233,12.755017819277109,0.12761415959827577
52.41596613592233,12.75516043373494,0.12693197155777156
52.41596613592233,12.755303048192772,0.1262352385536154
52.41596613592233,12.755445662650603,0.12552953952723092
52.41596613592233,12.755588277108435,0.12480941812295737
52.41596613592233,12.755730891566266,0.12407997733772992
52.41596613592233,12.755873506024097,0.12334249392596508
52.41596613592233,12.75601612048193,0.12259972382472172
52.41596613592233,12.75615873493976,0.12185246655268164
52.41596613592233,12.75630134939759,0.12109203256094747
52.41596613592233,12.756443963855423,0.12032408691469218
52.41596613592233,12.756586578313254,0.11955793765140553
52.41596613592233,12.756729192771084,0.11879671404022794
52.41596613592233,12.756871807228917,0.11802837010733933
52.41596613592233,12.757014421686748,0.11726030662453331
52.41596613592233,12.757157036144578,0.11649828905931478
52.41596613592233,12.75729965060241,0.11573794563880532
52.41596613592233,12.757442265060241,0.11497750387460481
52.41596613592233,12.757584879518072,0.11422336841875923
52.41596613592233,12.757727493975905,0.11347145679248519
52.41596613592233,12.757870108433735,0.11272808429263298
52.41596613592233,12.758012722891566,0.11198975292297766
52.41596613592233,12.758155337349399,0.11126270704873231
52.41596613592233,12.75829795180723,0.11054913419829593
52.41596613592233,12.758440566265062,0.10983798142635884
52.41596613592233,12.758583180722892,0.10914181957485568
52.41596613592233,12.758725795180723,0.10845696667438741
52.41596613592233,12.758868409638556,0.10778645289338579
52.41596613592233,12.759011024096386,0.10712469144515918
52.41596613592233,12.759153638554217,0.10648155091437249
52.41596613592233,12.75929625301205,0.1058624851638066
52.41596613592233,12.75943886746988,0.10526064531750803
52.41596613592233,12.759581481927711,0.10467234672628334
52.41596613592233,12.759724096385543,0.10410621498463642
52.41596613592233,12.759866710843374,0.10355395889483411
52.41596613592233,12.760009325301205,0.10302521385963041
52.41596613592233,12.760151939759037,0.10251898521131866
52.41596613592233,12.760294554216868,0.10203470811021953
52.41596613592233,12.760437168674699,0.10157222496728172
52.41596613592233,12.760579783132531,0.10113190196015963
52.41596613592233,12.760722397590362,0.10071439313887698
52.41596613592233,12.760865012048193,0.10032080603217697
52.41596613592233,12.761007626506025,0.09995121225950392
52.41596613592233,12.761150240963856,0.0996084920896306
52.41596613592233,12.761292855421688,0.09929675738669363
52.41596613592233,12.761435469879519,0.09901102005477821
52.41596613592233,12.76157808433735,0.0987506628850153
52.41596613592233,12.761720698795182,0.09852447269210475
52.41596613592233,12.761863313253013,0.09832318735995788
52.41596613592233,12.762005927710844,0.09814532333870539
52.41596613592233,12.762148542168676,0.09800512749641267
52.41596613592233,12.762291156626507,0.0978898177192754
52.41596613592233,12.762433771084337,0.0978036526727373
52.41596613592233,12.76257638554217,0.09774279105974741
52.41596613592233,12.762719,0.09771156447887175
52.41605887378641,12.750882,0.13823728626511483
52.41605887378641,12.751024614457831,0.13821148301083672
52.41605887378641,12.751167228915664,0.13815070593288187
52.41605887378641,12.751309843373495,0.1380654656713653
52.41605887378641,12.751452457831325,0.13795146869418493
52.41605887378641,12.751595072289158,0.13780894074910416
52.41605887378641,12.751737686746988,0.1376411081573026
52.41605887378641,12.75188030120482,0.13744050920694745
52.41605887378641,12.752022915662652,0.13720758865057678
52.41605887378641,12.752165530120482,0.13695331545376307
52.41605887378641,12.752308144578313,0.13667078597407692
52.41605887378641,12.752450759036146,0.1363616018808088
52.41605887378641,12.752593373493976,0.13602822669476458
52.41605887378641,12.752735987951809,0.1356698684087206
52.41605887378641,12.75287860240964,0.1352782108362681
52.41605887378641,12.75302121686747,0.13486864807471793
52.41605887378641,12.753163831325303,0.13443662111498397
52.41605887378641,12.753306445783133,0.13397624711582817
52.41605887378641,12.753449060240964,0.1334971125427129
52.41605887378641,12.753591674698797,0.1329924617236401
52.41605887378641,12.753734289156627,0.1324689661820808
52.41605887378641,12.753876903614458,0.13191955486464765
52.41605887378641,12.75401951807229,0.13135147084499538
52.41605887378641,12.754162132530121,0.13076513056115285
52.41605887378641,12.754304746987952,0.13016512369116776
52.41605887378641,12.754447361445784,0.1295367034023419
52.41605887378641,12.754589975903615,0.12889375578449075
52.41605887378641,12.754732590361446,0.12823456207794806
52.41605887378641,12.754875204819278,0.12756233643121906
52.41605887378641,12.755017819277109,0.12687809102336645
52.41605887378641,12.75516043373494,0.1261788614322648
52.41605887378641,12.755303048192772,0.1254647952988819
52.41605887378641,12.755445662650603,0.124741504238153
52.41605887378641,12.755588277108435,0.12400362610323487
52.41605887378641,12.755730891566266,0.123256129681506
52.41605887378641,12.755873506024097,0.12250041587070096
52.41605887378641,12.75601612048193,0.12173923900381406
52.41605887378641,12.75615873493976,0.12097342850073138
52.41605887378641,12.75630134939759,0.12019437880118224
52.41605887378641,12.756443963855423,0.11940771042487654
52.41605887378641,12.756586578313254,0.11862278871309835
52.41605887378641,12.756729192771084,0.11784274606791728
52.41605887378641,12.756871807228917,0.11705554788604952
52.41605887378641,12.757014421686748,0.11626867659316112
52.41605887378641,12.757157036144578,0.11548785311737614
52.41605887378641,12.75729965060241,0.1147088009939615
52.41605887378641,12.757442265060241,0.11392973923798648
52.41605887378641,12.757584879518072,0.11315708909268951
52.41605887378641,12.757727493975905,0.1123868233238202
52.41605887378641,12.757870108433735,0.111625330745252
52.41605887378641,12.758012722891566,0.11086901222580971
52.41605887378641,12.758155337349399,0.1101241898065341
52.41605887378641,12.75829795180723,0.10939312576032441
52.41605887378641,12.758440566265062,0.10866475294515823
52.41605887378641,12.758583180722892,0.10795168089976599
52.41605887378641,12.758725795180723,0.10725027164072572
52.41605887378641,12.758868409638556,0.1065634887744194
52.41605887378641,12.759011024096386,0.10588588415727669
52.41605887378641,12.759153638554217,0.10522728030661407
52.41605887378641,12.75929625301205,0.10459308829755283
52.41605887378641,12.75943886746988,0.1039765781589773
52.41605887378641,12.759581481927711,0.10337402552188445
52.41605887378641,12.759724096385543,0.10279420340684062
52.41605887378641,12.759866710843374,0.10222874881236024
52.41605887378641,12.760009325301205,0.10168729356760639
52.41605887378641,12.760151939759037,0.10116887739691319
52.41605887378641,12.760294554216868,0.10067292355364273
52.41605887378641,12.760437168674699,0.1001993473673504
52.41605887378641,12.760579783132531,0.09974848408738635
52.41605887378641,12.760722397590362,0.09932103887391001
52.41605887378641,12.760865012048193,0.09891815789975929
52.41605887378641,12.761007626506025,0.09853985025142845
52.41605887378641,12.761150240963856,0.09818904250047056
52.41605887378641,12.761292855421688,0.09786984849148468
52.41605887378641,12.761435469879519,0.09757727791887744
52.41605887378641,12.76157808433735,0.09731070497928113
52.41605887378641,12.761720698795182,0.0970791019185575
52.41605887378641,12.761863313253013,0.0968729748901114
52.41605887378641,12.762005927710844,0.09669100806749081
52.41605887378641,12.762148542168676,0.09654736432218163
52.41605887378641,12.762291156626507,0.0964292960578025
52.41605887378641,12.762433771084337,0.09634102524256748
52.41605887378641,12.76257638554217,0.09627869864593479
52.41605887378641,12.762719,0.0962467423286103
52.416151611650484,12.750882,0.1377759729522527
52.416151611650484,12.751024614457831,0.1377494420073612
52.416151611650484,12.751167228915664,0.1376872805617443
52.416151611650484,12.751309843373495,0.13759989474232562
52.416151611650484,12.751452457831325,0.13748298272622855
52.416151611650484,12.751595072289158,0.1373368586517356
52.416151611650484,12.751737686746988,0.1371646704713137
52.416151611650484,12.75188030120482,0.13695907573951138
52.416151611650484,12.752022915662652,0.13672046619691822
52.416151611650484,12.752165530120482,0.1364597503573368
52.416151611650484,12.752308144578313,0.13617019778256775
52.416151611650484,12.752450759036146,0.13585318322457074
52.416151611650484,12.752593373493976,0.13551139936385162
52.416151611650484,12.752735987951809,0.13514399545178674
52.416151611650484,12.75287860240964,0.13474262229956036
52.416151611650484,12.75302121686747,0.13432273441330128
52.416151611650484,12.753163831325303,0.13387986076933084
52.416151611650484,12.753306445783133,0.13340804953440713
52.416151611650484,12.753449060240964,0.13291681648771334
52.416151611650484,12.753591674698797,0.13239951492069402
52.416151611650484,12.753734289156627,0.13186282551485087
52.416151611650484,12.753876903614458,0.13129971598977658
52.416151611650484,12.75401951807229,0.13071750236682497
52.416151611650484,12.754162132530121,0.13011655803651911
52.416151611650484,12.754304746987952,0.1295014445351718
52.416151611650484,12.754447361445784,0.12885759471994684
52.416151611650484,12.754589975903615,0.128198684721523
52.416151611650484,12.754732590361446,0.1275232257053038
52.416151611650484,12.754875204819278,0.12683426796713088
52.416151611650484,12.755017819277109,0.12613293857817218
52.416151611650484,12.75516043373494,0.12541634766706464
52.416151611650484,12.755303048192772,0.12468462347553075
52.416151611650484,12.755445662650603,0.1239434103376022
52.416151611650484,12.755588277108435,0.12318744303856312
52.416151611650484,12.755730891566266,0.12242155261678246
52.416151611650484,12.755873506024097,0.12164726677263386
52.416151611650484,12.75601612048193,0.12086733792587456
52.416151611650484,12.75615873493976,0.120082626777854
52.416151611650484,12.75630134939759,0.11928461268155971
52.416151611650484,12.756443963855423,0.11847887129153653
52.416151611650484,12.756586578313254,0.11767482604911762
52.416151611650484,12.756729192771084,0.1168756125677596
52.416151611650484,12.756871807228917,0.11606920792368156
52.416151611650484,12.757014421686748,0.11526317746480605
52.416151611650484,12.757157036144578,0.11446319691873284
52.416151611650484,12.75729965060241,0.1136650868629407
52.416151611650484,12.757442265060241,0.1128670578981017
52.416151611650484,12.757584879518072,0.11207554747986102
52.416151611650484,12.757727493975905,0.11128658505536905
52.416151611650484,12.757870108433735,0.11050663476336496
52.416151611650484,12.758012722891566,0.10973199389474596
52.416151611650484,12.758155337349399,0.10896906416690283
52.416151611650484,12.75829795180723,0.10822018349489171
52.416151611650484,12.758440566265062,0.1074742700689795
52.416151611650484,12.758583180722892,0.10674397353514706
52.416151611650484,12.758725795180723,0.10602570020375414
52.416151611650484,12.758868409638556,0.10532234570629186
52.416151611650484,12.759011024096386,0.10462860371587991
52.416151611650484,12.759153638554217,0.10395424940904069
52.416151611650484,12.75929625301205,0.10330465021259393
52.416151611650484,12.75943886746988,0.1026731972599841
52.416151611650484,12.759581481927711,0.10205612579196174
52.416151611650484,12.759724096385543,0.10146235944922039
52.416151611650484,12.759866710843374,0.10088346164180821
52.416151611650484,12.760009325301205,0.10032906030129772
52.416151611650484,12.760151939759037,0.09979823029289538
52.416151611650484,12.760294554216868,0.09929038374578898
52.416151611650484,12.760437168674699,0.09880550886112421
52.416151611650484,12.760579783132531,0.09834390987027983
52.416151611650484,12.760722397590362,0.09790634397764113
52.416151611650484,12.760865012048193,0.09749399759231234
52.416151611650484,12.761007626506025,0.09710681449592048
52.416151611650484,12.761150240963856,0.0967477697056985
52.416151611650484,12.761292855421688,0.09642097872181023
52.416151611650484,12.761435469879519,0.09612144847837951
52.416151611650484,12.76157808433735,0.09584854461771933
52.416151611650484,12.761720698795182,0.09561142856195219
52.416151611650484,12.761863313253013,0.09540036994542529
52.416151611650484,12.762005927710844,0.09521422498758746
52.416151611650484,12.762148542168676,0.09506706972462152
52.416151611650484,12.762291156626507,0.09494619186121003
52.416151611650484,12.762433771084337,0.0948557765536184
52.416151611650484,12.76257638554217,0.09479195762868212
52.416151611650484,12.762719,0.0947592580809754
52.416244349514564,12.750882,0.13731067258693538
52.416244349514564,12.751024614457831,0.13728340279638368
52.416244349514564,12.751167228915664,0.1372198359593802
52.416244349514564,12.751309843373495,0.1371302720087766
52.416244349514564,12.751452457831325,0.13701040030534434
52.416244349514564,12.751595072289158,0.13686062558070994
52.416244349514564,12.751737686746988,0.13668401560145124
52.416244349514564,12.75188030120482,0.13647334939885852
52.416244349514564,12.752022915662652,0.1362289647831592
52.416244349514564,12.752165530120482,0.13596170803899135
52.416244349514564,12.752308144578313,0.13566502615616519
52.416244349514564,12.752450759036146,0.13534006171727814
52.416244349514564,12.752593373493976,0.13498974121237706
52.416244349514564,12.752735987951809,0.13461315452679884
52.416244349514564,12.75287860240964,0.1342019182745803
52.416244349514564,12.75302121686747,0.1337715487852279
52.416244349514564,12.753163831325303,0.1333176641757108
52.416244349514564,12.753306445783133,0.13283424244222414
52.416244349514564,12.753449060240964,0.13233072746149138
52.416244349514564,12.753591674698797,0.13180058307246856
52.416244349514564,12.753734289156627,0.13125049888213774
52.416244349514564,12.753876903614458,0.13067348316075547
52.416244349514564,12.75401951807229,0.13007692546176944
52.416244349514564,12.754162132530121,0.129461155680561
52.416244349514564,12.754304746987952,0.12883070683636563
52.416244349514564,12.754447361445784,0.1281711939530009
52.416244349514564,12.754589975903615,0.12749607938538096
52.416244349514564,12.754732590361446,0.1268041089537448
52.416244349514564,12.754875204819278,0.12609816541749655
52.416244349514564,12.755017819277109,0.12537949310806426
52.416244349514564,12.75516043373494,0.12464527756184557
52.416244349514564,12.755303048192772,0.12389562772445209
52.416244349514564,12.755445662650603,0.12313622116932935
52.416244349514564,12.755588277108435,0.12236189140036861
52.416244349514564,12.755730891566266,0.12157732839609181
52.416244349514564,12.755873506024097,0.12078418919968123
52.416244349514564,12.75601612048193,0.11998522498605917
52.416244349514564,12.75615873493976,0.11918132701031423
52.416244349514564,12.75630134939759,0.1183640613336034
52.416244349514564,12.756443963855423,0.11753895823165594
52.416244349514564,12.756586578313254,0.11671550010725555
52.416244349514564,12.756729192771084,0.11589682604928903
52.416244349514564,12.756871807228917,0.11507092446372161
52.416244349514564,12.757014421686748,0.11424544517900613
52.416244349514564,12.757157036144578,0.1134260178053525
52.416244349514564,12.75729965060241,0.11260856153606985
52.416244349514564,12.757442265060241,0.1117912784836679
52.416244349514564,12.757584879518072,0.11098062277544861
52.416244349514564,12.757727493975905,0.11017268110954201
52.416244349514564,12.757870108433735,0.1093739949895043
52.416244349514564,12.758012722891566,0.10858075547249792
52.416244349514564,12.758155337349399,0.10779944434522531
52.416244349514564,12.75829795180723,0.10703247775709326
52.416244349514564,12.758440566265062,0.10626875889614192
52.416244349514564,12.758583180722892,0.1055209781319589
52.416244349514564,12.758725795180723,0.10478558653354834
52.416244349514564,12.758868409638556,0.10406540995829137
52.416244349514564,12.759011024096386,0.10335528731142628
52.416244349514564,12.759153638554217,0.10266494495506479
52.416244349514564,12.75929625301205,0.10199970601084025
52.416244349514564,12.75943886746988,0.10135308492303849
52.416244349514564,12.759581481927711,0.10072127543943644
52.416244349514564,12.759724096385543,0.10011335469866438
52.416244349514564,12.759866710843374,0.099520810968662
52.416244349514564,12.760009325301205,0.09895326834986973
52.416244349514564,12.760151939759037,0.09840983735521396
52.416244349514564,12.760294554216868,0.09788991879004336
52.416244349514564,12.760437168674699,0.09739357526338786
52.416244349514564,12.760579783132531,0.09692107859084004
52.416244349514564,12.760722397590362,0.09647323979879943
52.416244349514564,12.760865012048193,0.0960512856868891
52.416244349514564,12.761007626506025,0.09565509351446835
52.416244349514564,12.761150240963856,0.09528768759524694
52.416244349514564,12.761292855421688,0.09495318499831268
52.416244349514564,12.761435469879519,0.09464659008586784
52.416244349514564,12.76157808433735,0.09436725964557843
52.416244349514564,12.761720698795182,0.09412454830817751
52.416244349514564,12.761863313253013,0.09390848374202099
52.416244349514564,12.762005927710844,0.09371809793451565
52.416244349514564,12.762148542168676,0.09356737844508671
52.416244349514564,12.762291156626507,0.09344364874576538
52.416244349514564,12.762433771084337,0.09335105662337749
52.416244349514564,12.76257638554217,0.09328572236784681
52.416244349514564,12.762719,0.09325226762555217
52.41633708737864,12.750882,0.13683771109008375
52.41633708737864,12.751024614457831,0.13680968843227245
52.41633708737864,12.751167228915664,0.13674469038670947
52.41633708737864,12.751309843373495,0.1366529084804227
52.41633708737864,12.751452457831325,0.13653002305839682
52.41633708737864,12.751595072289158,0.1363765305927347
52.41633708737864,12.751737686746988,0.1361954175121155
52.41633708737864,12.75188030120482,0.13597958679378064
52.41633708737864,12.752022915662652,0.13572932067108226
52.41633708737864,12.752165530120482,0.13545540265516098
52.41633708737864,12.752308144578313,0.13515146043841764
52.41633708737864,12.752450759036146,0.13481840016237095
52.41633708737864,12.752593373493976,0.1344593862147682
52.41633708737864,12.752735987951809,0.13407344818606962
52.41633708737864,12.75287860240964,0.13365216755900494
52.41633708737864,12.75302121686747,0.1332111235380659
52.41633708737864,12.753163831325303,0.13274602607003674
52.41633708737864,12.753306445783133,0.13225078061521958
52.41633708737864,12.753449060240964,0.13173475852770156
52.41633708737864,12.753591674698797,0.1311915353810813
52.41633708737864,12.753734289156627,0.1306278106657721
52.41633708737864,12.753876903614458,0.13003663348835462
52.41633708737864,12.75401951807229,0.12942546805207725
52.41633708737864,12.754162132530121,0.12879460097354978
52.41633708737864,12.754304746987952,0.12814853543083576
52.41633708737864,12.754447361445784,0.127473071911067
52.41633708737864,12.754589975903615,0.12678145568339078
52.41633708737864,12.754732590361446,0.12607267118459853
52.41633708737864,12.754875204819278,0.125349430001287
52.41633708737864,12.755017819277109,0.12461309585942548
52.41633708737864,12.75516043373494,0.12386093284362884
52.41633708737864,12.755303048192772,0.12309302862262858
52.41633708737864,12.755445662650603,0.12231509491841522
52.41633708737864,12.755588277108435,0.12152206612320728
52.41633708737864,12.755730891566266,0.12071848818996024
52.41633708737864,12.755873506024097,0.1199061502857657
52.41633708737864,12.75601612048193,0.11908780133864182
52.41633708737864,12.75615873493976,0.11826436506745899
52.41633708737864,12.75630134939759,0.11742749525803983
52.41633708737864,12.756443963855423,0.11658267573325394
52.41633708737864,12.756586578313254,0.11573944908712615
52.41633708737864,12.756729192771084,0.11490095785331023
52.41633708737864,12.756871807228917,0.11405520263555134
52.41633708737864,12.757014421686748,0.11320991819108835
52.41633708737864,12.757157036144578,0.11237068821029934
52.41633708737864,12.75729965060241,0.11153353191025481
52.41633708737864,12.757442265060241,0.11069664276510892
52.41633708737864,12.757584879518072,0.1098664918261749
52.41633708737864,12.757727493975905,0.10903922387275748
52.41633708737864,12.757870108433735,0.10822145936281893
52.41633708737864,12.758012722891566,0.10740928098010152
52.41633708737864,12.758155337349399,0.10660925230442941
52.41633708737864,12.75829795180723,0.10582386957099424
52.41633708737864,12.758440566265062,0.10504202001319825
52.41633708737864,12.758583180722892,0.10427643546702102
52.41633708737864,12.758725795180723,0.103523612834098
52.41633708737864,12.758868409638556,0.10278630671256532
52.41633708737864,12.759011024096386,0.10205950442430357
52.41633708737864,12.759153638554217,0.10135288202391912
52.41633708737864,12.75929625301205,0.10067171768596535
52.41633708737864,12.75943886746988,0.10000965123834238
52.41633708737864,12.759581481927711,0.0993628347798603
52.41633708737864,12.759724096385543,0.0987405012380464
52.41633708737864,12.759866710843374,0.09813406250604426
52.41633708737864,12.760009325301205,0.09755313871456461
52.41633708737864,12.760151939759037,0.09699687654182416
52.41633708737864,12.760294554216868,0.09646466618712352
52.41633708737864,12.760437168674699,0.09595664437132473
52.41633708737864,12.760579783132531,0.09547305077077664
52.41633708737864,12.760722397590362,0.09501475125154138
52.41633708737864,12.760865012048193,0.09458301430176824
52.41633708737864,12.761007626506025,0.09417764880611948
52.41633708737864,12.761150240963856,0.09380172914600907
52.41633708737864,12.761292855421688,0.09345937467837585
52.41633708737864,12.761435469879519,0.09314558579812868
52.41633708737864,12.76157808433735,0.09285971130197829
52.41633708737864,12.761720698795182,0.09261130268938549
52.41633708737864,12.761863313253013,0.0923901412120717
52.41633708737864,12.762005927710844,0.09219543729186895
52.41633708737864,12.762148542168676,0.09204108877500987
52.41633708737864,12.762291156626507,0.0919144555906993
52.41633708737864,12.762433771084337,0.09181964677022282
52.41633708737864,12.76257638554217,0.09175276948170777
52.41633708737864,12.762719,0.09171854581788667
52.416429825242716,12.750882,0.13636197603810182
52.416429825242716,12.751024614457831,0.13633318966260363
52.416429825242716,12.751167228915664,0.13626674090772883
52.416429825242716,12.751309843373495,0.13617271075568943
52.416429825242716,12.751452457831325,0.13604676969669377
52.416429825242716,12.751595072289158,0.13588950777485978
52.416429825242716,12.751737686746988,0.1357038290101179
52.416429825242716,12.75188030120482,0.13548276175042123
52.416429825242716,12.752022915662652,0.1352265321866304
52.416429825242716,12.752165530120482,0.13494585969076522
52.416429825242716,12.752308144578313,0.13463455634974736
52.416429825242716,12.752450759036146,0.13429328674733193
52.416429825242716,12.752593373493976,0.1339254580820055
52.416429825242716,12.752735987951809,0.13353003803118563
52.416429825242716,12.75287860240964,0.13309857302987577
52.416429825242716,12.75302121686747,0.1326467058360499
52.416429825242716,12.753163831325303,0.13217023935513786
52.416429825242716,12.753306445783133,0.1316630059309796
52.416429825242716,12.753449060240964,0.13113430224381395
52.416429825242716,12.753591674698797,0.13057781810507327
52.416429825242716,12.753734289156627,0.1300002623513356
52.416429825242716,12.753876903614458,0.12939472625460516
52.416429825242716,12.75401951807229,0.12876874962044563
52.416429825242716,12.754162132530121,0.12812257541520655
52.416429825242716,12.754304746987952,0.1274606760287298
52.416429825242716,12.754447361445784,0.12676904064955988
52.416429825242716,12.754589975903615,0.12606069328181888
52.416429825242716,12.754732590361446,0.12533486087205514
52.416429825242716,12.754875204819278,0.12459408091602928
52.416429825242716,12.755017819277109,0.12383983914166417
52.416429825242716,12.75516043373494,0.12306947926635126
52.416429825242716,12.755303048192772,0.12228306710548949
52.416429825242716,12.755445662650603,0.12148634876093227
52.416429825242716,12.755588277108435,0.12067436170352291
52.416429825242716,12.755730891566266,0.11985150463840934
52.416429825242716,12.755873506024097,0.11901970159473436
52.416429825242716,12.75601612048193,0.11818169877559569
52.416429825242716,12.75615873493976,0.1173384530163945
52.416429825242716,12.75630134939759,0.11648170693346994
52.416429825242716,12.756443963855423,0.11561689772128017
52.416429825242716,12.756586578313254,0.11475362852806448
52.416429825242716,12.756729192771084,0.11389504540518612
52.416429825242716,12.756871807228917,0.11302916125231488
52.416429825242716,12.757014421686748,0.11216379693720863
52.416429825242716,12.757157036144578,0.11130448982093075
52.416429825242716,12.75729965060241,0.1104473608252082
52.416429825242716,12.757442265060241,0.10959059401563545
52.416429825242716,12.757584879518072,0.10874067780637459
52.416429825242716,12.757727493975905,0.10789381583925609
52.416429825242716,12.757870108433735,0.10705670925803329
52.416429825242716,12.758012722891566,0.10622533055119908
52.416429825242716,12.758155337349399,0.10540632544126895
52.416429825242716,12.75829795180723,0.10460227164056381
52.416429825242716,12.758440566265062,0.10380204098479441
52.416429825242716,12.758583180722892,0.10301840657363236
52.416429825242716,12.758725795180723,0.10224791237266942
52.416429825242716,12.758868409638556,0.10149323985307827
52.416429825242716,12.759011024096386,0.10074952755355703
52.416429825242716,12.759153638554217,0.1000264006243085
52.416429825242716,12.75929625301205,0.09932909103716965
52.416429825242716,12.75943886746988,0.09865136609670867
52.416429825242716,12.759581481927711,0.09798933537158645
52.416429825242716,12.759724096385543,0.09735239050302125
52.416429825242716,12.759866710843374,0.09673186498182869
52.416429825242716,12.760009325301205,0.09613737501038433
52.416429825242716,12.760151939759037,0.09556810450783855
52.416429825242716,12.760294554216868,0.09502343309631542
52.416429825242716,12.760437168674699,0.0945035717646595
52.416429825242716,12.760579783132531,0.09400872819192185
52.416429825242716,12.760722397590362,0.09353982355361243
52.416429825242716,12.760865012048193,0.09309816941241292
52.416429825242716,12.761007626506025,0.09268350384960138
52.416429825242716,12.761150240963856,0.09229895342146921
52.416429825242716,12.761292855421688,0.09194863908099105
52.416429825242716,12.761435469879519,0.09162755710670313
52.416429825242716,12.76157808433735,0.09133504812866797
52.416429825242716,12.761720698795182,0.0910808642228931
52.416429825242716,12.761863313253013,0.09085453527063483
52.416429825242716,12.762005927710844,0.09065545429461598
52.416429825242716,12.762148542168676,0.09049742704081012
52.416429825242716,12.762291156626507,0.09036785064745603
52.416429825242716,12.762433771084337,0.09027079474919208
52.416429825242716,12.76257638554217,0.09020235263404248
52.416429825242716,12.762719,0.09016734903811378
52.416522563106795,12.750882,0.1358755821060503
52.416522563106795,12.751024614457831,0.13584602436881368
52.416522563106795,12.751167228915664,0.1357781112289044
52.416522563106795,12.751309843373495,0.13568181185549347
52.416522563106795,12.751452457831325,0.13555278601109494
52.416522563106795,12.751595072289158,0.13539171868672387
52.416522563106795,12.751737686746988,0.1352014305715038
52.416522563106795,12.75188030120482,0.13497507722068725
52.416522563106795,12.752022915662652,0.134712827414796
52.416522563106795,12.752165530120482,0.13442533551091077
52.416522563106795,12.752308144578313,0.13410660157525672
52.416522563106795,12.752450759036146,0.13375704400478255
52.416522563106795,12.752593373493976,0.13338031643648948
52.416522563106795,12.752735987951809,0.13297532408937132
52.416522563106795,12.75287860240964,0.13253357733037058
52.416522563106795,12.75302121686747,0.1320707839564618
52.416522563106795,12.753163831325303,0.13158284066451917
52.416522563106795,12.753306445783133,0.13106350546937928
52.416522563106795,12.753449060240964,0.13052199940239922
52.416522563106795,12.753591674698797,0.12995212820270544
52.416522563106795,12.753734289156627,0.129360609844256
52.416522563106795,12.753876903614458,0.12874057832539829
52.416522563106795,12.75401951807229,0.12809964968078047
52.416522563106795,12.754162132530121,0.12743802323882583
52.416522563106795,12.754304746987952,0.12676014014038764
52.416522563106795,12.754447361445784,0.12605218000505955
52.416522563106795,12.754589975903615,0.12532694231120625
52.416522563106795,12.754732590361446,0.12458390079239032
52.416522563106795,12.754875204819278,0.1238254157750738
52.416522563106795,12.755017819277109,0.12305309592564782
52.416522563106795,12.75516043373494,0.12226436720569335
52.416522563106795,12.755303048192772,0.12145927189319601
52.416522563106795,12.755445662650603,0.12064359138914395
52.416522563106795,12.755588277108435,0.11981246771206759
52.416522563106795,12.755730891566266,0.118970149363032
52.416522563106795,12.755873506024097,0.11811869715138013
52.416522563106795,12.75601612048193,0.11726085463138652
52.416522563106795,12.75615873493976,0.11639761269669528
52.416522563106795,12.75630134939759,0.11552080310054579
52.416522563106795,12.756443963855423,0.11463581541472838
52.416522563106795,12.756586578313254,0.11375231487110748
52.416522563106795,12.756729192771084,0.1128734511234447
52.416522563106795,12.756871807228917,0.11198724838746855
52.416522563106795,12.757014421686748,0.11110161542478261
52.416522563106795,12.757157036144578,0.1102220420662368
52.416522563106795,12.75729965060241,0.10934475275786035
52.416522563106795,12.757442265060241,0.10846792141586985
52.416522563106795,12.757584879518072,0.10759805390813079
52.416522563106795,12.757727493975905,0.10673141366967208
52.416522563106795,12.757870108433735,0.10587478409893043
52.416522563106795,12.758012722891566,0.10502402469012483
52.416522563106795,12.758155337349399,0.10418586456618928
52.416522563106795,12.75829795180723,0.10336296475013089
52.416522563106795,12.758440566265062,0.10254418029961211
52.416522563106795,12.758583180722892,0.10174232715678162
52.416522563106795,12.758725795180723,0.10095399647333697
52.416522563106795,12.758868409638556,0.10018179454997582
52.416522563106795,12.759011024096386,0.09942101416600987
52.416522563106795,12.759153638554217,0.09868122841507729
52.416522563106795,12.75929625301205,0.09796762221743793
52.416522563106795,12.75943886746988,0.0972740923934072
52.416522563106795,12.759581481927711,0.09659670483338591
52.416522563106795,12.759724096385543,0.09594501289180975
52.416522563106795,12.759866710843374,0.09531026913839956
52.416522563106795,12.760009325301205,0.09470208644102036
52.416522563106795,12.760151939759037,0.0941196864049564
52.416522563106795,12.760294554216868,0.09356243828078423
52.416522563106795,12.760437168674699,0.09303062719110856
52.416522563106795,12.760579783132531,0.09252442822607651
52.416522563106795,12.760722397590362,0.09204481970494499
52.416522563106795,12.760865012048193,0.09159315652539257
52.416522563106795,12.761007626506025,0.09116910423345986
52.416522563106795,12.761150240963856,0.09077584246840435
52.416522563106795,12.761292855421688,0.09041749448990435
52.416522563106795,12.761435469879519,0.09008905133974016
52.416522563106795,12.76157808433735,0.08978984578674376
52.416522563106795,12.761720698795182,0.08952983329263148
52.416522563106795,12.761863313253013,0.08929828863570408
52.416522563106795,12.762005927710844,0.08909479041282224
52.416522563106795,12.762148542168676,0.08893305061676486
52.416522563106795,12.762291156626507,0.08880050369004175
52.416522563106795,12.762433771084337,0.08870117952627396
52.416522563106795,12.76257638554217,0.08863115769746706
52.416522563106795,12.762719,0.0885953666923148
52.416615300970875,12.750882,0.13540017153953934
52.416615300970875,12.751024614457831,0.13536983169916014
52.416615300970875,12.751167228915664,0.1353004340109708
52.416615300970875,12.751309843373495,0.13520183428621624
52.416615300970875,12.751452457831325,0.13506968094600957
52.416615300970875,12.751595072289158,0.13490475558554416
52.416615300970875,12.751737686746988,0.1347097946862067
52.416615300970875,12.75188030120482,0.13447808258888996
52.416615300970875,12.752022915662652,0.13420972971103345
52.416615300970875,12.752165530120482,0.1339153243415383
52.416615300970875,12.752308144578313,0.13358905728714632
52.416615300970875,12.752450759036146,0.13323109746092154
52.416615300970875,12.752593373493976,0.1328453484902655
52.416615300970875,12.752735987951809,0.1324306523023661
52.416615300970875,12.75287860240964,0.13197848240887208
52.416615300970875,12.75302121686747,0.13150461252745188
52.416615300970875,12.753163831325303,0.13100503470076608
52.416615300970875,12.753306445783133,0.13047343187058066
52.416615300970875,12.753449060240964,0.12991894766404374
52.416615300970875,12.753591674698797,0.12933550530635235
52.416615300970875,12.753734289156627,0.12872983232324034
52.416615300970875,12.753876903614458,0.1280951058908682
52.416615300970875,12.75401951807229,0.1274390195268384
52.416615300970875,12.754162132530121,0.12676172912380404
52.416615300970875,12.754304746987952,0.1260676432365793
52.416615300970875,12.754447361445784,0.12534313489673196
52.416615300970875,12.754589975903615,0.1246007755160148
52.416615300970875,12.754732590361446,0.12384028932480275
52.416615300970875,12.754875204819278,0.12306385608048949
52.416615300970875,12.755017819277109,0.12227321025265755
52.416615300970875,12.75516043373494,0.12146586098348414
52.416615300970875,12.755303048192772,0.12064182688870267
52.416615300970875,12.755445662650603,0.11980692422108567
52.416615300970875,12.755588277108435,0.11895640206956473
52.416615300970875,12.755730891566266,0.11809435614185013
52.416615300970875,12.755873506024097,0.11722298595086608
52.416615300970875,12.75601612048193,0.1163450325414081
52.416615300970875,12.75615873493976,0.1154615209852053
52.416615300970875,12.75630134939759,0.11456437369915075
52.416615300970875,12.756443963855423,0.11365893213095812
52.416615300970875,12.756586578313254,0.11275492410232493
52.416615300970875,12.756729192771084,0.111855502727111
52.416615300970875,12.756871807228917,0.11094870434948921
52.416615300970875,12.757014421686748,0.11004252605730497
52.416615300970875,12.757157036144578,0.1091424100768193
52.416615300970875,12.75729965060241,0.10824468568044107
52.416615300970875,12.757442265060241,0.10734751647146985
52.416615300970875,12.757584879518072,0.10645742613080379
52.416615300970875,12.757727493975905,0.10557073828073582
52.416615300970875,12.757870108433735,0.10469431993076497
52.416615300970875,12.758012722891566,0.10382391613375092
52.416615300970875,12.758155337349399,0.10296634042613831
52.416615300970875,12.75829795180723,0.10212433845026132
52.416615300970875,12.758440566265062,0.10128674808641946
52.416615300970875,12.758583180722892,0.10046642857163524
52.416615300970875,12.758725795180723,0.0996600189133204
52.416615300970875,12.758868409638556,0.09887004940662318
52.416615300970875,12.759011024096386,0.09809196957475257
52.416615300970875,12.759153638554217,0.0973352990337388
52.416615300970875,12.75929625301205,0.09660517507698553
52.416615300970875,12.75943886746988,0.09589562578690948
52.416615300970875,12.759581481927711,0.09520267292692297
52.416615300970875,12.759724096385543,0.09453603395401604
52.416615300970875,12.759866710843374,0.09388687948179934
52.416615300970875,12.760009325301205,0.09326481863746058
52.416615300970875,12.760151939759037,0.09266911107111718
52.416615300970875,12.760294554216868,0.09209911614675641
52.416615300970875,12.760437168674699,0.0915551935417685
52.416615300970875,12.760579783132531,0.09103748527412968
52.416615300970875,12.760722397590362,0.09054702774415936
52.416615300970875,12.760865012048193,0.09008522035671022
52.416615300970875,12.761007626506025,0.0896516541182256
52.416615300970875,12.761150240963856,0.08924956329622023
52.416615300970875,12.761292855421688,0.08888307312094057
52.416615300970875,12.761435469879519,0.08854716893323406
52.416615300970875,12.76157808433735,0.08824117603552056
52.416615300970875,12.761720698795182,0.0879752565851827
52.416615300970875,12.761863313253013,0.08773842563373346
52.416615300970875,12.762005927710844,0.08753045072838876
52.416615300970875,12.762148542168676,0.08736494837314858
52.416615300970875,12.762291156626507,0.08722939102862731
52.416615300970875,12.762433771084337,0.08712776788664386
52.416615300970875,12.76257638554217,0.08705614427894214
52.416615300970875,12.762719,0.08701955498606513
52.416708038834955,12.750882,0.13491251734286325
52.416708038834955,12.751024614457831,0.13488138498616847
52.416708038834955,12.751167228915664,0.13481048417458424
52.416708038834955,12.751309843373495,0.13470955562302425
52.416708038834955,12.751452457831325,0.1345742358568874
52.416708038834955,12.751595072289158,0.13440540419668898
52.416708038834955,12.751737686746988,0.13420571186648977
52.416708038834955,12.75188030120482,0.13396857396328987
52.416708038834955,12.752022915662652,0.13369404175138583
52.416708038834955,12.752165530120482,0.13339263591213166
52.416708038834955,12.752308144578313,0.13305874169268714
52.416708038834955,12.752450759036146,0.13269227446499554
52.416708038834955,12.752593373493976,0.13229739069962845
52.416708038834955,12.752735987951809,0.13187286878986915
52.416708038834955,12.75287860240964,0.13141014511470425
52.416708038834955,12.75302121686747,0.1309250600176997
52.416708038834955,12.753163831325303,0.1304137022297019
52.416708038834955,12.753306445783133,0.12986967801118943
52.416708038834955,12.753449060240964,0.1293020530545723
52.416708038834955,12.753591674698797,0.12870486953885368
52.416708038834955,12.753734289156627,0.12808486445069747
52.416708038834955,12.753876903614458,0.1274352592067884
52.416708038834955,12.75401951807229,0.12676382566945635
52.416708038834955,12.754162132530121,0.12607067542932154
52.416708038834955,12.754304746987952,0.12536018424712203
52.416708038834955,12.754447361445784,0.12461892111563456
52.416708038834955,12.754589975903615,0.12385922596454342
52.416708038834955,12.754732590361446,0.12308107700185447
52.416708038834955,12.754875204819278,0.12228647105202281
52.416708038834955,12.755017819277109,0.12147727016826937
52.416708038834955,12.75516043373494,0.12065106807776538
52.416708038834955,12.755303048192772,0.1198078587570534
52.416708038834955,12.755445662650603,0.11895349430521047
52.416708038834955,12.755588277108435,0.11808333226353449
52.416708038834955,12.755730891566266,0.11720131277679527
52.416708038834955,12.755873506024097,0.11630977653117996
52.416708038834955,12.75601612048193,0.1154114618198185
52.416708038834955,12.75615873493976,0.1145074282441198
52.416708038834955,12.75630134939759,0.11358969012910089
52.416708038834955,12.756443963855423,0.11266354055807465
52.416708038834955,12.756586578313254,0.11173877032434436
52.416708038834955,12.756729192771084,0.1108185362843819
52.416708038834955,12.756871807228917,0.10989088677174264
52.416708038834955,12.757014421686748,0.10896390842762403
52.416708038834955,12.757157036144578,0.10804299511102398
52.416708038834955,12.75729965060241,0.10712458246088626
52.416708038834955,12.757442265060241,0.10620682361771783
52.416708038834955,12.757584879518072,0.10529626011874518
52.416708038834955,12.757727493975905,0.10438927636414932
52.416708038834955,12.757870108433735,0.10349282463427067
52.416708038834955,12.758012722891566,0.10260253382273923
52.416708038834955,12.758155337349399,0.10172530246515957
52.416708038834955,12.75829795180723,0.1008639623403416
52.416708038834955,12.758440566265062,0.10000733373942794
52.416708038834955,12.758583180722892,0.0991683201569293
52.416708038834955,12.758725795180723,0.09834360884501486
52.416708038834955,12.758868409638556,0.09753565225369518
52.416708038834955,12.759011024096386,0.09674005987964417
52.416708038834955,12.759153638554217,0.09596629652026402
52.416708038834955,12.75929625301205,0.09521945090101289
52.416708038834955,12.75943886746988,0.09449368487409886
52.416708038834955,12.759581481927711,0.09378497522957324
52.416708038834955,12.759724096385543,0.09310320558108628
52.416708038834955,12.759866710843374,0.09243946302942295
52.416708038834955,12.760009325301205,0.09180335330978677
52.416708038834955,12.760151939759037,0.09119417438153284
52.416708038834955,12.760294554216868,0.09061127629945984
52.416708038834955,12.760437168674699,0.0900550932441945
52.416708038834955,12.760579783132531,0.08952573387450158
52.416708038834955,12.760722397590362,0.08902429378143757
52.416708038834955,12.760865012048193,0.08855221773802495
52.416708038834955,12.761007626506025,0.08810902042821925
52.416708038834955,12.761150240963856,0.08769799204189434
52.416708038834955,12.761292855421688,0.08732325962902104
52.416708038834955,12.761435469879519,0.08697980285387037
52.416708038834955,12.76157808433735,0.08666693921778457
52.416708038834955,12.761720698795182,0.08639504020375416
52.416708038834955,12.761863313253013,0.08615285808061011
52.416708038834955,12.762005927710844,0.08594035204474952
52.416708038834955,12.762148542168676,0.08577104108553975
52.416708038834955,12.762291156626507,0.08563243654442144
52.416708038834955,12.762433771084337,0.08552848615427891
52.416708038834955,12.76257638554217,0.0854552411294803
52.416708038834955,12.762719,0.0854178437597528
52.41680077669903,12.750882,0.1344239216372519
52.41680077669903,12.751024614457831,0.13439198960451515
52.41680077669903,12.751167228915664,0.13431957301354078
52.41680077669903,12.751309843373495,0.13421629583743042
52.41680077669903,12.751452457831325,0.13407778230088396
52.41680077669903,12.751595072289158,0.13390501058300341
52.41680077669903,12.751737686746988,0.13370054616348148
52.41680077669903,12.75188030120482,0.1334579359398691
52.41680077669903,12.752022915662652,0.13317717087490322
52.41680077669903,12.752165530120482,0.13286870386894128
52.41680077669903,12.752308144578313,0.1325271169399747
52.41680077669903,12.752450759036146,0.13215206835436036
52.41680077669903,12.752593373493976,0.13174797132317193
52.41680077669903,12.752735987951809,0.131313539131098
52.41680077669903,12.75287860240964,0.13084017043679438
52.41680077669903,12.75302121686747,0.13034377360638139
52.41680077669903,12.753163831325303,0.12982053468159033
52.41680077669903,12.753306445783133,0.12926398256661656
52.41680077669903,12.753449060240964,0.12868310383750886
52.41680077669903,12.753591674698797,0.128072060664876
52.41680077669903,12.753734289156627,0.12743759995245255
52.41680077669903,12.753876903614458,0.12677298775596993
52.41680077669903,12.75401951807229,0.12608607479549516
52.41680077669903,12.754162132530121,0.1253769288469419
52.41680077669903,12.754304746987952,0.12464989151397417
52.41680077669903,12.754447361445784,0.12389173007117979
52.41680077669903,12.754589975903615,0.12311455003313124
52.41680077669903,12.754732590361446,0.12231858671400643
52.41680077669903,12.754875204819278,0.12150565154989201
52.41680077669903,12.755017819277109,0.12067773559407985
52.41680077669903,12.75516043373494,0.11983251884270212
52.41680077669903,12.755303048192772,0.11896996939413125
52.41680077669903,12.755445662650603,0.11809597603489924
52.41680077669903,12.755588277108435,0.11720600596177856
52.41680077669903,12.755730891566266,0.11630384128335718
52.41680077669903,12.755873506024097,0.11539196577871409
52.41680077669903,12.75601612048193,0.11447311501841285
52.41680077669903,12.75615873493976,0.11354838356170446
52.41680077669903,12.75630134939759,0.11260987785164714
52.41680077669903,12.756443963855423,0.11166284276543037
52.41680077669903,12.756586578313254,0.11071713218132817
52.41680077669903,12.756729192771084,0.1097759069188272
52.41680077669903,12.756871807228917,0.10882722741032058
52.41680077669903,12.757014421686748,0.10787927018853992
52.41680077669903,12.757157036144578,0.10693738114691095
52.41680077669903,12.75729965060241,0.10599810288591283
52.41680077669903,12.757442265060241,0.10505957807693271
52.41680077669903,12.757584879518072,0.10412836573441638
52.41680077669903,12.757727493975905,0.10320091197468721
52.41680077669903,12.757870108433735,0.10228425573543684
52.41680077669903,12.758012722891566,0.10137390758730785
52.41680077669903,12.758155337349399,0.10047685169335549
52.41680077669903,12.75829795180723,0.09959600777311026
52.41680077669903,12.758440566265062,0.09872017808658284
52.41680077669903,12.758583180722892,0.09786231048828961
52.41680077669903,12.758725795180723,0.09701914078189149
52.41680077669903,12.758868409638556,0.09619304264236683
52.41680077669903,12.759011024096386,0.09537978805764204
52.41680077669903,12.759153638554217,0.09458878580212769
52.41680077669903,12.75929625301205,0.09382507535659139
52.41680077669903,12.75943886746988,0.0930829536452708
52.41680077669903,12.759581481927711,0.09235835193653825
52.41680077669903,12.759724096385543,0.09166132250434758
52.41680077669903,12.759866710843374,0.09098286701410327
52.41680077669903,12.760009325301205,0.09033258819097811
52.41680077669903,12.760151939759037,0.0897098224007527
52.41680077669903,12.760294554216868,0.08911391126989468
52.41680077669903,12.760437168674699,0.08854536296588833
52.41680077669903,12.760579783132531,0.08800425269981542
52.41680077669903,12.760722397590362,0.08749173609048483
52.41680077669903,12.760865012048193,0.08700930428994252
52.41680077669903,12.761007626506025,0.08655639353208346
52.41680077669903,12.761150240963856,0.08613635127052345
52.41680077669903,12.761292855421688,0.08575330670627865
52.41680077669903,12.761435469879519,0.08540223243920168
52.41680077669903,12.76157808433735,0.08508243904453552
52.41680077669903,12.761720698795182,0.08480450993321068
52.41680077669903,12.761863313253013,0.08455693051370095
52.41680077669903,12.762005927710844,0.0843398549596515
52.41680077669903,12.762148542168676,0.08416670326199681
52.41680077669903,12.762291156626507,0.08402502566981258
52.41680077669903,12.762433771084337,0.08391872824882914
52.41680077669903,12.76257638554217,0.08384384767594945
52.41680077669903,12.762719,0.08380563500948122
52.41689351456311,12.750882,0.1339376769059597
52.41689351456311,12.751024614457831,0.13390493760921982
52.41689351456311,12.751167228915664,0.13383099191962877
52.41689351456311,12.751309843373495,0.13372534566347571
52.41689351456311,12.751452457831325,0.13358361001917884
52.41689351456311,12.751595072289158,0.133406863452266
52.41689351456311,12.751737686746988,0.13319758433202253
52.41689351456311,12.75188030120482,0.13294945326742882
52.41689351456311,12.752022915662652,0.13266240047615377
52.41689351456311,12.752165530120482,0.13234680914657515
52.41689351456311,12.752308144578313,0.13199746154136535
52.41689351456311,12.752450759036146,0.13161375536236097
52.41689351456311,12.752593373493976,0.13120036319352898
52.41689351456311,12.752735987951809,0.1307559324293816
52.41689351456311,12.75287860240964,0.13027182391702816
52.41689351456311,12.75302121686747,0.12976401513384073
52.41689351456311,12.753163831325303,0.12922878961169243
52.41689351456311,12.753306445783133,0.12865959887586778
52.41689351456311,12.753449060240964,0.1280653488122481
52.41689351456311,12.753591674698797,0.12744032343794326
52.41689351456311,12.753734289156627,0.12679127830387255
52.41689351456311,12.753876903614458,0.12611152605248455
52.41689351456311,12.75401951807229,0.12540899635318764
52.41689351456311,12.754162132530121,0.12468371320241334
52.41689351456311,12.754304746987952,0.12393998365036273
52.41689351456311,12.754447361445784,0.1231647750839334
52.41689351456311,12.754589975903615,0.1223699556182876
52.41689351456311,12.754732590361446,0.12155602075952043
52.41689351456311,12.754875204819278,0.12072459416434853
52.41689351456311,12.755017819277109,0.11987779741394672
52.41689351456311,12.75516043373494,0.11901339874243423
52.41689351456311,12.755303048192772,0.11813133882099086
52.41689351456311,12.755445662650603,0.11723754356184649
52.41689351456311,12.755588277108435,0.11632759167661147
52.41689351456311,12.755730891566266,0.11540510442906318
52.41689351456311,12.755873506024097,0.11447271093396061
52.41689351456311,12.75601612048193,0.11353314323870226
52.41689351456311,12.75615873493976,0.11258753184620529
52.41689351456311,12.75630134939759,0.11162807593728707
52.41689351456311,12.756443963855423,0.11065997188888273
52.41689351456311,12.756586578313254,0.10969313735746783
52.41689351456311,12.756729192771084,0.10873073681537573
52.41689351456311,12.756871807228917,0.10776084295342386
52.41689351456311,12.757014421686748,0.1067917230015338
52.41689351456311,12.757157036144578,0.1058286744698869
52.41689351456311,12.75729965060241,0.10486834799416714
52.41689351456311,12.757442265060241,0.1039088758482219
52.41689351456311,12.757584879518072,0.10295683425250807
52.41689351456311,12.757727493975905,0.10200873173005429
52.41689351456311,12.757870108433735,0.10107169442412836
52.41689351456311,12.758012722891566,0.1001411142876353
52.41689351456311,12.758155337349399,0.09922406088077329
52.41689351456311,12.75829795180723,0.09832354343661823
52.41689351456311,12.758440566265062,0.09742834569043929
52.41689351456311,12.758583180722892,0.09655145996349371
52.41689351456311,12.758725795180723,0.09568967165406082
52.41689351456311,12.758868409638556,0.09484527410868489
52.41689351456311,12.759011024096386,0.09401420430645126
52.41689351456311,12.759153638554217,0.0932058135025621
52.41689351456311,12.75929625301205,0.09242509160358037
52.41689351456311,12.75943886746988,0.09166647236006487
52.41689351456311,12.759581481927711,0.09092584066699243
52.41689351456311,12.759724096385543,0.09021341917544519
52.41689351456311,12.759866710843374,0.08952012320302992
52.41689351456311,12.760009325301205,0.08885555225313391
52.41689351456311,12.760151939759037,0.08821908176651028
52.41689351456311,12.760294554216868,0.08761004516859641
52.41689351456311,12.760437168674699,0.08702902436059115
52.41689351456311,12.760579783132531,0.08647606087273772
52.41689351456311,12.760722397590362,0.08595237193487636
52.41689351456311,12.760865012048193,0.0854594952825715
52.41689351456311,12.761007626506025,0.08499678708192358
52.41689351456311,12.761150240963856,0.08456765316971995
52.41689351456311,12.761292855421688,0.08417622467748107
52.41689351456311,12.761435469879519,0.08381746694132781
52.41689351456311,12.76157808433735,0.08349068363674889
52.41689351456311,12.761720698795182,0.08320667244033775
52.41689351456311,12.761863313253013,0.08295364900845129
52.41689351456311,12.762005927710844,0.08273196515810588
52.41689351456311,12.762148542168676,0.08255494000002037
52.41689351456311,12.762291156626507,0.08241016277689227
52.41689351456311,12.762433771084337,0.08230149790135943
52.41689351456311,12.76257638554217,0.0822249673033711
52.41689351456311,12.762719,0.08218593175859772
52.416986252427186,12.750882,0.1334494992597719
52.416986252427186,12.751024614457831,0.133415949000738
52.416986252427186,12.751167228915664,0.13334046806053773
52.416986252427186,12.751309843373495,0.13323244335512816
52.416986252427186,12.751452457831325,0.13308747230513746
52.416986252427186,12.751595072289158,0.13290673452740007
52.416986252427186,12.751737686746988,0.13269262078068356
52.416986252427186,12.75188030120482,0.13243894616425428
52.416986252427186,12.752022915662652,0.13214557930753187
52.416986252427186,12.752165530120482,0.1318228336089104
52.416986252427186,12.752308144578313,0.1314656934816765
52.416986252427186,12.752450759036146,0.13107329320054087
52.416986252427186,12.752593373493976,0.13065056733523284
52.416986252427186,12.752735987951809,0.130196096622492
52.416986252427186,12.75287860240964,0.12970120358785897
52.416986252427186,12.75302121686747,0.12918193549501122
52.416986252427186,12.753163831325303,0.12863467466770584
52.416986252427186,12.753306445783133,0.12805279375602238
52.416986252427186,12.753449060240964,0.12744511728863703
52.416986252427186,12.753591674698797,0.1268060521750212
52.416986252427186,12.753734289156627,0.12614236254771669
52.416986252427186,12.753876903614458,0.12544740783920277
52.416986252427186,12.75401951807229,0.12472919725381874
52.416986252427186,12.754162132530121,0.12398771131656201
52.416986252427186,12.754304746987952,0.1232272215107938
52.416986252427186,12.754447361445784,0.12243489699632526
52.416986252427186,12.754589975903615,0.1216223661054214
52.416986252427186,12.754732590361446,0.12079038705743568
52.416986252427186,12.754875204819278,0.11994039331793392
52.416986252427186,12.755017819277109,0.11907463831569719
52.416986252427186,12.75516043373494,0.11819098006663953
52.416986252427186,12.755303048192772,0.11728933049651977
52.416986252427186,12.755445662650603,0.11637565310793707
52.416986252427186,12.755588277108435,0.1154456391966122
52.416986252427186,12.755730891566266,0.11450274737801099
52.416986252427186,12.755873506024097,0.11354975309111898
52.416986252427186,12.75601612048193,0.11258938503113343
52.416986252427186,12.75615873493976,0.11162280973032322
52.416986252427186,12.75630134939759,0.11064231959810439
52.416986252427186,12.756443963855423,0.1096530620826793
52.416986252427186,12.756586578313254,0.10866501887705314
52.416986252427186,12.756729192771084,0.10768135860806133
52.416986252427186,12.756871807228917,0.10669016586140473
52.416986252427186,12.757014421686748,0.10569979865483191
52.416986252427186,12.757157036144578,0.10471550617213353
52.416986252427186,12.75729965060241,0.10373404801273879
52.416986252427186,12.757442265060241,0.10275354520217089
52.416986252427186,12.757584879518072,0.10178059169168598
52.416986252427186,12.757727493975905,0.10081175824568418
52.416986252427186,12.757870108433735,0.09985425988197802
52.416986252427186,12.758012722891566,0.09890336794443566
52.416986252427186,12.758155337349399,0.09796623775690397
52.416986252427186,12.75829795180723,0.09704596931588755
52.416986252427186,12.758440566265062,0.09613132732420947
52.416986252427186,12.758583180722892,0.09523534892083743
52.416986252427186,12.758725795180723,0.09435486901143159
52.416986252427186,12.758868409638556,0.09349209997578657
52.416986252427186,12.759011024096386,0.09264314540229503
52.416986252427186,12.759153638554217,0.09181729823571544
52.416986252427186,12.75929625301205,0.09101949821060334
52.416986252427186,12.75943886746988,0.09024431698555099
52.416986252427186,12.759581481927711,0.08948759266213832
52.416986252427186,12.759724096385543,0.08875971989193947
52.416986252427186,12.759866710843374,0.08805152593454652
52.416986252427186,12.760009325301205,0.08737260739509574
52.416986252427186,12.760151939759037,0.08672237908711748
52.416986252427186,12.760294554216868,0.08610016651378109
52.416986252427186,12.760437168674699,0.08550662518091649
52.416986252427186,12.760579783132531,0.08494176237051329
52.416986252427186,12.760722397590362,0.08440685776478381
52.416986252427186,12.760865012048193,0.08390349626269222
52.416986252427186,12.761007626506025,0.08343095267520037
52.416986252427186,12.761150240963856,0.0829926919855648
52.416986252427186,12.761292855421688,0.0825928479872489
52.416986252427186,12.761435469879519,0.08222637678728417
52.416986252427186,12.76157808433735,0.08189257609360151
52.416986252427186,12.761720698795182,0.08160246034791328
52.416986252427186,12.761863313253013,0.08134397182203616
52.416986252427186,12.762005927710844,0.0811176626864326
52.416986252427186,12.762148542168676,0.08093674948630933
52.416986252427186,12.762291156626507,0.08078886121512951
52.416986252427186,12.762433771084337,0.08067781951799874
52.416986252427186,12.76257638554217,0.0805996317913727
52.416986252427186,12.762719,0.08055976986957399
52.417078990291266,12.750882,0.13296292599319398
52.417078990291266,12.751024614457831,0.13292855667275835
52.417078990291266,12.751167228915664,0.13285152548316187
52.417078990291266,12.751309843373495,0.13274109925789476
52.417078990291266,12.751452457831325,0.13259286109234483
52.417078990291266,12.751595072289158,0.13240809283266933
52.417078990291266,12.751737686746988,0.13218909716694752
52.417078990291266,12.75188030120482,0.1319298249362549
52.417078990291266,12.752022915662652,0.1316300823438803
52.417078990291266,12.752165530120482,0.13130011182525703
52.417078990291266,12.752308144578313,0.13093510300649958
52.417078990291266,12.752450759036146,0.13053392352036777
52.417078990291266,12.752593373493976,0.1301017723316305
52.417078990291266,12.752735987951809,0.12963716362606137
52.417078990291266,12.75287860240964,0.12913138044942735
52.417078990291266,12.75302121686747,0.12860054104756083
52.417078990291266,12.753163831325303,0.1280411270620457
52.417078990291266,12.753306445783133,0.1274464318095692
52.417078990291266,12.753449060240964,0.12682519757390137
52.417078990291266,12.753591674698797,0.1261719549514476
52.417078990291266,12.753734289156627,0.12549347753339088
52.417078990291266,12.753876903614458,0.12478317145033536
52.417078990291266,12.75401951807229,0.1240491265535638
52.417078990291266,12.754162132530121,0.1232912796571905
52.417078990291266,12.754304746987952,0.12251386613561598
52.417078990291266,12.754447361445784,0.12170425865672496
52.417078990291266,12.754589975903615,0.12087384352273105
52.417078990291266,12.754732590361446,0.12002364391244277
52.417078990291266,12.754875204819278,0.11915490163913263
52.417078990291266,12.755017819277109,0.11827000344194263
52.417078990291266,12.75516043373494,0.11736689776330057
52.417078990291266,12.755303048192772,0.11644546779516819
52.417078990291266,12.755445662650603,0.11551171434559292
52.417078990291266,12.755588277108435,0.11456144314564418
52.417078990291266,12.755730891566266,0.11359794822376547
52.417078990291266,12.755873506024097,0.11262415267294541
52.417078990291266,12.75601612048193,0.11164278224154364
52.417078990291266,12.75615873493976,0.1106550396104436
52.417078990291266,12.75630134939759,0.1096533106917813
52.417078990291266,12.756443963855423,0.1086426941962968
52.417078990291266,12.756586578313254,0.10763323660796936
52.417078990291266,12.756729192771084,0.10662811038693508
52.417078990291266,12.756871807228917,0.1056154125958752
52.417078990291266,12.757014421686748,0.10460359238542068
52.417078990291266,12.757157036144578,0.10359785007585379
52.417078990291266,12.75729965060241,0.10259505589959268
52.417078990291266,12.757442265060241,0.10159331901204406
52.417078990291266,12.757584879518072,0.10059925125739355
52.417078990291266,12.757727493975905,0.09960948645873446
52.417078990291266,12.757870108433735,0.09863132967592313
52.417078990291266,12.758012722891566,0.0976599301078576
52.417078990291266,12.758155337349399,0.09670252930800265
52.417078990291266,12.75829795180723,0.09576231958717911
52.417078990291266,12.758440566265062,0.09482804576664722
52.417078990291266,12.758583180722892,0.09391279083834017
52.417078990291266,12.758725795180723,0.09301343955211772
52.417078990291266,12.758868409638556,0.09213212176731216
52.417078990291266,12.759011024096386,0.09126511048452357
52.417078990291266,12.759153638554217,0.09042163925453146
52.417078990291266,12.75929625301205,0.08960659677471483
52.417078990291266,12.75943886746988,0.08881469419893553
52.417078990291266,12.759581481927711,0.08804172272506176
52.417078990291266,12.759724096385543,0.08729825003706779
52.417078990291266,12.759866710843374,0.08657501474986626
52.417078990291266,12.760009325301205,0.08588161080136766
52.417078990291266,12.760151939759037,0.08521749220299757
52.417078990291266,12.760294554216868,0.08458197783220356
52.417078990291266,12.760437168674699,0.08397579570749941
52.417078990291266,12.760579783132531,0.08339891901105004
52.417078990291266,12.760722397590362,0.08285269113988808
52.417078990291266,12.760865012048193,0.08233874461861407
52.417078990291266,12.761007626506025,0.08185627131041855
52.417078990291266,12.761150240963856,0.08140879639731945
52.417078990291266,12.761292855421688,0.08100045597969728
52.417078990291266,12.761435469879519,0.08062619747082808
52.417078990291266,12.76157808433735,0.08028531206627598
52.417078990291266,12.761720698795182,0.07998903305792304
52.417078990291266,12.761863313253013,0.07972502720598469
52.417078990291266,12.762005927710844,0.07949404858073443
52.417078990291266,12.762148542168676,0.07930921037712127
52.417078990291266,12.762291156626507,0.07915818132206759
52.417078990291266,12.762433771084337,0.07904474013030652
52.417078990291266,12.76257638554217,0.07896487909949523
52.417078990291266,12.762719,0.07892418280522352
52.41717172815534,12.750882,0.13246780676927514
52.41717172815534,12.751024614457831,0.1324326188394974
52.41717172815534,12.751167228915664,0.1323540396102681
52.41717172815534,12.751309843373495,0.1322412152195908
52.41717172815534,12.751452457831325,0.13208971340897613
52.41717172815534,12.751595072289158,0.13190091907375492
52.41717172815534,12.751737686746988,0.13167704652866635
52.41717172815534,12.75188030120482,0.1314121831998165
52.41717172815534,12.752022915662652,0.13110607206504915
52.41717172815534,12.752165530120482,0.1307688841246425
52.41717172815534,12.752308144578313,0.13039601631641698
52.41717172815534,12.752450759036146,0.1299860664446091
52.41717172815534,12.752593373493976,0.12954450065753073
52.41717172815534,12.752735987951809,0.12906976526983663
52.41717172815534,12.75287860240964,0.12855310381109608
52.41717172815534,12.75302121686747,0.1280107062972838
52.41717172815534,12.753163831325303,0.12743915359553032
52.41717172815534,12.753306445783133,0.12683165962723633
52.41717172815534,12.753449060240964,0.12619688306363328
52.41717172815534,12.753591674698797,0.12552947936198386
52.41717172815534,12.753734289156627,0.12483623058601766
52.41717172815534,12.753876903614458,0.12411059077001076
52.41717172815534,12.75401951807229,0.12336073006526455
52.41717172815534,12.754162132530121,0.12258654205094217
52.41717172815534,12.754304746987952,0.12179222491025607
52.41717172815534,12.754447361445784,0.1209653558698327
52.41717172815534,12.754589975903615,0.1201170774828631
52.41717172815534,12.754732590361446,0.119248680080233
52.41717172815534,12.754875204819278,0.11836121053806009
52.41717172815534,12.755017819277109,0.11745719124731102
52.41717172815534,12.75516043373494,0.11653466179879339
52.41717172815534,12.755303048192772,0.11559347509865855
52.41717172815534,12.755445662650603,0.11463966997833558
52.41717172815534,12.755588277108435,0.11366916762026606
52.41717172815534,12.755730891566266,0.11268509439628023
52.41717172815534,12.755873506024097,0.11169052329319885
52.41717172815534,12.75601612048193,0.11068817598798927
52.41717172815534,12.75615873493976,0.10967929180917428
52.41717172815534,12.75630134939759,0.10865635091642013
52.41717172815534,12.756443963855423,0.10762440246713187
52.41717172815534,12.756586578313254,0.10659355747568902
52.41717172815534,12.756729192771084,0.1055669925159809
52.41717172815534,12.756871807228917,0.10453281671479125
52.41717172815534,12.757014421686748,0.10349957031000138
52.41717172815534,12.757157036144578,0.10247240518343845
52.41717172815534,12.75729965060241,0.10144830223256379
52.41717172815534,12.757442265060241,0.10042535855439134
52.41717172815534,12.757584879518072,0.09941020348596491
52.41717172815534,12.757727493975905,0.09839953393856599
52.41717172815534,12.757870108433735,0.0974007460885472
52.41717172815534,12.758012722891566,0.09640886556601513
52.41717172815534,12.758155337349399,0.09543121975879455
52.41717172815534,12.75829795180723,0.09447109444515694
52.41717172815534,12.758440566265062,0.09351721472199037
52.41717172815534,12.758583180722892,0.09258270880913143
52.41717172815534,12.758725795180723,0.09166451147836296
52.41717172815534,12.758868409638556,0.09076466893718867
52.41717172815534,12.759011024096386,0.08987962541997564
52.41717172815534,12.759153638554217,0.08901855400420938
52.41717172815534,12.75929625301205,0.08818629161990033
52.41717172815534,12.75943886746988,0.08737768952921351
52.41717172815534,12.759581481927711,0.08658849198400709
52.41717172815534,12.759724096385543,0.0858294413166354
52.41717172815534,12.759866710843374,0.0850911852424151
52.41717172815534,12.760009325301205,0.08438331559226026
52.41717172815534,12.760151939759037,0.08370532581203571
52.41717172815534,12.760294554216868,0.08305652793189558
52.41717172815534,12.760437168674699,0.08243772232448758
52.41717172815534,12.760579783132531,0.08184884806050648
52.41717172815534,12.760722397590362,0.08129131228540162
52.41717172815534,12.760865012048193,0.08076679635396304
52.41717172815534,12.761007626506025,0.08027440704617039
52.41717172815534,12.761150240963856,0.07981773081278364
52.41717172815534,12.761292855421688,0.07940090627866207
52.41717172815534,12.761435469879519,0.07901887097300896
52.41717172815534,12.76157808433735,0.07867090960895193
52.41717172815534,12.761720698795182,0.07836847738435279
52.41717172815534,12.761863313253013,0.07809896146710864
52.41717172815534,12.762005927710844,0.07786332049423275
52.41717172815534,12.762148542168676,0.07767456335915274
52.41717172815534,12.762291156626507,0.07752039807480626
52.41717172815534,12.762433771084337,0.07740456066053031
52.41717172815534,12.76257638554217,0.07732302763847924
52.41717172815534,12.762719,0.07728149753659871
52.41726446601942,12.750882,0.13197966477069145
52.41726446601942,12.751024614457831,0.13194365463110522
52.41726446601942,12.751167228915664,0.13186352162229592
52.41726446601942,12.751309843373495,0.13174828990222698
52.41726446601942,12.751452457831325,0.13159351152263335
52.41726446601942,12.751595072289158,0.13140067532421118
52.41726446601942,12.751737686746988,0.13117190686169655
52.41726446601942,12.75188030120482,0.1309014306481533
52.41726446601942,12.752022915662652,0.13058892592539065
52.41726446601942,12.752165530120482,0.1302444915421099
52.41726446601942,12.752308144578313,0.12986373424280082
52.41726446601942,12.752450759036146,0.12944497925145854
52.41726446601942,12.752593373493976,0.12899396147008552
52.41726446601942,12.752735987951809,0.1285090594240373
52.41726446601942,12.75287860240964,0.12798147685762928
52.41726446601942,12.75302121686747,0.1274274753003075
52.41726446601942,12.753163831325303,0.1268437366320154
52.41726446601942,12.753306445783133,0.12622339394381235
52.41726446601942,12.753449060240964,0.1255750219880299
52.41726446601942,12.753591674698797,0.12489340179571562
52.41726446601942,12.753734289156627,0.12418532372457243
52.41726446601942,12.753876903614458,0.12344428989901621
52.41726446601942,12.75401951807229,0.12267855154090161
52.41726446601942,12.754162132530121,0.1218879590299274
52.41726446601942,12.754304746987952,0.12107667238270803
52.41726446601942,12.754447361445784,0.12023247513524096
52.41726446601942,12.754589975903615,0.11936626404606134
52.41726446601942,12.754732590361446,0.11847959816315877
52.41726446601942,12.754875204819278,0.11757332862329277
52.41726446601942,12.755017819277109,0.11665011342671351
52.41726446601942,12.75516043373494,0.11570808566671152
52.41726446601942,12.755303048192772,0.11474706619544545
52.41726446601942,12.755445662650603,0.11377313191615669
52.41726446601942,12.755588277108435,0.11278232083326584
52.41726446601942,12.755730891566266,0.11177759047061095
52.41726446601942,12.755873506024097,0.1107621640850741
52.41726446601942,12.75601612048193,0.10973875912184775
52.41726446601942,12.75615873493976,0.10870865237627629
52.41726446601942,12.75630134939759,0.10766441814804095
52.41726446601942,12.756443963855423,0.10661105631650834
52.41726446601942,12.756586578313254,0.10555874217066767
52.41726446601942,12.756729192771084,0.1045106566163157
52.41726446601942,12.756871807228917,0.10345492101585653
52.41726446601942,12.757014421686748,0.10240016692492977
52.41726446601942,12.757157036144578,0.10135149767475476
52.41726446601942,12.75729965060241,0.10030600535528812
52.41726446601942,12.757442265060241,0.099261774918853
52.41726446601942,12.757584879518072,0.09822545295574503
52.41726446601942,12.757727493975905,0.09719379966130764
52.41726446601942,12.757870108433735,0.09617430328964248
52.41726446601942,12.758012722891566,0.09516186460068131
52.41726446601942,12.758155337349399,0.0941638979818214
52.41726446601942,12.75829795180723,0.09318378278809678
52.41726446601942,12.758440566265062,0.09221022377162717
52.41726446601942,12.758583180722892,0.09125639505080481
52.41726446601942,12.758725795180723,0.09031928182839027
52.41726446601942,12.758868409638556,0.0894008452621563
52.41726446601942,12.759011024096386,0.08849770284577627
52.41726446601942,12.759153638554217,0.08761896578193448
52.41726446601942,12.75929625301205,0.08676941939857381
52.41726446601942,12.75943886746988,0.08594405598877132
52.41726446601942,12.759581481927711,0.0851385719684041
52.41726446601942,12.759724096385543,0.08436388566291765
52.41726446601942,12.759866710843374,0.08361055333021773
52.41726446601942,12.760009325301205,0.0828881645241049
52.41726446601942,12.760151939759037,0.08219625207406693
52.41726446601942,12.760294554216868,0.08153412211001956
52.41726446601942,12.760437168674699,0.08090264647933462
52.41726446601942,12.760579783132531,0.0803017298934493
52.41726446601942,12.760722397590362,0.07973284484495938
52.41726446601942,12.760865012048193,0.0791977210964561
52.41726446601942,12.761007626506025,0.07869537881739919
52.41726446601942,12.761150240963856,0.07822946767096187
52.41726446601942,12.761292855421688,0.07780412853722833
52.41726446601942,12.761435469879519,0.07741428773944975
52.41726446601942,12.76157808433735,0.0770592245172849
52.41726446601942,12.761720698795182,0.07675061667597126
52.41726446601942,12.761863313253013,0.0764755705491685
52.41726446601942,12.762005927710844,0.0762352506812252
52.41726446601942,12.762148542168676,0.07604256042342387
52.41726446601942,12.762291156626507,0.07588524792837271
52.41726446601942,12.762433771084337,0.07576700532267566
52.41726446601942,12.76257638554217,0.07568379387445572
52.41726446601942,12.762719,0.07564142660365063
52.4173572038835,12.750882,0.13149232400080918
52.4173572038835,12.751024614457831,0.13145548362979106
52.4173572038835,12.751167228915664,0.13137378224394236
52.4173572038835,12.751309843373495,0.13125612125489844
52.4173572038835,12.751452457831325,0.13109803632754016
52.4173572038835,12.751595072289158,0.13090112080467053
52.4173572038835,12.751737686746988,0.13066741128395065
52.4173572038835,12.75188030120482,0.13039127045891766
52.4173572038835,12.752022915662652,0.13007231328953994
52.4173572038835,12.752165530120482,0.1297205655606677
52.4173572038835,12.752308144578313,0.12933184597032585
52.4173572038835,12.752450759036146,0.12890420512199535
52.4173572038835,12.752593373493976,0.1284436483865099
52.4173572038835,12.752735987951809,0.12794848599394806
52.4173572038835,12.75287860240964,0.12740988154532445
52.4173572038835,12.75302121686747,0.1268441696390437
52.4173572038835,12.753163831325303,0.12624813251635725
52.4173572038835,12.753306445783133,0.1256148227446647
52.4173572038835,12.753449060240964,0.12495273039394755
52.4173572038835,12.753591674698797,0.12425676269655864
52.4173572038835,12.753734289156627,0.12353371842020738
52.4173572038835,12.753876903614458,0.12277714865073278
52.4173572038835,12.75401951807229,0.12199538571701767
52.4173572038835,12.754162132530121,0.12118823758660843
52.4173572038835,12.754304746987952,0.12035982558795057
52.4173572038835,12.754447361445784,0.11949814012097978
52.4173572038835,12.754589975903615,0.11861383129270135
52.4173572038835,12.754732590361446,0.11770872846472402
52.4173572038835,12.754875204819278,0.11678348542093148
52.4173572038835,12.755017819277109,0.11584089752245864
52.4173572038835,12.75516043373494,0.114879191751697
52.4173572038835,12.755303048192772,0.11389815704022772
52.4173572038835,12.755445662650603,0.11290390801138164
52.4173572038835,12.755588277108435,0.11189260119658756
52.4173572038835,12.755730891566266,0.11086702316978064
52.4173572038835,12.755873506024097,0.10983054932596115
52.4173572038835,12.75601612048193,0.10878589302112479
52.4173572038835,12.75615873493976,0.10773436878471365
52.4173572038835,12.75630134939759,0.10666864461312947
52.4173572038835,12.756443963855423,0.1055936718957388
52.4173572038835,12.756586578313254,0.10451969083122091
52.4173572038835,12.756729192771084,0.10344988671081752
52.4173572038835,12.756871807228917,0.1023723931742849
52.4173572038835,12.757014421686748,0.10129593344463464
52.4173572038835,12.757157036144578,0.1002255621544944
52.4173572038835,12.75729965060241,0.09915848373296354
52.4173572038835,12.757442265060241,0.09809277087212952
52.4173572038835,12.757584879518072,0.09703508742871407
52.4173572038835,12.757727493975905,0.09598225732133782
52.4173572038835,12.757870108433735,0.09494186224878677
52.4173572038835,12.758012722891566,0.09390867679339358
52.4173572038835,12.758155337349399,0.09289020199009039
52.4173572038835,12.75829795180723,0.09188991308867096
52.4173572038835,12.758440566265062,0.09089649376862206
52.4173572038835,12.758583180722892,0.08992316478606298
52.4173572038835,12.758725795180723,0.08896696135891766
52.4173572038835,12.758868409638556,0.08802975956294451
52.4173572038835,12.759011024096386,0.08710835173889622
52.4173572038835,12.759153638554217,0.08621178679966551
52.4173572038835,12.75929625301205,0.0853447973072896
52.4173572038835,12.75943886746988,0.0845025184621023
52.4173572038835,12.759581481927711,0.08368059850941928
52.4173572038835,12.759724096385543,0.08289013291934696
52.4173572038835,12.759866710843374,0.08212158549674169
52.4173572038835,12.760009325301205,0.08138454376532889
52.4173572038835,12.760151939759037,0.080678580081385
52.4173572038835,12.760294554216868,0.08000299638998418
52.4173572038835,12.760437168674699,0.07935873409980436
52.4173572038835,12.760579783132531,0.07874566436735547
52.4173572038835,12.760722397590362,0.07816532518135222
52.4173572038835,12.760865012048193,0.07761949639560685
52.4173572038835,12.761007626506025,0.07710710970825481
52.4173572038835,12.761150240963856,0.0766318790049638
52.4173572038835,12.761292855421688,0.07619794690764585
52.4173572038835,12.761435469879519,0.07580022886277049
52.4173572038835,12.76157808433735,0.07543799829279146
52.4173572038835,12.761720698795182,0.07512315786827885
52.4173572038835,12.761863313253013,0.07484253083822279
52.4173572038835,12.762005927710844,0.07459748918914501
52.4173572038835,12.762148542168676,0.07440082985978556
52.4173572038835,12.762291156626507,0.0742403412052943
52.4173572038835,12.762433771084337,0.07411967146034734
52.4173572038835,12.76257638554217,0.07403476615357718
52.4173572038835,12.762719,0.07399155379680072
52.41744994174757,12.750882,0.13101052839587782
52.41744994174757,12.751024614457831,0.13097285796827923
52.41744994174757,12.751167228915664,0.1308895901233816
52.41744994174757,12.751309843373495,0.13076950266435067
52.41744994174757,12.751452457831325,0.13060811475093553
52.41744994174757,12.751595072289158,0.13040712427383958
52.41744994174757,12.751737686746988,0.13016847883193916
52.41744994174757,12.75188030120482,0.12988667965278514
52.41744994174757,12.752022915662652,0.12956127652685556
52.41744994174757,12.752165530120482,0.12920222274751952
52.41744994174757,12.752308144578313,0.12880554992367527
52.41744994174757,12.752450759036146,0.12836903193731966
52.41744994174757,12.752593373493976,0.12789894637341784
52.41744994174757,12.752735987951809,0.12739353436319947
52.41744994174757,12.75287860240964,0.12684391967781983
52.41744994174757,12.75302121686747,0.1262665098151904
52.41744994174757,12.753163831325303,0.12565818795235928
52.41744994174757,12.753306445783133,0.1250119257330087
52.41744994174757,12.753449060240964,0.12433612785904395
52.41744994174757,12.753591674698797,0.12362582814045668
52.41744994174757,12.753734289156627,0.122887833562823
52.41744994174757,12.753876903614458,0.12211574461000077
52.41744994174757,12.75401951807229,0.12131797490751277
52.41744994174757,12.754162132530121,0.12049429019338276
52.41744994174757,12.754304746987952,0.11964877246756964
52.41744994174757,12.754447361445784,0.11876962002203174
52.41744994174757,12.754589975903615,0.11786723378814232
52.41744994174757,12.754732590361446,0.11694371530429433
52.41744994174757,12.754875204819278,0.1159995201101108
52.41744994174757,12.755017819277109,0.1150375808490208
52.41744994174757,12.75516043373494,0.1140562201342065
52.41744994174757,12.755303048192772,0.11305519341829212
52.41744994174757,12.755445662650603,0.11204065368356642
52.41744994174757,12.755588277108435,0.11100887625338993
52.41744994174757,12.755730891566266,0.10996247541444584
52.41744994174757,12.755873506024097,0.10890497942964514
52.41744994174757,12.75601612048193,0.10783909665038785
52.41744994174757,12.75615873493976,0.10676618060414307
52.41744994174757,12.75630134939759,0.1056789928342704
52.41744994174757,12.756443963855423,0.1045824359871851
52.41744994174757,12.756586578313254,0.10348681518944047
52.41744994174757,12.756729192771084,0.10239531985814475
52.41744994174757,12.756871807228917,0.10129609561648698
52.41744994174757,12.757014421686748,0.10019795739126738
52.41744994174757,12.757157036144578,0.09910591148913794
52.41744994174757,12.75729965060241,0.09801727448715845
52.41744994174757,12.757442265060241,0.09693010662745385
52.41744994174757,12.757584879518072,0.09585108906021951
52.41744994174757,12.757727493975905,0.09477710927792299
52.41744994174757,12.757870108433735,0.0937158432167655
52.41744994174757,12.758012722891566,0.09266193815407782
52.41744994174757,12.758155337349399,0.09162298175310256
52.41744994174757,12.75829795180723,0.09060254574349592
52.41744994174757,12.758440566265062,0.0895892927344643
52.41744994174757,12.758583180722892,0.08859648980679113
52.41744994174757,12.758725795180723,0.08762122236756248
52.41744994174757,12.758868409638556,0.08666528037529075
52.41744994174757,12.759011024096386,0.08572563207763087
52.41744994174757,12.759153638554217,0.08481126368657968
52.41744994174757,12.75929625301205,0.083926855073626
52.41744994174757,12.75943886746988,0.08306768405629963
52.41744994174757,12.759581481927711,0.0822293506847019
52.41744994174757,12.759724096385543,0.08142312842680273
52.41744994174757,12.759866710843374,0.08063938736970794
52.41744994174757,12.760009325301205,0.0798877130584985
52.41744994174757,12.760151939759037,0.07916771802181005
52.41744994174757,12.760294554216868,0.078478699681038
52.41744994174757,12.760437168674699,0.07782166889057235
52.41744994174757,12.760579783132531,0.07719646307254165
52.41744994174757,12.760722397590362,0.07660468607226903
52.41744994174757,12.760865012048193,0.07604816803377452
52.41744994174757,12.761007626506025,0.0755257512935449
52.41744994174757,12.761150240963856,0.07504121423104017
52.41744994174757,12.761292855421688,0.07459870197706515
52.41744994174757,12.761435469879519,0.07419311777116434
52.41744994174757,12.76157808433735,0.07382372966862476
52.41744994174757,12.761720698795182,0.07350266627219393
52.41744994174757,12.761863313253013,0.07321646590989225
52.41744994174757,12.762005927710844,0.07296671027913644
52.41744994174757,12.762148542168676,0.0727660880259928
52.41744994174757,12.762291156626507,0.07260242800105204
52.41744994174757,12.762433771084337,0.07247933460224139
52.41744994174757,12.76257638554217,0.07239273706837901
52.41744994174757,12.762719,0.07234868039755779
52.41754267961165,12.750882,0.13052547217789878
52.41754267961165,12.751024614457831,0.13048697192306424
52.41754267961165,12.751167228915664,0.13040213905840106
52.41754267961165,12.751309843373495,0.1302796273349438
52.41754267961165,12.751452457831325,0.13011493830303628
52.41754267961165,12.751595072289158,0.1299098758117544
52.41754267961165,12.751737686746988,0.1296662977666691
52.41754267961165,12.75188030120482,0.12937884436165173
52.41754267961165,12.752022915662652,0.1290470001443801
52.41754267961165,12.752165530120482,0.12868064474277593
52.41754267961165,12.752308144578313,0.12827602473605743
52.41754267961165,12.752450759036146,0.12783063510069356
52.41754267961165,12.752593373493976,0.12735102725924868
52.41754267961165,12.752735987951809,0.12683537282857654
52.41754267961165,12.75287860240964,0.12627475550180325
52.41754267961165,12.75302121686747,0.12568565575196256
52.41754267961165,12.753163831325303,0.12506505821348612
52.41754267961165,12.753306445783133,0.12440585299937196
52.41754267961165,12.753449060240964,0.12371635901914609
52.41754267961165,12.753591674698797,0.1229917370136032
52.41754267961165,12.753734289156627,0.12223880218601231
52.41754267961165,12.753876903614458,0.12145120507320295
52.41754267961165,12.75401951807229,0.12063743989967723
52.41754267961165,12.754162132530121,0.11979723064173947
52.41754267961165,12.754304746987952,0.11893461998607424
52.41754267961165,12.754447361445784,0.11803801335446798
52.41754267961165,12.754589975903615,0.11711756278171842
52.41754267961165,12.754732590361446,0.11617564293277612
52.41754267961165,12.754875204819278,0.1152125090037336
52.41754267961165,12.755017819277109,0.11423123204231792
52.41754267961165,12.75516043373494,0.11323023105433819
52.41754267961165,12.755303048192772,0.1122092270238949
52.41754267961165,12.755445662650603,0.1111744115536776
52.41754267961165,12.755588277108435,0.11012217946484518
52.41754267961165,12.755730891566266,0.10905497131687591
52.41754267961165,12.755873506024097,0.10797646888822393
52.41754267961165,12.75601612048193,0.10688937589048189
52.41754267961165,12.75615873493976,0.1057950844030291
52.41754267961165,12.75630134939759,0.10468644965933142
52.41754267961165,12.756443963855423,0.10356832518904203
52.41754267961165,12.756586578313254,0.10245108126856685
52.41754267961165,12.756729192771084,0.10133791159254865
52.41754267961165,12.756871807228917,0.10021697342639337
52.41754267961165,12.757014421686748,0.09909717368631318
52.41754267961165,12.757157036144578,0.09798346999768236
52.41754267961165,12.75729965060241,0.09687329148238477
52.41754267961165,12.757442265060241,0.0957646856750212
52.41754267961165,12.757584879518072,0.09466435078664609
52.41754267961165,12.757727493975905,0.09356923807542813
52.41754267961165,12.757870108433735,0.09248711811840613
52.41754267961165,12.758012722891566,0.09141251026828252
52.41754267961165,12.758155337349399,0.09035308838190706
52.41754267961165,12.75829795180723,0.08931252160801124
52.41754267961165,12.758440566265062,0.08827945104003726
52.41754267961165,12.758583180722892,0.08726718989238312
52.41754267961165,12.758725795180723,0.08627287447857358
52.41754267961165,12.758868409638556,0.0852982070407539
52.41754267961165,12.759011024096386,0.08434033394684345
52.41754267961165,12.759153638554217,0.08340817707005538
52.41754267961165,12.75929625301205,0.08250636332778227
52.41754267961165,12.75943886746988,0.08163031410179865
52.41754267961165,12.759581481927711,0.08077558051789754
52.41754267961165,12.759724096385543,0.07995361497760987
52.41754267961165,12.759866710843374,0.0791546932127329
52.41754267961165,12.760009325301205,0.07838839873276952
52.41754267961165,12.760151939759037,0.0776543841822589
52.41754267961165,12.760294554216868,0.07695194325569957
52.41754267961165,12.760437168674699,0.07628215465198572
52.41754267961165,12.760579783132531,0.07564482244936303
52.41754267961165,12.760722397590362,0.07504161758559659
52.41754267961165,12.760865012048193,0.07447441991729134
52.41754267961165,12.761007626506025,0.07394198164120094
52.41754267961165,12.761150240963856,0.07344814635196864
52.41754267961165,12.761292855421688,0.07299706145577875
52.41754267961165,12.761435469879519,0.07258361748903824
52.41754267961165,12.76157808433735,0.07220707764807129
52.41754267961165,12.761720698795182,0.07187979763573703
52.41754267961165,12.761863313253013,0.07158802866654082
52.41754267961165,12.762005927710844,0.07133356367642651
52.41754267961165,12.762148542168676,0.0711289823979589
52.41754267961165,12.762291156626507,0.0709621541766584
52.41754267961165,12.762433771084337,0.07083663916996213
52.41754267961165,12.76257638554217,0.07074835053589537
52.41754267961165,12.762719,0.07070344995293708
52.41763541747573,12.750882,0.13004651658316496
52.41763541747573,12.751024614457831,0.1300071867420607
52.41763541747573,12.751167228915664,0.12992079043453422
52.41763541747573,12.751309843373495,0.12979585691241083
52.41763541747573,12.751452457831325,0.1296278698736665
52.41763541747573,12.751595072289158,0.1294187385755559
52.41763541747573,12.751737686746988,0.12917023161815627
52.41763541747573,12.75188030120482,0.1288771287418398
52.41763541747573,12.752022915662652,0.1285388486947464
52.41763541747573,12.752165530120482,0.12816519695352355
52.41763541747573,12.752308144578313,0.12775263662712363
52.41763541747573,12.752450759036146,0.1272983824373718
52.41763541747573,12.752593373493976,0.1268092599777546
52.41763541747573,12.752735987951809,0.12628337132132034
52.41763541747573,12.75287860240964,0.12571175986971778
52.41763541747573,12.75302121686747,0.12511097963718718
52.41763541747573,12.753163831325303,0.1244781172053216
52.41763541747573,12.753306445783133,0.12380598042194717
52.41763541747573,12.753449060240964,0.12310280189174162
52.41763541747573,12.753591674698797,0.12236386968087318
52.41763541747573,12.753734289156627,0.12159600725210876
52.41763541747573,12.753876903614458,0.12079291502790387
52.41763541747573,12.75401951807229,0.11996316792765083
52.41763541747573,12.754162132530121,0.11910644870751036
52.41763541747573,12.754304746987952,0.1182267601085562
52.41763541747573,12.754447361445784,0.1173127156647439
52.41763541747573,12.754589975903615,0.1163742166337607
52.41763541747573,12.754732590361446,0.11541391202985835
52.41763541747573,12.754875204819278,0.11443185544294256
52.41763541747573,12.755017819277109,0.11343125736336124
52.41763541747573,12.75516043373494,0.11241063425182336
52.41763541747573,12.755303048192772,0.11136967112272513
52.41763541747573,12.755445662650603,0.11031459839640079
52.41763541747573,12.755588277108435,0.10924193112292802
52.41763541747573,12.755730891566266,0.10815393491845679
52.41763541747573,12.755873506024097,0.10705444594279315
52.41763541747573,12.75601612048193,0.10594616237627268
52.41763541747573,12.75615873493976,0.10483051567309065
52.41763541747573,12.75630134939759,0.10370045482103979
52.41763541747573,12.756443963855423,0.10256078360778113
52.41763541747573,12.756586578313254,0.10142193788270601
52.41763541747573,12.756729192771084,0.10028711502451687
52.41763541747573,12.756871807228917,0.09914448423659633
52.41763541747573,12.757014421686748,0.09800304428299651
52.41763541747573,12.757157036144578,0.09686770422648755
52.41763541747573,12.75729965060241,0.09573600619366784
52.41763541747573,12.757442265060241,0.09460598413114985
52.41763541747573,12.757584879518072,0.09348435370779937
52.41763541747573,12.757727493975905,0.09236812959200585
52.41763541747573,12.757870108433735,0.09126517776954542
52.41763541747573,12.758012722891566,0.09016988860745707
52.41763541747573,12.758155337349399,0.08909002266035329
52.41763541747573,12.75829795180723,0.08802934670517978
52.41763541747573,12.758440566265062,0.08697647960675683
52.41763541747573,12.758583180722892,0.08594478156258374
52.41763541747573,12.758725795180723,0.08493143892993674
52.41763541747573,12.758868409638556,0.08393806587470208
52.41763541747573,12.759011024096386,0.08296198814886006
52.41763541747573,12.759153638554217,0.08201206261894377
52.41763541747573,12.75929625301205,0.08109286244329171
52.41763541747573,12.75943886746988,0.0801999534009592
52.41763541747573,12.759581481927711,0.07932883767096141
52.41763541747573,12.759724096385543,0.07849114680549334
52.41763541747573,12.759866710843374,0.07767706152858533
52.41763541747573,12.760009325301205,0.07689616331240373
52.41763541747573,12.760151939759037,0.07614814508480823
52.41763541747573,12.760294554216868,0.07543229725535686
52.41763541747573,12.760437168674699,0.07474976529683919
52.41763541747573,12.760579783132531,0.07410032020415602
52.41763541747573,12.760722397590362,0.07348570006598612
52.41763541747573,12.760865012048193,0.07290783563979542
52.41763541747573,12.761007626506025,0.07236538734602134
52.41763541747573,12.761150240963856,0.07186226463631108
52.41763541747573,12.761292855421688,0.07140261752493149
52.41763541747573,12.761435469879519,0.07098132258119719
52.41763541747573,12.76157808433735,0.07059763867284617
52.41763541747573,12.761720698795182,0.07026414956357699
52.41763541747573,12.761863313253013,0.06996681826484255
52.41763541747573,12.762005927710844,0.06970765011085814
52.41763541747573,12.762148542168676,0.06949911495102569
52.41763541747573,12.762291156626507,0.06932912256018946
52.41763541747573,12.762433771084337,0.06920118831471211
52.41763541747573,12.76257638554217,0.06911120992764733
52.41763541747573,12.762719,0.06906546631768701
52.41772815533981,12.750882,0.1295710232370265
52.41772815533981,12.751024614457831,0.12953086361333827
52.41772815533981,12.751167228915664,0.12944290449119128
52.41772815533981,12.751309843373495,0.12931555020177454
52.41772815533981,12.751452457831325,0.12914426591502545
52.41772815533981,12.751595072289158,0.12893106686308056
52.41772815533981,12.751737686746988,0.12867763256421616
52.41772815533981,12.75188030120482,0.12837888217261303
52.41772815533981,12.752022915662652,0.12803416831638284
52.41772815533981,12.752165530120482,0.12765322197937692
52.41772815533981,12.752308144578313,0.12723272372849012
52.41772815533981,12.752450759036146,0.12676960686977518
52.41772815533981,12.752593373493976,0.12627097211549307
52.41772815533981,12.752735987951809,0.12573485197762657
52.41772815533981,12.75287860240964,0.12515224944527192
52.41772815533981,12.75302121686747,0.12453979243659408
52.41772815533981,12.753163831325303,0.1238946687136999
52.41772815533981,12.753306445783133,0.12320960440725635
52.41772815533981,12.753449060240964,0.12249274522923939
52.41772815533981,12.753591674698797,0.12173950698726838
52.41772815533981,12.753734289156627,0.12095672050383406
52.41772815533981,12.753876903614458,0.1201381374391309
52.41772815533981,12.75401951807229,0.11929241273639611
52.41772815533981,12.754162132530121,0.1184191887406025
52.41772815533981,12.754304746987952,0.11752242738322782
52.41772815533981,12.754447361445784,0.11659095070094168
52.41772815533981,12.754589975903615,0.11563440868425938
52.41772815533981,12.754732590361446,0.1146557250590235
52.41772815533981,12.754875204819278,0.11365475147127635
52.41772815533981,12.755017819277109,0.11263483805598311
52.41772815533981,12.75516043373494,0.11159459887068673
52.41772815533981,12.755303048192772,0.11053368284409434
52.41772815533981,12.755445662650603,0.1094583589808872
52.41772815533981,12.755588277108435,0.10836526333897605
52.41772815533981,12.755730891566266,0.10725648545920106
52.41772815533981,12.755873506024097,0.10613601665651
52.41772815533981,12.75601612048193,0.10500654954038463
52.41772815533981,12.75615873493976,0.10386955457779379
52.41772815533981,12.75630134939759,0.10271807424633125
52.41772815533981,12.756443963855423,0.10155686367506526
52.41772815533981,12.756586578313254,0.10039642326366474
52.41772815533981,12.756729192771084,0.09923995465447571
52.41772815533981,12.756871807228917,0.09807563879037753
52.41772815533981,12.757014421686748,0.09691256603314985
52.41772815533981,12.757157036144578,0.09575559683385569
52.41772815533981,12.75729965060241,0.09460238679407136
52.41772815533981,12.757442265060241,0.09345095625499139
52.41772815533981,12.757584879518072,0.0923080377430351
52.41772815533981,12.757727493975905,0.09117070956723523
52.41772815533981,12.757870108433735,0.09004693372505783
52.41772815533981,12.758012722891566,0.08893097121455236
52.41772815533981,12.758155337349399,0.0878306684445459
52.41772815533981,12.75829795180723,0.08674989065266918
52.41772815533981,12.758440566265062,0.08567723448614276
52.41772815533981,12.758583180722892,0.08462610670384328
52.41772815533981,12.758725795180723,0.08359374407863335
52.41772815533981,12.758868409638556,0.08258167201120006
52.41772815533981,12.759011024096386,0.08158739694933653
52.41772815533981,12.759153638554217,0.08061970974678181
52.41772815533981,12.75929625301205,0.07968312945884416
52.41772815533981,12.75943886746988,0.07877336717549793
52.41772815533981,12.759581481927711,0.07788587528675604
52.41772815533981,12.759724096385543,0.07703246560521783
52.41772815533981,12.759866710843374,0.07620322253619746
52.41772815533981,12.760009325301205,0.0754077262372711
52.41772815533981,12.760151939759037,0.07464570957474498
52.41772815533981,12.760294554216868,0.07391646051154886
52.41772815533981,12.760437168674699,0.07322119018498802
52.41772815533981,12.760579783132531,0.07255963677535207
52.41772815533981,12.760722397590362,0.07193360570908744
52.41772815533981,12.760865012048193,0.07134507924579109
52.41772815533981,12.761007626506025,0.07079262443221979
52.41772815533981,12.761150240963856,0.07028021799491534
52.41772815533981,12.761292855421688,0.06981201215440126
52.41772815533981,12.761435469879519,0.06938286924872739
52.41772815533981,12.76157808433735,0.06899204423394567
52.41772815533981,12.761720698795182,0.0686523492288914
52.41772815533981,12.761863313253013,0.06834945800748175
52.41772815533981,12.762005927710844,0.06808558907173176
52.41772815533981,12.762148542168676,0.06787310188094832
52.41772815533981,12.762291156626507,0.06769994659666555
52.41772815533981,12.762433771084337,0.06756959408846822
52.41772815533981,12.76257638554217,0.0674779262477597
52.41772815533981,12.762719,0.0674313393310638
52.41782089320388,12.750882,0.12910459325548776
52.41782089320388,12.751024614457831,0.12906360299379221
52.41782089320388,12.751167228915664,0.1289740797853899
52.41782089320388,12.751309843373495,0.12884430364281627
52.41782089320388,12.751452457831325,0.1286697200424265
52.41782089320388,12.751595072289158,0.12845245065272146
52.41782089320388,12.751737686746988,0.12819408584600034
52.41782089320388,12.75188030120482,0.12788968438626333
52.41782089320388,12.752022915662652,0.12753853266538762
52.41782089320388,12.752165530120482,0.1271502867880091
52.41782089320388,12.752308144578313,0.12672184577184595
52.41782089320388,12.752450759036146,0.12624986094062987
52.41782089320388,12.752593373493976,0.12574170795128817
52.41782089320388,12.752735987951809,0.12519535021741185
52.41782089320388,12.75287860240964,0.12460174952462186
52.41782089320388,12.75302121686747,0.12397760885230805
52.41782089320388,12.753163831325303,0.12332021643242135
52.41782089320388,12.753306445783133,0.12262221694995754
52.41782089320388,12.753449060240964,0.12189166903299228
52.41782089320388,12.753591674698797,0.1211241161130277
52.41782089320388,12.753734289156627,0.12032639684426871
52.41782089320388,12.753876903614458,0.11949231361042341
52.41782089320388,12.75401951807229,0.11863060197276193
52.41782089320388,12.754162132530121,0.11774086425172733
52.41782089320388,12.754304746987952,0.11682702093812491
52.41782089320388,12.754447361445784,0.11587810235286253
52.41782089320388,12.754589975903615,0.11490350724346698
52.41782089320388,12.754732590361446,0.11390643448295154
52.41782089320388,12.754875204819278,0.11288653311484485
52.41782089320388,12.755017819277109,0.11184729317157936
52.41782089320388,12.75516043373494,0.11078742749219311
52.41782089320388,12.755303048192772,0.10970654793527955
52.41782089320388,12.755445662650603,0.10861096213302678
52.41782089320388,12.755588277108435,0.1074974280513062
52.41782089320388,12.755730891566266,0.10636785759949212
52.41782089320388,12.755873506024097,0.10522639776027509
52.41782089320388,12.75601612048193,0.10407573605082439
52.41782089320388,12.75615873493976,0.10291738195074378
52.41782089320388,12.75630134939759,0.10174447117817224
52.41782089320388,12.756443963855423,0.10056171050654714
52.41782089320388,12.756586578313254,0.09937966478458661
52.41782089320388,12.756729192771084,0.09820154026942667
52.41782089320388,12.756871807228917,0.09701552912723485
52.41782089320388,12.757014421686748,0.09583081316672142
52.41782089320388,12.757157036144578,0.09465220451745375
52.41782089320388,12.75729965060241,0.09347747246809801
52.41782089320388,12.757442265060241,0.09230462378512323
52.41782089320388,12.757584879518072,0.09114040759834836
52.41782089320388,12.757727493975905,0.08998196570306766
52.41782089320388,12.757870108433735,0.08883735695882866
52.41782089320388,12.758012722891566,0.08770071206390033
52.41782089320388,12.758155337349399,0.0865799632916559
52.41782089320388,12.75829795180723,0.08547907536520494
52.41782089320388,12.758440566265062,0.0843866216154534
52.41782089320388,12.758583180722892,0.08331605652086525
52.41782089320388,12.758725795180723,0.08226466622663464
52.41782089320388,12.758868409638556,0.08123388736926379
52.41782089320388,12.759011024096386,0.08022140795651052
52.41782089320388,12.759153638554217,0.07923595192086247
52.41782089320388,12.75929625301205,0.07828198444489183
52.41782089320388,12.75943886746988,0.07735536222493092
52.41782089320388,12.759581481927711,0.07645148805216208
52.41782089320388,12.759724096385543,0.0755823539818552
52.41782089320388,12.759866710843374,0.07473794747142831
52.41782089320388,12.760009325301205,0.07392784777734376
52.41782089320388,12.760151939759037,0.07315182743425871
52.41782089320388,12.760294554216868,0.07240917251030522
52.41782089320388,12.760437168674699,0.07170115944638979
52.41782089320388,12.760579783132531,0.0710274925690108
52.41782089320388,12.760722397590362,0.07039004641396392
52.41782089320388,12.760865012048193,0.06979085471614228
52.41782089320388,12.761007626506025,0.06922838979462954
52.41782089320388,12.761150240963856,0.06870669657297285
52.41782089320388,12.761292855421688,0.06822992934105557
52.41782089320388,12.761435469879519,0.06779293570815233
52.41782089320388,12.76157808433735,0.06739496685939081
52.41782089320388,12.761720698795182,0.06704906379713682
52.41782089320388,12.761863313253013,0.06674061065289792
52.41782089320388,12.762005927710844,0.06647203965778443
52.41782089320388,12.762148542168676,0.06625559947032993
52.41782089320388,12.762291156626507,0.06607928046637217
52.41782089320388,12.762433771084337,0.06594650898547062
52.41782089320388,12.76257638554217,0.06585315085872233
52.41782089320388,12.762719,0.0658057204024716
52.41791363106796,12.750882,0.1286422617175821
52.41791363106796,12.751024614457831,0.1286004406069109
52.41791363106796,12.751167228915664,0.1285093537490202
52.41791363106796,12.751309843373495,0.12837715649244075
52.41791363106796,12.751452457831325,0.12819927448368684
52.41791363106796,12.751595072289158,0.12797793566028937
52.41791363106796,12.751737686746988,0.12771464147836564
52.41791363106796,12.75188030120482,0.12740459036901328
52.41791363106796,12.752022915662652,0.12704700190509247
52.41791363106796,12.752165530120482,0.12665145757454133
52.41791363106796,12.752308144578313,0.1262150756753011
52.41791363106796,12.752450759036146,0.12573422454146885
52.41791363106796,12.752593373493976,0.12521655534356305
52.41791363106796,12.752735987951809,0.12465996186197008
52.41791363106796,12.75287860240964,0.12405536526301678
52.41791363106796,12.75302121686747,0.12341954341448724
52.41791363106796,12.753163831325303,0.12274988509258662
52.41791363106796,12.753306445783133,0.12203895365111386
52.41791363106796,12.753449060240964,0.12129472031442094
52.41791363106796,12.753591674698797,0.12051285591121508
52.41791363106796,12.753734289156627,0.11970020667540479
52.41791363106796,12.753876903614458,0.11885062651979658
52.41791363106796,12.75401951807229,0.11797293118615551
52.41791363106796,12.754162132530121,0.11706668358049432
52.41791363106796,12.754304746987952,0.11613576257795526
52.41791363106796,12.754447361445784,0.11516940668008391
52.41791363106796,12.754589975903615,0.11417676286190534
52.41791363106796,12.754732590361446,0.11316130534879709
52.41791363106796,12.754875204819278,0.11212248026790844
52.41791363106796,12.755017819277109,0.11106391792792851
52.41791363106796,12.75516043373494,0.10998443083259175
52.41791363106796,12.755303048192772,0.10888359278682179
52.41791363106796,12.755445662650603,0.10776774977065208
52.41791363106796,12.755588277108435,0.1066337824946788
52.41791363106796,12.755730891566266,0.1054834251095176
52.41791363106796,12.755873506024097,0.10432097988674664
52.41791363106796,12.75601612048193,0.10314912906645456
52.41791363106796,12.75615873493976,0.10196942177924108
52.41791363106796,12.75630134939759,0.10077508626531244
52.41791363106796,12.756443963855423,0.09957078175732949
52.41791363106796,12.756586578313254,0.09836713683930058
52.41791363106796,12.756729192771084,0.09716736222895161
52.41791363106796,12.756871807228917,0.09595966223523583
52.41791363106796,12.757014421686748,0.0947533091304204
52.41791363106796,12.757157036144578,0.09355306764935142
52.41791363106796,12.75729965060241,0.09235682023022967
52.41791363106796,12.757442265060241,0.09116255998309486
52.41791363106796,12.757584879518072,0.08997705290866959
52.41791363106796,12.757727493975905,0.08879750381166981
52.41791363106796,12.757870108433735,0.08763206869986587
52.41791363106796,12.758012722891566,0.08647474849502919
52.41791363106796,12.758155337349399,0.08533355998626461
52.41791363106796,12.75829795180723,0.08421256806732624
52.41791363106796,12.758440566265062,0.0831003236112161
52.41791363106796,12.758583180722892,0.08201032751329812
52.41791363106796,12.758725795180723,0.0809399159451709
52.41791363106796,12.758868409638556,0.07989043620508032
52.41791363106796,12.759011024096386,0.07885975872210346
52.41791363106796,12.759153638554217,0.07785654011323752
52.41791363106796,12.75929625301205,0.07688519152818846
52.41791363106796,12.75943886746988,0.07594171530176833
52.41791363106796,12.759581481927711,0.07502146458701571
52.41791363106796,12.759724096385543,0.0741366115670878
52.41791363106796,12.759866710843374,0.07327704698625617
52.41791363106796,12.760009325301205,0.07245234901537044
52.41791363106796,12.760151939759037,0.07166232981801401
52.41791363106796,12.760294554216868,0.07090627445769287
52.41791363106796,12.760437168674699,0.07018552316979335
52.41791363106796,12.760579783132531,0.06949974713129833
52.41791363106796,12.760722397590362,0.06885088997793114
52.41791363106796,12.760865012048193,0.06824103720181872
52.41791363106796,12.761007626506025,0.06766856555624215
52.41791363106796,12.761150240963856,0.06713758877987354
52.41791363106796,12.761292855421688,0.06665226388332399
52.41791363106796,12.761435469879519,0.06620742211164521
52.41791363106796,12.76157808433735,0.06580231176434961
52.41791363106796,12.761720698795182,0.06545020319696286
52.41791363106796,12.761863313253013,0.06513618998213852
52.41791363106796,12.762005927710844,0.06486291918705962
52.41791363106796,12.762148542168676,0.06464252808818778
52.41791363106796,12.762291156626507,0.06446304664452236
52.41791363106796,12.762433771084337,0.06432785711548411
52.41791363106796,12.76257638554217,0.06423280883861154
52.41791363106796,12.762719,0.06418453455844954
52.41800636893204,12.750882,0.12818079229738627
52.41800636893204,12.751024614457831,0.12813814720206218
52.41800636893204,12.751167228915664,0.12804551125294494
52.41800636893204,12.751309843373495,0.1279109150644852
52.41800636893204,12.751452457831325,0.12772976406045433
52.41800636893204,12.751595072289158,0.1275043923065577
52.41800636893204,12.751737686746988,0.12723621240305447
52.41800636893204,12.75188030120482,0.12692056247778233
52.41800636893204,12.752022915662652,0.12655659536846264
52.41800636893204,12.752165530120482,0.12615381699978306
52.41800636893204,12.752308144578313,0.12570956617840223
52.41800636893204,12.752450759036146,0.12521992726400374
52.41800636893204,12.752593373493976,0.12469282685593142
52.41800636893204,12.752735987951809,0.12412608953656772
52.41800636893204,12.75287860240964,0.12351059535959118
52.41800636893204,12.75302121686747,0.12286319668369544
52.41800636893204,12.753163831325303,0.12218138316518672
52.41800636893204,12.753306445783133,0.1214576361382617
52.41800636893204,12.753449060240964,0.12069983959290706
52.41800636893204,12.753591674698797,0.11990379156119808
52.41800636893204,12.753734289156627,0.11907634543947443
52.41800636893204,12.753876903614458,0.11821140709634592
52.41800636893204,12.75401951807229,0.11731787161608145
52.41800636893204,12.754162132530121,0.11639526295032199
52.41800636893204,12.754304746987952,0.11544741785210566
52.41800636893204,12.754447361445784,0.11446378235605299
52.41800636893204,12.754589975903615,0.11345325194263077
52.41800636893204,12.754732590361446,0.11241957558993466
52.41800636893204,12.754875204819278,0.11136199648719664
52.41800636893204,12.755017819277109,0.1102842849013519
52.41800636893204,12.75516043373494,0.10918535335468037
52.41800636893204,12.755303048192772,0.10806473640430313
52.41800636893204,12.755445662650603,0.10692881918595241
52.41800636893204,12.755588277108435,0.10577460450581086
52.41800636893204,12.755730891566266,0.10460364751380884
52.41800636893204,12.755873506024097,0.10342040666733021
52.41800636893204,12.75601612048193,0.10222755819418967
52.41800636893204,12.75615873493976,0.10102669090868806
52.41800636893204,12.75630134939759,0.09981112439236815
52.41800636893204,12.756443963855423,0.09858547109670057
52.41800636893204,12.756586578313254,0.09736042263736594
52.41800636893204,12.756729192771084,0.09613919473797308
52.41800636893204,12.756871807228917,0.09491000238806152
52.41800636893204,12.757014421686748,0.0936822082284387
52.41800636893204,12.757157036144578,0.09246052963548819
52.41800636893204,12.75729965060241,0.0912429623817028
52.41800636893204,12.757442265060241,0.09002748517435157
52.41800636893204,12.757584879518072,0.0888208803687082
52.41800636893204,12.757727493975905,0.08762041556750261
52.41800636893204,12.757870108433735,0.0864343444048964
52.41800636893204,12.758012722891566,0.08525653706391216
52.41800636893204,12.758155337349399,0.08409509461982678
52.41800636893204,12.75829795180723,0.08295418236740511
52.41800636893204,12.758440566265062,0.08182232743044247
52.41800636893204,12.758583180722892,0.0807130777698483
52.41800636893204,12.758725795180723,0.07962381911329068
52.41800636893204,12.758868409638556,0.07855580862554441
52.41800636893204,12.759011024096386,0.07750709988092581
52.41800636893204,12.759153638554217,0.07648628166587647
52.41800636893204,12.75929625301205,0.07549770991824994
52.41800636893204,12.75943886746988,0.07453753351506708
52.41800636893204,12.759581481927711,0.07360105539656214
52.41800636893204,12.759724096385543,0.0727006281866332
52.41800636893204,12.759866710843374,0.071826044172056
52.41800636893204,12.760009325301205,0.07098688158020403
52.41800636893204,12.760151939759037,0.07018299122764797
52.41800636893204,12.760294554216868,0.06941365878930422
52.41800636893204,12.760437168674699,0.068680286049292
52.41800636893204,12.760579783132531,0.06798251164512101
52.41800636893204,12.760722397590362,0.06732234819069025
52.41800636893204,12.760865012048193,0.06670193329009601
52.41800636893204,12.761007626506025,0.06611954696044338
52.41800636893204,12.761150240963856,0.06557937210361203
52.41800636893204,12.761292855421688,0.06508556820219566
52.41800636893204,12.761435469879519,0.06463295018236362
52.41800636893204,12.76157808433735,0.06422076329355586
52.41800636893204,12.761720698795182,0.06386250713569723
52.41800636893204,12.761863313253013,0.06354298476914788
52.41800636893204,12.762005927710844,0.06326505805075458
52.41800636893204,12.762148542168676,0.06304075256305035
52.41800636893204,12.762291156626507,0.06285813823723133
52.41800636893204,12.762433771084337,0.06272055267617589
52.41800636893204,12.76257638554217,0.06262382906651345
52.41800636893204,12.762719,0.06257471829961378
52.41809910679612,12.750882,0.12772910462987042
52.41809910679612,12.751024614457831,0.12768563915936146
52.41809910679612,12.751167228915664,0.1275914622659823
52.41809910679612,12.751309843373495,0.12745447921237804
52.41809910679612,12.751452457831325,0.12727007517829414
52.41809910679612,12.751595072289158,0.12704069029915802
52.41809910679612,12.751737686746988,0.12676764866113704
52.41809910679612,12.75188030120482,0.1264464278157608
52.41809910679612,12.752022915662652,0.12607611300633823
52.41809910679612,12.752165530120482,0.1256661358486513
52.41809910679612,12.752308144578313,0.12521405552137332
52.41809910679612,12.752450759036146,0.1247156714673239
52.41809910679612,12.752593373493976,0.1241791866473787
52.41809910679612,12.752735987951809,0.12360235543806763
52.41809910679612,12.75287860240964,0.12297601698945217
52.41809910679612,12.75302121686747,0.1223170989165599
52.41809910679612,12.753163831325303,0.12162319052420456
52.41809910679612,12.753306445783133,0.12088669220411329
52.41809910679612,12.753449060240964,0.12011539951301202
52.41809910679612,12.753591674698797,0.11930523833707579
52.41809910679612,12.753734289156627,0.1184630686605596
52.41809910679612,12.753876903614458,0.11758284841366382
52.41809910679612,12.75401951807229,0.11667355116869632
52.41809910679612,12.754162132530121,0.11573466331806366
52.41809910679612,12.754304746987952,0.11476997882556583
52.41809910679612,12.754447361445784,0.11376915066986806
52.41809910679612,12.754589975903615,0.11274082277158626
52.41809910679612,12.754732590361446,0.11168901906936907
52.41809910679612,12.754875204819278,0.11061277913426458
52.41809910679612,12.755017819277109,0.1095160134360355
52.41809910679612,12.75516043373494,0.10839773476808227
52.41809910679612,12.755303048192772,0.10725743818323112
52.41809910679612,12.755445662650603,0.10610154735872925
52.41809910679612,12.755588277108435,0.10492718735732
52.41809910679612,12.755730891566266,0.1037357341219151
52.41809910679612,12.755873506024097,0.10253180211241132
52.41809910679612,12.75601612048193,0.10131806156020103
52.41809910679612,12.75615873493976,0.10009614080681574
52.41809910679612,12.75630134939759,0.09885945043384027
52.41809910679612,12.756443963855423,0.09761255600259038
52.41809910679612,12.756586578313254,0.09636621211060178
52.41809910679612,12.756729192771084,0.09512363927849245
52.41809910679612,12.756871807228917,0.0938730634129656
52.41809910679612,12.757014421686748,0.09262393671818588
52.41809910679612,12.757157036144578,0.0913809299605135
52.41809910679612,12.75729965060241,0.09014215107043878
52.41809910679612,12.757442265060241,0.08890556479785974
52.41809910679612,12.757584879518072,0.08767796933710006
52.41809910679612,12.757727493975905,0.08645669531524294
52.41809910679612,12.757870108433735,0.08525009373834799
52.41809910679612,12.758012722891566,0.08405190400614593
52.41809910679612,12.758155337349399,0.08287031038671383
52.41809910679612,12.75829795180723,0.08170957939821967
52.41809910679612,12.758440566265062,0.08055821454495654
52.41809910679612,12.758583180722892,0.07942980995247834
52.41809910679612,12.758725795180723,0.07832180087400524
52.41809910679612,12.758868409638556,0.07723535431461202
52.41809910679612,12.759011024096386,0.07616870689945067
52.41809910679612,12.759153638554217,0.07513037971276064
52.41809910679612,12.75929625301205,0.07412467347216858
52.41809910679612,12.75943886746988,0.07314788279893682
52.41809910679612,12.759581481927711,0.0721952606020771
52.41809910679612,12.759724096385543,0.07127933946952357
52.41809910679612,12.759866710843374,0.07038981365412851
52.41809910679612,12.760009325301205,0.06953626089564512
52.41809910679612,12.760151939759037,0.06871857094659808
52.41809910679612,12.760294554216868,0.06793603045223627
52.41809910679612,12.760437168674699,0.06719010138374604
52.41809910679612,12.760579783132531,0.06648039032948799
52.41809910679612,12.760722397590362,0.06580897894410952
52.41809910679612,12.760865012048193,0.06517805693035021
52.41809910679612,12.761007626506025,0.06458580724744227
52.41809910679612,12.761150240963856,0.06403648213789354
52.41809910679612,12.761292855421688,0.06353424359838379
52.41809910679612,12.761435469879519,0.06307388923898655
52.41809910679612,12.76157808433735,0.0626546616207482
52.41809910679612,12.761720698795182,0.06229029049971129
52.41809910679612,12.761863313253013,0.06196528725190883
52.41809910679612,12.762005927710844,0.06168272949907128
52.41809910679612,12.762148542168676,0.06145453048357646
52.41809910679612,12.762291156626507,0.06126879982889691
52.41809910679612,12.762433771084337,0.06112883057150318
52.41809910679612,12.76257638554217,0.061030439704181066
52.41809910679612,12.762719,0.06098049666056886
52.41819184466019,12.750882,0.12728164374936887
52.41819184466019,12.751024614457831,0.12723736208725142
52.41819184466019,12.751167228915664,0.12714165286725612
52.41819184466019,12.751309843373495,0.12700229694910575
52.41819184466019,12.751452457831325,0.12681465820114826
52.41819184466019,12.751595072289158,0.126581282773791
52.41819184466019,12.751737686746988,0.12630340660187575
52.41819184466019,12.75188030120482,0.1259766464802397
52.41819184466019,12.752022915662652,0.12560002000841922
52.41819184466019,12.752165530120482,0.1251828840216804
52.41819184466019,12.752308144578313,0.12472301847036013
52.41819184466019,12.752450759036146,0.12421593854114195
52.41819184466019,12.752593373493976,0.12367012177509742
52.41819184466019,12.752735987951809,0.12308325318347729
52.41819184466019,12.75287860240964,0.12244613131650389
52.41819184466019,12.75302121686747,0.12177575916768285
52.41819184466019,12.753163831325303,0.12106982452502126
52.41819184466019,12.753306445783133,0.12032064681001468
52.41819184466019,12.753449060240964,0.11953593430746022
52.41819184466019,12.753591674698797,0.11871173975112469
52.41819184466019,12.753734289156627,0.11785492943313008
52.41819184466019,12.753876903614458,0.11695951356090473
52.41819184466019,12.75401951807229,0.11603454360837433
52.41819184466019,12.754162132530121,0.1150794693576141
52.41819184466019,12.754304746987952,0.11409804125843218
52.41819184466019,12.754447361445784,0.11308011867763305
52.41819184466019,12.754589975903615,0.11203409459299982
52.41819184466019,12.754732590361446,0.11096426710141337
52.41819184466019,12.754875204819278,0.10986947236694525
52.41819184466019,12.755017819277109,0.10875376105800204
52.41819184466019,12.75516043373494,0.10761624652638352
52.41819184466019,12.755303048192772,0.10645638319680964
52.41819184466019,12.755445662650603,0.10528063327772737
52.41819184466019,12.755588277108435,0.10408624434233386
52.41819184466019,12.755730891566266,0.1028744126051146
52.41819184466019,12.755873506024097,0.10164990874786993
52.41819184466019,12.75601612048193,0.10041539627262033
52.41819184466019,12.75615873493976,0.0991725436913089
52.41819184466019,12.75630134939759,0.09791485145442966
52.41819184466019,12.756443963855423,0.09664683858659147
52.41819184466019,12.756586578313254,0.09537932285247065
52.41819184466019,12.756729192771084,0.09411552889498516
52.41819184466019,12.756871807228917,0.09284369392887666
52.41819184466019,12.757014421686748,0.09157335871363083
52.41819184466019,12.757157036144578,0.0903091478850823
52.41819184466019,12.75729965060241,0.08904928137010609
52.41819184466019,12.757442265060241,0.08779170941273076
52.41819184466019,12.757584879518072,0.08654324609477401
52.41819184466019,12.757727493975905,0.08530128433747257
52.41819184466019,12.757870108433735,0.08407427296830856
52.41819184466019,12.758012722891566,0.08285582066964267
52.41819184466019,12.758155337349399,0.0816541941481825
52.41819184466019,12.75829795180723,0.08047376110719384
52.41819184466019,12.758440566265062,0.07930300125994967
52.41819184466019,12.758583180722892,0.07815555504936972
52.41819184466019,12.758725795180723,0.07702890679179483
52.41819184466019,12.758868409638556,0.07592413283526406
52.41819184466019,12.759011024096386,0.0748396535189618
52.41819184466019,12.759153638554217,0.07378392127325976
52.41819184466019,12.75929625301205,0.07276118186115206
52.41819184466019,12.75943886746988,0.0717678754233529
52.41819184466019,12.759581481927711,0.07079920501245088
52.41819184466019,12.759724096385543,0.06986788249146658
52.41819184466019,12.759866710843374,0.06896350397376907
52.41819184466019,12.760009325301205,0.0680956466233684
52.41819184466019,12.760151939759037,0.0672642393191665
52.41819184466019,12.760294554216868,0.06646857021912013
52.41819184466019,12.760437168674699,0.0657101597840225
52.41819184466019,12.760579783132531,0.06498858276539755
52.41819184466019,12.760722397590362,0.06430599058658149
52.41819184466019,12.760865012048193,0.06366462492542115
52.41819184466019,12.761007626506025,0.06306257091742362
52.41819184466019,12.761150240963856,0.06250415049548083
52.41819184466019,12.761292855421688,0.06199352828662198
52.41819184466019,12.761435469879519,0.06152548407572929
52.41819184466019,12.76157808433735,0.06109925772211057
52.41819184466019,12.761720698795182,0.06072880865326895
52.41819184466019,12.761863313253013,0.060398357589980606
52.41819184466019,12.762005927710844,0.06011119704920531
52.41819184466019,12.762148542168676,0.05987912830072323
52.41819184466019,12.762291156626507,0.05969030001824087
52.41819184466019,12.762433771084337,0.05954796112921361
52.41819184466019,12.76257638554217,0.059447912608657054
52.41819184466019,12.762719,0.05939714179117785
52.41828458252427,12.750882,0.1268321152030973
52.41828458252427,12.751024614457831,0.12678702208504986
52.41828458252427,12.751167228915664,0.12668979041638626
52.41828458252427,12.751309843373495,0.1265480770339833
52.41828458252427,12.751452457831325,0.12635722439638575
52.41828458252427,12.751595072289158,0.12611988362793994
52.41828458252427,12.751737686746988,0.125837203819879
52.41828458252427,12.75188030120482,0.12550493975294644
52.41828458252427,12.752022915662652,0.1251220417248537
52.41828458252427,12.752165530120482,0.12469779207527716
52.41828458252427,12.752308144578313,0.12423019094617167
52.41828458252427,12.752450759036146,0.12371446985649137
52.41828458252427,12.752593373493976,0.12315938050697811
52.41828458252427,12.752735987951809,0.12256253859042437
52.41828458252427,12.75287860240964,0.12191470180078914
52.41828458252427,12.75302121686747,0.1212329480555768
52.41828458252427,12.753163831325303,0.12051506424053451
52.41828458252427,12.753306445783133,0.11975328873104218
52.41828458252427,12.753449060240964,0.11895524182074776
52.41828458252427,12.753591674698797,0.11811710307551396
52.41828458252427,12.753734289156627,0.11724574526271883
52.41828458252427,12.753876903614458,0.11633523055969615
52.41828458252427,12.75401951807229,0.11539468806153308
52.41828458252427,12.754162132530121,0.11442353125473137
52.41828458252427,12.754304746987952,0.11342546701724768
52.41828458252427,12.754447361445784,0.11239055987935204
52.41828458252427,12.754589975903615,0.11132695287160053
52.41828458252427,12.754732590361446,0.11023921752383185
52.41828458252427,12.754875204819278,0.10912598628527284
52.41828458252427,12.755017819277109,0.10799145003645703
52.41828458252427,12.75516043373494,0.1068348231661712
52.41828458252427,12.755303048192772,0.10565551847305257
52.41828458252427,12.755445662650603,0.10446003670371919
52.41828458252427,12.755588277108435,0.10324574794676548
52.41828458252427,12.755730891566266,0.10201366869294888
52.41828458252427,12.755873506024097,0.1007687252916614
52.41828458252427,12.75601612048193,0.09951357456493691
52.41828458252427,12.75615873493976,0.09824992500094992
52.41828458252427,12.75630134939759,0.09697136622483787
52.41828458252427,12.756443963855423,0.09568237128861623
52.41828458252427,12.756586578313254,0.0943938202484624
52.41828458252427,12.756729192771084,0.09310894251627023
52.41828458252427,12.756871807228917,0.09181598576980836
52.41828458252427,12.757014421686748,0.09052457908555148
52.41828458252427,12.757157036144578,0.08923930117239298
52.41828458252427,12.75729965060241,0.08795848360608288
52.41828458252427,12.757442265060241,0.08668006180605724
52.41828458252427,12.757584879518072,0.08541086573706679
52.41828458252427,12.757727493975905,0.08414835018222357
52.41828458252427,12.757870108433735,0.08290106175011101
52.41828458252427,12.758012722891566,0.08166247830853912
52.41828458252427,12.758155337349399,0.0804409486584861
52.41828458252427,12.75829795180723,0.07924094171399676
52.41828458252427,12.758440566265062,0.07805091294687846
52.41828458252427,12.758583180722892,0.07688454898716218
52.41828458252427,12.758725795180723,0.07573938295653251
52.41828458252427,12.758868409638556,0.07461640054430158
52.41828458252427,12.759011024096386,0.07351420553376986
52.41828458252427,12.759153638554217,0.07244118178660708
52.41828458252427,12.75929625301205,0.07140152002758945
52.41828458252427,12.75943886746988,0.07039180534085364
52.41828458252427,12.759581481927711,0.06940719110093202
52.41828458252427,12.759724096385543,0.06846056838128389
52.41828458252427,12.759866710843374,0.06754143417942278
52.41828458252427,12.760009325301205,0.06665936584317789
52.41828458252427,12.760151939759037,0.065814330763742
52.41828458252427,12.760294554216868,0.0650056195650499
52.41828458252427,12.760437168674699,0.06423480948431201
52.41828458252427,12.760579783132531,0.0635014441155327
52.41828458252427,12.760722397590362,0.06280774390975916
52.41828458252427,12.760865012048193,0.06215600352260698
52.41828458252427,12.761007626506025,0.06154420904798158
52.41828458252427,12.761150240963856,0.0609767528263297
52.41828458252427,12.761292855421688,0.06045780224384073
52.41828458252427,12.761435469879519,0.05998211797029929
52.41828458252427,12.76157808433735,0.059548938713686994
52.41828458252427,12.761720698795182,0.05917245235188951
52.41828458252427,12.761863313253013,0.05883658894609705
52.41828458252427,12.762005927710844,0.058544856240191054
52.41828458252427,12.762148542168676,0.05830894352760074
52.41828458252427,12.762291156626507,0.05811703839886183
52.41828458252427,12.762433771084337,0.05797234538951255
52.41828458252427,12.76257638554217,0.057870649426698895
52.41828458252427,12.762719,0.0578190559644041
52.41837732038835,12.750882,0.12639750619082094
52.41837732038835,12.751024614457831,0.126351605513886
52.41837732038835,12.751167228915664,0.12625285942115627
52.41837732038835,12.751309843373495,0.12610880096513646
52.41837732038835,12.751452457831325,0.1259147508044525
52.41837732038835,12.751595072289158,0.1256734651483362
52.41837732038835,12.751737686746988,0.12538600653810728
52.41837732038835,12.75188030120482,0.12504826726057586
52.41837732038835,12.752022915662652,0.12465913013483314
52.41837732038835,12.752165530120482,0.12422780317743795
52.41837732038835,12.752308144578313,0.12375250717321179
52.41837732038835,12.752450759036146,0.12322818961462287
52.41837732038835,12.752593373493976,0.12266387562687958
52.41837732038835,12.752735987951809,0.12205711211258359
52.41837732038835,12.75287860240964,0.12139861627684542
52.41837732038835,12.75302121686747,0.12070554023118885
52.41837732038835,12.753163831325303,0.11997576946930401
52.41837732038835,12.753306445783133,0.11920146196569702
52.41837732038835,12.753449060240964,0.11839015027006933
52.41837732038835,12.753591674698797,0.1175381399675418
52.41837732038835,12.753734289156627,0.11665231015139585
52.41837732038835,12.753876903614458,0.1157267751480143
52.41837732038835,12.75401951807229,0.11477074115485929
52.41837732038835,12.754162132530121,0.11378358575042137
52.41837732038835,12.754304746987952,0.11276897260477899
52.41837732038835,12.754447361445784,0.11171717017977624
52.41837732038835,12.754589975903615,0.11063607209676299
52.41837732038835,12.754732590361446,0.10953052220013551
52.41837732038835,12.754875204819278,0.10839895061080934
52.41837732038835,12.755017819277109,0.1072456876012828
52.41837732038835,12.75516043373494,0.10607004861708039
52.41837732038835,12.755303048192772,0.10487140491143895
52.41837732038835,12.755445662650603,0.10365629496853405
52.41837732038835,12.755588277108435,0.10242221137163902
52.41837732038835,12.755730891566266,0.10116999107784844
52.41837732038835,12.755873506024097,0.09990471570644749
52.41837732038835,12.75601612048193,0.09862903529781998
52.41837732038835,12.75615873493976,0.0973446984579501
52.41837732038835,12.75630134939759,0.09604538299348148
52.41837732038835,12.756443963855423,0.0947355168170866
52.41837732038835,12.756586578313254,0.09342604198286905
52.41837732038835,12.756729192771084,0.0921201921486412
52.41837732038835,12.756871807228917,0.0908062253993082
52.41837732038835,12.757014421686748,0.08949385894474413
52.41837732038835,12.757157036144578,0.08818762559880762
52.41837732038835,12.75729965060241,0.08688596840085226
52.41837732038835,12.757442265060241,0.0855868079179444
52.41837732038835,12.757584879518072,0.08429698958466668
52.41837732038835,12.757727493975905,0.0830140298229351
52.41837732038835,12.757870108433735,0.08174657311377927
52.41837732038835,12.758012722891566,0.0804879660889834
52.41837732038835,12.758155337349399,0.07924663957190503
52.41837732038835,12.75829795180723,0.07802716349086648
52.41837732038835,12.758440566265062,0.07681796874811331
52.41837732038835,12.758583180722892,0.0756327884847881
52.41837732038835,12.758725795180723,0.07446920432803911
52.41837732038835,12.758868409638556,0.07332811076731943
52.41837732038835,12.759011024096386,0.07220829547008806
52.41837732038835,12.759153638554217,0.0711180734351322
52.41837732038835,12.75929625301205,0.07006157994181185
52.41837732038835,12.75943886746988,0.06903554517943815
52.41837732038835,12.759581481927711,0.06803507275064831
52.41837732038835,12.759724096385543,0.06707323235893743
52.41837732038835,12.759866710843374,0.06613942186466729
52.41837732038835,12.760009325301205,0.06524321897431733
52.41837732038835,12.760151939759037,0.0643846292073075
52.41837732038835,12.760294554216868,0.0635629466142018
52.41837732038835,12.760437168674699,0.06277980366815195
52.41837732038835,12.760579783132531,0.06203471337861149
52.41837732038835,12.760722397590362,0.0613299652931307
52.41837732038835,12.760865012048193,0.06066790676562356
52.41837732038835,12.761007626506025,0.06004642456051486
52.41837732038835,12.761150240963856,0.05946998180614363
52.41837732038835,12.761292855421688,0.05894274798206494
52.41837732038835,12.761435469879519,0.05845946502784129
52.41837732038835,12.76157808433735,0.058019370015218265
52.41837732038835,12.761720698795182,0.057636878808754316
52.41837732038835,12.761863313253013,0.057295632236449096
52.41837732038835,12.762005927710844,0.056999352561212836
52.41837732038835,12.762148542168676,0.0567596168407278
52.41837732038835,12.762291156626507,0.05656465169873825
52.41837732038835,12.762433771084337,0.0564176176078443
52.41837732038835,12.76257638554217,0.05631428276607085
52.41837732038835,12.762719,0.05626187087637834
52.41847005825243,12.750882,0.1259686675175219
52.41847005825243,12.751024614457831,0.1259219673814708
52.41847005825243,12.751167228915664,0.12582172317320814
52.41847005825243,12.751309843373495,0.12567534562785362
52.41847005825243,12.751452457831325,0.12547813250925355
52.41847005825243,12.751595072289158,0.125232944305949
52.41847005825243,12.751737686746988,0.12494075818691316
52.41847005825243,12.75188030120482,0.12459760269927496
52.41847005825243,12.752022915662652,0.12420229362766824
52.41847005825243,12.752165530120482,0.12376396490513472
52.41847005825243,12.752308144578313,0.12328105710546393
52.41847005825243,12.752450759036146,0.12274823489769472
52.41847005825243,12.752593373493976,0.12217479513813403
52.41847005825243,12.752735987951809,0.12155821663776091
52.41847005825243,12.75287860240964,0.12088917579766216
52.41847005825243,12.75302121686747,0.12018489917190668
52.41847005825243,12.753163831325303,0.11944336995049254
52.41847005825243,12.753306445783133,0.11865666580317011
52.41847005825243,12.753449060240964,0.11783223233612211
52.41847005825243,12.753591674698797,0.11696650000245637
52.41847005825243,12.753734289156627,0.11606635351063249
52.41847005825243,12.753876903614458,0.11512595994390819
52.41847005825243,12.75401951807229,0.11415460144234033
52.41847005825243,12.754162132530121,0.11315162086318946
52.41847005825243,12.754304746987952,0.11212063770602518
52.41847005825243,12.754447361445784,0.11105212308767369
52.41847005825243,12.754589975903615,0.10995372255417146
52.41847005825243,12.754732590361446,0.10883055145108135
52.41847005825243,12.754875204819278,0.10768083700721359
52.41847005825243,12.755017819277109,0.10650904888354835
52.41847005825243,12.75516043373494,0.10531460402380567
52.41847005825243,12.755303048192772,0.10409683047607238
52.41847005825243,12.755445662650603,0.10286230451965633
52.41847005825243,12.755588277108435,0.10160864130537986
52.41847005825243,12.755730891566266,0.10033649804582108
52.41847005825243,12.755873506024097,0.09905111102881435
52.41847005825243,12.75601612048193,0.09775512317793429
52.41847005825243,12.75615873493976,0.09645032324153188
52.41847005825243,12.75630134939759,0.09513047637411728
52.41847005825243,12.756443963855423,0.09379996570668235
52.41847005825243,12.756586578313254,0.09246979403044232
52.41847005825243,12.756729192771084,0.09114320000187176
52.41847005825243,12.756871807228917,0.0898084518560107
52.41847005825243,12.757014421686748,0.0884753533351366
52.41847005825243,12.757157036144578,0.08714839227600192
52.41847005825243,12.75729965060241,0.08582612220422034
52.41847005825243,12.757442265060241,0.08450644881886984
52.41847005825243,12.757584879518072,0.0831962328635233
52.41847005825243,12.757727493975905,0.08189305118605908
52.41847005825243,12.757870108433735,0.08060564604768773
52.41847005825243,12.758012722891566,0.07932723378634793
52.41847005825243,12.758155337349399,0.07806632560635722
52.41847005825243,12.75829795180723,0.0768275927116572
52.41847005825243,12.758440566265062,0.07559944116777861
52.41847005825243,12.758583180722892,0.07439564993377003
52.41847005825243,12.758725795180723,0.0732138490549777
52.41847005825243,12.758868409638556,0.07205484190439632
52.41847005825243,12.759011024096386,0.07091759923891312
52.41847005825243,12.759153638554217,0.06981036713871827
52.41847005825243,12.75929625301205,0.06873722574478942
52.41847005825243,12.75943886746988,0.06769504927130288
52.41847005825243,12.759581481927711,0.06667889185961615
52.41847005825243,12.759724096385543,0.06570200099293891
52.41847005825243,12.759866710843374,0.0647536748610302
52.41847005825243,12.760009325301205,0.06384349236550312
52.41847005825243,12.760151939759037,0.06297149644087197
52.41847005825243,12.760294554216868,0.062136985149058424
52.41847005825243,12.760437168674699,0.06134164479261156
52.41847005825243,12.760579783132531,0.06058495746554726
52.41847005825243,12.760722397590362,0.05986928227701147
52.41847005825243,12.760865012048193,0.05919701945229219
52.41847005825243,12.761007626506025,0.05856595535301062
52.41847005825243,12.761150240963856,0.0579806246480703
52.41847005825243,12.761292855421688,0.05744519916999993
52.41847005825243,12.761435469879519,0.05695440062135026
52.41847005825243,12.76157808433735,0.05650746528146922
52.41847005825243,12.761720698795182,0.056119036283240796
52.41847005825243,12.761863313253013,0.055772465361668855
52.41847005825243,12.762005927710844,0.05547168931503749
52.41847005825243,12.762148542168676,0.055228173121991984
52.41847005825243,12.762291156626507,0.05503018189753775
52.41847005825243,12.762433771084337,0.05488083218247763
52.41847005825243,12.76257638554217,0.05477587598538934
52.41847005825243,12.762719,0.054722654044877625
52.418562796116504,12.750882,0.1255462066665543
52.418562796116504,12.751024614457831,0.12549871466578688
52.418562796116504,12.751167228915664,0.1253969876275569
52.418562796116504,12.751309843373495,0.1252483142609461
52.418562796116504,12.751452457831325,0.12504796940463048
52.418562796116504,12.751595072289158,0.12479891754820426
52.418562796116504,12.751737686746988,0.12450205060306942
52.418562796116504,12.75188030120482,0.12415353284422821
52.418562796116504,12.752022915662652,0.12375211303257873
52.418562796116504,12.752165530120482,0.12330685144127963
52.418562796116504,12.752308144578313,0.12281640781098316
52.418562796116504,12.752450759036146,0.12227516521243588
52.418562796116504,12.752593373493976,0.1216926902462342
52.418562796116504,12.752735987951809,0.1210663939823721
52.418562796116504,12.75287860240964,0.1203869124643244
52.418562796116504,12.75302121686747,0.11967154654126229
52.418562796116504,12.753163831325303,0.11891837619130256
52.418562796116504,12.753306445783133,0.11811939881786127
52.418562796116504,12.753449060240964,0.11728197391238775
52.418562796116504,12.753591674698797,0.11640265555007043
52.418562796116504,12.753734289156627,0.11548833427840388
52.418562796116504,12.753876903614458,0.11453322946449541
52.418562796116504,12.75401951807229,0.1135466984654082
52.418562796116504,12.754162132530121,0.11252805034586513
52.418562796116504,12.754304746987952,0.11148086049057812
52.418562796116504,12.754447361445784,0.11039580119886519
52.418562796116504,12.754589975903615,0.10928027081006565
52.418562796116504,12.754732590361446,0.10813965419996495
52.418562796116504,12.754875204819278,0.10697197779248317
52.418562796116504,12.755017819277109,0.10578184870413701
52.418562796116504,12.75516043373494,0.10456878545998421
52.418562796116504,12.755303048192772,0.10333207302123625
52.418562796116504,12.755445662650603,0.10207832511229163
52.418562796116504,12.755588277108435,0.10080527849061753
52.418562796116504,12.755730891566266,0.0995134110585983
52.418562796116504,12.755873506024097,0.09820811347114405
52.418562796116504,12.75601612048193,0.09689202132645268
52.418562796116504,12.75615873493976,0.09556696335673875
52.418562796116504,12.75630134939759,0.09422679038989676
52.418562796116504,12.756443963855423,0.09287584211877595
52.418562796116504,12.756586578313254,0.09152518125026227
52.418562796116504,12.756729192771084,0.09017805109972928
52.418562796116504,12.756871807228917,0.08882273000878499
52.418562796116504,12.757014421686748,0.08746910728392232
52.418562796116504,12.757157036144578,0.08612162657912358
52.418562796116504,12.75729965060241,0.08477895061996847
52.418562796116504,12.757442265060241,0.08343897051528298
52.418562796116504,12.757584879518072,0.08210856188348456
52.418562796116504,12.757727493975905,0.08078536116403516
52.418562796116504,12.757870108433735,0.07947820897144262
52.418562796116504,12.758012722891566,0.07818019094973984
52.418562796116504,12.758155337349399,0.07689989802427381
52.418562796116504,12.75829795180723,0.07564210272108243
52.418562796116504,12.758440566265062,0.07439518561568412
52.418562796116504,12.758583180722892,0.07317297173213616
52.418562796116504,12.758725795180723,0.07197313787127406
52.418562796116504,12.758868409638556,0.07079639766958194
52.418562796116504,12.759011024096386,0.06964190387864257
52.418562796116504,12.759153638554217,0.06851783346073559
52.418562796116504,12.75929625301205,0.06742821195233788
52.418562796116504,12.75943886746988,0.06637005703699708
52.418562796116504,12.759581481927711,0.06533837316779686
52.418562796116504,12.759724096385543,0.06434658412531485
52.418562796116504,12.759866710843374,0.06338388936491776
52.418562796116504,12.760009325301205,0.062459868741524587
52.418562796116504,12.760151939759037,0.06157460207455017
52.418562796116504,12.760294554216868,0.060727392419256856
52.418562796116504,12.760437168674699,0.05991997800368251
52.418562796116504,12.760579783132531,0.05915181069018183
52.418562796116504,12.760722397590362,0.05842531905823521
52.418562796116504,12.760865012048193,0.05774295583788201
52.418562796116504,12.761007626506025,0.05710240709829199
52.418562796116504,12.761150240963856,0.05650827870648465
52.418562796116504,12.761292855421688,0.05596474472909681
52.418562796116504,12.761435469879519,0.05546650666542735
52.418562796116504,12.76157808433735,0.055012800135770874
52.418562796116504,12.761720698795182,0.05461849393969697
52.418562796116504,12.761863313253013,0.054266652732938875
52.418562796116504,12.762005927710844,0.0539614268947416
52.418562796116504,12.762148542168676,0.053714168917654
52.418562796116504,12.762291156626507,0.05351318240992309
52.418562796116504,12.762433771084337,0.05336154026029655
52.418562796116504,12.76257638554217,0.05325497845185369
52.418562796116504,12.762719,0.05320095419170605
52.41865553398058,12.750882,0.12513715752020427
52.41865553398058,12.751024614457831,0.12508888088512313
52.41865553398058,12.751167228915664,0.12498568592226675
52.41865553398058,12.751309843373495,0.12483474021164377
52.41865553398058,12.751452457831325,0.12463129479912297
52.41865553398058,12.751595072289158,0.12437841772026077
52.41865553398058,12.751737686746988,0.1240769163286003
52.41865553398058,12.75188030120482,0.1237230898930481
52.41865553398058,12.752022915662652,0.12331562016841266
52.41865553398058,12.752165530120482,0.12286349389038355
52.41865553398058,12.752308144578313,0.12236558970158716
52.41865553398058,12.752450759036146,0.12181601004236525
52.41865553398058,12.752593373493976,0.12122458985200614
52.41865553398058,12.752735987951809,0.12058867231617541
52.41865553398058,12.75287860240964,0.11989885380335842
52.41865553398058,12.75302121686747,0.1191725088564596
52.41865553398058,12.753163831325303,0.11840781306769413
52.41865553398058,12.753306445783133,0.11759668500993008
52.41865553398058,12.753449060240964,0.1167463976728526
52.41865553398058,12.753591674698797,0.1158536284070717
52.41865553398058,12.753734289156627,0.11492527295989374
52.41865553398058,12.753876903614458,0.11395560333703313
52.41865553398058,12.75401951807229,0.11295405085786378
52.41865553398058,12.754162132530121,0.11191989218559337
52.41865553398058,12.754304746987952,0.11085665760734716
52.41865553398058,12.754447361445784,0.10975521898391977
52.41865553398058,12.754589975903615,0.10862272971392288
52.41865553398058,12.754732590361446,0.10746484208521215
52.41865553398058,12.754875204819278,0.10627938241752755
52.41865553398058,12.755017819277109,0.10507109518187345
52.41865553398058,12.75516043373494,0.1038395999310611
52.41865553398058,12.755303048192772,0.10258413793084757
52.41865553398058,12.755445662650603,0.10131136042999372
52.41865553398058,12.755588277108435,0.10001912532717488
52.41865553398058,12.755730891566266,0.09870773135416129
52.41865553398058,12.755873506024097,0.09738272304433258
52.41865553398058,12.75601612048193,0.0960467281012952
52.41865553398058,12.75615873493976,0.0947016154274644
52.41865553398058,12.75630134939759,0.09334132059927566
52.41865553398058,12.756443963855423,0.09197014013217873
52.41865553398058,12.756586578313254,0.09059919629411735
52.41865553398058,12.756729192771084,0.08923173684599005
52.41865553398058,12.756871807228917,0.08785605017518675
52.41865553398058,12.757014421686748,0.086482109931329
52.41865553398058,12.757157036144578,0.08511431622587864
52.41865553398058,12.75729965060241,0.08375144043211014
52.41865553398058,12.757442265060241,0.08239135855280223
52.41865553398058,12.757584879518072,0.08104096099693016
52.41865553398058,12.757727493975905,0.07969794348889102
52.41865553398058,12.757870108433735,0.07837124425848437
52.41865553398058,12.758012722891566,0.07705381918916976
52.41865553398058,12.758155337349399,0.07575433733042994
52.41865553398058,12.75829795180723,0.07447767238642995
52.41865553398058,12.758440566265062,0.07321218001192734
52.41865553398058,12.758583180722892,0.07197173028911318
52.41865553398058,12.758725795180723,0.07075404668355326
52.41865553398058,12.758868409638556,0.0695597526422066
52.41865553398058,12.759011024096386,0.06838818312889293
52.41865553398058,12.759153638554217,0.06724744591282586
52.41865553398058,12.75929625301205,0.0661415113819221
52.41865553398058,12.75943886746988,0.0650675402211214
52.41865553398058,12.759581481927711,0.06402048746934005
52.41865553398058,12.759724096385543,0.06301395241871922
52.41865553398058,12.759866710843374,0.062037035417293114
52.41865553398058,12.760009325301205,0.06109931737535803
52.41865553398058,12.760151939759037,0.06020091488857111
52.41865553398058,12.760294554216868,0.059341136788024815
52.41865553398058,12.760437168674699,0.05852177127007775
52.41865553398058,12.760579783132531,0.05774224064027345
52.41865553398058,12.760722397590362,0.05700504270241136
52.41865553398058,12.760865012048193,0.05631268264580729
52.41865553398058,12.761007626506025,0.055662745906718575
52.41865553398058,12.761150240963856,0.0550599096279373
52.41865553398058,12.761292855421688,0.05450835004745465
52.41865553398058,12.761435469879519,0.05400274844584525
52.41865553398058,12.76157808433735,0.05354233924107029
52.41865553398058,12.761720698795182,0.053142216081217344
52.41865553398058,12.761863313253013,0.052785158172789164
52.41865553398058,12.762005927710844,0.05247552834806358
52.41865553398058,12.762148542168676,0.052224567302585075
52.41865553398058,12.762291156626507,0.05202061683179845
52.41865553398058,12.762433771084337,0.051866705881675426
52.41865553398058,12.76257638554217,0.051758554506201225
52.41865553398058,12.762719,0.051703735960115904
52.41874827184466,12.750882,0.12472742871930882
52.41874827184466,12.751024614457831,0.1246783767700757
52.41874827184466,12.751167228915664,0.1245737326004299
52.41874827184466,12.751309843373495,0.12442054323082898
52.41874827184466,12.751452457831325,0.1242140362461049
52.41874827184466,12.751595072289158,0.12395738188118709
52.41874827184466,12.751737686746988,0.12365130413390366
52.41874827184466,12.75188030120482,0.12329223554216955
52.41874827184466,12.752022915662652,0.12287879165013264
52.41874827184466,12.752165530120482,0.12241988612871653
52.41874827184466,12.752308144578313,0.12191461522953412
52.41874827184466,12.752450759036146,0.12135680209530127
52.41874827184466,12.752593373493976,0.12075654842205152
52.41874827184466,12.752735987951809,0.12011113022091638
52.41874827184466,12.75287860240964,0.11941110422290852
52.41874827184466,12.75302121686747,0.11867391790161234
52.41874827184466,12.753163831325303,0.117897841779372
52.41874827184466,12.753306445783133,0.11707471618966102
52.41874827184466,12.753449060240964,0.11621172787126251
52.41874827184466,12.753591674698797,0.1153056763353474
52.41874827184466,12.753734289156627,0.11436346273561819
52.41874827184466,12.753876903614458,0.11337941116226456
52.41874827184466,12.75401951807229,0.1123630257844618
52.41874827184466,12.754162132530121,0.11131355166618435
52.41874827184466,12.754304746987952,0.11023447460196517
52.41874827184466,12.754447361445784,0.10911686383846411
52.41874827184466,12.754589975903615,0.10796762909188384
52.41874827184466,12.754732590361446,0.1067926885684553
52.41874827184466,12.754875204819278,0.10558966938880324
52.41874827184466,12.755017819277109,0.10436345223185571
52.41874827184466,12.75516043373494,0.10311375797607188
52.41874827184466,12.755303048192772,0.10183978292359344
52.41874827184466,12.755445662650603,0.10054821601979791
52.41874827184466,12.755588277108435,0.09923703552740953
52.41874827184466,12.755730891566266,0.09790636196695432
52.41874827184466,12.755873506024097,0.09656189230552252
52.41874827184466,12.75601612048193,0.09520624635372982
52.41874827184466,12.75615873493976,0.09384133274068296
52.41874827184466,12.75630134939759,0.09246117134848161
52.41874827184466,12.756443963855423,0.09107001530453063
52.41874827184466,12.756586578313254,0.08967904606356189
52.41874827184466,12.756729192771084,0.08829151546635933
52.41874827184466,12.756871807228917,0.08689572173625021
52.41874827184466,12.757014421686748,0.08550172178826027
52.41874827184466,12.757157036144578,0.08411387307105722
52.41874827184466,12.75729965060241,0.0827310544872169
52.41874827184466,12.757442265060241,0.08135112670704644
52.41874827184466,12.757584879518072,0.07998099479606838
52.41874827184466,12.757727493975905,0.07861841305835317
52.41874827184466,12.757870108433735,0.07727241599597198
52.41874827184466,12.758012722891566,0.07593583126994664
52.41874827184466,12.758155337349399,0.07461740526839412
52.41874827184466,12.75829795180723,0.07332211183612286
52.41874827184466,12.758440566265062,0.0720382812360398
52.41874827184466,12.758583180722892,0.0707798285648161
52.41874827184466,12.758725795180723,0.06954452413251615
52.41874827184466,12.758868409638556,0.06833290032910237
52.41874827184466,12.759011024096386,0.06714447405830773
52.41874827184466,12.759153638554217,0.06598728339955072
52.41874827184466,12.75929625301205,0.06486524463221228
52.41874827184466,12.75943886746988,0.06377565975354685
52.41874827184466,12.759581481927711,0.06271343498435915
52.41874827184466,12.759724096385543,0.06169234333856746
52.41874827184466,12.759866710843374,0.060701386794503126
52.41874827184466,12.760009325301205,0.05975014699170038
52.41874827184466,12.760151939759037,0.058838777631199525
52.41874827184466,12.760294554216868,0.057966592794731604
52.41874827184466,12.760437168674699,0.05713542984480024
52.41874827184466,12.760579783132531,0.056344681574770274
52.41874827184466,12.760722397590362,0.05559691496763425
52.41874827184466,12.760865012048193,0.054894687232628844
52.41874827184466,12.761007626506025,0.05423548294396876
52.41874827184466,12.761150240963856,0.053624050693158676
52.41874827184466,12.761292855421688,0.05306456930846023
52.41874827184466,12.761435469879519,0.05255169846966103
52.41874827184466,12.76157808433735,0.0520846727401018
52.41874827184466,12.761720698795182,0.05167880838784203
52.41874827184466,12.761863313253013,0.051316600652192956
52.41874827184466,12.762005927710844,0.05100262415019252
52.41874827184466,12.762148542168676,0.050748008115850333
52.41874827184466,12.762291156626507,0.05054113180050722
52.41874827184466,12.762433771084337,0.050384980735754314
52.41874827184466,12.76257638554217,0.050275259794853415
52.41874827184466,12.762719,0.05021965690080574
52.418841009708736,12.750882,0.12433228359994206
52.418841009708736,12.751024614457831,0.12428246319709486
52.418841009708736,12.751167228915664,0.12417638291791883
52.418841009708736,12.751309843373495,0.12402097055997569
52.418841009708736,12.751452457831325,0.12381142946439411
52.418841009708736,12.751595072289158,0.12355103163656361
52.418841009708736,12.751737686746988,0.12324041867178163
52.418841009708736,12.75188030120482,0.12287615544905765
52.418841009708736,12.752022915662652,0.12245679130034293
52.418841009708736,12.752165530120482,0.1219911672153618
52.418841009708736,12.752308144578313,0.1214785959760375
52.418841009708736,12.752450759036146,0.1209126235696014
52.418841009708736,12.752593373493976,0.12030361594064674
52.418841009708736,12.752735987951809,0.1196487826447042
52.418841009708736,12.75287860240964,0.11893864079192026
52.418841009708736,12.75302121686747,0.11819071083063429
52.418841009708736,12.753163831325303,0.11740335706529112
52.418841009708736,12.753306445783133,0.11656834215785457
52.418841009708736,12.753449060240964,0.11569276732281769
52.418841009708736,12.753591674698797,0.11477355335715092
52.418841009708736,12.753734289156627,0.11381760634312169
52.418841009708736,12.753876903614458,0.11281930234617081
52.418841009708736,12.75401951807229,0.11178821749775111
52.418841009708736,12.754162132530121,0.11072356609102131
52.418841009708736,12.754304746987952,0.1096287894141113
52.418841009708736,12.754447361445784,0.10849515222515779
52.418841009708736,12.754589975903615,0.1073293231251262
52.418841009708736,12.754732590361446,0.10613748375754228
52.418841009708736,12.754875204819278,0.10491706309875262
52.418841009708736,12.755017819277109,0.10367307764960883
52.418841009708736,12.75516043373494,0.10240534874677391
52.418841009708736,12.755303048192772,0.10111302818076359
52.418841009708736,12.755445662650603,0.09980284139549753
52.418841009708736,12.755588277108435,0.09847288679638612
52.418841009708736,12.755730891566266,0.09712310765939625
52.418841009708736,12.755873506024097,0.09575935218850443
52.418841009708736,12.75601612048193,0.09438423297219445
52.418841009708736,12.75615873493976,0.09299969749194165
52.418841009708736,12.75630134939759,0.09159984892002777
52.418841009708736,12.756443963855423,0.09018889784214687
52.418841009708736,12.756586578313254,0.08877808382558956
52.418841009708736,12.756729192771084,0.08737066344056768
52.418841009708736,12.756871807228917,0.0859549445436495
52.418841009708736,12.757014421686748,0.08454106634768506
52.418841009708736,12.757157036144578,0.08313334413010405
52.418841009708736,12.75729965060241,0.08173076355212747
52.418841009708736,12.757442265060241,0.08033116984461726
52.418841009708736,12.757584879518072,0.07894148233098452
52.418841009708736,12.757727493975905,0.07755951347825261
52.418841009708736,12.757870108433735,0.07619439401858699
52.418841009708736,12.758012722891566,0.07483882362199393
52.418841009708736,12.758155337349399,0.073501624874146
52.418841009708736,12.75829795180723,0.07218787187075952
52.418841009708736,12.758440566265062,0.07088586959834463
52.418841009708736,12.758583180722892,0.06960957757282119
52.418841009708736,12.758725795180723,0.0683568121391416
52.418841009708736,12.758868409638556,0.06712801535880426
52.418841009708736,12.759011024096386,0.06592288563972461
52.418841009708736,12.759153638554217,0.06474939131064426
52.418841009708736,12.75929625301205,0.06361139421806068
52.418841009708736,12.75943886746988,0.06250633722897034
52.418841009708736,12.759581481927711,0.061429077887723275
52.418841009708736,12.759724096385543,0.06039356191036824
52.418841009708736,12.759866710843374,0.05938869303606666
52.418841009708736,12.760009325301205,0.058424054549557805
52.418841009708736,12.760151939759037,0.057499835844369046
52.418841009708736,12.760294554216868,0.05661535757952688
52.418841009708736,12.760437168674699,0.055772504194085415
52.418841009708736,12.760579783132531,0.05497063958222929
52.418841009708736,12.760722397590362,0.05421240012336981
52.418841009708736,12.760865012048193,0.05350039467705585
52.418841009708736,12.761007626506025,0.05283200702040521
52.418841009708736,12.761150240963856,0.05221205722954769
52.418841009708736,12.761292855421688,0.05164472632456266
52.418841009708736,12.761435469879519,0.05112465207405961
52.418841009708736,12.76157808433735,0.050651069759905736
52.418841009708736,12.761720698795182,0.05023951662635508
52.418841009708736,12.761863313253013,0.0498722061324199
52.418841009708736,12.762005927710844,0.049553922783498905
52.418841009708736,12.762148542168676,0.04929568536431519
52.418841009708736,12.762291156626507,0.049085909944502626
52.418841009708736,12.762433771084337,0.04892753932364382
52.418841009708736,12.76257638554217,0.048816262768007636
52.418841009708736,12.762719,0.04875988265962649
52.418933747572815,12.750882,0.12394030770695849
52.418933747572815,12.751024614457831,0.1238897309213645
52.418933747572815,12.751167228915664,0.123782238962089
52.418933747572815,12.751309843373495,0.12362464145000214
52.418933747572815,12.751452457831325,0.1234121171625045
52.418933747572815,12.751595072289158,0.1231480384511299
52.418933747572815,12.751737686746988,0.12283296589377247
52.418933747572815,12.75188030120482,0.12246359514362488
52.418933747572815,12.752022915662652,0.1220384098516676
52.418933747572815,12.752165530120482,0.1215661789901322
52.418933747572815,12.752308144578313,0.12104643028436467
52.418933747572815,12.752450759036146,0.12047243467724761
52.418933747572815,12.752593373493976,0.11985481966553091
52.418933747572815,12.752735987951809,0.11919072892837299
52.418933747572815,12.75287860240964,0.11847064042924112
52.418933747572815,12.75302121686747,0.11771214708611782
52.418933747572815,12.753163831325303,0.11691370544516311
52.418933747572815,12.753306445783133,0.1160670013632368
52.418933747572815,12.753449060240964,0.11517905142439469
52.418933747572815,12.753591674698797,0.11424689557300839
52.418933747572815,12.753734289156627,0.11327744519132842
52.418933747572815,12.753876903614458,0.11226512771159741
52.418933747572815,12.75401951807229,0.11121959032742272
52.418933747572815,12.754162132530121,0.11014001734738885
52.418933747572815,12.754304746987952,0.10902980568048909
52.418933747572815,12.754447361445784,0.10788041282178884
52.418933747572815,12.754589975903615,0.10669826864650184
52.418933747572815,12.754732590361446,0.10548981530252695
52.418933747572815,12.754875204819278,0.10425228558515968
52.418933747572815,12.755017819277109,0.10299083036190083
52.418933747572815,12.75516043373494,0.10170537098518674
52.418933747572815,12.755303048192772,0.10039501412533515
52.418933747572815,12.755445662650603,0.09906652147210222
52.418933747572815,12.755588277108435,0.09771811065696775
52.418933747572815,12.755730891566266,0.09634954830584423
52.418933747572815,12.755873506024097,0.0949668329310727
52.418933747572815,12.75601612048193,0.09357256919965029
52.418933747572815,12.75615873493976,0.09216874376424156
52.418933747572815,12.75630134939759,0.09074954098501073
52.418933747572815,12.756443963855423,0.08931913017230016
52.418933747572815,12.756586578313254,0.08788880767997895
52.418933747572815,12.756729192771084,0.08646183489231583
52.418933747572815,12.756871807228917,0.08502652877609233
52.418933747572815,12.757014421686748,0.08359310947895962
52.418933747572815,12.757157036144578,0.08216585079001434
52.418933747572815,12.75729965060241,0.08074384357620093
52.418933747572815,12.757442265060241,0.07932491776851174
52.418933747572815,12.757584879518072,0.07791600686238706
52.418933747572815,12.757727493975905,0.0765149800090315
52.418933747572815,12.757870108433735,0.07513106404069717
52.418933747572815,12.758012722891566,0.07375683113792494
52.418933747572815,12.758155337349399,0.07240117885666536
52.418933747572815,12.75829795180723,0.07106928092912496
52.418933747572815,12.758440566265062,0.06974941668172326
52.418933747572815,12.758583180722892,0.06845558967995537
52.418933747572815,12.758725795180723,0.06718566141682564
52.418933747572815,12.758868409638556,0.06593998422274057
52.418933747572815,12.759011024096386,0.06471843655611507
52.418933747572815,12.759153638554217,0.0635289170473449
52.418933747572815,12.75929625301205,0.06237523390711829
52.418933747572815,12.75943886746988,0.06125496915268169
52.418933747572815,12.759581481927711,0.06016293229524758
52.418933747572815,12.759724096385543,0.05911323941956442
52.418933747572815,12.759866710843374,0.058094696517698316
52.418933747572815,12.760009325301205,0.05711688851383293
52.418933747572815,12.760151939759037,0.0561800403135271
52.418933747572815,12.760294554216868,0.055283479687227306
52.418933747572815,12.760437168674699,0.0544291361748705
52.418933747572815,12.760579783132531,0.05361634526140945
52.418933747572815,12.760722397590362,0.05284781217152333
52.418933747572815,12.760865012048193,0.052126197460024615
52.418933747572815,12.761007626506025,0.05144878371953184
52.418933747572815,12.761150240963856,0.05082046247612614
52.418933747572815,12.761292855421688,0.050245416973492565
52.418933747572815,12.761435469879519,0.049718262629856555
52.418933747572815,12.76157808433735,0.04923823542570293
52.418933747572815,12.761720698795182,0.04882109168260339
52.418933747572815,12.761863313253013,0.0484487656275747
52.418933747572815,12.762005927710844,0.048126250099627024
52.418933747572815,12.762148542168676,0.04786445390980148
52.418933747572815,12.762291156626507,0.04765182922471001
52.418933747572815,12.762433771084337,0.047491276848959624
52.418933747572815,12.76257638554217,0.047378470338976596
52.418933747572815,12.762719,0.04732132558842146
52.419026485436895,12.750882,0.12355712681981518
52.419026485436895,12.751024614457831,0.12350580256615593
52.419026485436895,12.751167228915664,0.12339691579023926
52.419026485436895,12.751309843373495,0.12323715950085287
52.419026485436895,12.751452457831325,0.12302168779264097
52.419026485436895,12.751595072289158,0.12275397263399193
52.419026485436895,12.751737686746988,0.12243449417111898
52.419026485436895,12.75188030120482,0.12206007737404603
52.419026485436895,12.752022915662652,0.12162914074030741
52.419026485436895,12.752165530120482,0.12115038245178099
52.419026485436895,12.752308144578313,0.12062354277705414
52.419026485436895,12.752450759036146,0.12004162010236438
52.419026485436895,12.752593373493976,0.11941550099262067
52.419026485436895,12.752735987951809,0.11874226410124106
52.419026485436895,12.75287860240964,0.11801234837339372
52.419026485436895,12.75302121686747,0.11724341879858152
52.419026485436895,12.753163831325303,0.11643402238994002
52.419026485436895,12.753306445783133,0.11557576980090031
52.419026485436895,12.753449060240964,0.1146755936358136
52.419026485436895,12.753591674698797,0.11373065171202075
52.419026485436895,12.753734289156627,0.11274785996009586
52.419026485436895,12.753876903614458,0.11172169749538906
52.419026485436895,12.75401951807229,0.11066188114731863
52.419026485436895,12.754162132530121,0.10956756703061488
52.419026485436895,12.754304746987952,0.10844210643496537
52.419026485436895,12.754447361445784,0.10727714802003699
52.419026485436895,12.754589975903615,0.10607888544590002
52.419026485436895,12.754732590361446,0.10485401867831191
52.419026485436895,12.754875204819278,0.10359958610821983
52.419026485436895,12.755017819277109,0.10232087144526991
52.419026485436895,12.75516043373494,0.10101789582367915
52.419026485436895,12.755303048192772,0.09968972056437445
52.419026485436895,12.755445662650603,0.09834314324927618
52.419026485436895,12.755588277108435,0.09697649970985896
52.419026485436895,12.755730891566266,0.09558938125603843
52.419026485436895,12.755873506024097,0.09418793537657164
52.419026485436895,12.75601612048193,0.0927747588836298
52.419026485436895,12.75615873493976,0.09135187690820068
52.419026485436895,12.75630134939759,0.08991355397751229
52.419026485436895,12.756443963855423,0.08846391906602863
52.419026485436895,12.756586578313254,0.08701432440504986
52.419026485436895,12.756729192771084,0.08556803630177817
52.419026485436895,12.756871807228917,0.08411338069844013
52.419026485436895,12.757014421686748,0.08266065708878725
52.419026485436895,12.757157036144578,0.08121409905713636
52.419026485436895,12.75729965060241,0.07977290141968141
52.419026485436895,12.757442265060241,0.07833487862519492
52.419026485436895,12.757584879518072,0.07690697791718556
52.419026485436895,12.757727493975905,0.07548712468321109
52.419026485436895,12.757870108433735,0.07408464101205965
52.419026485436895,12.758012722891566,0.07269197288807361
52.419026485436895,12.758155337349399,0.0713180911795753
52.419026485436895,12.75829795180723,0.06996826899028791
52.419026485436895,12.758440566265062,0.06863076039979729
52.419026485436895,12.758583180722892,0.06731961208236766
52.419026485436895,12.758725795180723,0.06603273020478433
52.419026485436895,12.758868409638556,0.06477037843975089
52.419026485436895,12.759011024096386,0.06353261318927157
52.419026485436895,12.759153638554217,0.06232726431094618
52.419026485436895,12.75929625301205,0.06115808649352998
52.419026485436895,12.75943886746988,0.060022799820475745
52.419026485436895,12.759581481927711,0.058916165577794916
52.419026485436895,12.759724096385543,0.05785246906748195
52.419026485436895,12.759866710843374,0.056820418800735406
52.419026485436895,12.760009325301205,0.05582960198234076
52.419026485436895,12.760151939759037,0.054880278207416464
52.419026485436895,12.760294554216868,0.053971783099116266
52.419026485436895,12.760437168674699,0.053106090125610406
52.419026485436895,12.760579783132531,0.052282506440213976
52.419026485436895,12.760722397590362,0.05150380562122798
52.419026485436895,12.760865012048193,0.05077269968316386
52.419026485436895,12.761007626506025,0.05008637018550287
52.419026485436895,12.761150240963856,0.04944978010097184
52.419026485436895,12.761292855421688,0.04886711474493936
52.419026485436895,12.761435469879519,0.048332966710809784
52.419026485436895,12.76157808433735,0.04784657338927598
52.419026485436895,12.761720698795182,0.04742390793797328
52.419026485436895,12.761863313253013,0.04704662790346696
52.419026485436895,12.762005927710844,0.046719932255498
52.419026485436895,12.762148542168676,0.046454621071402497
52.419026485436895,12.762291156626507,0.046239182443867856
52.419026485436895,12.762433771084337,0.04607647528603959
52.419026485436895,12.76257638554217,0.045962157500610036
52.419026485436895,12.762719,0.04590425689939164
52.419119223300974,12.750882,0.12318004595071276
52.419119223300974,12.751024614457831,0.12312798595689955
52.419119223300974,12.751167228915664,0.12301772751492197
52.419119223300974,12.751309843373495,0.12285584814069021
52.419119223300974,12.751452457831325,0.1226374770983112
52.419119223300974,12.751595072289158,0.12236618477481892
52.419119223300974,12.751737686746988,0.12204237218053998
52.419119223300974,12.75188030120482,0.1216629917755511
52.419119223300974,12.752022915662652,0.12122639765660127
52.419119223300974,12.752165530120482,0.12074121769955562
52.419119223300974,12.752308144578313,0.12020740315264593
52.419119223300974,12.752450759036146,0.11961768249598628
52.419119223300974,12.752593373493976,0.1189831981220402
52.419119223300974,12.752735987951809,0.1183009644544014
52.419119223300974,12.75287860240964,0.11756138157787852
52.419119223300974,12.75302121686747,0.11678218586568362
52.419119223300974,12.753163831325303,0.1159620141171101
52.419119223300974,12.753306445783133,0.11509240220730645
52.419119223300974,12.753449060240964,0.11418019940273703
52.419119223300974,12.753591674698797,0.11322268034010423
52.419119223300974,12.753734289156627,0.11222676529157519
52.419119223300974,12.753876903614458,0.11118698392726414
52.419119223300974,12.75401951807229,0.11011312223158852
52.419119223300974,12.754162132530121,0.10900430840496826
52.419119223300974,12.754304746987952,0.10786384895728361
52.419119223300974,12.754447361445784,0.1066835810164492
52.419119223300974,12.754589975903615,0.10546946380236245
52.419119223300974,12.754732590361446,0.10422845291038106
52.419119223300974,12.754875204819278,0.1029573940673859
52.419119223300974,12.755017819277109,0.10166170214237116
52.419119223300974,12.75516043373494,0.10034149813541801
52.419119223300974,12.755303048192772,0.09899579746309563
52.419119223300974,12.755445662650603,0.09763143253167907
52.419119223300974,12.755588277108435,0.09624685673271693
52.419119223300974,12.755730891566266,0.09484148754282155
52.419119223300974,12.755873506024097,0.0934216192728195
52.419119223300974,12.75601612048193,0.09198984073985461
52.419119223300974,12.75615873493976,0.09054821613524375
52.419119223300974,12.75630134939759,0.08909108830978335
52.419119223300974,12.756443963855423,0.08762254612445763
52.419119223300974,12.756586578313254,0.08615399742303506
52.419119223300974,12.756729192771084,0.08468871286096166
52.419119223300974,12.756871807228917,0.08321502710543048
52.419119223300974,12.757014421686748,0.08174331782504461
52.419119223300974,12.757157036144578,0.08027777909887517
52.419119223300974,12.75729965060241,0.07881770838375876
52.419119223300974,12.757442265060241,0.07736090439065485
52.419119223300974,12.757584879518072,0.0759143280756472
52.419119223300974,12.757727493975905,0.07447595978309311
52.419119223300974,12.757870108433735,0.07305521612371009
52.419119223300974,12.758012722891566,0.0716444181345374
52.419119223300974,12.758155337349399,0.07025260873181015
52.419119223300974,12.75829795180723,0.06888515946860548
52.419119223300974,12.758440566265062,0.06753029905347367
52.419119223300974,12.758583180722892,0.06620211706114279
52.419119223300974,12.758725795180723,0.06489856344873937
52.419119223300974,12.758868409638556,0.06361981372696482
52.419119223300974,12.759011024096386,0.06236610042591984
52.419119223300974,12.759153638554217,0.06114518532553524
52.419119223300974,12.75929625301205,0.059960770175653086
52.419119223300974,12.75943886746988,0.05881071109188843
52.419119223300974,12.759581481927711,0.05768972216857061
52.419119223300974,12.759724096385543,0.056612255494621705
52.419119223300974,12.759866710843374,0.05556692297019557
52.419119223300974,12.760009325301205,0.054563314183989686
52.419119223300974,12.760151939759037,0.05360172261838647
52.419119223300974,12.760294554216868,0.05268149268458347
52.419119223300974,12.760437168674699,0.05180463925027634
52.419119223300974,12.760579783132531,0.0509704423178411
52.419119223300974,12.760722397590362,0.050181743333327464
52.419119223300974,12.760865012048193,0.049441305061705416
52.419119223300974,12.761007626506025,0.04874620859509634
52.419119223300974,12.761150240963856,0.04810148797416693
52.419119223300974,12.761292855421688,0.04751133040786669
52.419119223300974,12.761435469879519,0.04697030527149513
52.419119223300974,12.76157808433735,0.04647765184889855
52.419119223300974,12.761720698795182,0.04604955715344923
52.419119223300974,12.761863313253013,0.045667405409478404
52.419119223300974,12.762005927710844,0.0453366001519073
52.419119223300974,12.762148542168676,0.045067833308879465
52.419119223300974,12.762291156626507,0.04484962811481935
52.419119223300974,12.762433771084337,0.0446848019312497
52.419119223300974,12.76257638554217,0.044568997263297896
52.419119223300974,12.762719,0.04451035333221217
52.41921196116505,12.750882,0.12281411594669538
52.41921196116505,12.751024614457831,0.1227613316472931
52.41921196116505,12.751167228915664,0.1226497240592173
52.41921196116505,12.751309843373495,0.1224857562346042
52.41921196116505,12.751452457831325,0.12226453308352758
52.41921196116505,12.751595072289158,0.1219897216786721
52.41921196116505,12.751737686746988,0.1216616454013827
52.41921196116505,12.75188030120482,0.12127738267124478
52.41921196116505,12.752022915662652,0.12083522306944038
52.41921196116505,12.752165530120482,0.12034372532307967
52.41921196116505,12.752308144578313,0.11980304994408271
52.41921196116505,12.752450759036146,0.11920565753707091
52.41921196116505,12.752593373493976,0.11856294357966303
52.41921196116505,12.752735987951809,0.11787185904721241
52.41921196116505,12.75287860240964,0.1171227660715608
52.41921196116505,12.75302121686747,0.11633347132428737
52.41921196116505,12.753163831325303,0.1155026996689444
52.41921196116505,12.753306445783133,0.11462191355452103
52.41921196116505,12.753449060240964,0.11369787953355562
52.41921196116505,12.753591674698797,0.1127279874292236
52.41921196116505,12.753734289156627,0.11171916195290822
52.41921196116505,12.753876903614458,0.11066598297953119
52.41921196116505,12.75401951807229,0.10957830398299678
52.41921196116505,12.754162132530121,0.10845522638957204
52.41921196116505,12.754304746987952,0.10730001191204075
52.41921196116505,12.754447361445784,0.10610468369687868
52.41921196116505,12.754589975903615,0.10487496949384968
52.41921196116505,12.754732590361446,0.10361807698193616
52.41921196116505,12.754875204819278,0.10233066151263528
52.41921196116505,12.755017819277109,0.10101826790708703
52.41921196116505,12.75516043373494,0.09968111567922998
52.41921196116505,12.755303048192772,0.0983181742051666
52.41921196116505,12.755445662650603,0.09693631078229485
52.41921196116505,12.755588277108435,0.09553409455619848
52.41921196116505,12.755730891566266,0.09411077118114046
52.41921196116505,12.755873506024097,0.09267278006770771
52.41921196116505,12.75601612048193,0.09122270186656774
52.41921196116505,12.75615873493976,0.08976263928284273
52.41921196116505,12.75630134939759,0.08828701189419663
52.41921196116505,12.756443963855423,0.08679986951460811
52.41921196116505,12.756586578313254,0.0853126747600557
52.41921196116505,12.756729192771084,0.08382870237107626
52.41921196116505,12.756871807228917,0.08233629596221333
52.41921196116505,12.757014421686748,0.08084590954335841
52.41921196116505,12.757157036144578,0.07936169862070667
52.41921196116505,12.75729965060241,0.07788306182377598
52.41921196116505,12.757442265060241,0.07640778185958001
52.41921196116505,12.757584879518072,0.0749428331016557
52.41921196116505,12.757727493975905,0.07348625069607045
52.41921196116505,12.757870108433735,0.07204754403659512
52.41921196116505,12.758012722891566,0.07061891127937667
52.41921196116505,12.758155337349399,0.0692094651947079
52.41921196116505,12.75829795180723,0.06782467546476434
52.41921196116505,12.758440566265062,0.06645274543960904
52.41921196116505,12.758583180722892,0.06510780659617256
52.41921196116505,12.758725795180723,0.06378785259326919
52.41921196116505,12.758868409638556,0.06249297076922317
52.41921196116505,12.759011024096386,0.06122356890198572
52.41921196116505,12.759153638554217,0.05998734096008724
52.41921196116505,12.75929625301205,0.05878793608228492
52.41921196116505,12.75943886746988,0.05762334459243802
52.41921196116505,12.759581481927711,0.05648823399514136
52.41921196116505,12.759724096385543,0.055397221230798495
52.41921196116505,12.759866710843374,0.05433882225701438
52.41921196116505,12.760009325301205,0.053322628948671257
52.41921196116505,12.760151939759037,0.05234896871901827
52.41921196116505,12.760294554216868,0.051417195109758534
52.41921196116505,12.760437168674699,0.05052936249108957
52.41921196116505,12.760579783132531,0.04968472470030891
52.41921196116505,12.760722397590362,0.04888618991801687
52.41921196116505,12.760865012048193,0.04813657135620218
52.41921196116505,12.761007626506025,0.047432850481566494
52.41921196116505,12.761150240963856,0.04678013112347234
52.41921196116505,12.761292855421688,0.046182603408107474
52.41921196116505,12.761435469879519,0.04563481274941566
52.41921196116505,12.76157808433735,0.045136000213217335
52.41921196116505,12.761720698795182,0.044702565208093674
52.41921196116505,12.761863313253013,0.04431562098567305
52.41921196116505,12.762005927710844,0.04398077348067344
52.41921196116505,12.762148542168676,0.043708607182711814
52.41921196116505,12.762291156626507,0.04348768030053952
52.41921196116505,12.762433771084337,0.04332076947512481
52.41921196116505,12.76257638554217,0.04320350173905527
52.41921196116505,12.762719,0.043144126142737486
52.41930469902913,12.750882,0.12246359965736292
52.41930469902913,12.751024614457831,0.12241010374445957
52.41930469902913,12.751167228915664,0.12229717202971002
52.41930469902913,12.751309843373495,0.12213115451519917
52.41930469902913,12.751452457831325,0.12190713102906194
52.41930469902913,12.751595072289158,0.12162886471546538
52.41930469902913,12.751737686746988,0.12129660233021371
52.41930469902913,12.75188030120482,0.12090754640754975
52.41930469902913,12.752022915662652,0.1204599233320862
52.41930469902913,12.752165530120482,0.11996222286820767
52.41930469902913,12.752308144578313,0.11941481213132024
52.41930469902913,12.752450759036146,0.11880988787819205
52.41930469902913,12.752593373493976,0.1181590947134776
52.41930469902913,12.752735987951809,0.1174593214427476
52.41930469902913,12.75287860240964,0.11670089196013461
52.41930469902913,12.75302121686747,0.1159016828799532
52.41930469902913,12.753163831325303,0.11506050562868995
52.41930469902913,12.753306445783133,0.11416875027807054
52.41930469902913,12.753449060240964,0.11323310164145708
52.41930469902913,12.753591674698797,0.11225106330837359
52.41930469902913,12.753734289156627,0.11122956352513924
52.41930469902913,12.753876903614458,0.11016323233015299
52.41930469902913,12.75401951807229,0.10906198954556885
52.41930469902913,12.754162132530121,0.10792491041436833
52.41930469902913,12.754304746987952,0.10675521208061015
52.41930469902913,12.754447361445784,0.10554510091796904
52.41930469902913,12.754589975903615,0.10430007653067688
52.41930469902913,12.754732590361446,0.10302759507543921
52.41930469902913,12.754875204819278,0.10172412353972439
52.41930469902913,12.755017819277109,0.1003953353112189
52.41930469902913,12.75516043373494,0.09904154700208453
52.41930469902913,12.755303048192772,0.09766168203578429
52.41930469902913,12.755445662650603,0.09626264252698376
52.41930469902913,12.755588277108435,0.09484311211679305
52.41930469902913,12.755730891566266,0.09340216540803131
52.41930469902913,12.755873506024097,0.09194638607903417
52.41930469902913,12.75601612048193,0.09047834626385297
52.41930469902913,12.75615873493976,0.0890001864867991
52.41930469902913,12.75630134939759,0.08750640165818557
52.41930469902913,12.756443963855423,0.08600100355485922
52.41930469902913,12.756586578313254,0.08449550805318384
52.41930469902913,12.756729192771084,0.08299319445257484
52.41930469902913,12.756871807228917,0.08148241449261552
52.41930469902913,12.757014421686748,0.07997369720295963
52.41930469902913,12.757157036144578,0.07847116009961731
52.41930469902913,12.75729965060241,0.07697430195233221
52.41930469902913,12.757442265060241,0.0754808897179883
52.41930469902913,12.757584879518072,0.07399791022802862
52.41930469902913,12.757727493975905,0.07252345214726544
52.41930469902913,12.757870108433735,0.07106711730060017
52.41930469902913,12.758012722891566,0.06962098181004056
52.41930469902913,12.758155337349399,0.06819422745443188
52.41930469902913,12.75829795180723,0.06679242103495177
52.41930469902913,12.758440566265062,0.06540373960393434
52.41930469902913,12.758583180722892,0.06404235678816475
52.41930469902913,12.758725795180723,0.0627063086483755
52.41930469902913,12.758868409638556,0.06139559595595481
52.41930469902913,12.759011024096386,0.060110799400988624
52.41930469902913,12.759153638554217,0.0588595453398251
52.41930469902913,12.75929625301205,0.0576454303342279
52.41930469902913,12.75943886746988,0.05646657822746182
52.41930469902913,12.759581481927711,0.055317609983214
52.41930469902913,12.759724096385543,0.05421330570095538
52.41930469902913,12.759866710843374,0.053142085361680774
52.41930469902913,12.760009325301205,0.05211354339479165
52.41930469902913,12.760151939759037,0.05112804052470411
52.41930469902913,12.760294554216868,0.05018494028909921
52.41930469902913,12.760437168674699,0.04928633455237079
52.41930469902913,12.760579783132531,0.04843145156044273
52.41930469902913,12.760722397590362,0.04762326540746204
52.41930469902913,12.760865012048193,0.04686463993686995
52.41930469902913,12.761007626506025,0.046152456462372086
52.41930469902913,12.761150240963856,0.045491888899177706
52.41930469902913,12.761292855421688,0.04488712951153528
52.41930469902913,12.761435469879519,0.044332700486516385
52.41930469902913,12.76157808433735,0.04382784454797446
52.41930469902913,12.761720698795182,0.04338917030147204
52.41930469902913,12.761863313253013,0.04299752347226148
52.41930469902913,12.762005927710844,0.0426587103886289
52.41930469902913,12.762148542168676,0.04238320899339562
52.41930469902913,12.762291156626507,0.04215961201514129
52.41930469902913,12.762433771084337,0.04199065593818939
52.41930469902913,12.76257638554217,0.04187195208273108
52.41930469902913,12.762719,0.041811858439570006
52.419397436893206,12.750882,0.1221262340926842
52.419397436893206,12.751024614457831,0.12207203723943938
52.419397436893206,12.751167228915664,0.1219578013319343
52.419397436893206,12.751309843373495,0.12178976549043999
52.419397436893206,12.751452457831325,0.121562984863547
52.419397436893206,12.751595072289158,0.12128131638857906
52.419397436893206,12.751737686746988,0.12094493202807946
52.419397436893206,12.75188030120482,0.120551156434928
52.419397436893206,12.752022915662652,0.12009815285774796
52.419397436893206,12.752165530120482,0.11959434393088765
52.419397436893206,12.752308144578313,0.11904030099723271
52.419397436893206,12.752450759036146,0.11842795963183073
52.419397436893206,12.752593373493976,0.11776921041211462
52.419397436893206,12.752735987951809,0.1170608805894332
52.419397436893206,12.75287860240964,0.1162932569316942
52.419397436893206,12.75302121686747,0.1154842851649243
52.419397436893206,12.753163831325303,0.11463286136715034
52.419397436893206,12.753306445783133,0.11373030443780133
52.419397436893206,12.753449060240964,0.11278321879482765
52.419397436893206,12.753591674698797,0.1117892197864197
52.419397436893206,12.753734289156627,0.11075523936114802
52.419397436893206,12.753876903614458,0.10967595699242046
52.419397436893206,12.75401951807229,0.10856135738799465
52.419397436893206,12.754162132530121,0.10741049086865186
52.419397436893206,12.754304746987952,0.10622653044027938
52.419397436893206,12.754447361445784,0.10500186243751322
52.419397436893206,12.754589975903615,0.10374176171056357
52.419397436893206,12.754732590361446,0.10245392960736463
52.419397436893206,12.754875204819278,0.10113464750284412
52.419397436893206,12.755017819277109,0.09978971523235002
52.419397436893206,12.75516043373494,0.09841954571531969
52.419397436893206,12.755303048192772,0.09702301674155442
52.419397436893206,12.755445662650603,0.09560706374890471
52.419397436893206,12.755588277108435,0.09417048421918253
52.419397436893206,12.755730891566266,0.09271218410613412
52.419397436893206,12.755873506024097,0.09123888879874992
52.419397436893206,12.75601612048193,0.08975316230578351
52.419397436893206,12.75615873493976,0.08825718248605727
52.419397436893206,12.75630134939759,0.08674551825533361
52.419397436893206,12.756443963855423,0.08522214378303526
52.419397436893206,12.756586578313254,0.0836986279566687
52.419397436893206,12.756729192771084,0.08217825353598693
52.419397436893206,12.756871807228917,0.08064938147674915
52.419397436893206,12.757014421686748,0.07912261414980733
52.419397436893206,12.757157036144578,0.07760203196430623
52.419397436893206,12.75729965060241,0.07608723171781673
52.419397436893206,12.757442265060241,0.07457596493007376
52.419397436893206,12.757584879518072,0.07307523115833266
52.419397436893206,12.757727493975905,0.07158317163599948
52.419397436893206,12.757870108433735,0.07010947894799348
52.419397436893206,12.758012722891566,0.06864610939208353
52.419397436893206,12.758155337349399,0.06720231190852544
52.419397436893206,12.75829795180723,0.06578374945438588
52.419397436893206,12.758440566265062,0.06437857377307182
52.419397436893206,12.758583180722892,0.06300099943993347
52.419397436893206,12.758725795180723,0.061649104629468605
52.419397436893206,12.758868409638556,0.06032280382201912
52.419397436893206,12.759011024096386,0.05902284882982102
52.419397436893206,12.759153638554217,0.05775679922756478
52.419397436893206,12.75929625301205,0.056528200364263884
52.419397436893206,12.75943886746988,0.0553353067090724
52.419397436893206,12.759581481927711,0.054172693999282685
52.419397436893206,12.759724096385543,0.053055301852138755
52.419397436893206,12.759866710843374,0.05197145709062418
52.419397436893206,12.760009325301205,0.05093075615758021
52.419397436893206,12.760151939759037,0.04993359306447224
52.419397436893206,12.760294554216868,0.0489793405017892
52.419397436893206,12.760437168674699,0.04807012733609416
52.419397436893206,12.760579783132531,0.047205156163686285
52.419397436893206,12.760722397590362,0.04638746679352773
52.419397436893206,12.760865012048193,0.04561997273134005
52.419397436893206,12.761007626506025,0.04489945629266614
52.419397436893206,12.761150240963856,0.044231161249340886
52.419397436893206,12.761292855421688,0.0436192819216755
52.419397436893206,12.761435469879519,0.043058316595697414
52.419397436893206,12.76157808433735,0.0425475099330063
52.419397436893206,12.761720698795182,0.04210367698319315
52.419397436893206,12.761863313253013,0.04170739976226163
52.419397436893206,12.762005927710844,0.04136468209193005
52.419397436893206,12.762148542168676,0.04108589721586357
52.419397436893206,12.762291156626507,0.04085967123262999
52.419397436893206,12.762433771084337,0.040688700944929934
52.419397436893206,12.76257638554217,0.040568583145348704
52.419397436893206,12.762719,0.04050778219039331
52.419490174757286,12.750882,0.12178792740627338
52.419490174757286,12.751024614457831,0.12173304199316484
52.419490174757286,12.751167228915664,0.12161752557255416
52.419490174757286,12.751309843373495,0.12144750839040172
52.419490174757286,12.751452457831325,0.12121802034028266
52.419490174757286,12.751595072289158,0.12093301101529721
52.419490174757286,12.751737686746988,0.12059257904455366
52.419490174757286,12.75188030120482,0.12019416863873704
52.419490174757286,12.752022915662652,0.1197358816699412
52.419490174757286,12.752165530120482,0.11922607401528376
52.419490174757286,12.752308144578313,0.11866551833212355
52.419490174757286,12.752450759036146,0.11804589348267726
52.419490174757286,12.752593373493976,0.11737933171722376
52.419490174757286,12.752735987951809,0.1166625994310871
52.419490174757286,12.75287860240964,0.11588594711343446
52.419490174757286,12.75302121686747,0.11506738851051229
52.419490174757286,12.753163831325303,0.11420590320185121
52.419490174757286,12.753306445783133,0.11329273962543537
52.419490174757286,12.753449060240964,0.11233442357638412
52.419490174757286,12.753591674698797,0.11132867940115802
52.419490174757286,12.753734289156627,0.11028244299622662
52.419490174757286,12.753876903614458,0.1091904429321237
52.419490174757286,12.75401951807229,0.1080627275076396
52.419490174757286,12.754162132530121,0.10689832262445023
52.419490174757286,12.754304746987952,0.10570035763731625
52.419490174757286,12.754447361445784,0.1044613959681451
52.419490174757286,12.754589975903615,0.10318649132710635
52.419490174757286,12.754732590361446,0.1018835857773868
52.419490174757286,12.754875204819278,0.1005487780272252
52.419490174757286,12.755017819277109,0.09918799277488911
52.419490174757286,12.75516043373494,0.0978017382976596
52.419490174757286,12.755303048192772,0.0963888464512479
52.419490174757286,12.755445662650603,0.09495628589429189
52.419490174757286,12.755588277108435,0.09350296616669272
52.419490174757286,12.755730891566266,0.09202762649520858
52.419490174757286,12.755873506024097,0.09053713219272276
52.419490174757286,12.75601612048193,0.08903403885283713
52.419490174757286,12.75615873493976,0.0875205615136578
52.419490174757286,12.75630134939759,0.08599134133512079
52.419490174757286,12.756443963855423,0.08445031623659256
52.419490174757286,12.756586578313254,0.08290910650467716
52.419490174757286,12.756729192771084,0.08137099900030875
52.419490174757286,12.756871807228917,0.07982436282744781
52.419490174757286,12.757014421686748,0.07827987241821834
52.419490174757286,12.757157036144578,0.07674157238911425
52.419490174757286,12.75729965060241,0.07520915547809655
52.419490174757286,12.757442265060241,0.07368035816879599
52.419490174757286,12.757584879518072,0.07216219253799291
52.419490174757286,12.757727493975905,0.07065285080834464
52.419490174757286,12.757870108433735,0.069162115822176
52.419490174757286,12.758012722891566,0.06768182529598324
52.419490174757286,12.758155337349399,0.06622129443215014
52.419490174757286,12.75829795180723,0.06478628061006703
52.419490174757286,12.758440566265062,0.06336491067491325
52.419490174757286,12.758583180722892,0.06197143943847901
52.419490174757286,12.758725795180723,0.06060398616232075
52.419490174757286,12.758868409638556,0.059262380458412936
52.419490174757286,12.759011024096386,0.05794754307475394
52.419490174757286,12.759153638554217,0.056666967015543065
52.419490174757286,12.75929625301205,0.055424147706186075
52.419490174757286,12.75943886746988,0.054217467746333466
52.419490174757286,12.759581481927711,0.0530414586551385
52.419490174757286,12.759724096385543,0.05191121771079626
52.419490174757286,12.759866710843374,0.05081497853983243
52.419490174757286,12.760009325301205,0.049762340244662584
52.419490174757286,12.760151939759037,0.04875372872694201
52.419490174757286,12.760294554216868,0.04778852757268671
52.419490174757286,12.760437168674699,0.0468689001692056
52.419490174757286,12.760579783132531,0.045994024248154596
52.419490174757286,12.760722397590362,0.04516700471048944
52.419490174757286,12.760865012048193,0.044390804279149904
52.419490174757286,12.761007626506025,0.043662106805007206
52.419490174757286,12.761150240963856,0.04298622532282308
52.419490174757286,12.761292855421688,0.04236735611686891
52.419490174757286,12.761435469879519,0.041799973495204076
52.419490174757286,12.76157808433735,0.0412833244982249
52.419490174757286,12.761720698795182,0.04083442710067281
52.419490174757286,12.761863313253013,0.040433603825811015
52.419490174757286,12.762005927710844,0.04008705334801605
52.419490174757286,12.762148542168676,0.039805045274080686
52.419490174757286,12.762291156626507,0.03957623827733853
52.419490174757286,12.762433771084337,0.03940329073718614
52.419490174757286,12.76257638554217,0.039281784338774384
52.419490174757286,12.762719,0.03922028857501986
52.41958291262136,12.750882,0.12146724350748596
52.41958291262136,12.751024614457831,0.1214116833486434
52.41958291262136,12.751167228915664,0.12129491334681149
52.41958291262136,12.751309843373495,0.1211229565593613
52.41958291262136,12.751452457831325,0.12089081744230391
52.41958291262136,12.751595072289158,0.12060253714442999
52.41958291262136,12.751737686746988,0.12025814212542688
52.41958291262136,12.75188030120482,0.11985519399016162
52.41958291262136,12.752022915662652,0.11939173426519212
52.41958291262136,12.752165530120482,0.11887605273734853
52.41958291262136,12.752308144578313,0.11830912085079205
52.41958291262136,12.752450759036146,0.11768236397478454
52.41958291262136,12.752593373493976,0.11700815252967423
52.41958291262136,12.752735987951809,0.11628319362775902
52.41958291262136,12.75287860240964,0.11549770153733514
52.41958291262136,12.75302121686747,0.11466975617630858
52.41958291262136,12.753163831325303,0.11379841971727427
52.41958291262136,12.753306445783133,0.11287487171615611
52.41958291262136,12.753449060240964,0.11190555965573515
52.41958291262136,12.753591674698797,0.1108883158226506
52.41958291262136,12.753734289156627,0.10983007919388438
52.41958291262136,12.753876903614458,0.1087256269590102
52.41958291262136,12.75401951807229,0.10758506966876553
52.41958291262136,12.754162132530121,0.1064074097263602
52.41958291262136,12.754304746987952,0.10519573359440444
52.41958291262136,12.754447361445784,0.10394277788930564
52.41958291262136,12.754589975903615,0.10265337874226446
52.41958291262136,12.754732590361446,0.10133571522019873
52.41958291262136,12.754875204819278,0.09998570617172758
52.41958291262136,12.755017819277109,0.09860939907764768
52.41958291262136,12.75516043373494,0.09720739613418083
52.41958291262136,12.755303048192772,0.09577848354051588
52.41958291262136,12.755445662650603,0.0943296627159712
52.41958291262136,12.755588277108435,0.09285995338201344
52.41958291262136,12.755730891566266,0.0913679305409082
52.41958291262136,12.755873506024097,0.08986059716168429
52.41958291262136,12.75601612048193,0.0883405004116565
52.41958291262136,12.75615873493976,0.08680989174856527
52.41958291262136,12.75630134939759,0.08526348307592185
52.41958291262136,12.756443963855423,0.08370517720006275
52.41958291262136,12.756586578313254,0.08214664403860336
52.41958291262136,12.756729192771084,0.08059117514959968
52.41958291262136,12.756871807228917,0.07902714684266973
52.41958291262136,12.757014421686748,0.07746530473711835
52.41958291262136,12.757157036144578,0.07590965756112088
52.41958291262136,12.75729965060241,0.07435999313333162
52.41958291262136,12.757442265060241,0.0728140328079295
52.41958291262136,12.757584879518072,0.0712788005347866
52.41958291262136,12.757727493975905,0.06975253863888059
52.41958291262136,12.757870108433735,0.06824511893618726
52.41958291262136,12.758012722891566,0.06674826235711838
52.41958291262136,12.758155337349399,0.06527134857821802
52.41958291262136,12.75829795180723,0.06382022834016392
52.41958291262136,12.758440566265062,0.06238300354388803
52.41958291262136,12.758583180722892,0.060973968571076405
52.41958291262136,12.758725795180723,0.05959128315084743
52.41958291262136,12.758868409638556,0.058234693084069714
52.41958291262136,12.759011024096386,0.05690528568421244
52.41958291262136,12.759153638554217,0.055610488218503104
52.41958291262136,12.75929625301205,0.05435374633173812
52.41958291262136,12.75943886746988,0.05313356949192939
52.41958291262136,12.759581481927711,0.05194444469741652
52.41958291262136,12.759724096385543,0.050801624706840236
52.41958291262136,12.759866710843374,0.049693251081175005
52.41958291262136,12.760009325301205,0.04862892597936711
52.41958291262136,12.760151939759037,0.047609106246588415
52.41958291262136,12.760294554216868,0.046633186695409994
52.41958291262136,12.760437168674699,0.045703363589525134
52.41958291262136,12.760579783132531,0.04481879048823957
52.41958291262136,12.760722397590362,0.043982636449529156
52.41958291262136,12.760865012048193,0.04319791270436852
52.41958291262136,12.761007626506025,0.042461205755581405
52.41958291262136,12.761150240963856,0.04177789699780062
52.41958291262136,12.761292855421688,0.041152184697265476
52.41958291262136,12.761435469879519,0.04057851915593077
52.41958291262136,12.76157808433735,0.04005615013513259
52.41958291262136,12.761720698795182,0.03960229527066872
52.41958291262136,12.761863313253013,0.039197021189002125
52.41958291262136,12.762005927710844,0.03884671900787337
52.41958291262136,12.762148542168676,0.03856155561591997
52.41958291262136,12.762291156626507,0.038330222363576034
52.41958291262136,12.762433771084337,0.03815533914290998
52.41958291262136,12.76257638554217,0.03803247289065432
52.41958291262136,12.762719,0.037970296729258224
52.41967565048544,12.750882,0.12115781368877625
52.41967565048544,12.751024614457831,0.1211015928377047
52.41967565048544,12.751167228915664,0.12098359635554073
52.41967565048544,12.751309843373495,0.12080974215706561
52.41967565048544,12.751452457831325,0.12057500941305813
52.41967565048544,12.751595072289158,0.12028352875647305
52.41967565048544,12.751737686746988,0.11993525593630945
52.41967565048544,12.75188030120482,0.11952786822380679
52.41967565048544,12.752022915662652,0.11905934720269681
52.41967565048544,12.752165530120482,0.11853791819744376
52.41967565048544,12.752308144578313,0.11796474840271641
52.41967565048544,12.752450759036146,0.11733101348908787
52.41967565048544,12.752593373493976,0.11664931759600464
52.41967565048544,12.752735987951809,0.1159163096954438
52.41967565048544,12.75287860240964,0.11512216861388731
52.41967565048544,12.75302121686747,0.11428503993495288
52.41967565048544,12.753163831325303,0.11340406597083716
52.41967565048544,12.753306445783133,0.11247035834685949
52.41967565048544,12.753449060240964,0.11149028849187068
52.41967565048544,12.753591674698797,0.11046179384324498
52.41967565048544,12.753734289156627,0.10939181669813088
52.41967565048544,12.753876903614458,0.10827518177441499
52.41967565048544,12.75401951807229,0.10712206078168969
52.41967565048544,12.754162132530121,0.10593143352077766
52.41967565048544,12.754304746987952,0.10470634357948859
52.41967565048544,12.754447361445784,0.10343969785580126
52.41967565048544,12.754589975903615,0.1021361186461685
52.41967565048544,12.754732590361446,0.10080401769140833
52.41967565048544,12.754875204819278,0.09943913700799259
52.41967565048544,12.755017819277109,0.09804764449590274
52.41967565048544,12.75516043373494,0.09663023512554013
52.41967565048544,12.755303048192772,0.09518564992126685
52.41967565048544,12.755445662650603,0.093720922197823
52.41967565048544,12.755588277108435,0.0922351800034207
52.41967565048544,12.755730891566266,0.09072683664588427
52.41967565048544,12.755873506024097,0.0892030304184016
52.41967565048544,12.75601612048193,0.08766630015702313
52.41967565048544,12.75615873493976,0.08611893329106454
52.41967565048544,12.75630134939759,0.08455571065945847
52.41967565048544,12.756443963855423,0.08298050041068038
52.41967565048544,12.756586578313254,0.08140502135420602
52.41967565048544,12.756729192771084,0.07983256953204029
52.41967565048544,12.756871807228917,0.07825152883511446
52.41967565048544,12.757014421686748,0.0766727135890696
52.41967565048544,12.757157036144578,0.07510009764553834
52.41967565048544,12.75729965060241,0.07353356242746606
52.41967565048544,12.757442265060241,0.07197081400906134
52.41967565048544,12.757584879518072,0.07041888785169817
52.41967565048544,12.757727493975905,0.06887607530002295
52.41967565048544,12.757870108433735,0.06735233627512159
52.41967565048544,12.758012722891566,0.06583927608462174
52.41967565048544,12.758155337349399,0.06434633748012691
52.41967565048544,12.75829795180723,0.06287946324108572
52.41967565048544,12.758440566265062,0.061426730591645703
52.41967565048544,12.758583180722892,0.06000247311855767
52.41967565048544,12.758725795180723,0.0586048897515232
52.41967565048544,12.758868409638556,0.057233643277529264
52.41967565048544,12.759011024096386,0.05588998549666947
52.41967565048544,12.759153638554217,0.05458127857835671
52.41967565048544,12.75929625301205,0.053310919096514586
52.41967565048544,12.75943886746988,0.052077541531519084
52.41967565048544,12.759581481927711,0.05087558919932186
52.41967565048544,12.759724096385543,0.04972046660690929
52.41967565048544,12.759866710843374,0.04860022494084599
52.41967565048544,12.760009325301205,0.047524469517681925
52.41967565048544,12.760151939759037,0.04649368776144656
52.41967565048544,12.760294554216868,0.04550728581946624
52.41967565048544,12.760437168674699,0.0445674911900154
52.41967565048544,12.760579783132531,0.04367343376129464
52.41967565048544,12.760722397590362,0.04282834606660055
52.41967565048544,12.760865012048193,0.042035287001254376
52.41967565048544,12.761007626506025,0.04129074690419902
52.41967565048544,12.761150240963856,0.0406001744339621
52.41967565048544,12.761292855421688,0.039967769918112475
52.41967565048544,12.761435469879519,0.039387959634080455
52.41967565048544,12.76157808433735,0.038859995932747055
52.41967565048544,12.761720698795182,0.03840129290367341
52.41967565048544,12.761863313253013,0.03799166596988932
52.41967565048544,12.762005927710844,0.0376376951784123
52.41967565048544,12.762148542168676,0.03734944624641764
52.41967565048544,12.762291156626507,0.03711564229195319
52.41967565048544,12.762433771084337,0.036938865703908474
52.41967565048544,12.76257638554217,0.036814669063668086
52.41967565048544,12.762719,0.03675182713513584
52.41976838834952,12.750882,0.12085143336772977
52.41976838834952,12.751024614457831,0.12079456906311703
52.41976838834952,12.751167228915664,0.12067537890237542
52.41976838834952,12.751309843373495,0.12049967792668595
52.41976838834952,12.751452457831325,0.12026241996139585
52.41976838834952,12.751595072289158,0.11996782381604243
52.41976838834952,12.751737686746988,0.11961577573616075
52.41976838834952,12.75188030120482,0.11920406627540388
52.41976838834952,12.752022915662652,0.11873061811127866
52.41976838834952,12.752165530120482,0.11820359306278504
52.41976838834952,12.752308144578313,0.11762435080507845
52.41976838834952,12.752450759036146,0.11698382212398327
52.41976838834952,12.752593373493976,0.1162948399393798
52.41976838834952,12.752735987951809,0.11555399612950412
52.41976838834952,12.75287860240964,0.11475143432639359
52.41976838834952,12.75302121686747,0.11390536506435213
52.41976838834952,12.753163831325303,0.11301500889264685
52.41976838834952,12.753306445783133,0.1120714111377131
52.41976838834952,12.753449060240964,0.11108086805383821
52.41976838834952,12.753591674698797,0.1100414202479264
52.41976838834952,12.753734289156627,0.10896001269242594
52.41976838834952,12.753876903614458,0.10783151744798536
52.41976838834952,12.75401951807229,0.106666165329824
52.41976838834952,12.754162132530121,0.1054629147608431
52.41976838834952,12.754304746987952,0.10422476643683838
52.41976838834952,12.754447361445784,0.10294479396502995
52.41976838834952,12.754589975903615,0.1016274103795529
52.41976838834952,12.754732590361446,0.10028125518651454
52.41976838834952,12.754875204819278,0.09890189658634371
52.41976838834952,12.755017819277109,0.09749562061492058
52.41976838834952,12.75516043373494,0.09606321381535832
52.41976838834952,12.755303048192772,0.09460337159153609
52.41976838834952,12.755445662650603,0.09312315871790801
52.41976838834952,12.755588277108435,0.09162180998721224
52.41976838834952,12.755730891566266,0.09009757915642677
52.41976838834952,12.755873506024097,0.08855773761285772
52.41976838834952,12.75601612048193,0.08700481546164837
52.41976838834952,12.75615873493976,0.08544113523915847
52.41976838834952,12.75630134939759,0.08386154516023124
52.41976838834952,12.756443963855423,0.08226987971632957
52.41976838834952,12.756586578313254,0.08067790496540862
52.41976838834952,12.756729192771084,0.0790889215311075
52.41976838834952,12.756871807228917,0.07749132062892225
52.41976838834952,12.757014421686748,0.07589598326200404
52.41976838834952,12.757157036144578,0.0743068497786273
52.41976838834952,12.75729965060241,0.07272389251770167
52.41976838834952,12.757442265060241,0.07114480260561491
52.41976838834952,12.757584879518072,0.06957662662584142
52.41976838834952,12.757727493975905,0.06801770338111154
52.41976838834952,12.757870108433735,0.06647807961532748
52.41976838834952,12.758012722891566,0.06494924715915383
52.41976838834952,12.758155337349399,0.06344070969819467
52.41976838834952,12.75829795180723,0.06195850102716869
52.41976838834952,12.758440566265062,0.06049067389428494
52.41976838834952,12.758583180722892,0.05905159981804008
52.41976838834952,12.758725795180723,0.05763951549192016
52.41976838834952,12.758868409638556,0.05625400272822177
52.41976838834952,12.759011024096386,0.054896474851809735
52.41976838834952,12.759153638554217,0.05357422952195916
52.41976838834952,12.75929625301205,0.052290615301944225
52.41976838834952,12.75943886746988,0.051044388779990624
52.41976838834952,12.759581481927711,0.049829950432454355
52.41976838834952,12.759724096385543,0.04866285374460555
52.41976838834952,12.759866710843374,0.04753106059086941
52.41976838834952,12.760009325301205,0.046444179866783605
52.41976838834952,12.760151939759037,0.045402728398700715
52.41976838834952,12.760294554216868,0.04440612405144681
52.41976838834952,12.760437168674699,0.04345662415707999
52.41976838834952,12.760579783132531,0.04255333530531818
52.41976838834952,12.760722397590362,0.041699552371981564
52.41976838834952,12.760865012048193,0.040898381122529644
52.41976838834952,12.761007626506025,0.04014621671501194
52.41976838834952,12.761150240963856,0.03944857446721194
52.41976838834952,12.761292855421688,0.038809656911361595
52.41976838834952,12.761435469879519,0.038223865755396984
52.41976838834952,12.76157808433735,0.037690456534231476
52.41976838834952,12.761720698795182,0.03722703564778846
52.41976838834952,12.761863313253013,0.0368131719555291
52.41976838834952,12.762005927710844,0.036455630899214095
52.41976838834952,12.762148542168676,0.036164379308513794
52.41976838834952,12.762291156626507,0.0359281710576693
52.41976838834952,12.762433771084337,0.035749551579142336
52.41976838834952,12.76257638554217,0.03562405944616283
52.41976838834952,12.762719,0.03556056899988098
52.41986112621359,12.750882,0.12055508823874032
52.41986112621359,12.751024614457831,0.1204975941557412
52.41986112621359,12.751167228915664,0.12037723675887584
52.41986112621359,12.751309843373495,0.12019972964171236
52.41986112621359,12.751452457831325,0.11996000169587202
52.41986112621359,12.751595072289158,0.11966235817900292
52.41986112621359,12.751737686746988,0.11930661724781605
52.41986112621359,12.75188030120482,0.11889068084429656
52.41986112621359,12.752022915662652,0.11841241325382203
52.41986112621359,12.752165530120482,0.11787991438052255
52.41986112621359,12.752308144578313,0.11729473284295247
52.41986112621359,12.752450759036146,0.11664755901260725
52.41986112621359,12.752593373493976,0.11595144992142656
52.41986112621359,12.752735987951809,0.11520294165840718
52.41986112621359,12.75287860240964,0.11439214371042622
52.41986112621359,12.75302121686747,0.11353732981394214
52.41986112621359,12.753163831325303,0.11263779707313971
52.41986112621359,12.753306445783133,0.11168452610587173
52.41986112621359,12.753449060240964,0.1106837392174169
52.41986112621359,12.753591674698797,0.10963357806776339
52.41986112621359,12.753734289156627,0.10854099062119006
52.41986112621359,12.753876903614458,0.1074008948986464
52.41986112621359,12.75401951807229,0.10622357944515644
52.41986112621359,12.754162132530121,0.10500798241298247
52.41986112621359,12.754304746987952,0.1037570623880324
52.41986112621359,12.754447361445784,0.10246405594826924
52.41986112621359,12.754589975903615,0.10113317118050873
52.41986112621359,12.754732590361446,0.09977327039130904
52.41986112621359,12.754875204819278,0.09837975162014617
52.41986112621359,12.755017819277109,0.09695901636473177
52.41986112621359,12.75516043373494,0.09551194160014782
52.41986112621359,12.755303048192772,0.09403717755148375
52.41986112621359,12.755445662650603,0.09254182007176882
52.41986112621359,12.755588277108435,0.09102520836830613
52.41986112621359,12.755730891566266,0.0894854395188991
52.41986112621359,12.755873506024097,0.08792991527915622
52.41986112621359,12.75601612048193,0.08636115728233228
52.41986112621359,12.75615873493976,0.08478152298967906
52.41986112621359,12.75630134939759,0.08318592566249283
52.41986112621359,12.756443963855423,0.0815781674064128
52.41986112621359,12.756586578313254,0.07997006058247791
52.41986112621359,12.756729192771084,0.07836491002793895
52.41986112621359,12.756871807228917,0.07675111386128128
52.41986112621359,12.757014421686748,0.07513961851144935
52.41986112621359,12.757157036144578,0.07353433189724333
52.41986112621359,12.75729965060241,0.07193531499830985
52.41986112621359,12.757442265060241,0.07034024445082679
52.41986112621359,12.757584879518072,0.06875617709027453
52.41986112621359,12.757727493975905,0.06718149900723344
52.41986112621359,12.757870108433735,0.06562634173015963
52.41986112621359,12.758012722891566,0.0640820856957352
52.41986112621359,12.758155337349399,0.06255829432431444
52.41986112621359,12.75829795180723,0.0610610905472164
52.41986112621359,12.758440566265062,0.05957850263526604
52.41986112621359,12.758583180722892,0.05812494003454404
52.41986112621359,12.758725795180723,0.05669867578297284
52.41986112621359,12.758868409638556,0.05529921209934759
52.41986112621359,12.759011024096386,0.053928121336959636
52.41986112621359,12.759153638554217,0.05259263738056721
52.41986112621359,12.75929625301205,0.05129606184801149
52.41986112621359,12.75943886746988,0.050037271115740176
52.41986112621359,12.759581481927711,0.04881062320741996
52.41986112621359,12.759724096385543,0.04763181802237796
52.41986112621359,12.759866710843374,0.046488729702882405
52.41986112621359,12.760009325301205,0.04539097010551208
52.41986112621359,12.760151939759037,0.04433908531760503
52.41986112621359,12.760294554216868,0.043332505299684555
52.41986112621359,12.760437168674699,0.042373515036132514
52.41986112621359,12.760579783132531,0.041461199347719864
52.41986112621359,12.760722397590362,0.040598914299090266
52.41986112621359,12.760865012048193,0.03978981131240332
52.41986112621359,12.761007626506025,0.03903019188852905
52.41986112621359,12.761150240963856,0.03832563678032709
52.41986112621359,12.761292855421688,0.037680350993268275
52.41986112621359,12.761435469879519,0.037088711512734615
52.41986112621359,12.76157808433735,0.03654997747772355
52.41986112621359,12.761720698795182,0.03608194386110254
52.41986112621359,12.761863313253013,0.035663937692377926
52.41986112621359,12.762005927710844,0.03530290620729834
52.41986112621359,12.762148542168676,0.035008718744502024
52.41986112621359,12.762291156626507,0.03477015965039264
52.41986112621359,12.762433771084337,0.03458973811360086
52.41986112621359,12.76257638554217,0.03446297887615202
52.41986112621359,12.762719,0.03439885411916177
52.41995386407767,12.750882,0.12026962413901307
52.41995386407767,12.751024614457831,0.120211514664055
52.41995386407767,12.751167228915664,0.12009001744289678
52.41995386407767,12.751309843373495,0.1199107465389557
52.41995386407767,12.751452457831325,0.11966860642727643
52.41995386407767,12.751595072289158,0.11936798630898288
52.41995386407767,12.751737686746988,0.11900863907720266
52.41995386407767,12.75188030120482,0.11858857460256304
52.41995386407767,12.752022915662652,0.11810560022735345
52.41995386407767,12.752165530120482,0.11756775494300563
52.41995386407767,12.752308144578313,0.11697677280758075
52.41995386407767,12.752450759036146,0.11632310871366763
52.41995386407767,12.752593373493976,0.11562003894239299
52.41995386407767,12.752735987951809,0.1148640449293984
52.41995386407767,12.75287860240964,0.11404520272002955
52.41995386407767,12.75302121686747,0.11318184796891356
52.41995386407767,12.753163831325303,0.11227335270334737
52.41995386407767,12.753306445783133,0.11131063442218671
52.41995386407767,12.753449060240964,0.11029984265512804
52.41995386407767,12.753591674698797,0.10923921825714651
52.41995386407767,12.753734289156627,0.10813571145201054
52.41995386407767,12.753876903614458,0.10698428617605618
52.41995386407767,12.75401951807229,0.10579528677467501
52.41995386407767,12.754162132530121,0.10456763165153297
52.41995386407767,12.754304746987952,0.10330423846856962
52.41995386407767,12.754447361445784,0.10199850262994783
52.41995386407767,12.754589975903615,0.10065443192177774
52.41995386407767,12.754732590361446,0.09928110668450389
52.41995386407767,12.754875204819278,0.09787375817001605
52.41995386407767,12.755017819277109,0.09643890141579488
52.41995386407767,12.75516043373494,0.0949775018072216
52.41995386407767,12.755303048192772,0.09348816480795263
52.41995386407767,12.755445662650603,0.091978016482454
52.41995386407767,12.755588277108435,0.09044649877999753
52.41995386407767,12.755730891566266,0.08889155513873825
52.41995386407767,12.755873506024097,0.0873207148958922
52.41995386407767,12.75601612048193,0.08573649155218338
52.41995386407767,12.75615873493976,0.08414127616396291
52.41995386407767,12.75630134939759,0.08253004618391101
52.41995386407767,12.756443963855423,0.08090657172179239
52.41995386407767,12.756586578313254,0.07928271031934402
52.41995386407767,12.756729192771084,0.07766177085937016
52.41995386407767,12.756871807228917,0.0760321585516322
52.41995386407767,12.757014421686748,0.07440488336113052
52.41995386407767,12.757157036144578,0.0727838217030842
52.41995386407767,12.75729965060241,0.07116912137336347
52.41995386407767,12.757442265060241,0.06955844428204087
52.41995386407767,12.757584879518072,0.06795885799546957
52.41995386407767,12.757727493975905,0.06636879423733007
52.41995386407767,12.757870108433735,0.06479846730935016
52.41995386407767,12.758012722891566,0.06323914922325992
52.41995386407767,12.758155337349399,0.061700461274841654
52.41995386407767,12.75829795180723,0.060188613827437516
52.41995386407767,12.758440566265062,0.05869161119560369
52.41995386407767,12.758583180722892,0.05722389942140919
52.41995386407767,12.758725795180723,0.055783788088992425
52.41995386407767,12.758868409638556,0.05437070050369037
52.41995386407767,12.759011024096386,0.05298636524352798
52.41995386407767,12.759153638554217,0.05163795360335054
52.41995386407767,12.75929625301205,0.05032872084476984
52.41995386407767,12.75943886746988,0.049057660212730496
52.41995386407767,12.759581481927711,0.04781908912375988
52.41995386407767,12.759724096385543,0.04662885042590769
52.41995386407767,12.759866710843374,0.045474732177066046
52.41995386407767,12.760009325301205,0.04436634907359473
52.41995386407767,12.760151939759037,0.04330427593480792
52.41995386407767,12.760294554216868,0.042287954618695604
52.41995386407767,12.760437168674699,0.04131969701373844
52.41995386407767,12.760579783132531,0.040398566117004465
52.41995386407767,12.760722397590362,0.039527978106433416
52.41995386407767,12.760865012048193,0.03871113000625515
52.41995386407767,12.761007626506025,0.03794423030961988
52.41995386407767,12.761150240963856,0.037232924637210695
52.41995386407767,12.761292855421688,0.03658142050344812
52.41995386407767,12.761435469879519,0.03598407010784288
52.41995386407767,12.76157808433735,0.03544013618594147
52.41995386407767,12.761720698795182,0.034967598039124394
52.41995386407767,12.761863313253013,0.03454554652374566
52.41995386407767,12.762005927710844,0.034181106759784016
52.41995386407767,12.762148542168676,0.03388405305886924
52.41995386407767,12.762291156626507,0.03364319877408932
52.41995386407767,12.762433771084337,0.03346101776277016
52.41995386407767,12.76257638554217,0.033333021300921764
52.41995386407767,12.762719,0.03326827714865946
52.42004660194175,12.750882,0.11998915030210591
52.42004660194175,12.751024614457831,0.11993044167442228
52.42004660194175,12.751167228915664,0.1198078349757825
52.42004660194175,12.751309843373495,0.11962684751967095
52.42004660194175,12.751452457831325,0.11938235954388168
52.42004660194175,12.751595072289158,0.1190788422655884
52.42004660194175,12.751737686746988,0.11871598473869133
52.42004660194175,12.75188030120482,0.1182919022583228
52.42004660194175,12.752022915662652,0.11780434642263808
52.42004660194175,12.752165530120482,0.11726129712463428
52.42004660194175,12.752308144578313,0.11666466936655191
52.42004660194175,12.752450759036146,0.11600468772998276
52.42004660194175,12.752593373493976,0.11529484257287596
52.42004660194175,12.752735987951809,0.11453156242485855
52.42004660194175,12.75287860240964,0.11370489045857274
52.42004660194175,12.75302121686747,0.11283322302384503
52.42004660194175,12.753163831325303,0.11191600457131026
52.42004660194175,12.753306445783133,0.11094409155759224
52.42004660194175,12.753449060240964,0.10992356201489285
52.42004660194175,12.753591674698797,0.10885275341951886
52.42004660194175,12.753734289156627,0.10773861865739234
52.42004660194175,12.753876903614458,0.10657616579348143
52.42004660194175,12.75401951807229,0.10537579391566126
52.42004660194175,12.754162132530121,0.10413640269717629
52.42004660194175,12.754304746987952,0.10286086979827586
52.42004660194175,12.754447361445784,0.10154274517831877
52.42004660194175,12.754589975903615,0.10018584053315054
52.42004660194175,12.754732590361446,0.09879944971319647
52.42004660194175,12.754875204819278,0.09737864077349002
52.42004660194175,12.755017819277109,0.09593003934051926
52.42004660194175,12.75516043373494,0.09445469774541589
52.42004660194175,12.755303048192772,0.09295117748391035
52.42004660194175,12.755445662650603,0.09142663360583554
52.42004660194175,12.755588277108435,0.08988060869152739
52.42004660194175,12.755730891566266,0.08831089605317619
52.42004660194175,12.755873506024097,0.08672514923334622
52.42004660194175,12.75601612048193,0.0851258740027765
52.42004660194175,12.75615873493976,0.08351549450958726
52.42004660194175,12.75630134939759,0.08188904993793471
52.42004660194175,12.756443963855423,0.080250279653997
52.42004660194175,12.756586578313254,0.07861108516743526
52.42004660194175,12.756729192771084,0.07697477960916033
52.42004660194175,12.756871807228917,0.07532977460045627
52.42004660194175,12.757014421686748,0.07368714194780551
52.42004660194175,12.757157036144578,0.07205072760298722
52.42004660194175,12.75729965060241,0.07042076405937435
52.42004660194175,12.757442265060241,0.06879489871469625
52.42004660194175,12.757584879518072,0.06718020923757266
52.42004660194175,12.757727493975905,0.06557517216131013
52.42004660194175,12.757870108433735,0.06399008230142968
52.42004660194175,12.758012722891566,0.06241610610360038
52.42004660194175,12.758155337349399,0.060862920725797166
52.42004660194175,12.75829795180723,0.059336822378200454
52.42004660194175,12.758440566265062,0.0578257915329223
52.42004660194175,12.758583180722892,0.05634431014253167
52.42004660194175,12.758725795180723,0.054890723360263675
52.42004660194175,12.758868409638556,0.05346437707028495
52.42004660194175,12.759011024096386,0.05206715283693175
52.42004660194175,12.759153638554217,0.05070616063462917
52.42004660194175,12.75929625301205,0.04938461027731975
52.42004660194175,12.75943886746988,0.048101609195954756
52.42004660194175,12.759581481927711,0.04685143512139557
52.42004660194175,12.759724096385543,0.04565006999719459
52.42004660194175,12.759866710843374,0.04448521765327722
52.42004660194175,12.760009325301205,0.04336649644341551
52.42004660194175,12.760151939759037,0.0422945086591383
52.42004660194175,12.760294554216868,0.04126870814149269
52.42004660194175,12.760437168674699,0.04029143190218552
52.42004660194175,12.760579783132531,0.039361722321366144
52.42004660194175,12.760722397590362,0.03848305443703307
52.42004660194175,12.760865012048193,0.03765866945925665
52.42004660194175,12.761007626506025,0.036884685085012525
52.42004660194175,12.761150240963856,0.036166810416873155
52.42004660194175,12.761292855421688,0.03550925521378879
52.42004660194175,12.761435469879519,0.034906346809726665
52.42004660194175,12.76157808433735,0.034357352360991925
52.42004660194175,12.761720698795182,0.03388043141161249
52.42004660194175,12.761863313253013,0.033454443249748486
52.42004660194175,12.762005927710844,0.03308668750679062
52.42004660194175,12.762148542168676,0.03278684473715664
52.42004660194175,12.762291156626507,0.03254375668545133
52.42004660194175,12.762433771084337,0.03235986323741276
52.42004660194175,12.76257638554217,0.03223066211939962
52.42004660194175,12.762719,0.03216531513264288
52.42013933980583,12.750882,0.11972314763418881
52.42013933980583,12.751024614457831,0.1196638546191049
52.42013933980583,12.751167228915664,0.11954016637178924
52.42013933980583,12.751309843373495,0.1193575057536089
52.42013933980583,12.751452457831325,0.11911072883645028
52.42013933980583,12.751595072289158,0.11880438689248936
52.42013933980583,12.751737686746988,0.11843810696882573
52.42013933980583,12.75188030120482,0.11801010741694899
52.42013933980583,12.752022915662652,0.11751808496115665
52.42013933980583,12.752165530120482,0.11696996200418248
52.42013933980583,12.752308144578313,0.11636783026279661
52.42013933980583,12.752450759036146,0.11570168960913092
52.42013933980583,12.752593373493976,0.11498523942198491
52.42013933980583,12.752735987951809,0.11421485603854124
52.42013933980583,12.75287860240964,0.11338055029651314
52.42013933980583,12.75302121686747,0.1125007786951486
52.42013933980583,12.753163831325303,0.11157505613734212
52.42013933980583,12.753306445783133,0.11059417912248103
52.42013933980583,12.753449060240964,0.10956415639230277
52.42013933980583,12.753591674698797,0.10848341948892562
52.42013933980583,12.753734289156627,0.10735892342438187
52.42013933980583,12.753876903614458,0.10618571964619151
52.42013933980583,12.75401951807229,0.10497426070403934
52.42013933980583,12.754162132530121,0.10372342840553166
52.42013933980583,12.754304746987952,0.10243606053418754
52.42013933980583,12.754447361445784,0.10110585806777206
52.42013933980583,12.754589975903615,0.09973644161893302
52.42013933980583,12.754732590361446,0.09833731337803535
52.42013933980583,12.754875204819278,0.0969033813407057
52.42013933980583,12.755017819277109,0.09544137980779233
52.42013933980583,12.75516043373494,0.09395244631897763
52.42013933980583,12.755303048192772,0.092435098916003
52.42013933980583,12.755445662650603,0.0908965209377368
52.42013933980583,12.755588277108435,0.08933635341678066
52.42013933980583,12.755730891566266,0.08775224251367379
52.42013933980583,12.755873506024097,0.08615196367815234
52.42013933980583,12.75601612048193,0.08453801425615243
52.42013933980583,12.75615873493976,0.08291285144142561
52.42013933980583,12.75630134939759,0.08127157416404457
52.42013933980583,12.756443963855423,0.07961789231781595
52.42013933980583,12.756586578313254,0.07796374988985837
52.42013933980583,12.756729192771084,0.07631246432107128
52.42013933980583,12.756871807228917,0.07465245354566415
52.42013933980583,12.757014421686748,0.07299484939000897
52.42013933980583,12.757157036144578,0.07134346813225495
52.42013933980583,12.75729965060241,0.06969862524284791
52.42013933980583,12.757442265060241,0.06805795336447895
52.42013933980583,12.757584879518072,0.06642854025771149
52.42013933980583,12.757727493975905,0.0648089057481517
52.42013933980583,12.757870108433735,0.06320942464993973
52.42013933980583,12.758012722891566,0.061621159090311774
52.42013933980583,12.758155337349399,0.06005384023684688
52.42013933980583,12.75829795180723,0.05851384912057429
52.42013933980583,12.758440566265062,0.056989143326533875
52.42013933980583,12.758583180722892,0.05549423891735181
52.42013933980583,12.758725795180723,0.05402751522967751
52.42013933980583,12.758868409638556,0.05258824360066595
52.42013933980583,12.759011024096386,0.05117845444366336
52.42013933980583,12.759153638554217,0.04980519836204902
52.42013933980583,12.75929625301205,0.04847164003648138
52.42013933980583,12.75943886746988,0.04717699873473596
52.42013933980583,12.759581481927711,0.045915513519830836
52.42013933980583,12.759724096385543,0.04470330221305771
52.42013933980583,12.759866710843374,0.04352798570944703
52.42013933980583,12.760009325301205,0.04239918639069949
52.42013933980583,12.760151939759037,0.041317532851878315
52.42013933980583,12.760294554216868,0.040282491874545676
52.42013933980583,12.760437168674699,0.03929642372693311
52.42013933980583,12.760579783132531,0.03835835119838879
52.42013933980583,12.760722397590362,0.03747180668822288
52.42013933980583,12.760865012048193,0.03664007479649461
52.42013933980583,12.761007626506025,0.03585918400450349
52.42013933980583,12.761150240963856,0.03513490576725926
52.42013933980583,12.761292855421688,0.034471451832301415
52.42013933980583,12.761435469879519,0.03386312517696249
52.42013933980583,12.76157808433735,0.03330919727409014
52.42013933980583,12.761720698795182,0.03282800371946142
52.42013933980583,12.761863313253013,0.03239817781823106
52.42013933980583,12.762005927710844,0.03202718935070579
52.42013933980583,12.762148542168676,0.031724627956808374
52.42013933980583,12.762291156626507,0.03147936259029519
52.42013933980583,12.762433771084337,0.03129379986855721
52.42013933980583,12.76257638554217,0.031163424211872993
52.42013933980583,12.762719,0.031097489112293042
52.4202320776699,12.750882,0.11946117812391009
52.4202320776699,12.751024614457831,0.1194013192364634
52.4202320776699,12.751167228915664,0.11927658502887127
52.4202320776699,12.751309843373495,0.11909230634118856
52.4202320776699,12.751452457831325,0.1188433153750753
52.4202320776699,12.751595072289158,0.11853424167872531
52.4202320776699,12.751737686746988,0.11816465145523669
52.4202320776699,12.75188030120482,0.11773286301005638
52.4202320776699,12.752022915662652,0.11723652051823771
52.4202320776699,12.752165530120482,0.11668348961184906
52.4202320776699,12.752308144578313,0.1160760345164868
52.4202320776699,12.752450759036146,0.11540393600080175
52.4202320776699,12.752593373493976,0.11468109684206383
52.4202320776699,12.752735987951809,0.11390384270533864
52.4202320776699,12.75287860240964,0.11306215328536648
52.4202320776699,12.75302121686747,0.11217454301232303
52.4202320776699,12.753163831325303,0.11124059520900414
52.4202320776699,12.753306445783133,0.11025104818623965
52.4202320776699,12.753449060240964,0.10921184326852426
52.4202320776699,12.753591674698797,0.10812150307492828
52.4202320776699,12.753734289156627,0.1069869848109058
52.4202320776699,12.753876903614458,0.10580338256562943
52.4202320776699,12.75401951807229,0.10458120033148363
52.4202320776699,12.754162132530121,0.10331930275641155
52.4202320776699,12.754304746987952,0.10202048862451357
52.4202320776699,12.754447361445784,0.10067860560679429
52.4202320776699,12.754589975903615,0.0992970879534143
52.4202320776699,12.754732590361446,0.09788564088646454
52.4202320776699,12.754875204819278,0.0964390163997092
52.4202320776699,12.755017819277109,0.09496405452967989
52.4202320776699,12.75516043373494,0.09346197612073563
52.4202320776699,12.755303048192772,0.09193125577899622
52.4202320776699,12.755445662650603,0.09037910502224895
52.4202320776699,12.755588277108435,0.0888052608218911
52.4202320776699,12.755730891566266,0.08720722530827212
52.4202320776699,12.755873506024097,0.08559289266770118
52.4202320776699,12.75601612048193,0.08396475196160927
52.4202320776699,12.75615873493976,0.08232529234085835
52.4202320776699,12.75630134939759,0.08066967087621599
52.4202320776699,12.756443963855423,0.07900156856831682
52.4202320776699,12.756586578313254,0.07733297084884433
52.4202320776699,12.756729192771084,0.07566719917520395
52.4202320776699,12.756871807228917,0.07399267716822808
52.4202320776699,12.757014421686748,0.07232059497770453
52.4202320776699,12.757157036144578,0.07065474012011849
52.4202320776699,12.75729965060241,0.06899550828987941
52.4202320776699,12.757442265060241,0.06734051829184902
52.4202320776699,12.757584879518072,0.06569686749770574
52.4202320776699,12.757727493975905,0.06406311721356767
52.4202320776699,12.757870108433735,0.062449720177741114
52.4202320776699,12.758012722891566,0.06084763691983206
52.4202320776699,12.758155337349399,0.059266651321318795
52.4202320776699,12.75829795180723,0.057713226597132475
52.4202320776699,12.758440566265062,0.05617529736379993
52.4202320776699,12.758583180722892,0.05466741366031145
52.4202320776699,12.758725795180723,0.05318798784150884
52.4202320776699,12.758868409638556,0.051736218258871744
52.4202320776699,12.759011024096386,0.050314280297600954
52.4202320776699,12.759153638554217,0.04892916586954813
52.4202320776699,12.75929625301205,0.04758399660249269
52.4202320776699,12.75943886746988,0.046278100516882456
52.4202320776699,12.759581481927711,0.04500567814463886
52.4202320776699,12.759724096385543,0.043782980159699315
52.4202320776699,12.759866710843374,0.042597546191235805
52.4202320776699,12.760009325301205,0.04145900232180432
52.4202320776699,12.760151939759037,0.04036800309707322
52.4202320776699,12.760294554216868,0.03932402828768865
52.4202320776699,12.760437168674699,0.038329459879102266
52.4202320776699,12.760579783132531,0.037383301301116535
52.4202320776699,12.760722397590362,0.03648914121389223
52.4202320776699,12.760865012048193,0.03565030669979519
52.4202320776699,12.761007626506025,0.03486273834823242
52.4202320776699,12.761150240963856,0.03413226900304193
52.4202320776699,12.761292855421688,0.03346311224910242
52.4202320776699,12.761435469879519,0.03284954718897216
52.4202320776699,12.76157808433735,0.03229084921933297
52.4202320776699,12.761720698795182,0.031805525568105786
52.4202320776699,12.761863313253013,0.031371988948494786
52.4202320776699,12.762005927710844,0.030997875846791416
52.4202320776699,12.762148542168676,0.03069268627037241
52.4202320776699,12.762291156626507,0.030445316078995845
52.4202320776699,12.762433771084337,0.030258139583214168
52.4202320776699,12.76257638554217,0.03012662808797901
52.4202320776699,12.762719,0.030060123997185547
52.42032481553398,12.750882,0.1192167926522619
52.42032481553398,12.751024614457831,0.11915638237580507
52.42032481553398,12.751167228915664,0.11903062868635751
52.42032481553398,12.751309843373495,0.11884477309112805
52.42032481553398,12.751452457831325,0.11859362461969708
52.42032481553398,12.751595072289158,0.11828188878020923
52.42032481553398,12.751737686746988,0.11790907284728125
52.42032481553398,12.75188030120482,0.11747359252539441
52.42032481553398,12.752022915662652,0.11697303992072226
52.42032481553398,12.752165530120482,0.11641522611471508
52.42032481553398,12.752308144578313,0.11580258354526259
52.42032481553398,12.752450759036146,0.11512467938313282
52.42032481553398,12.752593373493976,0.11439561398444269
52.42032481553398,12.752735987951809,0.11361166417965407
52.42032481553398,12.75287860240964,0.1127627792654318
52.42032481553398,12.75302121686747,0.11186753021571408
52.42032481553398,12.753163831325303,0.11092556688448087
52.42032481553398,12.753306445783133,0.10992757091950417
52.42032481553398,12.753449060240964,0.10887941792030706
52.42032481553398,12.753591674698797,0.10777971978501641
52.42032481553398,12.753734289156627,0.10663543497091313
52.42032481553398,12.753876903614458,0.10544169939789667
52.42032481553398,12.75401951807229,0.10420906691124952
52.42032481553398,12.754162132530121,0.10293638610862749
52.42032481553398,12.754304746987952,0.10162641740497588
52.42032481553398,12.754447361445784,0.10027315126560477
52.42032481553398,12.754589975903615,0.09887984102923146
52.42032481553398,12.754732590361446,0.09745638887773811
52.42032481553398,12.754875204819278,0.09599739562389002
52.42032481553398,12.755017819277109,0.09450980366322295
52.42032481553398,12.75516043373494,0.09299491545967067
52.42032481553398,12.755303048192772,0.09145116332189275
52.42032481553398,12.755445662650603,0.08988578577914041
52.42032481553398,12.755588277108435,0.08829861333168537
52.42032481553398,12.755730891566266,0.08668700833857888
52.42032481553398,12.755873506024097,0.08505898025594325
52.42032481553398,12.75601612048193,0.08341701004486067
52.42032481553398,12.75615873493976,0.08176361812935586
52.42032481553398,12.75630134939759,0.08009401799966205
52.42032481553398,12.756443963855423,0.07841186279717446
52.42032481553398,12.756586578313254,0.07672917813038359
52.42032481553398,12.756729192771084,0.0750492893524596
52.42032481553398,12.756871807228917,0.0733606261917024
52.42032481553398,12.757014421686748,0.07167443475124795
52.42032481553398,12.757157036144578,0.06999447519351985
52.42032481553398,12.75729965060241,0.06832122154868207
52.42032481553398,12.757442265060241,0.06665227880041355
52.42032481553398,12.757584879518072,0.0649947532586823
52.42032481553398,12.757727493975905,0.06334724718794857
52.42032481553398,12.757870108433735,0.061720288838617215
52.42032481553398,12.758012722891566,0.06010474042881455
52.42032481553398,12.758155337349399,0.05851043646034605
52.42032481553398,12.75829795180723,0.056943920454343676
52.42032481553398,12.758440566265062,0.05539310490997433
52.42032481553398,12.758583180722892,0.053872572892713355
52.42032481553398,12.758725795180723,0.05238076880804258
52.42032481553398,12.758868409638556,0.05091681964868477
52.42032481553398,12.759011024096386,0.049483042410605575
52.42032481553398,12.759153638554217,0.04808637213678844
52.42032481553398,12.75929625301205,0.04672988791288229
52.42032481553398,12.75943886746988,0.04541302380094228
52.42032481553398,12.759581481927711,0.044129943132169606
52.42032481553398,12.759724096385543,0.0428970256176104
52.42032481553398,12.759866710843374,0.04170173183726916
52.42032481553398,12.760009325301205,0.04055369172017558
52.42032481553398,12.760151939759037,0.03945358503069267
52.42032481553398,12.760294554216868,0.0384009041966617
52.42032481553398,12.760437168674699,0.03739805207625717
52.42032481553398,12.760579783132531,0.036444013622823214
52.42032481553398,12.760722397590362,0.035542432027095845
52.42032481553398,12.760865012048193,0.034696675836627874
52.42032481553398,12.761007626506025,0.033902600113880875
52.42032481553398,12.761150240963856,0.03316609718491487
52.42032481553398,12.761292855421688,0.032491383151375765
52.42032481553398,12.761435469879519,0.03187271299844996
52.42032481553398,12.76157808433735,0.031309366616505484
52.42032481553398,12.761720698795182,0.030820017925701403
52.42032481553398,12.761863313253013,0.030382865350905102
52.42032481553398,12.762005927710844,0.030005707077171095
52.42032481553398,12.762148542168676,0.029697956478916227
52.42032481553398,12.762291156626507,0.02944853521674883
52.42032481553398,12.762433771084337,0.02925978592291005
52.42032481553398,12.76257638554217,0.029127167632054876
52.42032481553398,12.762719,0.02906010924630395
52.42041755339806,12.750882,0.1189764272802427
52.42041755339806,12.751024614457831,0.11891548532001868
52.42041755339806,12.751167228915664,0.11878874972110849
52.42041755339806,12.751309843373495,0.11860137505920638
52.42041755339806,12.751452457831325,0.11834814734601289
52.42041755339806,12.751595072289158,0.11803384557019647
52.42041755339806,12.751737686746988,0.11765792063822256
52.42041755339806,12.75188030120482,0.11721888235463021
52.42041755339806,12.752022915662652,0.11671427241445576
52.42041755339806,12.752165530120482,0.11615184833213152
52.42041755339806,12.752308144578313,0.11553420659455788
52.42041755339806,12.752450759036146,0.11485070639876904
52.42041755339806,12.752593373493976,0.11411564028473635
52.42041755339806,12.752735987951809,0.11332523753894105
52.42041755339806,12.75287860240964,0.11246941804644733
52.42041755339806,12.75302121686747,0.11156680729226053
52.42041755339806,12.753163831325303,0.11061711965873676
52.42041755339806,12.753306445783133,0.10961098159440946
52.42041755339806,12.753449060240964,0.10855420488714866
52.42041755339806,12.753591674698797,0.10744548766907322
52.42041755339806,12.753734289156627,0.1062917901905696
52.42041755339806,12.753876903614458,0.10508828871871145
52.42041755339806,12.75401951807229,0.10384558534581995
52.42041755339806,12.754162132530121,0.10256251289990999
52.42041755339806,12.754304746987952,0.10124179484311488
52.42041755339806,12.754447361445784,0.09987755961245275
52.42041755339806,12.754589975903615,0.09847288494931387
52.42041755339806,12.754732590361446,0.09703786425449963
52.42041755339806,12.754875204819278,0.09556695101705497
52.42041755339806,12.755017819277109,0.09406718747579842
52.42041755339806,12.75516043373494,0.0925399550756723
52.42041755339806,12.755303048192772,0.09098364455240701
52.42041755339806,12.755445662650603,0.08940552097128324
52.42041755339806,12.755588277108435,0.08780550562788007
52.42041755339806,12.755730891566266,0.08618082432252974
52.42041755339806,12.755873506024097,0.08453959881066968
52.42041755339806,12.75601612048193,0.082884301957423
52.42041755339806,12.75615873493976,0.08121748494354981
52.42041755339806,12.75630134939759,0.07953441521832122
52.42041755339806,12.756443963855423,0.07783871876633414
52.42041755339806,12.756586578313254,0.07614246021294466
52.42041755339806,12.756729192771084,0.0744489686637006
52.42041755339806,12.756871807228917,0.07274667944653732
52.42041755339806,12.757014421686748,0.07104689308503198
52.42041755339806,12.757157036144578,0.06935334276301418
52.42041755339806,12.75729965060241,0.06766657820315863
52.42041755339806,12.757442265060241,0.06598419128315568
52.42041755339806,12.757584879518072,0.0643132967850083
52.42041755339806,12.757727493975905,0.06265253639144389
52.42041755339806,12.757870108433735,0.061012512070956156
52.42041755339806,12.758012722891566,0.059383990115698976
52.42041755339806,12.758155337349399,0.05777685376024991
52.42041755339806,12.75829795180723,0.056197724576231206
52.42041755339806,12.758440566265062,0.054634493202526224
52.42041755339806,12.758583180722892,0.053101774817371626
52.42041755339806,12.758725795180723,0.05159804513031374
52.42041755339806,12.758868409638556,0.05012236086256794
52.42041755339806,12.759011024096386,0.0486771773995877
52.42041755339806,12.759153638554217,0.04726937349372958
52.42041755339806,12.75929625301205,0.04590198755520006
52.42041755339806,12.75943886746988,0.04457455624003365
52.42041755339806,12.759581481927711,0.043281206858355945
52.42041755339806,12.759724096385543,0.042038444170105625
52.42041755339806,12.759866710843374,0.04083365171323291
52.42041755339806,12.760009325301205,0.03967646299194722
52.42041755339806,12.760151939759037,0.03856758219537901
52.42041755339806,12.760294554216868,0.0375065143858451
52.42041755339806,12.760437168674699,0.03649568142872005
52.42041755339806,12.760579783132531,0.03553405084933978
52.42041755339806,12.760722397590362,0.034625319123958526
52.42041755339806,12.760865012048193,0.0337728953211782
52.42041755339806,12.761007626506025,0.032972550324329136
52.42041755339806,12.761150240963856,0.03223023466792896
52.42041755339806,12.761292855421688,0.03155016695420637
52.42041755339806,12.761435469879519,0.030926578720076307
52.42041755339806,12.76157808433735,0.030358753768573925
52.42041755339806,12.761720698795182,0.029865528084247285
52.42041755339806,12.761863313253013,0.029424891793137075
52.42041755339806,12.762005927710844,0.02904480053849419
52.42041755339806,12.762148542168676,0.028734582991128806
52.42041755339806,12.762291156626507,0.028483185920071114
52.42041755339806,12.762433771084337,0.02829292124328497
52.42041755339806,12.76257638554217,0.02815923589538518
52.42041755339806,12.762719,0.02809164317881675
52.42051029126214,12.750882,0.11875266767715718
52.42051029126214,12.751024614457831,0.11869121122674352
52.42051029126214,12.751167228915664,0.11856352554987007
52.42051029126214,12.751309843373495,0.11837468162998067
52.42051029126214,12.751452457831325,0.11811944266585958
52.42051029126214,12.751595072289158,0.11780265905373441
52.42051029126214,12.751737686746988,0.1174237271189564
52.42051029126214,12.75188030120482,0.11698124768447807
52.42051029126214,12.752022915662652,0.11647271330821421
52.42051029126214,12.752165530120482,0.11590582981357
52.42051029126214,12.752308144578313,0.11528335320884459
52.42051029126214,12.752450759036146,0.11459444007315107
52.42051029126214,12.752593373493976,0.11385356983826571
52.42051029126214,12.752735987951809,0.11305692567987793
52.42051029126214,12.75287860240964,0.11219439862594342
52.42051029126214,12.75302121686747,0.11128466748553578
52.42051029126214,12.753163831325303,0.1103275087554835
52.42051029126214,12.753306445783133,0.10931349563859871
52.42051029126214,12.753449060240964,0.1082483780072133
52.42051029126214,12.753591674698797,0.10713093732181551
52.42051029126214,12.753734289156627,0.10596813536879097
52.42051029126214,12.753876903614458,0.10475518809800573
52.42051029126214,12.75401951807229,0.10350274390609575
52.42051029126214,12.754162132530121,0.10220962096455702
52.42051029126214,12.754304746987952,0.10087850600124862
52.42051029126214,12.754447361445784,0.09950366132689598
52.42051029126214,12.754589975903615,0.09808799469580769
52.42051029126214,12.754732590361446,0.09664178450846395
52.42051029126214,12.754875204819278,0.09515934177408174
52.42051029126214,12.755017819277109,0.09364780527107955
52.42051029126214,12.75516043373494,0.09210863326168833
52.42051029126214,12.755303048192772,0.09054017570181447
52.42051029126214,12.755445662650603,0.08894972380433278
52.42051029126214,12.755588277108435,0.08733728646557998
52.42051029126214,12.755730891566266,0.08569995699988449
52.42051029126214,12.755873506024097,0.08404596642664218
52.42051029126214,12.75601612048193,0.08237777962614076
52.42051029126214,12.75615873493976,0.08069797734302003
52.42051029126214,12.75630134939759,0.07900187858572572
52.42051029126214,12.756443963855423,0.07729308423996345
52.42051029126214,12.756586578313254,0.07558369622610199
52.42051029126214,12.756729192771084,0.07387704745952213
52.42051029126214,12.756871807228917,0.0721615783867853
52.42051029126214,12.757014421686748,0.07044864204265913
52.42051029126214,12.757157036144578,0.06874194565629763
52.42051029126214,12.75729965060241,0.0670421126389029
52.42051029126214,12.757442265060241,0.06534672172195585
52.42051029126214,12.757584879518072,0.06366289563770654
52.42051029126214,12.757727493975905,0.06198931464633579
52.42051029126214,12.757870108433735,0.060336652112912184
52.42051029126214,12.758012722891566,0.058695581174161904
52.42051029126214,12.758155337349399,0.057076031993433925
52.42051029126214,12.75829795180723,0.05548470237443655
52.42051029126214,12.758440566265062,0.053909461457957816
52.42051029126214,12.758583180722892,0.05236495518329652
52.42051029126214,12.758725795180723,0.05084969012036024
52.42051029126214,12.758868409638556,0.0493626543266467
52.42051029126214,12.759011024096386,0.047906438079090126
52.42051029126214,12.759153638554217,0.04648786519505019
52.42051029126214,12.75929625301205,0.04510993409217127
52.42051029126214,12.75943886746988,0.043772281216493646
52.42051029126214,12.759581481927711,0.04246899872276246
52.42051029126214,12.759724096385543,0.04121671290646532
52.42051029126214,12.759866710843374,0.04000273219975677
52.42051029126214,12.760009325301205,0.03883669368116968
52.42051029126214,12.760151939759037,0.03771932539994005
52.42051029126214,12.760294554216868,0.03665014493347836
52.42051029126214,12.760437168674699,0.03563159249801519
52.42051029126214,12.760579783132531,0.03466261805197302
52.42051029126214,12.760722397590362,0.03374696999288192
52.42051029126214,12.760865012048193,0.03288809675460643
52.42051029126214,12.761007626506025,0.032081687451328195
52.42051029126214,12.761150240963856,0.03133374920705516
52.42051029126214,12.761292855421688,0.03064850316403975
52.42051029126214,12.761435469879519,0.030020157527103193
52.42051029126214,12.76157808433735,0.029447999884998875
52.42051029126214,12.761720698795182,0.028951024212784306
52.42051029126214,12.761863313253013,0.028507018034232504
52.42051029126214,12.762005927710844,0.028124089793496884
52.42051029126214,12.762148542168676,0.027811485894715902
52.42051029126214,12.762291156626507,0.027558177806678286
52.42051029126214,12.762433771084337,0.02736644755114733
52.42051029126214,12.76257638554217,0.027231730094509958
52.42051029126214,12.762719,0.027163620148087958
52.42060302912621,12.750882,0.1185395317348932
52.42060302912621,12.751024614457831,0.11847757946485657
52.42060302912621,12.751167228915664,0.1183489793900077
52.42060302912621,12.751309843373495,0.1181587212895023
52.42060302912621,12.751452457831325,0.11790154616789161
52.42060302912621,12.751595072289158,0.11758237338063067
52.42060302912621,12.751737686746988,0.1172005466654829
52.42060302912621,12.75188030120482,0.11675475438522405
52.42060302912621,12.752022915662652,0.11624244237209522
52.42060302912621,12.752165530120482,0.11567126575991604
52.42060302912621,12.752308144578313,0.11504413472890516
52.42060302912621,12.752450759036146,0.11435001068732131
52.42060302912621,12.752593373493976,0.11360355318169053
52.42060302912621,12.752735987951809,0.11280090055897218
52.42060302912621,12.75287860240964,0.11193191635660327
52.42060302912621,12.75302121686747,0.11101533047901287
52.42060302912621,12.753163831325303,0.11005097984749754
52.42060302912621,12.753306445783133,0.10902938619738738
52.42060302912621,12.753449060240964,0.10795623949449869
52.42060302912621,12.753591674698797,0.10683040156090053
52.42060302912621,12.753734289156627,0.10565883515695142
52.42060302912621,12.753876903614458,0.10443679491369381
52.42060302912621,12.75401951807229,0.1031749740167901
52.42060302912621,12.754162132530121,0.10187217641984628
52.42060302912621,12.754304746987952,0.10053105369184255
52.42060302912621,12.754447361445784,0.09914599723016239
52.42060302912621,12.754589975903615,0.09771975027399354
52.42060302912621,12.754732590361446,0.09626277002547402
52.42060302912621,12.754875204819278,0.09476922940029754
52.42060302912621,12.755017819277109,0.09324636073804478
52.42060302912621,12.75516043373494,0.09169569652070725
52.42060302912621,12.755303048192772,0.09011554730594512
52.42060302912621,12.755445662650603,0.08851322917044394
52.42060302912621,12.755588277108435,0.0868888362522872
52.42060302912621,12.755730891566266,0.08523933311769522
52.42060302912621,12.755873506024097,0.08357305644900498
52.42060302912621,12.75601612048193,0.08189246353049234
52.42060302912621,12.75615873493976,0.08020016354192465
52.42060302912621,12.75630134939759,0.07849152543263775
52.42060302912621,12.756443963855423,0.0767701258310796
52.42060302912621,12.756586578313254,0.07504810220214483
52.42060302912621,12.756729192771084,0.07332879104046418
52.42060302912621,12.756871807228917,0.07160063774987434
52.42060302912621,12.757014421686748,0.06987504613270402
52.42060302912621,12.757157036144578,0.0681556985747265
52.42060302912621,12.75729965060241,0.06644328918247053
52.42060302912621,12.757442265060241,0.06473538425930321
52.42060302912621,12.757584879518072,0.06303911413293116
52.42060302912621,12.757727493975905,0.0613531955635089
52.42060302912621,12.757870108433735,0.059688371362337754
52.42060302912621,12.758012722891566,0.05803522459201279
52.42060302912621,12.758155337349399,0.05640373089142926
52.42060302912621,12.75829795180723,0.05480066128887546
52.42060302912621,12.758440566265062,0.05321386428330402
52.42060302912621,12.758583180722892,0.05165801548966322
52.42060302912621,12.758725795180723,0.05013165068192873
52.42060302912621,12.758868409638556,0.048633692047787405
52.42060302912621,12.759011024096386,0.04716686038806956
52.42060302912621,12.759153638554217,0.0457379257039868
52.42060302912621,12.75929625301205,0.04434984809972047
52.42060302912621,12.75943886746988,0.04300236022048645
52.42060302912621,12.759581481927711,0.0416895202608766
52.42060302912621,12.759724096385543,0.04042807181041427
52.42060302912621,12.759866710843374,0.03920525092615803
52.42060302912621,12.760009325301205,0.038030697785427316
52.42060302912621,12.760151939759037,0.03690516340607072
52.42060302912621,12.760294554216868,0.035828177993787236
52.42060302912621,12.760437168674699,0.034802198459004605
52.42060302912621,12.760579783132531,0.03382615806921079
52.42060302912621,12.760722397590362,0.03290385557012795
52.42060302912621,12.760865012048193,0.03203877772625373
52.42060302912621,12.761007626506025,0.031226533589966007
52.42060302912621,12.761150240963856,0.030473186150889085
52.42060302912621,12.761292855421688,0.02978295801522211
52.42060302912621,12.761435469879519,0.029150035093700226
52.42060302912621,12.76157808433735,0.028573709071255882
52.42060302912621,12.761720698795182,0.028073125953574214
52.42060302912621,12.761863313253013,0.02762587757974997
52.42060302912621,12.762005927710844,0.02724022048130229
52.42060302912621,12.762148542168676,0.02692532108264783
52.42060302912621,12.762291156626507,0.026670174653973883
52.42060302912621,12.762433771084337,0.02647703422340152
52.42060302912621,12.76257638554217,0.02634132324457806
52.42060302912621,12.762719,0.02627271539494712
52.42069576699029,12.750882,0.1183315534996407
52.42069576699029,12.751024614457831,0.11826912319193454
52.42069576699029,12.751167228915664,0.11813964151933322
52.42069576699029,12.751309843373495,0.11794801966668986
52.42069576699029,12.751452457831325,0.11768897751633331
52.42069576699029,12.751595072289158,0.11736750068491937
52.42069576699029,12.751737686746988,0.11698288194966053
52.42069576699029,12.75188030120482,0.11653389482330441
52.42069576699029,12.752022915662652,0.11601793933601873
52.42069576699029,12.752165530120482,0.11544262204220254
52.42069576699029,12.752308144578313,0.11481100245740479
52.42069576699029,12.752450759036146,0.11411185266599254
52.42069576699029,12.752593373493976,0.11336000659437775
52.42069576699029,12.752735987951809,0.1125515592186038
52.42069576699029,12.75287860240964,0.11167634767717177
52.42069576699029,12.75302121686747,0.11075315088370678
52.42069576699029,12.753163831325303,0.10978186485864667
52.42069576699029,12.753306445783133,0.10875296047218479
52.42069576699029,12.753449060240964,0.1076720700463104
52.42069576699029,12.753591674698797,0.10653813335978596
52.42069576699029,12.753734289156627,0.10535811438289291
52.42069576699029,12.753876903614458,0.10412730473166795
52.42069576699029,12.75401951807229,0.10285644038540842
52.42069576699029,12.754162132530121,0.10154431217225854
52.42069576699029,12.754304746987952,0.10019353785869398
52.42069576699029,12.754447361445784,0.09879863274102413
52.42069576699029,12.754589975903615,0.09736218124986053
52.42069576699029,12.754732590361446,0.09589481372739111
52.42069576699029,12.754875204819278,0.09439056924592806
52.42069576699029,12.755017819277109,0.09285677072686933
52.42069576699029,12.75516043373494,0.09129502288743026
52.42069576699029,12.755303048192772,0.08970359781529166
52.42069576699029,12.755445662650603,0.08808983514802038
52.42069576699029,12.755588277108435,0.0864539114379337
52.42069576699029,12.755730891566266,0.08479266705635306
52.42069576699029,12.755873506024097,0.08311454086037919
52.42069576699029,12.75601612048193,0.08142198256030746
52.42069576699029,12.75615873493976,0.07971762859268271
52.42069576699029,12.75630134939759,0.07799689665117342
52.42069576699029,12.756443963855423,0.07626333923120555
52.42069576699029,12.756586578313254,0.07452912865754197
52.42069576699029,12.756729192771084,0.07279760475430956
52.42069576699029,12.756871807228917,0.07105721758574485
52.42069576699029,12.757014421686748,0.06931941997041341
52.42069576699029,12.757157036144578,0.06758787048652726
52.42069576699029,12.75729965060241,0.0658633313183048
52.42069576699029,12.757442265060241,0.06414335653180406
52.42069576699029,12.757584879518072,0.062435083775864736
52.42069576699029,12.757727493975905,0.060737265524757195
52.42069576699029,12.757870108433735,0.05906071173321628
52.42069576699029,12.758012722891566,0.05739591763829875
52.42069576699029,12.758155337349399,0.05575290280071469
52.42069576699029,12.75829795180723,0.054138509381782204
52.42069576699029,12.758440566265062,0.052540566173066426
52.42069576699029,12.758583180722892,0.050973777162106604
52.42069576699029,12.758725795180723,0.04943670655974885
52.42069576699029,12.758868409638556,0.047928212227610914
52.42069576699029,12.759011024096386,0.046451141382148994
52.42069576699029,12.759153638554217,0.04501221221136059
52.42069576699029,12.75929625301205,0.04361434776077441
52.42069576699029,12.75943886746988,0.042257373482294386
52.42069576699029,12.759581481927711,0.040935314935087445
52.42069576699029,12.759724096385543,0.039665028545466066
52.42069576699029,12.759866710843374,0.03843368077278311
52.42069576699029,12.760009325301205,0.03725091485662374
52.42069576699029,12.760151939759037,0.036117503846046436
52.42069576699029,12.760294554216868,0.03503299009896719
52.42069576699029,12.760437168674699,0.033999846629932266
52.42069576699029,12.760579783132531,0.03301699047409636
52.42069576699029,12.760722397590362,0.03208826915509638
52.42069576699029,12.760865012048193,0.031217206402073993
52.42069576699029,12.761007626506025,0.030399334423664506
52.42069576699029,12.761150240963856,0.02964076966627696
52.42069576699029,12.761292855421688,0.02894573618849625
52.42069576699029,12.761435469879519,0.028308397942352126
52.42069576699029,12.76157808433735,0.02772805093930099
52.42069576699029,12.761720698795182,0.027223988187385445
52.42069576699029,12.761863313253013,0.02677361233077631
52.42069576699029,12.762005927710844,0.026385323021875923
52.42069576699029,12.762148542168676,0.02606820948159964
52.42069576699029,12.762291156626507,0.02581128994744688
52.42069576699029,12.762433771084337,0.025616788888864185
52.42069576699029,12.76257638554217,0.02548011959355976
52.42069576699029,12.762719,0.025411031607237972
52.42078850485437,12.750882,0.11812473882655714
52.42078850485437,12.751024614457831,0.1180618503714502
52.42078850485437,12.751167228915664,0.11793152473674719
52.42078850485437,12.751309843373495,0.11773859742009381
52.42078850485437,12.751452457831325,0.1174777672354015
52.42078850485437,12.751595072289158,0.1171540841375315
52.42078850485437,12.751737686746988,0.1167667918562719
52.42078850485437,12.75188030120482,0.11631474550520629
52.42078850485437,12.752022915662652,0.1157953012297589
52.42078850485437,12.752165530120482,0.1152160189026281
52.42078850485437,12.752308144578313,0.11458010153102492
52.42078850485437,12.752450759036146,0.11387613929017219
52.42078850485437,12.752593373493976,0.11311913338316132
52.42078850485437,12.752735987951809,0.11230513736189013
52.42078850485437,12.75287860240964,0.11142396272101551
52.42078850485437,12.75302121686747,0.11049443588064801
52.42078850485437,12.753163831325303,0.10951650885094763
52.42078850485437,12.753306445783133,0.10848060481789863
52.42078850485437,12.753449060240964,0.10739229972474572
52.42078850485437,12.753591674698797,0.10625060838593264
52.42078850485437,12.753734289156627,0.10506249571660599
52.42078850485437,12.753876903614458,0.10382328908738958
52.42078850485437,12.75401951807229,0.10254376580198793
52.42078850485437,12.754162132530121,0.10122270430218824
52.42078850485437,12.754304746987952,0.09986268880859872
52.42078850485437,12.754447361445784,0.09845835465115343
52.42078850485437,12.754589975903615,0.09701213294918042
52.42078850485437,12.754732590361446,0.0955348205368622
52.42078850485437,12.754875204819278,0.09402032759646368
52.42078850485437,12.755017819277109,0.09247606417342806
52.42078850485437,12.75516043373494,0.0909037049070207
52.42078850485437,12.755303048192772,0.08930148408581187
52.42078850485437,12.755445662650603,0.08767676453052943
52.42078850485437,12.755588277108435,0.08602980207859363
52.42078850485437,12.755730891566266,0.08435731702907548
52.42078850485437,12.755873506024097,0.08266784653940151
52.42078850485437,12.75601612048193,0.08096383295011869
52.42078850485437,12.75615873493976,0.07924793943753328
52.42078850485437,12.75630134939759,0.0775156297797501
52.42078850485437,12.756443963855423,0.07577043382255846
52.42078850485437,12.756586578313254,0.07402455671681364
52.42078850485437,12.756729192771084,0.07228134187176787
52.42078850485437,12.756871807228917,0.07052924381935224
52.42078850485437,12.757014421686748,0.06877976191525403
52.42078850485437,12.757157036144578,0.06703653191772609
52.42078850485437,12.75729965060241,0.06530038160852579
52.42078850485437,12.757442265060241,0.06356885336429335
52.42078850485437,12.757584879518072,0.061849091471053365
52.42078850485437,12.757727493975905,0.06013988251301233
52.42078850485437,12.757870108433735,0.058452101520416716
52.42078850485437,12.758012722891566,0.056776158975101194
52.42078850485437,12.758155337349399,0.05512211667610119
52.42078850485437,12.75829795180723,0.05349688502745755
52.42078850485437,12.758440566265062,0.05188827323738419
52.42078850485437,12.758583180722892,0.050311013420602575
52.42078850485437,12.758725795180723,0.04876369597049782
52.42078850485437,12.758868409638556,0.04724511761645111
52.42078850485437,12.759011024096386,0.04575824696241969
52.42078850485437,12.759153638554217,0.044309752169700976
52.42078850485437,12.75929625301205,0.04290252052144382
52.42078850485437,12.75943886746988,0.041536466900585156
52.42078850485437,12.759581481927711,0.040205585232991954
52.42078850485437,12.759724096385543,0.03892684079163409
52.42078850485437,12.759866710843374,0.03768733229868761
52.42078850485437,12.760009325301205,0.03649670655337013
52.42078850485437,12.760151939759037,0.03535575695229383
52.42078850485437,12.760294554216868,0.034264038892998214
52.42078850485437,12.760437168674699,0.03322403919770896
52.42078850485437,12.760579783132531,0.03223465991159848
52.42078850485437,12.760722397590362,0.03129979571503797
52.42078850485437,12.760865012048193,0.030423005895030213
52.42078850485437,12.761007626506025,0.02959974807544311
52.42078850485437,12.761150240963856,0.02883619020123256
52.42078850485437,12.761292855421688,0.0281365583094656
52.42078850485437,12.761435469879519,0.02749499447823162
52.42078850485437,12.76157808433735,0.026910799186600956
52.42078850485437,12.761720698795182,0.026403407015075382
52.42078850485437,12.761863313253013,0.025950038230021448
52.42078850485437,12.762005927710844,0.025559230609496518
52.42078850485437,12.762148542168676,0.025239998499845477
52.42078850485437,12.762291156626507,0.024981382370087922
52.42078850485437,12.762433771084337,0.024785579542632635
52.42078850485437,12.76257638554217,0.024647992357874793
52.42078850485437,12.762719,0.024578444462484004
52.420881242718444,12.750882,0.11793596086985712
52.420881242718444,12.751024614457831,0.11787263301082565
52.420881242718444,12.751167228915664,0.11774149814735274
52.420881242718444,12.751309843373495,0.11754731948371046
52.420881242718444,12.751452457831325,0.11728477527395045
52.420881242718444,12.751595072289158,0.11695897736676181
52.420881242718444,12.751737686746988,0.11656912236033695
52.420881242718444,12.75188030120482,0.11611414387491766
52.420881242718444,12.752022915662652,0.1155913556829474
52.420881242718444,12.752165530120482,0.11500827239962415
52.420881242718444,12.752308144578313,0.11436823557830385
52.420881242718444,12.752450759036146,0.11365966023467045
52.420881242718444,12.752593373493976,0.11289770830450505
52.420881242718444,12.752735987951809,0.11207839365178432
52.420881242718444,12.75287860240964,0.11119150297085224
52.420881242718444,12.75302121686747,0.11025590859113009
52.420881242718444,12.753163831325303,0.10927161621304188
52.420881242718444,12.753306445783133,0.10822900244628968
52.420881242718444,12.753449060240964,0.1071335902057998
52.420881242718444,12.753591674698797,0.105984465775045
52.420881242718444,12.753734289156627,0.10478859499166777
52.420881242718444,12.753876903614458,0.10354133928296377
52.420881242718444,12.75401951807229,0.1022535157447832
52.420881242718444,12.754162132530121,0.1009238913993692
52.420881242718444,12.754304746987952,0.09955501839394433
52.420881242718444,12.754447361445784,0.09814164648197995
52.420881242718444,12.754589975903615,0.09668605979517408
52.420881242718444,12.754732590361446,0.09519921516567535
52.420881242718444,12.754875204819278,0.09367489879676477
52.420881242718444,12.755017819277109,0.09212060439726853
52.420881242718444,12.75516043373494,0.09053807399055853
52.420881242718444,12.755303048192772,0.08892550525421417
52.420881242718444,12.755445662650603,0.08729028310859117
52.420881242718444,12.755588277108435,0.08563274007961652
52.420881242718444,12.755730891566266,0.0839494806859135
52.420881242718444,12.755873506024097,0.08224913671021644
52.420881242718444,12.75601612048193,0.08053414316582044
52.420881242718444,12.75615873493976,0.07880718903417454
52.420881242718444,12.75630134939759,0.07706378202699923
52.420881242718444,12.756443963855423,0.07530743029868185
52.420881242718444,12.756586578313254,0.07355037069112311
52.420881242718444,12.756729192771084,0.07179595002497823
52.420881242718444,12.756871807228917,0.07003262702144966
52.420881242718444,12.757014421686748,0.06827194565461246
52.420881242718444,12.757157036144578,0.06651751962440144
52.420881242718444,12.75729965060241,0.0647702402293062
52.420881242718444,12.757442265060241,0.06302763807925466
52.420881242718444,12.757584879518072,0.061296863825613376
52.420881242718444,12.757727493975905,0.05957673675666704
52.420881242718444,12.757870108433735,0.057878194593946455
52.420881242718444,12.758012722891566,0.056191566309153396
52.420881242718444,12.758155337349399,0.05452695367203886
52.420881242718444,12.75829795180723,0.052891333493728376
52.420881242718444,12.758440566265062,0.05127249594941627
52.420881242718444,12.758583180722892,0.04968519981022895
52.420881242718444,12.758725795180723,0.04812806107992612
52.420881242718444,12.758868409638556,0.046599816926722
52.420881242718444,12.759011024096386,0.0451035535038774
52.420881242718444,12.759153638554217,0.04364589044310855
52.420881242718444,12.75929625301205,0.04222968026728394
52.420881242718444,12.75943886746988,0.04085492443181744
52.420881242718444,12.759581481927711,0.03951558588244619
52.420881242718444,12.759724096385543,0.0382287346370922
52.420881242718444,12.759866710843374,0.03698140388084375
52.420881242718444,12.760009325301205,0.03578324439463096
52.420881242718444,12.760151939759037,0.03463506919181347
52.420881242718444,12.760294554216868,0.033536446074794876
52.420881242718444,12.760437168674699,0.0324898749537459
52.420881242718444,12.760579783132531,0.031494243513378484
52.420881242718444,12.760722397590362,0.030553491629891086
52.420881242718444,12.760865012048193,0.029671212897325522
52.420881242718444,12.761007626506025,0.028842792663827402
52.420881242718444,12.761150240963856,0.028074448971552216
52.420881242718444,12.761292855421688,0.02737040961832
52.420881242718444,12.761435469879519,0.02672479553518712
52.420881242718444,12.76157808433735,0.02613691168912748
52.420881242718444,12.761720698795182,0.02562632854593753
52.420881242718444,12.761863313253013,0.025170091275950074
52.420881242718444,12.762005927710844,0.0247768700185863
52.420881242718444,12.762148542168676,0.024455607505812146
52.420881242718444,12.762291156626507,0.02419536522908499
52.420881242718444,12.762433771084337,0.023998314301298198
52.420881242718444,12.76257638554217,0.023859847415565252
52.420881242718444,12.762719,0.023789858629972644
52.420973980582524,12.750882,0.11775768375202694
52.420973980582524,12.751024614457831,0.11769393519474461
52.420973980582524,12.751167228915664,0.11756202604033199
52.420973980582524,12.751309843373495,0.11736664980411628
52.420973980582524,12.751452457831325,0.1171024653442944
52.420973980582524,12.751595072289158,0.11677464328443203
52.420973980582524,12.751737686746988,0.11638233532584527
52.420973980582524,12.75188030120482,0.11592455041523589
52.420973980582524,12.752022915662652,0.11539856141539988
52.420973980582524,12.752165530120482,0.11481184017707986
52.420973980582524,12.752308144578313,0.11416786060178358
52.420973980582524,12.752450759036146,0.11345486996953884
52.420973980582524,12.752593373493976,0.11268818427828081
52.420973980582524,12.752735987951809,0.11186377884259364
52.420973980582524,12.75287860240964,0.1109714170151599
52.420973980582524,12.75302121686747,0.11003001523977045
52.420973980582524,12.753163831325303,0.1090396306019172
52.420973980582524,12.753306445783133,0.10799059531386618
52.420973980582524,12.753449060240964,0.10688838076786669
52.420973980582524,12.753591674698797,0.10573214189199233
52.420973980582524,12.753734289156627,0.10452884561496018
52.420973980582524,12.753876903614458,0.10327388627298621
52.420973980582524,12.75401951807229,0.10197811895027224
52.420973980582524,12.754162132530121,0.10064029938892366
52.420973980582524,12.754304746987952,0.09926294900171538
52.420973980582524,12.754447361445784,0.09784092715658893
52.420973980582524,12.754589975903615,0.09637637754226731
52.420973980582524,12.754732590361446,0.09488040983318188
52.420973980582524,12.754875204819278,0.09334669141225861
52.420973980582524,12.755017819277109,0.09178279632508532
52.420973980582524,12.75516043373494,0.09019053147277982
52.420973980582524,12.755303048192772,0.0885680591982639
52.420973980582524,12.755445662650603,0.08692278554573753
52.420973980582524,12.755588277108435,0.08525511648610594
52.420973980582524,12.755730891566266,0.08356154547273513
52.420973980582524,12.755873506024097,0.08185079484961168
52.420973980582524,12.75601612048193,0.08012529287825348
52.420973980582524,12.75615873493976,0.07838775280767067
52.420973980582524,12.75630134939759,0.07663372488160652
52.420973980582524,12.756443963855423,0.07486669650428483
52.420973980582524,12.756586578313254,0.07309893481215886
52.420973980582524,12.756729192771084,0.07133378971473828
52.420973980582524,12.756871807228917,0.06955972418781256
52.420973980582524,12.757014421686748,0.06778832425975923
52.420973980582524,12.757157036144578,0.0660231835769131
52.420973980582524,12.75729965060241,0.0642652532988822
52.420973980582524,12.757442265060241,0.062512052726684
52.420973980582524,12.757584879518072,0.06077073954030569
52.420973980582524,12.757727493975905,0.0590401636760567
52.420973980582524,12.757870108433735,0.0573313229642623
52.420973980582524,12.758012722891566,0.05563446833315269
52.420973980582524,12.758155337349399,0.05395973976135914
52.420973980582524,12.75829795180723,0.05231417777651878
52.420973980582524,12.758440566265062,0.05068555446112792
52.420973980582524,12.758583180722892,0.04908865372827275
52.420973980582524,12.758725795180723,0.0475221162626811
52.420973980582524,12.758868409638556,0.045984622324625496
52.420973980582524,12.759011024096386,0.04447936989909302
52.420973980582524,12.759153638554217,0.0430129329284014
52.420973980582524,12.75929625301205,0.04158813051177909
52.420973980582524,12.75943886746988,0.040205046515508935
52.420973980582524,12.759581481927711,0.03885761510126668
52.420973980582524,12.759724096385543,0.03756300594759464
52.420973980582524,12.759866710843374,0.036308189625090456
52.420973980582524,12.760009325301205,0.03510282034847627
52.420973980582524,12.760151939759037,0.03394773031194878
52.420973980582524,12.760294554216868,0.032842499341962185
52.420973980582524,12.760437168674699,0.03178963950419873
52.420973980582524,12.760579783132531,0.030788024755472928
52.420973980582524,12.760722397590362,0.029841638452898063
52.420973980582524,12.760865012048193,0.028954107248447374
52.420973980582524,12.761007626506025,0.02812074688939256
52.420973980582524,12.761150240963856,0.027347823430058378
52.420973980582524,12.761292855421688,0.026639566486013764
52.420973980582524,12.761435469879519,0.02599007643518978
52.420973980582524,12.76157808433735,0.02539866295873787
52.420973980582524,12.761720698795182,0.02488502614560375
52.420973980582524,12.761863313253013,0.02442604388090563
52.420973980582524,12.762005927710844,0.024030512993758697
52.420973980582524,12.762148542168676,0.023707307647171626
52.420973980582524,12.762291156626507,0.023445509246897516
52.420973980582524,12.762433771084337,0.023247264154963407
52.420973980582524,12.76257638554217,0.02310795504373697
52.420973980582524,12.762719,0.023037544220394175
52.4210667184466,12.750882,0.11758875122044385
52.4210667184466,12.751024614457831,0.11752460203372044
52.4210667184466,12.751167228915664,0.11739195539814423
52.4210667184466,12.751309843373495,0.117195438773764
52.4210667184466,12.751452457831325,0.11692969178745771
52.4210667184466,12.751595072289158,0.11659994181906128
52.4210667184466,12.751737686746988,0.11620529765774398
52.4210667184466,12.75188030120482,0.11574483986872004
52.4210667184466,12.752022915662652,0.11521580215499039
52.4210667184466,12.752165530120482,0.11462561547852858
52.4210667184466,12.752308144578313,0.11397788040675795
52.4210667184466,12.752450759036146,0.11326068415765309
52.4210667184466,12.752593373493976,0.11248948956209022
52.4210667184466,12.752735987951809,0.11166023508213621
52.4210667184466,12.75287860240964,0.11076266209355817
52.4210667184466,12.75302121686747,0.10981572876573498
52.4210667184466,12.753163831325303,0.10881954081808484
52.4210667184466,12.753306445783133,0.10776438915417984
52.4210667184466,12.753449060240964,0.10665569531188843
52.4210667184466,12.753591674698797,0.10549268005774973
52.4210667184466,12.753734289156627,0.10428231060992604
52.4210667184466,12.753876903614458,0.10302001338264859
52.4210667184466,12.75401951807229,0.10171667887169047
52.4210667184466,12.754162132530121,0.10037105309707843
52.4210667184466,12.754304746987952,0.09898562761233351
52.4210667184466,12.754447361445784,0.09755536660870101
52.4210667184466,12.754589975903615,0.09608227935809067
52.4210667184466,12.754732590361446,0.0945776215034978
52.4210667184466,12.754875204819278,0.09303494696510707
52.4210667184466,12.755017819277109,0.09146190668333425
52.4210667184466,12.75516043373494,0.08986036956883434
52.4210667184466,12.755303048192772,0.08822846359819558
52.4210667184466,12.755445662650603,0.08657361524027861
52.4210667184466,12.755588277108435,0.08489630074886065
52.4210667184466,12.755730891566266,0.08319290714352633
52.4210667184466,12.755873506024097,0.08147224377533581
52.4210667184466,12.75601612048193,0.07973673175653229
52.4210667184466,12.75615873493976,0.07798910790405272
52.4210667184466,12.75630134939759,0.0762249626151596
52.4210667184466,12.756443963855423,0.07444776407491717
52.4210667184466,12.756586578313254,0.07266980784232221
52.4210667184466,12.756729192771084,0.07089444666235549
52.4210667184466,12.756871807228917,0.0691101478427804
52.4210667184466,12.757014421686748,0.06732853744118074
52.4210667184466,12.757157036144578,0.06555319008918666
52.4210667184466,12.75729965060241,0.06378511383395669
52.4210667184466,12.757442265060241,0.06202181771236215
52.4210667184466,12.757584879518072,0.06027046537943491
52.4210667184466,12.757727493975905,0.05852993613182937
52.4210667184466,12.757870108433735,0.056811284986488554
52.4210667184466,12.758012722891566,0.05510468888411644
52.4210667184466,12.758155337349399,0.053420323888923274
52.4210667184466,12.75829795180723,0.0517652913405417
52.4210667184466,12.758440566265062,0.050127345939523414
52.4210667184466,12.758583180722892,0.048521295848254695
52.4210667184466,12.758725795180723,0.04694580483975504
52.4210667184466,12.758868409638556,0.045399499127388734
52.4210667184466,12.759011024096386,0.043885684027628914
52.4210667184466,12.759153638554217,0.042410888995190146
52.4210667184466,12.75929625301205,0.040977901491302975
52.4210667184466,12.75943886746988,0.039586883723642635
52.4210667184466,12.759581481927711,0.038231742519538106
52.4210667184466,12.759724096385543,0.036929743032531034
52.4210667184466,12.759866710843374,0.035667795662331823
52.4210667184466,12.760009325301205,0.034455558220836686
52.4210667184466,12.760151939759037,0.03329388064082954
52.4210667184466,12.760294554216868,0.03218235473740517
52.4210667184466,12.760437168674699,0.031123504044076607
52.4210667184466,12.760579783132531,0.03011618921890756
52.4210667184466,12.760722397590362,0.02916443530490181
52.4210667184466,12.760865012048193,0.02827190024811525
52.4210667184466,12.761007626506025,0.027433833396405864
52.4210667184466,12.761150240963856,0.026656547139520412
52.4210667184466,12.761292855421688,0.025944272597899182
52.4210667184466,12.761435469879519,0.025291090060131638
52.4210667184466,12.76157808433735,0.024696313690895227
52.4210667184466,12.761720698795182,0.024179768013464484
52.4210667184466,12.761863313253013,0.023718170392572326
52.4210667184466,12.762005927710844,0.023320439433296276
52.4210667184466,12.762148542168676,0.02299538326813181
52.4210667184466,12.762291156626507,0.0227321025603591
52.4210667184466,12.762433771084337,0.022532719906951333
52.4210667184466,12.76257638554217,0.022392608519795732
52.4210667184466,12.762719,0.022321795609123896
52.42115945631068,12.750882,0.11742750234250611
52.42115945631068,12.751024614457831,0.11736297193410311
52.42115945631068,12.751167228915664,0.1172296239718892
52.42115945631068,12.751309843373495,0.1170320227248334
52.42115945631068,12.751452457831325,0.11676478981867014
52.42115945631068,12.751595072289158,0.11643320582918618
52.42115945631068,12.751737686746988,0.11603633938951952
52.42115945631068,12.75188030120482,0.11557333911721265
52.42115945631068,12.752022915662652,0.11504140163880831
52.42115945631068,12.752165530120482,0.11444791858144399
52.42115945631068,12.752308144578313,0.11379661144123424
52.42115945631068,12.752450759036146,0.11307541470467958
52.42115945631068,12.752593373493976,0.11229993116944627
52.42115945631068,12.752735987951809,0.1114660645723006
52.42115945631068,12.75287860240964,0.11056353491120742
52.42115945631068,12.75302121686747,0.10961134028511327
52.42115945631068,12.753163831325303,0.10860963270944621
52.42115945631068,12.753306445783133,0.10754866355455747
52.42115945631068,12.753449060240964,0.10643380690226806
52.42115945631068,12.753591674698797,0.10526434615070174
52.42115945631068,12.753734289156627,0.10404724921957942
52.42115945631068,12.753876903614458,0.10277797252432218
52.42115945631068,12.75401951807229,0.10146744081632295
52.42115945631068,12.754162132530121,0.10011439057485262
52.42115945631068,12.754304746987952,0.09872128510232638
52.42115945631068,12.754447361445784,0.09728318812854471
52.42115945631068,12.754589975903615,0.09580198078210594
52.42115945631068,12.754732590361446,0.09428905815377897
52.42115945631068,12.754875204819278,0.09273786538351522
52.42115945631068,12.755017819277109,0.09115612712959495
52.42115945631068,12.75516043373494,0.08954577138221889
52.42115945631068,12.755303048192772,0.08790489361856844
52.42115945631068,12.755445662650603,0.08624093915053077
52.42115945631068,12.755588277108435,0.08455445152161253
52.42115945631068,12.755730891566266,0.08284171640223013
52.42115945631068,12.755873506024097,0.08111162542634914
52.42115945631068,12.75601612048193,0.0793665934856913
52.42115945631068,12.75615873493976,0.07760937987333638
52.42115945631068,12.75630134939759,0.07583561319055526
52.42115945631068,12.756443963855423,0.07404874281609218
52.42115945631068,12.756586578313254,0.07226109189639074
52.42115945631068,12.756729192771084,0.07047601562418165
52.42115945631068,12.756871807228917,0.06868198501255227
52.42115945631068,12.757014421686748,0.06689066483304519
52.42115945631068,12.757157036144578,0.0651056112337162
52.42115945631068,12.75729965060241,0.06332788678147465
52.42115945631068,12.757442265060241,0.06155499030198121
52.42115945631068,12.757584879518072,0.059794091068190565
52.42115945631068,12.757727493975905,0.05804409682319674
52.42115945631068,12.757870108433735,0.056316116965373
52.42115945631068,12.758012722891566,0.054600257675006585
52.42115945631068,12.758155337349399,0.05290672944847086
52.42115945631068,12.75829795180723,0.05124269144860834
52.42115945631068,12.758440566265062,0.0495958816781329
52.42115945631068,12.758583180722892,0.047981131576062305
52.42115945631068,12.758725795180723,0.04639712694306545
52.42115945631068,12.758868409638556,0.044842442228196944
52.42115945631068,12.759011024096386,0.043320485163169685
52.42115945631068,12.759153638554217,0.04183774283892347
52.42115945631068,12.75929625301205,0.040396972433566575
52.42115945631068,12.75943886746988,0.038998410922757416
52.42115945631068,12.759581481927711,0.037635938729149894
52.42115945631068,12.759724096385543,0.03632691240051255
52.42115945631068,12.759866710843374,0.03505818498196306
52.42115945631068,12.760009325301205,0.033839417086798065
52.42115945631068,12.760151939759037,0.03267147627517538
52.42115945631068,12.760294554216868,0.03155396526029161
52.42115945631068,12.760437168674699,0.030489418213123398
52.42115945631068,12.760579783132531,0.029476683408525224
52.42115945631068,12.760722397590362,0.028519825842796723
52.42115945631068,12.760865012048193,0.027622533511254294
52.42115945631068,12.761007626506025,0.026779991803137643
52.42115945631068,12.761150240963856,0.02599855765586309
52.42115945631068,12.761292855421688,0.02528246323062191
52.42115945631068,12.761435469879519,0.024625769938433018
52.42115945631068,12.76157808433735,0.024027796030647326
52.42115945631068,12.761720698795182,0.023508484913743667
52.42115945631068,12.761863313253013,0.023044400706669705
52.42115945631068,12.762005927710844,0.022644578161708184
52.42115945631068,12.762148542168676,0.022317762642457214
52.42115945631068,12.762291156626507,0.02205307260575055
52.42115945631068,12.762433771084337,0.02185260845930874
52.42115945631068,12.76257638554217,0.021711734133989406
52.42115945631068,12.762719,0.021640538773141416
52.421252194174755,12.750882,0.11727994321368268
52.421252194174755,12.751024614457831,0.11721505002053671
52.421252194174755,12.751167228915664,0.11708103481907187
52.421252194174755,12.751309843373495,0.11688240170203769
52.421252194174755,12.751452457831325,0.11661375490540662
52.421252194174755,12.751595072289158,0.11628042618338114
52.421252194174755,12.751737686746988,0.11588144584869561
52.421252194174755,12.75188030120482,0.1154160268199317
52.421252194174755,12.752022915662652,0.11488133058089849
52.421252194174755,12.752165530120482,0.11428471149256725
52.421252194174755,12.752308144578313,0.11363000601128698
52.421252194174755,12.752450759036146,0.11290500352947296
52.421252194174755,12.752593373493976,0.11212543960505643
52.421252194174755,12.752735987951809,0.11128718515793767
52.421252194174755,12.75287860240964,0.11037993970622191
52.421252194174755,12.75302121686747,0.1094227396935746
52.421252194174755,12.753163831325303,0.10841578103777721
52.421252194174755,12.753306445783133,0.10734927707635573
52.421252194174755,12.753449060240964,0.10622855734348387
52.421252194174755,12.753591674698797,0.1050529647190104
52.421252194174755,12.753734289156627,0.10382946753310532
52.421252194174755,12.753876903614458,0.10255355102287564
52.421252194174755,12.75401951807229,0.10123617219168113
52.421252194174755,12.754162132530121,0.09987605873314236
52.421252194174755,12.754304746987952,0.09847564706635378
52.421252194174755,12.754447361445784,0.09703009508773129
52.421252194174755,12.754589975903615,0.09554116268521987
52.421252194174755,12.754732590361446,0.09402037700674931
52.421252194174755,12.754875204819278,0.09246108061695302
52.421252194174755,12.755017819277109,0.0908710675827841
52.421252194174755,12.75516043373494,0.08925232208295367
52.421252194174755,12.755303048192772,0.08760290873520181
52.421252194174755,12.755445662650603,0.08593029115380023
52.421252194174755,12.755588277108435,0.08423507637875158
52.421252194174755,12.755730891566266,0.08251345400573572
52.421252194174755,12.755873506024097,0.0807743938582452
52.421252194174755,12.75601612048193,0.0790203051558475
52.421252194174755,12.75615873493976,0.07725396821295749
52.421252194174755,12.75630134939759,0.0754710479410568
52.421252194174755,12.756443963855423,0.0736749760751444
52.421252194174755,12.756586578313254,0.07187810166308296
52.421252194174755,12.756729192771084,0.0700837828375274
52.421252194174755,12.756871807228917,0.06828049403339409
52.421252194174755,12.757014421686748,0.0664799363984932
52.421252194174755,12.757157036144578,0.06468564860384135
52.421252194174755,12.75729965060241,0.06289874535357973
52.421252194174755,12.757442265060241,0.06111671534350308
52.421252194174755,12.757584879518072,0.059346733658608715
52.421252194174755,12.757727493975905,0.05758773446000204
52.421252194174755,12.757870108433735,0.05585087948267883
52.421252194174755,12.758012722891566,0.05412620761472821
52.421252194174755,12.758155337349399,0.05242396146456944
52.421252194174755,12.75829795180723,0.050751355718417324
52.421252194174755,12.758440566265062,0.0490961126780494
52.421252194174755,12.758583180722892,0.04747308553967286
52.421252194174755,12.758725795180723,0.04588098128814748
52.421252194174755,12.758868409638556,0.04431832503077606
52.421252194174755,12.759011024096386,0.042788621958238945
52.421252194174755,12.759153638554217,0.04129831893620105
52.421252194174755,12.75929625301205,0.039850144096404715
52.421252194174755,12.75943886746988,0.038444405832543285
52.421252194174755,12.759581481927711,0.037074959402127045
52.421252194174755,12.759724096385543,0.03575924795439174
52.421252194174755,12.759866710843374,0.03448406990773992
52.421252194174755,12.760009325301205,0.03325908910684306
52.421252194174755,12.760151939759037,0.03208518969387067
52.421252194174755,12.760294554216868,0.030961984544431796
52.421252194174755,12.760437168674699,0.029892018155995653
52.421252194174755,12.760579783132531,0.028874126940494516
52.421252194174755,12.760722397590362,0.027912413944499663
52.421252194174755,12.760865012048193,0.027010595488878898
52.421252194174755,12.761007626506025,0.02616379642522816
52.421252194174755,12.761150240963856,0.025378415883696825
52.421252194174755,12.761292855421688,0.024658687389807508
52.421252194174755,12.761435469879519,0.02399865402805981
52.421252194174755,12.76157808433735,0.023397638269917344
52.421252194174755,12.761720698795182,0.022875695865101783
52.421252194174755,12.761863313253013,0.0224092460806695
52.421252194174755,12.762005927710844,0.022007433607052256
52.421252194174755,12.762148542168676,0.021678944437604594
52.421252194174755,12.762291156626507,0.021412913718911495
52.421252194174755,12.762433771084337,0.021211420628202096
52.421252194174755,12.76257638554217,0.02106982071887365
52.421252194174755,12.762719,0.020998261624065657
52.421344932038835,12.750882,0.1171348798229942
52.421344932038835,12.751024614457831,0.11706964573703971
52.421344932038835,12.751167228915664,0.11693500379303544
52.421344932038835,12.751309843373495,0.11673540177669767
52.421344932038835,12.751452457831325,0.11646542700959796
52.421344932038835,12.751595072289158,0.11613045973077678
52.421344932038835,12.751737686746988,0.11572949369330693
52.421344932038835,12.75188030120482,0.11526180287475433
52.421344932038835,12.752022915662652,0.11472451555404259
52.421344932038835,12.752165530120482,0.11412495089020261
52.421344932038835,12.752308144578313,0.11346705391310434
52.421344932038835,12.752450759036146,0.11273847646561969
52.421344932038835,12.752593373493976,0.1119550802548957
52.421344932038835,12.752735987951809,0.1111127047201181
52.421344932038835,12.75287860240964,0.11020102987634738
52.421344932038835,12.75302121686747,0.10923912907749365
52.421344932038835,12.753163831325303,0.10822723890793218
52.421344932038835,12.753306445783133,0.10715553705964243
52.421344932038835,12.753449060240964,0.1060293107929216
52.421344932038835,12.753591674698797,0.10484795892468851
52.421344932038835,12.753734289156627,0.10361845052846151
52.421344932038835,12.753876903614458,0.10233629742383776
52.421344932038835,12.75401951807229,0.10101248754435269
52.421344932038835,12.754162132530121,0.09964574073025773
52.421344932038835,12.754304746987952,0.09823846705144343
52.421344932038835,12.754447361445784,0.09678591351003707
52.421344932038835,12.754589975903615,0.09528972550210066
52.421344932038835,12.754732590361446,0.09376155526236982
52.421344932038835,12.754875204819278,0.09219464745427515
52.421344932038835,12.755017819277109,0.09059686236651153
52.421344932038835,12.75516043373494,0.0889702373830291
52.421344932038835,12.755303048192772,0.08731280766613261
52.421344932038835,12.755445662650603,0.08563205375634583
52.421344932038835,12.755588277108435,0.08392864297120883
52.421344932038835,12.755730891566266,0.08219867413101703
52.421344932038835,12.755873506024097,0.08045119064715539
52.421344932038835,12.75601612048193,0.07868859586270333
52.421344932038835,12.75615873493976,0.07691369074866532
52.421344932038835,12.75630134939759,0.07512217380046061
52.421344932038835,12.756443963855423,0.07331746015661128
52.421344932038835,12.756586578313254,0.07151192356721904
52.421344932038835,12.756729192771084,0.06970892468529905
52.421344932038835,12.756871807228917,0.06789694119651889
52.421344932038835,12.757014421686748,0.06608770826588901
52.421344932038835,12.757157036144578,0.06428474817010177
52.421344932038835,12.75729965060241,0.06248922483648999
52.421344932038835,12.757442265060241,0.06069861748725587
52.421344932038835,12.757584879518072,0.05892010617652143
52.421344932038835,12.757727493975905,0.05715265041934436
52.421344932038835,12.757870108433735,0.0554074611364843
52.421344932038835,12.758012722891566,0.05367451341597185
52.421344932038835,12.758155337349399,0.05196407986819615
52.421344932038835,12.75829795180723,0.05028342822535064
52.421344932038835,12.758440566265062,0.048620265601018155
52.421344932038835,12.758583180722892,0.04698946561796313
52.421344932038835,12.758725795180723,0.045389755355456626
52.421344932038835,12.758868409638556,0.04381961279339944
52.421344932038835,12.759011024096386,0.042282635763395554
52.421344932038835,12.759153638554217,0.040785232665618114
52.421344932038835,12.75929625301205,0.0393301043078313
52.421344932038835,12.75943886746988,0.037917626403996645
52.421344932038835,12.759581481927711,0.03654163038682551
52.421344932038835,12.759724096385543,0.035219641189035006
52.421344932038835,12.759866710843374,0.03393840561501922
52.421344932038835,12.760009325301205,0.03270759031469192
52.421344932038835,12.760151939759037,0.031528094991976924
52.421344932038835,12.760294554216868,0.030399543074665313
52.421344932038835,12.760437168674699,0.029324487617158314
52.421344932038835,12.760579783132531,0.02830175414837819
52.421344932038835,12.760722397590362,0.02733548174761382
52.421344932038835,12.760865012048193,0.02642941317777675
52.421344932038835,12.761007626506025,0.02557861630141411
52.421344932038835,12.761150240963856,0.02478953013734013
52.421344932038835,12.761292855421688,0.024066389077766634
52.421344932038835,12.761435469879519,0.02340321898601455
52.421344932038835,12.76157808433735,0.02279934625333449
52.421344932038835,12.761720698795182,0.022274933579469205
52.421344932038835,12.761863313253013,0.021806262042732866
52.421344932038835,12.762005927710844,0.021402581145398617
52.421344932038835,12.762148542168676,0.021072520305654506
52.421344932038835,12.762291156626507,0.02080523059209122
52.421344932038835,12.762433771084337,0.020602771061553525
52.421344932038835,12.76257638554217,0.020460489105511126
52.421344932038835,12.762719,0.02038858828721065
52.421437669902915,12.750882,0.11700653817221511
52.421437669902915,12.751024614457831,0.11694098367931428
52.421437669902915,12.751167228915664,0.11680575324798062
52.421437669902915,12.751309843373495,0.11660524122861865
52.421437669902915,12.751452457831325,0.11633401938924816
52.421437669902915,12.751595072289158,0.1159975130005699
52.421437669902915,12.751737686746988,0.11559468181128409
52.421437669902915,12.75188030120482,0.11512485742950046
52.421437669902915,12.752022915662652,0.1145851365600176
52.421437669902915,12.752165530120482,0.11398280500445297
52.421437669902915,12.752308144578313,0.11332191071540447
52.421437669902915,12.752450759036146,0.11258997556591972
52.421437669902915,12.752593373493976,0.11180297998292822
52.421437669902915,12.752735987951809,0.11095673394500849
52.421437669902915,12.75287860240964,0.1100408988535131
52.421437669902915,12.75302121686747,0.10907458254092191
52.421437669902915,12.753163831325303,0.10805806082846682
52.421437669902915,12.753306445783133,0.10698147707211818
52.421437669902915,12.753449060240964,0.10585007905035156
52.421437669902915,12.753591674698797,0.10466331804735841
52.421437669902915,12.753734289156627,0.10342816378578078
52.421437669902915,12.753876903614458,0.10214015353422984
52.421437669902915,12.75401951807229,0.10081030395077542
52.421437669902915,12.754162132530121,0.09943732726299712
52.421437669902915,12.754304746987952,0.09802360883226885
52.421437669902915,12.754447361445784,0.0965644800902397
52.421437669902915,12.754589975903615,0.09506147797376839
52.421437669902915,12.754732590361446,0.09352637266563606
52.421437669902915,12.754875204819278,0.09195231643624976
52.421437669902915,12.755017819277109,0.09034723209328026
52.421437669902915,12.75516043373494,0.08871320731110807
52.421437669902915,12.755303048192772,0.08704824908047132
52.421437669902915,12.755445662650603,0.08535985431431355
52.421437669902915,12.755588277108435,0.08364874695333475
52.421437669902915,12.755730891566266,0.08191093949007339
52.421437669902915,12.755873506024097,0.08015554571159354
52.421437669902915,12.75601612048193,0.07838496285487428
52.421437669902915,12.75615873493976,0.07660201123685911
52.421437669902915,12.75630134939759,0.07480242137723073
52.421437669902915,12.756443963855423,0.07298959247211564
52.421437669902915,12.756586578313254,0.07117592175719345
52.421437669902915,12.756729192771084,0.06936477170100112
52.421437669902915,12.756871807228917,0.06754462357471273
52.421437669902915,12.757014421686748,0.06572724401657692
52.421437669902915,12.757157036144578,0.06391614010431504
52.421437669902915,12.75729965060241,0.06211252199548624
52.421437669902915,12.757442265060241,0.06031385999726188
52.421437669902915,12.757584879518072,0.05852733908901937
52.421437669902915,12.757727493975905,0.05675194214026842
52.421437669902915,12.757870108433735,0.05499892686920241
52.421437669902915,12.758012722891566,0.05325820768645914
52.421437669902915,12.758155337349399,0.05154008591894543
52.421437669902915,12.75829795180723,0.049851879201696765
52.421437669902915,12.758440566265062,0.04818128018812159
52.421437669902915,12.758583180722892,0.04654318158331669
52.421437669902915,12.758725795180723,0.04493632944774946
52.421437669902915,12.758868409638556,0.04335915730227552
52.421437669902915,12.759011024096386,0.041815350332463495
52.421437669902915,12.759153638554217,0.040311280307140165
52.421437669902915,12.75929625301205,0.03884962255326781
52.421437669902915,12.75943886746988,0.03743081632774215
52.421437669902915,12.759581481927711,0.036048670693975916
52.421437669902915,12.759724096385543,0.034720787352647074
52.421437669902915,12.759866710843374,0.0334338644280888
52.421437669902915,12.760009325301205,0.032197570844153554
52.421437669902915,12.760151939759037,0.03101282116137046
52.421437669902915,12.760294554216868,0.029879249079957315
52.421437669902915,12.760437168674699,0.028799415495780575
52.421437669902915,12.760579783132531,0.027772135560218396
52.421437669902915,12.760722397590362,0.02680158188651576
52.421437669902915,12.760865012048193,0.025891523287436536
52.421437669902915,12.761007626506025,0.025036972865789965
52.421437669902915,12.761150240963856,0.024244407310766235
52.421437669902915,12.761292855421688,0.023518062366428914
52.421437669902915,12.761435469879519,0.02285194720991618
52.421437669902915,12.76157808433735,0.02224539200257928
52.421437669902915,12.761720698795182,0.021718659879335585
52.421437669902915,12.761863313253013,0.021247902529797663
52.421437669902915,12.762005927710844,0.020842467459711432
52.421437669902915,12.762148542168676,0.020510931034138813
52.421437669902915,12.762291156626507,0.020242459359236166
52.421437669902915,12.762433771084337,0.02003909248283091
52.421437669902915,12.76257638554217,0.01989617023667696
52.421437669902915,12.762719,0.01982394831820211
52.421530407766994,12.750882,0.11688732868165279
52.421530407766994,12.751024614457831,0.1168214754498215
52.421530407766994,12.751167228915664,0.11668569640393893
52.421530407766994,12.751309843373495,0.11648433596324757
52.421530407766994,12.751452457831325,0.11621195142489482
52.421530407766994,12.751595072289158,0.11587401037764278
52.421530407766994,12.751737686746988,0.11546944034732506
52.421530407766994,12.75188030120482,0.11499762697349186
52.421530407766994,12.752022915662652,0.11445563747720991
52.421530407766994,12.752165530120482,0.11385072635676793
52.421530407766994,12.752308144578313,0.11318703805860374
52.421530407766994,12.752450759036146,0.11245197238045199
52.421530407766994,12.752593373493976,0.11166162126728811
52.421530407766994,12.752735987951809,0.11081176648804864
52.421530407766994,12.75287860240964,0.10989205325820191
52.421530407766994,12.75302121686747,0.10892162089177236
52.421530407766994,12.753163831325303,0.1079007817521466
52.421530407766994,12.753306445783133,0.10681964716115419
52.421530407766994,12.753449060240964,0.10568342796436582
52.421530407766994,12.753591674698797,0.10449162440634605
52.421530407766994,12.753734289156627,0.10325120676190035
52.421530407766994,12.753876903614458,0.10195773647617765
52.421530407766994,12.75401951807229,0.10062225669285733
52.421530407766994,12.754162132530121,0.09924347262849668
52.421530407766994,12.754304746987952,0.09782374682720965
52.421530407766994,12.754447361445784,0.09635848943924731
52.421530407766994,12.754589975903615,0.09484913584892318
52.421530407766994,12.754732590361446,0.09330756607384234
52.421530407766994,12.754875204819278,0.0917268468262844
52.421530407766994,12.755017819277109,0.09011495876339735
52.421530407766994,12.75516043373494,0.08847403665092086
52.421530407766994,12.755303048192772,0.08680206110821001
52.421530407766994,12.755445662650603,0.08510654425331392
52.421530407766994,12.755588277108435,0.08338826315846719
52.421530407766994,12.755730891566266,0.08164314980158893
52.421530407766994,12.755873506024097,0.07988038285859213
52.421530407766994,12.75601612048193,0.07810235480696257
52.421530407766994,12.75615873493976,0.07631190371795937
52.421530407766994,12.75630134939759,0.07450478977719181
52.421530407766994,12.756443963855423,0.07268439738974235
52.421530407766994,12.756586578313254,0.07086314551267535
52.421530407766994,12.756729192771084,0.06904439863273207
52.421530407766994,12.756871807228917,0.06721664050728174
52.421530407766994,12.757014421686748,0.0653916684158201
52.421530407766994,12.757157036144578,0.06357297459571944
52.421530407766994,12.75729965060241,0.06176181234629141
52.421530407766994,12.757442265060241,0.05995564392894224
52.421530407766994,12.757584879518072,0.05816165843978369
52.421530407766994,12.757727493975905,0.056378860704291225
52.421530407766994,12.757870108433735,0.054618552298118475
52.421530407766994,12.758012722891566,0.052870590641904386
52.421530407766994,12.758155337349399,0.05114530419791154
52.421530407766994,12.75829795180723,0.04945005665845753
52.421530407766994,12.758440566265062,0.04777252734897055
52.421530407766994,12.758583180722892,0.04612762732112733
52.421530407766994,12.758725795180723,0.04451412006396129
52.421530407766994,12.758868409638556,0.04293039721190921
52.421530407766994,12.759011024096386,0.0413802259108107
52.421530407766994,12.759153638554217,0.03986994338795817
52.421530407766994,12.75929625301205,0.038402201208964745
52.421530407766994,12.75943886746988,0.03697749812860651
52.421530407766994,12.759581481927711,0.03558962170707276
52.421530407766994,12.759724096385543,0.034256245978089024
52.421530407766994,12.759866710843374,0.03296402351316123
52.421530407766994,12.760009325301205,0.031722625294132334
52.421530407766994,12.760151939759037,0.030532979981605785
52.421530407766994,12.760294554216868,0.02939473026623487
52.421530407766994,12.760437168674699,0.028310444594467077
52.421530407766994,12.760579783132531,0.027278928110407934
52.421530407766994,12.760722397590362,0.026304385370717418
52.421530407766994,12.760865012048193,0.0253906089791893
52.421530407766994,12.761007626506025,0.024532561181514482
52.421530407766994,12.761150240963856,0.023736753662480486
52.421530407766994,12.761292855421688,0.0230074236462772
52.421530407766994,12.761435469879519,0.02233856450208981
52.421530407766994,12.76157808433735,0.021729509700341702
52.421530407766994,12.761720698795182,0.021200616920154347
52.421530407766994,12.761863313253013,0.02072791608749679
52.421530407766994,12.762005927710844,0.020320847262448056
52.421530407766994,12.762148542168676,0.0199879359252376
52.421530407766994,12.762291156626507,0.019718363102076922
52.421530407766994,12.762433771084337,0.01951415066325661
52.421530407766994,12.76257638554217,0.019370631504957277
52.421530407766994,12.762719,0.019298110196789613
52.42162314563107,12.750882,0.11677759385653347
52.42162314563107,12.751024614457831,0.11671146220906958
52.42162314563107,12.751167228915664,0.11657517218440225
52.42162314563107,12.751309843373495,0.11637302151963398
52.42162314563107,12.751452457831325,0.11609955354268851
52.42162314563107,12.751595072289158,0.11576027526564231
52.42162314563107,12.751737686746988,0.11535408494081212
52.42162314563107,12.75188030120482,0.11488041821626219
52.42162314563107,12.752022915662652,0.11433631489425325
52.42162314563107,12.752165530120482,0.11372899980064191
52.42162314563107,12.752308144578313,0.11306270824237968
52.42162314563107,12.752450759036146,0.11232472534931522
52.42162314563107,12.752593373493976,0.11153124715327765
52.42162314563107,12.752735987951809,0.1106780299676735
52.42162314563107,12.75287860240964,0.10975470305136521
52.42162314563107,12.75302121686747,0.10878043527431708
52.42162314563107,12.753163831325303,0.10775557294635435
52.42162314563107,12.753306445783133,0.10667019796422052
52.42162314563107,12.753449060240964,0.10552948630666571
52.42162314563107,12.753591674698797,0.10433298390290435
52.42162314563107,12.753734289156627,0.10308766181010773
52.42162314563107,12.753876903614458,0.10178910366904446
52.42162314563107,12.75401951807229,0.10044837741015807
52.42162314563107,12.754162132530121,0.09906418203708625
52.42162314563107,12.754304746987952,0.09763885841028028
52.42162314563107,12.754447361445784,0.09616789004518177
52.42162314563107,12.754589975903615,0.09465261782804595
52.42162314563107,12.754732590361446,0.09310502432306399
52.42162314563107,12.754875204819278,0.09151809614807237
52.42162314563107,12.755017819277109,0.08989986795332514
52.42162314563107,12.75516043373494,0.08825251862912588
52.42162314563107,12.755303048192772,0.08657400404027675
52.42162314563107,12.755445662650603,0.08487185060648364
52.42162314563107,12.755588277108435,0.0831468848645938
52.42162314563107,12.755730891566266,0.0813949631947607
52.42162314563107,12.755873506024097,0.07962532594768003
52.42162314563107,12.75601612048193,0.07784036028329334
52.42162314563107,12.75615873493976,0.07604292128294658
52.42162314563107,12.75630134939759,0.0742287958297011
52.42162314563107,12.756443963855423,0.07240135565558618
52.42162314563107,12.756586578313254,0.07057303953459781
52.42162314563107,12.756729192771084,0.06874721357569762
52.42162314563107,12.756871807228917,0.06691236484961928
52.42162314563107,12.757014421686748,0.06508031793466515
52.42162314563107,12.757157036144578,0.06325455183905505
52.42162314563107,12.75729965060241,0.0614363602087192
52.42162314563107,12.757442265060241,0.05962319723478924
52.42162314563107,12.757584879518072,0.05782225605103572
52.42162314563107,12.757727493975905,0.05603256230161839
52.42162314563107,12.757870108433735,0.054265458075383965
52.42162314563107,12.758012722891566,0.05251074818495535
52.42162314563107,12.758155337349399,0.0507787858713494
52.42162314563107,12.75829795180723,0.04907697795834057
52.42162314563107,12.758440566265062,0.047392991100295136
52.42162314563107,12.758583180722892,0.045741753417479616
52.42162314563107,12.758725795180723,0.0441220451514376
52.42162314563107,12.758868409638556,0.04253221804441852
52.42162314563107,12.759011024096386,0.040976116685245464
52.42162314563107,12.759153638554217,0.03946004547136115
52.42162314563107,12.75929625301205,0.03798663392197127
52.42162314563107,12.75943886746988,0.036556435972995245
52.42162314563107,12.759581481927711,0.03516322005860005
52.42162314563107,12.759724096385543,0.03382472661627024
52.42162314563107,12.759866710843374,0.03252756618216756
52.42162314563107,12.760009325301205,0.031281411523029524
52.42162314563107,12.760151939759037,0.03008720433596406
52.42162314563107,12.760294554216868,0.02894459624679414
52.42162314563107,12.760437168674699,0.027856162081795654
52.42162314563107,12.760579783132531,0.026820697894866765
52.42162314563107,12.760722397590362,0.02584243802793718
52.42162314563107,12.760865012048193,0.024925197620087512
52.42162314563107,12.761007626506025,0.024063890977630495
52.42162314563107,12.761150240963856,0.023265062537697147
52.42162314563107,12.761292855421688,0.02253295086832575
52.42162314563107,12.761435469879519,0.02186153471588357
52.42162314563107,12.76157808433735,0.021250150680166738
52.42162314563107,12.761720698795182,0.020719244599299594
52.42162314563107,12.761863313253013,0.02024473294155037
52.42162314563107,12.762005927710844,0.019836141542407846
52.42162314563107,12.762148542168676,0.01950194922843426
52.42162314563107,12.762291156626507,0.019231350434713614
52.42162314563107,12.762433771084337,0.019026350056923068
52.42162314563107,12.76257638554217,0.018882274533417825
52.42162314563107,12.762719,0.018809474154627533
52.421715883495146,12.750882,0.1166716554954914
52.421715883495146,12.751024614457831,0.11660526670919644
52.421715883495146,12.751167228915664,0.11646850438391652
52.421715883495146,12.751309843373495,0.11626562345767537
52.421715883495146,12.751452457831325,0.11599115398446537
52.421715883495146,12.751595072289158,0.11565063964678791
52.421715883495146,12.751737686746988,0.11524295152749597
52.421715883495146,12.75188030120482,0.11476757140358791
52.421715883495146,12.752022915662652,0.11422151403656822
52.421715883495146,12.752165530120482,0.1136119768697649
52.421715883495146,12.752308144578313,0.1129432786243751
52.421715883495146,12.752450759036146,0.1122025989792929
52.421715883495146,12.752593373493976,0.11140623034283201
52.421715883495146,12.752735987951809,0.11054990531227223
52.421715883495146,12.75287860240964,0.10962323791110706
52.421715883495146,12.75302121686747,0.10864542465919301
52.421715883495146,12.753163831325303,0.10761684352826768
52.421715883495146,12.753306445783133,0.10652754895093289
52.421715883495146,12.753449060240964,0.10538268448801197
52.421715883495146,12.753591674698797,0.10418183853984528
52.421715883495146,12.753734289156627,0.10293198291362042
52.421715883495146,12.753876903614458,0.10162872161802483
52.421715883495146,12.75401951807229,0.10028314584076083
52.421715883495146,12.754162132530121,0.09889394857322233
52.421715883495146,12.754304746987952,0.09746345038459854
52.421715883495146,12.754447361445784,0.09598720308768781
52.421715883495146,12.754589975903615,0.0944664598425309
52.421715883495146,12.754732590361446,0.09291329831472564
52.421715883495146,12.754875204819278,0.0913206306271488
52.421715883495146,12.755017819277109,0.08969654183904635
52.421715883495146,12.75516043373494,0.08804325135551463
52.421715883495146,12.755303048192772,0.0863586922725982
52.421715883495146,12.755445662650603,0.0846504039688407
52.421715883495146,12.755588277108435,0.08291925917141159
52.421715883495146,12.755730891566266,0.08116104409619947
52.421715883495146,12.755873506024097,0.07938505616578947
52.421715883495146,12.75601612048193,0.07759367756966327
52.421715883495146,12.75615873493976,0.07578977891125344
52.421715883495146,12.75630134939759,0.07396917243883543
52.421715883495146,12.756443963855423,0.07213521756162336
52.421715883495146,12.756586578313254,0.0703003712842975
52.421715883495146,12.756729192771084,0.06846800195203427
52.421715883495146,12.756871807228917,0.06662659865313317
52.421715883495146,12.757014421686748,0.06478801203295556
52.421715883495146,12.757157036144578,0.06295570844970734
52.421715883495146,12.75729965060241,0.06113101903069973
52.421715883495146,12.757442265060241,0.059311390364636625
52.421715883495146,12.757584879518072,0.057504019586854985
52.421715883495146,12.757727493975905,0.055707951276824416
52.421715883495146,12.757870108433735,0.05393456527989026
52.421715883495146,12.758012722891566,0.05217361751704068
52.421715883495146,12.758155337349399,0.050435483845529594
52.421715883495146,12.75829795180723,0.04872761166608977
52.421715883495146,12.758440566265062,0.047037655712556206
52.421715883495146,12.758583180722892,0.04538055966618486
52.421715883495146,12.758725795180723,0.04375511906044721
52.421715883495146,12.758868409638556,0.04215964954793833
52.421715883495146,12.759011024096386,0.0405980664275868
52.421715883495146,12.759153638554217,0.039076644354771095
52.421715883495146,12.75929625301205,0.037597992030374894
52.421715883495146,12.75943886746988,0.03616271479589103
52.421715883495146,12.759581481927711,0.0347645627539062
52.421715883495146,12.759724096385543,0.03342133899883942
52.421715883495146,12.759866710843374,0.03211961393706614
52.421715883495146,12.760009325301205,0.030869062790918417
52.421715883495146,12.760151939759037,0.029670638669879464
52.421715883495146,12.760294554216868,0.028524001647418633
52.421715883495146,12.760437168674699,0.02743173277593117
52.421715883495146,12.760579783132531,0.02639261933860787
52.421715883495146,12.760722397590362,0.025410923263157314
52.421715883495146,12.760865012048193,0.024490480921972344
52.421715883495146,12.761007626506025,0.023626161667086837
52.421715883495146,12.761150240963856,0.02282454109427001
52.421715883495146,12.761292855421688,0.022089858014342535
52.421715883495146,12.761435469879519,0.02141607823397028
52.421715883495146,12.76157808433735,0.020802541135662177
52.421715883495146,12.761720698795182,0.020269774132157903
52.421715883495146,12.761863313253013,0.019793588449767297
52.421715883495146,12.762005927710844,0.019383589562907224
52.421715883495146,12.762148542168676,0.019048212898271626
52.421715883495146,12.762291156626507,0.018776665895800584
52.421715883495146,12.762433771084337,0.018570937250812762
52.421715883495146,12.76257638554217,0.01842634732283993
52.421715883495146,12.762719,0.018353288976781387
52.421808621359226,12.750882,0.11658602751887746
52.421808621359226,12.751024614457831,0.11651940033860218
52.421808621359226,12.751167228915664,0.1163822010135641
52.421808621359226,12.751309843373495,0.11617864429735497
52.421808621359226,12.751452457831325,0.1159032484177348
52.421808621359226,12.751595072289158,0.11556159122141019
52.421808621359226,12.751737686746988,0.11515251834000631
52.421808621359226,12.75188030120482,0.11467555397242854
52.421808621359226,12.752022915662652,0.11412768957078176
52.421808621359226,12.752165530120482,0.11351609769494812
52.421808621359226,12.752308144578313,0.1128451737657641
52.421808621359226,12.752450759036146,0.11210200064740933
52.421808621359226,12.752593373493976,0.1113029591431265
52.421808621359226,12.752735987951809,0.11044375952368893
52.421808621359226,12.75287860240964,0.10951400263688679
52.421808621359226,12.75302121686747,0.10853291048144434
52.421808621359226,12.753163831325303,0.10750088999810885
52.421808621359226,12.753306445783133,0.10640797037043193
52.421808621359226,12.753449060240964,0.10525926535722106
52.421808621359226,12.753591674698797,0.10405440266368857
52.421808621359226,12.753734289156627,0.1028003542712856
52.421808621359226,12.753876903614458,0.10149274333170327
52.421808621359226,12.75401951807229,0.10014268217599709
52.421808621359226,12.754162132530121,0.0987488587639238
52.421808621359226,12.754304746987952,0.09731357507481492
52.421808621359226,12.754447361445784,0.0958324453727398
52.421808621359226,12.754589975903615,0.09430664209123274
52.421808621359226,12.754732590361446,0.09274833048991654
52.421808621359226,12.754875204819278,0.09115035461461919
52.421808621359226,12.755017819277109,0.08952084526282682
52.421808621359226,12.75516043373494,0.0878620600515877
52.421808621359226,12.755303048192772,0.08617191065079641
52.421808621359226,12.755445662650603,0.08445794840004953
52.421808621359226,12.755588277108435,0.08272108855807714
52.421808621359226,12.755730891566266,0.0809570529670875
52.421808621359226,12.755873506024097,0.0791751911623788
52.421808621359226,12.75601612048193,0.07737788102794926
52.421808621359226,12.75615873493976,0.07556800768041014
52.421808621359226,12.75630134939759,0.07374140626740006
52.421808621359226,12.756443963855423,0.0719014256208636
52.421808621359226,12.756586578313254,0.07006053927889921
52.421808621359226,12.756729192771084,0.068222117375373
52.421808621359226,12.756871807228917,0.06637465139611871
52.421808621359226,12.757014421686748,0.06453001531593525
52.421808621359226,12.757157036144578,0.06269166462216243
52.421808621359226,12.75729965060241,0.060860964574135305
52.421808621359226,12.757442265060241,0.05903535530077722
52.421808621359226,12.757584879518072,0.05722203709847571
52.421808621359226,12.757727493975905,0.05542007227595749
52.421808621359226,12.757870108433735,0.05364087526804089
52.421808621359226,12.758012722891566,0.051874157059996345
52.421808621359226,12.758155337349399,0.0501303147180324
52.421808621359226,12.75829795180723,0.048416832506394024
52.421808621359226,12.758440566265062,0.04672135478824544
52.421808621359226,12.758583180722892,0.045058839350843614
52.421808621359226,12.758725795180723,0.043428095858764365
52.421808621359226,12.758868409638556,0.04182740656423067
52.421808621359226,12.759011024096386,0.04026075234517304
52.421808621359226,12.759153638554217,0.038734380219468525
52.421808621359226,12.75929625301205,0.037250880015160436
52.421808621359226,12.75943886746988,0.035810903810008725
52.421808621359226,12.759581481927711,0.03440818537132034
52.421808621359226,12.759724096385543,0.03306058489762939
52.421808621359226,12.759866710843374,0.03175463673985149
52.421808621359226,12.760009325301205,0.03050001796895364
52.421808621359226,12.760151939759037,0.02929769233243098
52.421808621359226,12.760294554216868,0.02814732833581468
52.421808621359226,12.760437168674699,0.027051511721095253
52.421808621359226,12.760579783132531,0.026009022456662288
52.421808621359226,12.760722397590362,0.025024147816942025
52.421808621359226,12.760865012048193,0.02410074296372485
52.421808621359226,12.761007626506025,0.023233636587263233
52.421808621359226,12.761150240963856,0.022429432746776022
52.421808621359226,12.761292855421688,0.021692370947989096
52.421808621359226,12.761435469879519,0.02101640424435311
52.421808621359226,12.76157808433735,0.020400875419977982
52.421808621359226,12.761720698795182,0.019866386289085068
52.421808621359226,12.761863313253013,0.01938865174244815
52.421808621359226,12.762005927710844,0.018977350852740202
52.421808621359226,12.762148542168676,0.018640878814380757
52.421808621359226,12.762291156626507,0.018368454459444555
52.421808621359226,12.762433771084337,0.01816205199408568
52.421808621359226,12.76257638554217,0.01801698645745273
52.421808621359226,12.762719,0.01794368968975911
52.4219013592233,12.750882,0.11650462552735233
52.4219013592233,12.751024614457831,0.11643778140225032
52.4219013592233,12.751167228915664,0.11630018404806883
52.4219013592233,12.751309843373495,0.11609601217559909
52.4219013592233,12.751452457831325,0.11581977309463248
52.4219013592233,12.751595072289158,0.1154770752893014
52.4219013592233,12.751737686746988,0.11506674103160759
52.4219013592233,12.75188030120482,0.11458833387556572
52.4219013592233,12.752022915662652,0.11403882423182218
52.4219013592233,12.752165530120482,0.11342536113969369
52.4219013592233,12.752308144578313,0.11275241032439333
52.4219013592233,12.752450759036146,0.11200696658371445
52.4219013592233,12.752593373493976,0.11120549120262228
52.4219013592233,12.752735987951809,0.11034367401377769
52.4219013592233,12.75287860240964,0.10941110405673783
52.4219013592233,12.75302121686747,0.1084270262547607
52.4219013592233,12.753163831325303,0.10739187409368031
52.4219013592233,12.753306445783133,0.1062956536014317
52.4219013592233,12.753449060240964,0.1051434517004074
52.4219013592233,12.753591674698797,0.10393493153269226
52.4219013592233,12.753734289156627,0.10267706539826837
52.4219013592233,12.753876903614458,0.10136549383295695
52.4219013592233,12.75401951807229,0.10001134856601285
52.4219013592233,12.754162132530121,0.09861331257079899
52.4219013592233,12.754304746987952,0.09717367172264257
52.4219013592233,12.754447361445784,0.0956880966507472
52.4219013592233,12.754589975903615,0.09415768615541742
52.4219013592233,12.754732590361446,0.09259468555313818
52.4219013592233,12.754875204819278,0.09099187634120356
52.4219013592233,12.755017819277109,0.08935743170189923
52.4219013592233,12.75516043373494,0.08769364356657337
52.4219013592233,12.755303048192772,0.08599840431347353
52.4219013592233,12.755445662650603,0.08427927584477324
52.4219013592233,12.755588277108435,0.08253721267638889
52.4219013592233,12.755730891566266,0.080767877872439
52.4219013592233,12.755873506024097,0.07898066793940639
52.4219013592233,12.75601612048193,0.07717795752528495
52.4219013592233,12.75615873493976,0.075362644431112
52.4219013592233,12.75630134939759,0.0735305853451696
52.4219013592233,12.756443963855423,0.0716851186761467
52.4219013592233,12.756586578313254,0.0698387335146217
52.4219013592233,12.756729192771084,0.06799480138626252
52.4219013592233,12.756871807228917,0.06614181599449201
52.4219013592233,12.757014421686748,0.06429167281763185
52.4219013592233,12.757157036144578,0.0624478172449575
52.4219013592233,12.75729965060241,0.06061164548313722
52.4219013592233,12.757442265060241,0.058780591824835866
52.4219013592233,12.757584879518072,0.056961859885456594
52.4219013592233,12.757727493975905,0.05515452707312241
52.4219013592233,12.757870108433735,0.05337004041879645
52.4219013592233,12.758012722891566,0.05159806953388669
52.4219013592233,12.758155337349399,0.04984903073919447
52.4219013592233,12.75829795180723,0.04813044204507452
52.4219013592233,12.758440566265062,0.04642993828796836
52.4219013592233,12.758583180722892,0.04476249002743966
52.4219013592233,12.758725795180723,0.04312691930263321
52.4219013592233,12.758868409638556,0.04152147882994194
52.4219013592233,12.759011024096386,0.039950208663322745
52.4219013592233,12.759153638554217,0.03841933080769808
52.4219013592233,12.75929625301205,0.03693141776301842
52.4219013592233,12.75943886746988,0.035487164765184195
52.4219013592233,12.759581481927711,0.03408029024424808
52.4219013592233,12.759724096385543,0.032728706307445496
52.4219013592233,12.759866710843374,0.031418914215570665
52.4219013592233,12.760009325301205,0.030160593280391057
52.4219013592233,12.760151939759037,0.02895471691517812
52.4219013592233,12.760294554216868,0.02780096061861028
52.4219013592233,12.760437168674699,0.026701914897859915
52.4219013592233,12.760579783132531,0.02565635260461382
52.4219013592233,12.760722397590362,0.02466858471558747
52.4219013592233,12.760865012048193,0.02374248363951265
52.4219013592233,12.761007626506025,0.02287284056162507
52.4219013592233,12.761150240963856,0.02206628551138535
52.4219013592233,12.761292855421688,0.021327058409587048
52.4219013592233,12.761435469879519,0.020649101369510103
52.4219013592233,12.76157808433735,0.020031759710857487
52.4219013592233,12.761720698795182,0.019495703487123133
52.4219013592233,12.761863313253013,0.019016559372509553
52.4219013592233,12.762005927710844,0.01860407353875059
52.4219013592233,12.762148542168676,0.018266604679761687
52.4219013592233,12.762291156626507,0.01799338156912052
52.4219013592233,12.762433771084337,0.017786365806922035
52.4219013592233,12.76257638554217,0.01764086718136941
52.4219013592233,12.762719,0.017567353403385173
52.42199409708738,12.750882,0.11642382778975412
52.42199409708738,12.751024614457831,0.11635679051956202
52.42199409708738,12.751167228915664,0.11621883887131411
52.42199409708738,12.751309843373495,0.11601411905877179
52.42199409708738,12.751452457831325,0.1157371281512428
52.42199409708738,12.751595072289158,0.11539350267342961
52.42199409708738,12.751737686746988,0.1149820437856692
52.42199409708738,12.75188030120482,0.11450235068567886
52.42199409708738,12.752022915662652,0.11395137427211784
52.42199409708738,12.752165530120482,0.11333624302270454
52.42199409708738,12.752308144578313,0.11266148603813457
52.42199409708738,12.752450759036146,0.111914018205675
52.42199409708738,12.752593373493976,0.11111037346055017
52.42199409708738,12.752735987951809,0.1102462233621969
52.42199409708738,12.75287860240964,0.10931114598111187
52.42199409708738,12.75302121686747,0.10832440694866868
52.42199409708738,12.753163831325303,0.10728646386220508
52.42199409708738,12.753306445783133,0.10618730181665487
52.42199409708738,12.753449060240964,0.1050319828330367
52.42199409708738,12.753591674698797,0.10382020274611722
52.42199409708738,12.753734289156627,0.10255893392062795
52.42199409708738,12.753876903614458,0.1012438324751175
52.42199409708738,12.75401951807229,0.09988604730249259
52.42199409708738,12.754162132530121,0.09848425739810711
52.42199409708738,12.754304746987952,0.09704073315436684
52.42199409708738,12.754447361445784,0.09555119651079975
52.42199409708738,12.754589975903615,0.0940166797764624
52.42199409708738,12.754732590361446,0.09244950035809864
52.42199409708738,12.754875204819278,0.09084238353417369
52.42199409708738,12.755017819277109,0.08920353993789013
52.42199409708738,12.75516043373494,0.08753529355078471
52.42199409708738,12.755303048192772,0.08583551833199514
52.42199409708738,12.755445662650603,0.08411178601939005
52.42199409708738,12.755588277108435,0.08236508638747835
52.42199409708738,12.755730891566266,0.08059102894128012
52.42199409708738,12.755873506024097,0.07879905324735717
52.42199409708738,12.75601612048193,0.07699153011976508
52.42199409708738,12.75615873493976,0.07517136944755685
52.42199409708738,12.75630134939759,0.07333444671191464
52.42199409708738,12.756443963855423,0.07148409125610591
52.42199409708738,12.756586578313254,0.06963280592929272
52.42199409708738,12.756729192771084,0.06778396349239083
52.42199409708738,12.756871807228917,0.06592605963247986
52.42199409708738,12.757014421686748,0.06407100911329941
52.42199409708738,12.757157036144578,0.06222224779098079
52.42199409708738,12.75729965060241,0.06038120011769587
52.42199409708738,12.757442265060241,0.05854529490407189
52.42199409708738,12.757584879518072,0.05672173856810866
52.42199409708738,12.757727493975905,0.05490962263182179
52.42199409708738,12.757870108433735,0.05312042279983107
52.42199409708738,12.758012722891566,0.05134377128944757
52.42199409708738,12.758155337349399,0.04959010167035437
52.42199409708738,12.75829795180723,0.047866962714086886
52.42199409708738,12.758440566265062,0.04616198007716688
52.42199409708738,12.758583180722892,0.04449013647361153
52.42199409708738,12.758725795180723,0.04285026509372619
52.42199409708738,12.758868409638556,0.041240591190756404
52.42199409708738,12.759011024096386,0.03966520804697203
52.42199409708738,12.759153638554217,0.03813031531813274
52.42199409708738,12.75929625301205,0.03663846968587536
52.42199409708738,12.75943886746988,0.035190405690436535
52.42199409708738,12.759581481927711,0.033779827693587096
52.42199409708738,12.759724096385543,0.03242469472898239
52.42199409708738,12.759866710843374,0.031111477971349527
52.42199409708738,12.760009325301205,0.02984985851526897
52.42199409708738,12.760151939759037,0.02864081826566918
52.42199409708738,12.760294554216868,0.02748403945001172
52.42199409708738,12.760437168674699,0.026382116655421804
52.42199409708738,12.760579783132531,0.02533381636614396
52.42199409708738,12.760722397590362,0.024343470842094893
52.42199409708738,12.760865012048193,0.023414967864855946
52.42199409708738,12.761007626506025,0.022543064814054544
52.42199409708738,12.761150240963856,0.021734415006657726
52.42199409708738,12.761292855421688,0.020993259316707865
52.42199409708738,12.761435469879519,0.020313528957341564
52.42199409708738,12.76157808433735,0.019694572120820236
52.42199409708738,12.761720698795182,0.019157119926310914
52.42199409708738,12.761863313253013,0.018676719595612342
52.42199409708738,12.762005927710844,0.018263178285129304
52.42199409708738,12.762148542168676,0.01792482131593697
52.42199409708738,12.762291156626507,0.017650887037076565
52.42199409708738,12.762433771084337,0.0174433247478485
52.42199409708738,12.76257638554217,0.017297439923696763
52.42199409708738,12.762719,0.017223732808351867
52.42208683495146,12.750882,0.11635418514983549
52.42208683495146,12.751024614457831,0.11628697652642239
52.42208683495146,12.751167228915664,0.11614871104195347
52.42208683495146,12.751309843373495,0.1159435056693079
52.42208683495146,12.751452457831325,0.11566584852588205
52.42208683495146,12.751595072289158,0.11532140102917032
52.42208683495146,12.751737686746988,0.11490894604262909
52.42208683495146,12.75188030120482,0.11442811397640114
52.42208683495146,12.752022915662652,0.11387583813079448
52.42208683495146,12.752165530120482,0.11325922894417333
52.42208683495146,12.752308144578313,0.11258287193378334
52.42208683495146,12.752450759036146,0.11183361072500028
52.42208683495146,12.752593373493976,0.11102804387520002
52.42208683495146,12.752735987951809,0.11016182686102659
52.42208683495146,12.75287860240964,0.10922452777773312
52.42208683495146,12.75302121686747,0.10823543105660505
52.42208683495146,12.753163831325303,0.10719501490034038
52.42208683495146,12.753306445783133,0.10609324648755158
52.42208683495146,12.753449060240964,0.10493516579878402
52.42208683495146,12.753591674698797,0.10372049753558177
52.42208683495146,12.753734289156627,0.1024562137881413
52.42208683495146,12.753876903614458,0.1011379845738919
52.42208683495146,12.75401951807229,0.09977697429560536
52.42208683495146,12.754162132530121,0.0983718586815491
52.42208683495146,12.754304746987952,0.09692489358090114
52.42208683495146,12.754447361445784,0.09543184694394317
52.42208683495146,12.754589975903615,0.0938936920790774
52.42208683495146,12.754732590361446,0.09232281035297249
52.42208683495146,12.754875204819278,0.09071187678276744
52.42208683495146,12.755017819277109,0.08906913591226945
52.42208683495146,12.75516043373494,0.08739693898808903
52.42208683495146,12.755303048192772,0.08569314456135639
52.42208683495146,12.755445662650603,0.08396533269876459
52.42208683495146,12.755588277108435,0.08221452467000859
52.42208683495146,12.755730891566266,0.08043628284438518
52.42208683495146,12.755873506024097,0.07864008390655028
52.42208683495146,12.75601612048193,0.07682829628929681
52.42208683495146,12.75615873493976,0.07500384007290857
52.42208683495146,12.75630134939759,0.0731626076980816
52.42208683495146,12.756443963855423,0.07130791996161616
52.42208683495146,12.756586578313254,0.06945229235359944
52.42208683495146,12.756729192771084,0.0675990986102098
52.42208683495146,12.756871807228917,0.06573683640238684
52.42208683495146,12.757014421686748,0.0638774369242973
52.42208683495146,12.757157036144578,0.062024328146450314
52.42208683495146,12.75729965060241,0.06017895974108031
52.42208683495146,12.757442265060241,0.05833875514352754
52.42208683495146,12.757584879518072,0.05651092334251581
52.42208683495146,12.757727493975905,0.054694568319943744
52.42208683495146,12.757870108433735,0.052901191378058036
52.42208683495146,12.758012722891566,0.05112039166046757
52.42208683495146,12.758155337349399,0.04936261828844469
52.42208683495146,12.75829795180723,0.047635446899429536
52.42208683495146,12.758440566265062,0.04592649480744079
52.42208683495146,12.758583180722892,0.04425075579451311
52.42208683495146,12.758725795180723,0.04260707278532737
52.42208683495146,12.758868409638556,0.04099364662404061
52.42208683495146,12.759011024096386,0.03941461835109218
52.42208683495146,12.759153638554217,0.03787616782976359
52.42208683495146,12.75929625301205,0.036380837052002915
52.42208683495146,12.75943886746988,0.034929395286839596
52.42208683495146,12.759581481927711,0.033515534792513006
52.42208683495146,12.759724096385543,0.03215725626443606
52.42208683495146,12.759866710843374,0.030841004093255932
52.42208683495146,12.760009325301205,0.029576460916687836
52.42208683495146,12.760151939759037,0.028364616489094018
52.42208683495146,12.760294554216868,0.02720515872152235
52.42208683495146,12.760437168674699,0.02610068573023721
52.42208683495146,12.760579783132531,0.025049958618692678
52.42208683495146,12.760722397590362,0.024057328597179472
52.42208683495146,12.760865012048193,0.023126696840529967
52.42208683495146,12.761007626506025,0.022252790514096683
52.42208683495146,12.761150240963856,0.02144228384188059
52.42208683495146,12.761292855421688,0.02069941861019694
52.42208683495146,12.761435469879519,0.02001811653623481
52.42208683495146,12.76157808433735,0.01939772779680528
52.42208683495146,12.761720698795182,0.018859038457554607
52.42208683495146,12.761863313253013,0.018377525087398282
52.42208683495146,12.762005927710844,0.017963048324153005
52.42208683495146,12.762148542168676,0.01762390434044161
52.42208683495146,12.762291156626507,0.017349339670554
52.42208683495146,12.762433771084337,0.017141293135519924
52.42208683495146,12.76257638554217,0.0169950660091651
52.42208683495146,12.762719,0.016921187336217287
52.42217957281554,12.750882,0.11629823852653402
52.42217957281554,12.751024614457831,0.11623087775370383
52.42217957281554,12.751167228915664,0.11609233332101328
52.42217957281554,12.751309843373495,0.1158866964648006
52.42217957281554,12.751452457831325,0.11560844745481119
52.42217957281554,12.751595072289158,0.11526326967303452
52.42217957281554,12.751737686746988,0.11484992978053361
52.42217957281554,12.75188030120482,0.1143680856998714
52.42217957281554,12.752022915662652,0.11381465534414967
52.42217957281554,12.752165530120482,0.11319673323403755
52.42217957281554,12.752308144578313,0.11251895440737913
52.42217957281554,12.752450759036146,0.1117681000579596
52.42217957281554,12.752593373493976,0.110960825540443
52.42217957281554,12.752735987951809,0.11009277201818118
52.42217957281554,12.75287860240964,0.10915349893438782
52.42217957281554,12.75302121686747,0.10816230741659418
52.42217957281554,12.753163831325303,0.10711969404372403
52.42217957281554,12.753306445783133,0.10601560943321521
52.42217957281554,12.753449060240964,0.10485507505717945
52.42217957281554,12.753591674698797,0.10363784065101056
52.42217957281554,12.753734289156627,0.10237087827345184
52.42217957281554,12.753876903614458,0.10104987017362026
52.42217957281554,12.75401951807229,0.09968599427496733
52.42217957281554,12.754162132530121,0.09827792325659022
52.42217957281554,12.754304746987952,0.09682790093598709
52.42217957281554,12.754447361445784,0.0953317353059423
52.42217957281554,12.754589975903615,0.09379034785380705
52.42217957281554,12.754732590361446,0.09221617619234557
52.42217957281554,12.754875204819278,0.09060185111814344
52.42217957281554,12.755017819277109,0.0889556472832813
52.42217957281554,12.75516043373494,0.08727993979166845
52.42217957281554,12.755303048192772,0.08557257391988526
52.42217957281554,12.755445662650603,0.0838411369887674
52.42217957281554,12.755588277108435,0.08208667784697816
52.42217957281554,12.755730891566266,0.08030471758938855
52.42217957281554,12.755873506024097,0.07850476579691223
52.42217957281554,12.75601612048193,0.07668918866773515
52.42217957281554,12.75615873493976,0.07486091514664585
52.42217957281554,12.75630134939759,0.07301585296768458
52.42217957281554,12.756443963855423,0.07115731530633483
52.42217957281554,12.756586578313254,0.06929782890936464
52.42217957281554,12.756729192771084,0.06744076836188131
52.42217957281554,12.756871807228917,0.06557463286641001
52.42217957281554,12.757014421686748,0.0637113684743653
52.42217957281554,12.757157036144578,0.061854396262303143
52.42217957281554,12.75729965060241,0.06000518816493222
52.42217957281554,12.757442265060241,0.05816116274671291
52.42217957281554,12.757584879518072,0.05632953148247552
52.42217957281554,12.757727493975905,0.05450940915436407
52.42217957281554,12.757870108433735,0.052712319790900075
52.42217957281554,12.758012722891566,0.050927833507209586
52.42217957281554,12.758155337349399,0.04916641268597241
52.42217957281554,12.75829795180723,0.047435657216086904
52.42217957281554,12.758440566265062,0.04572317732030812
52.42217957281554,12.758583180722892,0.0440439759196669
52.42217957281554,12.758725795180723,0.04239690508530867
52.42217957281554,12.758868409638556,0.040780144059322704
52.42217957281554,12.759011024096386,0.03919787602633917
52.42217957281554,12.759153638554217,0.03765626338823481
52.42217957281554,12.75929625301205,0.036157835062372475
52.42217957281554,12.75943886746988,0.03470339118421329
52.42217957281554,12.759581481927711,0.033286613177178924
52.42217957281554,12.759724096385543,0.03192553882105614
52.42217957281554,12.759866710843374,0.030606588668078957
52.42217957281554,12.760009325301205,0.029339446556140496
52.42217957281554,12.760151939759037,0.028125109585608533
52.42217957281554,12.760294554216868,0.026963270493247923
52.42217957281554,12.760437168674699,0.025856530706027142
52.42217957281554,12.760579783132531,0.024803646647032912
52.42217957281554,12.760722397590362,0.02380898593086346
52.42217957281554,12.760865012048193,0.022876461767789943
52.42217957281554,12.761007626506025,0.022000774760503314
52.42217957281554,12.761150240963856,0.02118861774553994
52.42217957281554,12.761292855421688,0.020444232788112447
52.42217957281554,12.761435469879519,0.019761533568754874
52.42217957281554,12.76157808433735,0.019139872194039002
52.42217957281554,12.761720698795182,0.018600082844322224
52.42217957281554,12.761863313253013,0.018117580093734355
52.42217957281554,12.762005927710844,0.017702271802887314
52.42217957281554,12.762148542168676,0.017362428270744037
52.42217957281554,12.762291156626507,0.017087303150112983
52.42217957281554,12.762433771084337,0.016878826168213505
52.42217957281554,12.76257638554217,0.016732295313360648
52.42217957281554,12.762719,0.016658264417599516
52.42227231067961,12.750882,0.11624383778856232
52.42227231067961,12.751024614457831,0.11617634823645925
52.42227231067961,12.751167228915664,0.1160375679392276
52.42227231067961,12.751309843373495,0.11583156648654547
52.42227231067961,12.751452457831325,0.1155528170913282
52.42227231067961,12.751595072289158,0.11520702167344127
52.42227231067961,12.751737686746988,0.1147929331778862
52.42227231067961,12.75188030120482,0.11431023320111139
52.42227231067961,12.752022915662652,0.11375582663277803
52.42227231067961,12.752165530120482,0.1131367939650743
52.42227231067961,12.752308144578313,0.1124578129577051
52.42227231067961,12.752450759036146,0.11170561105250859
52.42227231067961,12.752593373493976,0.11089689239847544
52.42227231067961,12.752735987951809,0.11002728586917573
52.42227231067961,12.75287860240964,0.10908634369995267
52.42227231067961,12.75302121686747,0.10809338059564853
52.42227231067961,12.753163831325303,0.10704890909802159
52.42227231067961,12.753306445783133,0.10594286659211263
52.42227231067961,12.753449060240964,0.1047802571203163
52.42227231067961,12.753591674698797,0.10356085261908946
52.42227231067961,12.753734289156627,0.10229162487265184
52.42227231067961,12.753876903614458,0.10096826704934772
52.42227231067961,12.75401951807229,0.09960196825566003
52.42227231067961,12.754162132530121,0.09819139850435908
52.42227231067961,12.754304746987952,0.09673879105433947
52.42227231067961,12.754447361445784,0.09523998840451073
52.42227231067961,12.754589975903615,0.0936958675338479
52.42227231067961,12.754732590361446,0.09211891414100068
52.42227231067961,12.754875204819278,0.0905017216034845
52.42227231067961,12.755017819277109,0.08885258932286264
52.42227231067961,12.75516043373494,0.08717391407892004
52.42227231067961,12.755303048192772,0.08546352876500349
52.42227231067961,12.755445662650603,0.08372902729347005
52.42227231067961,12.755588277108435,0.0819714818469733
52.42227231067961,12.755730891566266,0.0801863779122252
52.42227231067961,12.755873506024097,0.07838325359611416
52.42227231067961,12.75601612048193,0.07656447266124128
52.42227231067961,12.75615873493976,0.07473297221362728
52.42227231067961,12.75630134939759,0.07288467213421486
52.42227231067961,12.756443963855423,0.07102288023851482
52.42227231067961,12.756586578313254,0.06916013202360595
52.42227231067961,12.756729192771084,0.06729980282832555
52.42227231067961,12.756871807228917,0.06543039326639956
52.42227231067961,12.757014421686748,0.06356386221159493
52.42227231067961,12.757157036144578,0.0617036244744474
52.42227231067961,12.75729965060241,0.05985117057226839
52.42227231067961,12.757442265060241,0.058003915525013675
52.42227231067961,12.757584879518072,0.056169072823123105
52.42227231067961,12.757727493975905,0.054345766477200595
52.42227231067961,12.757870108433735,0.05254553952795664
52.42227231067961,12.758012722891566,0.05075793752430926
52.42227231067961,12.758155337349399,0.048993434233466734
52.42227231067961,12.75829795180723,0.04725964999006142
52.42227231067961,12.758440566265062,0.04554418868694217
52.42227231067961,12.758583180722892,0.043862061402888654
52.42227231067961,12.758725795180723,0.042212127797854826
52.42227231067961,12.758868409638556,0.040592548750009616
52.42227231067961,12.759011024096386,0.03900754302574291
52.42227231067961,12.759153638554217,0.03746325792809389
52.42227231067961,12.75929625301205,0.03596221187055246
52.42227231067961,12.75943886746988,0.03450523106184861
52.42227231067961,12.759581481927711,0.033085987776819835
52.42227231067961,12.759724096385543,0.03172255105002022
52.42227231067961,12.759866710843374,0.030401321368133588
52.42227231067961,12.760009325301205,0.029131983349997257
52.42227231067961,12.760151939759037,0.02791554024386854
52.42227231067961,12.760294554216868,0.02675168914090022
52.42227231067961,12.760437168674699,0.025643034165599925
52.42227231067961,12.760579783132531,0.024588327318753978
52.42227231067961,12.760722397590362,0.02359195077259672
52.42227231067961,12.760865012048193,0.02265782783098231
52.42227231067961,12.761007626506025,0.021780636475184308
52.42227231067961,12.761150240963856,0.020967085101484068
52.42227231067961,12.761292855421688,0.020221416409100707
52.42227231067961,12.761435469879519,0.01953753672647094
52.42227231067961,12.76157808433735,0.01891480013783461
52.42227231067961,12.761720698795182,0.018374081706791553
52.42227231067961,12.761863313253013,0.01789074256279314
52.42227231067961,12.762005927710844,0.017474731891519713
52.42227231067961,12.762148542168676,0.017134297200151673
52.42227231067961,12.762291156626507,0.01685869874048109
52.42227231067961,12.762433771084337,0.016649858207966772
52.42227231067961,12.76257638554217,0.016503070165781362
52.42227231067961,12.762719,0.016428910428736714
52.42236504854369,12.750882,0.11620289043314111
52.42236504854369,12.751024614457831,0.11613529213580318
52.42236504854369,12.751167228915664,0.11599631220970694
52.42236504854369,12.751309843373495,0.11579000242335817
52.42236504854369,12.751452457831325,0.11551083029424723
52.42236504854369,12.751595072289158,0.11516451309577122
52.42236504854369,12.751737686746988,0.11474979230260365
52.42236504854369,12.75188030120482,0.11426636911135554
52.42236504854369,12.752022915662652,0.11371113764434512
52.42236504854369,12.752165530120482,0.11309116653323653
52.42236504854369,12.752308144578313,0.11241116934518684
52.42236504854369,12.752450759036146,0.11165782878393528
52.42236504854369,12.752593373493976,0.11084788969981235
52.42236504854369,12.752735987951809,0.10997697086804868
52.42236504854369,12.75287860240964,0.1090346181371328
52.42236504854369,12.75302121686747,0.10804015808557735
52.42236504854369,12.753163831325303,0.10699411645772325
52.42236504854369,12.753306445783133,0.10588641897135342
52.42236504854369,12.753449060240964,0.10472205629831997
52.42236504854369,12.753591674698797,0.10350081794065875
52.42236504854369,12.753734289156627,0.10222967595403838
52.42236504854369,12.753876903614458,0.10090433226814713
52.42236504854369,12.75401951807229,0.09953598565407182
52.42236504854369,12.754162132530121,0.09812330402550173
52.42236504854369,12.754304746987952,0.09666851184356044
52.42236504854369,12.754447361445784,0.09516748057413663
52.42236504854369,12.754589975903615,0.09362104964844624
52.42236504854369,12.754732590361446,0.09204174536655159
52.42236504854369,12.754875204819278,0.09042212943100443
52.42236504854369,12.755017819277109,0.08877052246639693
52.42236504854369,12.75516043373494,0.08708933915573161
52.42236504854369,12.755303048192772,0.08537640195202903
52.42236504854369,12.755445662650603,0.08363931026132677
52.42236504854369,12.755588277108435,0.08187915604510873
52.42236504854369,12.755730891566266,0.08009139532590819
52.42236504854369,12.755873506024097,0.07828558979800955
52.42236504854369,12.75601612048193,0.07646410133985962
52.42236504854369,12.75615873493976,0.07462987390524876
52.42236504854369,12.75630134939759,0.07277883765057959
52.42236504854369,12.756443963855423,0.07091429523224489
52.42236504854369,12.756586578313254,0.06904879018913387
52.42236504854369,12.756729192771084,0.06718569840816925
52.42236504854369,12.756871807228917,0.06531352180272977
52.42236504854369,12.757014421686748,0.06344422987559246
52.42236504854369,12.757157036144578,0.061581232183230236
52.42236504854369,12.75729965060241,0.05972603517840207
52.42236504854369,12.757442265060241,0.057876050895738856
52.42236504854369,12.757584879518072,0.056038494054218374
52.42236504854369,12.757727493975905,0.05421249641345366
52.42236504854369,12.757870108433735,0.052409617756716945
52.42236504854369,12.758012722891566,0.050619382468032714
52.42236504854369,12.758155337349399,0.04885227402971713
52.42236504854369,12.75829795180723,0.04711592988716119
52.42236504854369,12.758440566265062,0.0453979488704807
52.42236504854369,12.758583180722892,0.04371334857169251
52.42236504854369,12.758725795180723,0.042060994890429707
52.42236504854369,12.758868409638556,0.040439033751972164
52.42236504854369,12.759011024096386,0.03885171426209916
52.42236504854369,12.759153638554217,0.03730517048686615
52.42236504854369,12.75929625301205,0.03580191224760349
52.42236504854369,12.75943886746988,0.03434278746888274
52.42236504854369,12.759581481927711,0.03292146064885068
52.42236504854369,12.759724096385543,0.03155602712872389
52.42236504854369,12.759866710843374,0.0302328704589529
52.42236504854369,12.760009325301205,0.028961676577280555
52.42236504854369,12.760151939759037,0.027743453575416865
52.42236504854369,12.760294554216868,0.026577901930292802
52.42236504854369,12.760437168674699,0.02546762828722415
52.42236504854369,12.760579783132531,0.02441138087073895
52.42236504854369,12.760722397590362,0.023413554041558034
52.42236504854369,12.760865012048193,0.022478079497094097
52.42236504854369,12.761007626506025,0.021599616390283616
52.42236504854369,12.761150240963856,0.020784886399665345
52.42236504854369,12.761292855421688,0.0200381326016517
52.42236504854369,12.761435469879519,0.01935325509074754
52.42236504854369,12.76157808433735,0.01872960935772642
52.42236504854369,12.761720698795182,0.018188105496642806
52.42236504854369,12.761863313253013,0.01770405974632722
52.42236504854369,12.762005927710844,0.01728745514597485
52.42236504854369,12.762148542168676,0.016946520851456117
52.42236504854369,12.762291156626507,0.016670522068419142
52.42236504854369,12.762433771084337,0.016461374091480446
52.42236504854369,12.76257638554217,0.016314369000725814
52.42236504854369,12.762719,0.016240100367841494
52.42245778640777,12.750882,0.11617336307193128
52.42245778640777,12.751024614457831,0.11610567597163594
52.42245778640777,12.751167228915664,0.11596653343231998
52.42245778640777,12.751309843373495,0.11575997191996697
52.42245778640777,12.751452457831325,0.11548045481870768
52.42245778640777,12.751595072289158,0.11513371207185859
52.42245778640777,12.751737686746988,0.11471847586264383
52.42245778640777,12.75188030120482,0.11423446276626799
52.42245778640777,12.752022915662652,0.11367855846593176
52.42245778640777,12.752165530120482,0.11305782241365125
52.42245778640777,12.752308144578313,0.11237699666606239
52.42245778640777,12.752450759036146,0.11162272775255594
52.42245778640777,12.752593373493976,0.11081179344156009
52.42245778640777,12.752735987951809,0.10993980446522936
52.42245778640777,12.75287860240964,0.1089963013790859
52.42245778640777,12.75302121686747,0.10800062077363462
52.42245778640777,12.753163831325303,0.10695329871624508
52.42245778640777,12.753306445783133,0.10584425148272565
52.42245778640777,12.753449060240964,0.10467845899150341
52.42245778640777,12.753591674698797,0.10345572509637277
52.42245778640777,12.753734289156627,0.1021830222140091
52.42245778640777,12.753876903614458,0.10085605925939416
52.42245778640777,12.75401951807229,0.0994860428175749
52.42245778640777,12.754162132530121,0.09807163915265364
52.42245778640777,12.754304746987952,0.09661506568203723
52.42245778640777,12.754447361445784,0.09511221676217044
52.42245778640777,12.754589975903615,0.09356390241712272
52.42245778640777,12.754732590361446,0.09198268121835962
52.42245778640777,12.754875204819278,0.09036108962220624
52.42245778640777,12.755017819277109,0.08870746508293
52.42245778640777,12.75516043373494,0.08702423659492713
52.42245778640777,12.755303048192772,0.08530921877607649
52.42245778640777,12.755445662650603,0.08357001543808065
52.42245778640777,12.755588277108435,0.08180773425698475
52.42245778640777,12.755730891566266,0.08001780756159416
52.42245778640777,12.755873506024097,0.07820981606603566
52.42245778640777,12.75601612048193,0.07638612032226293
52.42245778640777,12.75615873493976,0.07454966960717885
52.42245778640777,12.75630134939759,0.07269640260350939
52.42245778640777,12.756443963855423,0.07082961787401237
52.42245778640777,12.756586578313254,0.06896186524435453
52.42245778640777,12.756729192771084,0.06709652149786169
52.42245778640777,12.756871807228917,0.06522208911643822
52.42245778640777,12.757014421686748,0.06335054637222072
52.42245778640777,12.757157036144578,0.0614852988928178
52.42245778640777,12.75729965060241,0.05962786562471014
52.42245778640777,12.757442265060241,0.05777565625335365
52.42245778640777,12.757584879518072,0.055935886651659
52.42245778640777,12.757727493975905,0.05410769551065297
52.42245778640777,12.757870108433735,0.052302655241244146
52.42245778640777,12.758012722891566,0.050510273658613825
52.42245778640777,12.758155337349399,0.0487410417142518
52.42245778640777,12.75829795180723,0.04700261074962398
52.42245778640777,12.758440566265062,0.045282575884742535
52.42245778640777,12.758583180722892,0.04359595984411487
52.42245778640777,12.758725795180723,0.0419416339497589
52.42245778640777,12.758868409638556,0.04031773139788866
52.42245778640777,12.759011024096386,0.0387285257539686
52.42245778640777,12.759153638554217,0.03718014085159356
52.42245778640777,12.75929625301205,0.03567507978643776
52.42245778640777,12.75943886746988,0.034214207567175095
52.42245778640777,12.759581481927711,0.03279118246369523
52.42245778640777,12.759724096385543,0.0314241212954721
52.42245778640777,12.759866710843374,0.030099394331980105
52.42245778640777,12.760009325301205,0.028826687762251137
52.42245778640777,12.760151939759037,0.02760701403095351
52.42245778640777,12.760294554216868,0.026440076527239065
52.42245778640777,12.760437168674699,0.02532848351642765
52.42245778640777,12.760579783132531,0.024270980878828237
52.42245778640777,12.760722397590362,0.02327197222702892
52.42245778640777,12.760865012048193,0.022335396218180193
52.42245778640777,12.761007626506025,0.02145589677685046
52.42245778640777,12.761150240963856,0.02064020614076217
52.42245778640777,12.761292855421688,0.01989256786981693
52.42245778640777,12.761435469879519,0.019206877159239633
52.42245778640777,12.76157808433735,0.018582490954266357
52.42245778640777,12.761720698795182,0.018040346727101614
52.42245778640777,12.761863313253013,0.017555725159348546
52.42245778640777,12.762005927710844,0.017138636442685727
52.42245778640777,12.762148542168676,0.016797295105860196
52.42245778640777,12.762291156626507,0.016520970150443372
52.42245778640777,12.762433771084337,0.01631157161835084
52.42245778640777,12.76257638554217,0.016164389786553796
52.42245778640777,12.762719,0.016090032428829542
52.42255052427185,12.750882,0.11614441097488169
52.42255052427185,12.751024614457831,0.11607665773578828
52.42255052427185,12.751167228915664,0.11593739350456156
52.42255052427185,12.751309843373495,0.11573064410196209
52.42255052427185,12.751452457831325,0.11545086903741837
52.42255052427185,12.751595072289158,0.11510380795813183
52.42255052427185,12.751737686746988,0.11468818611260552
52.42255052427185,12.75188030120482,0.11420373169147757
52.42255052427185,12.752022915662652,0.11364732414029716
52.42255052427185,12.752165530120482,0.11302601592565073
52.42255052427185,12.752308144578313,0.11234457055279708
52.42255052427185,12.752450759036146,0.11158960725117664
52.42255052427185,12.752593373493976,0.11077792860376805
52.42255052427185,12.752735987951809,0.10990513940686689
52.42255052427185,12.75287860240964,0.1089607760795754
52.42255052427185,12.75302121686747,0.10796418259624613
52.42255052427185,12.753163831325303,0.10691590308118616
52.42255052427185,12.753306445783133,0.10580584644412201
52.42255052427185,12.753449060240964,0.10463898475021267
52.42255052427185,12.753591674698797,0.10341513240796525
52.42255052427185,12.753734289156627,0.10214126245304012
52.42255052427185,12.753876903614458,0.10081308869090003
52.42255052427185,12.75401951807229,0.09944182367684665
52.42255052427185,12.754162132530121,0.09802613224078774
52.42255052427185,12.754304746987952,0.0965682265307765
52.42255052427185,12.754447361445784,0.09506401816921703
52.42255052427185,12.754589975903615,0.09351429538955412
52.42255052427185,12.754732590361446,0.09193164064687864
52.42255052427185,12.754875204819278,0.0903085714652904
52.42255052427185,12.755017819277109,0.08865343821657595
52.42255052427185,12.75516043373494,0.08696868013841312
52.42255052427185,12.755303048192772,0.08525210615051483
52.42255052427185,12.755445662650603,0.08351132331028888
52.42255052427185,12.755588277108435,0.08174745119471212
52.42255052427185,12.755730891566266,0.07995590431752045
52.42255052427185,12.755873506024097,0.07814627802092473
52.42255052427185,12.75601612048193,0.0763209315262113
52.42255052427185,12.75615873493976,0.07448281802601867
52.42255052427185,12.75630134939759,0.07262788267436393
52.42255052427185,12.756443963855423,0.07075942099997916
52.42255052427185,12.756586578313254,0.06888998713577253
52.42255052427185,12.756729192771084,0.06702295912117323
52.42255052427185,12.756871807228917,0.06514683983425974
52.42255052427185,12.757014421686748,0.06327361374397303
52.42255052427185,12.757157036144578,0.0614066837036448
52.42255052427185,12.75729965060241,0.05954757803148543
52.42255052427185,12.757442265060241,0.057693704422407635
52.42255052427185,12.757584879518072,0.055852280010169314
52.42255052427185,12.757727493975905,0.05402244826806754
52.42255052427185,12.757870108433735,0.05221579106683134
52.42255052427185,12.758012722891566,0.05042180410890289
52.42255052427185,12.758155337349399,0.04865098370268296
52.42255052427185,12.75829795180723,0.046910991997623344
52.42255052427185,12.758440566265062,0.045189420882724825
52.42255052427185,12.758583180722892,0.04350129701835097
52.42255052427185,12.758725795180723,0.04184549596376394
52.42255052427185,12.758868409638556,0.04022014128538
52.42255052427185,12.759011024096386,0.03862952489371177
52.42255052427185,12.759153638554217,0.03707976289597885
52.42255052427185,12.75929625301205,0.03557335320934189
52.42255052427185,12.75943886746988,0.03411117394431815
52.42255052427185,12.759581481927711,0.03268687881249967
52.42255052427185,12.759724096385543,0.03131860046825494
52.42255052427185,12.759866710843374,0.02999269885640988
52.42255052427185,12.760009325301205,0.028718861017269542
52.42255052427185,12.760151939759037,0.027498102149577493
52.42255052427185,12.760294554216868,0.026330128042661237
52.42255052427185,12.760437168674699,0.025217548442295998
52.42255052427185,12.760579783132531,0.024159106760193172
52.42255052427185,12.760722397590362,0.02315921387230332
52.42255052427185,12.760865012048193,0.022221813933843763
52.42255052427185,12.761007626506025,0.021341539218478506
52.42255052427185,12.761150240963856,0.02052513007507598
52.42255052427185,12.761292855421688,0.019776830088500064
52.42255052427185,12.761435469879519,0.019090531169113592
52.42255052427185,12.76157808433735,0.018465590932910593
52.42255052427185,12.761720698795182,0.01792296791324372
52.42255052427185,12.761863313253013,0.01743791570803762
52.42255052427185,12.762005927710844,0.017020464723328292
52.42255052427185,12.762148542168676,0.016678818576661997
52.42255052427185,12.762291156626507,0.016402249705592706
52.42255052427185,12.762433771084337,0.016192663760337185
52.42255052427185,12.76257638554217,0.016045349739399452
52.42255052427185,12.762719,0.015970926192421218
52.42264326213592,12.750882,0.11612460624330302
52.42264326213592,12.751024614457831,0.11605681122542823
52.42264326213592,12.751167228915664,0.11591747065310112
52.42264326213592,12.751309843373495,0.11571060317700727
52.42264326213592,12.751452457831325,0.11543066596428811
52.42264326213592,12.751595072289158,0.11508340461882685
52.42264326213592,12.751737686746988,0.11466754009046219
52.42264326213592,12.75188030120482,0.1141828083147731
52.42264326213592,12.752022915662652,0.11362608464331685
52.42264326213592,12.752165530120482,0.11300441631380272
52.42264326213592,12.752308144578313,0.11232258180436722
52.42264326213592,12.752450759036146,0.1115671814095046
52.42264326213592,12.752593373493976,0.1107550346927039
52.42264326213592,12.752735987951809,0.10988174223475848
52.42264326213592,12.75287860240964,0.10893683796035875
52.42264326213592,12.75302121686747,0.1079396704278315
52.42264326213592,12.753163831325303,0.10689078901232335
52.42264326213592,12.753306445783133,0.10578009818468234
52.42264326213592,12.753449060240964,0.10461256426523753
52.42264326213592,12.753591674698797,0.10338800858720841
52.42264326213592,12.753734289156627,0.10211340454145078
52.42264326213592,12.753876903614458,0.10078446929660723
52.42264326213592,12.75401951807229,0.09941241916864182
52.42264326213592,12.754162132530121,0.0979959182766545
52.42264326213592,12.754304746987952,0.09653717506393111
52.42264326213592,12.754447361445784,0.09503211294035344
52.42264326213592,12.754589975903615,0.09348150455243837
52.42264326213592,12.754732590361446,0.09189794903799041
52.42264326213592,12.754875204819278,0.0902739508091823
52.42264326213592,12.755017819277109,0.08861786902843921
52.42264326213592,12.75516043373494,0.08693214980879042
52.42264326213592,12.755303048192772,0.08521459784036367
52.42264326213592,12.755445662650603,0.08347282252961609
52.42264326213592,12.755588277108435,0.08170795129275563
52.42264326213592,12.755730891566266,0.07991538616545983
52.42264326213592,12.755873506024097,0.07810473281668323
52.42264326213592,12.75601612048193,0.07627834902878386
52.42264326213592,12.75615873493976,0.07443919093390465
52.42264326213592,12.75630134939759,0.07258320738878722
52.42264326213592,12.756443963855423,0.07071369215693839
52.42264326213592,12.756586578313254,0.06884320274859615
52.42264326213592,12.756729192771084,0.0669751165312562
52.42264326213592,12.756871807228917,0.06509793750724346
52.42264326213592,12.757014421686748,0.06322365393786321
52.42264326213592,12.757157036144578,0.06135566694175493
52.42264326213592,12.75729965060241,0.05949551085265242
52.42264326213592,12.757442265060241,0.05764059206725481
52.42264326213592,12.757584879518072,0.055798128322152474
52.42264326213592,12.757727493975905,0.053967266383419726
52.42264326213592,12.757870108433735,0.052159594086029736
52.42264326213592,12.758012722891566,0.05036459891931042
52.42264326213592,12.758155337349399,0.04859278113168524
52.42264326213592,12.75829795180723,0.0468518096542515
52.42264326213592,12.758440566265062,0.045129274028057706
52.42264326213592,12.758583180722892,0.04344020355780173
52.42264326213592,12.758725795180723,0.04178347680035166
52.42264326213592,12.758868409638556,0.040157210242521606
52.42264326213592,12.759011024096386,0.03856570870755173
52.42264326213592,12.759153638554217,0.03701508236435652
52.42264326213592,12.75929625301205,0.0355078260123122
52.42264326213592,12.75943886746988,0.03404482598633067
52.42264326213592,12.759581481927711,0.032619733672325416
52.42264326213592,12.759724096385543,0.03125069142332439
52.42264326213592,12.759866710843374,0.029924053020616535
52.42264326213592,12.760009325301205,0.02864950517054832
52.42264326213592,12.760151939759037,0.02742806513519039
52.42264326213592,12.760294554216868,0.02625944068009724
52.42264326213592,12.760437168674699,0.02514624208468271
52.42264326213592,12.760579783132531,0.02408721105952769
52.42264326213592,12.760722397590362,0.023086763196987575
52.42264326213592,12.760865012048193,0.02214884664666176
52.42264326213592,12.761007626506025,0.021268085686489593
52.42264326213592,12.761150240963856,0.020451225732263725
52.42264326213592,12.761292855421688,0.019702510643971733
52.42264326213592,12.761435469879519,0.019015830092271632
52.42264326213592,12.76157808433735,0.018390541726305706
52.42264326213592,12.761720698795182,0.017847618633494256
52.42264326213592,12.761863313253013,0.017362296081800812
52.42264326213592,12.762005927710844,0.016944618302681607
52.42264326213592,12.762148542168676,0.016602781125171547
52.42264326213592,12.762291156626507,0.01632605931210196
52.42264326213592,12.762433771084337,0.016116355608805356
52.42264326213592,12.76257638554217,0.015968958113989646
52.42264326213592,12.762719,0.01589449270732338
52.422736,12.750882,0.11612167217456158
52.422736,12.751024614457831,0.11605385497773535
52.422736,12.751167228915664,0.11591447397050485
52.422736,12.751309843373495,0.11570754386371508
52.422736,12.751452457831325,0.11542752111787652
52.422736,12.751595072289158,0.11508015414044917
52.422736,12.751737686746988,0.11466416148181137
52.422736,12.75188030120482,0.11417928327020586
52.422736,12.752022915662652,0.11362239247009995
52.422736,12.752165530120482,0.11300053413981165
52.422736,12.752308144578313,0.11231849410580946
52.422736,12.752450759036146,0.11156286327828836
52.422736,12.752593373493976,0.11075046968149722
52.422736,12.752735987951809,0.10987691141232633
52.422736,12.75287860240964,0.10893172176336847
52.422736,12.75302121686747,0.1079342512267049
52.422736,12.753163831325303,0.10688505217626972
52.422736,12.753306445783133,0.10577402645721098
52.422736,12.753449060240964,0.10460613790175476
52.422736,12.753591674698797,0.1033812111934658
52.422736,12.753734289156627,0.1021062198286577
52.422736,12.753876903614458,0.10077688280516377
52.422736,12.75401951807229,0.09940441838708707
52.422736,12.754162132530121,0.09798749005858935
52.422736,12.754304746987952,0.09652830493205782
52.422736,12.754447361445784,0.09502279221772689
52.422736,12.754589975903615,0.09347171682267597
52.422736,12.754732590361446,0.0918876856630686
52.422736,12.754875204819278,0.09026319751249395
52.422736,12.755017819277109,0.08860661532304176
52.422736,12.75516043373494,0.08692038890568737
52.422736,12.755303048192772,0.0852023208734478
52.422736,12.755445662650603,0.0834600218680497
52.422736,12.755588277108435,0.08169462319517104
52.422736,12.755730891566266,0.07990152097157091
52.422736,12.755873506024097,0.07809032546560919
52.422736,12.75601612048193,0.07626339421113074
52.422736,12.75615873493976,0.07442368484656048
52.422736,12.75630134939759,0.07256714811695361
52.422736,12.756443963855423,0.07069707693312657
52.422736,12.756586578313254,0.06882603029485462
52.422736,12.756729192771084,0.06695738581300584
52.422736,12.756871807228917,0.06507964723738822
52.422736,12.757014421686748,0.06320480567439099
52.422736,12.757157036144578,0.06133626066124996
52.422736,12.75729965060241,0.059475550255618945
52.422736,12.757442265060241,0.0576200799069251
52.422736,12.757584879518072,0.055777067646724035
52.422736,12.757727493975905,0.05394566189530976
52.422736,12.757870108433735,0.052137453795407906
52.422736,12.758012722891566,0.050341926292735706
52.422736,12.758155337349399,0.04856958199553944
52.422736,12.75829795180723,0.04682809302146818
52.422736,12.758440566265062,0.045105048240310634
52.422736,12.758583180722892,0.04341547824054016
52.422736,12.758725795180723,0.041758262737874446
52.422736,12.758868409638556,0.04013151496104818
52.422736,12.759011024096386,0.03853954600038831
52.422736,12.759153638554217,0.036988463406011016
52.422736,12.75929625301205,0.035480760101763154
52.422736,12.75943886746988,0.03401732712492833
52.422736,12.759581481927711,0.03259181410215451
52.422736,12.759724096385543,0.031222368628884122
52.422736,12.759866710843374,0.02989534113248119
52.422736,12.760009325301205,0.028620418434082626
52.422736,12.760151939759037,0.02739861905307318
52.422736,12.760294554216868,0.026229651354201612
52.422736,12.760437168674699,0.025116125883416836
52.422736,12.760579783132531,0.02405678393668391
52.422736,12.760722397590362,0.023056043300016652
52.422736,12.760865012048193,0.022117853854007684
52.422736,12.761007626506025,0.02123683621696676
52.422736,12.761150240963856,0.020419738171761407
52.422736,12.761292855421688,0.019670804085895034
52.422736,12.761435469879519,0.018983922039125856
52.422736,12.76157808433735,0.018358450150182684
52.422736,12.761720698795182,0.01781536837268325
52.422736,12.761863313253013,0.017329903302602014
52.422736,12.762005927710844,0.016912105747673673
52.422736,12.762148542168676,0.016570167460976337
52.422736,12.762291156626507,0.01629336479925648
52.422736,12.762433771084337,0.01608359880127842
52.422736,12.76257638554217,0.015936157490136483
52.422736,12.762719,0.015861669855672743
