latitude,longitude,value
52.413184,12.750882,0.0
52.413184,12.751024614457831,0.0
52.413184,12.751167228915664,0.0
52.413184,12.751309843373495,0.0
52.413184,12.751452457831325,0.0
52.413184,12.751595072289158,0.0
52.413184,12.751737686746988,0.0
52.413184,12.75188030120482,0.0
52.413184,12.752022915662652,0.0
52.413184,12.752165530120482,0.0
52.413184,12.752308144578313,0.0
52.413184,12.752450759036146,0.0
52.413184,12.752593373493976,0.0
52.413184,12.752735987951809,0.0
52.413184,12.75287860240964,0.0
52.413184,12.75302121686747,0.0
52.413184,12.753163831325303,0.0
52.413184,12.753306445783133,0.0
52.413184,12.753449060240964,0.0
52.413184,12.753591674698797,0.0
52.413184,12.753734289156627,0.0
52.413184,12.753876903614458,0.0
52.413184,12.75401951807229,0.0
52.413184,12.754162132530121,0.0
52.413184,12.754304746987952,0.0
52.413184,12.754447361445784,0.0
52.413184,12.754589975903615,0.0
52.413184,12.754732590361446,0.0
52.413184,12.754875204819278,0.0
52.413184,12.755017819277109,0.0
52.413184,12.75516043373494,0.0
52.413184,12.755303048192772,0.0
52.413184,12.755445662650603,0.0
52.413184,12.755588277108435,0.0
52.413184,12.755730891566266,0.0
52.413184,12.755873506024097,0.0
52.413184,12.75601612048193,0.0
52.413184,12.75615873493976,0.0
52.413184,12.75630134939759,0.0
52.413184,12.756443963855423,0.0
52.413184,12.756586578313254,0.0
52.413184,12.756729192771084,0.0
52.413184,12.756871807228917,0.0
52.413184,12.757014421686748,0.0
52.413184,12.757157036144578,0.0
52.413184,12.75729965060241,0.0
52.413184,12.757442265060241,0.0
52.413184,12.757584879518072,0.0
52.413184,12.757727493975905,0.0
52.413184,12.757870108433735,0.0
52.413184,12.758012722891566,0.0
52.413184,12.758155337349399,0.0
52.413184,12.75829795180723,0.0
52.413184,12.758440566265062,0.0
52.413184,12.758583180722892,0.0
52.413184,12.758725795180723,0.0
52.413184,12.758868409638556,0.0
52.413184,12.759011024096386,0.0
52.413184,12.759153638554217,0.0
52.413184,12.75929625301205,0.0
52.413184,12.75943886746988,0.0
52.413184,12.759581481927711,0.0
52.413184,12.759724096385543,0.0
52.413184,12.759866710843374,0.0
52.413184,12.760009325301205,0.0
52.413184,12.760151939759037,0.0
52.413184,12.760294554216868,0.0
52.413184,12.760437168674699,0.0
52.413184,12.760579783132531,0.0
52.413184,12.760722397590362,0.0
52.413184,12.760865012048193,0.0
52.413184,12.761007626506025,0.0
52.413184,12.761150240963856,0.0
52.413184,12.761292855421688,0.0
52.413184,12.761435469879519,0.0
52.413184,12.76157808433735,0.0
52.413184,12.761720698795182,0.0
52.413184,12.761863313253013,0.0
52.413184,12.762005927710844,0.0
52.413184,12.762148542168676,0.0
52.413184,12.762291156626507,0.0
52.413184,12.762433771084337,0.0
52.413184,12.76257638554217,0.0
52.413184,12.762719,0.0
52.41327673786408,12.750882,0.0
52.41327673786408,12.751024614457831,0.0
52.41327673786408,12.751167228915664,0.0
52.41327673786408,12.751309843373495,0.0
52.41327673786408,12.751452457831325,0.0
52.41327673786408,12.751595072289158,0.0
52.41327673786408,12.751737686746988,0.0
52.41327673786408,12.75188030120482,0.0
52.41327673786408,12.752022915662652,0.0
52.41327673786408,12.752165530120482,0.0
52.41327673786408,12.752308144578313,0.0
52.41327673786408,12.752450759036146,0.0
52.41327673786408,12.752593373493976,0.0
52.41327673786408,12.752735987951809,0.0
52.41327673786408,12.75287860240964,0.0
52.41327673786408,12.75302121686747,0.0
52.41327673786408,12.753163831325303,0.0
52.41327673786408,12.753306445783133,0.0
52.41327673786408,12.753449060240964,0.0
52.41327673786408,12.753591674698797,0.0
52.41327673786408,12.753734289156627,0.0
52.41327673786408,12.753876903614458,0.0
52.41327673786408,12.75401951807229,0.0
52.41327673786408,12.754162132530121,0.0
52.41327673786408,12.754304746987952,0.0
52.41327673786408,12.754447361445784,0.0
52.41327673786408,12.754589975903615,0.0
52.41327673786408,12.754732590361446,0.0
52.41327673786408,12.754875204819278,0.0
52.41327673786408,12.755017819277109,0.0
52.41327673786408,12.75516043373494,0.0
52.41327673786408,12.755303048192772,0.0
52.41327673786408,12.755445662650603,0.0
52.41327673786408,12.755588277108435,0.0
52.41327673786408,12.755730891566266,0.0
52.41327673786408,12.755873506024097,0.0
52.41327673786408,12.75601612048193,0.0
52.41327673786408,12.75615873493976,0.0
52.41327673786408,12.75630134939759,0.0
52.41327673786408,12.756443963855423,0.0
52.41327673786408,12.756586578313254,0.0
52.41327673786408,12.756729192771084,0.0
52.41327673786408,12.756871807228917,0.0
52.41327673786408,12.757014421686748,0.0
52.41327673786408,12.757157036144578,0.0
52.41327673786408,12.75729965060241,0.0
52.41327673786408,12.757442265060241,0.0
52.41327673786408,12.757584879518072,0.0
52.41327673786408,12.757727493975905,0.0
52.41327673786408,12.757870108433735,0.0
52.41327673786408,12.758012722891566,0.0
52.41327673786408,12.758155337349399,0.0
52.41327673786408,12.75829795180723,0.0
52.41327673786408,12.758440566265062,0.0
52.41327673786408,12.758583180722892,0.0
52.41327673786408,12.758725795180723,0.0
52.41327673786408,12.758868409638556,0.0
52.41327673786408,12.759011024096386,0.0
52.41327673786408,12.759153638554217,0.0
52.41327673786408,12.75929625301205,0.0
52.41327673786408,12.75943886746988,0.0
52.41327673786408,12.759581481927711,0.0
52.41327673786408,12.759724096385543,0.0
52.41327673786408,12.759866710843374,0.0
52.41327673786408,12.760009325301205,0.0
52.41327673786408,12.760151939759037,0.0
52.41327673786408,12.760294554216868,0.0
52.41327673786408,12.760437168674699,0.0
52.41327673786408,12.760579783132531,0.0
52.41327673786408,12.760722397590362,0.0
52.41327673786408,12.760865012048193,0.0
52.41327673786408,12.761007626506025,0.0
52.41327673786408,12.761150240963856,0.0
52.41327673786408,12.761292855421688,0.0
52.41327673786408,12.761435469879519,0.0
52.41327673786408,12.76157808433735,0.0
52.41327673786408,12.761720698795182,0.0
52.41327673786408,12.761863313253013,0.0
52.41327673786408,12.762005927710844,0.0
52.41327673786408,12.762148542168676,0.0
52.41327673786408,12.762291156626507,0.0
52.41327673786408,12.762433771084337,0.0
52.41327673786408,12.76257638554217,0.0
52.41327673786408,12.762719,0.0
52.41336947572815,12.750882,0.0
52.41336947572815,12.751024614457831,0.0
52.41336947572815,12.751167228915664,0.0
52.41336947572815,12.751309843373495,0.0
52.41336947572815,12.751452457831325,0.0
52.41336947572815,12.751595072289158,0.0
52.41336947572815,12.751737686746988,0.0
52.41336947572815,12.75188030120482,0.0
52.41336947572815,12.752022915662652,0.0
52.41336947572815,12.752165530120482,0.0
52.41336947572815,12.752308144578313,0.0
52.41336947572815,12.752450759036146,0.0
52.41336947572815,12.752593373493976,0.0
52.41336947572815,12.752735987951809,0.0
52.41336947572815,12.75287860240964,0.0
52.41336947572815,12.75302121686747,0.0
52.41336947572815,12.753163831325303,0.0
52.41336947572815,12.753306445783133,0.0
52.41336947572815,12.753449060240964,0.0
52.41336947572815,12.753591674698797,0.0
52.41336947572815,12.753734289156627,0.0
52.41336947572815,12.753876903614458,0.0
52.41336947572815,12.75401951807229,0.0
52.41336947572815,12.754162132530121,0.0
52.41336947572815,12.754304746987952,0.0
52.41336947572815,12.754447361445784,0.0
52.41336947572815,12.754589975903615,0.0
52.41336947572815,12.754732590361446,0.0
52.41336947572815,12.754875204819278,0.0
52.41336947572815,12.755017819277109,0.0
52.41336947572815,12.75516043373494,0.0
52.41336947572815,12.755303048192772,0.0
52.41336947572815,12.755445662650603,0.0
52.41336947572815,12.755588277108435,0.0
52.41336947572815,12.755730891566266,0.0
52.41336947572815,12.755873506024097,0.0
52.41336947572815,12.75601612048193,0.0
52.41336947572815,12.75615873493976,0.0
52.41336947572815,12.75630134939759,0.0
52.41336947572815,12.756443963855423,0.0
52.41336947572815,12.756586578313254,0.0
52.41336947572815,12.756729192771084,0.0
52.41336947572815,12.756871807228917,0.0
52.41336947572815,12.757014421686748,0.0
52.41336947572815,12.757157036144578,0.0
52.41336947572815,12.75729965060241,0.0
52.41336947572815,12.757442265060241,0.0
52.41336947572815,12.757584879518072,0.0
52.41336947572815,12.757727493975905,0.0
52.41336947572815,12.757870108433735,0.0
52.41336947572815,12.758012722891566,0.0
52.41336947572815,12.758155337349399,0.0
52.41336947572815,12.75829795180723,0.0
52.41336947572815,12.758440566265062,0.0
52.41336947572815,12.758583180722892,0.0
52.41336947572815,12.758725795180723,0.0
52.41336947572815,12.758868409638556,0.0
52.41336947572815,12.759011024096386,0.0
52.41336947572815,12.759153638554217,0.0
52.41336947572815,12.75929625301205,0.0
52.41336947572815,12.75943886746988,0.0
52.41336947572815,12.759581481927711,0.0
52.41336947572815,12.759724096385543,0.0
52.41336947572815,12.759866710843374,0.0
52.41336947572815,12.760009325301205,0.0
52.41336947572815,12.760151939759037,0.0
52.41336947572815,12.760294554216868,0.0
52.41336947572815,12.760437168674699,0.0
52.41336947572815,12.760579783132531,0.0
52.41336947572815,12.760722397590362,0.0
52.41336947572815,12.760865012048193,0.0
52.41336947572815,12.761007626506025,0.0
52.41336947572815,12.761150240963856,0.0
52.41336947572815,12.761292855421688,0.0
52.41336947572815,12.761435469879519,0.0
52.41336947572815,12.76157808433735,0.0
52.41336947572815,12.761720698795182,0.0
52.41336947572815,12.761863313253013,0.0
52.41336947572815,12.762005927710844,0.0
52.41336947572815,12.762148542168676,0.0
52.41336947572815,12.762291156626507,0.0
52.41336947572815,12.762433771084337,0.0
52.41336947572815,12.76257638554217,0.0
52.41336947572815,12.762719,0.0
52.41346221359223,12.750882,0.0
52.41346221359223,12.751024614457831,0.0
52.41346221359223,12.751167228915664,0.0
52.41346221359223,12.751309843373495,0.0
52.41346221359223,12.751452457831325,0.0
52.41346221359223,12.751595072289158,0.0
52.41346221359223,12.751737686746988,0.0
52.41346221359223,12.75188030120482,0.0
52.41346221359223,12.752022915662652,0.0
52.41346221359223,12.752165530120482,0.0
52.41346221359223,12.752308144578313,0.0
52.41346221359223,12.752450759036146,0.0
52.41346221359223,12.752593373493976,0.0
52.41346221359223,12.752735987951809,0.0
52.41346221359223,12.75287860240964,0.0
52.41346221359223,12.75302121686747,0.0
52.41346221359223,12.753163831325303,0.0
52.41346221359223,12.753306445783133,0.0
52.41346221359223,12.753449060240964,0.0
52.41346221359223,12.753591674698797,0.0
52.41346221359223,12.753734289156627,0.0
52.41346221359223,12.753876903614458,0.0
52.41346221359223,12.75401951807229,0.0
52.41346221359223,12.754162132530121,0.0
52.41346221359223,12.754304746987952,0.0
52.41346221359223,12.754447361445784,0.0
52.41346221359223,12.754589975903615,0.0
52.41346221359223,12.754732590361446,0.0
52.41346221359223,12.754875204819278,0.0
52.41346221359223,12.755017819277109,0.0
52.41346221359223,12.75516043373494,0.0
52.41346221359223,12.755303048192772,0.0
52.41346221359223,12.755445662650603,0.0
52.41346221359223,12.755588277108435,0.0
52.41346221359223,12.755730891566266,0.0
52.41346221359223,12.755873506024097,0.0
52.41346221359223,12.75601612048193,0.0
52.41346221359223,12.75615873493976,0.0
52.41346221359223,12.75630134939759,0.0
52.41346221359223,12.756443963855423,0.0
52.41346221359223,12.756586578313254,0.0
52.41346221359223,12.756729192771084,0.0
52.41346221359223,12.756871807228917,0.0
52.41346221359223,12.757014421686748,0.0
52.41346221359223,12.757157036144578,0.0
52.41346221359223,12.75729965060241,0.0
52.41346221359223,12.757442265060241,0.0
52.41346221359223,12.757584879518072,0.0
52.41346221359223,12.757727493975905,0.0
52.41346221359223,12.757870108433735,0.0
52.41346221359223,12.758012722891566,0.0
52.41346221359223,12.758155337349399,0.0
52.41346221359223,12.75829795180723,0.0
52.41346221359223,12.758440566265062,0.0
52.41346221359223,12.758583180722892,0.0
52.41346221359223,12.758725795180723,0.0
52.41346221359223,12.758868409638556,0.0
52.41346221359223,12.759011024096386,0.0
52.41346221359223,12.759153638554217,0.0
52.41346221359223,12.75929625301205,0.0
52.41346221359223,12.75943886746988,0.0
52.41346221359223,12.759581481927711,0.0
52.41346221359223,12.759724096385543,0.0
52.41346221359223,12.759866710843374,0.0
52.41346221359223,12.760009325301205,0.0
52.41346221359223,12.760151939759037,0.0
52.41346221359223,12.760294554216868,0.0
52.41346221359223,12.760437168674699,0.0
52.41346221359223,12.760579783132531,0.0
52.41346221359223,12.760722397590362,0.0
52.41346221359223,12.760865012048193,0.0
52.41346221359223,12.761007626506025,0.0
52.41346221359223,12.761150240963856,0.0
52.41346221359223,12.761292855421688,0.0
52.41346221359223,12.761435469879519,0.0
52.41346221359223,12.76157808433735,0.0
52.41346221359223,12.761720698795182,0.0
52.41346221359223,12.761863313253013,0.0
52.41346221359223,12.762005927710844,0.0
52.41346221359223,12.762148542168676,0.0
52.41346221359223,12.762291156626507,0.0
52.41346221359223,12.762433771084337,0.0
52.41346221359223,12.76257638554217,0.0
52.41346221359223,12.762719,0.0
52.41355495145631,12.750882,0.0
52.41355495145631,12.751024614457831,0.0
52.41355495145631,12.751167228915664,0.0
52.41355495145631,12.751309843373495,0.0
52.41355495145631,12.751452457831325,0.0
52.41355495145631,12.751595072289158,0.0
52.41355495145631,12.751737686746988,0.0
52.41355495145631,12.75188030120482,0.0
52.41355495145631,12.752022915662652,0.0
52.41355495145631,12.752165530120482,0.0
52.41355495145631,12.752308144578313,0.0
52.41355495145631,12.752450759036146,0.0
52.41355495145631,12.752593373493976,0.0
52.41355495145631,12.752735987951809,0.0
52.41355495145631,12.75287860240964,0.0
52.41355495145631,12.75302121686747,0.0
52.41355495145631,12.753163831325303,0.0
52.41355495145631,12.753306445783133,0.0
52.41355495145631,12.753449060240964,0.0
52.41355495145631,12.753591674698797,0.0
52.41355495145631,12.753734289156627,0.0
52.41355495145631,12.753876903614458,0.0
52.41355495145631,12.75401951807229,0.0
52.41355495145631,12.754162132530121,0.0
52.41355495145631,12.754304746987952,0.0
52.41355495145631,12.754447361445784,0.0
52.41355495145631,12.754589975903615,0.0
52.41355495145631,12.754732590361446,0.0
52.41355495145631,12.754875204819278,0.0
52.41355495145631,12.755017819277109,0.0
52.41355495145631,12.75516043373494,0.0
52.41355495145631,12.755303048192772,0.0
52.41355495145631,12.755445662650603,0.0
52.41355495145631,12.755588277108435,0.0
52.41355495145631,12.755730891566266,0.0
52.41355495145631,12.755873506024097,0.0
52.41355495145631,12.75601612048193,0.0
52.41355495145631,12.75615873493976,0.0
52.41355495145631,12.75630134939759,0.0
52.41355495145631,12.756443963855423,0.0
52.41355495145631,12.756586578313254,0.0
52.41355495145631,12.756729192771084,0.0
52.41355495145631,12.756871807228917,0.0
52.41355495145631,12.757014421686748,0.0
52.41355495145631,12.757157036144578,0.0
52.41355495145631,12.75729965060241,0.0
52.41355495145631,12.757442265060241,0.0
52.41355495145631,12.757584879518072,0.0
52.41355495145631,12.757727493975905,0.0
52.41355495145631,12.757870108433735,0.0
52.41355495145631,12.758012722891566,0.0
52.41355495145631,12.758155337349399,0.0
52.41355495145631,12.75829795180723,0.0
52.41355495145631,12.758440566265062,0.0
52.41355495145631,12.758583180722892,0.0
52.41355495145631,12.758725795180723,0.0
52.41355495145631,12.758868409638556,0.0
52.41355495145631,12.759011024096386,0.0
52.41355495145631,12.759153638554217,0.0
52.41355495145631,12.75929625301205,0.0
52.41355495145631,12.75943886746988,0.0
52.41355495145631,12.759581481927711,0.0
52.41355495145631,12.759724096385543,0.0
52.41355495145631,12.759866710843374,0.0
52.41355495145631,12.760009325301205,0.0
52.41355495145631,12.760151939759037,0.0
52.41355495145631,12.760294554216868,0.0
52.41355495145631,12.760437168674699,0.0
52.41355495145631,12.760579783132531,0.0
52.41355495145631,12.760722397590362,0.0
52.41355495145631,12.760865012048193,0.0
52.41355495145631,12.761007626506025,0.0
52.41355495145631,12.761150240963856,0.0
52.41355495145631,12.761292855421688,0.0
52.41355495145631,12.761435469879519,0.0
52.41355495145631,12.76157808433735,0.0
52.41355495145631,12.761720698795182,0.0
52.41355495145631,12.761863313253013,0.0
52.41355495145631,12.762005927710844,0.0
52.41355495145631,12.762148542168676,0.0
52.41355495145631,12.762291156626507,0.0
52.41355495145631,12.762433771084337,0.0
52.41355495145631,12.76257638554217,0.0
52.41355495145631,12.762719,0.0
52.41364768932039,12.750882,0.0
52.41364768932039,12.751024614457831,0.0
52.41364768932039,12.751167228915664,0.0
52.41364768932039,12.751309843373495,0.0
52.41364768932039,12.751452457831325,0.0
52.41364768932039,12.751595072289158,0.0
52.41364768932039,12.751737686746988,0.0
52.41364768932039,12.75188030120482,0.0
52.41364768932039,12.752022915662652,0.0
52.41364768932039,12.752165530120482,0.0
52.41364768932039,12.752308144578313,0.0
52.41364768932039,12.752450759036146,0.0
52.41364768932039,12.752593373493976,0.0
52.41364768932039,12.752735987951809,0.0
52.41364768932039,12.75287860240964,0.0
52.41364768932039,12.75302121686747,0.0
52.41364768932039,12.753163831325303,0.0
52.41364768932039,12.753306445783133,0.0
52.41364768932039,12.753449060240964,0.0
52.41364768932039,12.753591674698797,0.0
52.41364768932039,12.753734289156627,0.0
52.41364768932039,12.753876903614458,0.0
52.41364768932039,12.75401951807229,0.0
52.41364768932039,12.754162132530121,0.0
52.41364768932039,12.754304746987952,0.0
52.41364768932039,12.754447361445784,0.0
52.41364768932039,12.754589975903615,0.0
52.41364768932039,12.754732590361446,0.0
52.41364768932039,12.754875204819278,0.0
52.41364768932039,12.755017819277109,0.0
52.41364768932039,12.75516043373494,0.0
52.41364768932039,12.755303048192772,0.0
52.41364768932039,12.755445662650603,0.0
52.41364768932039,12.755588277108435,0.0
52.41364768932039,12.755730891566266,0.0
52.41364768932039,12.755873506024097,0.0
52.41364768932039,12.75601612048193,0.0
52.41364768932039,12.75615873493976,0.0
52.41364768932039,12.75630134939759,0.0
52.41364768932039,12.756443963855423,0.0
52.41364768932039,12.756586578313254,0.0
52.41364768932039,12.756729192771084,0.0
52.41364768932039,12.756871807228917,0.0
52.41364768932039,12.757014421686748,0.0
52.41364768932039,12.757157036144578,0.0
52.41364768932039,12.75729965060241,0.0
52.41364768932039,12.757442265060241,0.0
52.41364768932039,12.757584879518072,0.0
52.41364768932039,12.757727493975905,0.0
52.41364768932039,12.757870108433735,0.0
52.41364768932039,12.758012722891566,0.0
52.41364768932039,12.758155337349399,0.0
52.41364768932039,12.75829795180723,0.0
52.41364768932039,12.758440566265062,0.0
52.41364768932039,12.758583180722892,0.0
52.41364768932039,12.758725795180723,0.0
52.41364768932039,12.758868409638556,0.0
52.41364768932039,12.759011024096386,0.0
52.41364768932039,12.759153638554217,0.0
52.41364768932039,12.75929625301205,0.0
52.41364768932039,12.75943886746988,0.0
52.41364768932039,12.759581481927711,0.0
52.41364768932039,12.759724096385543,0.0
52.41364768932039,12.759866710843374,0.0
52.41364768932039,12.760009325301205,0.0
52.41364768932039,12.760151939759037,0.0
52.41364768932039,12.760294554216868,0.0
52.41364768932039,12.760437168674699,0.0
52.41364768932039,12.760579783132531,0.0
52.41364768932039,12.760722397590362,0.0
52.41364768932039,12.760865012048193,0.0
52.41364768932039,12.761007626506025,0.0
52.41364768932039,12.761150240963856,0.0
52.41364768932039,12.761292855421688,0.0
52.41364768932039,12.761435469879519,0.0
52.41364768932039,12.76157808433735,0.0
52.41364768932039,12.761720698795182,0.0
52.41364768932039,12.761863313253013,0.0
52.41364768932039,12.762005927710844,0.0
52.41364768932039,12.762148542168676,0.0
52.41364768932039,12.762291156626507,0.0
52.41364768932039,12.762433771084337,0.0
52.41364768932039,12.76257638554217,0.0
52.41364768932039,12.762719,0.0
52.413740427184464,12.750882,0.0
52.413740427184464,12.751024614457831,0.0
52.413740427184464,12.751167228915664,0.0
52.413740427184464,12.751309843373495,0.0
52.413740427184464,12.751452457831325,0.0
52.413740427184464,12.751595072289158,0.0
52.413740427184464,12.751737686746988,0.0
52.413740427184464,12.75188030120482,0.0
52.413740427184464,12.752022915662652,0.0
52.413740427184464,12.752165530120482,0.0
52.413740427184464,12.752308144578313,0.0
52.413740427184464,12.752450759036146,0.0
52.413740427184464,12.752593373493976,0.0
52.413740427184464,12.752735987951809,0.0
52.413740427184464,12.75287860240964,0.0
52.413740427184464,12.75302121686747,0.0
52.413740427184464,12.753163831325303,0.0
52.413740427184464,12.753306445783133,0.0
52.413740427184464,12.753449060240964,0.0
52.413740427184464,12.753591674698797,0.0
52.413740427184464,12.753734289156627,0.0
52.413740427184464,12.753876903614458,0.0
52.413740427184464,12.75401951807229,0.0
52.413740427184464,12.754162132530121,0.0
52.413740427184464,12.754304746987952,0.0
52.413740427184464,12.754447361445784,0.0
52.413740427184464,12.754589975903615,0.0
52.413740427184464,12.754732590361446,0.0
52.413740427184464,12.754875204819278,0.0
52.413740427184464,12.755017819277109,0.0
52.413740427184464,12.75516043373494,0.0
52.413740427184464,12.755303048192772,0.0
52.413740427184464,12.755445662650603,0.0
52.413740427184464,12.755588277108435,0.0
52.413740427184464,12.755730891566266,0.0
52.413740427184464,12.755873506024097,0.0
52.413740427184464,12.75601612048193,0.0
52.413740427184464,12.75615873493976,0.0
52.413740427184464,12.75630134939759,0.0
52.413740427184464,12.756443963855423,0.0
52.413740427184464,12.756586578313254,0.0
52.413740427184464,12.756729192771084,0.0
52.413740427184464,12.756871807228917,0.0
52.413740427184464,12.757014421686748,0.0
52.413740427184464,12.757157036144578,0.0
52.413740427184464,12.75729965060241,0.0
52.413740427184464,12.757442265060241,0.0
52.413740427184464,12.757584879518072,0.0
52.413740427184464,12.757727493975905,0.0
52.413740427184464,12.757870108433735,0.0
52.413740427184464,12.758012722891566,0.0
52.413740427184464,12.758155337349399,0.0
52.413740427184464,12.75829795180723,0.0
52.413740427184464,12.758440566265062,0.0
52.413740427184464,12.758583180722892,0.0
52.413740427184464,12.758725795180723,0.0
52.413740427184464,12.758868409638556,0.0
52.413740427184464,12.759011024096386,0.0
52.413740427184464,12.759153638554217,0.0
52.413740427184464,12.75929625301205,0.0
52.413740427184464,12.75943886746988,0.0
52.413740427184464,12.759581481927711,0.0
52.413740427184464,12.759724096385543,0.0
52.413740427184464,12.759866710843374,0.0
52.413740427184464,12.760009325301205,0.0
52.413740427184464,12.760151939759037,0.0
52.413740427184464,12.760294554216868,0.0
52.413740427184464,12.760437168674699,0.0
52.413740427184464,12.760579783132531,0.0
52.413740427184464,12.760722397590362,0.0
52.413740427184464,12.760865012048193,0.0
52.413740427184464,12.761007626506025,0.0
52.413740427184464,12.761150240963856,0.0
52.413740427184464,12.761292855421688,0.0
52.413740427184464,12.761435469879519,0.0
52.413740427184464,12.76157808433735,0.0
52.413740427184464,12.761720698795182,0.0
52.413740427184464,12.761863313253013,0.0
52.413740427184464,12.762005927710844,0.0
52.413740427184464,12.762148542168676,0.0
52.413740427184464,12.762291156626507,0.0
52.413740427184464,12.762433771084337,0.0
52.413740427184464,12.76257638554217,0.0
52.413740427184464,12.762719,0.0
52.413833165048544,12.750882,0.0
52.413833165048544,12.751024614457831,0.0
52.413833165048544,12.751167228915664,0.0
52.413833165048544,12.751309843373495,0.0
52.413833165048544,12.751452457831325,0.0
52.413833165048544,12.751595072289158,0.0
52.413833165048544,12.751737686746988,0.0
52.413833165048544,12.75188030120482,0.0
52.413833165048544,12.752022915662652,0.0
52.413833165048544,12.752165530120482,0.0
52.413833165048544,12.752308144578313,0.0
52.413833165048544,12.752450759036146,0.0
52.413833165048544,12.752593373493976,0.0
52.413833165048544,12.752735987951809,0.0
52.413833165048544,12.75287860240964,0.0
52.413833165048544,12.75302121686747,0.0
52.413833165048544,12.753163831325303,0.0
52.413833165048544,12.753306445783133,0.0
52.413833165048544,12.753449060240964,0.0
52.413833165048544,12.753591674698797,0.0
52.413833165048544,12.753734289156627,0.0
52.413833165048544,12.753876903614458,0.0
52.413833165048544,12.75401951807229,0.0
52.413833165048544,12.754162132530121,0.0
52.413833165048544,12.754304746987952,0.0
52.413833165048544,12.754447361445784,0.0
52.413833165048544,12.754589975903615,0.0
52.413833165048544,12.754732590361446,0.0
52.413833165048544,12.754875204819278,0.0
52.413833165048544,12.755017819277109,0.0
52.413833165048544,12.75516043373494,0.0
52.413833165048544,12.755303048192772,0.0
52.413833165048544,12.755445662650603,0.0
52.413833165048544,12.755588277108435,0.0
52.413833165048544,12.755730891566266,0.0
52.413833165048544,12.755873506024097,0.0
52.413833165048544,12.75601612048193,0.0
52.413833165048544,12.75615873493976,0.0
52.413833165048544,12.75630134939759,0.0
52.413833165048544,12.756443963855423,0.0
52.413833165048544,12.756586578313254,0.0
52.413833165048544,12.756729192771084,0.0
52.413833165048544,12.756871807228917,0.0
52.413833165048544,12.757014421686748,0.0
52.413833165048544,12.757157036144578,0.0
52.413833165048544,12.75729965060241,0.0
52.413833165048544,12.757442265060241,0.0
52.413833165048544,12.757584879518072,0.0
52.413833165048544,12.757727493975905,0.0
52.413833165048544,12.757870108433735,0.0
52.413833165048544,12.758012722891566,0.0
52.413833165048544,12.758155337349399,0.0
52.413833165048544,12.75829795180723,0.0
52.413833165048544,12.758440566265062,0.0
52.413833165048544,12.758583180722892,0.0
52.413833165048544,12.758725795180723,0.0
52.413833165048544,12.758868409638556,0.0
52.413833165048544,12.759011024096386,0.0
52.413833165048544,12.759153638554217,0.0
52.413833165048544,12.75929625301205,0.0
52.413833165048544,12.75943886746988,0.0
52.413833165048544,12.759581481927711,0.0
52.413833165048544,12.759724096385543,0.0
52.413833165048544,12.759866710843374,0.0
52.413833165048544,12.760009325301205,0.0
52.413833165048544,12.760151939759037,0.0
52.413833165048544,12.760294554216868,0.0
52.413833165048544,12.760437168674699,0.0
52.413833165048544,12.760579783132531,0.0
52.413833165048544,12.760722397590362,0.0
52.413833165048544,12.760865012048193,0.0
52.413833165048544,12.761007626506025,0.0
52.413833165048544,12.761150240963856,0.0
52.413833165048544,12.761292855421688,0.0
52.413833165048544,12.761435469879519,0.0
52.413833165048544,12.76157808433735,0.0
52.413833165048544,12.761720698795182,0.0
52.413833165048544,12.761863313253013,0.0
52.413833165048544,12.762005927710844,0.0
52.413833165048544,12.762148542168676,0.0
52.413833165048544,12.762291156626507,0.0
52.413833165048544,12.762433771084337,0.0
52.413833165048544,12.76257638554217,0.0
52.413833165048544,12.762719,0.0
52.413925902912624,12.750882,0.0
52.413925902912624,12.751024614457831,0.0
52.413925902912624,12.751167228915664,0.0
52.413925902912624,12.751309843373495,0.0
52.413925902912624,12.751452457831325,0.0
52.413925902912624,12.751595072289158,0.0
52.413925902912624,12.751737686746988,0.0
52.413925902912624,12.75188030120482,0.0
52.413925902912624,12.752022915662652,0.0
52.413925902912624,12.752165530120482,0.0
52.413925902912624,12.752308144578313,0.0
52.413925902912624,12.752450759036146,0.0
52.413925902912624,12.752593373493976,0.0
52.413925902912624,12.752735987951809,0.0
52.413925902912624,12.75287860240964,0.0
52.413925902912624,12.75302121686747,0.0
52.413925902912624,12.753163831325303,0.0
52.413925902912624,12.753306445783133,0.0
52.413925902912624,12.753449060240964,0.0
52.413925902912624,12.753591674698797,0.0
52.413925902912624,12.753734289156627,0.0
52.413925902912624,12.753876903614458,0.0
52.413925902912624,12.75401951807229,0.0
52.413925902912624,12.754162132530121,0.0
52.413925902912624,12.754304746987952,0.0
52.413925902912624,12.754447361445784,0.0
52.413925902912624,12.754589975903615,0.0
52.413925902912624,12.754732590361446,0.0
52.413925902912624,12.754875204819278,0.0
52.413925902912624,12.755017819277109,0.0
52.413925902912624,12.75516043373494,0.0
52.413925902912624,12.755303048192772,0.0
52.413925902912624,12.755445662650603,0.0
52.413925902912624,12.755588277108435,0.0
52.413925902912624,12.755730891566266,0.0
52.413925902912624,12.755873506024097,0.0
52.413925902912624,12.75601612048193,0.0
52.413925902912624,12.75615873493976,0.0
52.413925902912624,12.75630134939759,0.0
52.413925902912624,12.756443963855423,0.0
52.413925902912624,12.756586578313254,0.0
52.413925902912624,12.756729192771084,0.0
52.413925902912624,12.756871807228917,0.0
52.413925902912624,12.757014421686748,0.0
52.413925902912624,12.757157036144578,0.0
52.413925902912624,12.75729965060241,0.0
52.413925902912624,12.757442265060241,0.0
52.413925902912624,12.757584879518072,0.0
52.413925902912624,12.757727493975905,0.0
52.413925902912624,12.757870108433735,0.0
52.413925902912624,12.758012722891566,0.0
52.413925902912624,12.758155337349399,0.0
52.413925902912624,12.75829795180723,0.0
52.413925902912624,12.758440566265062,0.0
52.413925902912624,12.758583180722892,0.0
52.413925902912624,12.758725795180723,0.0
52.413925902912624,12.758868409638556,0.0
52.413925902912624,12.759011024096386,0.0
52.413925902912624,12.759153638554217,0.0
52.413925902912624,12.75929625301205,0.0
52.413925902912624,12.75943886746988,0.0
52.413925902912624,12.759581481927711,0.0
52.413925902912624,12.759724096385543,0.0
52.413925902912624,12.759866710843374,0.0
52.413925902912624,12.760009325301205,0.0
52.413925902912624,12.760151939759037,0.0
52.413925902912624,12.760294554216868,0.0
52.413925902912624,12.760437168674699,0.0
52.413925902912624,12.760579783132531,0.0
52.413925902912624,12.760722397590362,0.0
52.413925902912624,12.760865012048193,0.0
52.413925902912624,12.761007626506025,0.0
52.413925902912624,12.761150240963856,0.0
52.413925902912624,12.761292855421688,0.0
52.413925902912624,12.761435469879519,0.0
52.413925902912624,12.76157808433735,0.0
52.413925902912624,12.761720698795182,0.0
52.413925902912624,12.761863313253013,0.0
52.413925902912624,12.762005927710844,0.0
52.413925902912624,12.762148542168676,0.0
52.413925902912624,12.762291156626507,0.0
52.413925902912624,12.762433771084337,0.0
52.413925902912624,12.76257638554217,0.0
52.413925902912624,12.762719,0.0
52.4140186407767,12.750882,0.0
52.4140186407767,12.751024614457831,0.0
52.4140186407767,12.751167228915664,0.0
52.4140186407767,12.751309843373495,0.0
52.4140186407767,12.751452457831325,0.0
52.4140186407767,12.751595072289158,0.0
52.4140186407767,12.751737686746988,0.0
52.4140186407767,12.75188030120482,0.0
52.4140186407767,12.752022915662652,0.0
52.4140186407767,12.752165530120482,0.0
52.4140186407767,12.752308144578313,0.0
52.4140186407767,12.752450759036146,0.0
52.4140186407767,12.752593373493976,0.0
52.4140186407767,12.752735987951809,0.0
52.4140186407767,12.75287860240964,0.0
52.4140186407767,12.75302121686747,0.0
52.4140186407767,12.753163831325303,0.0
52.4140186407767,12.753306445783133,0.0
52.4140186407767,12.753449060240964,0.0
52.4140186407767,12.753591674698797,0.0
52.4140186407767,12.753734289156627,0.0
52.4140186407767,12.753876903614458,0.0
52.4140186407767,12.75401951807229,0.0
52.4140186407767,12.754162132530121,0.0
52.4140186407767,12.754304746987952,0.0
52.4140186407767,12.754447361445784,0.0
52.4140186407767,12.754589975903615,0.0
52.4140186407767,12.754732590361446,0.0
52.4140186407767,12.754875204819278,0.0
52.4140186407767,12.755017819277109,0.0
52.4140186407767,12.75516043373494,0.0
52.4140186407767,12.755303048192772,0.0
52.4140186407767,12.755445662650603,0.0
52.4140186407767,12.755588277108435,0.0
52.4140186407767,12.755730891566266,0.0
52.4140186407767,12.755873506024097,0.0
52.4140186407767,12.75601612048193,0.0
52.4140186407767,12.75615873493976,0.0
52.4140186407767,12.75630134939759,0.0
52.4140186407767,12.756443963855423,0.0
52.4140186407767,12.756586578313254,0.0
52.4140186407767,12.756729192771084,0.0
52.4140186407767,12.756871807228917,0.0
52.4140186407767,12.757014421686748,0.0
52.4140186407767,12.757157036144578,0.0
52.4140186407767,12.75729965060241,0.0
52.4140186407767,12.757442265060241,0.0
52.4140186407767,12.757584879518072,0.0
52.4140186407767,12.757727493975905,0.0
52.4140186407767,12.757870108433735,0.0
52.4140186407767,12.758012722891566,0.0
52.4140186407767,12.758155337349399,0.0
52.4140186407767,12.75829795180723,0.0
52.4140186407767,12.758440566265062,0.0
52.4140186407767,12.758583180722892,0.0
52.4140186407767,12.758725795180723,0.0
52.4140186407767,12.758868409638556,0.0
52.4140186407767,12.759011024096386,0.0
52.4140186407767,12.759153638554217,0.0
52.4140186407767,12.75929625301205,0.0
52.4140186407767,12.75943886746988,0.0
52.4140186407767,12.759581481927711,0.0
52.4140186407767,12.759724096385543,0.0
52.4140186407767,12.759866710843374,0.0
52.4140186407767,12.760009325301205,0.0
52.4140186407767,12.760151939759037,0.0
52.4140186407767,12.760294554216868,0.0
52.4140186407767,12.760437168674699,0.0
52.4140186407767,12.760579783132531,0.0
52.4140186407767,12.760722397590362,0.0
52.4140186407767,12.760865012048193,0.0
52.4140186407767,12.761007626506025,0.0
52.4140186407767,12.761150240963856,0.0
52.4140186407767,12.761292855421688,0.0
52.4140186407767,12.761435469879519,0.0
52.4140186407767,12.76157808433735,0.0
52.4140186407767,12.761720698795182,0.0
52.4140186407767,12.761863313253013,0.0
52.4140186407767,12.762005927710844,0.0
52.4140186407767,12.762148542168676,0.0
52.4140186407767,12.762291156626507,0.0
52.4140186407767,12.762433771084337,0.0
52.4140186407767,12.76257638554217,0.0
52.4140186407767,12.762719,0.0
52.414111378640776,12.750882,0.0
52.414111378640776,12.751024614457831,0.0
52.414111378640776,12.751167228915664,0.0
52.414111378640776,12.751309843373495,0.0
52.414111378640776,12.751452457831325,0.0
52.414111378640776,12.751595072289158,0.0
52.414111378640776,12.751737686746988,0.0
52.414111378640776,12.75188030120482,0.0
52.414111378640776,12.752022915662652,0.0
52.414111378640776,12.752165530120482,0.0
52.414111378640776,12.752308144578313,0.0
52.414111378640776,12.752450759036146,0.0
52.414111378640776,12.752593373493976,0.0
52.414111378640776,12.752735987951809,0.0
52.414111378640776,12.75287860240964,0.0
52.414111378640776,12.75302121686747,0.0
52.414111378640776,12.753163831325303,0.0
52.414111378640776,12.753306445783133,0.0
52.414111378640776,12.753449060240964,0.0
52.414111378640776,12.753591674698797,0.0
52.414111378640776,12.753734289156627,0.0
52.414111378640776,12.753876903614458,0.0
52.414111378640776,12.75401951807229,0.0
52.414111378640776,12.754162132530121,0.0
52.414111378640776,12.754304746987952,0.0
52.414111378640776,12.754447361445784,0.0
52.414111378640776,12.754589975903615,0.0
52.414111378640776,12.754732590361446,0.0
52.414111378640776,12.754875204819278,0.0
52.414111378640776,12.755017819277109,0.0
52.414111378640776,12.75516043373494,0.0
52.414111378640776,12.755303048192772,0.0
52.414111378640776,12.755445662650603,0.0
52.414111378640776,12.755588277108435,0.0
52.414111378640776,12.755730891566266,0.0
52.414111378640776,12.755873506024097,0.0
52.414111378640776,12.75601612048193,0.0
52.414111378640776,12.75615873493976,0.0
52.414111378640776,12.75630134939759,0.0
52.414111378640776,12.756443963855423,0.0
52.414111378640776,12.756586578313254,0.0
52.414111378640776,12.756729192771084,0.0
52.414111378640776,12.756871807228917,0.0
52.414111378640776,12.757014421686748,0.0
52.414111378640776,12.757157036144578,0.0
52.414111378640776,12.75729965060241,0.0
52.414111378640776,12.757442265060241,0.0
52.414111378640776,12.757584879518072,0.0
52.414111378640776,12.757727493975905,0.0
52.414111378640776,12.757870108433735,0.0
52.414111378640776,12.758012722891566,0.0
52.414111378640776,12.758155337349399,0.0
52.414111378640776,12.75829795180723,0.0
52.414111378640776,12.758440566265062,0.0
52.414111378640776,12.758583180722892,0.0
52.414111378640776,12.758725795180723,0.0
52.414111378640776,12.758868409638556,0.0
52.414111378640776,12.759011024096386,0.0
52.414111378640776,12.759153638554217,0.0
52.414111378640776,12.75929625301205,0.0
52.414111378640776,12.75943886746988,0.0
52.414111378640776,12.759581481927711,0.0
52.414111378640776,12.759724096385543,0.0
52.414111378640776,12.759866710843374,0.0
52.414111378640776,12.760009325301205,0.0
52.414111378640776,12.760151939759037,0.0
52.414111378640776,12.760294554216868,0.0
52.414111378640776,12.760437168674699,0.0
52.414111378640776,12.760579783132531,0.0
52.414111378640776,12.760722397590362,0.0
52.414111378640776,12.760865012048193,0.0
52.414111378640776,12.761007626506025,0.0
52.414111378640776,12.761150240963856,0.0
52.414111378640776,12.761292855421688,0.0
52.414111378640776,12.761435469879519,0.0
52.414111378640776,12.76157808433735,0.0
52.414111378640776,12.761720698795182,0.0
52.414111378640776,12.761863313253013,0.0
52.414111378640776,12.762005927710844,0.0
52.414111378640776,12.762148542168676,0.0
52.414111378640776,12.762291156626507,0.0
52.414111378640776,12.762433771084337,0.0
52.414111378640776,12.76257638554217,0.0
52.414111378640776,12.762719,0.0
52.414204116504855,12.750882,0.0
52.414204116504855,12.751024614457831,0.0
52.414204116504855,12.751167228915664,0.0
52.414204116504855,12.751309843373495,0.0
52.414204116504855,12.751452457831325,0.0
52.414204116504855,12.751595072289158,0.0
52.414204116504855,12.751737686746988,0.0
52.414204116504855,12.75188030120482,0.0
52.414204116504855,12.752022915662652,0.0
52.414204116504855,12.752165530120482,0.0
52.414204116504855,12.752308144578313,0.0
52.414204116504855,12.752450759036146,0.0
52.414204116504855,12.752593373493976,0.0
52.414204116504855,12.752735987951809,0.0
52.414204116504855,12.75287860240964,0.0
52.414204116504855,12.75302121686747,0.0
52.414204116504855,12.753163831325303,0.0
52.414204116504855,12.753306445783133,0.0
52.414204116504855,12.753449060240964,0.0
52.414204116504855,12.753591674698797,0.0
52.414204116504855,12.753734289156627,0.0
52.414204116504855,12.753876903614458,0.0
52.414204116504855,12.75401951807229,0.0
52.414204116504855,12.754162132530121,0.0
52.414204116504855,12.754304746987952,0.0
52.414204116504855,12.754447361445784,0.0
52.414204116504855,12.754589975903615,0.0
52.414204116504855,12.754732590361446,0.0
52.414204116504855,12.754875204819278,0.0
52.414204116504855,12.755017819277109,0.0
52.414204116504855,12.75516043373494,0.0
52.414204116504855,12.755303048192772,0.0
52.414204116504855,12.755445662650603,0.0
52.414204116504855,12.755588277108435,0.0
52.414204116504855,12.755730891566266,0.0
52.414204116504855,12.755873506024097,0.0
52.414204116504855,12.75601612048193,0.0
52.414204116504855,12.75615873493976,0.0
52.414204116504855,12.75630134939759,0.0
52.414204116504855,12.756443963855423,0.0
52.414204116504855,12.756586578313254,0.0
52.414204116504855,12.756729192771084,0.0
52.414204116504855,12.756871807228917,0.0
52.414204116504855,12.757014421686748,0.0
52.414204116504855,12.757157036144578,0.0
52.414204116504855,12.75729965060241,0.0
52.414204116504855,12.757442265060241,0.0
52.414204116504855,12.757584879518072,0.0
52.414204116504855,12.757727493975905,0.0
52.414204116504855,12.757870108433735,0.0
52.414204116504855,12.758012722891566,0.0
52.414204116504855,12.758155337349399,0.0
52.414204116504855,12.75829795180723,0.0
52.414204116504855,12.758440566265062,0.0
52.414204116504855,12.758583180722892,0.0
52.414204116504855,12.758725795180723,0.0
52.414204116504855,12.758868409638556,0.0
52.414204116504855,12.759011024096386,0.0
52.414204116504855,12.759153638554217,0.0
52.414204116504855,12.75929625301205,0.0
52.414204116504855,12.75943886746988,0.0
52.414204116504855,12.759581481927711,0.0
52.414204116504855,12.759724096385543,0.0
52.414204116504855,12.759866710843374,0.0
52.414204116504855,12.760009325301205,0.0
52.414204116504855,12.760151939759037,0.0
52.414204116504855,12.760294554216868,0.0
52.414204116504855,12.760437168674699,0.0
52.414204116504855,12.760579783132531,0.0
52.414204116504855,12.760722397590362,0.0
52.414204116504855,12.760865012048193,0.0
52.414204116504855,12.761007626506025,0.0
52.414204116504855,12.761150240963856,0.0
52.414204116504855,12.761292855421688,0.0
52.414204116504855,12.761435469879519,0.0
52.414204116504855,12.76157808433735,0.0
52.414204116504855,12.761720698795182,0.0
52.414204116504855,12.761863313253013,0.0
52.414204116504855,12.762005927710844,0.0
52.414204116504855,12.762148542168676,0.0
52.414204116504855,12.762291156626507,0.0
52.414204116504855,12.762433771084337,0.0
52.414204116504855,12.76257638554217,0.0
52.414204116504855,12.762719,0.0
52.414296854368935,12.750882,0.0
52.414296854368935,12.751024614457831,0.0
52.414296854368935,12.751167228915664,0.0
52.414296854368935,12.751309843373495,0.0
52.414296854368935,12.751452457831325,0.0
52.414296854368935,12.751595072289158,0.0
52.414296854368935,12.751737686746988,0.0
52.414296854368935,12.75188030120482,0.0
52.414296854368935,12.752022915662652,0.0
52.414296854368935,12.752165530120482,0.0
52.414296854368935,12.752308144578313,0.0
52.414296854368935,12.752450759036146,0.0
52.414296854368935,12.752593373493976,0.0
52.414296854368935,12.752735987951809,0.0
52.414296854368935,12.75287860240964,0.0
52.414296854368935,12.75302121686747,0.0
52.414296854368935,12.753163831325303,0.0
52.414296854368935,12.753306445783133,0.0
52.414296854368935,12.753449060240964,0.0
52.414296854368935,12.753591674698797,0.0
52.414296854368935,12.753734289156627,0.0
52.414296854368935,12.753876903614458,0.0
52.414296854368935,12.75401951807229,0.0
52.414296854368935,12.754162132530121,0.0
52.414296854368935,12.754304746987952,0.0
52.414296854368935,12.754447361445784,0.0
52.414296854368935,12.754589975903615,0.0
52.414296854368935,12.754732590361446,0.0
52.414296854368935,12.754875204819278,0.0
52.414296854368935,12.755017819277109,0.0
52.414296854368935,12.75516043373494,0.0
52.414296854368935,12.755303048192772,0.0
52.414296854368935,12.755445662650603,0.0
52.414296854368935,12.755588277108435,0.0
52.414296854368935,12.755730891566266,0.0
52.414296854368935,12.755873506024097,0.0
52.414296854368935,12.75601612048193,0.0
52.414296854368935,12.75615873493976,0.0
52.414296854368935,12.75630134939759,0.0
52.414296854368935,12.756443963855423,0.0
52.414296854368935,12.756586578313254,0.0
52.414296854368935,12.756729192771084,0.0
52.414296854368935,12.756871807228917,0.0
52.414296854368935,12.757014421686748,0.0
52.414296854368935,12.757157036144578,0.0
52.414296854368935,12.75729965060241,0.0
52.414296854368935,12.757442265060241,0.0
52.414296854368935,12.757584879518072,0.0
52.414296854368935,12.757727493975905,0.0
52.414296854368935,12.757870108433735,0.0
52.414296854368935,12.758012722891566,0.0
52.414296854368935,12.758155337349399,0.0
52.414296854368935,12.75829795180723,0.0
52.414296854368935,12.758440566265062,0.0
52.414296854368935,12.758583180722892,0.0
52.414296854368935,12.758725795180723,0.0
52.414296854368935,12.758868409638556,0.0
52.414296854368935,12.759011024096386,0.0
52.414296854368935,12.759153638554217,0.0
52.414296854368935,12.75929625301205,0.0
52.414296854368935,12.75943886746988,0.0
52.414296854368935,12.759581481927711,0.0
52.414296854368935,12.759724096385543,0.0
52.414296854368935,12.759866710843374,0.0
52.414296854368935,12.760009325301205,0.0
52.414296854368935,12.760151939759037,0.0
52.414296854368935,12.760294554216868,0.0
52.414296854368935,12.760437168674699,0.0
52.414296854368935,12.760579783132531,0.0
52.414296854368935,12.760722397590362,0.0
52.414296854368935,12.760865012048193,0.0
52.414296854368935,12.761007626506025,0.0
52.414296854368935,12.761150240963856,0.0
52.414296854368935,12.761292855421688,0.0
52.414296854368935,12.761435469879519,0.0
52.414296854368935,12.76157808433735,0.0
52.414296854368935,12.761720698795182,0.0
52.414296854368935,12.761863313253013,0.0
52.414296854368935,12.762005927710844,0.0
52.414296854368935,12.762148542168676,0.0
52.414296854368935,12.762291156626507,0.0
52.414296854368935,12.762433771084337,0.0
52.414296854368935,12.76257638554217,0.0
52.414296854368935,12.762719,0.0
52.41438959223301,12.750882,0.0
52.41438959223301,12.751024614457831,0.0
52.41438959223301,12.751167228915664,0.0
52.41438959223301,12.751309843373495,0.0
52.41438959223301,12.751452457831325,0.0
52.41438959223301,12.751595072289158,0.0
52.41438959223301,12.751737686746988,0.0
52.41438959223301,12.75188030120482,0.0
52.41438959223301,12.752022915662652,0.0
52.41438959223301,12.752165530120482,0.0
52.41438959223301,12.752308144578313,0.0
52.41438959223301,12.752450759036146,0.0
52.41438959223301,12.752593373493976,0.0
52.41438959223301,12.752735987951809,0.0
52.41438959223301,12.75287860240964,0.0
52.41438959223301,12.75302121686747,0.0
52.41438959223301,12.753163831325303,0.0
52.41438959223301,12.753306445783133,0.0
52.41438959223301,12.753449060240964,0.0
52.41438959223301,12.753591674698797,0.0
52.41438959223301,12.753734289156627,0.0
52.41438959223301,12.753876903614458,0.0
52.41438959223301,12.75401951807229,0.0
52.41438959223301,12.754162132530121,0.0
52.41438959223301,12.754304746987952,0.0
52.41438959223301,12.754447361445784,0.0
52.41438959223301,12.754589975903615,0.0
52.41438959223301,12.754732590361446,0.0
52.41438959223301,12.754875204819278,0.0
52.41438959223301,12.755017819277109,0.0
52.41438959223301,12.75516043373494,0.0
52.41438959223301,12.755303048192772,0.0
52.41438959223301,12.755445662650603,0.0
52.41438959223301,12.755588277108435,0.0
52.41438959223301,12.755730891566266,0.0
52.41438959223301,12.755873506024097,0.0
52.41438959223301,12.75601612048193,0.0
52.41438959223301,12.75615873493976,0.0
52.41438959223301,12.75630134939759,0.0
52.41438959223301,12.756443963855423,0.0
52.41438959223301,12.756586578313254,0.0
52.41438959223301,12.756729192771084,0.0
52.41438959223301,12.756871807228917,0.0
52.41438959223301,12.757014421686748,0.0
52.41438959223301,12.757157036144578,0.0
52.41438959223301,12.75729965060241,0.0
52.41438959223301,12.757442265060241,0.0
52.41438959223301,12.757584879518072,0.0
52.41438959223301,12.757727493975905,0.0
52.41438959223301,12.757870108433735,0.0
52.41438959223301,12.758012722891566,0.0
52.41438959223301,12.758155337349399,0.0
52.41438959223301,12.75829795180723,0.0
52.41438959223301,12.758440566265062,0.0
52.41438959223301,12.758583180722892,0.0
52.41438959223301,12.758725795180723,0.0
52.41438959223301,12.758868409638556,0.0
52.41438959223301,12.759011024096386,0.0
52.41438959223301,12.759153638554217,0.0
52.41438959223301,12.75929625301205,0.0
52.41438959223301,12.75943886746988,0.0
52.41438959223301,12.759581481927711,0.0
52.41438959223301,12.759724096385543,0.0
52.41438959223301,12.759866710843374,0.0
52.41438959223301,12.760009325301205,0.0
52.41438959223301,12.760151939759037,0.0
52.41438959223301,12.760294554216868,0.0
52.41438959223301,12.760437168674699,0.0
52.41438959223301,12.760579783132531,0.0
52.41438959223301,12.760722397590362,0.0
52.41438959223301,12.760865012048193,0.0
52.41438959223301,12.761007626506025,0.0
52.41438959223301,12.761150240963856,0.0
52.41438959223301,12.761292855421688,0.0
52.41438959223301,12.761435469879519,0.0
52.41438959223301,12.76157808433735,0.0
52.41438959223301,12.761720698795182,0.0
52.41438959223301,12.761863313253013,0.0
52.41438959223301,12.762005927710844,0.0
52.41438959223301,12.762148542168676,0.0
52.41438959223301,12.762291156626507,0.0
52.41438959223301,12.762433771084337,0.0
52.41438959223301,12.76257638554217,0.0
52.41438959223301,12.762719,0.0
52.41448233009709,12.750882,0.0
52.41448233009709,12.751024614457831,0.0
52.41448233009709,12.751167228915664,0.0
52.41448233009709,12.751309843373495,0.0
52.41448233009709,12.751452457831325,0.0
52.41448233009709,12.751595072289158,0.0
52.41448233009709,12.751737686746988,0.0
52.41448233009709,12.75188030120482,0.0
52.41448233009709,12.752022915662652,0.0
52.41448233009709,12.752165530120482,0.0
52.41448233009709,12.752308144578313,0.0
52.41448233009709,12.752450759036146,0.0
52.41448233009709,12.752593373493976,0.0
52.41448233009709,12.752735987951809,0.0
52.41448233009709,12.75287860240964,0.0
52.41448233009709,12.75302121686747,0.0
52.41448233009709,12.753163831325303,0.0
52.41448233009709,12.753306445783133,0.0
52.41448233009709,12.753449060240964,0.0
52.41448233009709,12.753591674698797,0.0
52.41448233009709,12.753734289156627,0.0
52.41448233009709,12.753876903614458,0.0
52.41448233009709,12.75401951807229,0.0
52.41448233009709,12.754162132530121,0.0
52.41448233009709,12.754304746987952,0.0
52.41448233009709,12.754447361445784,0.0
52.41448233009709,12.754589975903615,0.0
52.41448233009709,12.754732590361446,0.0
52.41448233009709,12.754875204819278,0.0
52.41448233009709,12.755017819277109,0.0
52.41448233009709,12.75516043373494,0.0
52.41448233009709,12.755303048192772,0.0
52.41448233009709,12.755445662650603,0.0
52.41448233009709,12.755588277108435,0.0
52.41448233009709,12.755730891566266,0.0
52.41448233009709,12.755873506024097,0.0
52.41448233009709,12.75601612048193,0.0
52.41448233009709,12.75615873493976,0.0
52.41448233009709,12.75630134939759,0.0
52.41448233009709,12.756443963855423,0.0
52.41448233009709,12.756586578313254,0.0
52.41448233009709,12.756729192771084,0.0
52.41448233009709,12.756871807228917,0.0
52.41448233009709,12.757014421686748,0.0
52.41448233009709,12.757157036144578,0.0
52.41448233009709,12.75729965060241,0.0
52.41448233009709,12.757442265060241,0.0
52.41448233009709,12.757584879518072,0.0
52.41448233009709,12.757727493975905,0.0
52.41448233009709,12.757870108433735,0.0
52.41448233009709,12.758012722891566,0.0
52.41448233009709,12.758155337349399,0.0
52.41448233009709,12.75829795180723,0.0
52.41448233009709,12.758440566265062,0.0
52.41448233009709,12.758583180722892,0.0
52.41448233009709,12.758725795180723,0.0
52.41448233009709,12.758868409638556,0.0
52.41448233009709,12.759011024096386,0.0
52.41448233009709,12.759153638554217,0.0
52.41448233009709,12.75929625301205,0.0
52.41448233009709,12.75943886746988,0.0
52.41448233009709,12.759581481927711,0.0
52.41448233009709,12.759724096385543,0.0
52.41448233009709,12.759866710843374,0.0
52.41448233009709,12.760009325301205,0.0
52.41448233009709,12.760151939759037,0.0
52.41448233009709,12.760294554216868,0.0
52.41448233009709,12.760437168674699,0.0
52.41448233009709,12.760579783132531,0.0
52.41448233009709,12.760722397590362,0.0
52.41448233009709,12.760865012048193,0.0
52.41448233009709,12.761007626506025,0.0
52.41448233009709,12.761150240963856,0.0
52.41448233009709,12.761292855421688,0.0
52.41448233009709,12.761435469879519,0.0
52.41448233009709,12.76157808433735,0.0
52.41448233009709,12.761720698795182,0.0
52.41448233009709,12.761863313253013,0.0
52.41448233009709,12.762005927710844,0.0
52.41448233009709,12.762148542168676,0.0
52.41448233009709,12.762291156626507,0.0
52.41448233009709,12.762433771084337,0.0
52.41448233009709,12.76257638554217,0.0
52.41448233009709,12.762719,0.0
52.41457506796117,12.750882,0.0
52.41457506796117,12.751024614457831,0.0
52.41457506796117,12.751167228915664,0.0
52.41457506796117,12.751309843373495,0.0
52.41457506796117,12.751452457831325,0.0
52.41457506796117,12.751595072289158,0.0
52.41457506796117,12.751737686746988,0.0
52.41457506796117,12.75188030120482,0.0
52.41457506796117,12.752022915662652,0.0
52.41457506796117,12.752165530120482,0.0
52.41457506796117,12.752308144578313,0.0
52.41457506796117,12.752450759036146,0.0
52.41457506796117,12.752593373493976,0.0
52.41457506796117,12.752735987951809,0.0
52.41457506796117,12.75287860240964,0.0
52.41457506796117,12.75302121686747,0.0
52.41457506796117,12.753163831325303,0.0
52.41457506796117,12.753306445783133,0.0
52.41457506796117,12.753449060240964,0.0
52.41457506796117,12.753591674698797,0.0
52.41457506796117,12.753734289156627,0.0
52.41457506796117,12.753876903614458,0.0
52.41457506796117,12.75401951807229,0.0
52.41457506796117,12.754162132530121,0.0
52.41457506796117,12.754304746987952,0.0
52.41457506796117,12.754447361445784,0.0
52.41457506796117,12.754589975903615,0.0
52.41457506796117,12.754732590361446,0.0
52.41457506796117,12.754875204819278,0.0
52.41457506796117,12.755017819277109,0.0
52.41457506796117,12.75516043373494,0.0
52.41457506796117,12.755303048192772,0.0
52.41457506796117,12.755445662650603,0.0
52.41457506796117,12.755588277108435,0.0
52.41457506796117,12.755730891566266,0.0
52.41457506796117,12.755873506024097,0.0
52.41457506796117,12.75601612048193,0.0
52.41457506796117,12.75615873493976,0.0
52.41457506796117,12.75630134939759,0.0
52.41457506796117,12.756443963855423,0.0
52.41457506796117,12.756586578313254,0.0
52.41457506796117,12.756729192771084,0.0
52.41457506796117,12.756871807228917,0.0
52.41457506796117,12.757014421686748,0.0
52.41457506796117,12.757157036144578,0.0
52.41457506796117,12.75729965060241,0.0
52.41457506796117,12.757442265060241,0.0
52.41457506796117,12.757584879518072,0.0
52.41457506796117,12.757727493975905,0.0
52.41457506796117,12.757870108433735,0.0
52.41457506796117,12.758012722891566,0.0
52.41457506796117,12.758155337349399,0.0
52.41457506796117,12.75829795180723,0.0
52.41457506796117,12.758440566265062,0.0
52.41457506796117,12.758583180722892,0.0
52.41457506796117,12.758725795180723,0.0
52.41457506796117,12.758868409638556,0.0
52.41457506796117,12.759011024096386,0.0
52.41457506796117,12.759153638554217,0.0
52.41457506796117,12.75929625301205,0.0
52.41457506796117,12.75943886746988,0.0
52.41457506796117,12.759581481927711,0.0
52.41457506796117,12.759724096385543,0.0
52.41457506796117,12.759866710843374,0.0
52.41457506796117,12.760009325301205,0.0
52.41457506796117,12.760151939759037,0.0
52.41457506796117,12.760294554216868,0.0
52.41457506796117,12.760437168674699,0.0
52.41457506796117,12.760579783132531,0.0
52.41457506796117,12.760722397590362,0.0
52.41457506796117,12.760865012048193,0.0
52.41457506796117,12.761007626506025,0.0
52.41457506796117,12.761150240963856,0.0
52.41457506796117,12.761292855421688,0.0
52.41457506796117,12.761435469879519,0.0
52.41457506796117,12.76157808433735,0.0
52.41457506796117,12.761720698795182,0.0
52.41457506796117,12.761863313253013,0.0
52.41457506796117,12.762005927710844,0.0
52.41457506796117,12.762148542168676,0.0
52.41457506796117,12.762291156626507,0.0
52.41457506796117,12.762433771084337,0.0
52.41457506796117,12.76257638554217,0.0
52.41457506796117,12.762719,0.0
52.414667805825246,12.750882,0.0
52.414667805825246,12.751024614457831,0.0
52.414667805825246,12.751167228915664,0.0
52.414667805825246,12.751309843373495,0.0
52.414667805825246,12.751452457831325,0.0
52.414667805825246,12.751595072289158,0.0
52.414667805825246,12.751737686746988,0.0
52.414667805825246,12.75188030120482,0.0
52.414667805825246,12.752022915662652,0.0
52.414667805825246,12.752165530120482,0.0
52.414667805825246,12.752308144578313,0.0
52.414667805825246,12.752450759036146,0.0
52.414667805825246,12.752593373493976,0.0
52.414667805825246,12.752735987951809,0.0
52.414667805825246,12.75287860240964,0.0
52.414667805825246,12.75302121686747,0.0
52.414667805825246,12.753163831325303,0.0
52.414667805825246,12.753306445783133,0.0
52.414667805825246,12.753449060240964,0.0
52.414667805825246,12.753591674698797,0.0
52.414667805825246,12.753734289156627,0.0
52.414667805825246,12.753876903614458,0.0
52.414667805825246,12.75401951807229,0.0
52.414667805825246,12.754162132530121,0.0
52.414667805825246,12.754304746987952,0.0
52.414667805825246,12.754447361445784,0.0
52.414667805825246,12.754589975903615,0.0
52.414667805825246,12.754732590361446,0.0
52.414667805825246,12.754875204819278,0.0
52.414667805825246,12.755017819277109,0.0
52.414667805825246,12.75516043373494,0.0
52.414667805825246,12.755303048192772,0.0
52.414667805825246,12.755445662650603,0.0
52.414667805825246,12.755588277108435,0.0
52.414667805825246,12.755730891566266,0.0
52.414667805825246,12.755873506024097,0.0
52.414667805825246,12.75601612048193,0.0
52.414667805825246,12.75615873493976,0.0
52.414667805825246,12.75630134939759,0.0
52.414667805825246,12.756443963855423,0.0
52.414667805825246,12.756586578313254,0.0
52.414667805825246,12.756729192771084,0.0
52.414667805825246,12.756871807228917,0.0
52.414667805825246,12.757014421686748,0.0
52.414667805825246,12.757157036144578,0.0
52.414667805825246,12.75729965060241,0.0
52.414667805825246,12.757442265060241,0.0
52.414667805825246,12.757584879518072,0.0
52.414667805825246,12.757727493975905,0.0
52.414667805825246,12.757870108433735,0.0
52.414667805825246,12.758012722891566,0.0
52.414667805825246,12.758155337349399,0.0
52.414667805825246,12.75829795180723,0.0
52.414667805825246,12.758440566265062,0.0
52.414667805825246,12.758583180722892,0.0
52.414667805825246,12.758725795180723,0.0
52.414667805825246,12.758868409638556,0.0
52.414667805825246,12.759011024096386,0.0
52.414667805825246,12.759153638554217,0.0
52.414667805825246,12.75929625301205,0.0
52.414667805825246,12.75943886746988,0.0
52.414667805825246,12.759581481927711,0.0
52.414667805825246,12.759724096385543,0.0
52.414667805825246,12.759866710843374,0.0
52.414667805825246,12.760009325301205,0.0
52.414667805825246,12.760151939759037,0.0
52.414667805825246,12.760294554216868,0.0
52.414667805825246,12.760437168674699,0.0
52.414667805825246,12.760579783132531,0.0
52.414667805825246,12.760722397590362,0.0
52.414667805825246,12.760865012048193,0.0
52.414667805825246,12.761007626506025,0.0
52.414667805825246,12.761150240963856,0.0
52.414667805825246,12.761292855421688,0.0
52.414667805825246,12.761435469879519,0.0
52.414667805825246,12.76157808433735,0.0
52.414667805825246,12.761720698795182,0.0
52.414667805825246,12.761863313253013,0.0
52.414667805825246,12.762005927710844,0.0
52.414667805825246,12.762148542168676,0.0
52.414667805825246,12.762291156626507,0.0
52.414667805825246,12.762433771084337,0.0
52.414667805825246,12.76257638554217,0.0
52.414667805825246,12.762719,0.0
52.41476054368932,12.750882,0.0
52.41476054368932,12.751024614457831,0.0
52.41476054368932,12.751167228915664,0.0
52.41476054368932,12.751309843373495,0.0
52.41476054368932,12.751452457831325,0.0
52.41476054368932,12.751595072289158,0.0
52.41476054368932,12.751737686746988,0.0
52.41476054368932,12.75188030120482,0.0
52.41476054368932,12.752022915662652,0.0
52.41476054368932,12.752165530120482,0.0
52.41476054368932,12.752308144578313,0.0
52.41476054368932,12.752450759036146,0.0
52.41476054368932,12.752593373493976,0.0
52.41476054368932,12.752735987951809,0.0
52.41476054368932,12.75287860240964,0.0
52.41476054368932,12.75302121686747,0.0
52.41476054368932,12.753163831325303,0.0
52.41476054368932,12.753306445783133,0.0
52.41476054368932,12.753449060240964,0.0
52.41476054368932,12.753591674698797,0.0
52.41476054368932,12.753734289156627,0.0
52.41476054368932,12.753876903614458,0.0
52.41476054368932,12.75401951807229,0.0
52.41476054368932,12.754162132530121,0.0
52.41476054368932,12.754304746987952,0.0
52.41476054368932,12.754447361445784,0.0
52.41476054368932,12.754589975903615,0.0
52.41476054368932,12.754732590361446,0.0
52.41476054368932,12.754875204819278,0.0
52.41476054368932,12.755017819277109,0.0
52.41476054368932,12.75516043373494,0.0
52.41476054368932,12.755303048192772,0.0
52.41476054368932,12.755445662650603,0.0
52.41476054368932,12.755588277108435,0.0
52.41476054368932,12.755730891566266,0.0
52.41476054368932,12.755873506024097,0.0
52.41476054368932,12.75601612048193,0.0
52.41476054368932,12.75615873493976,0.0
52.41476054368932,12.75630134939759,0.0
52.41476054368932,12.756443963855423,0.0
52.41476054368932,12.756586578313254,0.0
52.41476054368932,12.756729192771084,0.0
52.41476054368932,12.756871807228917,0.0
52.41476054368932,12.757014421686748,0.0
52.41476054368932,12.757157036144578,0.0
52.41476054368932,12.75729965060241,0.0
52.41476054368932,12.757442265060241,0.0
52.41476054368932,12.757584879518072,0.0
52.41476054368932,12.757727493975905,0.0
52.41476054368932,12.757870108433735,0.0
52.41476054368932,12.758012722891566,0.0
52.41476054368932,12.758155337349399,0.0
52.41476054368932,12.75829795180723,0.0
52.41476054368932,12.758440566265062,0.0
52.41476054368932,12.758583180722892,0.0
52.41476054368932,12.758725795180723,0.0
52.41476054368932,12.758868409638556,0.0
52.41476054368932,12.759011024096386,0.0
52.41476054368932,12.759153638554217,0.0
52.41476054368932,12.75929625301205,0.0
52.41476054368932,12.75943886746988,0.0
52.41476054368932,12.759581481927711,0.0
52.41476054368932,12.759724096385543,0.0
52.41476054368932,12.759866710843374,0.0
52.41476054368932,12.760009325301205,0.0
52.41476054368932,12.760151939759037,0.0
52.41476054368932,12.760294554216868,0.0
52.41476054368932,12.760437168674699,0.0
52.41476054368932,12.760579783132531,0.0
52.41476054368932,12.760722397590362,0.0
52.41476054368932,12.760865012048193,0.0
52.41476054368932,12.761007626506025,0.0
52.41476054368932,12.761150240963856,0.0
52.41476054368932,12.761292855421688,0.0
52.41476054368932,12.761435469879519,0.0
52.41476054368932,12.76157808433735,0.0
52.41476054368932,12.761720698795182,0.0
52.41476054368932,12.761863313253013,0.0
52.41476054368932,12.762005927710844,0.0
52.41476054368932,12.762148542168676,0.0
52.41476054368932,12.762291156626507,0.0
52.41476054368932,12.762433771084337,0.0
52.41476054368932,12.76257638554217,0.0
52.41476054368932,12.762719,0.0
52.4148532815534,12.750882,0.0
52.4148532815534,12.751024614457831,0.0
52.4148532815534,12.751167228915664,0.0
52.4148532815534,12.751309843373495,0.0
52.4148532815534,12.751452457831325,0.0
52.4148532815534,12.751595072289158,0.0
52.4148532815534,12.751737686746988,0.0
52.4148532815534,12.75188030120482,0.0
52.4148532815534,12.752022915662652,0.0
52.4148532815534,12.752165530120482,0.0
52.4148532815534,12.752308144578313,0.0
52.4148532815534,12.752450759036146,0.0
52.4148532815534,12.752593373493976,0.0
52.4148532815534,12.752735987951809,0.0
52.4148532815534,12.75287860240964,0.0
52.4148532815534,12.75302121686747,0.0
52.4148532815534,12.753163831325303,0.0
52.4148532815534,12.753306445783133,0.0
52.4148532815534,12.753449060240964,0.0
52.4148532815534,12.753591674698797,0.0
52.4148532815534,12.753734289156627,0.0
52.4148532815534,12.753876903614458,0.0
52.4148532815534,12.75401951807229,0.0
52.4148532815534,12.754162132530121,0.0
52.4148532815534,12.754304746987952,0.0
52.4148532815534,12.754447361445784,0.0
52.4148532815534,12.754589975903615,0.0
52.4148532815534,12.754732590361446,0.0
52.4148532815534,12.754875204819278,0.0
52.4148532815534,12.755017819277109,0.0
52.4148532815534,12.75516043373494,0.0
52.4148532815534,12.755303048192772,0.0
52.4148532815534,12.755445662650603,0.0
52.4148532815534,12.755588277108435,0.0
52.4148532815534,12.755730891566266,0.0
52.4148532815534,12.755873506024097,0.0
52.4148532815534,12.75601612048193,0.0
52.4148532815534,12.75615873493976,0.0
52.4148532815534,12.75630134939759,0.0
52.4148532815534,12.756443963855423,0.0
52.4148532815534,12.756586578313254,0.0
52.4148532815534,12.756729192771084,0.0
52.4148532815534,12.756871807228917,0.0
52.4148532815534,12.757014421686748,0.0
52.4148532815534,12.757157036144578,0.0
52.4148532815534,12.75729965060241,0.0
52.4148532815534,12.757442265060241,0.0
52.4148532815534,12.757584879518072,0.0
52.4148532815534,12.757727493975905,0.0
52.4148532815534,12.757870108433735,0.0
52.4148532815534,12.758012722891566,0.0
52.4148532815534,12.758155337349399,0.0
52.4148532815534,12.75829795180723,0.0
52.4148532815534,12.758440566265062,0.0
52.4148532815534,12.758583180722892,0.0
52.4148532815534,12.758725795180723,0.0
52.4148532815534,12.758868409638556,0.0
52.4148532815534,12.759011024096386,0.0
52.4148532815534,12.759153638554217,0.0
52.4148532815534,12.75929625301205,0.0
52.4148532815534,12.75943886746988,0.0
52.4148532815534,12.759581481927711,0.0
52.4148532815534,12.759724096385543,0.0
52.4148532815534,12.759866710843374,0.0
52.4148532815534,12.760009325301205,0.0
52.4148532815534,12.760151939759037,0.0
52.4148532815534,12.760294554216868,0.0
52.4148532815534,12.760437168674699,0.0
52.4148532815534,12.760579783132531,0.0
52.4148532815534,12.760722397590362,0.0
52.4148532815534,12.760865012048193,0.0
52.4148532815534,12.761007626506025,0.0
52.4148532815534,12.761150240963856,0.0
52.4148532815534,12.761292855421688,0.0
52.4148532815534,12.761435469879519,0.0
52.4148532815534,12.76157808433735,0.0
52.4148532815534,12.761720698795182,0.0
52.4148532815534,12.761863313253013,0.0
52.4148532815534,12.762005927710844,0.0
52.4148532815534,12.762148542168676,0.0
52.4148532815534,12.762291156626507,0.0
52.4148532815534,12.762433771084337,0.0
52.4148532815534,12.76257638554217,0.0
52.4148532815534,12.762719,0.0
52.41494601941748,12.750882,0.0
52.41494601941748,12.751024614457831,0.0
52.41494601941748,12.751167228915664,0.0
52.41494601941748,12.751309843373495,0.0
52.41494601941748,12.751452457831325,0.0
52.41494601941748,12.751595072289158,0.0
52.41494601941748,12.751737686746988,0.0
52.41494601941748,12.75188030120482,0.0
52.41494601941748,12.752022915662652,0.0
52.41494601941748,12.752165530120482,0.0
52.41494601941748,12.752308144578313,0.0
52.41494601941748,12.752450759036146,0.0
52.41494601941748,12.752593373493976,0.0
52.41494601941748,12.752735987951809,0.0
52.41494601941748,12.75287860240964,0.0
52.41494601941748,12.75302121686747,0.0
52.41494601941748,12.753163831325303,0.0
52.41494601941748,12.753306445783133,0.0
52.41494601941748,12.753449060240964,0.0
52.41494601941748,12.753591674698797,0.0
52.41494601941748,12.753734289156627,0.0
52.41494601941748,12.753876903614458,0.0
52.41494601941748,12.75401951807229,0.0
52.41494601941748,12.754162132530121,0.0
52.41494601941748,12.754304746987952,0.0
52.41494601941748,12.754447361445784,0.0
52.41494601941748,12.754589975903615,0.0
52.41494601941748,12.754732590361446,0.0
52.41494601941748,12.754875204819278,0.0
52.41494601941748,12.755017819277109,0.0
52.41494601941748,12.75516043373494,0.0
52.41494601941748,12.755303048192772,0.0
52.41494601941748,12.755445662650603,0.0
52.41494601941748,12.755588277108435,0.0
52.41494601941748,12.755730891566266,0.0
52.41494601941748,12.755873506024097,0.0
52.41494601941748,12.75601612048193,0.0
52.41494601941748,12.75615873493976,0.0
52.41494601941748,12.75630134939759,0.0
52.41494601941748,12.756443963855423,0.0
52.41494601941748,12.756586578313254,0.0
52.41494601941748,12.756729192771084,0.0
52.41494601941748,12.756871807228917,0.0
52.41494601941748,12.757014421686748,0.0
52.41494601941748,12.757157036144578,0.0
52.41494601941748,12.75729965060241,0.0
52.41494601941748,12.757442265060241,0.0
52.41494601941748,12.757584879518072,0.0
52.41494601941748,12.757727493975905,0.0
52.41494601941748,12.757870108433735,0.0
52.41494601941748,12.758012722891566,0.0
52.41494601941748,12.758155337349399,0.0
52.41494601941748,12.75829795180723,0.0
52.41494601941748,12.758440566265062,0.0
52.41494601941748,12.758583180722892,0.0
52.41494601941748,12.758725795180723,0.0
52.41494601941748,12.758868409638556,0.0
52.41494601941748,12.759011024096386,0.0
52.41494601941748,12.759153638554217,0.0
52.41494601941748,12.75929625301205,0.0
52.41494601941748,12.75943886746988,0.0
52.41494601941748,12.759581481927711,0.0
52.41494601941748,12.759724096385543,0.0
52.41494601941748,12.759866710843374,0.0
52.41494601941748,12.760009325301205,0.0
52.41494601941748,12.760151939759037,0.0
52.41494601941748,12.760294554216868,0.0
52.41494601941748,12.760437168674699,0.0
52.41494601941748,12.760579783132531,0.0
52.41494601941748,12.760722397590362,0.0
52.41494601941748,12.760865012048193,0.0
52.41494601941748,12.761007626506025,0.0
52.41494601941748,12.761150240963856,0.0
52.41494601941748,12.761292855421688,0.0
52.41494601941748,12.761435469879519,0.0
52.41494601941748,12.76157808433735,0.0
52.41494601941748,12.761720698795182,0.0
52.41494601941748,12.761863313253013,0.0
52.41494601941748,12.762005927710844,0.0
52.41494601941748,12.762148542168676,0.0
52.41494601941748,12.762291156626507,0.0
52.41494601941748,12.762433771084337,0.0
52.41494601941748,12.76257638554217,0.0
52.41494601941748,12.762719,0.0
52.41503875728156,12.750882,0.0
52.41503875728156,12.751024614457831,0.0
52.41503875728156,12.751167228915664,0.0
52.41503875728156,12.751309843373495,0.0
52.41503875728156,12.751452457831325,0.0
52.41503875728156,12.751595072289158,0.0
52.41503875728156,12.751737686746988,0.0
52.41503875728156,12.75188030120482,0.0
52.41503875728156,12.752022915662652,0.0
52.41503875728156,12.752165530120482,0.0
52.41503875728156,12.752308144578313,0.0
52.41503875728156,12.752450759036146,0.0
52.41503875728156,12.752593373493976,0.0
52.41503875728156,12.752735987951809,0.0
52.41503875728156,12.75287860240964,0.0
52.41503875728156,12.75302121686747,0.0
52.41503875728156,12.753163831325303,0.0
52.41503875728156,12.753306445783133,0.0
52.41503875728156,12.753449060240964,0.0
52.41503875728156,12.753591674698797,0.0
52.41503875728156,12.753734289156627,0.0
52.41503875728156,12.753876903614458,0.0
52.41503875728156,12.75401951807229,0.0
52.41503875728156,12.754162132530121,0.0
52.41503875728156,12.754304746987952,0.0
52.41503875728156,12.754447361445784,0.0
52.41503875728156,12.754589975903615,0.0
52.41503875728156,12.754732590361446,0.0
52.41503875728156,12.754875204819278,0.0
52.41503875728156,12.755017819277109,0.0
52.41503875728156,12.75516043373494,0.0
52.41503875728156,12.755303048192772,0.0
52.41503875728156,12.755445662650603,0.0
52.41503875728156,12.755588277108435,0.0
52.41503875728156,12.755730891566266,0.0
52.41503875728156,12.755873506024097,0.0
52.41503875728156,12.75601612048193,0.0
52.41503875728156,12.75615873493976,0.0
52.41503875728156,12.75630134939759,0.0
52.41503875728156,12.756443963855423,0.0
52.41503875728156,12.756586578313254,0.0
52.41503875728156,12.756729192771084,0.0
52.41503875728156,12.756871807228917,0.0
52.41503875728156,12.757014421686748,0.0
52.41503875728156,12.757157036144578,0.0
52.41503875728156,12.75729965060241,0.0
52.41503875728156,12.757442265060241,0.0
52.41503875728156,12.757584879518072,0.0
52.41503875728156,12.757727493975905,0.0
52.41503875728156,12.757870108433735,0.0
52.41503875728156,12.758012722891566,0.0
52.41503875728156,12.758155337349399,0.0
52.41503875728156,12.75829795180723,0.0
52.41503875728156,12.758440566265062,0.0
52.41503875728156,12.758583180722892,0.0
52.41503875728156,12.758725795180723,0.0
52.41503875728156,12.758868409638556,0.0
52.41503875728156,12.759011024096386,0.0
52.41503875728156,12.759153638554217,0.0
52.41503875728156,12.75929625301205,0.0
52.41503875728156,12.75943886746988,0.0
52.41503875728156,12.759581481927711,0.0
52.41503875728156,12.759724096385543,0.0
52.41503875728156,12.759866710843374,0.0
52.41503875728156,12.760009325301205,0.0
52.41503875728156,12.760151939759037,0.0
52.41503875728156,12.760294554216868,0.0
52.41503875728156,12.760437168674699,0.0
52.41503875728156,12.760579783132531,0.0
52.41503875728156,12.760722397590362,0.0
52.41503875728156,12.760865012048193,0.0
52.41503875728156,12.761007626506025,0.0
52.41503875728156,12.761150240963856,0.0
52.41503875728156,12.761292855421688,0.0
52.41503875728156,12.761435469879519,0.0
52.41503875728156,12.76157808433735,0.0
52.41503875728156,12.761720698795182,0.0
52.41503875728156,12.761863313253013,0.0
52.41503875728156,12.762005927710844,0.0
52.41503875728156,12.762148542168676,0.0
52.41503875728156,12.762291156626507,0.0
52.41503875728156,12.762433771084337,0.0
52.41503875728156,12.76257638554217,0.0
52.41503875728156,12.762719,0.0
52.41513149514563,12.750882,0.0
52.41513149514563,12.751024614457831,0.0
52.41513149514563,12.751167228915664,0.0
52.41513149514563,12.751309843373495,0.0
52.41513149514563,12.751452457831325,0.0
52.41513149514563,12.751595072289158,0.0
52.41513149514563,12.751737686746988,0.0
52.41513149514563,12.75188030120482,0.0
52.41513149514563,12.752022915662652,0.0
52.41513149514563,12.752165530120482,0.0
52.41513149514563,12.752308144578313,0.0
52.41513149514563,12.752450759036146,0.0
52.41513149514563,12.752593373493976,0.0
52.41513149514563,12.752735987951809,0.0
52.41513149514563,12.75287860240964,0.0
52.41513149514563,12.75302121686747,0.0
52.41513149514563,12.753163831325303,0.0
52.41513149514563,12.753306445783133,0.0
52.41513149514563,12.753449060240964,0.0
52.41513149514563,12.753591674698797,0.0
52.41513149514563,12.753734289156627,0.0
52.41513149514563,12.753876903614458,0.0
52.41513149514563,12.75401951807229,0.0
52.41513149514563,12.754162132530121,0.0
52.41513149514563,12.754304746987952,0.0
52.41513149514563,12.754447361445784,0.0
52.41513149514563,12.754589975903615,0.0
52.41513149514563,12.754732590361446,0.0
52.41513149514563,12.754875204819278,0.0
52.41513149514563,12.755017819277109,0.0
52.41513149514563,12.75516043373494,0.0
52.41513149514563,12.755303048192772,0.0
52.41513149514563,12.755445662650603,0.0
52.41513149514563,12.755588277108435,0.0
52.41513149514563,12.755730891566266,0.0
52.41513149514563,12.755873506024097,0.0
52.41513149514563,12.75601612048193,0.0
52.41513149514563,12.75615873493976,0.0
52.41513149514563,12.75630134939759,0.0
52.41513149514563,12.756443963855423,0.0
52.41513149514563,12.756586578313254,0.0
52.41513149514563,12.756729192771084,0.0
52.41513149514563,12.756871807228917,0.0
52.41513149514563,12.757014421686748,0.0
52.41513149514563,12.757157036144578,0.0
52.41513149514563,12.75729965060241,0.0
52.41513149514563,12.757442265060241,0.0
52.41513149514563,12.757584879518072,0.0
52.41513149514563,12.757727493975905,0.0
52.41513149514563,12.757870108433735,0.0
52.41513149514563,12.758012722891566,0.0
52.41513149514563,12.758155337349399,0.0
52.41513149514563,12.75829795180723,0.0
52.41513149514563,12.758440566265062,0.0
52.41513149514563,12.758583180722892,0.0
52.41513149514563,12.758725795180723,0.0
52.41513149514563,12.758868409638556,0.0
52.41513149514563,12.759011024096386,0.0
52.41513149514563,12.759153638554217,0.0
52.41513149514563,12.75929625301205,0.0
52.41513149514563,12.75943886746988,0.0
52.41513149514563,12.759581481927711,0.0
52.41513149514563,12.759724096385543,0.0
52.41513149514563,12.759866710843374,0.0
52.41513149514563,12.760009325301205,0.0
52.41513149514563,12.760151939759037,0.0
52.41513149514563,12.760294554216868,0.0
52.41513149514563,12.760437168674699,0.0
52.41513149514563,12.760579783132531,0.0
52.41513149514563,12.760722397590362,0.0
52.41513149514563,12.760865012048193,0.0
52.41513149514563,12.761007626506025,0.0
52.41513149514563,12.761150240963856,0.0
52.41513149514563,12.761292855421688,0.0
52.41513149514563,12.761435469879519,0.0
52.41513149514563,12.76157808433735,0.0
52.41513149514563,12.761720698795182,0.0
52.41513149514563,12.761863313253013,0.0
52.41513149514563,12.762005927710844,0.0
52.41513149514563,12.762148542168676,0.0
52.41513149514563,12.762291156626507,0.0
52.41513149514563,12.762433771084337,0.0
52.41513149514563,12.76257638554217,0.0
52.41513149514563,12.762719,0.0
52.41522423300971,12.750882,0.0
52.41522423300971,12.751024614457831,0.0
52.41522423300971,12.751167228915664,0.0
52.41522423300971,12.751309843373495,0.0
52.41522423300971,12.751452457831325,0.0
52.41522423300971,12.751595072289158,0.0
52.41522423300971,12.751737686746988,0.0
52.41522423300971,12.75188030120482,0.0
52.41522423300971,12.752022915662652,0.0
52.41522423300971,12.752165530120482,0.0
52.41522423300971,12.752308144578313,0.0
52.41522423300971,12.752450759036146,0.0
52.41522423300971,12.752593373493976,0.0
52.41522423300971,12.752735987951809,0.0
52.41522423300971,12.75287860240964,0.0
52.41522423300971,12.75302121686747,0.0
52.41522423300971,12.753163831325303,0.0
52.41522423300971,12.753306445783133,0.0
52.41522423300971,12.753449060240964,0.0
52.41522423300971,12.753591674698797,0.0
52.41522423300971,12.753734289156627,0.0
52.41522423300971,12.753876903614458,0.0
52.41522423300971,12.75401951807229,0.0
52.41522423300971,12.754162132530121,0.0
52.41522423300971,12.754304746987952,0.0
52.41522423300971,12.754447361445784,0.0
52.41522423300971,12.754589975903615,0.0
52.41522423300971,12.754732590361446,0.0
52.41522423300971,12.754875204819278,0.0
52.41522423300971,12.755017819277109,0.0
52.41522423300971,12.75516043373494,0.0
52.41522423300971,12.755303048192772,0.0
52.41522423300971,12.755445662650603,0.0
52.41522423300971,12.755588277108435,0.0
52.41522423300971,12.755730891566266,0.0
52.41522423300971,12.755873506024097,0.0
52.41522423300971,12.75601612048193,0.0
52.41522423300971,12.75615873493976,0.0
52.41522423300971,12.75630134939759,0.0
52.41522423300971,12.756443963855423,0.0
52.41522423300971,12.756586578313254,0.0
52.41522423300971,12.756729192771084,0.0
52.41522423300971,12.756871807228917,0.0
52.41522423300971,12.757014421686748,0.0
52.41522423300971,12.757157036144578,0.0
52.41522423300971,12.75729965060241,0.0
52.41522423300971,12.757442265060241,0.0
52.41522423300971,12.757584879518072,0.0
52.41522423300971,12.757727493975905,0.0
52.41522423300971,12.757870108433735,0.0
52.41522423300971,12.758012722891566,0.0
52.41522423300971,12.758155337349399,0.0
52.41522423300971,12.75829795180723,0.0
52.41522423300971,12.758440566265062,0.0
52.41522423300971,12.758583180722892,0.0
52.41522423300971,12.758725795180723,0.0
52.41522423300971,12.758868409638556,0.0
52.41522423300971,12.759011024096386,0.0
52.41522423300971,12.759153638554217,0.0
52.41522423300971,12.75929625301205,0.0
52.41522423300971,12.75943886746988,0.0
52.41522423300971,12.759581481927711,0.0
52.41522423300971,12.759724096385543,0.0
52.41522423300971,12.759866710843374,0.0
52.41522423300971,12.760009325301205,0.0
52.41522423300971,12.760151939759037,0.0
52.41522423300971,12.760294554216868,0.0
52.41522423300971,12.760437168674699,0.0
52.41522423300971,12.760579783132531,0.0
52.41522423300971,12.760722397590362,0.0
52.41522423300971,12.760865012048193,0.0
52.41522423300971,12.761007626506025,0.0
52.41522423300971,12.761150240963856,0.0
52.41522423300971,12.761292855421688,0.0
52.41522423300971,12.761435469879519,0.0
52.41522423300971,12.76157808433735,0.0
52.41522423300971,12.761720698795182,0.0
52.41522423300971,12.761863313253013,0.0
52.41522423300971,12.762005927710844,0.0
52.41522423300971,12.762148542168676,0.0
52.41522423300971,12.762291156626507,0.0
52.41522423300971,12.762433771084337,0.0
52.41522423300971,12.76257638554217,0.0
52.41522423300971,12.762719,0.0
52.41531697087379,12.750882,0.0
52.41531697087379,12.751024614457831,0.0
52.41531697087379,12.751167228915664,0.0
52.41531697087379,12.751309843373495,0.0
52.41531697087379,12.751452457831325,0.0
52.41531697087379,12.751595072289158,0.0
52.41531697087379,12.751737686746988,0.0
52.41531697087379,12.75188030120482,0.0
52.41531697087379,12.752022915662652,0.0
52.41531697087379,12.752165530120482,0.0
52.41531697087379,12.752308144578313,0.0
52.41531697087379,12.752450759036146,0.0
52.41531697087379,12.752593373493976,0.0
52.41531697087379,12.752735987951809,0.0
52.41531697087379,12.75287860240964,0.0
52.41531697087379,12.75302121686747,0.0
52.41531697087379,12.753163831325303,0.0
52.41531697087379,12.753306445783133,0.0
52.41531697087379,12.753449060240964,0.0
52.41531697087379,12.753591674698797,0.0
52.41531697087379,12.753734289156627,0.0
52.41531697087379,12.753876903614458,0.0
52.41531697087379,12.75401951807229,0.0
52.41531697087379,12.754162132530121,0.0
52.41531697087379,12.754304746987952,0.0
52.41531697087379,12.754447361445784,0.0
52.41531697087379,12.754589975903615,0.0
52.41531697087379,12.754732590361446,0.0
52.41531697087379,12.754875204819278,0.0
52.41531697087379,12.755017819277109,0.0
52.41531697087379,12.75516043373494,0.0
52.41531697087379,12.755303048192772,0.0
52.41531697087379,12.755445662650603,0.0
52.41531697087379,12.755588277108435,0.0
52.41531697087379,12.755730891566266,0.0
52.41531697087379,12.755873506024097,0.0
52.41531697087379,12.75601612048193,0.0
52.41531697087379,12.75615873493976,0.0
52.41531697087379,12.75630134939759,0.0
52.41531697087379,12.756443963855423,0.0
52.41531697087379,12.756586578313254,0.0
52.41531697087379,12.756729192771084,0.0
52.41531697087379,12.756871807228917,0.0
52.41531697087379,12.757014421686748,0.0
52.41531697087379,12.757157036144578,0.0
52.41531697087379,12.75729965060241,0.0
52.41531697087379,12.757442265060241,0.0
52.41531697087379,12.757584879518072,0.0
52.41531697087379,12.757727493975905,0.0
52.41531697087379,12.757870108433735,0.0
52.41531697087379,12.758012722891566,0.0
52.41531697087379,12.758155337349399,0.0
52.41531697087379,12.75829795180723,0.0
52.41531697087379,12.758440566265062,0.0
52.41531697087379,12.758583180722892,0.0
52.41531697087379,12.758725795180723,0.0
52.41531697087379,12.758868409638556,0.0
52.41531697087379,12.759011024096386,0.0
52.41531697087379,12.759153638554217,0.0
52.41531697087379,12.75929625301205,0.0
52.41531697087379,12.75943886746988,0.0
52.41531697087379,12.759581481927711,0.0
52.41531697087379,12.759724096385543,0.0
52.41531697087379,12.759866710843374,0.0
52.41531697087379,12.760009325301205,0.0
52.41531697087379,12.760151939759037,0.0
52.41531697087379,12.760294554216868,0.0
52.41531697087379,12.760437168674699,0.0
52.41531697087379,12.760579783132531,0.0
52.41531697087379,12.760722397590362,0.0
52.41531697087379,12.760865012048193,0.0
52.41531697087379,12.761007626506025,0.0
52.41531697087379,12.761150240963856,0.0
52.41531697087379,12.761292855421688,0.0
52.41531697087379,12.761435469879519,0.0
52.41531697087379,12.76157808433735,0.0
52.41531697087379,12.761720698795182,0.0
52.41531697087379,12.761863313253013,0.0
52.41531697087379,12.762005927710844,0.0
52.41531697087379,12.762148542168676,0.0
52.41531697087379,12.762291156626507,0.0
52.41531697087379,12.762433771084337,0.0
52.41531697087379,12.76257638554217,0.0
52.41531697087379,12.762719,0.0
52.41540970873786,12.750882,0.0
52.41540970873786,12.751024614457831,0.0
52.41540970873786,12.751167228915664,0.0
52.41540970873786,12.751309843373495,0.0
52.41540970873786,12.751452457831325,0.0
52.41540970873786,12.751595072289158,0.0
52.41540970873786,12.751737686746988,0.0
52.41540970873786,12.75188030120482,0.0
52.41540970873786,12.752022915662652,0.0
52.41540970873786,12.752165530120482,0.0
52.41540970873786,12.752308144578313,0.0
52.41540970873786,12.752450759036146,0.0
52.41540970873786,12.752593373493976,0.0
52.41540970873786,12.752735987951809,0.0
52.41540970873786,12.75287860240964,0.0
52.41540970873786,12.75302121686747,0.0
52.41540970873786,12.753163831325303,0.0
52.41540970873786,12.753306445783133,0.0
52.41540970873786,12.753449060240964,0.0
52.41540970873786,12.753591674698797,0.0
52.41540970873786,12.753734289156627,0.0
52.41540970873786,12.753876903614458,0.0
52.41540970873786,12.75401951807229,0.0
52.41540970873786,12.754162132530121,0.0
52.41540970873786,12.754304746987952,0.0
52.41540970873786,12.754447361445784,0.0
52.41540970873786,12.754589975903615,0.0
52.41540970873786,12.754732590361446,0.0
52.41540970873786,12.754875204819278,0.0
52.41540970873786,12.755017819277109,0.0
52.41540970873786,12.75516043373494,0.0
52.41540970873786,12.755303048192772,0.0
52.41540970873786,12.755445662650603,0.0
52.41540970873786,12.755588277108435,0.0
52.41540970873786,12.755730891566266,0.0
52.41540970873786,12.755873506024097,0.0
52.41540970873786,12.75601612048193,0.0
52.41540970873786,12.75615873493976,0.0
52.41540970873786,12.75630134939759,0.0
52.41540970873786,12.756443963855423,0.0
52.41540970873786,12.756586578313254,0.0
52.41540970873786,12.756729192771084,0.0
52.41540970873786,12.756871807228917,0.0
52.41540970873786,12.757014421686748,0.0
52.41540970873786,12.757157036144578,0.0
52.41540970873786,12.75729965060241,0.0
52.41540970873786,12.757442265060241,0.0
52.41540970873786,12.757584879518072,0.0
52.41540970873786,12.757727493975905,0.0
52.41540970873786,12.757870108433735,0.0
52.41540970873786,12.758012722891566,0.0
52.41540970873786,12.758155337349399,0.0
52.41540970873786,12.75829795180723,0.0
52.41540970873786,12.758440566265062,0.0
52.41540970873786,12.758583180722892,0.0
52.41540970873786,12.758725795180723,0.0
52.41540970873786,12.758868409638556,0.0
52.41540970873786,12.759011024096386,0.0
52.41540970873786,12.759153638554217,0.0
52.41540970873786,12.75929625301205,0.0
52.41540970873786,12.75943886746988,0.0
52.41540970873786,12.759581481927711,0.0
52.41540970873786,12.759724096385543,0.0
52.41540970873786,12.759866710843374,0.0
52.41540970873786,12.760009325301205,0.0
52.41540970873786,12.760151939759037,0.0
52.41540970873786,12.760294554216868,0.0
52.41540970873786,12.760437168674699,0.0
52.41540970873786,12.760579783132531,0.0
52.41540970873786,12.760722397590362,0.0
52.41540970873786,12.760865012048193,0.0
52.41540970873786,12.761007626506025,0.0
52.41540970873786,12.761150240963856,0.0
52.41540970873786,12.761292855421688,0.0
52.41540970873786,12.761435469879519,0.0
52.41540970873786,12.76157808433735,0.0
52.41540970873786,12.761720698795182,0.0
52.41540970873786,12.761863313253013,0.0
52.41540970873786,12.762005927710844,0.0
52.41540970873786,12.762148542168676,0.0
52.41540970873786,12.762291156626507,0.0
52.41540970873786,12.762433771084337,0.0
52.41540970873786,12.76257638554217,0.0
52.41540970873786,12.762719,0.0
52.41550244660194,12.750882,0.0
52.41550244660194,12.751024614457831,0.0
52.41550244660194,12.751167228915664,0.0
52.41550244660194,12.751309843373495,0.0
52.41550244660194,12.751452457831325,0.0
52.41550244660194,12.751595072289158,0.0
52.41550244660194,12.751737686746988,0.0
52.41550244660194,12.75188030120482,0.0
52.41550244660194,12.752022915662652,0.0
52.41550244660194,12.752165530120482,0.0
52.41550244660194,12.752308144578313,0.0
52.41550244660194,12.752450759036146,0.0
52.41550244660194,12.752593373493976,0.0
52.41550244660194,12.752735987951809,0.0
52.41550244660194,12.75287860240964,0.0
52.41550244660194,12.75302121686747,0.0
52.41550244660194,12.753163831325303,0.0
52.41550244660194,12.753306445783133,0.0
52.41550244660194,12.753449060240964,0.0
52.41550244660194,12.753591674698797,0.0
52.41550244660194,12.753734289156627,0.0
52.41550244660194,12.753876903614458,0.0
52.41550244660194,12.75401951807229,0.0
52.41550244660194,12.754162132530121,0.0
52.41550244660194,12.754304746987952,0.0
52.41550244660194,12.754447361445784,0.0
52.41550244660194,12.754589975903615,0.0
52.41550244660194,12.754732590361446,0.0
52.41550244660194,12.754875204819278,0.0
52.41550244660194,12.755017819277109,0.0
52.41550244660194,12.75516043373494,0.0
52.41550244660194,12.755303048192772,0.0
52.41550244660194,12.755445662650603,0.0
52.41550244660194,12.755588277108435,0.0
52.41550244660194,12.755730891566266,0.0
52.41550244660194,12.755873506024097,0.0
52.41550244660194,12.75601612048193,0.0
52.41550244660194,12.75615873493976,0.0
52.41550244660194,12.75630134939759,0.0
52.41550244660194,12.756443963855423,0.0
52.41550244660194,12.756586578313254,0.0
52.41550244660194,12.756729192771084,0.0
52.41550244660194,12.756871807228917,0.0
52.41550244660194,12.757014421686748,0.0
52.41550244660194,12.757157036144578,0.0
52.41550244660194,12.75729965060241,0.0
52.41550244660194,12.757442265060241,0.0
52.41550244660194,12.757584879518072,0.0
52.41550244660194,12.757727493975905,0.0
52.41550244660194,12.757870108433735,0.0
52.41550244660194,12.758012722891566,0.0
52.41550244660194,12.758155337349399,0.0
52.41550244660194,12.75829795180723,0.0
52.41550244660194,12.758440566265062,0.0
52.41550244660194,12.758583180722892,0.0
52.41550244660194,12.758725795180723,0.0
52.41550244660194,12.758868409638556,0.0
52.41550244660194,12.759011024096386,0.0
52.41550244660194,12.759153638554217,0.0
52.41550244660194,12.75929625301205,0.0
52.41550244660194,12.75943886746988,0.0
52.41550244660194,12.759581481927711,0.0
52.41550244660194,12.759724096385543,0.0
52.41550244660194,12.759866710843374,0.0
52.41550244660194,12.760009325301205,0.0
52.41550244660194,12.760151939759037,0.0
52.41550244660194,12.760294554216868,0.0
52.41550244660194,12.760437168674699,0.0
52.41550244660194,12.760579783132531,0.0
52.41550244660194,12.760722397590362,0.0
52.41550244660194,12.760865012048193,0.0
52.41550244660194,12.761007626506025,0.0
52.41550244660194,12.761150240963856,0.0
52.41550244660194,12.761292855421688,0.0
52.41550244660194,12.761435469879519,0.0
52.41550244660194,12.76157808433735,0.0
52.41550244660194,12.761720698795182,0.0
52.41550244660194,12.761863313253013,0.0
52.41550244660194,12.762005927710844,0.0
52.41550244660194,12.762148542168676,0.0
52.41550244660194,12.762291156626507,0.0
52.41550244660194,12.762433771084337,0.0
52.41550244660194,12.76257638554217,0.0
52.41550244660194,12.762719,0.0
52.41559518446602,12.750882,0.0
52.41559518446602,12.751024614457831,0.0
52.41559518446602,12.751167228915664,0.0
52.41559518446602,12.751309843373495,0.0
52.41559518446602,12.751452457831325,0.0
52.41559518446602,12.751595072289158,0.0
52.41559518446602,12.751737686746988,0.0
52.41559518446602,12.75188030120482,0.0
52.41559518446602,12.752022915662652,0.0
52.41559518446602,12.752165530120482,0.0
52.41559518446602,12.752308144578313,0.0
52.41559518446602,12.752450759036146,0.0
52.41559518446602,12.752593373493976,0.0
52.41559518446602,12.752735987951809,0.0
52.41559518446602,12.75287860240964,0.0
52.41559518446602,12.75302121686747,0.0
52.41559518446602,12.753163831325303,0.0
52.41559518446602,12.753306445783133,0.0
52.41559518446602,12.753449060240964,0.0
52.41559518446602,12.753591674698797,0.0
52.41559518446602,12.753734289156627,0.0
52.41559518446602,12.753876903614458,0.0
52.41559518446602,12.75401951807229,0.0
52.41559518446602,12.754162132530121,0.0
52.41559518446602,12.754304746987952,0.0
52.41559518446602,12.754447361445784,0.0
52.41559518446602,12.754589975903615,0.0
52.41559518446602,12.754732590361446,0.0
52.41559518446602,12.754875204819278,0.0
52.41559518446602,12.755017819277109,0.0
52.41559518446602,12.75516043373494,0.0
52.41559518446602,12.755303048192772,0.0
52.41559518446602,12.755445662650603,0.0
52.41559518446602,12.755588277108435,0.0
52.41559518446602,12.755730891566266,0.0
52.41559518446602,12.755873506024097,0.0
52.41559518446602,12.75601612048193,0.0
52.41559518446602,12.75615873493976,0.0
52.41559518446602,12.75630134939759,0.0
52.41559518446602,12.756443963855423,0.0
52.41559518446602,12.756586578313254,0.0
52.41559518446602,12.756729192771084,0.0
52.41559518446602,12.756871807228917,0.0
52.41559518446602,12.757014421686748,0.0
52.41559518446602,12.757157036144578,0.0
52.41559518446602,12.75729965060241,0.0
52.41559518446602,12.757442265060241,0.0
52.41559518446602,12.757584879518072,0.0
52.41559518446602,12.757727493975905,0.0
52.41559518446602,12.757870108433735,0.0
52.41559518446602,12.758012722891566,0.0
52.41559518446602,12.758155337349399,0.0
52.41559518446602,12.75829795180723,0.0
52.41559518446602,12.758440566265062,0.0
52.41559518446602,12.758583180722892,0.0
52.41559518446602,12.758725795180723,0.0
52.41559518446602,12.758868409638556,0.0
52.41559518446602,12.759011024096386,0.0
52.41559518446602,12.759153638554217,0.0
52.41559518446602,12.75929625301205,0.0
52.41559518446602,12.75943886746988,0.0
52.41559518446602,12.759581481927711,0.0
52.41559518446602,12.759724096385543,0.0
52.41559518446602,12.759866710843374,0.0
52.41559518446602,12.760009325301205,0.0
52.41559518446602,12.760151939759037,0.0
52.41559518446602,12.760294554216868,0.0
52.41559518446602,12.760437168674699,0.0
52.41559518446602,12.760579783132531,0.0
52.41559518446602,12.760722397590362,0.0
52.41559518446602,12.760865012048193,0.0
52.41559518446602,12.761007626506025,0.0
52.41559518446602,12.761150240963856,0.0
52.41559518446602,12.761292855421688,0.0
52.41559518446602,12.761435469879519,0.0
52.41559518446602,12.76157808433735,0.0
52.41559518446602,12.761720698795182,0.0
52.41559518446602,12.761863313253013,0.0
52.41559518446602,12.762005927710844,0.0
52.41559518446602,12.762148542168676,0.0
52.41559518446602,12.762291156626507,0.0
52.41559518446602,12.762433771084337,0.0
52.41559518446602,12.76257638554217,0.0
52.41559518446602,12.762719,0.0
52.4156879223301,12.750882,0.0
52.4156879223301,12.751024614457831,0.0
52.4156879223301,12.751167228915664,0.0
52.4156879223301,12.751309843373495,0.0
52.4156879223301,12.751452457831325,0.0
52.4156879223301,12.751595072289158,0.0
52.4156879223301,12.751737686746988,0.0
52.4156879223301,12.75188030120482,0.0
52.4156879223301,12.752022915662652,0.0
52.4156879223301,12.752165530120482,0.0
52.4156879223301,12.752308144578313,0.0
52.4156879223301,12.752450759036146,0.0
52.4156879223301,12.752593373493976,0.0
52.4156879223301,12.752735987951809,0.0
52.4156879223301,12.75287860240964,0.0
52.4156879223301,12.75302121686747,0.0
52.4156879223301,12.753163831325303,0.0
52.4156879223301,12.753306445783133,0.0
52.4156879223301,12.753449060240964,0.0
52.4156879223301,12.753591674698797,0.0
52.4156879223301,12.753734289156627,0.0
52.4156879223301,12.753876903614458,0.0
52.4156879223301,12.75401951807229,0.0
52.4156879223301,12.754162132530121,0.0
52.4156879223301,12.754304746987952,0.0
52.4156879223301,12.754447361445784,0.0
52.4156879223301,12.754589975903615,0.0
52.4156879223301,12.754732590361446,0.0
52.4156879223301,12.754875204819278,0.0
52.4156879223301,12.755017819277109,0.0
52.4156879223301,12.75516043373494,0.0
52.4156879223301,12.755303048192772,0.0
52.4156879223301,12.755445662650603,0.0
52.4156879223301,12.755588277108435,0.0
52.4156879223301,12.755730891566266,0.0
52.4156879223301,12.755873506024097,0.0
52.4156879223301,12.75601612048193,0.0
52.4156879223301,12.75615873493976,0.0
52.4156879223301,12.75630134939759,0.0
52.4156879223301,12.756443963855423,0.0
52.4156879223301,12.756586578313254,0.0
52.4156879223301,12.756729192771084,0.0
52.4156879223301,12.756871807228917,0.0
52.4156879223301,12.757014421686748,0.0
52.4156879223301,12.757157036144578,0.0
52.4156879223301,12.75729965060241,0.0
52.4156879223301,12.757442265060241,0.0
52.4156879223301,12.757584879518072,0.0
52.4156879223301,12.757727493975905,0.0
52.4156879223301,12.757870108433735,0.0
52.4156879223301,12.758012722891566,0.0
52.4156879223301,12.758155337349399,0.0
52.4156879223301,12.75829795180723,0.0
52.4156879223301,12.758440566265062,0.0
52.4156879223301,12.758583180722892,0.0
52.4156879223301,12.758725795180723,0.0
52.4156879223301,12.758868409638556,0.0
52.4156879223301,12.759011024096386,0.0
52.4156879223301,12.759153638554217,0.0
52.4156879223301,12.75929625301205,0.0
52.4156879223301,12.75943886746988,0.0
52.4156879223301,12.759581481927711,0.0
52.4156879223301,12.759724096385543,0.0
52.4156879223301,12.759866710843374,0.0
52.4156879223301,12.760009325301205,0.0
52.4156879223301,12.760151939759037,0.0
52.4156879223301,12.760294554216868,0.0
52.4156879223301,12.760437168674699,0.0
52.4156879223301,12.760579783132531,0.0
52.4156879223301,12.760722397590362,0.0
52.4156879223301,12.760865012048193,0.0
52.4156879223301,12.761007626506025,0.0
52.4156879223301,12.761150240963856,0.0
52.4156879223301,12.761292855421688,0.0
52.4156879223301,12.761435469879519,0.0
52.4156879223301,12.76157808433735,0.0
52.4156879223301,12.761720698795182,0.0
52.4156879223301,12.761863313253013,0.0
52.4156879223301,12.762005927710844,0.0
52.4156879223301,12.762148542168676,0.0
52.4156879223301,12.762291156626507,0.0
52.4156879223301,12.762433771084337,0.0
52.4156879223301,12.76257638554217,0.0
52.4156879223301,12.762719,0.0
52.41578066019417,12.750882,0.0
52.41578066019417,12.751024614457831,0.0
52.41578066019417,12.751167228915664,0.0
52.41578066019417,12.751309843373495,0.0
52.41578066019417,12.751452457831325,0.0
52.41578066019417,12.751595072289158,0.0
52.41578066019417,12.751737686746988,0.0
52.41578066019417,12.75188030120482,0.0
52.41578066019417,12.752022915662652,0.0
52.41578066019417,12.752165530120482,0.0
52.41578066019417,12.752308144578313,0.0
52.41578066019417,12.752450759036146,0.0
52.41578066019417,12.752593373493976,0.0
52.41578066019417,12.752735987951809,0.0
52.41578066019417,12.75287860240964,0.0
52.41578066019417,12.75302121686747,0.0
52.41578066019417,12.753163831325303,0.0
52.41578066019417,12.753306445783133,0.0
52.41578066019417,12.753449060240964,0.0
52.41578066019417,12.753591674698797,0.0
52.41578066019417,12.753734289156627,0.0
52.41578066019417,12.753876903614458,0.0
52.41578066019417,12.75401951807229,0.0
52.41578066019417,12.754162132530121,0.0
52.41578066019417,12.754304746987952,0.0
52.41578066019417,12.754447361445784,0.0
52.41578066019417,12.754589975903615,0.0
52.41578066019417,12.754732590361446,0.0
52.41578066019417,12.754875204819278,0.0
52.41578066019417,12.755017819277109,0.0
52.41578066019417,12.75516043373494,0.0
52.41578066019417,12.755303048192772,0.0
52.41578066019417,12.755445662650603,0.0
52.41578066019417,12.755588277108435,0.0
52.41578066019417,12.755730891566266,0.0
52.41578066019417,12.755873506024097,0.0
52.41578066019417,12.75601612048193,0.0
52.41578066019417,12.75615873493976,0.0
52.41578066019417,12.75630134939759,0.0
52.41578066019417,12.756443963855423,0.0
52.41578066019417,12.756586578313254,0.0
52.41578066019417,12.756729192771084,0.0
52.41578066019417,12.756871807228917,0.0
52.41578066019417,12.757014421686748,0.0
52.41578066019417,12.757157036144578,0.0
52.41578066019417,12.75729965060241,0.0
52.41578066019417,12.757442265060241,0.0
52.41578066019417,12.757584879518072,0.0
52.41578066019417,12.757727493975905,0.0
52.41578066019417,12.757870108433735,0.0
52.41578066019417,12.758012722891566,0.0
52.41578066019417,12.758155337349399,0.0
52.41578066019417,12.75829795180723,0.0
52.41578066019417,12.758440566265062,0.0
52.41578066019417,12.758583180722892,0.0
52.41578066019417,12.758725795180723,0.0
52.41578066019417,12.758868409638556,0.0
52.41578066019417,12.759011024096386,0.0
52.41578066019417,12.759153638554217,0.0
52.41578066019417,12.75929625301205,0.0
52.41578066019417,12.75943886746988,0.0
52.41578066019417,12.759581481927711,0.0
52.41578066019417,12.759724096385543,0.0
52.41578066019417,12.759866710843374,0.0
52.41578066019417,12.760009325301205,0.0
52.41578066019417,12.760151939759037,0.0
52.41578066019417,12.760294554216868,0.0
52.41578066019417,12.760437168674699,0.0
52.41578066019417,12.760579783132531,0.0
52.41578066019417,12.760722397590362,0.0
52.41578066019417,12.760865012048193,0.0
52.41578066019417,12.761007626506025,0.0
52.41578066019417,12.761150240963856,0.0
52.41578066019417,12.761292855421688,0.0
52.41578066019417,12.761435469879519,0.0
52.41578066019417,12.76157808433735,0.0
52.41578066019417,12.761720698795182,0.0
52.41578066019417,12.761863313253013,0.0
52.41578066019417,12.762005927710844,0.0
52.41578066019417,12.762148542168676,0.0
52.41578066019417,12.762291156626507,0.0
52.41578066019417,12.762433771084337,0.0
52.41578066019417,12.76257638554217,0.0
52.41578066019417,12.762719,0.0
52.41587339805825,12.750882,0.0
52.41587339805825,12.751024614457831,0.0
52.41587339805825,12.751167228915664,0.0
52.41587339805825,12.751309843373495,0.0
52.41587339805825,12.751452457831325,0.0
52.41587339805825,12.751595072289158,0.0
52.41587339805825,12.751737686746988,0.0
52.41587339805825,12.75188030120482,0.0
52.41587339805825,12.752022915662652,0.0
52.41587339805825,12.752165530120482,0.0
52.41587339805825,12.752308144578313,0.0
52.41587339805825,12.752450759036146,0.0
52.41587339805825,12.752593373493976,0.0
52.41587339805825,12.752735987951809,0.0
52.41587339805825,12.75287860240964,0.0
52.41587339805825,12.75302121686747,0.0
52.41587339805825,12.753163831325303,0.0
52.41587339805825,12.753306445783133,0.0
52.41587339805825,12.753449060240964,0.0
52.41587339805825,12.753591674698797,0.0
52.41587339805825,12.753734289156627,0.0
52.41587339805825,12.753876903614458,0.0
52.41587339805825,12.75401951807229,0.0
52.41587339805825,12.754162132530121,0.0
52.41587339805825,12.754304746987952,0.0
52.41587339805825,12.754447361445784,0.0
52.41587339805825,12.754589975903615,0.0
52.41587339805825,12.754732590361446,0.0
52.41587339805825,12.754875204819278,0.0
52.41587339805825,12.755017819277109,0.0
52.41587339805825,12.75516043373494,0.0
52.41587339805825,12.755303048192772,0.0
52.41587339805825,12.755445662650603,0.0
52.41587339805825,12.755588277108435,0.0
52.41587339805825,12.755730891566266,0.0
52.41587339805825,12.755873506024097,0.0
52.41587339805825,12.75601612048193,0.0
52.41587339805825,12.75615873493976,0.0
52.41587339805825,12.75630134939759,0.0
52.41587339805825,12.756443963855423,0.0
52.41587339805825,12.756586578313254,0.0
52.41587339805825,12.756729192771084,0.0
52.41587339805825,12.756871807228917,0.0
52.41587339805825,12.757014421686748,0.0
52.41587339805825,12.757157036144578,0.0
52.41587339805825,12.75729965060241,0.0
52.41587339805825,12.757442265060241,0.0
52.41587339805825,12.757584879518072,0.0
52.41587339805825,12.757727493975905,0.0
52.41587339805825,12.757870108433735,0.0
52.41587339805825,12.758012722891566,0.0
52.41587339805825,12.758155337349399,0.0
52.41587339805825,12.75829795180723,0.0
52.41587339805825,12.758440566265062,0.0
52.41587339805825,12.758583180722892,0.0
52.41587339805825,12.758725795180723,0.0
52.41587339805825,12.758868409638556,0.0
52.41587339805825,12.759011024096386,0.0
52.41587339805825,12.759153638554217,0.0
52.41587339805825,12.75929625301205,0.0
52.41587339805825,12.75943886746988,0.0
52.41587339805825,12.759581481927711,0.0
52.41587339805825,12.759724096385543,0.0
52.41587339805825,12.759866710843374,0.0
52.41587339805825,12.760009325301205,0.0
52.41587339805825,12.760151939759037,0.0
52.41587339805825,12.760294554216868,0.0
52.41587339805825,12.760437168674699,0.0
52.41587339805825,12.760579783132531,0.0
52.41587339805825,12.760722397590362,0.0
52.41587339805825,12.760865012048193,0.0
52.41587339805825,12.761007626506025,0.0
52.41587339805825,12.761150240963856,0.0
52.41587339805825,12.761292855421688,0.0
52.41587339805825,12.761435469879519,0.0
52.41587339805825,12.76157808433735,0.0
52.41587339805825,12.761720698795182,0.0
52.41587339805825,12.761863313253013,0.0
52.41587339805825,12.762005927710844,0.0
52.41587339805825,12.762148542168676,0.0
52.41587339805825,12.762291156626507,0.0
52.41587339805825,12.762433771084337,0.0
52.41587339805825,12.76257638554217,0.0
52.41587339805825,12.762719,0.0
52.41596613592233,12.750882,0.0
52.41596613592233,12.751024614457831,0.0
52.41596613592233,12.751167228915664,0.0
52.41596613592233,12.751309843373495,0.0
52.41596613592233,12.751452457831325,0.0
52.41596613592233,12.751595072289158,0.0
52.41596613592233,12.751737686746988,0.0
52.41596613592233,12.75188030120482,0.0
52.41596613592233,12.752022915662652,0.0
52.41596613592233,12.752165530120482,0.0
52.41596613592233,12.752308144578313,0.0
52.41596613592233,12.752450759036146,0.0
52.41596613592233,12.752593373493976,0.0
52.41596613592233,12.752735987951809,0.0
52.41596613592233,12.75287860240964,0.0
52.41596613592233,12.75302121686747,0.0
52.41596613592233,12.753163831325303,0.0
52.41596613592233,12.753306445783133,0.0
52.41596613592233,12.753449060240964,0.0
52.41596613592233,12.753591674698797,0.0
52.41596613592233,12.753734289156627,0.0
52.41596613592233,12.753876903614458,0.0
52.41596613592233,12.75401951807229,0.0
52.41596613592233,12.754162132530121,0.0
52.41596613592233,12.754304746987952,0.0
52.41596613592233,12.754447361445784,0.0
52.41596613592233,12.754589975903615,0.0
52.41596613592233,12.754732590361446,0.0
52.41596613592233,12.754875204819278,0.0
52.41596613592233,12.755017819277109,0.0
52.41596613592233,12.75516043373494,0.0
52.41596613592233,12.755303048192772,0.0
52.41596613592233,12.755445662650603,0.0
52.41596613592233,12.755588277108435,0.0
52.41596613592233,12.755730891566266,0.0
52.41596613592233,12.755873506024097,0.0
52.41596613592233,12.75601612048193,0.0
52.41596613592233,12.75615873493976,0.0
52.41596613592233,12.75630134939759,0.0
52.41596613592233,12.756443963855423,0.0
52.41596613592233,12.756586578313254,0.0
52.41596613592233,12.756729192771084,0.0
52.41596613592233,12.756871807228917,0.0
52.41596613592233,12.757014421686748,0.0
52.41596613592233,12.757157036144578,0.0
52.41596613592233,12.75729965060241,0.0
52.41596613592233,12.757442265060241,0.0
52.41596613592233,12.757584879518072,0.0
52.41596613592233,12.757727493975905,0.0
52.41596613592233,12.757870108433735,0.0
52.41596613592233,12.758012722891566,0.0
52.41596613592233,12.758155337349399,0.0
52.41596613592233,12.75829795180723,0.0
52.41596613592233,12.758440566265062,0.0
52.41596613592233,12.758583180722892,0.0
52.41596613592233,12.758725795180723,0.0
52.41596613592233,12.758868409638556,0.0
52.41596613592233,12.759011024096386,0.0
52.41596613592233,12.759153638554217,0.0
52.41596613592233,12.75929625301205,0.0
52.41596613592233,12.75943886746988,0.0
52.41596613592233,12.759581481927711,0.0
52.41596613592233,12.759724096385543,0.0
52.41596613592233,12.759866710843374,0.0
52.41596613592233,12.760009325301205,0.0
52.41596613592233,12.760151939759037,0.0
52.41596613592233,12.760294554216868,0.0
52.41596613592233,12.760437168674699,0.0
52.41596613592233,12.760579783132531,0.0
52.41596613592233,12.760722397590362,0.0
52.41596613592233,12.760865012048193,0.0
52.41596613592233,12.761007626506025,0.0
52.41596613592233,12.761150240963856,0.0
52.41596613592233,12.761292855421688,0.0
52.41596613592233,12.761435469879519,0.0
52.41596613592233,12.76157808433735,0.0
52.41596613592233,12.761720698795182,0.0
52.41596613592233,12.761863313253013,0.0
52.41596613592233,12.762005927710844,0.0
52.41596613592233,12.762148542168676,0.0
52.41596613592233,12.762291156626507,0.0
52.41596613592233,12.762433771084337,0.0
52.41596613592233,12.76257638554217,0.0
52.41596613592233,12.762719,0.0
52.41605887378641,12.750882,0.0
52.41605887378641,12.751024614457831,0.0
52.41605887378641,12.751167228915664,0.0
52.41605887378641,12.751309843373495,0.0
52.41605887378641,12.751452457831325,0.0
52.41605887378641,12.751595072289158,0.0
52.41605887378641,12.751737686746988,0.0
52.41605887378641,12.75188030120482,0.0
52.41605887378641,12.752022915662652,0.0
52.41605887378641,12.752165530120482,0.0
52.41605887378641,12.752308144578313,0.0
52.41605887378641,12.752450759036146,0.0
52.41605887378641,12.752593373493976,0.0
52.41605887378641,12.752735987951809,0.0
52.41605887378641,12.75287860240964,0.0
52.41605887378641,12.75302121686747,0.0
52.41605887378641,12.753163831325303,0.0
52.41605887378641,12.753306445783133,0.0
52.41605887378641,12.753449060240964,0.0
52.41605887378641,12.753591674698797,0.0
52.41605887378641,12.753734289156627,0.0
52.41605887378641,12.753876903614458,0.0
52.41605887378641,12.75401951807229,0.0
52.41605887378641,12.754162132530121,0.0
52.41605887378641,12.754304746987952,0.0
52.41605887378641,12.754447361445784,0.0
52.41605887378641,12.754589975903615,0.0
52.41605887378641,12.754732590361446,0.0
52.41605887378641,12.754875204819278,0.0
52.41605887378641,12.755017819277109,0.0
52.41605887378641,12.75516043373494,0.0
52.41605887378641,12.755303048192772,0.0
52.41605887378641,12.755445662650603,0.0
52.41605887378641,12.755588277108435,0.0
52.41605887378641,12.755730891566266,0.0
52.41605887378641,12.755873506024097,0.0
52.41605887378641,12.75601612048193,0.0
52.41605887378641,12.75615873493976,0.0
52.41605887378641,12.75630134939759,0.0
52.41605887378641,12.756443963855423,0.0
52.41605887378641,12.756586578313254,0.0
52.41605887378641,12.756729192771084,0.0
52.41605887378641,12.756871807228917,0.0
52.41605887378641,12.757014421686748,0.0
52.41605887378641,12.757157036144578,0.0
52.41605887378641,12.75729965060241,0.0
52.41605887378641,12.757442265060241,0.0
52.41605887378641,12.757584879518072,0.0
52.41605887378641,12.757727493975905,0.0
52.41605887378641,12.757870108433735,0.0
52.41605887378641,12.758012722891566,0.0
52.41605887378641,12.758155337349399,0.0
52.41605887378641,12.75829795180723,0.0
52.41605887378641,12.758440566265062,0.0
52.41605887378641,12.758583180722892,0.0
52.41605887378641,12.758725795180723,0.0
52.41605887378641,12.758868409638556,0.0
52.41605887378641,12.759011024096386,0.0
52.41605887378641,12.759153638554217,0.0
52.41605887378641,12.75929625301205,0.0
52.41605887378641,12.75943886746988,0.0
52.41605887378641,12.759581481927711,0.0
52.41605887378641,12.759724096385543,0.0
52.41605887378641,12.759866710843374,0.0
52.41605887378641,12.760009325301205,0.0
52.41605887378641,12.760151939759037,0.0
52.41605887378641,12.760294554216868,0.0
52.41605887378641,12.760437168674699,0.0
52.41605887378641,12.760579783132531,0.0
52.41605887378641,12.760722397590362,0.0
52.41605887378641,12.760865012048193,0.0
52.41605887378641,12.761007626506025,0.0
52.41605887378641,12.761150240963856,0.0
52.41605887378641,12.761292855421688,0.0
52.41605887378641,12.761435469879519,0.0
52.41605887378641,12.76157808433735,0.0
52.41605887378641,12.761720698795182,0.0
52.41605887378641,12.761863313253013,0.0
52.41605887378641,12.762005927710844,0.0
52.41605887378641,12.762148542168676,0.0
52.41605887378641,12.762291156626507,0.0
52.41605887378641,12.762433771084337,0.0
52.41605887378641,12.76257638554217,0.0
52.41605887378641,12.762719,0.0
52.416151611650484,12.750882,0.0
52.416151611650484,12.751024614457831,0.0
52.416151611650484,12.751167228915664,0.0
52.416151611650484,12.751309843373495,0.0
52.416151611650484,12.751452457831325,0.0
52.416151611650484,12.751595072289158,0.0
52.416151611650484,12.751737686746988,0.0
52.416151611650484,12.75188030120482,0.0
52.416151611650484,12.752022915662652,0.0
52.416151611650484,12.752165530120482,0.0
52.416151611650484,12.752308144578313,0.0
52.416151611650484,12.752450759036146,0.0
52.416151611650484,12.752593373493976,0.0
52.416151611650484,12.752735987951809,0.0
52.416151611650484,12.75287860240964,0.0
52.416151611650484,12.75302121686747,0.0
52.416151611650484,12.753163831325303,0.0
52.416151611650484,12.753306445783133,0.0
52.416151611650484,12.753449060240964,0.0
52.416151611650484,12.753591674698797,0.0
52.416151611650484,12.753734289156627,0.0
52.416151611650484,12.753876903614458,0.0
52.416151611650484,12.75401951807229,0.0
52.416151611650484,12.754162132530121,0.0
52.416151611650484,12.754304746987952,0.0
52.416151611650484,12.754447361445784,0.0
52.416151611650484,12.754589975903615,0.0
52.416151611650484,12.754732590361446,0.0
52.416151611650484,12.754875204819278,0.0
52.416151611650484,12.755017819277109,0.0
52.416151611650484,12.75516043373494,0.0
52.416151611650484,12.755303048192772,0.0
52.416151611650484,12.755445662650603,0.0
52.416151611650484,12.755588277108435,0.0
52.416151611650484,12.755730891566266,0.0
52.416151611650484,12.755873506024097,0.0
52.416151611650484,12.75601612048193,0.0
52.416151611650484,12.75615873493976,0.0
52.416151611650484,12.75630134939759,0.0
52.416151611650484,12.756443963855423,0.0
52.416151611650484,12.756586578313254,0.0
52.416151611650484,12.756729192771084,0.0
52.416151611650484,12.756871807228917,0.0
52.416151611650484,12.757014421686748,0.0
52.416151611650484,12.757157036144578,0.0
52.416151611650484,12.75729965060241,0.0
52.416151611650484,12.757442265060241,0.0
52.416151611650484,12.757584879518072,0.0
52.416151611650484,12.757727493975905,0.0
52.416151611650484,12.757870108433735,0.0
52.416151611650484,12.758012722891566,0.0
52.416151611650484,12.758155337349399,0.0
52.416151611650484,12.75829795180723,0.0
52.416151611650484,12.758440566265062,0.0
52.416151611650484,12.758583180722892,0.0
52.416151611650484,12.758725795180723,0.0
52.416151611650484,12.758868409638556,0.0
52.416151611650484,12.759011024096386,0.0
52.416151611650484,12.759153638554217,0.0
52.416151611650484,12.75929625301205,0.0
52.416151611650484,12.75943886746988,0.0
52.416151611650484,12.759581481927711,0.0
52.416151611650484,12.759724096385543,0.0
52.416151611650484,12.759866710843374,0.0
52.416151611650484,12.760009325301205,0.0
52.416151611650484,12.760151939759037,0.0
52.416151611650484,12.760294554216868,0.0
52.416151611650484,12.760437168674699,0.0
52.416151611650484,12.760579783132531,0.0
52.416151611650484,12.760722397590362,0.0
52.416151611650484,12.760865012048193,0.0
52.416151611650484,12.761007626506025,0.0
52.416151611650484,12.761150240963856,0.0
52.416151611650484,12.761292855421688,0.0
52.416151611650484,12.761435469879519,0.0
52.416151611650484,12.76157808433735,0.0
52.416151611650484,12.761720698795182,0.0
52.416151611650484,12.761863313253013,0.0
52.416151611650484,12.762005927710844,0.0
52.416151611650484,12.762148542168676,0.0
52.416151611650484,12.762291156626507,0.0
52.416151611650484,12.762433771084337,0.0
52.416151611650484,12.76257638554217,0.0
52.416151611650484,12.762719,0.0
52.416244349514564,12.750882,0.0
52.416244349514564,12.751024614457831,0.0
52.416244349514564,12.751167228915664,0.0
52.416244349514564,12.751309843373495,0.0
52.416244349514564,12.751452457831325,0.0
52.416244349514564,12.751595072289158,0.0
52.416244349514564,12.751737686746988,0.0
52.416244349514564,12.75188030120482,0.0
52.416244349514564,12.752022915662652,0.0
52.416244349514564,12.752165530120482,0.0
52.416244349514564,12.752308144578313,0.0
52.416244349514564,12.752450759036146,0.0
52.416244349514564,12.752593373493976,0.0
52.416244349514564,12.752735987951809,0.0
52.416244349514564,12.75287860240964,0.0
52.416244349514564,12.75302121686747,0.0
52.416244349514564,12.753163831325303,0.0
52.416244349514564,12.753306445783133,0.0
52.416244349514564,12.753449060240964,0.0
52.416244349514564,12.753591674698797,0.0
52.416244349514564,12.753734289156627,0.0
52.416244349514564,12.753876903614458,0.0
52.416244349514564,12.75401951807229,0.0
52.416244349514564,12.754162132530121,0.0
52.416244349514564,12.754304746987952,0.0
52.416244349514564,12.754447361445784,0.0
52.416244349514564,12.754589975903615,0.0
52.416244349514564,12.754732590361446,0.0
52.416244349514564,12.754875204819278,0.0
52.416244349514564,12.755017819277109,0.0
52.416244349514564,12.75516043373494,0.0
52.416244349514564,12.755303048192772,0.0
52.416244349514564,12.755445662650603,0.0
52.416244349514564,12.755588277108435,0.0
52.416244349514564,12.755730891566266,0.0
52.416244349514564,12.755873506024097,0.0
52.416244349514564,12.75601612048193,0.0
52.416244349514564,12.75615873493976,0.0
52.416244349514564,12.75630134939759,0.0
52.416244349514564,12.756443963855423,0.0
52.416244349514564,12.756586578313254,0.0
52.416244349514564,12.756729192771084,0.0
52.416244349514564,12.756871807228917,0.0
52.416244349514564,12.757014421686748,0.0
52.416244349514564,12.757157036144578,0.0
52.416244349514564,12.75729965060241,0.0
52.416244349514564,12.757442265060241,0.0
52.416244349514564,12.757584879518072,0.0
52.416244349514564,12.757727493975905,0.0
52.416244349514564,12.757870108433735,0.0
52.416244349514564,12.758012722891566,0.0
52.416244349514564,12.758155337349399,0.0
52.416244349514564,12.75829795180723,0.0
52.416244349514564,12.758440566265062,0.0
52.416244349514564,12.758583180722892,0.0
52.416244349514564,12.758725795180723,0.0
52.416244349514564,12.758868409638556,0.0
52.416244349514564,12.759011024096386,0.0
52.416244349514564,12.759153638554217,0.0
52.416244349514564,12.75929625301205,0.0
52.416244349514564,12.75943886746988,0.0
52.416244349514564,12.759581481927711,0.0
52.416244349514564,12.759724096385543,0.0
52.416244349514564,12.759866710843374,0.0
52.416244349514564,12.760009325301205,0.0
52.416244349514564,12.760151939759037,0.0
52.416244349514564,12.760294554216868,0.0
52.416244349514564,12.760437168674699,0.0
52.416244349514564,12.760579783132531,0.0
52.416244349514564,12.760722397590362,0.0
52.416244349514564,12.760865012048193,0.0
52.416244349514564,12.761007626506025,0.0
52.416244349514564,12.761150240963856,0.0
52.416244349514564,12.761292855421688,0.0
52.416244349514564,12.761435469879519,0.0
52.416244349514564,12.76157808433735,0.0
52.416244349514564,12.761720698795182,0.0
52.416244349514564,12.761863313253013,0.0
52.416244349514564,12.762005927710844,0.0
52.416244349514564,12.762148542168676,0.0
52.416244349514564,12.762291156626507,0.0
52.416244349514564,12.762433771084337,0.0
52.416244349514564,12.76257638554217,0.0
52.416244349514564,12.762719,0.0
52.41633708737864,12.750882,0.0
52.41633708737864,12.751024614457831,0.0
52.41633708737864,12.751167228915664,0.0
52.41633708737864,12.751309843373495,0.0
52.41633708737864,12.751452457831325,0.0
52.41633708737864,12.751595072289158,0.0
52.41633708737864,12.751737686746988,0.0
52.41633708737864,12.75188030120482,0.0
52.41633708737864,12.752022915662652,0.0
52.41633708737864,12.752165530120482,0.0
52.41633708737864,12.752308144578313,0.0
52.41633708737864,12.752450759036146,0.0
52.41633708737864,12.752593373493976,0.0
52.41633708737864,12.752735987951809,0.0
52.41633708737864,12.75287860240964,0.0
52.41633708737864,12.75302121686747,0.0
52.41633708737864,12.753163831325303,0.0
52.41633708737864,12.753306445783133,0.0
52.41633708737864,12.753449060240964,0.0
52.41633708737864,12.753591674698797,0.0
52.41633708737864,12.753734289156627,0.0
52.41633708737864,12.753876903614458,0.0
52.41633708737864,12.75401951807229,0.0
52.41633708737864,12.754162132530121,0.0
52.41633708737864,12.754304746987952,0.0
52.41633708737864,12.754447361445784,0.0
52.41633708737864,12.754589975903615,0.0
52.41633708737864,12.754732590361446,0.0
52.41633708737864,12.754875204819278,0.0
52.41633708737864,12.755017819277109,0.0
52.41633708737864,12.75516043373494,0.0
52.41633708737864,12.755303048192772,0.0
52.41633708737864,12.755445662650603,0.0
52.41633708737864,12.755588277108435,0.0
52.41633708737864,12.755730891566266,0.0
52.41633708737864,12.755873506024097,0.0
52.41633708737864,12.75601612048193,0.0
52.41633708737864,12.75615873493976,0.0
52.41633708737864,12.75630134939759,0.0
52.41633708737864,12.756443963855423,0.0
52.41633708737864,12.756586578313254,0.0
52.41633708737864,12.756729192771084,0.0
52.41633708737864,12.756871807228917,0.0
52.41633708737864,12.757014421686748,0.0
52.41633708737864,12.757157036144578,0.0
52.41633708737864,12.75729965060241,0.0
52.41633708737864,12.757442265060241,0.0
52.41633708737864,12.757584879518072,0.0
52.41633708737864,12.757727493975905,0.0
52.41633708737864,12.757870108433735,0.0
52.41633708737864,12.758012722891566,0.0
52.41633708737864,12.758155337349399,0.0
52.41633708737864,12.75829795180723,0.0
52.41633708737864,12.758440566265062,0.0
52.41633708737864,12.758583180722892,0.0
52.41633708737864,12.758725795180723,0.0
52.41633708737864,12.758868409638556,0.0
52.41633708737864,12.759011024096386,0.0
52.41633708737864,12.759153638554217,0.0
52.41633708737864,12.75929625301205,0.0
52.41633708737864,12.75943886746988,0.0
52.41633708737864,12.759581481927711,0.0
52.41633708737864,12.759724096385543,0.0
52.41633708737864,12.759866710843374,0.0
52.41633708737864,12.760009325301205,0.0
52.41633708737864,12.760151939759037,0.0
52.41633708737864,12.760294554216868,0.0
52.41633708737864,12.760437168674699,0.0
52.41633708737864,12.760579783132531,0.0
52.41633708737864,12.760722397590362,0.0
52.41633708737864,12.760865012048193,0.0
52.41633708737864,12.761007626506025,0.0
52.41633708737864,12.761150240963856,0.0
52.41633708737864,12.761292855421688,0.0
52.41633708737864,12.761435469879519,0.0
52.41633708737864,12.76157808433735,0.0
52.41633708737864,12.761720698795182,0.0
52.41633708737864,12.761863313253013,0.0
52.41633708737864,12.762005927710844,0.0
52.41633708737864,12.762148542168676,0.0
52.41633708737864,12.762291156626507,0.0
52.41633708737864,12.762433771084337,0.0
52.41633708737864,12.76257638554217,0.0
52.41633708737864,12.762719,0.0
52.416429825242716,12.750882,0.0
52.416429825242716,12.751024614457831,0.0
52.416429825242716,12.751167228915664,0.0
52.416429825242716,12.751309843373495,0.0
52.416429825242716,12.751452457831325,0.0
52.416429825242716,12.751595072289158,0.0
52.416429825242716,12.751737686746988,0.0
52.416429825242716,12.75188030120482,0.0
52.416429825242716,12.752022915662652,0.0
52.416429825242716,12.752165530120482,0.0
52.416429825242716,12.752308144578313,0.0
52.416429825242716,12.752450759036146,0.0
52.416429825242716,12.752593373493976,0.0
52.416429825242716,12.752735987951809,0.0
52.416429825242716,12.75287860240964,0.0
52.416429825242716,12.75302121686747,0.0
52.416429825242716,12.753163831325303,0.0
52.416429825242716,12.753306445783133,0.0
52.416429825242716,12.753449060240964,0.0
52.416429825242716,12.753591674698797,0.0
52.416429825242716,12.753734289156627,0.0
52.416429825242716,12.753876903614458,0.0
52.416429825242716,12.75401951807229,0.0
52.416429825242716,12.754162132530121,0.0
52.416429825242716,12.754304746987952,0.0
52.416429825242716,12.754447361445784,0.0
52.416429825242716,12.754589975903615,0.0
52.416429825242716,12.754732590361446,0.0
52.416429825242716,12.754875204819278,0.0
52.416429825242716,12.755017819277109,0.0
52.416429825242716,12.75516043373494,0.0
52.416429825242716,12.755303048192772,0.0
52.416429825242716,12.755445662650603,0.0
52.416429825242716,12.755588277108435,0.0
52.416429825242716,12.755730891566266,0.0
52.416429825242716,12.755873506024097,0.0
52.416429825242716,12.75601612048193,0.0
52.416429825242716,12.75615873493976,0.0
52.416429825242716,12.75630134939759,0.0
52.416429825242716,12.756443963855423,0.0
52.416429825242716,12.756586578313254,0.0
52.416429825242716,12.756729192771084,0.0
52.416429825242716,12.756871807228917,0.0
52.416429825242716,12.757014421686748,0.0
52.416429825242716,12.757157036144578,0.0
52.416429825242716,12.75729965060241,0.0
52.416429825242716,12.757442265060241,0.0
52.416429825242716,12.757584879518072,0.0
52.416429825242716,12.757727493975905,0.0
52.416429825242716,12.757870108433735,0.0
52.416429825242716,12.758012722891566,0.0
52.416429825242716,12.758155337349399,0.0
52.416429825242716,12.75829795180723,0.0
52.416429825242716,12.758440566265062,0.0
52.416429825242716,12.758583180722892,0.0
52.416429825242716,12.758725795180723,0.0
52.416429825242716,12.758868409638556,0.0
52.416429825242716,12.759011024096386,0.0
52.416429825242716,12.759153638554217,0.0
52.416429825242716,12.75929625301205,0.0
52.416429825242716,12.75943886746988,0.0
52.416429825242716,12.759581481927711,0.0
52.416429825242716,12.759724096385543,0.0
52.416429825242716,12.759866710843374,0.0
52.416429825242716,12.760009325301205,0.0
52.416429825242716,12.760151939759037,0.0
52.416429825242716,12.760294554216868,0.0
52.416429825242716,12.760437168674699,0.0
52.416429825242716,12.760579783132531,0.0
52.416429825242716,12.760722397590362,0.0
52.416429825242716,12.760865012048193,0.0
52.416429825242716,12.761007626506025,0.0
52.416429825242716,12.761150240963856,0.0
52.416429825242716,12.761292855421688,0.0
52.416429825242716,12.761435469879519,0.0
52.416429825242716,12.76157808433735,0.0
52.416429825242716,12.761720698795182,0.0
52.416429825242716,12.761863313253013,0.0
52.416429825242716,12.762005927710844,0.0
52.416429825242716,12.762148542168676,0.0
52.416429825242716,12.762291156626507,0.0
52.416429825242716,12.762433771084337,0.0
52.416429825242716,12.76257638554217,0.0
52.416429825242716,12.762719,0.0
52.416522563106795,12.750882,0.0
52.416522563106795,12.751024614457831,0.0
52.416522563106795,12.751167228915664,0.0
52.416522563106795,12.751309843373495,0.0
52.416522563106795,12.751452457831325,0.0
52.416522563106795,12.751595072289158,0.0
52.416522563106795,12.751737686746988,0.0
52.416522563106795,12.75188030120482,0.0
52.416522563106795,12.752022915662652,0.0
52.416522563106795,12.752165530120482,0.0
52.416522563106795,12.752308144578313,0.0
52.416522563106795,12.752450759036146,0.0
52.416522563106795,12.752593373493976,0.0
52.416522563106795,12.752735987951809,0.0
52.416522563106795,12.75287860240964,0.0
52.416522563106795,12.75302121686747,0.0
52.416522563106795,12.753163831325303,0.0
52.416522563106795,12.753306445783133,0.0
52.416522563106795,12.753449060240964,0.0
52.416522563106795,12.753591674698797,0.0
52.416522563106795,12.753734289156627,0.0
52.416522563106795,12.753876903614458,0.0
52.416522563106795,12.75401951807229,0.0
52.416522563106795,12.754162132530121,0.0
52.416522563106795,12.754304746987952,0.0
52.416522563106795,12.754447361445784,0.0
52.416522563106795,12.754589975903615,0.0
52.416522563106795,12.754732590361446,0.0
52.416522563106795,12.754875204819278,0.0
52.416522563106795,12.755017819277109,0.0
52.416522563106795,12.75516043373494,0.0
52.416522563106795,12.755303048192772,0.0
52.416522563106795,12.755445662650603,0.0
52.416522563106795,12.755588277108435,0.0
52.416522563106795,12.755730891566266,0.0
52.416522563106795,12.755873506024097,0.0
52.416522563106795,12.75601612048193,0.0
52.416522563106795,12.75615873493976,0.0
52.416522563106795,12.75630134939759,0.0
52.416522563106795,12.756443963855423,0.0
52.416522563106795,12.756586578313254,0.0
52.416522563106795,12.756729192771084,0.0
52.416522563106795,12.756871807228917,0.0
52.416522563106795,12.757014421686748,0.0
52.416522563106795,12.757157036144578,0.0
52.416522563106795,12.75729965060241,0.0
52.416522563106795,12.757442265060241,0.0
52.416522563106795,12.757584879518072,0.0
52.416522563106795,12.757727493975905,0.0
52.416522563106795,12.757870108433735,0.0
52.416522563106795,12.758012722891566,0.0
52.416522563106795,12.758155337349399,0.0
52.416522563106795,12.75829795180723,0.0
52.416522563106795,12.758440566265062,0.0
52.416522563106795,12.758583180722892,0.0
52.416522563106795,12.758725795180723,0.0
52.416522563106795,12.758868409638556,0.0
52.416522563106795,12.759011024096386,0.0
52.416522563106795,12.759153638554217,0.0
52.416522563106795,12.75929625301205,0.0
52.416522563106795,12.75943886746988,0.0
52.416522563106795,12.759581481927711,0.0
52.416522563106795,12.759724096385543,0.0
52.416522563106795,12.759866710843374,0.0
52.416522563106795,12.760009325301205,0.0
52.416522563106795,12.760151939759037,0.0
52.416522563106795,12.760294554216868,0.0
52.416522563106795,12.760437168674699,0.0
52.416522563106795,12.760579783132531,0.0
52.416522563106795,12.760722397590362,0.0
52.416522563106795,12.760865012048193,0.0
52.416522563106795,12.761007626506025,0.0
52.416522563106795,12.761150240963856,0.0
52.416522563106795,12.761292855421688,0.0
52.416522563106795,12.761435469879519,0.0
52.416522563106795,12.76157808433735,0.0
52.416522563106795,12.761720698795182,0.0
52.416522563106795,12.761863313253013,0.0
52.416522563106795,12.762005927710844,0.0
52.416522563106795,12.762148542168676,0.0
52.416522563106795,12.762291156626507,0.0
52.416522563106795,12.762433771084337,0.0
52.416522563106795,12.76257638554217,0.0
52.416522563106795,12.762719,0.0
52.416615300970875,12.750882,0.0
52.416615300970875,12.751024614457831,0.0
52.416615300970875,12.751167228915664,0.0
52.416615300970875,12.751309843373495,0.0
52.416615300970875,12.751452457831325,0.0
52.416615300970875,12.751595072289158,0.0
52.416615300970875,12.751737686746988,0.0
52.416615300970875,12.75188030120482,0.0
52.416615300970875,12.752022915662652,0.0
52.416615300970875,12.752165530120482,0.0
52.416615300970875,12.752308144578313,0.0
52.416615300970875,12.752450759036146,0.0
52.416615300970875,12.752593373493976,0.0
52.416615300970875,12.752735987951809,0.0
52.416615300970875,12.75287860240964,0.0
52.416615300970875,12.75302121686747,0.0
52.416615300970875,12.753163831325303,0.0
52.416615300970875,12.753306445783133,0.0
52.416615300970875,12.753449060240964,0.0
52.416615300970875,12.753591674698797,0.0
52.416615300970875,12.753734289156627,0.0
52.416615300970875,12.753876903614458,0.0
52.416615300970875,12.75401951807229,0.0
52.416615300970875,12.754162132530121,0.0
52.416615300970875,12.754304746987952,0.0
52.416615300970875,12.754447361445784,0.0
52.416615300970875,12.754589975903615,0.0
52.416615300970875,12.754732590361446,0.0
52.416615300970875,12.754875204819278,0.0
52.416615300970875,12.755017819277109,0.0
52.416615300970875,12.75516043373494,0.0
52.416615300970875,12.755303048192772,0.0
52.416615300970875,12.755445662650603,0.0
52.416615300970875,12.755588277108435,0.0
52.416615300970875,12.755730891566266,0.0
52.416615300970875,12.755873506024097,0.0
52.416615300970875,12.75601612048193,0.0
52.416615300970875,12.75615873493976,0.0
52.416615300970875,12.75630134939759,0.0
52.416615300970875,12.756443963855423,0.0
52.416615300970875,12.756586578313254,0.0
52.416615300970875,12.756729192771084,0.0
52.416615300970875,12.756871807228917,0.0
52.416615300970875,12.757014421686748,0.0
52.416615300970875,12.757157036144578,0.0
52.416615300970875,12.75729965060241,0.0
52.416615300970875,12.757442265060241,0.0
52.416615300970875,12.757584879518072,0.0
52.416615300970875,12.757727493975905,0.0
52.416615300970875,12.757870108433735,0.0
52.416615300970875,12.758012722891566,0.0
52.416615300970875,12.758155337349399,0.0
52.416615300970875,12.75829795180723,0.0
52.416615300970875,12.758440566265062,0.0
52.416615300970875,12.758583180722892,0.0
52.416615300970875,12.758725795180723,0.0
52.416615300970875,12.758868409638556,0.0
52.416615300970875,12.759011024096386,0.0
52.416615300970875,12.759153638554217,0.0
52.416615300970875,12.75929625301205,0.0
52.416615300970875,12.75943886746988,0.0
52.416615300970875,12.759581481927711,0.0
52.416615300970875,12.759724096385543,0.0
52.416615300970875,12.759866710843374,0.0
52.416615300970875,12.760009325301205,0.0
52.416615300970875,12.760151939759037,0.0
52.416615300970875,12.760294554216868,0.0
52.416615300970875,12.760437168674699,0.0
52.416615300970875,12.760579783132531,0.0
52.416615300970875,12.760722397590362,0.0
52.416615300970875,12.760865012048193,0.0
52.416615300970875,12.761007626506025,0.0
52.416615300970875,12.761150240963856,0.0
52.416615300970875,12.761292855421688,0.0
52.416615300970875,12.761435469879519,0.0
52.416615300970875,12.76157808433735,0.0
52.416615300970875,12.761720698795182,0.0
52.416615300970875,12.761863313253013,0.0
52.416615300970875,12.762005927710844,0.0
52.416615300970875,12.762148542168676,0.0
52.416615300970875,12.762291156626507,0.0
52.416615300970875,12.762433771084337,0.0
52.416615300970875,12.76257638554217,0.0
52.416615300970875,12.762719,0.0
52.416708038834955,12.750882,0.0
52.416708038834955,12.751024614457831,0.0
52.416708038834955,12.751167228915664,0.0
52.416708038834955,12.751309843373495,0.0
52.416708038834955,12.751452457831325,0.0
52.416708038834955,12.751595072289158,0.0
52.416708038834955,12.751737686746988,0.0
52.416708038834955,12.75188030120482,0.0
52.416708038834955,12.752022915662652,0.0
52.416708038834955,12.752165530120482,0.0
52.416708038834955,12.752308144578313,0.0
52.416708038834955,12.752450759036146,0.0
52.416708038834955,12.752593373493976,0.0
52.416708038834955,12.752735987951809,0.0
52.416708038834955,12.75287860240964,0.0
52.416708038834955,12.75302121686747,0.0
52.416708038834955,12.753163831325303,0.0
52.416708038834955,12.753306445783133,0.0
52.416708038834955,12.753449060240964,0.0
52.416708038834955,12.753591674698797,0.0
52.416708038834955,12.753734289156627,0.0
52.416708038834955,12.753876903614458,0.0
52.416708038834955,12.75401951807229,0.0
52.416708038834955,12.754162132530121,0.0
52.416708038834955,12.754304746987952,0.0
52.416708038834955,12.754447361445784,0.0
52.416708038834955,12.754589975903615,0.0
52.416708038834955,12.754732590361446,0.0
52.416708038834955,12.754875204819278,0.0
52.416708038834955,12.755017819277109,0.0
52.416708038834955,12.75516043373494,0.0
52.416708038834955,12.755303048192772,0.0
52.416708038834955,12.755445662650603,0.0
52.416708038834955,12.755588277108435,0.0
52.416708038834955,12.755730891566266,0.0
52.416708038834955,12.755873506024097,0.0
52.416708038834955,12.75601612048193,0.0
52.416708038834955,12.75615873493976,0.0
52.416708038834955,12.75630134939759,0.0
52.416708038834955,12.756443963855423,0.0
52.416708038834955,12.756586578313254,0.0
52.416708038834955,12.756729192771084,0.0
52.416708038834955,12.756871807228917,0.0
52.416708038834955,12.757014421686748,0.0
52.416708038834955,12.757157036144578,0.0
52.416708038834955,12.75729965060241,0.0
52.416708038834955,12.757442265060241,0.0
52.416708038834955,12.757584879518072,0.0
52.416708038834955,12.757727493975905,0.0
52.416708038834955,12.757870108433735,0.0
52.416708038834955,12.758012722891566,0.0
52.416708038834955,12.758155337349399,0.0
52.416708038834955,12.75829795180723,0.0
52.416708038834955,12.758440566265062,0.0
52.416708038834955,12.758583180722892,0.0
52.416708038834955,12.758725795180723,0.0
52.416708038834955,12.758868409638556,0.0
52.416708038834955,12.759011024096386,0.0
52.416708038834955,12.759153638554217,0.0
52.416708038834955,12.75929625301205,0.0
52.416708038834955,12.75943886746988,0.0
52.416708038834955,12.759581481927711,0.0
52.416708038834955,12.759724096385543,0.0
52.416708038834955,12.759866710843374,0.0
52.416708038834955,12.760009325301205,0.0
52.416708038834955,12.760151939759037,0.0
52.416708038834955,12.760294554216868,0.0
52.416708038834955,12.760437168674699,0.0
52.416708038834955,12.760579783132531,0.0
52.416708038834955,12.760722397590362,0.0
52.416708038834955,12.760865012048193,0.0
52.416708038834955,12.761007626506025,0.0
52.416708038834955,12.761150240963856,0.0
52.416708038834955,12.761292855421688,0.0
52.416708038834955,12.761435469879519,0.0
52.416708038834955,12.76157808433735,0.0
52.416708038834955,12.761720698795182,0.0
52.416708038834955,12.761863313253013,0.0
52.416708038834955,12.762005927710844,0.0
52.416708038834955,12.762148542168676,0.0
52.416708038834955,12.762291156626507,0.0
52.416708038834955,12.762433771084337,0.0
52.416708038834955,12.76257638554217,0.0
52.416708038834955,12.762719,0.0
52.41680077669903,12.750882,0.0
52.41680077669903,12.751024614457831,0.0
52.41680077669903,12.751167228915664,0.0
52.41680077669903,12.751309843373495,0.0
52.41680077669903,12.751452457831325,0.0
52.41680077669903,12.751595072289158,0.0
52.41680077669903,12.751737686746988,0.0
52.41680077669903,12.75188030120482,0.0
52.41680077669903,12.752022915662652,0.0
52.41680077669903,12.752165530120482,0.0
52.41680077669903,12.752308144578313,0.0
52.41680077669903,12.752450759036146,0.0
52.41680077669903,12.752593373493976,0.0
52.41680077669903,12.752735987951809,0.0
52.41680077669903,12.75287860240964,0.0
52.41680077669903,12.75302121686747,0.0
52.41680077669903,12.753163831325303,0.0
52.41680077669903,12.753306445783133,0.0
52.41680077669903,12.753449060240964,0.0
52.41680077669903,12.753591674698797,0.0
52.41680077669903,12.753734289156627,0.0
52.41680077669903,12.753876903614458,0.0
52.41680077669903,12.75401951807229,0.0
52.41680077669903,12.754162132530121,0.0
52.41680077669903,12.754304746987952,0.0
52.41680077669903,12.754447361445784,0.0
52.41680077669903,12.754589975903615,0.0
52.41680077669903,12.754732590361446,0.0
52.41680077669903,12.754875204819278,0.0
52.41680077669903,12.755017819277109,0.0
52.41680077669903,12.75516043373494,0.0
52.41680077669903,12.755303048192772,0.0
52.41680077669903,12.755445662650603,0.0
52.41680077669903,12.755588277108435,0.0
52.41680077669903,12.755730891566266,0.0
52.41680077669903,12.755873506024097,0.0
52.41680077669903,12.75601612048193,0.0
52.41680077669903,12.75615873493976,0.0
52.41680077669903,12.75630134939759,0.0
52.41680077669903,12.756443963855423,0.0
52.41680077669903,12.756586578313254,0.0
52.41680077669903,12.756729192771084,0.0
52.41680077669903,12.756871807228917,0.0
52.41680077669903,12.757014421686748,0.0
52.41680077669903,12.757157036144578,0.0
52.41680077669903,12.75729965060241,0.0
52.41680077669903,12.757442265060241,0.0
52.41680077669903,12.757584879518072,0.0
52.41680077669903,12.757727493975905,0.0
52.41680077669903,12.757870108433735,0.0
52.41680077669903,12.758012722891566,0.0
52.41680077669903,12.758155337349399,0.0
52.41680077669903,12.75829795180723,0.0
52.41680077669903,12.758440566265062,0.0
52.41680077669903,12.758583180722892,0.0
52.41680077669903,12.758725795180723,0.0
52.41680077669903,12.758868409638556,0.0
52.41680077669903,12.759011024096386,0.0
52.41680077669903,12.759153638554217,0.0
52.41680077669903,12.75929625301205,0.0
52.41680077669903,12.75943886746988,0.0
52.41680077669903,12.759581481927711,0.0
52.41680077669903,12.759724096385543,0.0
52.41680077669903,12.759866710843374,0.0
52.41680077669903,12.760009325301205,0.0
52.41680077669903,12.760151939759037,0.0
52.41680077669903,12.760294554216868,0.0
52.41680077669903,12.760437168674699,0.0
52.41680077669903,12.760579783132531,0.0
52.41680077669903,12.760722397590362,0.0
52.41680077669903,12.760865012048193,0.0
52.41680077669903,12.761007626506025,0.0
52.41680077669903,12.761150240963856,0.0
52.41680077669903,12.761292855421688,0.0
52.41680077669903,12.761435469879519,0.0
52.41680077669903,12.76157808433735,0.0
52.41680077669903,12.761720698795182,0.0
52.41680077669903,12.761863313253013,0.0
52.41680077669903,12.762005927710844,0.0
52.41680077669903,12.762148542168676,0.0
52.41680077669903,12.762291156626507,0.0
52.41680077669903,12.762433771084337,0.0
52.41680077669903,12.76257638554217,0.0
52.41680077669903,12.762719,0.0
52.41689351456311,12.750882,0.0
52.41689351456311,12.751024614457831,0.0
52.41689351456311,12.751167228915664,0.0
52.41689351456311,12.751309843373495,0.0
52.41689351456311,12.751452457831325,0.0
52.41689351456311,12.751595072289158,0.0
52.41689351456311,12.751737686746988,0.0
52.41689351456311,12.75188030120482,0.0
52.41689351456311,12.752022915662652,0.0
52.41689351456311,12.752165530120482,0.0
52.41689351456311,12.752308144578313,0.0
52.41689351456311,12.752450759036146,0.0
52.41689351456311,12.752593373493976,0.0
52.41689351456311,12.752735987951809,0.0
52.41689351456311,12.75287860240964,0.0
52.41689351456311,12.75302121686747,0.0
52.41689351456311,12.753163831325303,0.0
52.41689351456311,12.753306445783133,0.0
52.41689351456311,12.753449060240964,0.0
52.41689351456311,12.753591674698797,0.0
52.41689351456311,12.753734289156627,0.0
52.41689351456311,12.753876903614458,0.0
52.41689351456311,12.75401951807229,0.0
52.41689351456311,12.754162132530121,0.0
52.41689351456311,12.754304746987952,0.0
52.41689351456311,12.754447361445784,0.0
52.41689351456311,12.754589975903615,0.0
52.41689351456311,12.754732590361446,0.0
52.41689351456311,12.754875204819278,0.0
52.41689351456311,12.755017819277109,0.0
52.41689351456311,12.75516043373494,0.0
52.41689351456311,12.755303048192772,0.0
52.41689351456311,12.755445662650603,0.0
52.41689351456311,12.755588277108435,0.0
52.41689351456311,12.755730891566266,0.0
52.41689351456311,12.755873506024097,0.0
52.41689351456311,12.75601612048193,0.0
52.41689351456311,12.75615873493976,0.0
52.41689351456311,12.75630134939759,0.0
52.41689351456311,12.756443963855423,0.0
52.41689351456311,12.756586578313254,0.0
52.41689351456311,12.756729192771084,0.0
52.41689351456311,12.756871807228917,0.0
52.41689351456311,12.757014421686748,0.0
52.41689351456311,12.757157036144578,0.0
52.41689351456311,12.75729965060241,0.0
52.41689351456311,12.757442265060241,0.0
52.41689351456311,12.757584879518072,0.0
52.41689351456311,12.757727493975905,0.0
52.41689351456311,12.757870108433735,0.0
52.41689351456311,12.758012722891566,0.0
52.41689351456311,12.758155337349399,0.0
52.41689351456311,12.75829795180723,0.0
52.41689351456311,12.758440566265062,0.0
52.41689351456311,12.758583180722892,0.0
52.41689351456311,12.758725795180723,0.0
52.41689351456311,12.758868409638556,0.0
52.41689351456311,12.759011024096386,0.0
52.41689351456311,12.759153638554217,0.0
52.41689351456311,12.75929625301205,0.0
52.41689351456311,12.75943886746988,0.0
52.41689351456311,12.759581481927711,0.0
52.41689351456311,12.759724096385543,0.0
52.41689351456311,12.759866710843374,0.0
52.41689351456311,12.760009325301205,0.0
52.41689351456311,12.760151939759037,0.0
52.41689351456311,12.760294554216868,0.0
52.41689351456311,12.760437168674699,0.0
52.41689351456311,12.760579783132531,0.0
52.41689351456311,12.760722397590362,0.0
52.41689351456311,12.760865012048193,0.0
52.41689351456311,12.761007626506025,0.0
52.41689351456311,12.761150240963856,0.0
52.41689351456311,12.761292855421688,0.0
52.41689351456311,12.761435469879519,0.0
52.41689351456311,12.76157808433735,0.0
52.41689351456311,12.761720698795182,0.0
52.41689351456311,12.761863313253013,0.0
52.41689351456311,12.762005927710844,0.0
52.41689351456311,12.762148542168676,0.0
52.41689351456311,12.762291156626507,0.0
52.41689351456311,12.762433771084337,0.0
52.41689351456311,12.76257638554217,0.0
52.41689351456311,12.762719,0.0
52.416986252427186,12.750882,0.0
52.416986252427186,12.751024614457831,0.0
52.416986252427186,12.751167228915664,0.0
52.416986252427186,12.751309843373495,0.0
52.416986252427186,12.751452457831325,0.0
52.416986252427186,12.751595072289158,0.0
52.416986252427186,12.751737686746988,0.0
52.416986252427186,12.75188030120482,0.0
52.416986252427186,12.752022915662652,0.0
52.416986252427186,12.752165530120482,0.0
52.416986252427186,12.752308144578313,0.0
52.416986252427186,12.752450759036146,0.0
52.416986252427186,12.752593373493976,0.0
52.416986252427186,12.752735987951809,0.0
52.416986252427186,12.75287860240964,0.0
52.416986252427186,12.75302121686747,0.0
52.416986252427186,12.753163831325303,0.0
52.416986252427186,12.753306445783133,0.0
52.416986252427186,12.753449060240964,0.0
52.416986252427186,12.753591674698797,0.0
52.416986252427186,12.753734289156627,0.0
52.416986252427186,12.753876903614458,0.0
52.416986252427186,12.75401951807229,0.0
52.416986252427186,12.754162132530121,0.0
52.416986252427186,12.754304746987952,0.0
52.416986252427186,12.754447361445784,0.0
52.416986252427186,12.754589975903615,0.0
52.416986252427186,12.754732590361446,0.0
52.416986252427186,12.754875204819278,0.0
52.416986252427186,12.755017819277109,0.0
52.416986252427186,12.75516043373494,0.0
52.416986252427186,12.755303048192772,0.0
52.416986252427186,12.755445662650603,0.0
52.416986252427186,12.755588277108435,0.0
52.416986252427186,12.755730891566266,0.0
52.416986252427186,12.755873506024097,0.0
52.416986252427186,12.75601612048193,0.0
52.416986252427186,12.75615873493976,0.0
52.416986252427186,12.75630134939759,0.0
52.416986252427186,12.756443963855423,0.0
52.416986252427186,12.756586578313254,0.0
52.416986252427186,12.756729192771084,0.0
52.416986252427186,12.756871807228917,0.0
52.416986252427186,12.757014421686748,0.0
52.416986252427186,12.757157036144578,0.0
52.416986252427186,12.75729965060241,0.0
52.416986252427186,12.757442265060241,0.0
52.416986252427186,12.757584879518072,0.0
52.416986252427186,12.757727493975905,0.0
52.416986252427186,12.757870108433735,0.0
52.416986252427186,12.758012722891566,0.0
52.416986252427186,12.758155337349399,0.0
52.416986252427186,12.75829795180723,0.0
52.416986252427186,12.758440566265062,0.0
52.416986252427186,12.758583180722892,0.0
52.416986252427186,12.758725795180723,0.0
52.416986252427186,12.758868409638556,0.0
52.416986252427186,12.759011024096386,0.0
52.416986252427186,12.759153638554217,0.0
52.416986252427186,12.75929625301205,0.0
52.416986252427186,12.75943886746988,0.0
52.416986252427186,12.759581481927711,0.0
52.416986252427186,12.759724096385543,0.0
52.416986252427186,12.759866710843374,0.0
52.416986252427186,12.760009325301205,0.0
52.416986252427186,12.760151939759037,0.0
52.416986252427186,12.760294554216868,0.0
52.416986252427186,12.760437168674699,0.0
52.416986252427186,12.760579783132531,0.0
52.416986252427186,12.760722397590362,0.0
52.416986252427186,12.760865012048193,0.0
52.416986252427186,12.761007626506025,0.0
52.416986252427186,12.761150240963856,0.0
52.416986252427186,12.761292855421688,0.0
52.416986252427186,12.761435469879519,0.0
52.416986252427186,12.76157808433735,0.0
52.416986252427186,12.761720698795182,0.0
52.416986252427186,12.761863313253013,0.0
52.416986252427186,12.762005927710844,0.0
52.416986252427186,12.762148542168676,0.0
52.416986252427186,12.762291156626507,0.0
52.416986252427186,12.762433771084337,0.0
52.416986252427186,12.76257638554217,0.0
52.416986252427186,12.762719,0.0
52.417078990291266,12.750882,0.0
52.417078990291266,12.751024614457831,0.0
52.417078990291266,12.751167228915664,0.0
52.417078990291266,12.751309843373495,0.0
52.417078990291266,12.751452457831325,0.0
52.417078990291266,12.751595072289158,0.0
52.417078990291266,12.751737686746988,0.0
52.417078990291266,12.75188030120482,0.0
52.417078990291266,12.752022915662652,0.0
52.417078990291266,12.752165530120482,0.0
52.417078990291266,12.752308144578313,0.0
52.417078990291266,12.752450759036146,0.0
52.417078990291266,12.752593373493976,0.0
52.417078990291266,12.752735987951809,0.0
52.417078990291266,12.75287860240964,0.0
52.417078990291266,12.75302121686747,0.0
52.417078990291266,12.753163831325303,0.0
52.417078990291266,12.753306445783133,0.0
52.417078990291266,12.753449060240964,0.0
52.417078990291266,12.753591674698797,0.0
52.417078990291266,12.753734289156627,0.0
52.417078990291266,12.753876903614458,0.0
52.417078990291266,12.75401951807229,0.0
52.417078990291266,12.754162132530121,0.0
52.417078990291266,12.754304746987952,0.0
52.417078990291266,12.754447361445784,0.0
52.417078990291266,12.754589975903615,0.0
52.417078990291266,12.754732590361446,0.0
52.417078990291266,12.754875204819278,0.0
52.417078990291266,12.755017819277109,0.0
52.417078990291266,12.75516043373494,0.0
52.417078990291266,12.755303048192772,0.0
52.417078990291266,12.755445662650603,0.0
52.417078990291266,12.755588277108435,0.0
52.417078990291266,12.755730891566266,0.0
52.417078990291266,12.755873506024097,0.0
52.417078990291266,12.75601612048193,0.0
52.417078990291266,12.75615873493976,0.0
52.417078990291266,12.75630134939759,0.0
52.417078990291266,12.756443963855423,0.0
52.417078990291266,12.756586578313254,0.0
52.417078990291266,12.756729192771084,0.0
52.417078990291266,12.756871807228917,0.0
52.417078990291266,12.757014421686748,0.0
52.417078990291266,12.757157036144578,0.0
52.417078990291266,12.75729965060241,0.0
52.417078990291266,12.757442265060241,0.0
52.417078990291266,12.757584879518072,0.0
52.417078990291266,12.757727493975905,0.0
52.417078990291266,12.757870108433735,0.0
52.417078990291266,12.758012722891566,0.0
52.417078990291266,12.758155337349399,0.0
52.417078990291266,12.75829795180723,0.0
52.417078990291266,12.758440566265062,0.0
52.417078990291266,12.758583180722892,0.0
52.417078990291266,12.758725795180723,0.0
52.417078990291266,12.758868409638556,0.0
52.417078990291266,12.759011024096386,0.0
52.417078990291266,12.759153638554217,0.0
52.417078990291266,12.75929625301205,0.0
52.417078990291266,12.75943886746988,0.0
52.417078990291266,12.759581481927711,0.0
52.417078990291266,12.759724096385543,0.0
52.417078990291266,12.759866710843374,0.0
52.417078990291266,12.760009325301205,0.0
52.417078990291266,12.760151939759037,0.0
52.417078990291266,12.760294554216868,0.0
52.417078990291266,12.760437168674699,0.0
52.417078990291266,12.760579783132531,0.0
52.417078990291266,12.760722397590362,0.0
52.417078990291266,12.760865012048193,0.0
52.417078990291266,12.761007626506025,0.0
52.417078990291266,12.761150240963856,0.0
52.417078990291266,12.761292855421688,0.0
52.417078990291266,12.761435469879519,0.0
52.417078990291266,12.76157808433735,0.0
52.417078990291266,12.761720698795182,0.0
52.417078990291266,12.761863313253013,0.0
52.417078990291266,12.762005927710844,0.0
52.417078990291266,12.762148542168676,0.0
52.417078990291266,12.762291156626507,0.0
52.417078990291266,12.762433771084337,0.0
52.417078990291266,12.76257638554217,0.0
52.417078990291266,12.762719,0.0
52.41717172815534,12.750882,0.0
52.41717172815534,12.751024614457831,0.0
52.41717172815534,12.751167228915664,0.0
52.41717172815534,12.751309843373495,0.0
52.41717172815534,12.751452457831325,0.0
52.41717172815534,12.751595072289158,0.0
52.41717172815534,12.751737686746988,0.0
52.41717172815534,12.75188030120482,0.0
52.41717172815534,12.752022915662652,0.0
52.41717172815534,12.752165530120482,0.0
52.41717172815534,12.752308144578313,0.0
52.41717172815534,12.752450759036146,0.0
52.41717172815534,12.752593373493976,0.0
52.41717172815534,12.752735987951809,0.0
52.41717172815534,12.75287860240964,0.0
52.41717172815534,12.75302121686747,0.0
52.41717172815534,12.753163831325303,0.0
52.41717172815534,12.753306445783133,0.0
52.41717172815534,12.753449060240964,0.0
52.41717172815534,12.753591674698797,0.0
52.41717172815534,12.753734289156627,0.0
52.41717172815534,12.753876903614458,0.0
52.41717172815534,12.75401951807229,0.0
52.41717172815534,12.754162132530121,0.0
52.41717172815534,12.754304746987952,0.0
52.41717172815534,12.754447361445784,0.0
52.41717172815534,12.754589975903615,0.0
52.41717172815534,12.754732590361446,0.0
52.41717172815534,12.754875204819278,0.0
52.41717172815534,12.755017819277109,0.0
52.41717172815534,12.75516043373494,0.0
52.41717172815534,12.755303048192772,0.0
52.41717172815534,12.755445662650603,0.0
52.41717172815534,12.755588277108435,0.0
52.41717172815534,12.755730891566266,0.0
52.41717172815534,12.755873506024097,0.0
52.41717172815534,12.75601612048193,0.0
52.41717172815534,12.75615873493976,0.0
52.41717172815534,12.75630134939759,0.0
52.41717172815534,12.756443963855423,0.0
52.41717172815534,12.756586578313254,0.0
52.41717172815534,12.756729192771084,0.0
52.41717172815534,12.756871807228917,0.0
52.41717172815534,12.757014421686748,0.0
52.41717172815534,12.757157036144578,0.0
52.41717172815534,12.75729965060241,0.0
52.41717172815534,12.757442265060241,0.0
52.41717172815534,12.757584879518072,0.0
52.41717172815534,12.757727493975905,0.0
52.41717172815534,12.757870108433735,0.0
52.41717172815534,12.758012722891566,0.0
52.41717172815534,12.758155337349399,0.0
52.41717172815534,12.75829795180723,0.0
52.41717172815534,12.758440566265062,0.0
52.41717172815534,12.758583180722892,0.0
52.41717172815534,12.758725795180723,0.0
52.41717172815534,12.758868409638556,0.0
52.41717172815534,12.759011024096386,0.0
52.41717172815534,12.759153638554217,0.0
52.41717172815534,12.75929625301205,0.0
52.41717172815534,12.75943886746988,0.0
52.41717172815534,12.759581481927711,0.0
52.41717172815534,12.759724096385543,0.0
52.41717172815534,12.759866710843374,0.0
52.41717172815534,12.760009325301205,0.0
52.41717172815534,12.760151939759037,0.0
52.41717172815534,12.760294554216868,0.0
52.41717172815534,12.760437168674699,0.0
52.41717172815534,12.760579783132531,0.0
52.41717172815534,12.760722397590362,0.0
52.41717172815534,12.760865012048193,0.0
52.41717172815534,12.761007626506025,0.0
52.41717172815534,12.761150240963856,0.0
52.41717172815534,12.761292855421688,0.0
52.41717172815534,12.761435469879519,0.0
52.41717172815534,12.76157808433735,0.0
52.41717172815534,12.761720698795182,0.0
52.41717172815534,12.761863313253013,0.0
52.41717172815534,12.762005927710844,0.0
52.41717172815534,12.762148542168676,0.0
52.41717172815534,12.762291156626507,0.0
52.41717172815534,12.762433771084337,0.0
52.41717172815534,12.76257638554217,0.0
52.41717172815534,12.762719,0.0
52.41726446601942,12.750882,0.0
52.41726446601942,12.751024614457831,0.0
52.41726446601942,12.751167228915664,0.0
52.41726446601942,12.751309843373495,0.0
52.41726446601942,12.751452457831325,0.0
52.41726446601942,12.751595072289158,0.0
52.41726446601942,12.751737686746988,0.0
52.41726446601942,12.75188030120482,0.0
52.41726446601942,12.752022915662652,0.0
52.41726446601942,12.752165530120482,0.0
52.41726446601942,12.752308144578313,0.0
52.41726446601942,12.752450759036146,0.0
52.41726446601942,12.752593373493976,0.0
52.41726446601942,12.752735987951809,0.0
52.41726446601942,12.75287860240964,0.0
52.41726446601942,12.75302121686747,0.0
52.41726446601942,12.753163831325303,0.0
52.41726446601942,12.753306445783133,0.0
52.41726446601942,12.753449060240964,0.0
52.41726446601942,12.753591674698797,0.0
52.41726446601942,12.753734289156627,0.0
52.41726446601942,12.753876903614458,0.0
52.41726446601942,12.75401951807229,0.0
52.41726446601942,12.754162132530121,0.0
52.41726446601942,12.754304746987952,0.0
52.41726446601942,12.754447361445784,0.0
52.41726446601942,12.754589975903615,0.0
52.41726446601942,12.754732590361446,0.0
52.41726446601942,12.754875204819278,0.0
52.41726446601942,12.755017819277109,0.0
52.41726446601942,12.75516043373494,0.0
52.41726446601942,12.755303048192772,0.0
52.41726446601942,12.755445662650603,0.0
52.41726446601942,12.755588277108435,0.0
52.41726446601942,12.755730891566266,0.0
52.41726446601942,12.755873506024097,0.0
52.41726446601942,12.75601612048193,0.0
52.41726446601942,12.75615873493976,0.0
52.41726446601942,12.75630134939759,0.0
52.41726446601942,12.756443963855423,0.0
52.41726446601942,12.756586578313254,0.0
52.41726446601942,12.756729192771084,0.0
52.41726446601942,12.756871807228917,0.0
52.41726446601942,12.757014421686748,0.0
52.41726446601942,12.757157036144578,0.0
52.41726446601942,12.75729965060241,0.0
52.41726446601942,12.757442265060241,0.0
52.41726446601942,12.757584879518072,0.0
52.41726446601942,12.757727493975905,0.0
52.41726446601942,12.757870108433735,0.0
52.41726446601942,12.758012722891566,0.0
52.41726446601942,12.758155337349399,0.0
52.41726446601942,12.75829795180723,0.0
52.41726446601942,12.758440566265062,0.0
52.41726446601942,12.758583180722892,0.0
52.41726446601942,12.758725795180723,0.0
52.41726446601942,12.758868409638556,0.0
52.41726446601942,12.759011024096386,0.0
52.41726446601942,12.759153638554217,0.0
52.41726446601942,12.75929625301205,0.0
52.41726446601942,12.75943886746988,0.0
52.41726446601942,12.759581481927711,0.0
52.41726446601942,12.759724096385543,0.0
52.41726446601942,12.759866710843374,0.0
52.41726446601942,12.760009325301205,0.0
52.41726446601942,12.760151939759037,0.0
52.41726446601942,12.760294554216868,0.0
52.41726446601942,12.760437168674699,0.0
52.41726446601942,12.760579783132531,0.0
52.41726446601942,12.760722397590362,0.0
52.41726446601942,12.760865012048193,0.0
52.41726446601942,12.761007626506025,0.0
52.41726446601942,12.761150240963856,0.0
52.41726446601942,12.761292855421688,0.0
52.41726446601942,12.761435469879519,0.0
52.41726446601942,12.76157808433735,0.0
52.41726446601942,12.761720698795182,0.0
52.41726446601942,12.761863313253013,0.0
52.41726446601942,12.762005927710844,0.0
52.41726446601942,12.762148542168676,0.0
52.41726446601942,12.762291156626507,0.0
52.41726446601942,12.762433771084337,0.0
52.41726446601942,12.76257638554217,0.0
52.41726446601942,12.762719,0.0
52.4173572038835,12.750882,0.0
52.4173572038835,12.751024614457831,0.0
52.4173572038835,12.751167228915664,0.0
52.4173572038835,12.751309843373495,0.0
52.4173572038835,12.751452457831325,0.0
52.4173572038835,12.751595072289158,0.0
52.4173572038835,12.751737686746988,0.0
52.4173572038835,12.75188030120482,0.0
52.4173572038835,12.752022915662652,0.0
52.4173572038835,12.752165530120482,0.0
52.4173572038835,12.752308144578313,0.0
52.4173572038835,12.752450759036146,0.0
52.4173572038835,12.752593373493976,0.0
52.4173572038835,12.752735987951809,0.0
52.4173572038835,12.75287860240964,0.0
52.4173572038835,12.75302121686747,0.0
52.4173572038835,12.753163831325303,0.0
52.4173572038835,12.753306445783133,0.0
52.4173572038835,12.753449060240964,0.0
52.4173572038835,12.753591674698797,0.0
52.4173572038835,12.753734289156627,0.0
52.4173572038835,12.753876903614458,0.0
52.4173572038835,12.75401951807229,0.0
52.4173572038835,12.754162132530121,0.0
52.4173572038835,12.754304746987952,0.0
52.4173572038835,12.754447361445784,0.0
52.4173572038835,12.754589975903615,0.0
52.4173572038835,12.754732590361446,0.0
52.4173572038835,12.754875204819278,0.0
52.4173572038835,12.755017819277109,0.0
52.4173572038835,12.75516043373494,0.0
52.4173572038835,12.755303048192772,0.0
52.4173572038835,12.755445662650603,0.0
52.4173572038835,12.755588277108435,0.0
52.4173572038835,12.755730891566266,0.0
52.4173572038835,12.755873506024097,0.0
52.4173572038835,12.75601612048193,0.0
52.4173572038835,12.75615873493976,0.0
52.4173572038835,12.75630134939759,0.0
52.4173572038835,12.756443963855423,0.0
52.4173572038835,12.756586578313254,0.0
52.4173572038835,12.756729192771084,0.0
52.4173572038835,12.756871807228917,0.0
52.4173572038835,12.757014421686748,0.0
52.4173572038835,12.757157036144578,0.0
52.4173572038835,12.75729965060241,0.0
52.4173572038835,12.757442265060241,0.0
52.4173572038835,12.757584879518072,0.0
52.4173572038835,12.757727493975905,0.0
52.4173572038835,12.757870108433735,0.0
52.4173572038835,12.758012722891566,0.0
52.4173572038835,12.758155337349399,0.0
52.4173572038835,12.75829795180723,0.0
52.4173572038835,12.758440566265062,0.0
52.4173572038835,12.758583180722892,0.0
52.4173572038835,12.758725795180723,0.0
52.4173572038835,12.758868409638556,0.0
52.4173572038835,12.759011024096386,0.0
52.4173572038835,12.759153638554217,0.0
52.4173572038835,12.75929625301205,0.0
52.4173572038835,12.75943886746988,0.0
52.4173572038835,12.759581481927711,0.0
52.4173572038835,12.759724096385543,0.0
52.4173572038835,12.759866710843374,0.0
52.4173572038835,12.760009325301205,0.0
52.4173572038835,12.760151939759037,0.0
52.4173572038835,12.760294554216868,0.0
52.4173572038835,12.760437168674699,0.0
52.4173572038835,12.760579783132531,0.0
52.4173572038835,12.760722397590362,0.0
52.4173572038835,12.760865012048193,0.0
52.4173572038835,12.761007626506025,0.0
52.4173572038835,12.761150240963856,0.0
52.4173572038835,12.761292855421688,0.0
52.4173572038835,12.761435469879519,0.0
52.4173572038835,12.76157808433735,0.0
52.4173572038835,12.761720698795182,0.0
52.4173572038835,12.761863313253013,0.0
52.4173572038835,12.762005927710844,0.0
52.4173572038835,12.762148542168676,0.0
52.4173572038835,12.762291156626507,0.0
52.4173572038835,12.762433771084337,0.0
52.4173572038835,12.76257638554217,0.0
52.4173572038835,12.762719,0.0
52.41744994174757,12.750882,0.0
52.41744994174757,12.751024614457831,0.0
52.41744994174757,12.751167228915664,0.0
52.41744994174757,12.751309843373495,0.0
52.41744994174757,12.751452457831325,0.0
52.41744994174757,12.751595072289158,0.0
52.41744994174757,12.751737686746988,0.0
52.41744994174757,12.75188030120482,0.0
52.41744994174757,12.752022915662652,0.0
52.41744994174757,12.752165530120482,0.0
52.41744994174757,12.752308144578313,0.0
52.41744994174757,12.752450759036146,0.0
52.41744994174757,12.752593373493976,0.0
52.41744994174757,12.752735987951809,0.0
52.41744994174757,12.75287860240964,0.0
52.41744994174757,12.75302121686747,0.0
52.41744994174757,12.753163831325303,0.0
52.41744994174757,12.753306445783133,0.0
52.41744994174757,12.753449060240964,0.0
52.41744994174757,12.753591674698797,0.0
52.41744994174757,12.753734289156627,0.0
52.41744994174757,12.753876903614458,0.0
52.41744994174757,12.75401951807229,0.0
52.41744994174757,12.754162132530121,0.0
52.41744994174757,12.754304746987952,0.0
52.41744994174757,12.754447361445784,0.0
52.41744994174757,12.754589975903615,0.0
52.41744994174757,12.754732590361446,0.0
52.41744994174757,12.754875204819278,0.0
52.41744994174757,12.755017819277109,0.0
52.41744994174757,12.75516043373494,0.0
52.41744994174757,12.755303048192772,0.0
52.41744994174757,12.755445662650603,0.0
52.41744994174757,12.755588277108435,0.0
52.41744994174757,12.755730891566266,0.0
52.41744994174757,12.755873506024097,0.0
52.41744994174757,12.75601612048193,0.0
52.41744994174757,12.75615873493976,0.0
52.41744994174757,12.75630134939759,0.0
52.41744994174757,12.756443963855423,0.0
52.41744994174757,12.756586578313254,0.0
52.41744994174757,12.756729192771084,0.0
52.41744994174757,12.756871807228917,0.0
52.41744994174757,12.757014421686748,0.0
52.41744994174757,12.757157036144578,0.0
52.41744994174757,12.75729965060241,0.0
52.41744994174757,12.757442265060241,0.0
52.41744994174757,12.757584879518072,0.0
52.41744994174757,12.757727493975905,0.0
52.41744994174757,12.757870108433735,0.0
52.41744994174757,12.758012722891566,0.0
52.41744994174757,12.758155337349399,0.0
52.41744994174757,12.75829795180723,0.0
52.41744994174757,12.758440566265062,0.0
52.41744994174757,12.758583180722892,0.0
52.41744994174757,12.758725795180723,0.0
52.41744994174757,12.758868409638556,0.0
52.41744994174757,12.759011024096386,0.0
52.41744994174757,12.759153638554217,0.0
52.41744994174757,12.75929625301205,0.0
52.41744994174757,12.75943886746988,0.0
52.41744994174757,12.759581481927711,0.0
52.41744994174757,12.759724096385543,0.0
52.41744994174757,12.759866710843374,0.0
52.41744994174757,12.760009325301205,0.0
52.41744994174757,12.760151939759037,0.0
52.41744994174757,12.760294554216868,0.0
52.41744994174757,12.760437168674699,0.0
52.41744994174757,12.760579783132531,0.0
52.41744994174757,12.760722397590362,0.0
52.41744994174757,12.760865012048193,0.0
52.41744994174757,12.761007626506025,0.0
52.41744994174757,12.761150240963856,0.0
52.41744994174757,12.761292855421688,0.0
52.41744994174757,12.761435469879519,0.0
52.41744994174757,12.76157808433735,0.0
52.41744994174757,12.761720698795182,0.0
52.41744994174757,12.761863313253013,0.0
52.41744994174757,12.762005927710844,0.0
52.41744994174757,12.762148542168676,0.0
52.41744994174757,12.762291156626507,0.0
52.41744994174757,12.762433771084337,0.0
52.41744994174757,12.76257638554217,0.0
52.41744994174757,12.762719,0.0
52.41754267961165,12.750882,0.0
52.41754267961165,12.751024614457831,0.0
52.41754267961165,12.751167228915664,0.0
52.41754267961165,12.751309843373495,0.0
52.41754267961165,12.751452457831325,0.0
52.41754267961165,12.751595072289158,0.0
52.41754267961165,12.751737686746988,0.0
52.41754267961165,12.75188030120482,0.0
52.41754267961165,12.752022915662652,0.0
52.41754267961165,12.752165530120482,0.0
52.41754267961165,12.752308144578313,0.0
52.41754267961165,12.752450759036146,0.0
52.41754267961165,12.752593373493976,0.0
52.41754267961165,12.752735987951809,0.0
52.41754267961165,12.75287860240964,0.0
52.41754267961165,12.75302121686747,0.0
52.41754267961165,12.753163831325303,0.0
52.41754267961165,12.753306445783133,0.0
52.41754267961165,12.753449060240964,0.0
52.41754267961165,12.753591674698797,0.0
52.41754267961165,12.753734289156627,0.0
52.41754267961165,12.753876903614458,0.0
52.41754267961165,12.75401951807229,0.0
52.41754267961165,12.754162132530121,0.0
52.41754267961165,12.754304746987952,0.0
52.41754267961165,12.754447361445784,0.0
52.41754267961165,12.754589975903615,0.0
52.41754267961165,12.754732590361446,0.0
52.41754267961165,12.754875204819278,0.0
52.41754267961165,12.755017819277109,0.0
52.41754267961165,12.75516043373494,0.0
52.41754267961165,12.755303048192772,0.0
52.41754267961165,12.755445662650603,0.0
52.41754267961165,12.755588277108435,0.0
52.41754267961165,12.755730891566266,0.0
52.41754267961165,12.755873506024097,0.0
52.41754267961165,12.75601612048193,0.0
52.41754267961165,12.75615873493976,0.0
52.41754267961165,12.75630134939759,0.0
52.41754267961165,12.756443963855423,0.0
52.41754267961165,12.756586578313254,0.0
52.41754267961165,12.756729192771084,0.0
52.41754267961165,12.756871807228917,0.0
52.41754267961165,12.757014421686748,0.0
52.41754267961165,12.757157036144578,0.0
52.41754267961165,12.75729965060241,0.0
52.41754267961165,12.757442265060241,0.0
52.41754267961165,12.757584879518072,0.0
52.41754267961165,12.757727493975905,0.0
52.41754267961165,12.757870108433735,0.0
52.41754267961165,12.758012722891566,0.0
52.41754267961165,12.758155337349399,0.0
52.41754267961165,12.75829795180723,0.0
52.41754267961165,12.758440566265062,0.0
52.41754267961165,12.758583180722892,0.0
52.41754267961165,12.758725795180723,0.0
52.41754267961165,12.758868409638556,0.0
52.41754267961165,12.759011024096386,0.0
52.41754267961165,12.759153638554217,0.0
52.41754267961165,12.75929625301205,0.0
52.41754267961165,12.75943886746988,0.0
52.41754267961165,12.759581481927711,0.0
52.41754267961165,12.759724096385543,0.0
52.41754267961165,12.759866710843374,0.0
52.41754267961165,12.760009325301205,0.0
52.41754267961165,12.760151939759037,0.0
52.41754267961165,12.760294554216868,0.0
52.41754267961165,12.760437168674699,0.0
52.41754267961165,12.760579783132531,0.0
52.41754267961165,12.760722397590362,0.0
52.41754267961165,12.760865012048193,0.0
52.41754267961165,12.761007626506025,0.0
52.41754267961165,12.761150240963856,0.0
52.41754267961165,12.761292855421688,0.0
52.41754267961165,12.761435469879519,0.0
52.41754267961165,12.76157808433735,0.0
52.41754267961165,12.761720698795182,0.0
52.41754267961165,12.761863313253013,0.0
52.41754267961165,12.762005927710844,0.0
52.41754267961165,12.762148542168676,0.0
52.41754267961165,12.762291156626507,0.0
52.41754267961165,12.762433771084337,0.0
52.41754267961165,12.76257638554217,0.0
52.41754267961165,12.762719,0.0
52.41763541747573,12.750882,0.0
52.41763541747573,12.751024614457831,0.0
52.41763541747573,12.751167228915664,0.0
52.41763541747573,12.751309843373495,0.0
52.41763541747573,12.751452457831325,0.0
52.41763541747573,12.751595072289158,0.0
52.41763541747573,12.751737686746988,0.0
52.41763541747573,12.75188030120482,0.0
52.41763541747573,12.752022915662652,0.0
52.41763541747573,12.752165530120482,0.0
52.41763541747573,12.752308144578313,0.0
52.41763541747573,12.752450759036146,0.0
52.41763541747573,12.752593373493976,0.0
52.41763541747573,12.752735987951809,0.0
52.41763541747573,12.75287860240964,0.0
52.41763541747573,12.75302121686747,0.0
52.41763541747573,12.753163831325303,0.0
52.41763541747573,12.753306445783133,0.0
52.41763541747573,12.753449060240964,0.0
52.41763541747573,12.753591674698797,0.0
52.41763541747573,12.753734289156627,0.0
52.41763541747573,12.753876903614458,0.0
52.41763541747573,12.75401951807229,0.0
52.41763541747573,12.754162132530121,0.0
52.41763541747573,12.754304746987952,0.0
52.41763541747573,12.754447361445784,0.0
52.41763541747573,12.754589975903615,0.0
52.41763541747573,12.754732590361446,0.0
52.41763541747573,12.754875204819278,0.0
52.41763541747573,12.755017819277109,0.0
52.41763541747573,12.75516043373494,0.0
52.41763541747573,12.755303048192772,0.0
52.41763541747573,12.755445662650603,0.0
52.41763541747573,12.755588277108435,0.0
52.41763541747573,12.755730891566266,0.0
52.41763541747573,12.755873506024097,0.0
52.41763541747573,12.75601612048193,0.0
52.41763541747573,12.75615873493976,0.0
52.41763541747573,12.75630134939759,0.0
52.41763541747573,12.756443963855423,0.0
52.41763541747573,12.756586578313254,0.0
52.41763541747573,12.756729192771084,0.0
52.41763541747573,12.756871807228917,0.0
52.41763541747573,12.757014421686748,0.0
52.41763541747573,12.757157036144578,0.0
52.41763541747573,12.75729965060241,0.0
52.41763541747573,12.757442265060241,0.0
52.41763541747573,12.757584879518072,0.0
52.41763541747573,12.757727493975905,0.0
52.41763541747573,12.757870108433735,0.0
52.41763541747573,12.758012722891566,0.0
52.41763541747573,12.758155337349399,0.0
52.41763541747573,12.75829795180723,0.0
52.41763541747573,12.758440566265062,0.0
52.41763541747573,12.758583180722892,0.0
52.41763541747573,12.758725795180723,0.0
52.41763541747573,12.758868409638556,0.0
52.41763541747573,12.759011024096386,0.0
52.41763541747573,12.759153638554217,0.0
52.41763541747573,12.75929625301205,0.0
52.41763541747573,12.75943886746988,0.0
52.41763541747573,12.759581481927711,0.0
52.41763541747573,12.759724096385543,0.0
52.41763541747573,12.759866710843374,0.0
52.41763541747573,12.760009325301205,0.0
52.41763541747573,12.760151939759037,0.0
52.41763541747573,12.760294554216868,0.0
52.41763541747573,12.760437168674699,0.0
52.41763541747573,12.760579783132531,0.0
52.41763541747573,12.760722397590362,0.0
52.41763541747573,12.760865012048193,0.0
52.41763541747573,12.761007626506025,0.0
52.41763541747573,12.761150240963856,0.0
52.41763541747573,12.761292855421688,0.0
52.41763541747573,12.761435469879519,0.0
52.41763541747573,12.76157808433735,0.0
52.41763541747573,12.761720698795182,0.0
52.41763541747573,12.761863313253013,0.0
52.41763541747573,12.762005927710844,0.0
52.41763541747573,12.762148542168676,0.0
52.41763541747573,12.762291156626507,0.0
52.41763541747573,12.762433771084337,0.0
52.41763541747573,12.76257638554217,0.0
52.41763541747573,12.762719,0.0
52.41772815533981,12.750882,0.0
52.41772815533981,12.751024614457831,0.0
52.41772815533981,12.751167228915664,0.0
52.41772815533981,12.751309843373495,0.0
52.41772815533981,12.751452457831325,0.0
52.41772815533981,12.751595072289158,0.0
52.41772815533981,12.751737686746988,0.0
52.41772815533981,12.75188030120482,0.0
52.41772815533981,12.752022915662652,0.0
52.41772815533981,12.752165530120482,0.0
52.41772815533981,12.752308144578313,0.0
52.41772815533981,12.752450759036146,0.0
52.41772815533981,12.752593373493976,0.0
52.41772815533981,12.752735987951809,0.0
52.41772815533981,12.75287860240964,0.0
52.41772815533981,12.75302121686747,0.0
52.41772815533981,12.753163831325303,0.0
52.41772815533981,12.753306445783133,0.0
52.41772815533981,12.753449060240964,0.0
52.41772815533981,12.753591674698797,0.0
52.41772815533981,12.753734289156627,0.0
52.41772815533981,12.753876903614458,0.0
52.41772815533981,12.75401951807229,0.0
52.41772815533981,12.754162132530121,0.0
52.41772815533981,12.754304746987952,0.0
52.41772815533981,12.754447361445784,0.0
52.41772815533981,12.754589975903615,0.0
52.41772815533981,12.754732590361446,0.0
52.41772815533981,12.754875204819278,0.0
52.41772815533981,12.755017819277109,0.0
52.41772815533981,12.75516043373494,0.0
52.41772815533981,12.755303048192772,0.0
52.41772815533981,12.755445662650603,0.0
52.41772815533981,12.755588277108435,0.0
52.41772815533981,12.755730891566266,0.0
52.41772815533981,12.755873506024097,0.0
52.41772815533981,12.75601612048193,0.0
52.41772815533981,12.75615873493976,0.0
52.41772815533981,12.75630134939759,0.0
52.41772815533981,12.756443963855423,0.0
52.41772815533981,12.756586578313254,0.0
52.41772815533981,12.756729192771084,0.0
52.41772815533981,12.756871807228917,0.0
52.41772815533981,12.757014421686748,0.0
52.41772815533981,12.757157036144578,0.0
52.41772815533981,12.75729965060241,0.0
52.41772815533981,12.757442265060241,0.0
52.41772815533981,12.757584879518072,0.0
52.41772815533981,12.757727493975905,0.0
52.41772815533981,12.757870108433735,0.0
52.41772815533981,12.758012722891566,0.0
52.41772815533981,12.758155337349399,0.0
52.41772815533981,12.75829795180723,0.0
52.41772815533981,12.758440566265062,0.0
52.41772815533981,12.758583180722892,0.0
52.41772815533981,12.758725795180723,0.0
52.41772815533981,12.758868409638556,0.0
52.41772815533981,12.759011024096386,0.0
52.41772815533981,12.759153638554217,0.0
52.41772815533981,12.75929625301205,0.0
52.41772815533981,12.75943886746988,0.0
52.41772815533981,12.759581481927711,0.0
52.41772815533981,12.759724096385543,0.0
52.41772815533981,12.759866710843374,0.0
52.41772815533981,12.760009325301205,0.0
52.41772815533981,12.760151939759037,0.0
52.41772815533981,12.760294554216868,0.0
52.41772815533981,12.760437168674699,0.0
52.41772815533981,12.760579783132531,0.0
52.41772815533981,12.760722397590362,0.0
52.41772815533981,12.760865012048193,0.0
52.41772815533981,12.761007626506025,0.0
52.41772815533981,12.761150240963856,0.0
52.41772815533981,12.761292855421688,0.0
52.41772815533981,12.761435469879519,0.0
52.41772815533981,12.76157808433735,0.0
52.41772815533981,12.761720698795182,0.0
52.41772815533981,12.761863313253013,0.0
52.41772815533981,12.762005927710844,0.0
52.41772815533981,12.762148542168676,0.0
52.41772815533981,12.762291156626507,0.0
52.41772815533981,12.762433771084337,0.0
52.41772815533981,12.76257638554217,0.0
52.41772815533981,12.762719,0.0
52.41782089320388,12.750882,0.0
52.41782089320388,12.751024614457831,0.0
52.41782089320388,12.751167228915664,0.0
52.41782089320388,12.751309843373495,0.0
52.41782089320388,12.751452457831325,0.0
52.41782089320388,12.751595072289158,0.0
52.41782089320388,12.751737686746988,0.0
52.41782089320388,12.75188030120482,0.0
52.41782089320388,12.752022915662652,0.0
52.41782089320388,12.752165530120482,0.0
52.41782089320388,12.752308144578313,0.0
52.41782089320388,12.752450759036146,0.0
52.41782089320388,12.752593373493976,0.0
52.41782089320388,12.752735987951809,0.0
52.41782089320388,12.75287860240964,0.0
52.41782089320388,12.75302121686747,0.0
52.41782089320388,12.753163831325303,0.0
52.41782089320388,12.753306445783133,0.0
52.41782089320388,12.753449060240964,0.0
52.41782089320388,12.753591674698797,0.0
52.41782089320388,12.753734289156627,0.0
52.41782089320388,12.753876903614458,0.0
52.41782089320388,12.75401951807229,0.0
52.41782089320388,12.754162132530121,0.0
52.41782089320388,12.754304746987952,0.0
52.41782089320388,12.754447361445784,0.0
52.41782089320388,12.754589975903615,0.0
52.41782089320388,12.754732590361446,0.0
52.41782089320388,12.754875204819278,0.0
52.41782089320388,12.755017819277109,0.0
52.41782089320388,12.75516043373494,0.0
52.41782089320388,12.755303048192772,0.0
52.41782089320388,12.755445662650603,0.0
52.41782089320388,12.755588277108435,0.0
52.41782089320388,12.755730891566266,0.0
52.41782089320388,12.755873506024097,0.0
52.41782089320388,12.75601612048193,0.0
52.41782089320388,12.75615873493976,0.0
52.41782089320388,12.75630134939759,0.0
52.41782089320388,12.756443963855423,0.0
52.41782089320388,12.756586578313254,0.0
52.41782089320388,12.756729192771084,0.0
52.41782089320388,12.756871807228917,0.0
52.41782089320388,12.757014421686748,0.0
52.41782089320388,12.757157036144578,0.0
52.41782089320388,12.75729965060241,0.0
52.41782089320388,12.757442265060241,0.0
52.41782089320388,12.757584879518072,0.0
52.41782089320388,12.757727493975905,0.0
52.41782089320388,12.757870108433735,0.0
52.41782089320388,12.758012722891566,0.0
52.41782089320388,12.758155337349399,0.0
52.41782089320388,12.75829795180723,0.0
52.41782089320388,12.758440566265062,0.0
52.41782089320388,12.758583180722892,0.0
52.41782089320388,12.758725795180723,0.0
52.41782089320388,12.758868409638556,0.0
52.41782089320388,12.759011024096386,0.0
52.41782089320388,12.759153638554217,0.0
52.41782089320388,12.75929625301205,0.0
52.41782089320388,12.75943886746988,0.0
52.41782089320388,12.759581481927711,0.0
52.41782089320388,12.759724096385543,0.0
52.41782089320388,12.759866710843374,0.0
52.41782089320388,12.760009325301205,0.0
52.41782089320388,12.760151939759037,0.0
52.41782089320388,12.760294554216868,0.0
52.41782089320388,12.760437168674699,0.0
52.41782089320388,12.760579783132531,0.0
52.41782089320388,12.760722397590362,0.0
52.41782089320388,12.760865012048193,0.0
52.41782089320388,12.761007626506025,0.0
52.41782089320388,12.761150240963856,0.0
52.41782089320388,12.761292855421688,0.0
52.41782089320388,12.761435469879519,0.0
52.41782089320388,12.76157808433735,0.0
52.41782089320388,12.761720698795182,0.0
52.41782089320388,12.761863313253013,0.0
52.41782089320388,12.762005927710844,0.0
52.41782089320388,12.762148542168676,0.0
52.41782089320388,12.762291156626507,0.0
52.41782089320388,12.762433771084337,0.0
52.41782089320388,12.76257638554217,0.0
52.41782089320388,12.762719,0.0
52.41791363106796,12.750882,0.0
52.41791363106796,12.751024614457831,0.0
52.41791363106796,12.751167228915664,0.0
52.41791363106796,12.751309843373495,0.0
52.41791363106796,12.751452457831325,0.0
52.41791363106796,12.751595072289158,0.0
52.41791363106796,12.751737686746988,0.0
52.41791363106796,12.75188030120482,0.0
52.41791363106796,12.752022915662652,0.0
52.41791363106796,12.752165530120482,0.0
52.41791363106796,12.752308144578313,0.0
52.41791363106796,12.752450759036146,0.0
52.41791363106796,12.752593373493976,0.0
52.41791363106796,12.752735987951809,0.0
52.41791363106796,12.75287860240964,0.0
52.41791363106796,12.75302121686747,0.0
52.41791363106796,12.753163831325303,0.0
52.41791363106796,12.753306445783133,0.0
52.41791363106796,12.753449060240964,0.0
52.41791363106796,12.753591674698797,0.0
52.41791363106796,12.753734289156627,0.0
52.41791363106796,12.753876903614458,0.0
52.41791363106796,12.75401951807229,0.0
52.41791363106796,12.754162132530121,0.0
52.41791363106796,12.754304746987952,0.0
52.41791363106796,12.754447361445784,0.0
52.41791363106796,12.754589975903615,0.0
52.41791363106796,12.754732590361446,0.0
52.41791363106796,12.754875204819278,0.0
52.41791363106796,12.755017819277109,0.0
52.41791363106796,12.75516043373494,0.0
52.41791363106796,12.755303048192772,0.0
52.41791363106796,12.755445662650603,0.0
52.41791363106796,12.755588277108435,0.0
52.41791363106796,12.755730891566266,0.0
52.41791363106796,12.755873506024097,0.0
52.41791363106796,12.75601612048193,0.0
52.41791363106796,12.75615873493976,0.0
52.41791363106796,12.75630134939759,0.0
52.41791363106796,12.756443963855423,0.0
52.41791363106796,12.756586578313254,0.0
52.41791363106796,12.756729192771084,0.0
52.41791363106796,12.756871807228917,0.0
52.41791363106796,12.757014421686748,0.0
52.41791363106796,12.757157036144578,0.0
52.41791363106796,12.75729965060241,0.0
52.41791363106796,12.757442265060241,0.0
52.41791363106796,12.757584879518072,0.0
52.41791363106796,12.757727493975905,0.0
52.41791363106796,12.757870108433735,0.0
52.41791363106796,12.758012722891566,0.0
52.41791363106796,12.758155337349399,0.0
52.41791363106796,12.75829795180723,0.0
52.41791363106796,12.758440566265062,0.0
52.41791363106796,12.758583180722892,0.0
52.41791363106796,12.758725795180723,0.0
52.41791363106796,12.758868409638556,0.0
52.41791363106796,12.759011024096386,0.0
52.41791363106796,12.759153638554217,0.0
52.41791363106796,12.75929625301205,0.0
52.41791363106796,12.75943886746988,0.0
52.41791363106796,12.759581481927711,0.0
52.41791363106796,12.759724096385543,0.0
52.41791363106796,12.759866710843374,0.0
52.41791363106796,12.760009325301205,0.0
52.41791363106796,12.760151939759037,0.0
52.41791363106796,12.760294554216868,0.0
52.41791363106796,12.760437168674699,0.0
52.41791363106796,12.760579783132531,0.0
52.41791363106796,12.760722397590362,0.0
52.41791363106796,12.760865012048193,0.0
52.41791363106796,12.761007626506025,0.0
52.41791363106796,12.761150240963856,0.0
52.41791363106796,12.761292855421688,0.0
52.41791363106796,12.761435469879519,0.0
52.41791363106796,12.76157808433735,0.0
52.41791363106796,12.761720698795182,0.0
52.41791363106796,12.761863313253013,0.0
52.41791363106796,12.762005927710844,0.0
52.41791363106796,12.762148542168676,0.0
52.41791363106796,12.762291156626507,0.0
52.41791363106796,12.762433771084337,0.0
52.41791363106796,12.76257638554217,0.0
52.41791363106796,12.762719,0.0
52.41800636893204,12.750882,0.0
52.41800636893204,12.751024614457831,0.0
52.41800636893204,12.751167228915664,0.0
52.41800636893204,12.751309843373495,0.0
52.41800636893204,12.751452457831325,0.0
52.41800636893204,12.751595072289158,0.0
52.41800636893204,12.751737686746988,0.0
52.41800636893204,12.75188030120482,0.0
52.41800636893204,12.752022915662652,0.0
52.41800636893204,12.752165530120482,0.0
52.41800636893204,12.752308144578313,0.0
52.41800636893204,12.752450759036146,0.0
52.41800636893204,12.752593373493976,0.0
52.41800636893204,12.752735987951809,0.0
52.41800636893204,12.75287860240964,0.0
52.41800636893204,12.75302121686747,0.0
52.41800636893204,12.753163831325303,0.0
52.41800636893204,12.753306445783133,0.0
52.41800636893204,12.753449060240964,0.0
52.41800636893204,12.753591674698797,0.0
52.41800636893204,12.753734289156627,0.0
52.41800636893204,12.753876903614458,0.0
52.41800636893204,12.75401951807229,0.0
52.41800636893204,12.754162132530121,0.0
52.41800636893204,12.754304746987952,0.0
52.41800636893204,12.754447361445784,0.0
52.41800636893204,12.754589975903615,0.0
52.41800636893204,12.754732590361446,0.0
52.41800636893204,12.754875204819278,0.0
52.41800636893204,12.755017819277109,0.0
52.41800636893204,12.75516043373494,0.0
52.41800636893204,12.755303048192772,0.0
52.41800636893204,12.755445662650603,0.0
52.41800636893204,12.755588277108435,0.0
52.41800636893204,12.755730891566266,0.0
52.41800636893204,12.755873506024097,0.0
52.41800636893204,12.75601612048193,0.0
52.41800636893204,12.75615873493976,0.0
52.41800636893204,12.75630134939759,0.0
52.41800636893204,12.756443963855423,0.0
52.41800636893204,12.756586578313254,0.0
52.41800636893204,12.756729192771084,0.0
52.41800636893204,12.756871807228917,0.0
52.41800636893204,12.757014421686748,0.0
52.41800636893204,12.757157036144578,0.0
52.41800636893204,12.75729965060241,0.0
52.41800636893204,12.757442265060241,0.0
52.41800636893204,12.757584879518072,0.0
52.41800636893204,12.757727493975905,0.0
52.41800636893204,12.757870108433735,0.0
52.41800636893204,12.758012722891566,0.0
52.41800636893204,12.758155337349399,0.0
52.41800636893204,12.75829795180723,0.0
52.41800636893204,12.758440566265062,0.0
52.41800636893204,12.758583180722892,0.0
52.41800636893204,12.758725795180723,0.0
52.41800636893204,12.758868409638556,0.0
52.41800636893204,12.759011024096386,0.0
52.41800636893204,12.759153638554217,0.0
52.41800636893204,12.75929625301205,0.0
52.41800636893204,12.75943886746988,0.0
52.41800636893204,12.759581481927711,0.0
52.41800636893204,12.759724096385543,0.0
52.41800636893204,12.759866710843374,0.0
52.41800636893204,12.760009325301205,0.0
52.41800636893204,12.760151939759037,0.0
52.41800636893204,12.760294554216868,0.0
52.41800636893204,12.760437168674699,0.0
52.41800636893204,12.760579783132531,0.0
52.41800636893204,12.760722397590362,0.0
52.41800636893204,12.760865012048193,0.0
52.41800636893204,12.761007626506025,0.0
52.41800636893204,12.761150240963856,0.0
52.41800636893204,12.761292855421688,0.0
52.41800636893204,12.761435469879519,0.0
52.41800636893204,12.76157808433735,0.0
52.41800636893204,12.761720698795182,0.0
52.41800636893204,12.761863313253013,0.0
52.41800636893204,12.762005927710844,0.0
52.41800636893204,12.762148542168676,0.0
52.41800636893204,12.762291156626507,0.0
52.41800636893204,12.762433771084337,0.0
52.41800636893204,12.76257638554217,0.0
52.41800636893204,12.762719,0.0
52.41809910679612,12.750882,0.0
52.41809910679612,12.751024614457831,0.0
52.41809910679612,12.751167228915664,0.0
52.41809910679612,12.751309843373495,0.0
52.41809910679612,12.751452457831325,0.0
52.41809910679612,12.751595072289158,0.0
52.41809910679612,12.751737686746988,0.0
52.41809910679612,12.75188030120482,0.0
52.41809910679612,12.752022915662652,0.0
52.41809910679612,12.752165530120482,0.0
52.41809910679612,12.752308144578313,0.0
52.41809910679612,12.752450759036146,0.0
52.41809910679612,12.752593373493976,0.0
52.41809910679612,12.752735987951809,0.0
52.41809910679612,12.75287860240964,0.0
52.41809910679612,12.75302121686747,0.0
52.41809910679612,12.753163831325303,0.0
52.41809910679612,12.753306445783133,0.0
52.41809910679612,12.753449060240964,0.0
52.41809910679612,12.753591674698797,0.0
52.41809910679612,12.753734289156627,0.0
52.41809910679612,12.753876903614458,0.0
52.41809910679612,12.75401951807229,0.0
52.41809910679612,12.754162132530121,0.0
52.41809910679612,12.754304746987952,0.0
52.41809910679612,12.754447361445784,0.0
52.41809910679612,12.754589975903615,0.0
52.41809910679612,12.754732590361446,0.0
52.41809910679612,12.754875204819278,0.0
52.41809910679612,12.755017819277109,0.0
52.41809910679612,12.75516043373494,0.0
52.41809910679612,12.755303048192772,0.0
52.41809910679612,12.755445662650603,0.0
52.41809910679612,12.755588277108435,0.0
52.41809910679612,12.755730891566266,0.0
52.41809910679612,12.755873506024097,0.0
52.41809910679612,12.75601612048193,0.0
52.41809910679612,12.75615873493976,0.0
52.41809910679612,12.75630134939759,0.0
52.41809910679612,12.756443963855423,0.0
52.41809910679612,12.756586578313254,0.0
52.41809910679612,12.756729192771084,0.0
52.41809910679612,12.756871807228917,0.0
52.41809910679612,12.757014421686748,0.0
52.41809910679612,12.757157036144578,0.0
52.41809910679612,12.75729965060241,0.0
52.41809910679612,12.757442265060241,0.0
52.41809910679612,12.757584879518072,0.0
52.41809910679612,12.757727493975905,0.0
52.41809910679612,12.757870108433735,0.0
52.41809910679612,12.758012722891566,0.0
52.41809910679612,12.758155337349399,0.0
52.41809910679612,12.75829795180723,0.0
52.41809910679612,12.758440566265062,0.0
52.41809910679612,12.758583180722892,0.0
52.41809910679612,12.758725795180723,0.0
52.41809910679612,12.758868409638556,0.0
52.41809910679612,12.759011024096386,0.0
52.41809910679612,12.759153638554217,0.0
52.41809910679612,12.75929625301205,0.0
52.41809910679612,12.75943886746988,0.0
52.41809910679612,12.759581481927711,0.0
52.41809910679612,12.759724096385543,0.0
52.41809910679612,12.759866710843374,0.0
52.41809910679612,12.760009325301205,0.0
52.41809910679612,12.760151939759037,0.0
52.41809910679612,12.760294554216868,0.0
52.41809910679612,12.760437168674699,0.0
52.41809910679612,12.760579783132531,0.0
52.41809910679612,12.760722397590362,0.0
52.41809910679612,12.760865012048193,0.0
52.41809910679612,12.761007626506025,0.0
52.41809910679612,12.761150240963856,0.0
52.41809910679612,12.761292855421688,0.0
52.41809910679612,12.761435469879519,0.0
52.41809910679612,12.76157808433735,0.0
52.41809910679612,12.761720698795182,0.0
52.41809910679612,12.761863313253013,0.0
52.41809910679612,12.762005927710844,0.0
52.41809910679612,12.762148542168676,0.0
52.41809910679612,12.762291156626507,0.0
52.41809910679612,12.762433771084337,0.0
52.41809910679612,12.76257638554217,0.0
52.41809910679612,12.762719,0.0
52.41819184466019,12.750882,0.0
52.41819184466019,12.751024614457831,0.0
52.41819184466019,12.751167228915664,0.0
52.41819184466019,12.751309843373495,0.0
52.41819184466019,12.751452457831325,0.0
52.41819184466019,12.751595072289158,0.0
52.41819184466019,12.751737686746988,0.0
52.41819184466019,12.75188030120482,0.0
52.41819184466019,12.752022915662652,0.0
52.41819184466019,12.752165530120482,0.0
52.41819184466019,12.752308144578313,0.0
52.41819184466019,12.752450759036146,0.0
52.41819184466019,12.752593373493976,0.0
52.41819184466019,12.752735987951809,0.0
52.41819184466019,12.75287860240964,0.0
52.41819184466019,12.75302121686747,0.0
52.41819184466019,12.753163831325303,0.0
52.41819184466019,12.753306445783133,0.0
52.41819184466019,12.753449060240964,0.0
52.41819184466019,12.753591674698797,0.0
52.41819184466019,12.753734289156627,0.0
52.41819184466019,12.753876903614458,0.0
52.41819184466019,12.75401951807229,0.0
52.41819184466019,12.754162132530121,0.0
52.41819184466019,12.754304746987952,0.0
52.41819184466019,12.754447361445784,0.0
52.41819184466019,12.754589975903615,0.0
52.41819184466019,12.754732590361446,0.0
52.41819184466019,12.754875204819278,0.0
52.41819184466019,12.755017819277109,0.0
52.41819184466019,12.75516043373494,0.0
52.41819184466019,12.755303048192772,0.0
52.41819184466019,12.755445662650603,0.0
52.41819184466019,12.755588277108435,0.0
52.41819184466019,12.755730891566266,0.0
52.41819184466019,12.755873506024097,0.0
52.41819184466019,12.75601612048193,0.0
52.41819184466019,12.75615873493976,0.0
52.41819184466019,12.75630134939759,0.0
52.41819184466019,12.756443963855423,0.0
52.41819184466019,12.756586578313254,0.0
52.41819184466019,12.756729192771084,0.0
52.41819184466019,12.756871807228917,0.0
52.41819184466019,12.757014421686748,0.0
52.41819184466019,12.757157036144578,0.0
52.41819184466019,12.75729965060241,0.0
52.41819184466019,12.757442265060241,0.0
52.41819184466019,12.757584879518072,0.0
52.41819184466019,12.757727493975905,0.0
52.41819184466019,12.757870108433735,0.0
52.41819184466019,12.758012722891566,0.0
52.41819184466019,12.758155337349399,0.0
52.41819184466019,12.75829795180723,0.0
52.41819184466019,12.758440566265062,0.0
52.41819184466019,12.758583180722892,0.0
52.41819184466019,12.758725795180723,0.0
52.41819184466019,12.758868409638556,0.0
52.41819184466019,12.759011024096386,0.0
52.41819184466019,12.759153638554217,0.0
52.41819184466019,12.75929625301205,0.0
52.41819184466019,12.75943886746988,0.0
52.41819184466019,12.759581481927711,0.0
52.41819184466019,12.759724096385543,0.0
52.41819184466019,12.759866710843374,0.0
52.41819184466019,12.760009325301205,0.0
52.41819184466019,12.760151939759037,0.0
52.41819184466019,12.760294554216868,0.0
52.41819184466019,12.760437168674699,0.0
52.41819184466019,12.760579783132531,0.0
52.41819184466019,12.760722397590362,0.0
52.41819184466019,12.760865012048193,0.0
52.41819184466019,12.761007626506025,0.0
52.41819184466019,12.761150240963856,0.0
52.41819184466019,12.761292855421688,0.0
52.41819184466019,12.761435469879519,0.0
52.41819184466019,12.76157808433735,0.0
52.41819184466019,12.761720698795182,0.0
52.41819184466019,12.761863313253013,0.0
52.41819184466019,12.762005927710844,0.0
52.41819184466019,12.762148542168676,0.0
52.41819184466019,12.762291156626507,0.0
52.41819184466019,12.762433771084337,0.0
52.41819184466019,12.76257638554217,0.0
52.41819184466019,12.762719,0.0
52.41828458252427,12.750882,0.0
52.41828458252427,12.751024614457831,0.0
52.41828458252427,12.751167228915664,0.0
52.41828458252427,12.751309843373495,0.0
52.41828458252427,12.751452457831325,0.0
52.41828458252427,12.751595072289158,0.0
52.41828458252427,12.751737686746988,0.0
52.41828458252427,12.75188030120482,0.0
52.41828458252427,12.752022915662652,0.0
52.41828458252427,12.752165530120482,0.0
52.41828458252427,12.752308144578313,0.0
52.41828458252427,12.752450759036146,0.0
52.41828458252427,12.752593373493976,0.0
52.41828458252427,12.752735987951809,0.0
52.41828458252427,12.75287860240964,0.0
52.41828458252427,12.75302121686747,0.0
52.41828458252427,12.753163831325303,0.0
52.41828458252427,12.753306445783133,0.0
52.41828458252427,12.753449060240964,0.0
52.41828458252427,12.753591674698797,0.0
52.41828458252427,12.753734289156627,0.0
52.41828458252427,12.753876903614458,0.0
52.41828458252427,12.75401951807229,0.0
52.41828458252427,12.754162132530121,0.0
52.41828458252427,12.754304746987952,0.0
52.41828458252427,12.754447361445784,0.0
52.41828458252427,12.754589975903615,0.0
52.41828458252427,12.754732590361446,0.0
52.41828458252427,12.754875204819278,0.0
52.41828458252427,12.755017819277109,0.0
52.41828458252427,12.75516043373494,0.0
52.41828458252427,12.755303048192772,0.0
52.41828458252427,12.755445662650603,0.0
52.41828458252427,12.755588277108435,0.0
52.41828458252427,12.755730891566266,0.0
52.41828458252427,12.755873506024097,0.0
52.41828458252427,12.75601612048193,0.0
52.41828458252427,12.75615873493976,0.0
52.41828458252427,12.75630134939759,0.0
52.41828458252427,12.756443963855423,0.0
52.41828458252427,12.756586578313254,0.0
52.41828458252427,12.756729192771084,0.0
52.41828458252427,12.756871807228917,0.0
52.41828458252427,12.757014421686748,0.0
52.41828458252427,12.757157036144578,0.0
52.41828458252427,12.75729965060241,0.0
52.41828458252427,12.757442265060241,0.0
52.41828458252427,12.757584879518072,0.0
52.41828458252427,12.757727493975905,0.0
52.41828458252427,12.757870108433735,0.0
52.41828458252427,12.758012722891566,0.0
52.41828458252427,12.758155337349399,0.0
52.41828458252427,12.75829795180723,0.0
52.41828458252427,12.758440566265062,0.0
52.41828458252427,12.758583180722892,0.0
52.41828458252427,12.758725795180723,0.0
52.41828458252427,12.758868409638556,0.0
52.41828458252427,12.759011024096386,0.0
52.41828458252427,12.759153638554217,0.0
52.41828458252427,12.75929625301205,0.0
52.41828458252427,12.75943886746988,0.0
52.41828458252427,12.759581481927711,0.0
52.41828458252427,12.759724096385543,0.0
52.41828458252427,12.759866710843374,0.0
52.41828458252427,12.760009325301205,0.0
52.41828458252427,12.760151939759037,0.0
52.41828458252427,12.760294554216868,0.0
52.41828458252427,12.760437168674699,0.0
52.41828458252427,12.760579783132531,0.0
52.41828458252427,12.760722397590362,0.0
52.41828458252427,12.760865012048193,0.0
52.41828458252427,12.761007626506025,0.0
52.41828458252427,12.761150240963856,0.0
52.41828458252427,12.761292855421688,0.0
52.41828458252427,12.761435469879519,0.0
52.41828458252427,12.76157808433735,0.0
52.41828458252427,12.761720698795182,0.0
52.41828458252427,12.761863313253013,0.0
52.41828458252427,12.762005927710844,0.0
52.41828458252427,12.762148542168676,0.0
52.41828458252427,12.762291156626507,0.0
52.41828458252427,12.762433771084337,0.0
52.41828458252427,12.76257638554217,0.0
52.41828458252427,12.762719,0.0
52.41837732038835,12.750882,0.0
52.41837732038835,12.751024614457831,0.0
52.41837732038835,12.751167228915664,0.0
52.41837732038835,12.751309843373495,0.0
52.41837732038835,12.751452457831325,0.0
52.41837732038835,12.751595072289158,0.0
52.41837732038835,12.751737686746988,0.0
52.41837732038835,12.75188030120482,0.0
52.41837732038835,12.752022915662652,0.0
52.41837732038835,12.752165530120482,0.0
52.41837732038835,12.752308144578313,0.0
52.41837732038835,12.752450759036146,0.0
52.41837732038835,12.752593373493976,0.0
52.41837732038835,12.752735987951809,0.0
52.41837732038835,12.75287860240964,0.0
52.41837732038835,12.75302121686747,0.0
52.41837732038835,12.753163831325303,0.0
52.41837732038835,12.753306445783133,0.0
52.41837732038835,12.753449060240964,0.0
52.41837732038835,12.753591674698797,0.0
52.41837732038835,12.753734289156627,0.0
52.41837732038835,12.753876903614458,0.0
52.41837732038835,12.75401951807229,0.0
52.41837732038835,12.754162132530121,0.0
52.41837732038835,12.754304746987952,0.0
52.41837732038835,12.754447361445784,0.0
52.41837732038835,12.754589975903615,0.0
52.41837732038835,12.754732590361446,0.0
52.41837732038835,12.754875204819278,0.0
52.41837732038835,12.755017819277109,0.0
52.41837732038835,12.75516043373494,0.0
52.41837732038835,12.755303048192772,0.0
52.41837732038835,12.755445662650603,0.0
52.41837732038835,12.755588277108435,0.0
52.41837732038835,12.755730891566266,0.0
52.41837732038835,12.755873506024097,0.0
52.41837732038835,12.75601612048193,0.0
52.41837732038835,12.75615873493976,0.0
52.41837732038835,12.75630134939759,0.0
52.41837732038835,12.756443963855423,0.0
52.41837732038835,12.756586578313254,0.0
52.41837732038835,12.756729192771084,0.0
52.41837732038835,12.756871807228917,0.0
52.41837732038835,12.757014421686748,0.0
52.41837732038835,12.757157036144578,0.0
52.41837732038835,12.75729965060241,0.0
52.41837732038835,12.757442265060241,0.0
52.41837732038835,12.757584879518072,0.0
52.41837732038835,12.757727493975905,0.0
52.41837732038835,12.757870108433735,0.0
52.41837732038835,12.758012722891566,0.0
52.41837732038835,12.758155337349399,0.0
52.41837732038835,12.75829795180723,0.0
52.41837732038835,12.758440566265062,0.0
52.41837732038835,12.758583180722892,0.0
52.41837732038835,12.758725795180723,0.0
52.41837732038835,12.758868409638556,0.0
52.41837732038835,12.759011024096386,0.0
52.41837732038835,12.759153638554217,0.0
52.41837732038835,12.75929625301205,0.0
52.41837732038835,12.75943886746988,0.0
52.41837732038835,12.759581481927711,0.0
52.41837732038835,12.759724096385543,0.0
52.41837732038835,12.759866710843374,0.0
52.41837732038835,12.760009325301205,0.0
52.41837732038835,12.760151939759037,0.0
52.41837732038835,12.760294554216868,0.0
52.41837732038835,12.760437168674699,0.0
52.41837732038835,12.760579783132531,0.0
52.41837732038835,12.760722397590362,0.0
52.41837732038835,12.760865012048193,0.0
52.41837732038835,12.761007626506025,0.0
52.41837732038835,12.761150240963856,0.0
52.41837732038835,12.761292855421688,0.0
52.41837732038835,12.761435469879519,0.0
52.41837732038835,12.76157808433735,0.0
52.41837732038835,12.761720698795182,0.0
52.41837732038835,12.761863313253013,0.0
52.41837732038835,12.762005927710844,0.0
52.41837732038835,12.762148542168676,0.0
52.41837732038835,12.762291156626507,0.0
52.41837732038835,12.762433771084337,0.0
52.41837732038835,12.76257638554217,0.0
52.41837732038835,12.762719,0.0
52.41847005825243,12.750882,0.0
52.41847005825243,12.751024614457831,0.0
52.41847005825243,12.751167228915664,0.0
52.41847005825243,12.751309843373495,0.0
52.41847005825243,12.751452457831325,0.0
52.41847005825243,12.751595072289158,0.0
52.41847005825243,12.751737686746988,0.0
52.41847005825243,12.75188030120482,0.0
52.41847005825243,12.752022915662652,0.0
52.41847005825243,12.752165530120482,0.0
52.41847005825243,12.752308144578313,0.0
52.41847005825243,12.752450759036146,0.0
52.41847005825243,12.752593373493976,0.0
52.41847005825243,12.752735987951809,0.0
52.41847005825243,12.75287860240964,0.0
52.41847005825243,12.75302121686747,0.0
52.41847005825243,12.753163831325303,0.0
52.41847005825243,12.753306445783133,0.0
52.41847005825243,12.753449060240964,0.0
52.41847005825243,12.753591674698797,0.0
52.41847005825243,12.753734289156627,0.0
52.41847005825243,12.753876903614458,0.0
52.41847005825243,12.75401951807229,0.0
52.41847005825243,12.754162132530121,0.0
52.41847005825243,12.754304746987952,0.0
52.41847005825243,12.754447361445784,0.0
52.41847005825243,12.754589975903615,0.0
52.41847005825243,12.754732590361446,0.0
52.41847005825243,12.754875204819278,0.0
52.41847005825243,12.755017819277109,0.0
52.41847005825243,12.75516043373494,0.0
52.41847005825243,12.755303048192772,0.0
52.41847005825243,12.755445662650603,0.0
52.41847005825243,12.755588277108435,0.0
52.41847005825243,12.755730891566266,0.0
52.41847005825243,12.755873506024097,0.0
52.41847005825243,12.75601612048193,0.0
52.41847005825243,12.75615873493976,0.0
52.41847005825243,12.75630134939759,0.0
52.41847005825243,12.756443963855423,0.0
52.41847005825243,12.756586578313254,0.0
52.41847005825243,12.756729192771084,0.0
52.41847005825243,12.756871807228917,0.0
52.41847005825243,12.757014421686748,0.0
52.41847005825243,12.757157036144578,0.0
52.41847005825243,12.75729965060241,0.0
52.41847005825243,12.757442265060241,0.0
52.41847005825243,12.757584879518072,0.0
52.41847005825243,12.757727493975905,0.0
52.41847005825243,12.757870108433735,0.0
52.41847005825243,12.758012722891566,0.0
52.41847005825243,12.758155337349399,0.0
52.41847005825243,12.75829795180723,0.0
52.41847005825243,12.758440566265062,0.0
52.41847005825243,12.758583180722892,0.0
52.41847005825243,12.758725795180723,0.0
52.41847005825243,12.758868409638556,0.0
52.41847005825243,12.759011024096386,0.0
52.41847005825243,12.759153638554217,0.0
52.41847005825243,12.75929625301205,0.0
52.41847005825243,12.75943886746988,0.0
52.41847005825243,12.759581481927711,0.0
52.41847005825243,12.759724096385543,0.0
52.41847005825243,12.759866710843374,0.0
52.41847005825243,12.760009325301205,0.0
52.41847005825243,12.760151939759037,0.0
52.41847005825243,12.760294554216868,0.0
52.41847005825243,12.760437168674699,0.0
52.41847005825243,12.760579783132531,0.0
52.41847005825243,12.760722397590362,0.0
52.41847005825243,12.760865012048193,0.0
52.41847005825243,12.761007626506025,0.0
52.41847005825243,12.761150240963856,0.0
52.41847005825243,12.761292855421688,0.0
52.41847005825243,12.761435469879519,0.0
52.41847005825243,12.76157808433735,0.0
52.41847005825243,12.761720698795182,0.0
52.41847005825243,12.761863313253013,0.0
52.41847005825243,12.762005927710844,0.0
52.41847005825243,12.762148542168676,0.0
52.41847005825243,12.762291156626507,0.0
52.41847005825243,12.762433771084337,0.0
52.41847005825243,12.76257638554217,0.0
52.41847005825243,12.762719,0.0
52.418562796116504,12.750882,0.0
52.418562796116504,12.751024614457831,0.0
52.418562796116504,12.751167228915664,0.0
52.418562796116504,12.751309843373495,0.0
52.418562796116504,12.751452457831325,0.0
52.418562796116504,12.751595072289158,0.0
52.418562796116504,12.751737686746988,0.0
52.418562796116504,12.75188030120482,0.0
52.418562796116504,12.752022915662652,0.0
52.418562796116504,12.752165530120482,0.0
52.418562796116504,12.752308144578313,0.0
52.418562796116504,12.752450759036146,0.0
52.418562796116504,12.752593373493976,0.0
52.418562796116504,12.752735987951809,0.0
52.418562796116504,12.75287860240964,0.0
52.418562796116504,12.75302121686747,0.0
52.418562796116504,12.753163831325303,0.0
52.418562796116504,12.753306445783133,0.0
52.418562796116504,12.753449060240964,0.0
52.418562796116504,12.753591674698797,0.0
52.418562796116504,12.753734289156627,0.0
52.418562796116504,12.753876903614458,0.0
52.418562796116504,12.75401951807229,0.0
52.418562796116504,12.754162132530121,0.0
52.418562796116504,12.754304746987952,0.0
52.418562796116504,12.754447361445784,0.0
52.418562796116504,12.754589975903615,0.0
52.418562796116504,12.754732590361446,0.0
52.418562796116504,12.754875204819278,0.0
52.418562796116504,12.755017819277109,0.0
52.418562796116504,12.75516043373494,0.0
52.418562796116504,12.755303048192772,0.0
52.418562796116504,12.755445662650603,0.0
52.418562796116504,12.755588277108435,0.0
52.418562796116504,12.755730891566266,0.0
52.418562796116504,12.755873506024097,0.0
52.418562796116504,12.75601612048193,0.0
52.418562796116504,12.75615873493976,0.0
52.418562796116504,12.75630134939759,0.0
52.418562796116504,12.756443963855423,0.0
52.418562796116504,12.756586578313254,0.0
52.418562796116504,12.756729192771084,0.0
52.418562796116504,12.756871807228917,0.0
52.418562796116504,12.757014421686748,0.0
52.418562796116504,12.757157036144578,0.0
52.418562796116504,12.75729965060241,0.0
52.418562796116504,12.757442265060241,0.0
52.418562796116504,12.757584879518072,0.0
52.418562796116504,12.757727493975905,0.0
52.418562796116504,12.757870108433735,0.0
52.418562796116504,12.758012722891566,0.0
52.418562796116504,12.758155337349399,0.0
52.418562796116504,12.75829795180723,0.0
52.418562796116504,12.758440566265062,0.0
52.418562796116504,12.758583180722892,0.0
52.418562796116504,12.758725795180723,0.0
52.418562796116504,12.758868409638556,0.0
52.418562796116504,12.759011024096386,0.0
52.418562796116504,12.759153638554217,0.0
52.418562796116504,12.75929625301205,0.0
52.418562796116504,12.75943886746988,0.0
52.418562796116504,12.759581481927711,0.0
52.418562796116504,12.759724096385543,0.0
52.418562796116504,12.759866710843374,0.0
52.418562796116504,12.760009325301205,0.0
52.418562796116504,12.760151939759037,0.0
52.418562796116504,12.760294554216868,0.0
52.418562796116504,12.760437168674699,0.0
52.418562796116504,12.760579783132531,0.0
52.418562796116504,12.760722397590362,0.0
52.418562796116504,12.760865012048193,0.0
52.418562796116504,12.761007626506025,0.0
52.418562796116504,12.761150240963856,0.0
52.418562796116504,12.761292855421688,0.0
52.418562796116504,12.761435469879519,0.0
52.418562796116504,12.76157808433735,0.0
52.418562796116504,12.761720698795182,0.0
52.418562796116504,12.761863313253013,0.0
52.418562796116504,12.762005927710844,0.0
52.418562796116504,12.762148542168676,0.0
52.418562796116504,12.762291156626507,0.0
52.418562796116504,12.762433771084337,0.0
52.418562796116504,12.76257638554217,0.0
52.418562796116504,12.762719,0.0
52.41865553398058,12.750882,0.0
52.41865553398058,12.751024614457831,0.0
52.41865553398058,12.751167228915664,0.0
52.41865553398058,12.751309843373495,0.0
52.41865553398058,12.751452457831325,0.0
52.41865553398058,12.751595072289158,0.0
52.41865553398058,12.751737686746988,0.0
52.41865553398058,12.75188030120482,0.0
52.41865553398058,12.752022915662652,0.0
52.41865553398058,12.752165530120482,0.0
52.41865553398058,12.752308144578313,0.0
52.41865553398058,12.752450759036146,0.0
52.41865553398058,12.752593373493976,0.0
52.41865553398058,12.752735987951809,0.0
52.41865553398058,12.75287860240964,0.0
52.41865553398058,12.75302121686747,0.0
52.41865553398058,12.753163831325303,0.0
52.41865553398058,12.753306445783133,0.0
52.41865553398058,12.753449060240964,0.0
52.41865553398058,12.753591674698797,0.0
52.41865553398058,12.753734289156627,0.0
52.41865553398058,12.753876903614458,0.0
52.41865553398058,12.75401951807229,0.0
52.41865553398058,12.754162132530121,0.0
52.41865553398058,12.754304746987952,0.0
52.41865553398058,12.754447361445784,0.0
52.41865553398058,12.754589975903615,0.0
52.41865553398058,12.754732590361446,0.0
52.41865553398058,12.754875204819278,0.0
52.41865553398058,12.755017819277109,0.0
52.41865553398058,12.75516043373494,0.0
52.41865553398058,12.755303048192772,0.0
52.41865553398058,12.755445662650603,0.0
52.41865553398058,12.755588277108435,0.0
52.41865553398058,12.755730891566266,0.0
52.41865553398058,12.755873506024097,0.0
52.41865553398058,12.75601612048193,0.0
52.41865553398058,12.75615873493976,0.0
52.41865553398058,12.75630134939759,0.0
52.41865553398058,12.756443963855423,0.0
52.41865553398058,12.756586578313254,0.0
52.41865553398058,12.756729192771084,0.0
52.41865553398058,12.756871807228917,0.0
52.41865553398058,12.757014421686748,0.0
52.41865553398058,12.757157036144578,0.0
52.41865553398058,12.75729965060241,0.0
52.41865553398058,12.757442265060241,0.0
52.41865553398058,12.757584879518072,0.0
52.41865553398058,12.757727493975905,0.0
52.41865553398058,12.757870108433735,0.0
52.41865553398058,12.758012722891566,0.0
52.41865553398058,12.758155337349399,0.0
52.41865553398058,12.75829795180723,0.0
52.41865553398058,12.758440566265062,0.0
52.41865553398058,12.758583180722892,0.0
52.41865553398058,12.758725795180723,0.0
52.41865553398058,12.758868409638556,0.0
52.41865553398058,12.759011024096386,0.0
52.41865553398058,12.759153638554217,0.0
52.41865553398058,12.75929625301205,0.0
52.41865553398058,12.75943886746988,0.0
52.41865553398058,12.759581481927711,0.0
52.41865553398058,12.759724096385543,0.0
52.41865553398058,12.759866710843374,0.0
52.41865553398058,12.760009325301205,0.0
52.41865553398058,12.760151939759037,0.0
52.41865553398058,12.760294554216868,0.0
52.41865553398058,12.760437168674699,0.0
52.41865553398058,12.760579783132531,0.0
52.41865553398058,12.760722397590362,0.0
52.41865553398058,12.760865012048193,0.0
52.41865553398058,12.761007626506025,0.0
52.41865553398058,12.761150240963856,0.0
52.41865553398058,12.761292855421688,0.0
52.41865553398058,12.761435469879519,0.0
52.41865553398058,12.76157808433735,0.0
52.41865553398058,12.761720698795182,0.0
52.41865553398058,12.761863313253013,0.0
52.41865553398058,12.762005927710844,0.0
52.41865553398058,12.762148542168676,0.0
52.41865553398058,12.762291156626507,0.0
52.41865553398058,12.762433771084337,0.0
52.41865553398058,12.76257638554217,0.0
52.41865553398058,12.762719,0.0
52.41874827184466,12.750882,0.0
52.41874827184466,12.751024614457831,0.0
52.41874827184466,12.751167228915664,0.0
52.41874827184466,12.751309843373495,0.0
52.41874827184466,12.751452457831325,0.0
52.41874827184466,12.751595072289158,0.0
52.41874827184466,12.751737686746988,0.0
52.41874827184466,12.75188030120482,0.0
52.41874827184466,12.752022915662652,0.0
52.41874827184466,12.752165530120482,0.0
52.41874827184466,12.752308144578313,0.0
52.41874827184466,12.752450759036146,0.0
52.41874827184466,12.752593373493976,0.0
52.41874827184466,12.752735987951809,0.0
52.41874827184466,12.75287860240964,0.0
52.41874827184466,12.75302121686747,0.0
52.41874827184466,12.753163831325303,0.0
52.41874827184466,12.753306445783133,0.0
52.41874827184466,12.753449060240964,0.0
52.41874827184466,12.753591674698797,0.0
52.41874827184466,12.753734289156627,0.0
52.41874827184466,12.753876903614458,0.0
52.41874827184466,12.75401951807229,0.0
52.41874827184466,12.754162132530121,0.0
52.41874827184466,12.754304746987952,0.0
52.41874827184466,12.754447361445784,0.0
52.41874827184466,12.754589975903615,0.0
52.41874827184466,12.754732590361446,0.0
52.41874827184466,12.754875204819278,0.0
52.41874827184466,12.755017819277109,0.0
52.41874827184466,12.75516043373494,0.0
52.41874827184466,12.755303048192772,0.0
52.41874827184466,12.755445662650603,0.0
52.41874827184466,12.755588277108435,0.0
52.41874827184466,12.755730891566266,0.0
52.41874827184466,12.755873506024097,0.0
52.41874827184466,12.75601612048193,0.0
52.41874827184466,12.75615873493976,0.0
52.41874827184466,12.75630134939759,0.0
52.41874827184466,12.756443963855423,0.0
52.41874827184466,12.756586578313254,0.0
52.41874827184466,12.756729192771084,0.0
52.41874827184466,12.756871807228917,0.0
52.41874827184466,12.757014421686748,0.0
52.41874827184466,12.757157036144578,0.0
52.41874827184466,12.75729965060241,0.0
52.41874827184466,12.757442265060241,0.0
52.41874827184466,12.757584879518072,0.0
52.41874827184466,12.757727493975905,0.0
52.41874827184466,12.757870108433735,0.0
52.41874827184466,12.758012722891566,0.0
52.41874827184466,12.758155337349399,0.0
52.41874827184466,12.75829795180723,0.0
52.41874827184466,12.758440566265062,0.0
52.41874827184466,12.758583180722892,0.0
52.41874827184466,12.758725795180723,0.0
52.41874827184466,12.758868409638556,0.0
52.41874827184466,12.759011024096386,0.0
52.41874827184466,12.759153638554217,0.0
52.41874827184466,12.75929625301205,0.0
52.41874827184466,12.75943886746988,0.0
52.41874827184466,12.759581481927711,0.0
52.41874827184466,12.759724096385543,0.0
52.41874827184466,12.759866710843374,0.0
52.41874827184466,12.760009325301205,0.0
52.41874827184466,12.760151939759037,0.0
52.41874827184466,12.760294554216868,0.0
52.41874827184466,12.760437168674699,0.0
52.41874827184466,12.760579783132531,0.0
52.41874827184466,12.760722397590362,0.0
52.41874827184466,12.760865012048193,0.0
52.41874827184466,12.761007626506025,0.0
52.41874827184466,12.761150240963856,0.0
52.41874827184466,12.761292855421688,0.0
52.41874827184466,12.761435469879519,0.0
52.41874827184466,12.76157808433735,0.0
52.41874827184466,12.761720698795182,0.0
52.41874827184466,12.761863313253013,0.0
52.41874827184466,12.762005927710844,0.0
52.41874827184466,12.762148542168676,0.0
52.41874827184466,12.762291156626507,0.0
52.41874827184466,12.762433771084337,0.0
52.41874827184466,12.76257638554217,0.0
52.41874827184466,12.762719,0.0
52.418841009708736,12.750882,0.0
52.418841009708736,12.751024614457831,0.0
52.418841009708736,12.751167228915664,0.0
52.418841009708736,12.751309843373495,0.0
52.418841009708736,12.751452457831325,0.0
52.418841009708736,12.751595072289158,0.0
52.418841009708736,12.751737686746988,0.0
52.418841009708736,12.75188030120482,0.0
52.418841009708736,12.752022915662652,0.0
52.418841009708736,12.752165530120482,0.0
52.418841009708736,12.752308144578313,0.0
52.418841009708736,12.752450759036146,0.0
52.418841009708736,12.752593373493976,0.0
52.418841009708736,12.752735987951809,0.0
52.418841009708736,12.75287860240964,0.0
52.418841009708736,12.75302121686747,0.0
52.418841009708736,12.753163831325303,0.0
52.418841009708736,12.753306445783133,0.0
52.418841009708736,12.753449060240964,0.0
52.418841009708736,12.753591674698797,0.0
52.418841009708736,12.753734289156627,0.0
52.418841009708736,12.753876903614458,0.0
52.418841009708736,12.75401951807229,0.0
52.418841009708736,12.754162132530121,0.0
52.418841009708736,12.754304746987952,0.0
52.418841009708736,12.754447361445784,0.0
52.418841009708736,12.754589975903615,0.0
52.418841009708736,12.754732590361446,0.0
52.418841009708736,12.754875204819278,0.0
52.418841009708736,12.755017819277109,0.0
52.418841009708736,12.75516043373494,0.0
52.418841009708736,12.755303048192772,0.0
52.418841009708736,12.755445662650603,0.0
52.418841009708736,12.755588277108435,0.0
52.418841009708736,12.755730891566266,0.0
52.418841009708736,12.755873506024097,0.0
52.418841009708736,12.75601612048193,0.0
52.418841009708736,12.75615873493976,0.0
52.418841009708736,12.75630134939759,0.0
52.418841009708736,12.756443963855423,0.0
52.418841009708736,12.756586578313254,0.0
52.418841009708736,12.756729192771084,0.0
52.418841009708736,12.756871807228917,0.0
52.418841009708736,12.757014421686748,0.0
52.418841009708736,12.757157036144578,0.0
52.418841009708736,12.75729965060241,0.0
52.418841009708736,12.757442265060241,0.0
52.418841009708736,12.757584879518072,0.0
52.418841009708736,12.757727493975905,0.0
52.418841009708736,12.757870108433735,0.0
52.418841009708736,12.758012722891566,0.0
52.418841009708736,12.758155337349399,0.0
52.418841009708736,12.75829795180723,0.0
52.418841009708736,12.758440566265062,0.0
52.418841009708736,12.758583180722892,0.0
52.418841009708736,12.758725795180723,0.0
52.418841009708736,12.758868409638556,0.0
52.418841009708736,12.759011024096386,0.0
52.418841009708736,12.759153638554217,0.0
52.418841009708736,12.75929625301205,0.0
52.418841009708736,12.75943886746988,0.0
52.418841009708736,12.759581481927711,0.0
52.418841009708736,12.759724096385543,0.0
52.418841009708736,12.759866710843374,0.0
52.418841009708736,12.760009325301205,0.0
52.418841009708736,12.760151939759037,0.0
52.418841009708736,12.760294554216868,0.0
52.418841009708736,12.760437168674699,0.0
52.418841009708736,12.760579783132531,0.0
52.418841009708736,12.760722397590362,0.0
52.418841009708736,12.760865012048193,0.0
52.418841009708736,12.761007626506025,0.0
52.418841009708736,12.761150240963856,0.0
52.418841009708736,12.761292855421688,0.0
52.418841009708736,12.761435469879519,0.0
52.418841009708736,12.76157808433735,0.0
52.418841009708736,12.761720698795182,0.0
52.418841009708736,12.761863313253013,0.0
52.418841009708736,12.762005927710844,0.0
52.418841009708736,12.762148542168676,0.0
52.418841009708736,12.762291156626507,0.0
52.418841009708736,12.762433771084337,0.0
52.418841009708736,12.76257638554217,0.0
52.418841009708736,12.762719,0.0
52.418933747572815,12.750882,0.0
52.418933747572815,12.751024614457831,0.0
52.418933747572815,12.751167228915664,0.0
52.418933747572815,12.751309843373495,0.0
52.418933747572815,12.751452457831325,0.0
52.418933747572815,12.751595072289158,0.0
52.418933747572815,12.751737686746988,0.0
52.418933747572815,12.75188030120482,0.0
52.418933747572815,12.752022915662652,0.0
52.418933747572815,12.752165530120482,0.0
52.418933747572815,12.752308144578313,0.0
52.418933747572815,12.752450759036146,0.0
52.418933747572815,12.752593373493976,0.0
52.418933747572815,12.752735987951809,0.0
52.418933747572815,12.75287860240964,0.0
52.418933747572815,12.75302121686747,0.0
52.418933747572815,12.753163831325303,0.0
52.418933747572815,12.753306445783133,0.0
52.418933747572815,12.753449060240964,0.0
52.418933747572815,12.753591674698797,0.0
52.418933747572815,12.753734289156627,0.0
52.418933747572815,12.753876903614458,0.0
52.418933747572815,12.75401951807229,0.0
52.418933747572815,12.754162132530121,0.0
52.418933747572815,12.754304746987952,0.0
52.418933747572815,12.754447361445784,0.0
52.418933747572815,12.754589975903615,0.0
52.418933747572815,12.754732590361446,0.0
52.418933747572815,12.754875204819278,0.0
52.418933747572815,12.755017819277109,0.0
52.418933747572815,12.75516043373494,0.0
52.418933747572815,12.755303048192772,0.0
52.418933747572815,12.755445662650603,0.0
52.418933747572815,12.755588277108435,0.0
52.418933747572815,12.755730891566266,0.0
52.418933747572815,12.755873506024097,0.0
52.418933747572815,12.75601612048193,0.0
52.418933747572815,12.75615873493976,0.0
52.418933747572815,12.75630134939759,0.0
52.418933747572815,12.756443963855423,0.0
52.418933747572815,12.756586578313254,0.0
52.418933747572815,12.756729192771084,0.0
52.418933747572815,12.756871807228917,0.0
52.418933747572815,12.757014421686748,0.0
52.418933747572815,12.757157036144578,0.0
52.418933747572815,12.75729965060241,0.0
52.418933747572815,12.757442265060241,0.0
52.418933747572815,12.757584879518072,0.0
52.418933747572815,12.757727493975905,0.0
52.418933747572815,12.757870108433735,0.0
52.418933747572815,12.758012722891566,0.0
52.418933747572815,12.758155337349399,0.0
52.418933747572815,12.75829795180723,0.0
52.418933747572815,12.758440566265062,0.0
52.418933747572815,12.758583180722892,0.0
52.418933747572815,12.758725795180723,0.0
52.418933747572815,12.758868409638556,0.0
52.418933747572815,12.759011024096386,0.0
52.418933747572815,12.759153638554217,0.0
52.418933747572815,12.75929625301205,0.0
52.418933747572815,12.75943886746988,0.0
52.418933747572815,12.759581481927711,0.0
52.418933747572815,12.759724096385543,0.0
52.418933747572815,12.759866710843374,0.0
52.418933747572815,12.760009325301205,0.0
52.418933747572815,12.760151939759037,0.0
52.418933747572815,12.760294554216868,0.0
52.418933747572815,12.760437168674699,0.0
52.418933747572815,12.760579783132531,0.0
52.418933747572815,12.760722397590362,0.0
52.418933747572815,12.760865012048193,0.0
52.418933747572815,12.761007626506025,0.0
52.418933747572815,12.761150240963856,0.0
52.418933747572815,12.761292855421688,0.0
52.418933747572815,12.761435469879519,0.0
52.418933747572815,12.76157808433735,0.0
52.418933747572815,12.761720698795182,0.0
52.418933747572815,12.761863313253013,0.0
52.418933747572815,12.762005927710844,0.0
52.418933747572815,12.762148542168676,0.0
52.418933747572815,12.762291156626507,0.0
52.418933747572815,12.762433771084337,0.0
52.418933747572815,12.76257638554217,0.0
52.418933747572815,12.762719,0.0
52.419026485436895,12.750882,0.0
52.419026485436895,12.751024614457831,0.0
52.419026485436895,12.751167228915664,0.0
52.419026485436895,12.751309843373495,0.0
52.419026485436895,12.751452457831325,0.0
52.419026485436895,12.751595072289158,0.0
52.419026485436895,12.751737686746988,0.0
52.419026485436895,12.75188030120482,0.0
52.419026485436895,12.752022915662652,0.0
52.419026485436895,12.752165530120482,0.0
52.419026485436895,12.752308144578313,0.0
52.419026485436895,12.752450759036146,0.0
52.419026485436895,12.752593373493976,0.0
52.419026485436895,12.752735987951809,0.0
52.419026485436895,12.75287860240964,0.0
52.419026485436895,12.75302121686747,0.0
52.419026485436895,12.753163831325303,0.0
52.419026485436895,12.753306445783133,0.0
52.419026485436895,12.753449060240964,0.0
52.419026485436895,12.753591674698797,0.0
52.419026485436895,12.753734289156627,0.0
52.419026485436895,12.753876903614458,0.0
52.419026485436895,12.75401951807229,0.0
52.419026485436895,12.754162132530121,0.0
52.419026485436895,12.754304746987952,0.0
52.419026485436895,12.754447361445784,0.0
52.419026485436895,12.754589975903615,0.0
52.419026485436895,12.754732590361446,0.0
52.419026485436895,12.754875204819278,0.0
52.419026485436895,12.755017819277109,0.0
52.419026485436895,12.75516043373494,0.0
52.419026485436895,12.755303048192772,0.0
52.419026485436895,12.755445662650603,0.0
52.419026485436895,12.755588277108435,0.0
52.419026485436895,12.755730891566266,0.0
52.419026485436895,12.755873506024097,0.0
52.419026485436895,12.75601612048193,0.0
52.419026485436895,12.75615873493976,0.0
52.419026485436895,12.75630134939759,0.0
52.419026485436895,12.756443963855423,0.0
52.419026485436895,12.756586578313254,0.0
52.419026485436895,12.756729192771084,0.0
52.419026485436895,12.756871807228917,0.0
52.419026485436895,12.757014421686748,0.0
52.419026485436895,12.757157036144578,0.0
52.419026485436895,12.75729965060241,0.0
52.419026485436895,12.757442265060241,0.0
52.419026485436895,12.757584879518072,0.0
52.419026485436895,12.757727493975905,0.0
52.419026485436895,12.757870108433735,0.0
52.419026485436895,12.758012722891566,0.0
52.419026485436895,12.758155337349399,0.0
52.419026485436895,12.75829795180723,0.0
52.419026485436895,12.758440566265062,0.0
52.419026485436895,12.758583180722892,0.0
52.419026485436895,12.758725795180723,0.0
52.419026485436895,12.758868409638556,0.0
52.419026485436895,12.759011024096386,0.0
52.419026485436895,12.759153638554217,0.0
52.419026485436895,12.75929625301205,0.0
52.419026485436895,12.75943886746988,0.0
52.419026485436895,12.759581481927711,0.0
52.419026485436895,12.759724096385543,0.0
52.419026485436895,12.759866710843374,0.0
52.419026485436895,12.760009325301205,0.0
52.419026485436895,12.760151939759037,0.0
52.419026485436895,12.760294554216868,0.0
52.419026485436895,12.760437168674699,0.0
52.419026485436895,12.760579783132531,0.0
52.419026485436895,12.760722397590362,0.0
52.419026485436895,12.760865012048193,0.0
52.419026485436895,12.761007626506025,0.0
52.419026485436895,12.761150240963856,0.0
52.419026485436895,12.761292855421688,0.0
52.419026485436895,12.761435469879519,0.0
52.419026485436895,12.76157808433735,0.0
52.419026485436895,12.761720698795182,0.0
52.419026485436895,12.761863313253013,0.0
52.419026485436895,12.762005927710844,0.0
52.419026485436895,12.762148542168676,0.0
52.419026485436895,12.762291156626507,0.0
52.419026485436895,12.762433771084337,0.0
52.419026485436895,12.76257638554217,0.0
52.419026485436895,12.762719,0.0
52.419119223300974,12.750882,0.0
52.419119223300974,12.751024614457831,0.0
52.419119223300974,12.751167228915664,0.0
52.419119223300974,12.751309843373495,0.0
52.419119223300974,12.751452457831325,0.0
52.419119223300974,12.751595072289158,0.0
52.419119223300974,12.751737686746988,0.0
52.419119223300974,12.75188030120482,0.0
52.419119223300974,12.752022915662652,0.0
52.419119223300974,12.752165530120482,0.0
52.419119223300974,12.752308144578313,0.0
52.419119223300974,12.752450759036146,0.0
52.419119223300974,12.752593373493976,0.0
52.419119223300974,12.752735987951809,0.0
52.419119223300974,12.75287860240964,0.0
52.419119223300974,12.75302121686747,0.0
52.419119223300974,12.753163831325303,0.0
52.419119223300974,12.753306445783133,0.0
52.419119223300974,12.753449060240964,0.0
52.419119223300974,12.753591674698797,0.0
52.419119223300974,12.753734289156627,0.0
52.419119223300974,12.753876903614458,0.0
52.419119223300974,12.75401951807229,0.0
52.419119223300974,12.754162132530121,0.0
52.419119223300974,12.754304746987952,0.0
52.419119223300974,12.754447361445784,0.0
52.419119223300974,12.754589975903615,0.0
52.419119223300974,12.754732590361446,0.0
52.419119223300974,12.754875204819278,0.0
52.419119223300974,12.755017819277109,0.0
52.419119223300974,12.75516043373494,0.0
52.419119223300974,12.755303048192772,0.0
52.419119223300974,12.755445662650603,0.0
52.419119223300974,12.755588277108435,0.0
52.419119223300974,12.755730891566266,0.0
52.419119223300974,12.755873506024097,0.0
52.419119223300974,12.75601612048193,0.0
52.419119223300974,12.75615873493976,0.0
52.419119223300974,12.75630134939759,0.0
52.419119223300974,12.756443963855423,0.0
52.419119223300974,12.756586578313254,0.0
52.419119223300974,12.756729192771084,0.0
52.419119223300974,12.756871807228917,0.0
52.419119223300974,12.757014421686748,0.0
52.419119223300974,12.757157036144578,0.0
52.419119223300974,12.75729965060241,0.0
52.419119223300974,12.757442265060241,0.0
52.419119223300974,12.757584879518072,0.0
52.419119223300974,12.757727493975905,0.0
52.419119223300974,12.757870108433735,0.0
52.419119223300974,12.758012722891566,0.0
52.419119223300974,12.758155337349399,0.0
52.419119223300974,12.75829795180723,0.0
52.419119223300974,12.758440566265062,0.0
52.419119223300974,12.758583180722892,0.0
52.419119223300974,12.758725795180723,0.0
52.419119223300974,12.758868409638556,0.0
52.419119223300974,12.759011024096386,0.0
52.419119223300974,12.759153638554217,0.0
52.419119223300974,12.75929625301205,0.0
52.419119223300974,12.75943886746988,0.0
52.419119223300974,12.759581481927711,0.0
52.419119223300974,12.759724096385543,0.0
52.419119223300974,12.759866710843374,0.0
52.419119223300974,12.760009325301205,0.0
52.419119223300974,12.760151939759037,0.0
52.419119223300974,12.760294554216868,0.0
52.419119223300974,12.760437168674699,0.0
52.419119223300974,12.760579783132531,0.0
52.419119223300974,12.760722397590362,0.0
52.419119223300974,12.760865012048193,0.0
52.419119223300974,12.761007626506025,0.0
52.419119223300974,12.761150240963856,0.0
52.419119223300974,12.761292855421688,0.0
52.419119223300974,12.761435469879519,0.0
52.419119223300974,12.76157808433735,0.0
52.419119223300974,12.761720698795182,0.0
52.419119223300974,12.761863313253013,0.0
52.419119223300974,12.762005927710844,0.0
52.419119223300974,12.762148542168676,0.0
52.419119223300974,12.762291156626507,0.0
52.419119223300974,12.762433771084337,0.0
52.419119223300974,12.76257638554217,0.0
52.419119223300974,12.762719,0.0
52.41921196116505,12.750882,0.0
52.41921196116505,12.751024614457831,0.0
52.41921196116505,12.751167228915664,0.0
52.41921196116505,12.751309843373495,0.0
52.41921196116505,12.751452457831325,0.0
52.41921196116505,12.751595072289158,0.0
52.41921196116505,12.751737686746988,0.0
52.41921196116505,12.75188030120482,0.0
52.41921196116505,12.752022915662652,0.0
52.41921196116505,12.752165530120482,0.0
52.41921196116505,12.752308144578313,0.0
52.41921196116505,12.752450759036146,0.0
52.41921196116505,12.752593373493976,0.0
52.41921196116505,12.752735987951809,0.0
52.41921196116505,12.75287860240964,0.0
52.41921196116505,12.75302121686747,0.0
52.41921196116505,12.753163831325303,0.0
52.41921196116505,12.753306445783133,0.0
52.41921196116505,12.753449060240964,0.0
52.41921196116505,12.753591674698797,0.0
52.41921196116505,12.753734289156627,0.0
52.41921196116505,12.753876903614458,0.0
52.41921196116505,12.75401951807229,0.0
52.41921196116505,12.754162132530121,0.0
52.41921196116505,12.754304746987952,0.0
52.41921196116505,12.754447361445784,0.0
52.41921196116505,12.754589975903615,0.0
52.41921196116505,12.754732590361446,0.0
52.41921196116505,12.754875204819278,0.0
52.41921196116505,12.755017819277109,0.0
52.41921196116505,12.75516043373494,0.0
52.41921196116505,12.755303048192772,0.0
52.41921196116505,12.755445662650603,0.0
52.41921196116505,12.755588277108435,0.0
52.41921196116505,12.755730891566266,0.0
52.41921196116505,12.755873506024097,0.0
52.41921196116505,12.75601612048193,0.0
52.41921196116505,12.75615873493976,0.0
52.41921196116505,12.75630134939759,0.0
52.41921196116505,12.756443963855423,0.0
52.41921196116505,12.756586578313254,0.0
52.41921196116505,12.756729192771084,0.0
52.41921196116505,12.756871807228917,0.0
52.41921196116505,12.757014421686748,0.0
52.41921196116505,12.757157036144578,0.0
52.41921196116505,12.75729965060241,0.0
52.41921196116505,12.757442265060241,0.0
52.41921196116505,12.757584879518072,0.0
52.41921196116505,12.757727493975905,0.0
52.41921196116505,12.757870108433735,0.0
52.41921196116505,12.758012722891566,0.0
52.41921196116505,12.758155337349399,0.0
52.41921196116505,12.75829795180723,0.0
52.41921196116505,12.758440566265062,0.0
52.41921196116505,12.758583180722892,0.0
52.41921196116505,12.758725795180723,0.0
52.41921196116505,12.758868409638556,0.0
52.41921196116505,12.759011024096386,0.0
52.41921196116505,12.759153638554217,0.0
52.41921196116505,12.75929625301205,0.0
52.41921196116505,12.75943886746988,0.0
52.41921196116505,12.759581481927711,0.0
52.41921196116505,12.759724096385543,0.0
52.41921196116505,12.759866710843374,0.0
52.41921196116505,12.760009325301205,0.0
52.41921196116505,12.760151939759037,0.0
52.41921196116505,12.760294554216868,0.0
52.41921196116505,12.760437168674699,0.0
52.41921196116505,12.760579783132531,0.0
52.41921196116505,12.760722397590362,0.0
52.41921196116505,12.760865012048193,0.0
52.41921196116505,12.761007626506025,0.0
52.41921196116505,12.761150240963856,0.0
52.41921196116505,12.761292855421688,0.0
52.41921196116505,12.761435469879519,0.0
52.41921196116505,12.76157808433735,0.0
52.41921196116505,12.761720698795182,0.0
52.41921196116505,12.761863313253013,0.0
52.41921196116505,12.762005927710844,0.0
52.41921196116505,12.762148542168676,0.0
52.41921196116505,12.762291156626507,0.0
52.41921196116505,12.762433771084337,0.0
52.41921196116505,12.76257638554217,0.0
52.41921196116505,12.762719,0.0
52.41930469902913,12.750882,0.0
52.41930469902913,12.751024614457831,0.0
52.41930469902913,12.751167228915664,0.0
52.41930469902913,12.751309843373495,0.0
52.41930469902913,12.751452457831325,0.0
52.41930469902913,12.751595072289158,0.0
52.41930469902913,12.751737686746988,0.0
52.41930469902913,12.75188030120482,0.0
52.41930469902913,12.752022915662652,0.0
52.41930469902913,12.752165530120482,0.0
52.41930469902913,12.752308144578313,0.0
52.41930469902913,12.752450759036146,0.0
52.41930469902913,12.752593373493976,0.0
52.41930469902913,12.752735987951809,0.0
52.41930469902913,12.75287860240964,0.0
52.41930469902913,12.75302121686747,0.0
52.41930469902913,12.753163831325303,0.0
52.41930469902913,12.753306445783133,0.0
52.41930469902913,12.753449060240964,0.0
52.41930469902913,12.753591674698797,0.0
52.41930469902913,12.753734289156627,0.0
52.41930469902913,12.753876903614458,0.0
52.41930469902913,12.75401951807229,0.0
52.41930469902913,12.754162132530121,0.0
52.41930469902913,12.754304746987952,0.0
52.41930469902913,12.754447361445784,0.0
52.41930469902913,12.754589975903615,0.0
52.41930469902913,12.754732590361446,0.0
52.41930469902913,12.754875204819278,0.0
52.41930469902913,12.755017819277109,0.0
52.41930469902913,12.75516043373494,0.0
52.41930469902913,12.755303048192772,0.0
52.41930469902913,12.755445662650603,0.0
52.41930469902913,12.755588277108435,0.0
52.41930469902913,12.755730891566266,0.0
52.41930469902913,12.755873506024097,0.0
52.41930469902913,12.75601612048193,0.0
52.41930469902913,12.75615873493976,0.0
52.41930469902913,12.75630134939759,0.0
52.41930469902913,12.756443963855423,0.0
52.41930469902913,12.756586578313254,0.0
52.41930469902913,12.756729192771084,0.0
52.41930469902913,12.756871807228917,0.0
52.41930469902913,12.757014421686748,0.0
52.41930469902913,12.757157036144578,0.0
52.41930469902913,12.75729965060241,0.0
52.41930469902913,12.757442265060241,0.0
52.41930469902913,12.757584879518072,0.0
52.41930469902913,12.757727493975905,0.0
52.41930469902913,12.757870108433735,0.0
52.41930469902913,12.758012722891566,0.0
52.41930469902913,12.758155337349399,0.0
52.41930469902913,12.75829795180723,0.0
52.41930469902913,12.758440566265062,0.0
52.41930469902913,12.758583180722892,0.0
52.41930469902913,12.758725795180723,0.0
52.41930469902913,12.758868409638556,0.0
52.41930469902913,12.759011024096386,0.0
52.41930469902913,12.759153638554217,0.0
52.41930469902913,12.75929625301205,0.0
52.41930469902913,12.75943886746988,0.0
52.41930469902913,12.759581481927711,0.0
52.41930469902913,12.759724096385543,0.0
52.41930469902913,12.759866710843374,0.0
52.41930469902913,12.760009325301205,0.0
52.41930469902913,12.760151939759037,0.0
52.41930469902913,12.760294554216868,0.0
52.41930469902913,12.760437168674699,0.0
52.41930469902913,12.760579783132531,0.0
52.41930469902913,12.760722397590362,0.0
52.41930469902913,12.760865012048193,0.0
52.41930469902913,12.761007626506025,0.0
52.41930469902913,12.761150240963856,0.0
52.41930469902913,12.761292855421688,0.0
52.41930469902913,12.761435469879519,0.0
52.41930469902913,12.76157808433735,0.0
52.41930469902913,12.761720698795182,0.0
52.41930469902913,12.761863313253013,0.0
52.41930469902913,12.762005927710844,0.0
52.41930469902913,12.762148542168676,0.0
52.41930469902913,12.762291156626507,0.0
52.41930469902913,12.762433771084337,0.0
52.41930469902913,12.76257638554217,0.0
52.41930469902913,12.762719,0.0
52.419397436893206,12.750882,0.0
52.419397436893206,12.751024614457831,0.0
52.419397436893206,12.751167228915664,0.0
52.419397436893206,12.751309843373495,0.0
52.419397436893206,12.751452457831325,0.0
52.419397436893206,12.751595072289158,0.0
52.419397436893206,12.751737686746988,0.0
52.419397436893206,12.75188030120482,0.0
52.419397436893206,12.752022915662652,0.0
52.419397436893206,12.752165530120482,0.0
52.419397436893206,12.752308144578313,0.0
52.419397436893206,12.752450759036146,0.0
52.419397436893206,12.752593373493976,0.0
52.419397436893206,12.752735987951809,0.0
52.419397436893206,12.75287860240964,0.0
52.419397436893206,12.75302121686747,0.0
52.419397436893206,12.753163831325303,0.0
52.419397436893206,12.753306445783133,0.0
52.419397436893206,12.753449060240964,0.0
52.419397436893206,12.753591674698797,0.0
52.419397436893206,12.753734289156627,0.0
52.419397436893206,12.753876903614458,0.0
52.419397436893206,12.75401951807229,0.0
52.419397436893206,12.754162132530121,0.0
52.419397436893206,12.754304746987952,0.0
52.419397436893206,12.754447361445784,0.0
52.419397436893206,12.754589975903615,0.0
52.419397436893206,12.754732590361446,0.0
52.419397436893206,12.754875204819278,0.0
52.419397436893206,12.755017819277109,0.0
52.419397436893206,12.75516043373494,0.0
52.419397436893206,12.755303048192772,0.0
52.419397436893206,12.755445662650603,0.0
52.419397436893206,12.755588277108435,0.0
52.419397436893206,12.755730891566266,0.0
52.419397436893206,12.755873506024097,0.0
52.419397436893206,12.75601612048193,0.0
52.419397436893206,12.75615873493976,0.0
52.419397436893206,12.75630134939759,0.0
52.419397436893206,12.756443963855423,0.0
52.419397436893206,12.756586578313254,0.0
52.419397436893206,12.756729192771084,0.0
52.419397436893206,12.756871807228917,0.0
52.419397436893206,12.757014421686748,0.0
52.419397436893206,12.757157036144578,0.0
52.419397436893206,12.75729965060241,0.0
52.419397436893206,12.757442265060241,0.0
52.419397436893206,12.757584879518072,0.0
52.419397436893206,12.757727493975905,0.0
52.419397436893206,12.757870108433735,0.0
52.419397436893206,12.758012722891566,0.0
52.419397436893206,12.758155337349399,0.0
52.419397436893206,12.75829795180723,0.0
52.419397436893206,12.758440566265062,0.0
52.419397436893206,12.758583180722892,0.0
52.419397436893206,12.758725795180723,0.0
52.419397436893206,12.758868409638556,0.0
52.419397436893206,12.759011024096386,0.0
52.419397436893206,12.759153638554217,0.0
52.419397436893206,12.75929625301205,0.0
52.419397436893206,12.75943886746988,0.0
52.419397436893206,12.759581481927711,0.0
52.419397436893206,12.759724096385543,0.0
52.419397436893206,12.759866710843374,0.0
52.419397436893206,12.760009325301205,0.0
52.419397436893206,12.760151939759037,0.0
52.419397436893206,12.760294554216868,0.0
52.419397436893206,12.760437168674699,0.0
52.419397436893206,12.760579783132531,0.0
52.419397436893206,12.760722397590362,0.0
52.419397436893206,12.760865012048193,0.0
52.419397436893206,12.761007626506025,0.0
52.419397436893206,12.761150240963856,0.0
52.419397436893206,12.761292855421688,0.0
52.419397436893206,12.761435469879519,0.0
52.419397436893206,12.76157808433735,0.0
52.419397436893206,12.761720698795182,0.0
52.419397436893206,12.761863313253013,0.0
52.419397436893206,12.762005927710844,0.0
52.419397436893206,12.762148542168676,0.0
52.419397436893206,12.762291156626507,0.0
52.419397436893206,12.762433771084337,0.0
52.419397436893206,12.76257638554217,0.0
52.419397436893206,12.762719,0.0
52.419490174757286,12.750882,0.0
52.419490174757286,12.751024614457831,0.0
52.419490174757286,12.751167228915664,0.0
52.419490174757286,12.751309843373495,0.0
52.419490174757286,12.751452457831325,0.0
52.419490174757286,12.751595072289158,0.0
52.419490174757286,12.751737686746988,0.0
52.419490174757286,12.75188030120482,0.0
52.419490174757286,12.752022915662652,0.0
52.419490174757286,12.752165530120482,0.0
52.419490174757286,12.752308144578313,0.0
52.419490174757286,12.752450759036146,0.0
52.419490174757286,12.752593373493976,0.0
52.419490174757286,12.752735987951809,0.0
52.419490174757286,12.75287860240964,0.0
52.419490174757286,12.75302121686747,0.0
52.419490174757286,12.753163831325303,0.0
52.419490174757286,12.753306445783133,0.0
52.419490174757286,12.753449060240964,0.0
52.419490174757286,12.753591674698797,0.0
52.419490174757286,12.753734289156627,0.0
52.419490174757286,12.753876903614458,0.0
52.419490174757286,12.75401951807229,0.0
52.419490174757286,12.754162132530121,0.0
52.419490174757286,12.754304746987952,0.0
52.419490174757286,12.754447361445784,0.0
52.419490174757286,12.754589975903615,0.0
52.419490174757286,12.754732590361446,0.0
52.419490174757286,12.754875204819278,0.0
52.419490174757286,12.755017819277109,0.0
52.419490174757286,12.75516043373494,0.0
52.419490174757286,12.755303048192772,0.0
52.419490174757286,12.755445662650603,0.0
52.419490174757286,12.755588277108435,0.0
52.419490174757286,12.755730891566266,0.0
52.419490174757286,12.755873506024097,0.0
52.419490174757286,12.75601612048193,0.0
52.419490174757286,12.75615873493976,0.0
52.419490174757286,12.75630134939759,0.0
52.419490174757286,12.756443963855423,0.0
52.419490174757286,12.756586578313254,0.0
52.419490174757286,12.756729192771084,0.0
52.419490174757286,12.756871807228917,0.0
52.419490174757286,12.757014421686748,0.0
52.419490174757286,12.757157036144578,0.0
52.419490174757286,12.75729965060241,0.0
52.419490174757286,12.757442265060241,0.0
52.419490174757286,12.757584879518072,0.0
52.419490174757286,12.757727493975905,0.0
52.419490174757286,12.757870108433735,0.0
52.419490174757286,12.758012722891566,0.0
52.419490174757286,12.758155337349399,0.0
52.419490174757286,12.75829795180723,0.0
52.419490174757286,12.758440566265062,0.0
52.419490174757286,12.758583180722892,0.0
52.419490174757286,12.758725795180723,0.0
52.419490174757286,12.758868409638556,0.0
52.419490174757286,12.759011024096386,0.0
52.419490174757286,12.759153638554217,0.0
52.419490174757286,12.75929625301205,0.0
52.419490174757286,12.75943886746988,0.0
52.419490174757286,12.759581481927711,0.0
52.419490174757286,12.759724096385543,0.0
52.419490174757286,12.759866710843374,0.0
52.419490174757286,12.760009325301205,0.0
52.419490174757286,12.760151939759037,0.0
52.419490174757286,12.760294554216868,0.0
52.419490174757286,12.760437168674699,0.0
52.419490174757286,12.760579783132531,0.0
52.419490174757286,12.760722397590362,0.0
52.419490174757286,12.760865012048193,0.0
52.419490174757286,12.761007626506025,0.0
52.419490174757286,12.761150240963856,0.0
52.419490174757286,12.761292855421688,0.0
52.419490174757286,12.761435469879519,0.0
52.419490174757286,12.76157808433735,0.0
52.419490174757286,12.761720698795182,0.0
52.419490174757286,12.761863313253013,0.0
52.419490174757286,12.762005927710844,0.0
52.419490174757286,12.762148542168676,0.0
52.419490174757286,12.762291156626507,0.0
52.419490174757286,12.762433771084337,0.0
52.419490174757286,12.76257638554217,0.0
52.419490174757286,12.762719,0.0
52.41958291262136,12.750882,0.0
52.41958291262136,12.751024614457831,0.0
52.41958291262136,12.751167228915664,0.0
52.41958291262136,12.751309843373495,0.0
52.41958291262136,12.751452457831325,0.0
52.41958291262136,12.751595072289158,0.0
52.41958291262136,12.751737686746988,0.0
52.41958291262136,12.75188030120482,0.0
52.41958291262136,12.752022915662652,0.0
52.41958291262136,12.752165530120482,0.0
52.41958291262136,12.752308144578313,0.0
52.41958291262136,12.752450759036146,0.0
52.41958291262136,12.752593373493976,0.0
52.41958291262136,12.752735987951809,0.0
52.41958291262136,12.75287860240964,0.0
52.41958291262136,12.75302121686747,0.0
52.41958291262136,12.753163831325303,0.0
52.41958291262136,12.753306445783133,0.0
52.41958291262136,12.753449060240964,0.0
52.41958291262136,12.753591674698797,0.0
52.41958291262136,12.753734289156627,0.0
52.41958291262136,12.753876903614458,0.0
52.41958291262136,12.75401951807229,0.0
52.41958291262136,12.754162132530121,0.0
52.41958291262136,12.754304746987952,0.0
52.41958291262136,12.754447361445784,0.0
52.41958291262136,12.754589975903615,0.0
52.41958291262136,12.754732590361446,0.0
52.41958291262136,12.754875204819278,0.0
52.41958291262136,12.755017819277109,0.0
52.41958291262136,12.75516043373494,0.0
52.41958291262136,12.755303048192772,0.0
52.41958291262136,12.755445662650603,0.0
52.41958291262136,12.755588277108435,0.0
52.41958291262136,12.755730891566266,0.0
52.41958291262136,12.755873506024097,0.0
52.41958291262136,12.75601612048193,0.0
52.41958291262136,12.75615873493976,0.0
52.41958291262136,12.75630134939759,0.0
52.41958291262136,12.756443963855423,0.0
52.41958291262136,12.756586578313254,0.0
52.41958291262136,12.756729192771084,0.0
52.41958291262136,12.756871807228917,0.0
52.41958291262136,12.757014421686748,0.0
52.41958291262136,12.757157036144578,0.0
52.41958291262136,12.75729965060241,0.0
52.41958291262136,12.757442265060241,0.0
52.41958291262136,12.757584879518072,0.0
52.41958291262136,12.757727493975905,0.0
52.41958291262136,12.757870108433735,0.0
52.41958291262136,12.758012722891566,0.0
52.41958291262136,12.758155337349399,0.0
52.41958291262136,12.75829795180723,0.0
52.41958291262136,12.758440566265062,0.0
52.41958291262136,12.758583180722892,0.0
52.41958291262136,12.758725795180723,0.0
52.41958291262136,12.758868409638556,0.0
52.41958291262136,12.759011024096386,0.0
52.41958291262136,12.759153638554217,0.0
52.41958291262136,12.75929625301205,0.0
52.41958291262136,12.75943886746988,0.0
52.41958291262136,12.759581481927711,0.0
52.41958291262136,12.759724096385543,0.0
52.41958291262136,12.759866710843374,0.0
52.41958291262136,12.760009325301205,0.0
52.41958291262136,12.760151939759037,0.0
52.41958291262136,12.760294554216868,0.0
52.41958291262136,12.760437168674699,0.0
52.41958291262136,12.760579783132531,0.0
52.41958291262136,12.760722397590362,0.0
52.41958291262136,12.760865012048193,0.0
52.41958291262136,12.761007626506025,0.0
52.41958291262136,12.761150240963856,0.0
52.41958291262136,12.761292855421688,0.0
52.41958291262136,12.761435469879519,0.0
52.41958291262136,12.76157808433735,0.0
52.41958291262136,12.761720698795182,0.0
52.41958291262136,12.761863313253013,0.0
52.41958291262136,12.762005927710844,0.0
52.41958291262136,12.762148542168676,0.0
52.41958291262136,12.762291156626507,0.0
52.41958291262136,12.762433771084337,0.0
52.41958291262136,12.76257638554217,0.0
52.41958291262136,12.762719,0.0
52.41967565048544,12.750882,0.0
52.41967565048544,12.751024614457831,0.0
52.41967565048544,12.751167228915664,0.0
52.41967565048544,12.751309843373495,0.0
52.41967565048544,12.751452457831325,0.0
52.41967565048544,12.751595072289158,0.0
52.41967565048544,12.751737686746988,0.0
52.41967565048544,12.75188030120482,0.0
52.41967565048544,12.752022915662652,0.0
52.41967565048544,12.752165530120482,0.0
52.41967565048544,12.752308144578313,0.0
52.41967565048544,12.752450759036146,0.0
52.41967565048544,12.752593373493976,0.0
52.41967565048544,12.752735987951809,0.0
52.41967565048544,12.75287860240964,0.0
52.41967565048544,12.75302121686747,0.0
52.41967565048544,12.753163831325303,0.0
52.41967565048544,12.753306445783133,0.0
52.41967565048544,12.753449060240964,0.0
52.41967565048544,12.753591674698797,0.0
52.41967565048544,12.753734289156627,0.0
52.41967565048544,12.753876903614458,0.0
52.41967565048544,12.75401951807229,0.0
52.41967565048544,12.754162132530121,0.0
52.41967565048544,12.754304746987952,0.0
52.41967565048544,12.754447361445784,0.0
52.41967565048544,12.754589975903615,0.0
52.41967565048544,12.754732590361446,0.0
52.41967565048544,12.754875204819278,0.0
52.41967565048544,12.755017819277109,0.0
52.41967565048544,12.75516043373494,0.0
52.41967565048544,12.755303048192772,0.0
52.41967565048544,12.755445662650603,0.0
52.41967565048544,12.755588277108435,0.0
52.41967565048544,12.755730891566266,0.0
52.41967565048544,12.755873506024097,0.0
52.41967565048544,12.75601612048193,0.0
52.41967565048544,12.75615873493976,0.0
52.41967565048544,12.75630134939759,0.0
52.41967565048544,12.756443963855423,0.0
52.41967565048544,12.756586578313254,0.0
52.41967565048544,12.756729192771084,0.0
52.41967565048544,12.756871807228917,0.0
52.41967565048544,12.757014421686748,0.0
52.41967565048544,12.757157036144578,0.0
52.41967565048544,12.75729965060241,0.0
52.41967565048544,12.757442265060241,0.0
52.41967565048544,12.757584879518072,0.0
52.41967565048544,12.757727493975905,0.0
52.41967565048544,12.757870108433735,0.0
52.41967565048544,12.758012722891566,0.0
52.41967565048544,12.758155337349399,0.0
52.41967565048544,12.75829795180723,0.0
52.41967565048544,12.758440566265062,0.0
52.41967565048544,12.758583180722892,0.0
52.41967565048544,12.758725795180723,0.0
52.41967565048544,12.758868409638556,0.0
52.41967565048544,12.759011024096386,0.0
52.41967565048544,12.759153638554217,0.0
52.41967565048544,12.75929625301205,0.0
52.41967565048544,12.75943886746988,0.0
52.41967565048544,12.759581481927711,0.0
52.41967565048544,12.759724096385543,0.0
52.41967565048544,12.759866710843374,0.0
52.41967565048544,12.760009325301205,0.0
52.41967565048544,12.760151939759037,0.0
52.41967565048544,12.760294554216868,0.0
52.41967565048544,12.760437168674699,0.0
52.41967565048544,12.760579783132531,0.0
52.41967565048544,12.760722397590362,0.0
52.41967565048544,12.760865012048193,0.0
52.41967565048544,12.761007626506025,0.0
52.41967565048544,12.761150240963856,0.0
52.41967565048544,12.761292855421688,0.0
52.41967565048544,12.761435469879519,0.0
52.41967565048544,12.76157808433735,0.0
52.41967565048544,12.761720698795182,0.0
52.41967565048544,12.761863313253013,0.0
52.41967565048544,12.762005927710844,0.0
52.41967565048544,12.762148542168676,0.0
52.41967565048544,12.762291156626507,0.0
52.41967565048544,12.762433771084337,0.0
52.41967565048544,12.76257638554217,0.0
52.41967565048544,12.762719,0.0
52.41976838834952,12.750882,0.0
52.41976838834952,12.751024614457831,0.0
52.41976838834952,12.751167228915664,0.0
52.41976838834952,12.751309843373495,0.0
52.41976838834952,12.751452457831325,0.0
52.41976838834952,12.751595072289158,0.0
52.41976838834952,12.751737686746988,0.0
52.41976838834952,12.75188030120482,0.0
52.41976838834952,12.752022915662652,0.0
52.41976838834952,12.752165530120482,0.0
52.41976838834952,12.752308144578313,0.0
52.41976838834952,12.752450759036146,0.0
52.41976838834952,12.752593373493976,0.0
52.41976838834952,12.752735987951809,0.0
52.41976838834952,12.75287860240964,0.0
52.41976838834952,12.75302121686747,0.0
52.41976838834952,12.753163831325303,0.0
52.41976838834952,12.753306445783133,0.0
52.41976838834952,12.753449060240964,0.0
52.41976838834952,12.753591674698797,0.0
52.41976838834952,12.753734289156627,0.0
52.41976838834952,12.753876903614458,0.0
52.41976838834952,12.75401951807229,0.0
52.41976838834952,12.754162132530121,0.0
52.41976838834952,12.754304746987952,0.0
52.41976838834952,12.754447361445784,0.0
52.41976838834952,12.754589975903615,0.0
52.41976838834952,12.754732590361446,0.0
52.41976838834952,12.754875204819278,0.0
52.41976838834952,12.755017819277109,0.0
52.41976838834952,12.75516043373494,0.0
52.41976838834952,12.755303048192772,0.0
52.41976838834952,12.755445662650603,0.0
52.41976838834952,12.755588277108435,0.0
52.41976838834952,12.755730891566266,0.0
52.41976838834952,12.755873506024097,0.0
52.41976838834952,12.75601612048193,0.0
52.41976838834952,12.75615873493976,0.0
52.41976838834952,12.75630134939759,0.0
52.41976838834952,12.756443963855423,0.0
52.41976838834952,12.756586578313254,0.0
52.41976838834952,12.756729192771084,0.0
52.41976838834952,12.756871807228917,0.0
52.41976838834952,12.757014421686748,0.0
52.41976838834952,12.757157036144578,0.0
52.41976838834952,12.75729965060241,0.0
52.41976838834952,12.757442265060241,0.0
52.41976838834952,12.757584879518072,0.0
52.41976838834952,12.757727493975905,0.0
52.41976838834952,12.757870108433735,0.0
52.41976838834952,12.758012722891566,0.0
52.41976838834952,12.758155337349399,0.0
52.41976838834952,12.75829795180723,0.0
52.41976838834952,12.758440566265062,0.0
52.41976838834952,12.758583180722892,0.0
52.41976838834952,12.758725795180723,0.0
52.41976838834952,12.758868409638556,0.0
52.41976838834952,12.759011024096386,0.0
52.41976838834952,12.759153638554217,0.0
52.41976838834952,12.75929625301205,0.0
52.41976838834952,12.75943886746988,0.0
52.41976838834952,12.759581481927711,0.0
52.41976838834952,12.759724096385543,0.0
52.41976838834952,12.759866710843374,0.0
52.41976838834952,12.760009325301205,0.0
52.41976838834952,12.760151939759037,0.0
52.41976838834952,12.760294554216868,0.0
52.41976838834952,12.760437168674699,0.0
52.41976838834952,12.760579783132531,0.0
52.41976838834952,12.760722397590362,0.0
52.41976838834952,12.760865012048193,0.0
52.41976838834952,12.761007626506025,0.0
52.41976838834952,12.761150240963856,0.0
52.41976838834952,12.761292855421688,0.0
52.41976838834952,12.761435469879519,0.0
52.41976838834952,12.76157808433735,0.0
52.41976838834952,12.761720698795182,0.0
52.41976838834952,12.761863313253013,0.0
52.41976838834952,12.762005927710844,0.0
52.41976838834952,12.762148542168676,0.0
52.41976838834952,12.762291156626507,0.0
52.41976838834952,12.762433771084337,0.0
52.41976838834952,12.76257638554217,0.0
52.41976838834952,12.762719,0.0
52.41986112621359,12.750882,0.0
52.41986112621359,12.751024614457831,0.0
52.41986112621359,12.751167228915664,0.0
52.41986112621359,12.751309843373495,0.0
52.41986112621359,12.751452457831325,0.0
52.41986112621359,12.751595072289158,0.0
52.41986112621359,12.751737686746988,0.0
52.41986112621359,12.75188030120482,0.0
52.41986112621359,12.752022915662652,0.0
52.41986112621359,12.752165530120482,0.0
52.41986112621359,12.752308144578313,0.0
52.41986112621359,12.752450759036146,0.0
52.41986112621359,12.752593373493976,0.0
52.41986112621359,12.752735987951809,0.0
52.41986112621359,12.75287860240964,0.0
52.41986112621359,12.75302121686747,0.0
52.41986112621359,12.753163831325303,0.0
52.41986112621359,12.753306445783133,0.0
52.41986112621359,12.753449060240964,0.0
52.41986112621359,12.753591674698797,0.0
52.41986112621359,12.753734289156627,0.0
52.41986112621359,12.753876903614458,0.0
52.41986112621359,12.75401951807229,0.0
52.41986112621359,12.754162132530121,0.0
52.41986112621359,12.754304746987952,0.0
52.41986112621359,12.754447361445784,0.0
52.41986112621359,12.754589975903615,0.0
52.41986112621359,12.754732590361446,0.0
52.41986112621359,12.754875204819278,0.0
52.41986112621359,12.755017819277109,0.0
52.41986112621359,12.75516043373494,0.0
52.41986112621359,12.755303048192772,0.0
52.41986112621359,12.755445662650603,0.0
52.41986112621359,12.755588277108435,0.0
52.41986112621359,12.755730891566266,0.0
52.41986112621359,12.755873506024097,0.0
52.41986112621359,12.75601612048193,0.0
52.41986112621359,12.75615873493976,0.0
52.41986112621359,12.75630134939759,0.0
52.41986112621359,12.756443963855423,0.0
52.41986112621359,12.756586578313254,0.0
52.41986112621359,12.756729192771084,0.0
52.41986112621359,12.756871807228917,0.0
52.41986112621359,12.757014421686748,0.0
52.41986112621359,12.757157036144578,0.0
52.41986112621359,12.75729965060241,0.0
52.41986112621359,12.757442265060241,0.0
52.41986112621359,12.757584879518072,0.0
52.41986112621359,12.757727493975905,0.0
52.41986112621359,12.757870108433735,0.0
52.41986112621359,12.758012722891566,0.0
52.41986112621359,12.758155337349399,0.0
52.41986112621359,12.75829795180723,0.0
52.41986112621359,12.758440566265062,0.0
52.41986112621359,12.758583180722892,0.0
52.41986112621359,12.758725795180723,0.0
52.41986112621359,12.758868409638556,0.0
52.41986112621359,12.759011024096386,0.0
52.41986112621359,12.759153638554217,0.0
52.41986112621359,12.75929625301205,0.0
52.41986112621359,12.75943886746988,0.0
52.41986112621359,12.759581481927711,0.0
52.41986112621359,12.759724096385543,0.0
52.41986112621359,12.759866710843374,0.0
52.41986112621359,12.760009325301205,0.0
52.41986112621359,12.760151939759037,0.0
52.41986112621359,12.760294554216868,0.0
52.41986112621359,12.760437168674699,0.0
52.41986112621359,12.760579783132531,0.0
52.41986112621359,12.760722397590362,0.0
52.41986112621359,12.760865012048193,0.0
52.41986112621359,12.761007626506025,0.0
52.41986112621359,12.761150240963856,0.0
52.41986112621359,12.761292855421688,0.0
52.41986112621359,12.761435469879519,0.0
52.41986112621359,12.76157808433735,0.0
52.41986112621359,12.761720698795182,0.0
52.41986112621359,12.761863313253013,0.0
52.41986112621359,12.762005927710844,0.0
52.41986112621359,12.762148542168676,0.0
52.41986112621359,12.762291156626507,0.0
52.41986112621359,12.762433771084337,0.0
52.41986112621359,12.76257638554217,0.0
52.41986112621359,12.762719,0.0
52.41995386407767,12.750882,0.0
52.41995386407767,12.751024614457831,0.0
52.41995386407767,12.751167228915664,0.0
52.41995386407767,12.751309843373495,0.0
52.41995386407767,12.751452457831325,0.0
52.41995386407767,12.751595072289158,0.0
52.41995386407767,12.751737686746988,0.0
52.41995386407767,12.75188030120482,0.0
52.41995386407767,12.752022915662652,0.0
52.41995386407767,12.752165530120482,0.0
52.41995386407767,12.752308144578313,0.0
52.41995386407767,12.752450759036146,0.0
52.41995386407767,12.752593373493976,0.0
52.41995386407767,12.752735987951809,0.0
52.41995386407767,12.75287860240964,0.0
52.41995386407767,12.75302121686747,0.0
52.41995386407767,12.753163831325303,0.0
52.41995386407767,12.753306445783133,0.0
52.41995386407767,12.753449060240964,0.0
52.41995386407767,12.753591674698797,0.0
52.41995386407767,12.753734289156627,0.0
52.41995386407767,12.753876903614458,0.0
52.41995386407767,12.75401951807229,0.0
52.41995386407767,12.754162132530121,0.0
52.41995386407767,12.754304746987952,0.0
52.41995386407767,12.754447361445784,0.0
52.41995386407767,12.754589975903615,0.0
52.41995386407767,12.754732590361446,0.0
52.41995386407767,12.754875204819278,0.0
52.41995386407767,12.755017819277109,0.0
52.41995386407767,12.75516043373494,0.0
52.41995386407767,12.755303048192772,0.0
52.41995386407767,12.755445662650603,0.0
52.41995386407767,12.755588277108435,0.0
52.41995386407767,12.755730891566266,0.0
52.41995386407767,12.755873506024097,0.0
52.41995386407767,12.75601612048193,0.0
52.41995386407767,12.75615873493976,0.0
52.41995386407767,12.75630134939759,0.0
52.41995386407767,12.756443963855423,0.0
52.41995386407767,12.756586578313254,0.0
52.41995386407767,12.756729192771084,0.0
52.41995386407767,12.756871807228917,0.0
52.41995386407767,12.757014421686748,0.0
52.41995386407767,12.757157036144578,0.0
52.41995386407767,12.75729965060241,0.0
52.41995386407767,12.757442265060241,0.0
52.41995386407767,12.757584879518072,0.0
52.41995386407767,12.757727493975905,0.0
52.41995386407767,12.757870108433735,0.0
52.41995386407767,12.758012722891566,0.0
52.41995386407767,12.758155337349399,0.0
52.41995386407767,12.75829795180723,0.0
52.41995386407767,12.758440566265062,0.0
52.41995386407767,12.758583180722892,0.0
52.41995386407767,12.758725795180723,0.0
52.41995386407767,12.758868409638556,0.0
52.41995386407767,12.759011024096386,0.0
52.41995386407767,12.759153638554217,0.0
52.41995386407767,12.75929625301205,0.0
52.41995386407767,12.75943886746988,0.0
52.41995386407767,12.759581481927711,0.0
52.41995386407767,12.759724096385543,0.0
52.41995386407767,12.759866710843374,0.0
52.41995386407767,12.760009325301205,0.0
52.41995386407767,12.760151939759037,0.0
52.41995386407767,12.760294554216868,0.0
52.41995386407767,12.760437168674699,0.0
52.41995386407767,12.760579783132531,0.0
52.41995386407767,12.760722397590362,0.0
52.41995386407767,12.760865012048193,0.0
52.41995386407767,12.761007626506025,0.0
52.41995386407767,12.761150240963856,0.0
52.41995386407767,12.761292855421688,0.0
52.41995386407767,12.761435469879519,0.0
52.41995386407767,12.76157808433735,0.0
52.41995386407767,12.761720698795182,0.0
52.41995386407767,12.761863313253013,0.0
52.41995386407767,12.762005927710844,0.0
52.41995386407767,12.762148542168676,0.0
52.41995386407767,12.762291156626507,0.0
52.41995386407767,12.762433771084337,0.0
52.41995386407767,12.76257638554217,0.0
52.41995386407767,12.762719,0.0
52.42004660194175,12.750882,0.0
52.42004660194175,12.751024614457831,0.0
52.42004660194175,12.751167228915664,0.0
52.42004660194175,12.751309843373495,0.0
52.42004660194175,12.751452457831325,0.0
52.42004660194175,12.751595072289158,0.0
52.42004660194175,12.751737686746988,0.0
52.42004660194175,12.75188030120482,0.0
52.42004660194175,12.752022915662652,0.0
52.42004660194175,12.752165530120482,0.0
52.42004660194175,12.752308144578313,0.0
52.42004660194175,12.752450759036146,0.0
52.42004660194175,12.752593373493976,0.0
52.42004660194175,12.752735987951809,0.0
52.42004660194175,12.75287860240964,0.0
52.42004660194175,12.75302121686747,0.0
52.42004660194175,12.753163831325303,0.0
52.42004660194175,12.753306445783133,0.0
52.42004660194175,12.753449060240964,0.0
52.42004660194175,12.753591674698797,0.0
52.42004660194175,12.753734289156627,0.0
52.42004660194175,12.753876903614458,0.0
52.42004660194175,12.75401951807229,0.0
52.42004660194175,12.754162132530121,0.0
52.42004660194175,12.754304746987952,0.0
52.42004660194175,12.754447361445784,0.0
52.42004660194175,12.754589975903615,0.0
52.42004660194175,12.754732590361446,0.0
52.42004660194175,12.754875204819278,0.0
52.42004660194175,12.755017819277109,0.0
52.42004660194175,12.75516043373494,0.0
52.42004660194175,12.755303048192772,0.0
52.42004660194175,12.755445662650603,0.0
52.42004660194175,12.755588277108435,0.0
52.42004660194175,12.755730891566266,0.0
52.42004660194175,12.755873506024097,0.0
52.42004660194175,12.75601612048193,0.0
52.42004660194175,12.75615873493976,0.0
52.42004660194175,12.75630134939759,0.0
52.42004660194175,12.756443963855423,0.0
52.42004660194175,12.756586578313254,0.0
52.42004660194175,12.756729192771084,0.0
52.42004660194175,12.756871807228917,0.0
52.42004660194175,12.757014421686748,0.0
52.42004660194175,12.757157036144578,0.0
52.42004660194175,12.75729965060241,0.0
52.42004660194175,12.757442265060241,0.0
52.42004660194175,12.757584879518072,0.0
52.42004660194175,12.757727493975905,0.0
52.42004660194175,12.757870108433735,0.0
52.42004660194175,12.758012722891566,0.0
52.42004660194175,12.758155337349399,0.0
52.42004660194175,12.75829795180723,0.0
52.42004660194175,12.758440566265062,0.0
52.42004660194175,12.758583180722892,0.0
52.42004660194175,12.758725795180723,0.0
52.42004660194175,12.758868409638556,0.0
52.42004660194175,12.759011024096386,0.0
52.42004660194175,12.759153638554217,0.0
52.42004660194175,12.75929625301205,0.0
52.42004660194175,12.75943886746988,0.0
52.42004660194175,12.759581481927711,0.0
52.42004660194175,12.759724096385543,0.0
52.42004660194175,12.759866710843374,0.0
52.42004660194175,12.760009325301205,0.0
52.42004660194175,12.760151939759037,0.0
52.42004660194175,12.760294554216868,0.0
52.42004660194175,12.760437168674699,0.0
52.42004660194175,12.760579783132531,0.0
52.42004660194175,12.760722397590362,0.0
52.42004660194175,12.760865012048193,0.0
52.42004660194175,12.761007626506025,0.0
52.42004660194175,12.761150240963856,0.0
52.42004660194175,12.761292855421688,0.0
52.42004660194175,12.761435469879519,0.0
52.42004660194175,12.76157808433735,0.0
52.42004660194175,12.761720698795182,0.0
52.42004660194175,12.761863313253013,0.0
52.42004660194175,12.762005927710844,0.0
52.42004660194175,12.762148542168676,0.0
52.42004660194175,12.762291156626507,0.0
52.42004660194175,12.762433771084337,0.0
52.42004660194175,12.76257638554217,0.0
52.42004660194175,12.762719,0.0
52.42013933980583,12.750882,0.0
52.42013933980583,12.751024614457831,0.0
52.42013933980583,12.751167228915664,0.0
52.42013933980583,12.751309843373495,0.0
52.42013933980583,12.751452457831325,0.0
52.42013933980583,12.751595072289158,0.0
52.42013933980583,12.751737686746988,0.0
52.42013933980583,12.75188030120482,0.0
52.42013933980583,12.752022915662652,0.0
52.42013933980583,12.752165530120482,0.0
52.42013933980583,12.752308144578313,0.0
52.42013933980583,12.752450759036146,0.0
52.42013933980583,12.752593373493976,0.0
52.42013933980583,12.752735987951809,0.0
52.42013933980583,12.75287860240964,0.0
52.42013933980583,12.75302121686747,0.0
52.42013933980583,12.753163831325303,0.0
52.42013933980583,12.753306445783133,0.0
52.42013933980583,12.753449060240964,0.0
52.42013933980583,12.753591674698797,0.0
52.42013933980583,12.753734289156627,0.0
52.42013933980583,12.753876903614458,0.0
52.42013933980583,12.75401951807229,0.0
52.42013933980583,12.754162132530121,0.0
52.42013933980583,12.754304746987952,0.0
52.42013933980583,12.754447361445784,0.0
52.42013933980583,12.754589975903615,0.0
52.42013933980583,12.754732590361446,0.0
52.42013933980583,12.754875204819278,0.0
52.42013933980583,12.755017819277109,0.0
52.42013933980583,12.75516043373494,0.0
52.42013933980583,12.755303048192772,0.0
52.42013933980583,12.755445662650603,0.0
52.42013933980583,12.755588277108435,0.0
52.42013933980583,12.755730891566266,0.0
52.42013933980583,12.755873506024097,0.0
52.42013933980583,12.75601612048193,0.0
52.42013933980583,12.75615873493976,0.0
52.42013933980583,12.75630134939759,0.0
52.42013933980583,12.756443963855423,0.0
52.42013933980583,12.756586578313254,0.0
52.42013933980583,12.756729192771084,0.0
52.42013933980583,12.756871807228917,0.0
52.42013933980583,12.757014421686748,0.0
52.42013933980583,12.757157036144578,0.0
52.42013933980583,12.75729965060241,0.0
52.42013933980583,12.757442265060241,0.0
52.42013933980583,12.757584879518072,0.0
52.42013933980583,12.757727493975905,0.0
52.42013933980583,12.757870108433735,0.0
52.42013933980583,12.758012722891566,0.0
52.42013933980583,12.758155337349399,0.0
52.42013933980583,12.75829795180723,0.0
52.42013933980583,12.758440566265062,0.0
52.42013933980583,12.758583180722892,0.0
52.42013933980583,12.758725795180723,0.0
52.42013933980583,12.758868409638556,0.0
52.42013933980583,12.759011024096386,0.0
52.42013933980583,12.759153638554217,0.0
52.42013933980583,12.75929625301205,0.0
52.42013933980583,12.75943886746988,0.0
52.42013933980583,12.759581481927711,0.0
52.42013933980583,12.759724096385543,0.0
52.42013933980583,12.759866710843374,0.0
52.42013933980583,12.760009325301205,0.0
52.42013933980583,12.760151939759037,0.0
52.42013933980583,12.760294554216868,0.0
52.42013933980583,12.760437168674699,0.0
52.42013933980583,12.760579783132531,0.0
52.42013933980583,12.760722397590362,0.0
52.42013933980583,12.760865012048193,0.0
52.42013933980583,12.761007626506025,0.0
52.42013933980583,12.761150240963856,0.0
52.42013933980583,12.761292855421688,0.0
52.42013933980583,12.761435469879519,0.0
52.42013933980583,12.76157808433735,0.0
52.42013933980583,12.761720698795182,0.0
52.42013933980583,12.761863313253013,0.0
52.42013933980583,12.762005927710844,0.0
52.42013933980583,12.762148542168676,0.0
52.42013933980583,12.762291156626507,0.0
52.42013933980583,12.762433771084337,0.0
52.42013933980583,12.76257638554217,0.0
52.42013933980583,12.762719,0.0
52.4202320776699,12.750882,0.0
52.4202320776699,12.751024614457831,0.0
52.4202320776699,12.751167228915664,0.0
52.4202320776699,12.751309843373495,0.0
52.4202320776699,12.751452457831325,0.0
52.4202320776699,12.751595072289158,0.0
52.4202320776699,12.751737686746988,0.0
52.4202320776699,12.75188030120482,0.0
52.4202320776699,12.752022915662652,0.0
52.4202320776699,12.752165530120482,0.0
52.4202320776699,12.752308144578313,0.0
52.4202320776699,12.752450759036146,0.0
52.4202320776699,12.752593373493976,0.0
52.4202320776699,12.752735987951809,0.0
52.4202320776699,12.75287860240964,0.0
52.4202320776699,12.75302121686747,0.0
52.4202320776699,12.753163831325303,0.0
52.4202320776699,12.753306445783133,0.0
52.4202320776699,12.753449060240964,0.0
52.4202320776699,12.753591674698797,0.0
52.4202320776699,12.753734289156627,0.0
52.4202320776699,12.753876903614458,0.0
52.4202320776699,12.75401951807229,0.0
52.4202320776699,12.754162132530121,0.0
52.4202320776699,12.754304746987952,0.0
52.4202320776699,12.754447361445784,0.0
52.4202320776699,12.754589975903615,0.0
52.4202320776699,12.754732590361446,0.0
52.4202320776699,12.754875204819278,0.0
52.4202320776699,12.755017819277109,0.0
52.4202320776699,12.75516043373494,0.0
52.4202320776699,12.755303048192772,0.0
52.4202320776699,12.755445662650603,0.0
52.4202320776699,12.755588277108435,0.0
52.4202320776699,12.755730891566266,0.0
52.4202320776699,12.755873506024097,0.0
52.4202320776699,12.75601612048193,0.0
52.4202320776699,12.75615873493976,0.0
52.4202320776699,12.75630134939759,0.0
52.4202320776699,12.756443963855423,0.0
52.4202320776699,12.756586578313254,0.0
52.4202320776699,12.756729192771084,0.0
52.4202320776699,12.756871807228917,0.0
52.4202320776699,12.757014421686748,0.0
52.4202320776699,12.757157036144578,0.0
52.4202320776699,12.75729965060241,0.0
52.4202320776699,12.757442265060241,0.0
52.4202320776699,12.757584879518072,0.0
52.4202320776699,12.757727493975905,0.0
52.4202320776699,12.757870108433735,0.0
52.4202320776699,12.758012722891566,0.0
52.4202320776699,12.758155337349399,0.0
52.4202320776699,12.75829795180723,0.0
52.4202320776699,12.758440566265062,0.0
52.4202320776699,12.758583180722892,0.0
52.4202320776699,12.758725795180723,0.0
52.4202320776699,12.758868409638556,0.0
52.4202320776699,12.759011024096386,0.0
52.4202320776699,12.759153638554217,0.0
52.4202320776699,12.75929625301205,0.0
52.4202320776699,12.75943886746988,0.0
52.4202320776699,12.759581481927711,0.0
52.4202320776699,12.759724096385543,0.0
52.4202320776699,12.759866710843374,0.0
52.4202320776699,12.760009325301205,0.0
52.4202320776699,12.760151939759037,0.0
52.4202320776699,12.760294554216868,0.0
52.4202320776699,12.760437168674699,0.0
52.4202320776699,12.760579783132531,0.0
52.4202320776699,12.760722397590362,0.0
52.4202320776699,12.760865012048193,0.0
52.4202320776699,12.761007626506025,0.0
52.4202320776699,12.761150240963856,0.0
52.4202320776699,12.761292855421688,0.0
52.4202320776699,12.761435469879519,0.0
52.4202320776699,12.76157808433735,0.0
52.4202320776699,12.761720698795182,0.0
52.4202320776699,12.761863313253013,0.0
52.4202320776699,12.762005927710844,0.0
52.4202320776699,12.762148542168676,0.0
52.4202320776699,12.762291156626507,0.0
52.4202320776699,12.762433771084337,0.0
52.4202320776699,12.76257638554217,0.0
52.4202320776699,12.762719,0.0
52.42032481553398,12.750882,0.0
52.42032481553398,12.751024614457831,0.0
52.42032481553398,12.751167228915664,0.0
52.42032481553398,12.751309843373495,0.0
52.42032481553398,12.751452457831325,0.0
52.42032481553398,12.751595072289158,0.0
52.42032481553398,12.751737686746988,0.0
52.42032481553398,12.75188030120482,0.0
52.42032481553398,12.752022915662652,0.0
52.42032481553398,12.752165530120482,0.0
52.42032481553398,12.752308144578313,0.0
52.42032481553398,12.752450759036146,0.0
52.42032481553398,12.752593373493976,0.0
52.42032481553398,12.752735987951809,0.0
52.42032481553398,12.75287860240964,0.0
52.42032481553398,12.75302121686747,0.0
52.42032481553398,12.753163831325303,0.0
52.42032481553398,12.753306445783133,0.0
52.42032481553398,12.753449060240964,0.0
52.42032481553398,12.753591674698797,0.0
52.42032481553398,12.753734289156627,0.0
52.42032481553398,12.753876903614458,0.0
52.42032481553398,12.75401951807229,0.0
52.42032481553398,12.754162132530121,0.0
52.42032481553398,12.754304746987952,0.0
52.42032481553398,12.754447361445784,0.0
52.42032481553398,12.754589975903615,0.0
52.42032481553398,12.754732590361446,0.0
52.42032481553398,12.754875204819278,0.0
52.42032481553398,12.755017819277109,0.0
52.42032481553398,12.75516043373494,0.0
52.42032481553398,12.755303048192772,0.0
52.42032481553398,12.755445662650603,0.0
52.42032481553398,12.755588277108435,0.0
52.42032481553398,12.755730891566266,0.0
52.42032481553398,12.755873506024097,0.0
52.42032481553398,12.75601612048193,0.0
52.42032481553398,12.75615873493976,0.0
52.42032481553398,12.75630134939759,0.0
52.42032481553398,12.756443963855423,0.0
52.42032481553398,12.756586578313254,0.0
52.42032481553398,12.756729192771084,0.0
52.42032481553398,12.756871807228917,0.0
52.42032481553398,12.757014421686748,0.0
52.42032481553398,12.757157036144578,0.0
52.42032481553398,12.75729965060241,0.0
52.42032481553398,12.757442265060241,0.0
52.42032481553398,12.757584879518072,0.0
52.42032481553398,12.757727493975905,0.0
52.42032481553398,12.757870108433735,0.0
52.42032481553398,12.758012722891566,0.0
52.42032481553398,12.758155337349399,0.0
52.42032481553398,12.75829795180723,0.0
52.42032481553398,12.758440566265062,0.0
52.42032481553398,12.758583180722892,0.0
52.42032481553398,12.758725795180723,0.0
52.42032481553398,12.758868409638556,0.0
52.42032481553398,12.759011024096386,0.0
52.42032481553398,12.759153638554217,0.0
52.42032481553398,12.75929625301205,0.0
52.42032481553398,12.75943886746988,0.0
52.42032481553398,12.759581481927711,0.0
52.42032481553398,12.759724096385543,0.0
52.42032481553398,12.759866710843374,0.0
52.42032481553398,12.760009325301205,0.0
52.42032481553398,12.760151939759037,0.0
52.42032481553398,12.760294554216868,0.0
52.42032481553398,12.760437168674699,0.0
52.42032481553398,12.760579783132531,0.0
52.42032481553398,12.760722397590362,0.0
52.42032481553398,12.760865012048193,0.0
52.42032481553398,12.761007626506025,0.0
52.42032481553398,12.761150240963856,0.0
52.42032481553398,12.761292855421688,0.0
52.42032481553398,12.761435469879519,0.0
52.42032481553398,12.76157808433735,0.0
52.42032481553398,12.761720698795182,0.0
52.42032481553398,12.761863313253013,0.0
52.42032481553398,12.762005927710844,0.0
52.42032481553398,12.762148542168676,0.0
52.42032481553398,12.762291156626507,0.0
52.42032481553398,12.762433771084337,0.0
52.42032481553398,12.76257638554217,0.0
52.42032481553398,12.762719,0.0
52.42041755339806,12.750882,0.0
52.42041755339806,12.751024614457831,0.0
52.42041755339806,12.751167228915664,0.0
52.42041755339806,12.751309843373495,0.0
52.42041755339806,12.751452457831325,0.0
52.42041755339806,12.751595072289158,0.0
52.42041755339806,12.751737686746988,0.0
52.42041755339806,12.75188030120482,0.0
52.42041755339806,12.752022915662652,0.0
52.42041755339806,12.752165530120482,0.0
52.42041755339806,12.752308144578313,0.0
52.42041755339806,12.752450759036146,0.0
52.42041755339806,12.752593373493976,0.0
52.42041755339806,12.752735987951809,0.0
52.42041755339806,12.75287860240964,0.0
52.42041755339806,12.75302121686747,0.0
52.42041755339806,12.753163831325303,0.0
52.42041755339806,12.753306445783133,0.0
52.42041755339806,12.753449060240964,0.0
52.42041755339806,12.753591674698797,0.0
52.42041755339806,12.753734289156627,0.0
52.42041755339806,12.753876903614458,0.0
52.42041755339806,12.75401951807229,0.0
52.42041755339806,12.754162132530121,0.0
52.42041755339806,12.754304746987952,0.0
52.42041755339806,12.754447361445784,0.0
52.42041755339806,12.754589975903615,0.0
52.42041755339806,12.754732590361446,0.0
52.42041755339806,12.754875204819278,0.0
52.42041755339806,12.755017819277109,0.0
52.42041755339806,12.75516043373494,0.0
52.42041755339806,12.755303048192772,0.0
52.42041755339806,12.755445662650603,0.0
52.42041755339806,12.755588277108435,0.0
52.42041755339806,12.755730891566266,0.0
52.42041755339806,12.755873506024097,0.0
52.42041755339806,12.75601612048193,0.0
52.42041755339806,12.75615873493976,0.0
52.42041755339806,12.75630134939759,0.0
52.42041755339806,12.756443963855423,0.0
52.42041755339806,12.756586578313254,0.0
52.42041755339806,12.756729192771084,0.0
52.42041755339806,12.756871807228917,0.0
52.42041755339806,12.757014421686748,0.0
52.42041755339806,12.757157036144578,0.0
52.42041755339806,12.75729965060241,0.0
52.42041755339806,12.757442265060241,0.0
52.42041755339806,12.757584879518072,0.0
52.42041755339806,12.757727493975905,0.0
52.42041755339806,12.757870108433735,0.0
52.42041755339806,12.758012722891566,0.0
52.42041755339806,12.758155337349399,0.0
52.42041755339806,12.75829795180723,0.0
52.42041755339806,12.758440566265062,0.0
52.42041755339806,12.758583180722892,0.0
52.42041755339806,12.758725795180723,0.0
52.42041755339806,12.758868409638556,0.0
52.42041755339806,12.759011024096386,0.0
52.42041755339806,12.759153638554217,0.0
52.42041755339806,12.75929625301205,0.0
52.42041755339806,12.75943886746988,0.0
52.42041755339806,12.759581481927711,0.0
52.42041755339806,12.759724096385543,0.0
52.42041755339806,12.759866710843374,0.0
52.42041755339806,12.760009325301205,0.0
52.42041755339806,12.760151939759037,0.0
52.42041755339806,12.760294554216868,0.0
52.42041755339806,12.760437168674699,0.0
52.42041755339806,12.760579783132531,0.0
52.42041755339806,12.760722397590362,0.0
52.42041755339806,12.760865012048193,0.0
52.42041755339806,12.761007626506025,0.0
52.42041755339806,12.761150240963856,0.0
52.42041755339806,12.761292855421688,0.0
52.42041755339806,12.761435469879519,0.0
52.42041755339806,12.76157808433735,0.0
52.42041755339806,12.761720698795182,0.0
52.42041755339806,12.761863313253013,0.0
52.42041755339806,12.762005927710844,0.0
52.42041755339806,12.762148542168676,0.0
52.42041755339806,12.762291156626507,0.0
52.42041755339806,12.762433771084337,0.0
52.42041755339806,12.76257638554217,0.0
52.42041755339806,12.762719,0.0
52.42051029126214,12.750882,0.0
52.42051029126214,12.751024614457831,0.0
52.42051029126214,12.751167228915664,0.0
52.42051029126214,12.751309843373495,0.0
52.42051029126214,12.751452457831325,0.0
52.42051029126214,12.751595072289158,0.0
52.42051029126214,12.751737686746988,0.0
52.42051029126214,12.75188030120482,0.0
52.42051029126214,12.752022915662652,0.0
52.42051029126214,12.752165530120482,0.0
52.42051029126214,12.752308144578313,0.0
52.42051029126214,12.752450759036146,0.0
52.42051029126214,12.752593373493976,0.0
52.42051029126214,12.752735987951809,0.0
52.42051029126214,12.75287860240964,0.0
52.42051029126214,12.75302121686747,0.0
52.42051029126214,12.753163831325303,0.0
52.42051029126214,12.753306445783133,0.0
52.42051029126214,12.753449060240964,0.0
52.42051029126214,12.753591674698797,0.0
52.42051029126214,12.753734289156627,0.0
52.42051029126214,12.753876903614458,0.0
52.42051029126214,12.75401951807229,0.0
52.42051029126214,12.754162132530121,0.0
52.42051029126214,12.754304746987952,0.0
52.42051029126214,12.754447361445784,0.0
52.42051029126214,12.754589975903615,0.0
52.42051029126214,12.754732590361446,0.0
52.42051029126214,12.754875204819278,0.0
52.42051029126214,12.755017819277109,0.0
52.42051029126214,12.75516043373494,0.0
52.42051029126214,12.755303048192772,0.0
52.42051029126214,12.755445662650603,0.0
52.42051029126214,12.755588277108435,0.0
52.42051029126214,12.755730891566266,0.0
52.42051029126214,12.755873506024097,0.0
52.42051029126214,12.75601612048193,0.0
52.42051029126214,12.75615873493976,0.0
52.42051029126214,12.75630134939759,0.0
52.42051029126214,12.756443963855423,0.0
52.42051029126214,12.756586578313254,0.0
52.42051029126214,12.756729192771084,0.0
52.42051029126214,12.756871807228917,0.0
52.42051029126214,12.757014421686748,0.0
52.42051029126214,12.757157036144578,0.0
52.42051029126214,12.75729965060241,0.0
52.42051029126214,12.757442265060241,0.0
52.42051029126214,12.757584879518072,0.0
52.42051029126214,12.757727493975905,0.0
52.42051029126214,12.757870108433735,0.0
52.42051029126214,12.758012722891566,0.0
52.42051029126214,12.758155337349399,0.0
52.42051029126214,12.75829795180723,0.0
52.42051029126214,12.758440566265062,0.0
52.42051029126214,12.758583180722892,0.0
52.42051029126214,12.758725795180723,0.0
52.42051029126214,12.758868409638556,0.0
52.42051029126214,12.759011024096386,0.0
52.42051029126214,12.759153638554217,0.0
52.42051029126214,12.75929625301205,0.0
52.42051029126214,12.75943886746988,0.0
52.42051029126214,12.759581481927711,0.0
52.42051029126214,12.759724096385543,0.0
52.42051029126214,12.759866710843374,0.0
52.42051029126214,12.760009325301205,0.0
52.42051029126214,12.760151939759037,0.0
52.42051029126214,12.760294554216868,0.0
52.42051029126214,12.760437168674699,0.0
52.42051029126214,12.760579783132531,0.0
52.42051029126214,12.760722397590362,0.0
52.42051029126214,12.760865012048193,0.0
52.42051029126214,12.761007626506025,0.0
52.42051029126214,12.761150240963856,0.0
52.42051029126214,12.761292855421688,0.0
52.42051029126214,12.761435469879519,0.0
52.42051029126214,12.76157808433735,0.0
52.42051029126214,12.761720698795182,0.0
52.42051029126214,12.761863313253013,0.0
52.42051029126214,12.762005927710844,0.0
52.42051029126214,12.762148542168676,0.0
52.42051029126214,12.762291156626507,0.0
52.42051029126214,12.762433771084337,0.0
52.42051029126214,12.76257638554217,0.0
52.42051029126214,12.762719,0.0
52.42060302912621,12.750882,0.0
52.42060302912621,12.751024614457831,0.0
52.42060302912621,12.751167228915664,0.0
52.42060302912621,12.751309843373495,0.0
52.42060302912621,12.751452457831325,0.0
52.42060302912621,12.751595072289158,0.0
52.42060302912621,12.751737686746988,0.0
52.42060302912621,12.75188030120482,0.0
52.42060302912621,12.752022915662652,0.0
52.42060302912621,12.752165530120482,0.0
52.42060302912621,12.752308144578313,0.0
52.42060302912621,12.752450759036146,0.0
52.42060302912621,12.752593373493976,0.0
52.42060302912621,12.752735987951809,0.0
52.42060302912621,12.75287860240964,0.0
52.42060302912621,12.75302121686747,0.0
52.42060302912621,12.753163831325303,0.0
52.42060302912621,12.753306445783133,0.0
52.42060302912621,12.753449060240964,0.0
52.42060302912621,12.753591674698797,0.0
52.42060302912621,12.753734289156627,0.0
52.42060302912621,12.753876903614458,0.0
52.42060302912621,12.75401951807229,0.0
52.42060302912621,12.754162132530121,0.0
52.42060302912621,12.754304746987952,0.0
52.42060302912621,12.754447361445784,0.0
52.42060302912621,12.754589975903615,0.0
52.42060302912621,12.754732590361446,0.0
52.42060302912621,12.754875204819278,0.0
52.42060302912621,12.755017819277109,0.0
52.42060302912621,12.75516043373494,0.0
52.42060302912621,12.755303048192772,0.0
52.42060302912621,12.755445662650603,0.0
52.42060302912621,12.755588277108435,0.0
52.42060302912621,12.755730891566266,0.0
52.42060302912621,12.755873506024097,0.0
52.42060302912621,12.75601612048193,0.0
52.42060302912621,12.75615873493976,0.0
52.42060302912621,12.75630134939759,0.0
52.42060302912621,12.756443963855423,0.0
52.42060302912621,12.756586578313254,0.0
52.42060302912621,12.756729192771084,0.0
52.42060302912621,12.756871807228917,0.0
52.42060302912621,12.757014421686748,0.0
52.42060302912621,12.757157036144578,0.0
52.42060302912621,12.75729965060241,0.0
52.42060302912621,12.757442265060241,0.0
52.42060302912621,12.757584879518072,0.0
52.42060302912621,12.757727493975905,0.0
52.42060302912621,12.757870108433735,0.0
52.42060302912621,12.758012722891566,0.0
52.42060302912621,12.758155337349399,0.0
52.42060302912621,12.75829795180723,0.0
52.42060302912621,12.758440566265062,0.0
52.42060302912621,12.758583180722892,0.0
52.42060302912621,12.758725795180723,0.0
52.42060302912621,12.758868409638556,0.0
52.42060302912621,12.759011024096386,0.0
52.42060302912621,12.759153638554217,0.0
52.42060302912621,12.75929625301205,0.0
52.42060302912621,12.75943886746988,0.0
52.42060302912621,12.759581481927711,0.0
52.42060302912621,12.759724096385543,0.0
52.42060302912621,12.759866710843374,0.0
52.42060302912621,12.760009325301205,0.0
52.42060302912621,12.760151939759037,0.0
52.42060302912621,12.760294554216868,0.0
52.42060302912621,12.760437168674699,0.0
52.42060302912621,12.760579783132531,0.0
52.42060302912621,12.760722397590362,0.0
52.42060302912621,12.760865012048193,0.0
52.42060302912621,12.761007626506025,0.0
52.42060302912621,12.761150240963856,0.0
52.42060302912621,12.761292855421688,0.0
52.42060302912621,12.761435469879519,0.0
52.42060302912621,12.76157808433735,0.0
52.42060302912621,12.761720698795182,0.0
52.42060302912621,12.761863313253013,0.0
52.42060302912621,12.762005927710844,0.0
52.42060302912621,12.762148542168676,0.0
52.42060302912621,12.762291156626507,0.0
52.42060302912621,12.762433771084337,0.0
52.42060302912621,12.76257638554217,0.0
52.42060302912621,12.762719,0.0
52.42069576699029,12.750882,0.0
52.42069576699029,12.751024614457831,0.0
52.42069576699029,12.751167228915664,0.0
52.42069576699029,12.751309843373495,0.0
52.42069576699029,12.751452457831325,0.0
52.42069576699029,12.751595072289158,0.0
52.42069576699029,12.751737686746988,0.0
52.42069576699029,12.75188030120482,0.0
52.42069576699029,12.752022915662652,0.0
52.42069576699029,12.752165530120482,0.0
52.42069576699029,12.752308144578313,0.0
52.42069576699029,12.752450759036146,0.0
52.42069576699029,12.752593373493976,0.0
52.42069576699029,12.752735987951809,0.0
52.42069576699029,12.75287860240964,0.0
52.42069576699029,12.75302121686747,0.0
52.42069576699029,12.753163831325303,0.0
52.42069576699029,12.753306445783133,0.0
52.42069576699029,12.753449060240964,0.0
52.42069576699029,12.753591674698797,0.0
52.42069576699029,12.753734289156627,0.0
52.42069576699029,12.753876903614458,0.0
52.42069576699029,12.75401951807229,0.0
52.42069576699029,12.754162132530121,0.0
52.42069576699029,12.754304746987952,0.0
52.42069576699029,12.754447361445784,0.0
52.42069576699029,12.754589975903615,0.0
52.42069576699029,12.754732590361446,0.0
52.42069576699029,12.754875204819278,0.0
52.42069576699029,12.755017819277109,0.0
52.42069576699029,12.75516043373494,0.0
52.42069576699029,12.755303048192772,0.0
52.42069576699029,12.755445662650603,0.0
52.42069576699029,12.755588277108435,0.0
52.42069576699029,12.755730891566266,0.0
52.42069576699029,12.755873506024097,0.0
52.42069576699029,12.75601612048193,0.0
52.42069576699029,12.75615873493976,0.0
52.42069576699029,12.75630134939759,0.0
52.42069576699029,12.756443963855423,0.0
52.42069576699029,12.756586578313254,0.0
52.42069576699029,12.756729192771084,0.0
52.42069576699029,12.756871807228917,0.0
52.42069576699029,12.757014421686748,0.0
52.42069576699029,12.757157036144578,0.0
52.42069576699029,12.75729965060241,0.0
52.42069576699029,12.757442265060241,0.0
52.42069576699029,12.757584879518072,0.0
52.42069576699029,12.757727493975905,0.0
52.42069576699029,12.757870108433735,0.0
52.42069576699029,12.758012722891566,0.0
52.42069576699029,12.758155337349399,0.0
52.42069576699029,12.75829795180723,0.0
52.42069576699029,12.758440566265062,0.0
52.42069576699029,12.758583180722892,0.0
52.42069576699029,12.758725795180723,0.0
52.42069576699029,12.758868409638556,0.0
52.42069576699029,12.759011024096386,0.0
52.42069576699029,12.759153638554217,0.0
52.42069576699029,12.75929625301205,0.0
52.42069576699029,12.75943886746988,0.0
52.42069576699029,12.759581481927711,0.0
52.42069576699029,12.759724096385543,0.0
52.42069576699029,12.759866710843374,0.0
52.42069576699029,12.760009325301205,0.0
52.42069576699029,12.760151939759037,0.0
52.42069576699029,12.760294554216868,0.0
52.42069576699029,12.760437168674699,0.0
52.42069576699029,12.760579783132531,0.0
52.42069576699029,12.760722397590362,0.0
52.42069576699029,12.760865012048193,0.0
52.42069576699029,12.761007626506025,0.0
52.42069576699029,12.761150240963856,0.0
52.42069576699029,12.761292855421688,0.0
52.42069576699029,12.761435469879519,0.0
52.42069576699029,12.76157808433735,0.0
52.42069576699029,12.761720698795182,0.0
52.42069576699029,12.761863313253013,0.0
52.42069576699029,12.762005927710844,0.0
52.42069576699029,12.762148542168676,0.0
52.42069576699029,12.762291156626507,0.0
52.42069576699029,12.762433771084337,0.0
52.42069576699029,12.76257638554217,0.0
52.42069576699029,12.762719,0.0
52.42078850485437,12.750882,0.0
52.42078850485437,12.751024614457831,0.0
52.42078850485437,12.751167228915664,0.0
52.42078850485437,12.751309843373495,0.0
52.42078850485437,12.751452457831325,0.0
52.42078850485437,12.751595072289158,0.0
52.42078850485437,12.751737686746988,0.0
52.42078850485437,12.75188030120482,0.0
52.42078850485437,12.752022915662652,0.0
52.42078850485437,12.752165530120482,0.0
52.42078850485437,12.752308144578313,0.0
52.42078850485437,12.752450759036146,0.0
52.42078850485437,12.752593373493976,0.0
52.42078850485437,12.752735987951809,0.0
52.42078850485437,12.75287860240964,0.0
52.42078850485437,12.75302121686747,0.0
52.42078850485437,12.753163831325303,0.0
52.42078850485437,12.753306445783133,0.0
52.42078850485437,12.753449060240964,0.0
52.42078850485437,12.753591674698797,0.0
52.42078850485437,12.753734289156627,0.0
52.42078850485437,12.753876903614458,0.0
52.42078850485437,12.75401951807229,0.0
52.42078850485437,12.754162132530121,0.0
52.42078850485437,12.754304746987952,0.0
52.42078850485437,12.754447361445784,0.0
52.42078850485437,12.754589975903615,0.0
52.42078850485437,12.754732590361446,0.0
52.42078850485437,12.754875204819278,0.0
52.42078850485437,12.755017819277109,0.0
52.42078850485437,12.75516043373494,0.0
52.42078850485437,12.755303048192772,0.0
52.42078850485437,12.755445662650603,0.0
52.42078850485437,12.755588277108435,0.0
52.42078850485437,12.755730891566266,0.0
52.42078850485437,12.755873506024097,0.0
52.42078850485437,12.75601612048193,0.0
52.42078850485437,12.75615873493976,0.0
52.42078850485437,12.75630134939759,0.0
52.42078850485437,12.756443963855423,0.0
52.42078850485437,12.756586578313254,0.0
52.42078850485437,12.756729192771084,0.0
52.42078850485437,12.756871807228917,0.0
52.42078850485437,12.757014421686748,0.0
52.42078850485437,12.757157036144578,0.0
52.42078850485437,12.75729965060241,0.0
52.42078850485437,12.757442265060241,0.0
52.42078850485437,12.757584879518072,0.0
52.42078850485437,12.757727493975905,0.0
52.42078850485437,12.757870108433735,0.0
52.42078850485437,12.758012722891566,0.0
52.42078850485437,12.758155337349399,0.0
52.42078850485437,12.75829795180723,0.0
52.42078850485437,12.758440566265062,0.0
52.42078850485437,12.758583180722892,0.0
52.42078850485437,12.758725795180723,0.0
52.42078850485437,12.758868409638556,0.0
52.42078850485437,12.759011024096386,0.0
52.42078850485437,12.759153638554217,0.0
52.42078850485437,12.75929625301205,0.0
52.42078850485437,12.75943886746988,0.0
52.42078850485437,12.759581481927711,0.0
52.42078850485437,12.759724096385543,0.0
52.42078850485437,12.759866710843374,0.0
52.42078850485437,12.760009325301205,0.0
52.42078850485437,12.760151939759037,0.0
52.42078850485437,12.760294554216868,0.0
52.42078850485437,12.760437168674699,0.0
52.42078850485437,12.760579783132531,0.0
52.42078850485437,12.760722397590362,0.0
52.42078850485437,12.760865012048193,0.0
52.42078850485437,12.761007626506025,0.0
52.42078850485437,12.761150240963856,0.0
52.42078850485437,12.761292855421688,0.0
52.42078850485437,12.761435469879519,0.0
52.42078850485437,12.76157808433735,0.0
52.42078850485437,12.761720698795182,0.0
52.42078850485437,12.761863313253013,0.0
52.42078850485437,12.762005927710844,0.0
52.42078850485437,12.762148542168676,0.0
52.42078850485437,12.762291156626507,0.0
52.42078850485437,12.762433771084337,0.0
52.42078850485437,12.76257638554217,0.0
52.42078850485437,12.762719,0.0
52.420881242718444,12.750882,0.0
52.420881242718444,12.751024614457831,0.0
52.420881242718444,12.751167228915664,0.0
52.420881242718444,12.751309843373495,0.0
52.420881242718444,12.751452457831325,0.0
52.420881242718444,12.751595072289158,0.0
52.420881242718444,12.751737686746988,0.0
52.420881242718444,12.75188030120482,0.0
52.420881242718444,12.752022915662652,0.0
52.420881242718444,12.752165530120482,0.0
52.420881242718444,12.752308144578313,0.0
52.420881242718444,12.752450759036146,0.0
52.420881242718444,12.752593373493976,0.0
52.420881242718444,12.752735987951809,0.0
52.420881242718444,12.75287860240964,0.0
52.420881242718444,12.75302121686747,0.0
52.420881242718444,12.753163831325303,0.0
52.420881242718444,12.753306445783133,0.0
52.420881242718444,12.753449060240964,0.0
52.420881242718444,12.753591674698797,0.0
52.420881242718444,12.753734289156627,0.0
52.420881242718444,12.753876903614458,0.0
52.420881242718444,12.75401951807229,0.0
52.420881242718444,12.754162132530121,0.0
52.420881242718444,12.754304746987952,0.0
52.420881242718444,12.754447361445784,0.0
52.420881242718444,12.754589975903615,0.0
52.420881242718444,12.754732590361446,0.0
52.420881242718444,12.754875204819278,0.0
52.420881242718444,12.755017819277109,0.0
52.420881242718444,12.75516043373494,0.0
52.420881242718444,12.755303048192772,0.0
52.420881242718444,12.755445662650603,0.0
52.420881242718444,12.755588277108435,0.0
52.420881242718444,12.755730891566266,0.0
52.420881242718444,12.755873506024097,0.0
52.420881242718444,12.75601612048193,0.0
52.420881242718444,12.75615873493976,0.0
52.420881242718444,12.75630134939759,0.0
52.420881242718444,12.756443963855423,0.0
52.420881242718444,12.756586578313254,0.0
52.420881242718444,12.756729192771084,0.0
52.420881242718444,12.756871807228917,0.0
52.420881242718444,12.757014421686748,0.0
52.420881242718444,12.757157036144578,0.0
52.420881242718444,12.75729965060241,0.0
52.420881242718444,12.757442265060241,0.0
52.420881242718444,12.757584879518072,0.0
52.420881242718444,12.757727493975905,0.0
52.420881242718444,12.757870108433735,0.0
52.420881242718444,12.758012722891566,0.0
52.420881242718444,12.758155337349399,0.0
52.420881242718444,12.75829795180723,0.0
52.420881242718444,12.758440566265062,0.0
52.420881242718444,12.758583180722892,0.0
52.420881242718444,12.758725795180723,0.0
52.420881242718444,12.758868409638556,0.0
52.420881242718444,12.759011024096386,0.0
52.420881242718444,12.759153638554217,0.0
52.420881242718444,12.75929625301205,0.0
52.420881242718444,12.75943886746988,0.0
52.420881242718444,12.759581481927711,0.0
52.420881242718444,12.759724096385543,0.0
52.420881242718444,12.759866710843374,0.0
52.420881242718444,12.760009325301205,0.0
52.420881242718444,12.760151939759037,0.0
52.420881242718444,12.760294554216868,0.0
52.420881242718444,12.760437168674699,0.0
52.420881242718444,12.760579783132531,0.0
52.420881242718444,12.760722397590362,0.0
52.420881242718444,12.760865012048193,0.0
52.420881242718444,12.761007626506025,0.0
52.420881242718444,12.761150240963856,0.0
52.420881242718444,12.761292855421688,0.0
52.420881242718444,12.761435469879519,0.0
52.420881242718444,12.76157808433735,0.0
52.420881242718444,12.761720698795182,0.0
52.420881242718444,12.761863313253013,0.0
52.420881242718444,12.762005927710844,0.0
52.420881242718444,12.762148542168676,0.0
52.420881242718444,12.762291156626507,0.0
52.420881242718444,12.762433771084337,0.0
52.420881242718444,12.76257638554217,0.0
52.420881242718444,12.762719,0.0
52.420973980582524,12.750882,0.0
52.420973980582524,12.751024614457831,0.0
52.420973980582524,12.751167228915664,0.0
52.420973980582524,12.751309843373495,0.0
52.420973980582524,12.751452457831325,0.0
52.420973980582524,12.751595072289158,0.0
52.420973980582524,12.751737686746988,0.0
52.420973980582524,12.75188030120482,0.0
52.420973980582524,12.752022915662652,0.0
52.420973980582524,12.752165530120482,0.0
52.420973980582524,12.752308144578313,0.0
52.420973980582524,12.752450759036146,0.0
52.420973980582524,12.752593373493976,0.0
52.420973980582524,12.752735987951809,0.0
52.420973980582524,12.75287860240964,0.0
52.420973980582524,12.75302121686747,0.0
52.420973980582524,12.753163831325303,0.0
52.420973980582524,12.753306445783133,0.0
52.420973980582524,12.753449060240964,0.0
52.420973980582524,12.753591674698797,0.0
52.420973980582524,12.753734289156627,0.0
52.420973980582524,12.753876903614458,0.0
52.420973980582524,12.75401951807229,0.0
52.420973980582524,12.754162132530121,0.0
52.420973980582524,12.754304746987952,0.0
52.420973980582524,12.754447361445784,0.0
52.420973980582524,12.754589975903615,0.0
52.420973980582524,12.754732590361446,0.0
52.420973980582524,12.754875204819278,0.0
52.420973980582524,12.755017819277109,0.0
52.420973980582524,12.75516043373494,0.0
52.420973980582524,12.755303048192772,0.0
52.420973980582524,12.755445662650603,0.0
52.420973980582524,12.755588277108435,0.0
52.420973980582524,12.755730891566266,0.0
52.420973980582524,12.755873506024097,0.0
52.420973980582524,12.75601612048193,0.0
52.420973980582524,12.75615873493976,0.0
52.420973980582524,12.75630134939759,0.0
52.420973980582524,12.756443963855423,0.0
52.420973980582524,12.756586578313254,0.0
52.420973980582524,12.756729192771084,0.0
52.420973980582524,12.756871807228917,0.0
52.420973980582524,12.757014421686748,0.0
52.420973980582524,12.757157036144578,0.0
52.420973980582524,12.75729965060241,0.0
52.420973980582524,12.757442265060241,0.0
52.420973980582524,12.757584879518072,0.0
52.420973980582524,12.757727493975905,0.0
52.420973980582524,12.757870108433735,0.0
52.420973980582524,12.758012722891566,0.0
52.420973980582524,12.758155337349399,0.0
52.420973980582524,12.75829795180723,0.0
52.420973980582524,12.758440566265062,0.0
52.420973980582524,12.758583180722892,0.0
52.420973980582524,12.758725795180723,0.0
52.420973980582524,12.758868409638556,0.0
52.420973980582524,12.759011024096386,0.0
52.420973980582524,12.759153638554217,0.0
52.420973980582524,12.75929625301205,0.0
52.420973980582524,12.75943886746988,0.0
52.420973980582524,12.759581481927711,0.0
52.420973980582524,12.759724096385543,0.0
52.420973980582524,12.759866710843374,0.0
52.420973980582524,12.760009325301205,0.0
52.420973980582524,12.760151939759037,0.0
52.420973980582524,12.760294554216868,0.0
52.420973980582524,12.760437168674699,0.0
52.420973980582524,12.760579783132531,0.0
52.420973980582524,12.760722397590362,0.0
52.420973980582524,12.760865012048193,0.0
52.420973980582524,12.761007626506025,0.0
52.420973980582524,12.761150240963856,0.0
52.420973980582524,12.761292855421688,0.0
52.420973980582524,12.761435469879519,0.0
52.420973980582524,12.76157808433735,0.0
52.420973980582524,12.761720698795182,0.0
52.420973980582524,12.761863313253013,0.0
52.420973980582524,12.762005927710844,0.0
52.420973980582524,12.762148542168676,0.0
52.420973980582524,12.762291156626507,0.0
52.420973980582524,12.762433771084337,0.0
52.420973980582524,12.76257638554217,0.0
52.420973980582524,12.762719,0.0
52.4210667184466,12.750882,0.0
52.4210667184466,12.751024614457831,0.0
52.4210667184466,12.751167228915664,0.0
52.4210667184466,12.751309843373495,0.0
52.4210667184466,12.751452457831325,0.0
52.4210667184466,12.751595072289158,0.0
52.4210667184466,12.751737686746988,0.0
52.4210667184466,12.75188030120482,0.0
52.4210667184466,12.752022915662652,0.0
52.4210667184466,12.752165530120482,0.0
52.4210667184466,12.752308144578313,0.0
52.4210667184466,12.752450759036146,0.0
52.4210667184466,12.752593373493976,0.0
52.4210667184466,12.752735987951809,0.0
52.4210667184466,12.75287860240964,0.0
52.4210667184466,12.75302121686747,0.0
52.4210667184466,12.753163831325303,0.0
52.4210667184466,12.753306445783133,0.0
52.4210667184466,12.753449060240964,0.0
52.4210667184466,12.753591674698797,0.0
52.4210667184466,12.753734289156627,0.0
52.4210667184466,12.753876903614458,0.0
52.4210667184466,12.75401951807229,0.0
52.4210667184466,12.754162132530121,0.0
52.4210667184466,12.754304746987952,0.0
52.4210667184466,12.754447361445784,0.0
52.4210667184466,12.754589975903615,0.0
52.4210667184466,12.754732590361446,0.0
52.4210667184466,12.754875204819278,0.0
52.4210667184466,12.755017819277109,0.0
52.4210667184466,12.75516043373494,0.0
52.4210667184466,12.755303048192772,0.0
52.4210667184466,12.755445662650603,0.0
52.4210667184466,12.755588277108435,0.0
52.4210667184466,12.755730891566266,0.0
52.4210667184466,12.755873506024097,0.0
52.4210667184466,12.75601612048193,0.0
52.4210667184466,12.75615873493976,0.0
52.4210667184466,12.75630134939759,0.0
52.4210667184466,12.756443963855423,0.0
52.4210667184466,12.756586578313254,0.0
52.4210667184466,12.756729192771084,0.0
52.4210667184466,12.756871807228917,0.0
52.4210667184466,12.757014421686748,0.0
52.4210667184466,12.757157036144578,0.0
52.4210667184466,12.75729965060241,0.0
52.4210667184466,12.757442265060241,0.0
52.4210667184466,12.757584879518072,0.0
52.4210667184466,12.757727493975905,0.0
52.4210667184466,12.757870108433735,0.0
52.4210667184466,12.758012722891566,0.0
52.4210667184466,12.758155337349399,0.0
52.4210667184466,12.75829795180723,0.0
52.4210667184466,12.758440566265062,0.0
52.4210667184466,12.758583180722892,0.0
52.4210667184466,12.758725795180723,0.0
52.4210667184466,12.758868409638556,0.0
52.4210667184466,12.759011024096386,0.0
52.4210667184466,12.759153638554217,0.0
52.4210667184466,12.75929625301205,0.0
52.4210667184466,12.75943886746988,0.0
52.4210667184466,12.759581481927711,0.0
52.4210667184466,12.759724096385543,0.0
52.4210667184466,12.759866710843374,0.0
52.4210667184466,12.760009325301205,0.0
52.4210667184466,12.760151939759037,0.0
52.4210667184466,12.760294554216868,0.0
52.4210667184466,12.760437168674699,0.0
52.4210667184466,12.760579783132531,0.0
52.4210667184466,12.760722397590362,0.0
52.4210667184466,12.760865012048193,0.0
52.4210667184466,12.761007626506025,0.0
52.4210667184466,12.761150240963856,0.0
52.4210667184466,12.761292855421688,0.0
52.4210667184466,12.761435469879519,0.0
52.4210667184466,12.76157808433735,0.0
52.4210667184466,12.761720698795182,0.0
52.4210667184466,12.761863313253013,0.0
52.4210667184466,12.762005927710844,0.0
52.4210667184466,12.762148542168676,0.0
52.4210667184466,12.762291156626507,0.0
52.4210667184466,12.762433771084337,0.0
52.4210667184466,12.76257638554217,0.0
52.4210667184466,12.762719,0.0
52.42115945631068,12.750882,0.0
52.42115945631068,12.751024614457831,0.0
52.42115945631068,12.751167228915664,0.0
52.42115945631068,12.751309843373495,0.0
52.42115945631068,12.751452457831325,0.0
52.42115945631068,12.751595072289158,0.0
52.42115945631068,12.751737686746988,0.0
52.42115945631068,12.75188030120482,0.0
52.42115945631068,12.752022915662652,0.0
52.42115945631068,12.752165530120482,0.0
52.42115945631068,12.752308144578313,0.0
52.42115945631068,12.752450759036146,0.0
52.42115945631068,12.752593373493976,0.0
52.42115945631068,12.752735987951809,0.0
52.42115945631068,12.75287860240964,0.0
52.42115945631068,12.75302121686747,0.0
52.42115945631068,12.753163831325303,0.0
52.42115945631068,12.753306445783133,0.0
52.42115945631068,12.753449060240964,0.0
52.42115945631068,12.753591674698797,0.0
52.42115945631068,12.753734289156627,0.0
52.42115945631068,12.753876903614458,0.0
52.42115945631068,12.75401951807229,0.0
52.42115945631068,12.754162132530121,0.0
52.42115945631068,12.754304746987952,0.0
52.42115945631068,12.754447361445784,0.0
52.42115945631068,12.754589975903615,0.0
52.42115945631068,12.754732590361446,0.0
52.42115945631068,12.754875204819278,0.0
52.42115945631068,12.755017819277109,0.0
52.42115945631068,12.75516043373494,0.0
52.42115945631068,12.755303048192772,0.0
52.42115945631068,12.755445662650603,0.0
52.42115945631068,12.755588277108435,0.0
52.42115945631068,12.755730891566266,0.0
52.42115945631068,12.755873506024097,0.0
52.42115945631068,12.75601612048193,0.0
52.42115945631068,12.75615873493976,0.0
52.42115945631068,12.75630134939759,0.0
52.42115945631068,12.756443963855423,0.0
52.42115945631068,12.756586578313254,0.0
52.42115945631068,12.756729192771084,0.0
52.42115945631068,12.756871807228917,0.0
52.42115945631068,12.757014421686748,0.0
52.42115945631068,12.757157036144578,0.0
52.42115945631068,12.75729965060241,0.0
52.42115945631068,12.757442265060241,0.0
52.42115945631068,12.757584879518072,0.0
52.42115945631068,12.757727493975905,0.0
52.42115945631068,12.757870108433735,0.0
52.42115945631068,12.758012722891566,0.0
52.42115945631068,12.758155337349399,0.0
52.42115945631068,12.75829795180723,0.0
52.42115945631068,12.758440566265062,0.0
52.42115945631068,12.758583180722892,0.0
52.42115945631068,12.758725795180723,0.0
52.42115945631068,12.758868409638556,0.0
52.42115945631068,12.759011024096386,0.0
52.42115945631068,12.759153638554217,0.0
52.42115945631068,12.75929625301205,0.0
52.42115945631068,12.75943886746988,0.0
52.42115945631068,12.759581481927711,0.0
52.42115945631068,12.759724096385543,0.0
52.42115945631068,12.759866710843374,0.0
52.42115945631068,12.760009325301205,0.0
52.42115945631068,12.760151939759037,0.0
52.42115945631068,12.760294554216868,0.0
52.42115945631068,12.760437168674699,0.0
52.42115945631068,12.760579783132531,0.0
52.42115945631068,12.760722397590362,0.0
52.42115945631068,12.760865012048193,0.0
52.42115945631068,12.761007626506025,0.0
52.42115945631068,12.761150240963856,0.0
52.42115945631068,12.761292855421688,0.0
52.42115945631068,12.761435469879519,0.0
52.42115945631068,12.76157808433735,0.0
52.42115945631068,12.761720698795182,0.0
52.42115945631068,12.761863313253013,0.0
52.42115945631068,12.762005927710844,0.0
52.42115945631068,12.762148542168676,0.0
52.42115945631068,12.762291156626507,0.0
52.42115945631068,12.762433771084337,0.0
52.42115945631068,12.76257638554217,0.0
52.42115945631068,12.762719,0.0
52.421252194174755,12.750882,0.0
52.421252194174755,12.751024614457831,0.0
52.421252194174755,12.751167228915664,0.0
52.421252194174755,12.751309843373495,0.0
52.421252194174755,12.751452457831325,0.0
52.421252194174755,12.751595072289158,0.0
52.421252194174755,12.751737686746988,0.0
52.421252194174755,12.75188030120482,0.0
52.421252194174755,12.752022915662652,0.0
52.421252194174755,12.752165530120482,0.0
52.421252194174755,12.752308144578313,0.0
52.421252194174755,12.752450759036146,0.0
52.421252194174755,12.752593373493976,0.0
52.421252194174755,12.752735987951809,0.0
52.421252194174755,12.75287860240964,0.0
52.421252194174755,12.75302121686747,0.0
52.421252194174755,12.753163831325303,0.0
52.421252194174755,12.753306445783133,0.0
52.421252194174755,12.753449060240964,0.0
52.421252194174755,12.753591674698797,0.0
52.421252194174755,12.753734289156627,0.0
52.421252194174755,12.753876903614458,0.0
52.421252194174755,12.75401951807229,0.0
52.421252194174755,12.754162132530121,0.0
52.421252194174755,12.754304746987952,0.0
52.421252194174755,12.754447361445784,0.0
52.421252194174755,12.754589975903615,0.0
52.421252194174755,12.754732590361446,0.0
52.421252194174755,12.754875204819278,0.0
52.421252194174755,12.755017819277109,0.0
52.421252194174755,12.75516043373494,0.0
52.421252194174755,12.755303048192772,0.0
52.421252194174755,12.755445662650603,0.0
52.421252194174755,12.755588277108435,0.0
52.421252194174755,12.755730891566266,0.0
52.421252194174755,12.755873506024097,0.0
52.421252194174755,12.75601612048193,0.0
52.421252194174755,12.75615873493976,0.0
52.421252194174755,12.75630134939759,0.0
52.421252194174755,12.756443963855423,0.0
52.421252194174755,12.756586578313254,0.0
52.421252194174755,12.756729192771084,0.0
52.421252194174755,12.756871807228917,0.0
52.421252194174755,12.757014421686748,0.0
52.421252194174755,12.757157036144578,0.0
52.421252194174755,12.75729965060241,0.0
52.421252194174755,12.757442265060241,0.0
52.421252194174755,12.757584879518072,0.0
52.421252194174755,12.757727493975905,0.0
52.421252194174755,12.757870108433735,0.0
52.421252194174755,12.758012722891566,0.0
52.421252194174755,12.758155337349399,0.0
52.421252194174755,12.75829795180723,0.0
52.421252194174755,12.758440566265062,0.0
52.421252194174755,12.758583180722892,0.0
52.421252194174755,12.758725795180723,0.0
52.421252194174755,12.758868409638556,0.0
52.421252194174755,12.759011024096386,0.0
52.421252194174755,12.759153638554217,0.0
52.421252194174755,12.75929625301205,0.0
52.421252194174755,12.75943886746988,0.0
52.421252194174755,12.759581481927711,0.0
52.421252194174755,12.759724096385543,0.0
52.421252194174755,12.759866710843374,0.0
52.421252194174755,12.760009325301205,0.0
52.421252194174755,12.760151939759037,0.0
52.421252194174755,12.760294554216868,0.0
52.421252194174755,12.760437168674699,0.0
52.421252194174755,12.760579783132531,0.0
52.421252194174755,12.760722397590362,0.0
52.421252194174755,12.760865012048193,0.0
52.421252194174755,12.761007626506025,0.0
52.421252194174755,12.761150240963856,0.0
52.421252194174755,12.761292855421688,0.0
52.421252194174755,12.761435469879519,0.0
52.421252194174755,12.76157808433735,0.0
52.421252194174755,12.761720698795182,0.0
52.421252194174755,12.761863313253013,0.0
52.421252194174755,12.762005927710844,0.0
52.421252194174755,12.762148542168676,0.0
52.421252194174755,12.762291156626507,0.0
52.421252194174755,12.762433771084337,0.0
52.421252194174755,12.76257638554217,0.0
52.421252194174755,12.762719,0.0
52.421344932038835,12.750882,0.0
52.421344932038835,12.751024614457831,0.0
52.421344932038835,12.751167228915664,0.0
52.421344932038835,12.751309843373495,0.0
52.421344932038835,12.751452457831325,0.0
52.421344932038835,12.751595072289158,0.0
52.421344932038835,12.751737686746988,0.0
52.421344932038835,12.75188030120482,0.0
52.421344932038835,12.752022915662652,0.0
52.421344932038835,12.752165530120482,0.0
52.421344932038835,12.752308144578313,0.0
52.421344932038835,12.752450759036146,0.0
52.421344932038835,12.752593373493976,0.0
52.421344932038835,12.752735987951809,0.0
52.421344932038835,12.75287860240964,0.0
52.421344932038835,12.75302121686747,0.0
52.421344932038835,12.753163831325303,0.0
52.421344932038835,12.753306445783133,0.0
52.421344932038835,12.753449060240964,0.0
52.421344932038835,12.753591674698797,0.0
52.421344932038835,12.753734289156627,0.0
52.421344932038835,12.753876903614458,0.0
52.421344932038835,12.75401951807229,0.0
52.421344932038835,12.754162132530121,0.0
52.421344932038835,12.754304746987952,0.0
52.421344932038835,12.754447361445784,0.0
52.421344932038835,12.754589975903615,0.0
52.421344932038835,12.754732590361446,0.0
52.421344932038835,12.754875204819278,0.0
52.421344932038835,12.755017819277109,0.0
52.421344932038835,12.75516043373494,0.0
52.421344932038835,12.755303048192772,0.0
52.421344932038835,12.755445662650603,0.0
52.421344932038835,12.755588277108435,0.0
52.421344932038835,12.755730891566266,0.0
52.421344932038835,12.755873506024097,0.0
52.421344932038835,12.75601612048193,0.0
52.421344932038835,12.75615873493976,0.0
52.421344932038835,12.75630134939759,0.0
52.421344932038835,12.756443963855423,0.0
52.421344932038835,12.756586578313254,0.0
52.421344932038835,12.756729192771084,0.0
52.421344932038835,12.756871807228917,0.0
52.421344932038835,12.757014421686748,0.0
52.421344932038835,12.757157036144578,0.0
52.421344932038835,12.75729965060241,0.0
52.421344932038835,12.757442265060241,0.0
52.421344932038835,12.757584879518072,0.0
52.421344932038835,12.757727493975905,0.0
52.421344932038835,12.757870108433735,0.0
52.421344932038835,12.758012722891566,0.0
52.421344932038835,12.758155337349399,0.0
52.421344932038835,12.75829795180723,0.0
52.421344932038835,12.758440566265062,0.0
52.421344932038835,12.758583180722892,0.0
52.421344932038835,12.758725795180723,0.0
52.421344932038835,12.758868409638556,0.0
52.421344932038835,12.759011024096386,0.0
52.421344932038835,12.759153638554217,0.0
52.421344932038835,12.75929625301205,0.0
52.421344932038835,12.75943886746988,0.0
52.421344932038835,12.759581481927711,0.0
52.421344932038835,12.759724096385543,0.0
52.421344932038835,12.759866710843374,0.0
52.421344932038835,12.760009325301205,0.0
52.421344932038835,12.760151939759037,0.0
52.421344932038835,12.760294554216868,0.0
52.421344932038835,12.760437168674699,0.0
52.421344932038835,12.760579783132531,0.0
52.421344932038835,12.760722397590362,0.0
52.421344932038835,12.760865012048193,0.0
52.421344932038835,12.761007626506025,0.0
52.421344932038835,12.761150240963856,0.0
52.421344932038835,12.761292855421688,0.0
52.421344932038835,12.761435469879519,0.0
52.421344932038835,12.76157808433735,0.0
52.421344932038835,12.761720698795182,0.0
52.421344932038835,12.761863313253013,0.0
52.421344932038835,12.762005927710844,0.0
52.421344932038835,12.762148542168676,0.0
52.421344932038835,12.762291156626507,0.0
52.421344932038835,12.762433771084337,0.0
52.421344932038835,12.76257638554217,0.0
52.421344932038835,12.762719,0.0
52.421437669902915,12.750882,0.0
52.421437669902915,12.751024614457831,0.0
52.421437669902915,12.751167228915664,0.0
52.421437669902915,12.751309843373495,0.0
52.421437669902915,12.751452457831325,0.0
52.421437669902915,12.751595072289158,0.0
52.421437669902915,12.751737686746988,0.0
52.421437669902915,12.75188030120482,0.0
52.421437669902915,12.752022915662652,0.0
52.421437669902915,12.752165530120482,0.0
52.421437669902915,12.752308144578313,0.0
52.421437669902915,12.752450759036146,0.0
52.421437669902915,12.752593373493976,0.0
52.421437669902915,12.752735987951809,0.0
52.421437669902915,12.75287860240964,0.0
52.421437669902915,12.75302121686747,0.0
52.421437669902915,12.753163831325303,0.0
52.421437669902915,12.753306445783133,0.0
52.421437669902915,12.753449060240964,0.0
52.421437669902915,12.753591674698797,0.0
52.421437669902915,12.753734289156627,0.0
52.421437669902915,12.753876903614458,0.0
52.421437669902915,12.75401951807229,0.0
52.421437669902915,12.754162132530121,0.0
52.421437669902915,12.754304746987952,0.0
52.421437669902915,12.754447361445784,0.0
52.421437669902915,12.754589975903615,0.0
52.421437669902915,12.754732590361446,0.0
52.421437669902915,12.754875204819278,0.0
52.421437669902915,12.755017819277109,0.0
52.421437669902915,12.75516043373494,0.0
52.421437669902915,12.755303048192772,0.0
52.421437669902915,12.755445662650603,0.0
52.421437669902915,12.755588277108435,0.0
52.421437669902915,12.755730891566266,0.0
52.421437669902915,12.755873506024097,0.0
52.421437669902915,12.75601612048193,0.0
52.421437669902915,12.75615873493976,0.0
52.421437669902915,12.75630134939759,0.0
52.421437669902915,12.756443963855423,0.0
52.421437669902915,12.756586578313254,0.0
52.421437669902915,12.756729192771084,0.0
52.421437669902915,12.756871807228917,0.0
52.421437669902915,12.757014421686748,0.0
52.421437669902915,12.757157036144578,0.0
52.421437669902915,12.75729965060241,0.0
52.421437669902915,12.757442265060241,0.0
52.421437669902915,12.757584879518072,0.0
52.421437669902915,12.757727493975905,0.0
52.421437669902915,12.757870108433735,0.0
52.421437669902915,12.758012722891566,0.0
52.421437669902915,12.758155337349399,0.0
52.421437669902915,12.75829795180723,0.0
52.421437669902915,12.758440566265062,0.0
52.421437669902915,12.758583180722892,0.0
52.421437669902915,12.758725795180723,0.0
52.421437669902915,12.758868409638556,0.0
52.421437669902915,12.759011024096386,0.0
52.421437669902915,12.759153638554217,0.0
52.421437669902915,12.75929625301205,0.0
52.421437669902915,12.75943886746988,0.0
52.421437669902915,12.759581481927711,0.0
52.421437669902915,12.759724096385543,0.0
52.421437669902915,12.759866710843374,0.0
52.421437669902915,12.760009325301205,0.0
52.421437669902915,12.760151939759037,0.0
52.421437669902915,12.760294554216868,0.0
52.421437669902915,12.760437168674699,0.0
52.421437669902915,12.760579783132531,0.0
52.421437669902915,12.760722397590362,0.0
52.421437669902915,12.760865012048193,0.0
52.421437669902915,12.761007626506025,0.0
52.421437669902915,12.761150240963856,0.0
52.421437669902915,12.761292855421688,0.0
52.421437669902915,12.761435469879519,0.0
52.421437669902915,12.76157808433735,0.0
52.421437669902915,12.761720698795182,0.0
52.421437669902915,12.761863313253013,0.0
52.421437669902915,12.762005927710844,0.0
52.421437669902915,12.762148542168676,0.0
52.421437669902915,12.762291156626507,0.0
52.421437669902915,12.762433771084337,0.0
52.421437669902915,12.76257638554217,0.0
52.421437669902915,12.762719,0.0
52.421530407766994,12.750882,0.0
52.421530407766994,12.751024614457831,0.0
52.421530407766994,12.751167228915664,0.0
52.421530407766994,12.751309843373495,0.0
52.421530407766994,12.751452457831325,0.0
52.421530407766994,12.751595072289158,0.0
52.421530407766994,12.751737686746988,0.0
52.421530407766994,12.75188030120482,0.0
52.421530407766994,12.752022915662652,0.0
52.421530407766994,12.752165530120482,0.0
52.421530407766994,12.752308144578313,0.0
52.421530407766994,12.752450759036146,0.0
52.421530407766994,12.752593373493976,0.0
52.421530407766994,12.752735987951809,0.0
52.421530407766994,12.75287860240964,0.0
52.421530407766994,12.75302121686747,0.0
52.421530407766994,12.753163831325303,0.0
52.421530407766994,12.753306445783133,0.0
52.421530407766994,12.753449060240964,0.0
52.421530407766994,12.753591674698797,0.0
52.421530407766994,12.753734289156627,0.0
52.421530407766994,12.753876903614458,0.0
52.421530407766994,12.75401951807229,0.0
52.421530407766994,12.754162132530121,0.0
52.421530407766994,12.754304746987952,0.0
52.421530407766994,12.754447361445784,0.0
52.421530407766994,12.754589975903615,0.0
52.421530407766994,12.754732590361446,0.0
52.421530407766994,12.754875204819278,0.0
52.421530407766994,12.755017819277109,0.0
52.421530407766994,12.75516043373494,0.0
52.421530407766994,12.755303048192772,0.0
52.421530407766994,12.755445662650603,0.0
52.421530407766994,12.755588277108435,0.0
52.421530407766994,12.755730891566266,0.0
52.421530407766994,12.755873506024097,0.0
52.421530407766994,12.75601612048193,0.0
52.421530407766994,12.75615873493976,0.0
52.421530407766994,12.75630134939759,0.0
52.421530407766994,12.756443963855423,0.0
52.421530407766994,12.756586578313254,0.0
52.421530407766994,12.756729192771084,0.0
52.421530407766994,12.756871807228917,0.0
52.421530407766994,12.757014421686748,0.0
52.421530407766994,12.757157036144578,0.0
52.421530407766994,12.75729965060241,0.0
52.421530407766994,12.757442265060241,0.0
52.421530407766994,12.757584879518072,0.0
52.421530407766994,12.757727493975905,0.0
52.421530407766994,12.757870108433735,0.0
52.421530407766994,12.758012722891566,0.0
52.421530407766994,12.758155337349399,0.0
52.421530407766994,12.75829795180723,0.0
52.421530407766994,12.758440566265062,0.0
52.421530407766994,12.758583180722892,0.0
52.421530407766994,12.758725795180723,0.0
52.421530407766994,12.758868409638556,0.0
52.421530407766994,12.759011024096386,0.0
52.421530407766994,12.759153638554217,0.0
52.421530407766994,12.75929625301205,0.0
52.421530407766994,12.75943886746988,0.0
52.421530407766994,12.759581481927711,0.0
52.421530407766994,12.759724096385543,0.0
52.421530407766994,12.759866710843374,0.0
52.421530407766994,12.760009325301205,0.0
52.421530407766994,12.760151939759037,0.0
52.421530407766994,12.760294554216868,0.0
52.421530407766994,12.760437168674699,0.0
52.421530407766994,12.760579783132531,0.0
52.421530407766994,12.760722397590362,0.0
52.421530407766994,12.760865012048193,0.0
52.421530407766994,12.761007626506025,0.0
52.421530407766994,12.761150240963856,0.0
52.421530407766994,12.761292855421688,0.0
52.421530407766994,12.761435469879519,0.0
52.421530407766994,12.76157808433735,0.0
52.421530407766994,12.761720698795182,0.0
52.421530407766994,12.761863313253013,0.0
52.421530407766994,12.762005927710844,0.0
52.421530407766994,12.762148542168676,0.0
52.421530407766994,12.762291156626507,0.0
52.421530407766994,12.762433771084337,0.0
52.421530407766994,12.76257638554217,0.0
52.421530407766994,12.762719,0.0
52.42162314563107,12.750882,0.0
52.42162314563107,12.751024614457831,0.0
52.42162314563107,12.751167228915664,0.0
52.42162314563107,12.751309843373495,0.0
52.42162314563107,12.751452457831325,0.0
52.42162314563107,12.751595072289158,0.0
52.42162314563107,12.751737686746988,0.0
52.42162314563107,12.75188030120482,0.0
52.42162314563107,12.752022915662652,0.0
52.42162314563107,12.752165530120482,0.0
52.42162314563107,12.752308144578313,0.0
52.42162314563107,12.752450759036146,0.0
52.42162314563107,12.752593373493976,0.0
52.42162314563107,12.752735987951809,0.0
52.42162314563107,12.75287860240964,0.0
52.42162314563107,12.75302121686747,0.0
52.42162314563107,12.753163831325303,0.0
52.42162314563107,12.753306445783133,0.0
52.42162314563107,12.753449060240964,0.0
52.42162314563107,12.753591674698797,0.0
52.42162314563107,12.753734289156627,0.0
52.42162314563107,12.753876903614458,0.0
52.42162314563107,12.75401951807229,0.0
52.42162314563107,12.754162132530121,0.0
52.42162314563107,12.754304746987952,0.0
52.42162314563107,12.754447361445784,0.0
52.42162314563107,12.754589975903615,0.0
52.42162314563107,12.754732590361446,0.0
52.42162314563107,12.754875204819278,0.0
52.42162314563107,12.755017819277109,0.0
52.42162314563107,12.75516043373494,0.0
52.42162314563107,12.755303048192772,0.0
52.42162314563107,12.755445662650603,0.0
52.42162314563107,12.755588277108435,0.0
52.42162314563107,12.755730891566266,0.0
52.42162314563107,12.755873506024097,0.0
52.42162314563107,12.75601612048193,0.0
52.42162314563107,12.75615873493976,0.0
52.42162314563107,12.75630134939759,0.0
52.42162314563107,12.756443963855423,0.0
52.42162314563107,12.756586578313254,0.0
52.42162314563107,12.756729192771084,0.0
52.42162314563107,12.756871807228917,0.0
52.42162314563107,12.757014421686748,0.0
52.42162314563107,12.757157036144578,0.0
52.42162314563107,12.75729965060241,0.0
52.42162314563107,12.757442265060241,0.0
52.42162314563107,12.757584879518072,0.0
52.42162314563107,12.757727493975905,0.0
52.42162314563107,12.757870108433735,0.0
52.42162314563107,12.758012722891566,0.0
52.42162314563107,12.758155337349399,0.0
52.42162314563107,12.75829795180723,0.0
52.42162314563107,12.758440566265062,0.0
52.42162314563107,12.758583180722892,0.0
52.42162314563107,12.758725795180723,0.0
52.42162314563107,12.758868409638556,0.0
52.42162314563107,12.759011024096386,0.0
52.42162314563107,12.759153638554217,0.0
52.42162314563107,12.75929625301205,0.0
52.42162314563107,12.75943886746988,0.0
52.42162314563107,12.759581481927711,0.0
52.42162314563107,12.759724096385543,0.0
52.42162314563107,12.759866710843374,0.0
52.42162314563107,12.760009325301205,0.0
52.42162314563107,12.760151939759037,0.0
52.42162314563107,12.760294554216868,0.0
52.42162314563107,12.760437168674699,0.0
52.42162314563107,12.760579783132531,0.0
52.42162314563107,12.760722397590362,0.0
52.42162314563107,12.760865012048193,0.0
52.42162314563107,12.761007626506025,0.0
52.42162314563107,12.761150240963856,0.0
52.42162314563107,12.761292855421688,0.0
52.42162314563107,12.761435469879519,0.0
52.42162314563107,12.76157808433735,0.0
52.42162314563107,12.761720698795182,0.0
52.42162314563107,12.761863313253013,0.0
52.42162314563107,12.762005927710844,0.0
52.42162314563107,12.762148542168676,0.0
52.42162314563107,12.762291156626507,0.0
52.42162314563107,12.762433771084337,0.0
52.42162314563107,12.76257638554217,0.0
52.42162314563107,12.762719,0.0
52.421715883495146,12.750882,0.0
52.421715883495146,12.751024614457831,0.0
52.421715883495146,12.751167228915664,0.0
52.421715883495146,12.751309843373495,0.0
52.421715883495146,12.751452457831325,0.0
52.421715883495146,12.751595072289158,0.0
52.421715883495146,12.751737686746988,0.0
52.421715883495146,12.75188030120482,0.0
52.421715883495146,12.752022915662652,0.0
52.421715883495146,12.752165530120482,0.0
52.421715883495146,12.752308144578313,0.0
52.421715883495146,12.752450759036146,0.0
52.421715883495146,12.752593373493976,0.0
52.421715883495146,12.752735987951809,0.0
52.421715883495146,12.75287860240964,0.0
52.421715883495146,12.75302121686747,0.0
52.421715883495146,12.753163831325303,0.0
52.421715883495146,12.753306445783133,0.0
52.421715883495146,12.753449060240964,0.0
52.421715883495146,12.753591674698797,0.0
52.421715883495146,12.753734289156627,0.0
52.421715883495146,12.753876903614458,0.0
52.421715883495146,12.75401951807229,0.0
52.421715883495146,12.754162132530121,0.0
52.421715883495146,12.754304746987952,0.0
52.421715883495146,12.754447361445784,0.0
52.421715883495146,12.754589975903615,0.0
52.421715883495146,12.754732590361446,0.0
52.421715883495146,12.754875204819278,0.0
52.421715883495146,12.755017819277109,0.0
52.421715883495146,12.75516043373494,0.0
52.421715883495146,12.755303048192772,0.0
52.421715883495146,12.755445662650603,0.0
52.421715883495146,12.755588277108435,0.0
52.421715883495146,12.755730891566266,0.0
52.421715883495146,12.755873506024097,0.0
52.421715883495146,12.75601612048193,0.0
52.421715883495146,12.75615873493976,0.0
52.421715883495146,12.75630134939759,0.0
52.421715883495146,12.756443963855423,0.0
52.421715883495146,12.756586578313254,0.0
52.421715883495146,12.756729192771084,0.0
52.421715883495146,12.756871807228917,0.0
52.421715883495146,12.757014421686748,0.0
52.421715883495146,12.757157036144578,0.0
52.421715883495146,12.75729965060241,0.0
52.421715883495146,12.757442265060241,0.0
52.421715883495146,12.757584879518072,0.0
52.421715883495146,12.757727493975905,0.0
52.421715883495146,12.757870108433735,0.0
52.421715883495146,12.758012722891566,0.0
52.421715883495146,12.758155337349399,0.0
52.421715883495146,12.75829795180723,0.0
52.421715883495146,12.758440566265062,0.0
52.421715883495146,12.758583180722892,0.0
52.421715883495146,12.758725795180723,0.0
52.421715883495146,12.758868409638556,0.0
52.421715883495146,12.759011024096386,0.0
52.421715883495146,12.759153638554217,0.0
52.421715883495146,12.75929625301205,0.0
52.421715883495146,12.75943886746988,0.0
52.421715883495146,12.759581481927711,0.0
52.421715883495146,12.759724096385543,0.0
52.421715883495146,12.759866710843374,0.0
52.421715883495146,12.760009325301205,0.0
52.421715883495146,12.760151939759037,0.0
52.421715883495146,12.760294554216868,0.0
52.421715883495146,12.760437168674699,0.0
52.421715883495146,12.760579783132531,0.0
52.421715883495146,12.760722397590362,0.0
52.421715883495146,12.760865012048193,0.0
52.421715883495146,12.761007626506025,0.0
52.421715883495146,12.761150240963856,0.0
52.421715883495146,12.761292855421688,0.0
52.421715883495146,12.761435469879519,0.0
52.421715883495146,12.76157808433735,0.0
52.421715883495146,12.761720698795182,0.0
52.421715883495146,12.761863313253013,0.0
52.421715883495146,12.762005927710844,0.0
52.421715883495146,12.762148542168676,0.0
52.421715883495146,12.762291156626507,0.0
52.421715883495146,12.762433771084337,0.0
52.421715883495146,12.76257638554217,0.0
52.421715883495146,12.762719,0.0
52.421808621359226,12.750882,0.0
52.421808621359226,12.751024614457831,0.0
52.421808621359226,12.751167228915664,0.0
52.421808621359226,12.751309843373495,0.0
52.421808621359226,12.751452457831325,0.0
52.421808621359226,12.751595072289158,0.0
52.421808621359226,12.751737686746988,0.0
52.421808621359226,12.75188030120482,0.0
52.421808621359226,12.752022915662652,0.0
52.421808621359226,12.752165530120482,0.0
52.421808621359226,12.752308144578313,0.0
52.421808621359226,12.752450759036146,0.0
52.421808621359226,12.752593373493976,0.0
52.421808621359226,12.752735987951809,0.0
52.421808621359226,12.75287860240964,0.0
52.421808621359226,12.75302121686747,0.0
52.421808621359226,12.753163831325303,0.0
52.421808621359226,12.753306445783133,0.0
52.421808621359226,12.753449060240964,0.0
52.421808621359226,12.753591674698797,0.0
52.421808621359226,12.753734289156627,0.0
52.421808621359226,12.753876903614458,0.0
52.421808621359226,12.75401951807229,0.0
52.421808621359226,12.754162132530121,0.0
52.421808621359226,12.754304746987952,0.0
52.421808621359226,12.754447361445784,0.0
52.421808621359226,12.754589975903615,0.0
52.421808621359226,12.754732590361446,0.0
52.421808621359226,12.754875204819278,0.0
52.421808621359226,12.755017819277109,0.0
52.421808621359226,12.75516043373494,0.0
52.421808621359226,12.755303048192772,0.0
52.421808621359226,12.755445662650603,0.0
52.421808621359226,12.755588277108435,0.0
52.421808621359226,12.755730891566266,0.0
52.421808621359226,12.755873506024097,0.0
52.421808621359226,12.75601612048193,0.0
52.421808621359226,12.75615873493976,0.0
52.421808621359226,12.75630134939759,0.0
52.421808621359226,12.756443963855423,0.0
52.421808621359226,12.756586578313254,0.0
52.421808621359226,12.756729192771084,0.0
52.421808621359226,12.756871807228917,0.0
52.421808621359226,12.757014421686748,0.0
52.421808621359226,12.757157036144578,0.0
52.421808621359226,12.75729965060241,0.0
52.421808621359226,12.757442265060241,0.0
52.421808621359226,12.757584879518072,0.0
52.421808621359226,12.757727493975905,0.0
52.421808621359226,12.757870108433735,0.0
52.421808621359226,12.758012722891566,0.0
52.421808621359226,12.758155337349399,0.0
52.421808621359226,12.75829795180723,0.0
52.421808621359226,12.758440566265062,0.0
52.421808621359226,12.758583180722892,0.0
52.421808621359226,12.758725795180723,0.0
52.421808621359226,12.758868409638556,0.0
52.421808621359226,12.759011024096386,0.0
52.421808621359226,12.759153638554217,0.0
52.421808621359226,12.75929625301205,0.0
52.421808621359226,12.75943886746988,0.0
52.421808621359226,12.759581481927711,0.0
52.421808621359226,12.759724096385543,0.0
52.421808621359226,12.759866710843374,0.0
52.421808621359226,12.760009325301205,0.0
52.421808621359226,12.760151939759037,0.0
52.421808621359226,12.760294554216868,0.0
52.421808621359226,12.760437168674699,0.0
52.421808621359226,12.760579783132531,0.0
52.421808621359226,12.760722397590362,0.0
52.421808621359226,12.760865012048193,0.0
52.421808621359226,12.761007626506025,0.0
52.421808621359226,12.761150240963856,0.0
52.421808621359226,12.761292855421688,0.0
52.421808621359226,12.761435469879519,0.0
52.421808621359226,12.76157808433735,0.0
52.421808621359226,12.761720698795182,0.0
52.421808621359226,12.761863313253013,0.0
52.421808621359226,12.762005927710844,0.0
52.421808621359226,12.762148542168676,0.0
52.421808621359226,12.762291156626507,0.0
52.421808621359226,12.762433771084337,0.0
52.421808621359226,12.76257638554217,0.0
52.421808621359226,12.762719,0.0
52.4219013592233,12.750882,0.0
52.4219013592233,12.751024614457831,0.0
52.4219013592233,12.751167228915664,0.0
52.4219013592233,12.751309843373495,0.0
52.4219013592233,12.751452457831325,0.0
52.4219013592233,12.751595072289158,0.0
52.4219013592233,12.751737686746988,0.0
52.4219013592233,12.75188030120482,0.0
52.4219013592233,12.752022915662652,0.0
52.4219013592233,12.752165530120482,0.0
52.4219013592233,12.752308144578313,0.0
52.4219013592233,12.752450759036146,0.0
52.4219013592233,12.752593373493976,0.0
52.4219013592233,12.752735987951809,0.0
52.4219013592233,12.75287860240964,0.0
52.4219013592233,12.75302121686747,0.0
52.4219013592233,12.753163831325303,0.0
52.4219013592233,12.753306445783133,0.0
52.4219013592233,12.753449060240964,0.0
52.4219013592233,12.753591674698797,0.0
52.4219013592233,12.753734289156627,0.0
52.4219013592233,12.753876903614458,0.0
52.4219013592233,12.75401951807229,0.0
52.4219013592233,12.754162132530121,0.0
52.4219013592233,12.754304746987952,0.0
52.4219013592233,12.754447361445784,0.0
52.4219013592233,12.754589975903615,0.0
52.4219013592233,12.754732590361446,0.0
52.4219013592233,12.754875204819278,0.0
52.4219013592233,12.755017819277109,0.0
52.4219013592233,12.75516043373494,0.0
52.4219013592233,12.755303048192772,0.0
52.4219013592233,12.755445662650603,0.0
52.4219013592233,12.755588277108435,0.0
52.4219013592233,12.755730891566266,0.0
52.4219013592233,12.755873506024097,0.0
52.4219013592233,12.75601612048193,0.0
52.4219013592233,12.75615873493976,0.0
52.4219013592233,12.75630134939759,0.0
52.4219013592233,12.756443963855423,0.0
52.4219013592233,12.756586578313254,0.0
52.4219013592233,12.756729192771084,0.0
52.4219013592233,12.756871807228917,0.0
52.4219013592233,12.757014421686748,0.0
52.4219013592233,12.757157036144578,0.0
52.4219013592233,12.75729965060241,0.0
52.4219013592233,12.757442265060241,0.0
52.4219013592233,12.757584879518072,0.0
52.4219013592233,12.757727493975905,0.0
52.4219013592233,12.757870108433735,0.0
52.4219013592233,12.758012722891566,0.0
52.4219013592233,12.758155337349399,0.0
52.4219013592233,12.75829795180723,0.0
52.4219013592233,12.758440566265062,0.0
52.4219013592233,12.758583180722892,0.0
52.4219013592233,12.758725795180723,0.0
52.4219013592233,12.758868409638556,0.0
52.4219013592233,12.759011024096386,0.0
52.4219013592233,12.759153638554217,0.0
52.4219013592233,12.75929625301205,0.0
52.4219013592233,12.75943886746988,0.0
52.4219013592233,12.759581481927711,0.0
52.4219013592233,12.759724096385543,0.0
52.4219013592233,12.759866710843374,0.0
52.4219013592233,12.760009325301205,0.0
52.4219013592233,12.760151939759037,0.0
52.4219013592233,12.760294554216868,0.0
52.4219013592233,12.760437168674699,0.0
52.4219013592233,12.760579783132531,0.0
52.4219013592233,12.760722397590362,0.0
52.4219013592233,12.760865012048193,0.0
52.4219013592233,12.761007626506025,0.0
52.4219013592233,12.761150240963856,0.0
52.4219013592233,12.761292855421688,0.0
52.4219013592233,12.761435469879519,0.0
52.4219013592233,12.76157808433735,0.0
52.4219013592233,12.761720698795182,0.0
52.4219013592233,12.761863313253013,0.0
52.4219013592233,12.762005927710844,0.0
52.4219013592233,12.762148542168676,0.0
52.4219013592233,12.762291156626507,0.0
52.4219013592233,12.762433771084337,0.0
52.4219013592233,12.76257638554217,0.0
52.4219013592233,12.762719,0.0
52.42199409708738,12.750882,0.0
52.42199409708738,12.751024614457831,0.0
52.42199409708738,12.751167228915664,0.0
52.42199409708738,12.751309843373495,0.0
52.42199409708738,12.751452457831325,0.0
52.42199409708738,12.751595072289158,0.0
52.42199409708738,12.751737686746988,0.0
52.42199409708738,12.75188030120482,0.0
52.42199409708738,12.752022915662652,0.0
52.42199409708738,12.752165530120482,0.0
52.42199409708738,12.752308144578313,0.0
52.42199409708738,12.752450759036146,0.0
52.42199409708738,12.752593373493976,0.0
52.42199409708738,12.752735987951809,0.0
52.42199409708738,12.75287860240964,0.0
52.42199409708738,12.75302121686747,0.0
52.42199409708738,12.753163831325303,0.0
52.42199409708738,12.753306445783133,0.0
52.42199409708738,12.753449060240964,0.0
52.42199409708738,12.753591674698797,0.0
52.42199409708738,12.753734289156627,0.0
52.42199409708738,12.753876903614458,0.0
52.42199409708738,12.75401951807229,0.0
52.42199409708738,12.754162132530121,0.0
52.42199409708738,12.754304746987952,0.0
52.42199409708738,12.754447361445784,0.0
52.42199409708738,12.754589975903615,0.0
52.42199409708738,12.754732590361446,0.0
52.42199409708738,12.754875204819278,0.0
52.42199409708738,12.755017819277109,0.0
52.42199409708738,12.75516043373494,0.0
52.42199409708738,12.755303048192772,0.0
52.42199409708738,12.755445662650603,0.0
52.42199409708738,12.755588277108435,0.0
52.42199409708738,12.755730891566266,0.0
52.42199409708738,12.755873506024097,0.0
52.42199409708738,12.75601612048193,0.0
52.42199409708738,12.75615873493976,0.0
52.42199409708738,12.75630134939759,0.0
52.42199409708738,12.756443963855423,0.0
52.42199409708738,12.756586578313254,0.0
52.42199409708738,12.756729192771084,0.0
52.42199409708738,12.756871807228917,0.0
52.42199409708738,12.757014421686748,0.0
52.42199409708738,12.757157036144578,0.0
52.42199409708738,12.75729965060241,0.0
52.42199409708738,12.757442265060241,0.0
52.42199409708738,12.757584879518072,0.0
52.42199409708738,12.757727493975905,0.0
52.42199409708738,12.757870108433735,0.0
52.42199409708738,12.758012722891566,0.0
52.42199409708738,12.758155337349399,0.0
52.42199409708738,12.75829795180723,0.0
52.42199409708738,12.758440566265062,0.0
52.42199409708738,12.758583180722892,0.0
52.42199409708738,12.758725795180723,0.0
52.42199409708738,12.758868409638556,0.0
52.42199409708738,12.759011024096386,0.0
52.42199409708738,12.759153638554217,0.0
52.42199409708738,12.75929625301205,0.0
52.42199409708738,12.75943886746988,0.0
52.42199409708738,12.759581481927711,0.0
52.42199409708738,12.759724096385543,0.0
52.42199409708738,12.759866710843374,0.0
52.42199409708738,12.760009325301205,0.0
52.42199409708738,12.760151939759037,0.0
52.42199409708738,12.760294554216868,0.0
52.42199409708738,12.760437168674699,0.0
52.42199409708738,12.760579783132531,0.0
52.42199409708738,12.760722397590362,0.0
52.42199409708738,12.760865012048193,0.0
52.42199409708738,12.761007626506025,0.0
52.42199409708738,12.761150240963856,0.0
52.42199409708738,12.761292855421688,0.0
52.42199409708738,12.761435469879519,0.0
52.42199409708738,12.76157808433735,0.0
52.42199409708738,12.761720698795182,0.0
52.42199409708738,12.761863313253013,0.0
52.42199409708738,12.762005927710844,0.0
52.42199409708738,12.762148542168676,0.0
52.42199409708738,12.762291156626507,0.0
52.42199409708738,12.762433771084337,0.0
52.42199409708738,12.76257638554217,0.0
52.42199409708738,12.762719,0.0
52.42208683495146,12.750882,0.0
52.42208683495146,12.751024614457831,0.0
52.42208683495146,12.751167228915664,0.0
52.42208683495146,12.751309843373495,0.0
52.42208683495146,12.751452457831325,0.0
52.42208683495146,12.751595072289158,0.0
52.42208683495146,12.751737686746988,0.0
52.42208683495146,12.75188030120482,0.0
52.42208683495146,12.752022915662652,0.0
52.42208683495146,12.752165530120482,0.0
52.42208683495146,12.752308144578313,0.0
52.42208683495146,12.752450759036146,0.0
52.42208683495146,12.752593373493976,0.0
52.42208683495146,12.752735987951809,0.0
52.42208683495146,12.75287860240964,0.0
52.42208683495146,12.75302121686747,0.0
52.42208683495146,12.753163831325303,0.0
52.42208683495146,12.753306445783133,0.0
52.42208683495146,12.753449060240964,0.0
52.42208683495146,12.753591674698797,0.0
52.42208683495146,12.753734289156627,0.0
52.42208683495146,12.753876903614458,0.0
52.42208683495146,12.75401951807229,0.0
52.42208683495146,12.754162132530121,0.0
52.42208683495146,12.754304746987952,0.0
52.42208683495146,12.754447361445784,0.0
52.42208683495146,12.754589975903615,0.0
52.42208683495146,12.754732590361446,0.0
52.42208683495146,12.754875204819278,0.0
52.42208683495146,12.755017819277109,0.0
52.42208683495146,12.75516043373494,0.0
52.42208683495146,12.755303048192772,0.0
52.42208683495146,12.755445662650603,0.0
52.42208683495146,12.755588277108435,0.0
52.42208683495146,12.755730891566266,0.0
52.42208683495146,12.755873506024097,0.0
52.42208683495146,12.75601612048193,0.0
52.42208683495146,12.75615873493976,0.0
52.42208683495146,12.75630134939759,0.0
52.42208683495146,12.756443963855423,0.0
52.42208683495146,12.756586578313254,0.0
52.42208683495146,12.756729192771084,0.0
52.42208683495146,12.756871807228917,0.0
52.42208683495146,12.757014421686748,0.0
52.42208683495146,12.757157036144578,0.0
52.42208683495146,12.75729965060241,0.0
52.42208683495146,12.757442265060241,0.0
52.42208683495146,12.757584879518072,0.0
52.42208683495146,12.757727493975905,0.0
52.42208683495146,12.757870108433735,0.0
52.42208683495146,12.758012722891566,0.0
52.42208683495146,12.758155337349399,0.0
52.42208683495146,12.75829795180723,0.0
52.42208683495146,12.758440566265062,0.0
52.42208683495146,12.758583180722892,0.0
52.42208683495146,12.758725795180723,0.0
52.42208683495146,12.758868409638556,0.0
52.42208683495146,12.759011024096386,0.0
52.42208683495146,12.759153638554217,0.0
52.42208683495146,12.75929625301205,0.0
52.42208683495146,12.75943886746988,0.0
52.42208683495146,12.759581481927711,0.0
52.42208683495146,12.759724096385543,0.0
52.42208683495146,12.759866710843374,0.0
52.42208683495146,12.760009325301205,0.0
52.42208683495146,12.760151939759037,0.0
52.42208683495146,12.760294554216868,0.0
52.42208683495146,12.760437168674699,0.0
52.42208683495146,12.760579783132531,0.0
52.42208683495146,12.760722397590362,0.0
52.42208683495146,12.760865012048193,0.0
52.42208683495146,12.761007626506025,0.0
52.42208683495146,12.761150240963856,0.0
52.42208683495146,12.761292855421688,0.0
52.42208683495146,12.761435469879519,0.0
52.42208683495146,12.76157808433735,0.0
52.42208683495146,12.761720698795182,0.0
52.42208683495146,12.761863313253013,0.0
52.42208683495146,12.762005927710844,0.0
52.42208683495146,12.762148542168676,0.0
52.42208683495146,12.762291156626507,0.0
52.42208683495146,12.762433771084337,0.0
52.42208683495146,12.76257638554217,0.0
52.42208683495146,12.762719,0.0
52.42217957281554,12.750882,0.0
52.42217957281554,12.751024614457831,0.0
52.42217957281554,12.751167228915664,0.0
52.42217957281554,12.751309843373495,0.0
52.42217957281554,12.751452457831325,0.0
52.42217957281554,12.751595072289158,0.0
52.42217957281554,12.751737686746988,0.0
52.42217957281554,12.75188030120482,0.0
52.42217957281554,12.752022915662652,0.0
52.42217957281554,12.752165530120482,0.0
52.42217957281554,12.752308144578313,0.0
52.42217957281554,12.752450759036146,0.0
52.42217957281554,12.752593373493976,0.0
52.42217957281554,12.752735987951809,0.0
52.42217957281554,12.75287860240964,0.0
52.42217957281554,12.75302121686747,0.0
52.42217957281554,12.753163831325303,0.0
52.42217957281554,12.753306445783133,0.0
52.42217957281554,12.753449060240964,0.0
52.42217957281554,12.753591674698797,0.0
52.42217957281554,12.753734289156627,0.0
52.42217957281554,12.753876903614458,0.0
52.42217957281554,12.75401951807229,0.0
52.42217957281554,12.754162132530121,0.0
52.42217957281554,12.754304746987952,0.0
52.42217957281554,12.754447361445784,0.0
52.42217957281554,12.754589975903615,0.0
52.42217957281554,12.754732590361446,0.0
52.42217957281554,12.754875204819278,0.0
52.42217957281554,12.755017819277109,0.0
52.42217957281554,12.75516043373494,0.0
52.42217957281554,12.755303048192772,0.0
52.42217957281554,12.755445662650603,0.0
52.42217957281554,12.755588277108435,0.0
52.42217957281554,12.755730891566266,0.0
52.42217957281554,12.755873506024097,0.0
52.42217957281554,12.75601612048193,0.0
52.42217957281554,12.75615873493976,0.0
52.42217957281554,12.75630134939759,0.0
52.42217957281554,12.756443963855423,0.0
52.42217957281554,12.756586578313254,0.0
52.42217957281554,12.756729192771084,0.0
52.42217957281554,12.756871807228917,0.0
52.42217957281554,12.757014421686748,0.0
52.42217957281554,12.757157036144578,0.0
52.42217957281554,12.75729965060241,0.0
52.42217957281554,12.757442265060241,0.0
52.42217957281554,12.757584879518072,0.0
52.42217957281554,12.757727493975905,0.0
52.42217957281554,12.757870108433735,0.0
52.42217957281554,12.758012722891566,0.0
52.42217957281554,12.758155337349399,0.0
52.42217957281554,12.75829795180723,0.0
52.42217957281554,12.758440566265062,0.0
52.42217957281554,12.758583180722892,0.0
52.42217957281554,12.758725795180723,0.0
52.42217957281554,12.758868409638556,0.0
52.42217957281554,12.759011024096386,0.0
52.42217957281554,12.759153638554217,0.0
52.42217957281554,12.75929625301205,0.0
52.42217957281554,12.75943886746988,0.0
52.42217957281554,12.759581481927711,0.0
52.42217957281554,12.759724096385543,0.0
52.42217957281554,12.759866710843374,0.0
52.42217957281554,12.760009325301205,0.0
52.42217957281554,12.760151939759037,0.0
52.42217957281554,12.760294554216868,0.0
52.42217957281554,12.760437168674699,0.0
52.42217957281554,12.760579783132531,0.0
52.42217957281554,12.760722397590362,0.0
52.42217957281554,12.760865012048193,0.0
52.42217957281554,12.761007626506025,0.0
52.42217957281554,12.761150240963856,0.0
52.42217957281554,12.761292855421688,0.0
52.42217957281554,12.761435469879519,0.0
52.42217957281554,12.76157808433735,0.0
52.42217957281554,12.761720698795182,0.0
52.42217957281554,12.761863313253013,0.0
52.42217957281554,12.762005927710844,0.0
52.42217957281554,12.762148542168676,0.0
52.42217957281554,12.762291156626507,0.0
52.42217957281554,12.762433771084337,0.0
52.42217957281554,12.76257638554217,0.0
52.42217957281554,12.762719,0.0
52.42227231067961,12.750882,0.0
52.42227231067961,12.751024614457831,0.0
52.42227231067961,12.751167228915664,0.0
52.42227231067961,12.751309843373495,0.0
52.42227231067961,12.751452457831325,0.0
52.42227231067961,12.751595072289158,0.0
52.42227231067961,12.751737686746988,0.0
52.42227231067961,12.75188030120482,0.0
52.42227231067961,12.752022915662652,0.0
52.42227231067961,12.752165530120482,0.0
52.42227231067961,12.752308144578313,0.0
52.42227231067961,12.752450759036146,0.0
52.42227231067961,12.752593373493976,0.0
52.42227231067961,12.752735987951809,0.0
52.42227231067961,12.75287860240964,0.0
52.42227231067961,12.75302121686747,0.0
52.42227231067961,12.753163831325303,0.0
52.42227231067961,12.753306445783133,0.0
52.42227231067961,12.753449060240964,0.0
52.42227231067961,12.753591674698797,0.0
52.42227231067961,12.753734289156627,0.0
52.42227231067961,12.753876903614458,0.0
52.42227231067961,12.75401951807229,0.0
52.42227231067961,12.754162132530121,0.0
52.42227231067961,12.754304746987952,0.0
52.42227231067961,12.754447361445784,0.0
52.42227231067961,12.754589975903615,0.0
52.42227231067961,12.754732590361446,0.0
52.42227231067961,12.754875204819278,0.0
52.42227231067961,12.755017819277109,0.0
52.42227231067961,12.75516043373494,0.0
52.42227231067961,12.755303048192772,0.0
52.42227231067961,12.755445662650603,0.0
52.42227231067961,12.755588277108435,0.0
52.42227231067961,12.755730891566266,0.0
52.42227231067961,12.755873506024097,0.0
52.42227231067961,12.75601612048193,0.0
52.42227231067961,12.75615873493976,0.0
52.42227231067961,12.75630134939759,0.0
52.42227231067961,12.756443963855423,0.0
52.42227231067961,12.756586578313254,0.0
52.42227231067961,12.756729192771084,0.0
52.42227231067961,12.756871807228917,0.0
52.42227231067961,12.757014421686748,0.0
52.42227231067961,12.757157036144578,0.0
52.42227231067961,12.75729965060241,0.0
52.42227231067961,12.757442265060241,0.0
52.42227231067961,12.757584879518072,0.0
52.42227231067961,12.757727493975905,0.0
52.42227231067961,12.757870108433735,0.0
52.42227231067961,12.758012722891566,0.0
52.42227231067961,12.758155337349399,0.0
52.42227231067961,12.75829795180723,0.0
52.42227231067961,12.758440566265062,0.0
52.42227231067961,12.758583180722892,0.0
52.42227231067961,12.758725795180723,0.0
52.42227231067961,12.758868409638556,0.0
52.42227231067961,12.759011024096386,0.0
52.42227231067961,12.759153638554217,0.0
52.42227231067961,12.75929625301205,0.0
52.42227231067961,12.75943886746988,0.0
52.42227231067961,12.759581481927711,0.0
52.42227231067961,12.759724096385543,0.0
52.42227231067961,12.759866710843374,0.0
52.42227231067961,12.760009325301205,0.0
52.42227231067961,12.760151939759037,0.0
52.42227231067961,12.760294554216868,0.0
52.42227231067961,12.760437168674699,0.0
52.42227231067961,12.760579783132531,0.0
52.42227231067961,12.760722397590362,0.0
52.42227231067961,12.760865012048193,0.0
52.42227231067961,12.761007626506025,0.0
52.42227231067961,12.761150240963856,0.0
52.42227231067961,12.761292855421688,0.0
52.42227231067961,12.761435469879519,0.0
52.42227231067961,12.76157808433735,0.0
52.42227231067961,12.761720698795182,0.0
52.42227231067961,12.761863313253013,0.0
52.42227231067961,12.762005927710844,0.0
52.42227231067961,12.762148542168676,0.0
52.42227231067961,12.762291156626507,0.0
52.42227231067961,12.762433771084337,0.0
52.42227231067961,12.76257638554217,0.0
52.42227231067961,12.762719,0.0
52.42236504854369,12.750882,0.0
52.42236504854369,12.751024614457831,0.0
52.42236504854369,12.751167228915664,0.0
52.42236504854369,12.751309843373495,0.0
52.42236504854369,12.751452457831325,0.0
52.42236504854369,12.751595072289158,0.0
52.42236504854369,12.751737686746988,0.0
52.42236504854369,12.75188030120482,0.0
52.42236504854369,12.752022915662652,0.0
52.42236504854369,12.752165530120482,0.0
52.42236504854369,12.752308144578313,0.0
52.42236504854369,12.752450759036146,0.0
52.42236504854369,12.752593373493976,0.0
52.42236504854369,12.752735987951809,0.0
52.42236504854369,12.75287860240964,0.0
52.42236504854369,12.75302121686747,0.0
52.42236504854369,12.753163831325303,0.0
52.42236504854369,12.753306445783133,0.0
52.42236504854369,12.753449060240964,0.0
52.42236504854369,12.753591674698797,0.0
52.42236504854369,12.753734289156627,0.0
52.42236504854369,12.753876903614458,0.0
52.42236504854369,12.75401951807229,0.0
52.42236504854369,12.754162132530121,0.0
52.42236504854369,12.754304746987952,0.0
52.42236504854369,12.754447361445784,0.0
52.42236504854369,12.754589975903615,0.0
52.42236504854369,12.754732590361446,0.0
52.42236504854369,12.754875204819278,0.0
52.42236504854369,12.755017819277109,0.0
52.42236504854369,12.75516043373494,0.0
52.42236504854369,12.755303048192772,0.0
52.42236504854369,12.755445662650603,0.0
52.42236504854369,12.755588277108435,0.0
52.42236504854369,12.755730891566266,0.0
52.42236504854369,12.755873506024097,0.0
52.42236504854369,12.75601612048193,0.0
52.42236504854369,12.75615873493976,0.0
52.42236504854369,12.75630134939759,0.0
52.42236504854369,12.756443963855423,0.0
52.42236504854369,12.756586578313254,0.0
52.42236504854369,12.756729192771084,0.0
52.42236504854369,12.756871807228917,0.0
52.42236504854369,12.757014421686748,0.0
52.42236504854369,12.757157036144578,0.0
52.42236504854369,12.75729965060241,0.0
52.42236504854369,12.757442265060241,0.0
52.42236504854369,12.757584879518072,0.0
52.42236504854369,12.757727493975905,0.0
52.42236504854369,12.757870108433735,0.0
52.42236504854369,12.758012722891566,0.0
52.42236504854369,12.758155337349399,0.0
52.42236504854369,12.75829795180723,0.0
52.42236504854369,12.758440566265062,0.0
52.42236504854369,12.758583180722892,0.0
52.42236504854369,12.758725795180723,0.0
52.42236504854369,12.758868409638556,0.0
52.42236504854369,12.759011024096386,0.0
52.42236504854369,12.759153638554217,0.0
52.42236504854369,12.75929625301205,0.0
52.42236504854369,12.75943886746988,0.0
52.42236504854369,12.759581481927711,0.0
52.42236504854369,12.759724096385543,0.0
52.42236504854369,12.759866710843374,0.0
52.42236504854369,12.760009325301205,0.0
52.42236504854369,12.760151939759037,0.0
52.42236504854369,12.760294554216868,0.0
52.42236504854369,12.760437168674699,0.0
52.42236504854369,12.760579783132531,0.0
52.42236504854369,12.760722397590362,0.0
52.42236504854369,12.760865012048193,0.0
52.42236504854369,12.761007626506025,0.0
52.42236504854369,12.761150240963856,0.0
52.42236504854369,12.761292855421688,0.0
52.42236504854369,12.761435469879519,0.0
52.42236504854369,12.76157808433735,0.0
52.42236504854369,12.761720698795182,0.0
52.42236504854369,12.761863313253013,0.0
52.42236504854369,12.762005927710844,0.0
52.42236504854369,12.762148542168676,0.0
52.42236504854369,12.762291156626507,0.0
52.42236504854369,12.762433771084337,0.0
52.42236504854369,12.76257638554217,0.0
52.42236504854369,12.762719,0.0
52.42245778640777,12.750882,0.0
52.42245778640777,12.751024614457831,0.0
52.42245778640777,12.751167228915664,0.0
52.42245778640777,12.751309843373495,0.0
52.42245778640777,12.751452457831325,0.0
52.42245778640777,12.751595072289158,0.0
52.42245778640777,12.751737686746988,0.0
52.42245778640777,12.75188030120482,0.0
52.42245778640777,12.752022915662652,0.0
52.42245778640777,12.752165530120482,0.0
52.42245778640777,12.752308144578313,0.0
52.42245778640777,12.752450759036146,0.0
52.42245778640777,12.752593373493976,0.0
52.42245778640777,12.752735987951809,0.0
52.42245778640777,12.75287860240964,0.0
52.42245778640777,12.75302121686747,0.0
52.42245778640777,12.753163831325303,0.0
52.42245778640777,12.753306445783133,0.0
52.42245778640777,12.753449060240964,0.0
52.42245778640777,12.753591674698797,0.0
52.42245778640777,12.753734289156627,0.0
52.42245778640777,12.753876903614458,0.0
52.42245778640777,12.75401951807229,0.0
52.42245778640777,12.754162132530121,0.0
52.42245778640777,12.754304746987952,0.0
52.42245778640777,12.754447361445784,0.0
52.42245778640777,12.754589975903615,0.0
52.42245778640777,12.754732590361446,0.0
52.42245778640777,12.754875204819278,0.0
52.42245778640777,12.755017819277109,0.0
52.42245778640777,12.75516043373494,0.0
52.42245778640777,12.755303048192772,0.0
52.42245778640777,12.755445662650603,0.0
52.42245778640777,12.755588277108435,0.0
52.42245778640777,12.755730891566266,0.0
52.42245778640777,12.755873506024097,0.0
52.42245778640777,12.75601612048193,0.0
52.42245778640777,12.75615873493976,0.0
52.42245778640777,12.75630134939759,0.0
52.42245778640777,12.756443963855423,0.0
52.42245778640777,12.756586578313254,0.0
52.42245778640777,12.756729192771084,0.0
52.42245778640777,12.756871807228917,0.0
52.42245778640777,12.757014421686748,0.0
52.42245778640777,12.757157036144578,0.0
52.42245778640777,12.75729965060241,0.0
52.42245778640777,12.757442265060241,0.0
52.42245778640777,12.757584879518072,0.0
52.42245778640777,12.757727493975905,0.0
52.42245778640777,12.757870108433735,0.0
52.42245778640777,12.758012722891566,0.0
52.42245778640777,12.758155337349399,0.0
52.42245778640777,12.75829795180723,0.0
52.42245778640777,12.758440566265062,0.0
52.42245778640777,12.758583180722892,0.0
52.42245778640777,12.758725795180723,0.0
52.42245778640777,12.758868409638556,0.0
52.42245778640777,12.759011024096386,0.0
52.42245778640777,12.759153638554217,0.0
52.42245778640777,12.75929625301205,0.0
52.42245778640777,12.75943886746988,0.0
52.42245778640777,12.759581481927711,0.0
52.42245778640777,12.759724096385543,0.0
52.42245778640777,12.759866710843374,0.0
52.42245778640777,12.760009325301205,0.0
52.42245778640777,12.760151939759037,0.0
52.42245778640777,12.760294554216868,0.0
52.42245778640777,12.760437168674699,0.0
52.42245778640777,12.760579783132531,0.0
52.42245778640777,12.760722397590362,0.0
52.42245778640777,12.760865012048193,0.0
52.42245778640777,12.761007626506025,0.0
52.42245778640777,12.761150240963856,0.0
52.42245778640777,12.761292855421688,0.0
52.42245778640777,12.761435469879519,0.0
52.42245778640777,12.76157808433735,0.0
52.42245778640777,12.761720698795182,0.0
52.42245778640777,12.761863313253013,0.0
52.42245778640777,12.762005927710844,0.0
52.42245778640777,12.762148542168676,0.0
52.42245778640777,12.762291156626507,0.0
52.42245778640777,12.762433771084337,0.0
52.42245778640777,12.76257638554217,0.0
52.42245778640777,12.762719,0.0
52.42255052427185,12.750882,0.0
52.42255052427185,12.751024614457831,0.0
52.42255052427185,12.751167228915664,0.0
52.42255052427185,12.751309843373495,0.0
52.42255052427185,12.751452457831325,0.0
52.42255052427185,12.751595072289158,0.0
52.42255052427185,12.751737686746988,0.0
52.42255052427185,12.75188030120482,0.0
52.42255052427185,12.752022915662652,0.0
52.42255052427185,12.752165530120482,0.0
52.42255052427185,12.752308144578313,0.0
52.42255052427185,12.752450759036146,0.0
52.42255052427185,12.752593373493976,0.0
52.42255052427185,12.752735987951809,0.0
52.42255052427185,12.75287860240964,0.0
52.42255052427185,12.75302121686747,0.0
52.42255052427185,12.753163831325303,0.0
52.42255052427185,12.753306445783133,0.0
52.42255052427185,12.753449060240964,0.0
52.42255052427185,12.753591674698797,0.0
52.42255052427185,12.753734289156627,0.0
52.42255052427185,12.753876903614458,0.0
52.42255052427185,12.75401951807229,0.0
52.42255052427185,12.754162132530121,0.0
52.42255052427185,12.754304746987952,0.0
52.42255052427185,12.754447361445784,0.0
52.42255052427185,12.754589975903615,0.0
52.42255052427185,12.754732590361446,0.0
52.42255052427185,12.754875204819278,0.0
52.42255052427185,12.755017819277109,0.0
52.42255052427185,12.75516043373494,0.0
52.42255052427185,12.755303048192772,0.0
52.42255052427185,12.755445662650603,0.0
52.42255052427185,12.755588277108435,0.0
52.42255052427185,12.755730891566266,0.0
52.42255052427185,12.755873506024097,0.0
52.42255052427185,12.75601612048193,0.0
52.42255052427185,12.75615873493976,0.0
52.42255052427185,12.75630134939759,0.0
52.42255052427185,12.756443963855423,0.0
52.42255052427185,12.756586578313254,0.0
52.42255052427185,12.756729192771084,0.0
52.42255052427185,12.756871807228917,0.0
52.42255052427185,12.757014421686748,0.0
52.42255052427185,12.757157036144578,0.0
52.42255052427185,12.75729965060241,0.0
52.42255052427185,12.757442265060241,0.0
52.42255052427185,12.757584879518072,0.0
52.42255052427185,12.757727493975905,0.0
52.42255052427185,12.757870108433735,0.0
52.42255052427185,12.758012722891566,0.0
52.42255052427185,12.758155337349399,0.0
52.42255052427185,12.75829795180723,0.0
52.42255052427185,12.758440566265062,0.0
52.42255052427185,12.758583180722892,0.0
52.42255052427185,12.758725795180723,0.0
52.42255052427185,12.758868409638556,0.0
52.42255052427185,12.759011024096386,0.0
52.42255052427185,12.759153638554217,0.0
52.42255052427185,12.75929625301205,0.0
52.42255052427185,12.75943886746988,0.0
52.42255052427185,12.759581481927711,0.0
52.42255052427185,12.759724096385543,0.0
52.42255052427185,12.759866710843374,0.0
52.42255052427185,12.760009325301205,0.0
52.42255052427185,12.760151939759037,0.0
52.42255052427185,12.760294554216868,0.0
52.42255052427185,12.760437168674699,0.0
52.42255052427185,12.760579783132531,0.0
52.42255052427185,12.760722397590362,0.0
52.42255052427185,12.760865012048193,0.0
52.42255052427185,12.761007626506025,0.0
52.42255052427185,12.761150240963856,0.0
52.42255052427185,12.761292855421688,0.0
52.42255052427185,12.761435469879519,0.0
52.42255052427185,12.76157808433735,0.0
52.42255052427185,12.761720698795182,0.0
52.42255052427185,12.761863313253013,0.0
52.42255052427185,12.762005927710844,0.0
52.42255052427185,12.762148542168676,0.0
52.42255052427185,12.762291156626507,0.0
52.42255052427185,12.762433771084337,0.0
52.42255052427185,12.76257638554217,0.0
52.42255052427185,12.762719,0.0
52.42264326213592,12.750882,0.0
52.42264326213592,12.751024614457831,0.0
52.42264326213592,12.751167228915664,0.0
52.42264326213592,12.751309843373495,0.0
52.42264326213592,12.751452457831325,0.0
52.42264326213592,12.751595072289158,0.0
52.42264326213592,12.751737686746988,0.0
52.42264326213592,12.75188030120482,0.0
52.42264326213592,12.752022915662652,0.0
52.42264326213592,12.752165530120482,0.0
52.42264326213592,12.752308144578313,0.0
52.42264326213592,12.752450759036146,0.0
52.42264326213592,12.752593373493976,0.0
52.42264326213592,12.752735987951809,0.0
52.42264326213592,12.75287860240964,0.0
52.42264326213592,12.75302121686747,0.0
52.42264326213592,12.753163831325303,0.0
52.42264326213592,12.753306445783133,0.0
52.42264326213592,12.753449060240964,0.0
52.42264326213592,12.753591674698797,0.0
52.42264326213592,12.753734289156627,0.0
52.42264326213592,12.753876903614458,0.0
52.42264326213592,12.75401951807229,0.0
52.42264326213592,12.754162132530121,0.0
52.42264326213592,12.754304746987952,0.0
52.42264326213592,12.754447361445784,0.0
52.42264326213592,12.754589975903615,0.0
52.42264326213592,12.754732590361446,0.0
52.42264326213592,12.754875204819278,0.0
52.42264326213592,12.755017819277109,0.0
52.42264326213592,12.75516043373494,0.0
52.42264326213592,12.755303048192772,0.0
52.42264326213592,12.755445662650603,0.0
52.42264326213592,12.755588277108435,0.0
52.42264326213592,12.755730891566266,0.0
52.42264326213592,12.755873506024097,0.0
52.42264326213592,12.75601612048193,0.0
52.42264326213592,12.75615873493976,0.0
52.42264326213592,12.75630134939759,0.0
52.42264326213592,12.756443963855423,0.0
52.42264326213592,12.756586578313254,0.0
52.42264326213592,12.756729192771084,0.0
52.42264326213592,12.756871807228917,0.0
52.42264326213592,12.757014421686748,0.0
52.42264326213592,12.757157036144578,0.0
52.42264326213592,12.75729965060241,0.0
52.42264326213592,12.757442265060241,0.0
52.42264326213592,12.757584879518072,0.0
52.42264326213592,12.757727493975905,0.0
52.42264326213592,12.757870108433735,0.0
52.42264326213592,12.758012722891566,0.0
52.42264326213592,12.758155337349399,0.0
52.42264326213592,12.75829795180723,0.0
52.42264326213592,12.758440566265062,0.0
52.42264326213592,12.758583180722892,0.0
52.42264326213592,12.758725795180723,0.0
52.42264326213592,12.758868409638556,0.0
52.42264326213592,12.759011024096386,0.0
52.42264326213592,12.759153638554217,0.0
52.42264326213592,12.75929625301205,0.0
52.42264326213592,12.75943886746988,0.0
52.42264326213592,12.759581481927711,0.0
52.42264326213592,12.759724096385543,0.0
52.42264326213592,12.759866710843374,0.0
52.42264326213592,12.760009325301205,0.0
52.42264326213592,12.760151939759037,0.0
52.42264326213592,12.760294554216868,0.0
52.42264326213592,12.760437168674699,0.0
52.42264326213592,12.760579783132531,0.0
52.42264326213592,12.760722397590362,0.0
52.42264326213592,12.760865012048193,0.0
52.42264326213592,12.761007626506025,0.0
52.42264326213592,12.761150240963856,0.0
52.42264326213592,12.761292855421688,0.0
52.42264326213592,12.761435469879519,0.0
52.42264326213592,12.76157808433735,0.0
52.42264326213592,12.761720698795182,0.0
52.42264326213592,12.761863313253013,0.0
52.42264326213592,12.762005927710844,0.0
52.42264326213592,12.762148542168676,0.0
52.42264326213592,12.762291156626507,0.0
52.42264326213592,12.762433771084337,0.0
52.42264326213592,12.76257638554217,0.0
52.42264326213592,12.762719,0.0
52.422736,12.750882,0.0
52.422736,12.751024614457831,0.0
52.422736,12.751167228915664,0.0
52.422736,12.751309843373495,0.0
52.422736,12.751452457831325,0.0
52.422736,12.751595072289158,0.0
52.422736,12.751737686746988,0.0
52.422736,12.75188030120482,0.0
52.422736,12.752022915662652,0.0
52.422736,12.752165530120482,0.0
52.422736,12.752308144578313,0.0
52.422736,12.752450759036146,0.0
52.422736,12.752593373493976,0.0
52.422736,12.752735987951809,0.0
52.422736,12.75287860240964,0.0
52.422736,12.75302121686747,0.0
52.422736,12.753163831325303,0.0
52.422736,12.753306445783133,0.0
52.422736,12.753449060240964,0.0
52.422736,12.753591674698797,0.0
52.422736,12.753734289156627,0.0
52.422736,12.753876903614458,0.0
52.422736,12.75401951807229,0.0
52.422736,12.754162132530121,0.0
52.422736,12.754304746987952,0.0
52.422736,12.754447361445784,0.0
52.422736,12.754589975903615,0.0
52.422736,12.754732590361446,0.0
52.422736,12.754875204819278,0.0
52.422736,12.755017819277109,0.0
52.422736,12.75516043373494,0.0
52.422736,12.755303048192772,0.0
52.422736,12.755445662650603,0.0
52.422736,12.755588277108435,0.0
52.422736,12.755730891566266,0.0
52.422736,12.755873506024097,0.0
52.422736,12.75601612048193,0.0
52.422736,12.75615873493976,0.0
52.422736,12.75630134939759,0.0
52.422736,12.756443963855423,0.0
52.422736,12.756586578313254,0.0
52.422736,12.756729192771084,0.0
52.422736,12.756871807228917,0.0
52.422736,12.757014421686748,0.0
52.422736,12.757157036144578,0.0
52.422736,12.75729965060241,0.0
52.422736,12.757442265060241,0.0
52.422736,12.757584879518072,0.0
52.422736,12.757727493975905,0.0
52.422736,12.757870108433735,0.0
52.422736,12.758012722891566,0.0
52.422736,12.758155337349399,0.0
52.422736,12.75829795180723,0.0
52.422736,12.758440566265062,0.0
52.422736,12.758583180722892,0.0
52.422736,12.758725795180723,0.0
52.422736,12.758868409638556,0.0
52.422736,12.759011024096386,0.0
52.422736,12.759153638554217,0.0
52.422736,12.75929625301205,0.0
52.422736,12.75943886746988,0.0
52.422736,12.759581481927711,0.0
52.422736,12.759724096385543,0.0
52.422736,12.759866710843374,0.0
52.422736,12.760009325301205,0.0
52.422736,12.760151939759037,0.0
52.422736,12.760294554216868,0.0
52.422736,12.760437168674699,0.0
52.422736,12.760579783132531,0.0
52.422736,12.760722397590362,0.0
52.422736,12.760865012048193,0.0
52.422736,12.761007626506025,0.0
52.422736,12.761150240963856,0.0
52.422736,12.761292855421688,0.0
52.422736,12.761435469879519,0.0
52.422736,12.76157808433735,0.0
52.422736,12.761720698795182,0.0
52.422736,12.761863313253013,0.0
52.422736,12.762005927710844,0.0
52.422736,12.762148542168676,0.0
52.422736,12.762291156626507,0.0
52.422736,12.762433771084337,0.0
52.422736,12.76257638554217,0.0
52.422736,12.762719,0.0
