latitude,longitude,value
52.413184,12.750882,0.0
52.413184,12.751024614457831,0.0
52.413184,12.751167228915664,0.0
52.413184,12.751309843373495,0.0
52.413184,12.751452457831325,0.0
52.413184,12.751595072289158,0.0
52.413184,12.751737686746988,0.0
52.413184,12.75188030120482,0.0
52.413184,12.752022915662652,0.0
52.413184,12.752165530120482,0.0
52.413184,12.752308144578313,0.0
52.413184,12.752450759036146,0.0
52.413184,12.752593373493976,0.0
52.413184,12.752735987951809,0.0
52.413184,12.75287860240964,0.0
52.413184,12.75302121686747,0.0
52.413184,12.753163831325303,0.0
52.413184,12.753306445783133,0.0
52.413184,12.753449060240964,0.0
52.413184,12.753591674698797,0.0
52.413184,12.753734289156627,0.0
52.413184,12.753876903614458,0.0
52.413184,12.75401951807229,0.0
52.413184,12.754162132530121,0.0
52.413184,12.754304746987952,0.0
52.413184,12.754447361445784,0.0
52.413184,12.754589975903615,0.0
52.413184,12.754732590361446,0.0
52.413184,12.754875204819278,0.0
52.413184,12.755017819277109,0.0
52.413184,12.75516043373494,0.0
52.413184,12.755303048192772,0.0
52.413184,12.755445662650603,0.0
52.413184,12.755588277108435,0.0
52.413184,12.755730891566266,0.0
52.413184,12.755873506024097,0.0
52.413184,12.75601612048193,0.0
52.413184,12.75615873493976,0.0
52.413184,12.75630134939759,0.0
52.413184,12.756443963855423,0.0
52.413184,12.756586578313254,0.0
52.413184,12.756729192771084,0.0
52.413184,12.756871807228917,0.0
52.413184,12.757014421686748,0.0
52.413184,12.757157036144578,0.0
52.413184,12.75729965060241,0.0
52.413184,12.757442265060241,0.0
52.413184,12.757584879518072,0.0
52.413184,12.757727493975905,0.0
52.413184,12.757870108433735,0.0
52.413184,12.758012722891566,0.0
52.413184,12.758155337349399,0.0
52.413184,12.75829795180723,0.0
52.413184,12.758440566265062,0.0
52.413184,12.758583180722892,0.0
52.413184,12.758725795180723,0.0
52.413184,12.758868409638556,0.0
52.413184,12.759011024096386,0.0
52.413184,12.759153638554217,0.0
52.413184,12.75929625301205,0.0
52.413184,12.75943886746988,0.0
52.413184,12.759581481927711,0.0
52.413184,12.759724096385543,0.0
52.413184,12.759866710843374,0.0
52.413184,12.760009325301205,0.0
52.413184,12.760151939759037,0.0
52.413184,12.760294554216868,0.0
52.413184,12.760437168674699,0.0
52.413184,12.760579783132531,0.0
52.413184,12.760722397590362,0.0
52.413184,12.760865012048193,0.0
52.413184,12.761007626506025,0.0
52.413184,12.761150240963856,0.0
52.413184,12.761292855421688,0.0
52.413184,12.761435469879519,0.0
52.413184,12.76157808433735,0.0
52.413184,12.761720698795182,0.0
52.413184,12.761863313253013,0.0
52.413184,12.762005927710844,0.0
52.413184,12.762148542168676,0.0
52.413184,12.762291156626507,0.0
52.413184,12.762433771084337,0.0
52.413184,12.76257638554217,0.0
52.413184,12.762719,0.0
52.41327673786408,12.750882,0.0
52.41327673786408,12.751024614457831,0.0
52.41327673786408,12.751167228915664,0.0
52.41327673786408,12.751309843373495,0.0
52.41327673786408,12.751452457831325,0.0
52.41327673786408,12.751595072289158,0.0
52.41327673786408,12.751737686746988,0.0
52.41327673786408,12.75188030120482,0.0
52.41327673786408,12.752022915662652,0.0
52.41327673786408,12.752165530120482,0.0
52.41327673786408,12.752308144578313,0.0
52.41327673786408,12.752450759036146,0.0
52.41327673786408,12.752593373493976,0.0
52.41327673786408,12.752735987951809,0.0
52.41327673786408,12.75287860240964,0.0
52.41327673786408,12.75302121686747,0.0
52.41327673786408,12.753163831325303,0.0
52.41327673786408,12.753306445783133,0.0
52.41327673786408,12.753449060240964,0.0
52.41327673786408,12.753591674698797,0.0
52.41327673786408,12.753734289156627,0.0
52.41327673786408,12.753876903614458,0.0
52.41327673786408,12.75401951807229,0.0
52.41327673786408,12.754162132530121,0.0
52.41327673786408,12.754304746987952,0.0
52.41327673786408,12.754447361445784,0.0
52.41327673786408,12.754589975903615,0.0
52.41327673786408,12.754732590361446,0.0
52.41327673786408,12.754875204819278,0.0
52.41327673786408,12.755017819277109,0.0
52.41327673786408,12.75516043373494,0.0
52.41327673786408,12.755303048192772,0.0
52.41327673786408,12.755445662650603,0.0
52.41327673786408,12.755588277108435,0.0
52.41327673786408,12.755730891566266,0.0
52.41327673786408,12.755873506024097,0.0
52.41327673786408,12.75601612048193,0.0
52.41327673786408,12.75615873493976,0.0
52.41327673786408,12.75630134939759,0.0
52.41327673786408,12.756443963855423,0.0
52.41327673786408,12.756586578313254,0.0
52.41327673786408,12.756729192771084,0.0
52.41327673786408,12.756871807228917,0.0
52.41327673786408,12.757014421686748,0.0
52.41327673786408,12.757157036144578,0.0
52.41327673786408,12.75729965060241,0.0
52.41327673786408,12.757442265060241,0.0
52.41327673786408,12.757584879518072,0.0
52.41327673786408,12.757727493975905,0.0
52.41327673786408,12.757870108433735,0.0
52.41327673786408,12.758012722891566,0.0
52.41327673786408,12.758155337349399,0.0
52.41327673786408,12.75829795180723,0.0
52.41327673786408,12.758440566265062,0.0
52.41327673786408,12.758583180722892,0.0
52.41327673786408,12.758725795180723,0.0
52.41327673786408,12.758868409638556,0.0
52.41327673786408,12.759011024096386,0.0
52.41327673786408,12.759153638554217,0.0
52.41327673786408,12.75929625301205,0.0
52.41327673786408,12.75943886746988,0.0
52.41327673786408,12.759581481927711,0.0
52.41327673786408,12.759724096385543,0.0
52.41327673786408,12.759866710843374,0.0
52.41327673786408,12.760009325301205,0.0
52.41327673786408,12.760151939759037,0.0
52.41327673786408,12.760294554216868,0.0
52.41327673786408,12.760437168674699,0.0
52.41327673786408,12.760579783132531,0.0
52.41327673786408,12.760722397590362,0.0
52.41327673786408,12.760865012048193,0.0
52.41327673786408,12.761007626506025,0.0
52.41327673786408,12.761150240963856,0.0
52.41327673786408,12.761292855421688,0.0
52.41327673786408,12.761435469879519,0.0
52.41327673786408,12.76157808433735,0.0
52.41327673786408,12.761720698795182,0.0
52.41327673786408,12.761863313253013,0.0
52.41327673786408,12.762005927710844,0.0
52.41327673786408,12.762148542168676,0.0
52.41327673786408,12.762291156626507,0.0
52.41327673786408,12.762433771084337,0.0
52.41327673786408,12.76257638554217,0.0
52.41327673786408,12.762719,0.0
52.41336947572815,12.750882,0.0
52.41336947572815,12.751024614457831,0.0
52.41336947572815,12.751167228915664,0.0
52.41336947572815,12.751309843373495,0.0
52.41336947572815,12.751452457831325,0.0
52.41336947572815,12.751595072289158,0.0
52.41336947572815,12.751737686746988,0.0
52.41336947572815,12.75188030120482,0.0
52.41336947572815,12.752022915662652,0.0
52.41336947572815,12.752165530120482,0.0
52.41336947572815,12.752308144578313,0.0
52.41336947572815,12.752450759036146,0.0
52.41336947572815,12.752593373493976,0.0
52.41336947572815,12.752735987951809,0.0
52.41336947572815,12.75287860240964,0.0
52.41336947572815,12.75302121686747,0.0
52.41336947572815,12.753163831325303,0.0
52.41336947572815,12.753306445783133,0.0
52.41336947572815,12.753449060240964,0.0
52.41336947572815,12.753591674698797,0.0
52.41336947572815,12.753734289156627,0.0
52.41336947572815,12.753876903614458,0.0
52.41336947572815,12.75401951807229,0.0
52.41336947572815,12.754162132530121,0.0
52.41336947572815,12.754304746987952,0.0
52.41336947572815,12.754447361445784,0.0
52.41336947572815,12.754589975903615,0.0
52.41336947572815,12.754732590361446,0.0
52.41336947572815,12.754875204819278,0.0
52.41336947572815,12.755017819277109,0.0
52.41336947572815,12.75516043373494,0.0
52.41336947572815,12.755303048192772,0.0
52.41336947572815,12.755445662650603,0.0
52.41336947572815,12.755588277108435,0.0
52.41336947572815,12.755730891566266,0.0
52.41336947572815,12.755873506024097,0.0
52.41336947572815,12.75601612048193,0.0
52.41336947572815,12.75615873493976,0.0
52.41336947572815,12.75630134939759,0.0
52.41336947572815,12.756443963855423,0.0
52.41336947572815,12.756586578313254,0.0
52.41336947572815,12.756729192771084,0.0
52.41336947572815,12.756871807228917,0.0
52.41336947572815,12.757014421686748,0.0
52.41336947572815,12.757157036144578,0.0
52.41336947572815,12.75729965060241,0.0
52.41336947572815,12.757442265060241,0.0
52.41336947572815,12.757584879518072,0.0
52.41336947572815,12.757727493975905,0.0
52.41336947572815,12.757870108433735,0.0
52.41336947572815,12.758012722891566,0.0
52.41336947572815,12.758155337349399,0.0
52.41336947572815,12.75829795180723,0.0
52.41336947572815,12.758440566265062,0.0
52.41336947572815,12.758583180722892,0.0
52.41336947572815,12.758725795180723,0.0
52.41336947572815,12.758868409638556,0.0
52.41336947572815,12.759011024096386,0.0
52.41336947572815,12.759153638554217,0.0
52.41336947572815,12.75929625301205,0.0
52.41336947572815,12.75943886746988,0.0
52.41336947572815,12.759581481927711,0.0
52.41336947572815,12.759724096385543,0.0
52.41336947572815,12.759866710843374,0.0
52.41336947572815,12.760009325301205,0.0
52.41336947572815,12.760151939759037,0.0
52.41336947572815,12.760294554216868,0.0
52.41336947572815,12.760437168674699,0.0
52.41336947572815,12.760579783132531,0.0
52.41336947572815,12.760722397590362,0.0
52.41336947572815,12.760865012048193,0.0
52.41336947572815,12.761007626506025,0.0
52.41336947572815,12.761150240963856,0.0
52.41336947572815,12.761292855421688,0.0
52.41336947572815,12.761435469879519,0.0
52.41336947572815,12.76157808433735,0.0
52.41336947572815,12.761720698795182,0.0
52.41336947572815,12.761863313253013,0.0
52.41336947572815,12.762005927710844,0.0
52.41336947572815,12.762148542168676,0.0
52.41336947572815,12.762291156626507,0.0
52.41336947572815,12.762433771084337,0.0
52.41336947572815,12.76257638554217,0.0
52.41336947572815,12.762719,0.0
52.41346221359223,12.750882,0.0
52.41346221359223,12.751024614457831,0.0
52.41346221359223,12.751167228915664,0.0
52.41346221359223,12.751309843373495,0.0
52.41346221359223,12.751452457831325,0.0
52.41346221359223,12.751595072289158,0.0
52.41346221359223,12.751737686746988,0.0
52.41346221359223,12.75188030120482,0.0
52.41346221359223,12.752022915662652,0.0
52.41346221359223,12.752165530120482,0.0
52.41346221359223,12.752308144578313,0.0
52.41346221359223,12.752450759036146,0.0
52.41346221359223,12.752593373493976,0.0
52.41346221359223,12.752735987951809,0.0
52.41346221359223,12.75287860240964,0.0
52.41346221359223,12.75302121686747,0.0
52.41346221359223,12.753163831325303,0.0
52.41346221359223,12.753306445783133,0.0
52.41346221359223,12.753449060240964,0.0
52.41346221359223,12.753591674698797,0.0
52.41346221359223,12.753734289156627,0.0
52.41346221359223,12.753876903614458,0.0
52.41346221359223,12.75401951807229,0.0
52.41346221359223,12.754162132530121,0.0
52.41346221359223,12.754304746987952,0.0
52.41346221359223,12.754447361445784,0.0
52.41346221359223,12.754589975903615,0.0
52.41346221359223,12.754732590361446,0.0
52.41346221359223,12.754875204819278,0.0
52.41346221359223,12.755017819277109,0.0
52.41346221359223,12.75516043373494,0.0
52.41346221359223,12.755303048192772,0.0
52.41346221359223,12.755445662650603,0.0
52.41346221359223,12.755588277108435,0.0
52.41346221359223,12.755730891566266,0.0
52.41346221359223,12.755873506024097,0.0
52.41346221359223,12.75601612048193,0.0
52.41346221359223,12.75615873493976,0.0
52.41346221359223,12.75630134939759,0.0
52.41346221359223,12.756443963855423,0.0
52.41346221359223,12.756586578313254,0.0
52.41346221359223,12.756729192771084,0.0
52.41346221359223,12.756871807228917,0.0
52.41346221359223,12.757014421686748,0.0
52.41346221359223,12.757157036144578,0.0
52.41346221359223,12.75729965060241,0.0
52.41346221359223,12.757442265060241,0.0
52.41346221359223,12.757584879518072,0.0
52.41346221359223,12.757727493975905,0.0
52.41346221359223,12.757870108433735,0.0
52.41346221359223,12.758012722891566,0.0
52.41346221359223,12.758155337349399,0.0
52.41346221359223,12.75829795180723,0.0
52.41346221359223,12.758440566265062,0.0
52.41346221359223,12.758583180722892,0.0
52.41346221359223,12.758725795180723,0.0
52.41346221359223,12.758868409638556,0.0
52.41346221359223,12.759011024096386,0.0
52.41346221359223,12.759153638554217,0.0
52.41346221359223,12.75929625301205,0.0
52.41346221359223,12.75943886746988,0.0
52.41346221359223,12.759581481927711,0.0
52.41346221359223,12.759724096385543,0.0
52.41346221359223,12.759866710843374,0.0
52.41346221359223,12.760009325301205,0.0
52.41346221359223,12.760151939759037,0.0
52.41346221359223,12.760294554216868,0.0
52.41346221359223,12.760437168674699,0.0
52.41346221359223,12.760579783132531,0.0
52.41346221359223,12.760722397590362,0.0
52.41346221359223,12.760865012048193,0.0
52.41346221359223,12.761007626506025,0.0
52.41346221359223,12.761150240963856,0.0
52.41346221359223,12.761292855421688,0.0
52.41346221359223,12.761435469879519,0.0
52.41346221359223,12.76157808433735,0.0
52.41346221359223,12.761720698795182,0.0
52.41346221359223,12.761863313253013,0.0
52.41346221359223,12.762005927710844,0.0
52.41346221359223,12.762148542168676,0.0
52.41346221359223,12.762291156626507,0.0
52.41346221359223,12.762433771084337,0.0
52.41346221359223,12.76257638554217,0.0
52.41346221359223,12.762719,0.0
52.41355495145631,12.750882,0.0
52.41355495145631,12.751024614457831,0.0
52.41355495145631,12.751167228915664,0.0
52.41355495145631,12.751309843373495,0.0
52.41355495145631,12.751452457831325,0.0
52.41355495145631,12.751595072289158,0.0
52.41355495145631,12.751737686746988,0.0
52.41355495145631,12.75188030120482,0.0
52.41355495145631,12.752022915662652,0.0
52.41355495145631,12.752165530120482,0.0
52.41355495145631,12.752308144578313,0.0
52.41355495145631,12.752450759036146,0.0
52.41355495145631,12.752593373493976,0.0
52.41355495145631,12.752735987951809,0.0
52.41355495145631,12.75287860240964,0.0
52.41355495145631,12.75302121686747,0.0
52.41355495145631,12.753163831325303,0.0
52.41355495145631,12.753306445783133,0.0
52.41355495145631,12.753449060240964,0.0
52.41355495145631,12.753591674698797,0.0
52.41355495145631,12.753734289156627,0.0
52.41355495145631,12.753876903614458,0.0
52.41355495145631,12.75401951807229,0.0
52.41355495145631,12.754162132530121,0.0
52.41355495145631,12.754304746987952,0.0
52.41355495145631,12.754447361445784,0.0
52.41355495145631,12.754589975903615,0.0
52.41355495145631,12.754732590361446,0.0
52.41355495145631,12.754875204819278,0.0
52.41355495145631,12.755017819277109,0.0
52.41355495145631,12.75516043373494,0.0
52.41355495145631,12.755303048192772,0.0
52.41355495145631,12.755445662650603,0.0
52.41355495145631,12.755588277108435,0.0
52.41355495145631,12.755730891566266,0.0
52.41355495145631,12.755873506024097,0.0
52.41355495145631,12.75601612048193,0.0
52.41355495145631,12.75615873493976,0.0
52.41355495145631,12.75630134939759,0.0
52.41355495145631,12.756443963855423,0.0
52.41355495145631,12.756586578313254,0.0
52.41355495145631,12.756729192771084,0.0
52.41355495145631,12.756871807228917,0.0
52.41355495145631,12.757014421686748,0.0
52.41355495145631,12.757157036144578,0.0
52.41355495145631,12.75729965060241,0.0
52.41355495145631,12.757442265060241,0.0
52.41355495145631,12.757584879518072,0.0
52.41355495145631,12.757727493975905,0.0
52.41355495145631,12.757870108433735,0.0
52.41355495145631,12.758012722891566,0.0
52.41355495145631,12.758155337349399,0.0
52.41355495145631,12.75829795180723,0.0
52.41355495145631,12.758440566265062,0.0
52.41355495145631,12.758583180722892,0.0
52.41355495145631,12.758725795180723,0.0
52.41355495145631,12.758868409638556,0.0
52.41355495145631,12.759011024096386,0.0
52.41355495145631,12.759153638554217,0.0
52.41355495145631,12.75929625301205,0.0
52.41355495145631,12.75943886746988,0.0
52.41355495145631,12.759581481927711,0.0
52.41355495145631,12.759724096385543,0.0
52.41355495145631,12.759866710843374,0.0
52.41355495145631,12.760009325301205,0.0
52.41355495145631,12.760151939759037,0.0
52.41355495145631,12.760294554216868,0.0
52.41355495145631,12.760437168674699,0.0
52.41355495145631,12.760579783132531,0.0
52.41355495145631,12.760722397590362,0.0
52.41355495145631,12.760865012048193,0.0
52.41355495145631,12.761007626506025,0.0
52.41355495145631,12.761150240963856,0.0
52.41355495145631,12.761292855421688,0.0
52.41355495145631,12.761435469879519,0.0
52.41355495145631,12.76157808433735,0.0
52.41355495145631,12.761720698795182,0.0
52.41355495145631,12.761863313253013,0.0
52.41355495145631,12.762005927710844,0.0
52.41355495145631,12.762148542168676,0.0
52.41355495145631,12.762291156626507,0.0
52.41355495145631,12.762433771084337,0.0
52.41355495145631,12.76257638554217,0.0
52.41355495145631,12.762719,0.0
52.41364768932039,12.750882,0.0
52.41364768932039,12.751024614457831,0.0
52.41364768932039,12.751167228915664,0.0
52.41364768932039,12.751309843373495,0.0
52.41364768932039,12.751452457831325,0.0
52.41364768932039,12.751595072289158,0.0
52.41364768932039,12.751737686746988,0.0
52.41364768932039,12.75188030120482,0.0
52.41364768932039,12.752022915662652,0.0
52.41364768932039,12.752165530120482,0.0
52.41364768932039,12.752308144578313,0.0
52.41364768932039,12.752450759036146,0.0
52.41364768932039,12.752593373493976,0.0
52.41364768932039,12.752735987951809,0.0
52.41364768932039,12.75287860240964,0.0
52.41364768932039,12.75302121686747,0.0
52.41364768932039,12.753163831325303,0.0
52.41364768932039,12.753306445783133,0.0
52.41364768932039,12.753449060240964,0.0
52.41364768932039,12.753591674698797,0.0
52.41364768932039,12.753734289156627,0.0
52.41364768932039,12.753876903614458,0.0
52.41364768932039,12.75401951807229,0.0
52.41364768932039,12.754162132530121,0.0
52.41364768932039,12.754304746987952,0.0
52.41364768932039,12.754447361445784,0.0
52.41364768932039,12.754589975903615,0.0
52.41364768932039,12.754732590361446,0.0
52.41364768932039,12.754875204819278,0.0
52.41364768932039,12.755017819277109,0.0
52.41364768932039,12.75516043373494,0.0
52.41364768932039,12.755303048192772,0.0
52.41364768932039,12.755445662650603,0.0
52.41364768932039,12.755588277108435,0.0
52.41364768932039,12.755730891566266,0.0
52.41364768932039,12.755873506024097,0.0
52.41364768932039,12.75601612048193,0.0
52.41364768932039,12.75615873493976,0.0
52.41364768932039,12.75630134939759,0.0
52.41364768932039,12.756443963855423,0.0
52.41364768932039,12.756586578313254,0.0
52.41364768932039,12.756729192771084,0.0
52.41364768932039,12.756871807228917,0.0
52.41364768932039,12.757014421686748,0.0
52.41364768932039,12.757157036144578,0.0
52.41364768932039,12.75729965060241,0.0
52.41364768932039,12.757442265060241,0.0
52.41364768932039,12.757584879518072,0.0
52.41364768932039,12.757727493975905,0.0
52.41364768932039,12.757870108433735,0.0
52.41364768932039,12.758012722891566,0.0
52.41364768932039,12.758155337349399,0.0
52.41364768932039,12.75829795180723,0.0
52.41364768932039,12.758440566265062,0.0
52.41364768932039,12.758583180722892,0.0
52.41364768932039,12.758725795180723,0.0
52.41364768932039,12.758868409638556,0.0
52.41364768932039,12.759011024096386,0.0
52.41364768932039,12.759153638554217,0.0
52.41364768932039,12.75929625301205,0.0
52.41364768932039,12.75943886746988,0.0
52.41364768932039,12.759581481927711,0.0
52.41364768932039,12.759724096385543,0.0
52.41364768932039,12.759866710843374,0.0
52.41364768932039,12.760009325301205,0.0
52.41364768932039,12.760151939759037,0.0
52.41364768932039,12.760294554216868,0.0
52.41364768932039,12.760437168674699,0.0
52.41364768932039,12.760579783132531,0.0
52.41364768932039,12.760722397590362,0.0
52.41364768932039,12.760865012048193,0.0
52.41364768932039,12.761007626506025,0.0
52.41364768932039,12.761150240963856,0.0
52.41364768932039,12.761292855421688,0.0
52.41364768932039,12.761435469879519,0.0
52.41364768932039,12.76157808433735,0.0
52.41364768932039,12.761720698795182,0.0
52.41364768932039,12.761863313253013,0.0
52.41364768932039,12.762005927710844,0.0
52.41364768932039,12.762148542168676,0.0
52.41364768932039,12.762291156626507,0.0
52.41364768932039,12.762433771084337,0.0
52.41364768932039,12.76257638554217,0.0
52.41364768932039,12.762719,0.0
52.413740427184464,12.750882,0.0
52.413740427184464,12.751024614457831,0.0
52.413740427184464,12.751167228915664,0.0
52.413740427184464,12.751309843373495,0.0
52.413740427184464,12.751452457831325,0.0
52.413740427184464,12.751595072289158,0.0
52.413740427184464,12.751737686746988,0.0
52.413740427184464,12.75188030120482,0.0
52.413740427184464,12.752022915662652,0.0
52.413740427184464,12.752165530120482,0.0
52.413740427184464,12.752308144578313,0.0
52.413740427184464,12.752450759036146,0.0
52.413740427184464,12.752593373493976,0.0
52.413740427184464,12.752735987951809,0.0
52.413740427184464,12.75287860240964,0.0
52.413740427184464,12.75302121686747,0.0
52.413740427184464,12.753163831325303,0.0
52.413740427184464,12.753306445783133,0.0
52.413740427184464,12.753449060240964,0.0
52.413740427184464,12.753591674698797,0.0
52.413740427184464,12.753734289156627,0.0
52.413740427184464,12.753876903614458,0.0
52.413740427184464,12.75401951807229,0.0
52.413740427184464,12.754162132530121,0.0
52.413740427184464,12.754304746987952,0.0
52.413740427184464,12.754447361445784,0.0
52.413740427184464,12.754589975903615,0.0
52.413740427184464,12.754732590361446,0.0
52.413740427184464,12.754875204819278,0.0
52.413740427184464,12.755017819277109,0.0
52.413740427184464,12.75516043373494,0.0
52.413740427184464,12.755303048192772,0.0
52.413740427184464,12.755445662650603,0.0
52.413740427184464,12.755588277108435,0.0
52.413740427184464,12.755730891566266,0.0
52.413740427184464,12.755873506024097,0.0
52.413740427184464,12.75601612048193,0.0
52.413740427184464,12.75615873493976,0.0
52.413740427184464,12.75630134939759,0.0
52.413740427184464,12.756443963855423,0.0
52.413740427184464,12.756586578313254,0.0
52.413740427184464,12.756729192771084,0.0
52.413740427184464,12.756871807228917,0.0
52.413740427184464,12.757014421686748,0.0
52.413740427184464,12.757157036144578,0.0
52.413740427184464,12.75729965060241,0.0
52.413740427184464,12.757442265060241,0.0
52.413740427184464,12.757584879518072,0.0
52.413740427184464,12.757727493975905,0.0
52.413740427184464,12.757870108433735,0.0
52.413740427184464,12.758012722891566,0.0
52.413740427184464,12.758155337349399,0.0
52.413740427184464,12.75829795180723,0.0
52.413740427184464,12.758440566265062,0.0
52.413740427184464,12.758583180722892,0.0
52.413740427184464,12.758725795180723,0.0
52.413740427184464,12.758868409638556,0.0
52.413740427184464,12.759011024096386,0.0
52.413740427184464,12.759153638554217,0.0
52.413740427184464,12.75929625301205,0.0
52.413740427184464,12.75943886746988,0.0
52.413740427184464,12.759581481927711,0.0
52.413740427184464,12.759724096385543,0.0
52.413740427184464,12.759866710843374,0.0
52.413740427184464,12.760009325301205,0.0
52.413740427184464,12.760151939759037,0.0
52.413740427184464,12.760294554216868,0.0
52.413740427184464,12.760437168674699,0.0
52.413740427184464,12.760579783132531,0.0
52.413740427184464,12.760722397590362,0.0
52.413740427184464,12.760865012048193,0.0
52.413740427184464,12.761007626506025,0.0
52.413740427184464,12.761150240963856,0.0
52.413740427184464,12.761292855421688,0.0
52.413740427184464,12.761435469879519,0.0
52.413740427184464,12.76157808433735,0.0
52.413740427184464,12.761720698795182,0.0
52.413740427184464,12.761863313253013,0.0
52.413740427184464,12.762005927710844,0.0
52.413740427184464,12.762148542168676,0.0
52.413740427184464,12.762291156626507,0.0
52.413740427184464,12.762433771084337,0.0
52.413740427184464,12.76257638554217,0.0
52.413740427184464,12.762719,0.0
52.413833165048544,12.750882,0.0
52.413833165048544,12.751024614457831,0.0
52.413833165048544,12.751167228915664,0.0
52.413833165048544,12.751309843373495,0.0
52.413833165048544,12.751452457831325,0.0
52.413833165048544,12.751595072289158,0.0
52.413833165048544,12.751737686746988,0.0
52.413833165048544,12.75188030120482,0.0
52.413833165048544,12.752022915662652,0.0
52.413833165048544,12.752165530120482,0.0
52.413833165048544,12.752308144578313,0.0
52.413833165048544,12.752450759036146,0.0
52.413833165048544,12.752593373493976,0.0
52.413833165048544,12.752735987951809,0.0
52.413833165048544,12.75287860240964,0.0
52.413833165048544,12.75302121686747,0.0
52.413833165048544,12.753163831325303,0.0
52.413833165048544,12.753306445783133,0.0
52.413833165048544,12.753449060240964,0.0
52.413833165048544,12.753591674698797,0.0
52.413833165048544,12.753734289156627,0.0
52.413833165048544,12.753876903614458,0.0
52.413833165048544,12.75401951807229,0.0
52.413833165048544,12.754162132530121,0.0
52.413833165048544,12.754304746987952,0.0
52.413833165048544,12.754447361445784,0.0
52.413833165048544,12.754589975903615,0.0
52.413833165048544,12.754732590361446,0.0
52.413833165048544,12.754875204819278,0.0
52.413833165048544,12.755017819277109,0.0
52.413833165048544,12.75516043373494,0.0
52.413833165048544,12.755303048192772,0.0
52.413833165048544,12.755445662650603,0.0
52.413833165048544,12.755588277108435,0.0
52.413833165048544,12.755730891566266,0.0
52.413833165048544,12.755873506024097,0.0
52.413833165048544,12.75601612048193,0.0
52.413833165048544,12.75615873493976,0.0
52.413833165048544,12.75630134939759,0.0
52.413833165048544,12.756443963855423,0.0
52.413833165048544,12.756586578313254,0.0
52.413833165048544,12.756729192771084,0.0
52.413833165048544,12.756871807228917,0.0
52.413833165048544,12.757014421686748,0.0
52.413833165048544,12.757157036144578,0.0
52.413833165048544,12.75729965060241,0.0
52.413833165048544,12.757442265060241,0.0
52.413833165048544,12.757584879518072,0.0
52.413833165048544,12.757727493975905,0.0
52.413833165048544,12.757870108433735,0.0
52.413833165048544,12.758012722891566,0.0
52.413833165048544,12.758155337349399,0.0
52.413833165048544,12.75829795180723,0.0
52.413833165048544,12.758440566265062,0.0
52.413833165048544,12.758583180722892,0.0
52.413833165048544,12.758725795180723,0.0
52.413833165048544,12.758868409638556,0.0
52.413833165048544,12.759011024096386,0.0
52.413833165048544,12.759153638554217,0.0
52.413833165048544,12.75929625301205,0.0
52.413833165048544,12.75943886746988,0.0
52.413833165048544,12.759581481927711,0.0
52.413833165048544,12.759724096385543,0.0
52.413833165048544,12.759866710843374,0.0
52.413833165048544,12.760009325301205,0.0
52.413833165048544,12.760151939759037,0.0
52.413833165048544,12.760294554216868,0.0
52.413833165048544,12.760437168674699,0.0
52.413833165048544,12.760579783132531,0.0
52.413833165048544,12.760722397590362,0.0
52.413833165048544,12.760865012048193,0.0
52.413833165048544,12.761007626506025,0.0
52.413833165048544,12.761150240963856,0.0
52.413833165048544,12.761292855421688,0.0
52.413833165048544,12.761435469879519,0.0
52.413833165048544,12.76157808433735,0.0
52.413833165048544,12.761720698795182,0.0
52.413833165048544,12.761863313253013,0.0
52.413833165048544,12.762005927710844,0.0
52.413833165048544,12.762148542168676,0.0
52.413833165048544,12.762291156626507,0.0
52.413833165048544,12.762433771084337,0.0
52.413833165048544,12.76257638554217,0.0
52.413833165048544,12.762719,0.0
52.413925902912624,12.750882,0.0
52.413925902912624,12.751024614457831,0.0
52.413925902912624,12.751167228915664,0.0
52.413925902912624,12.751309843373495,0.0
52.413925902912624,12.751452457831325,0.0
52.413925902912624,12.751595072289158,0.0
52.413925902912624,12.751737686746988,0.0
52.413925902912624,12.75188030120482,0.0
52.413925902912624,12.752022915662652,0.0
52.413925902912624,12.752165530120482,0.0
52.413925902912624,12.752308144578313,0.0
52.413925902912624,12.752450759036146,0.0
52.413925902912624,12.752593373493976,0.0
52.413925902912624,12.752735987951809,0.0
52.413925902912624,12.75287860240964,0.0
52.413925902912624,12.75302121686747,0.0
52.413925902912624,12.753163831325303,0.0
52.413925902912624,12.753306445783133,0.0
52.413925902912624,12.753449060240964,0.0
52.413925902912624,12.753591674698797,0.0
52.413925902912624,12.753734289156627,0.0
52.413925902912624,12.753876903614458,0.0
52.413925902912624,12.75401951807229,0.0
52.413925902912624,12.754162132530121,0.0
52.413925902912624,12.754304746987952,0.0
52.413925902912624,12.754447361445784,0.0
52.413925902912624,12.754589975903615,0.0
52.413925902912624,12.754732590361446,0.0
52.413925902912624,12.754875204819278,0.0
52.413925902912624,12.755017819277109,0.0
52.413925902912624,12.75516043373494,0.0
52.413925902912624,12.755303048192772,0.0
52.413925902912624,12.755445662650603,0.0
52.413925902912624,12.755588277108435,0.0
52.413925902912624,12.755730891566266,0.0
52.413925902912624,12.755873506024097,0.0
52.413925902912624,12.75601612048193,0.0
52.413925902912624,12.75615873493976,0.0
52.413925902912624,12.75630134939759,0.0
52.413925902912624,12.756443963855423,0.0
52.413925902912624,12.756586578313254,0.0
52.413925902912624,12.756729192771084,0.0
52.413925902912624,12.756871807228917,0.0
52.413925902912624,12.757014421686748,0.0
52.413925902912624,12.757157036144578,0.0
52.413925902912624,12.75729965060241,0.0
52.413925902912624,12.757442265060241,0.0
52.413925902912624,12.757584879518072,0.0
52.413925902912624,12.757727493975905,0.0
52.413925902912624,12.757870108433735,0.0
52.413925902912624,12.758012722891566,0.0
52.413925902912624,12.758155337349399,0.0
52.413925902912624,12.75829795180723,0.0
52.413925902912624,12.758440566265062,0.0
52.413925902912624,12.758583180722892,0.0
52.413925902912624,12.758725795180723,0.0
52.413925902912624,12.758868409638556,0.0
52.413925902912624,12.759011024096386,0.0
52.413925902912624,12.759153638554217,0.0
52.413925902912624,12.75929625301205,0.0
52.413925902912624,12.75943886746988,0.0
52.413925902912624,12.759581481927711,0.0
52.413925902912624,12.759724096385543,0.0
52.413925902912624,12.759866710843374,0.0
52.413925902912624,12.760009325301205,0.0
52.413925902912624,12.760151939759037,0.0
52.413925902912624,12.760294554216868,0.0
52.413925902912624,12.760437168674699,0.0
52.413925902912624,12.760579783132531,0.0
52.413925902912624,12.760722397590362,0.0
52.413925902912624,12.760865012048193,0.0
52.413925902912624,12.761007626506025,0.0
52.413925902912624,12.761150240963856,0.0
52.413925902912624,12.761292855421688,0.0
52.413925902912624,12.761435469879519,0.0
52.413925902912624,12.76157808433735,0.0
52.413925902912624,12.761720698795182,0.0
52.413925902912624,12.761863313253013,0.0
52.413925902912624,12.762005927710844,0.0
52.413925902912624,12.762148542168676,0.0
52.413925902912624,12.762291156626507,0.0
52.413925902912624,12.762433771084337,0.0
52.413925902912624,12.76257638554217,0.0
52.413925902912624,12.762719,0.0
52.4140186407767,12.750882,0.0
52.4140186407767,12.751024614457831,0.0
52.4140186407767,12.751167228915664,0.0
52.4140186407767,12.751309843373495,0.0
52.4140186407767,12.751452457831325,0.0
52.4140186407767,12.751595072289158,0.0
52.4140186407767,12.751737686746988,0.0
52.4140186407767,12.75188030120482,0.0
52.4140186407767,12.752022915662652,0.0
52.4140186407767,12.752165530120482,0.0
52.4140186407767,12.752308144578313,0.0
52.4140186407767,12.752450759036146,0.0
52.4140186407767,12.752593373493976,0.0
52.4140186407767,12.752735987951809,0.0
52.4140186407767,12.75287860240964,0.0
52.4140186407767,12.75302121686747,0.0
52.4140186407767,12.753163831325303,0.0
52.4140186407767,12.753306445783133,0.0
52.4140186407767,12.753449060240964,0.0
52.4140186407767,12.753591674698797,0.0
52.4140186407767,12.753734289156627,0.0
52.4140186407767,12.753876903614458,0.0
52.4140186407767,12.75401951807229,0.0
52.4140186407767,12.754162132530121,0.0
52.4140186407767,12.754304746987952,0.0
52.4140186407767,12.754447361445784,0.0
52.4140186407767,12.754589975903615,0.0
52.4140186407767,12.754732590361446,0.0
52.4140186407767,12.754875204819278,0.0
52.4140186407767,12.755017819277109,0.0
52.4140186407767,12.75516043373494,0.0
52.4140186407767,12.755303048192772,0.0
52.4140186407767,12.755445662650603,0.0
52.4140186407767,12.755588277108435,0.0
52.4140186407767,12.755730891566266,0.0
52.4140186407767,12.755873506024097,0.0
52.4140186407767,12.75601612048193,0.0
52.4140186407767,12.75615873493976,0.0
52.4140186407767,12.75630134939759,0.0
52.4140186407767,12.756443963855423,0.0
52.4140186407767,12.756586578313254,0.0
52.4140186407767,12.756729192771084,0.0
52.4140186407767,12.756871807228917,0.0
52.4140186407767,12.757014421686748,0.0
52.4140186407767,12.757157036144578,0.0
52.4140186407767,12.75729965060241,0.0
52.4140186407767,12.757442265060241,0.0
52.4140186407767,12.757584879518072,0.0
52.4140186407767,12.757727493975905,0.0
52.4140186407767,12.757870108433735,0.0
52.4140186407767,12.758012722891566,0.0
52.4140186407767,12.758155337349399,0.0
52.4140186407767,12.75829795180723,0.0
52.4140186407767,12.758440566265062,0.0
52.4140186407767,12.758583180722892,0.0
52.4140186407767,12.758725795180723,0.0
52.4140186407767,12.758868409638556,0.0
52.4140186407767,12.759011024096386,0.0
52.4140186407767,12.759153638554217,0.0
52.4140186407767,12.75929625301205,0.0
52.4140186407767,12.75943886746988,0.0
52.4140186407767,12.759581481927711,0.0
52.4140186407767,12.759724096385543,0.0
52.4140186407767,12.759866710843374,0.0
52.4140186407767,12.760009325301205,0.0
52.4140186407767,12.760151939759037,0.0
52.4140186407767,12.760294554216868,0.0
52.4140186407767,12.760437168674699,0.0
52.4140186407767,12.760579783132531,0.0
52.4140186407767,12.760722397590362,0.0
52.4140186407767,12.760865012048193,0.0
52.4140186407767,12.761007626506025,0.0
52.4140186407767,12.761150240963856,0.0
52.4140186407767,12.761292855421688,0.0
52.4140186407767,12.761435469879519,0.0
52.4140186407767,12.76157808433735,0.0
52.4140186407767,12.761720698795182,0.0
52.4140186407767,12.761863313253013,0.0
52.4140186407767,12.762005927710844,0.0
52.4140186407767,12.762148542168676,0.0
52.4140186407767,12.762291156626507,0.0
52.4140186407767,12.762433771084337,0.0
52.4140186407767,12.76257638554217,0.0
52.4140186407767,12.762719,0.0
52.414111378640776,12.750882,0.0
52.414111378640776,12.751024614457831,0.0
52.414111378640776,12.751167228915664,0.0
52.414111378640776,12.751309843373495,0.0
52.414111378640776,12.751452457831325,0.0
52.414111378640776,12.751595072289158,0.0
52.414111378640776,12.751737686746988,0.0
52.414111378640776,12.75188030120482,0.0
52.414111378640776,12.752022915662652,0.0
52.414111378640776,12.752165530120482,0.0
52.414111378640776,12.752308144578313,0.0
52.414111378640776,12.752450759036146,0.0
52.414111378640776,12.752593373493976,0.0
52.414111378640776,12.752735987951809,0.0
52.414111378640776,12.75287860240964,0.0
52.414111378640776,12.75302121686747,0.0
52.414111378640776,12.753163831325303,0.0
52.414111378640776,12.753306445783133,0.0
52.414111378640776,12.753449060240964,0.0
52.414111378640776,12.753591674698797,0.0
52.414111378640776,12.753734289156627,0.0
52.414111378640776,12.753876903614458,0.0
52.414111378640776,12.75401951807229,0.0
52.414111378640776,12.754162132530121,0.0
52.414111378640776,12.754304746987952,0.0
52.414111378640776,12.754447361445784,0.0
52.414111378640776,12.754589975903615,0.0
52.414111378640776,12.754732590361446,0.0
52.414111378640776,12.754875204819278,0.0
52.414111378640776,12.755017819277109,0.0
52.414111378640776,12.75516043373494,0.0
52.414111378640776,12.755303048192772,0.0
52.414111378640776,12.755445662650603,0.0
52.414111378640776,12.755588277108435,0.0
52.414111378640776,12.755730891566266,0.0
52.414111378640776,12.755873506024097,0.0
52.414111378640776,12.75601612048193,0.0
52.414111378640776,12.75615873493976,0.0
52.414111378640776,12.75630134939759,0.0
52.414111378640776,12.756443963855423,0.0
52.414111378640776,12.756586578313254,0.0
52.414111378640776,12.756729192771084,0.0
52.414111378640776,12.756871807228917,0.0
52.414111378640776,12.757014421686748,0.0
52.414111378640776,12.757157036144578,0.0
52.414111378640776,12.75729965060241,0.0
52.414111378640776,12.757442265060241,0.0
52.414111378640776,12.757584879518072,0.0
52.414111378640776,12.757727493975905,0.0
52.414111378640776,12.757870108433735,0.0
52.414111378640776,12.758012722891566,0.0
52.414111378640776,12.758155337349399,0.0
52.414111378640776,12.75829795180723,0.0
52.414111378640776,12.758440566265062,0.0
52.414111378640776,12.758583180722892,0.0
52.414111378640776,12.758725795180723,0.0
52.414111378640776,12.758868409638556,0.0
52.414111378640776,12.759011024096386,0.0
52.414111378640776,12.759153638554217,0.0
52.414111378640776,12.75929625301205,0.0
52.414111378640776,12.75943886746988,0.0
52.414111378640776,12.759581481927711,0.0
52.414111378640776,12.759724096385543,0.0
52.414111378640776,12.759866710843374,0.0
52.414111378640776,12.760009325301205,0.0
52.414111378640776,12.760151939759037,0.0
52.414111378640776,12.760294554216868,0.0
52.414111378640776,12.760437168674699,0.0
52.414111378640776,12.760579783132531,0.0
52.414111378640776,12.760722397590362,0.0
52.414111378640776,12.760865012048193,0.0
52.414111378640776,12.761007626506025,0.0
52.414111378640776,12.761150240963856,0.0
52.414111378640776,12.761292855421688,0.0
52.414111378640776,12.761435469879519,0.0
52.414111378640776,12.76157808433735,0.0
52.414111378640776,12.761720698795182,0.0
52.414111378640776,12.761863313253013,0.0
52.414111378640776,12.762005927710844,0.0
52.414111378640776,12.762148542168676,0.0
52.414111378640776,12.762291156626507,0.0
52.414111378640776,12.762433771084337,0.0
52.414111378640776,12.76257638554217,0.0
52.414111378640776,12.762719,0.0
52.414204116504855,12.750882,0.0
52.414204116504855,12.751024614457831,0.0
52.414204116504855,12.751167228915664,0.0
52.414204116504855,12.751309843373495,0.0
52.414204116504855,12.751452457831325,0.0
52.414204116504855,12.751595072289158,0.0
52.414204116504855,12.751737686746988,0.0
52.414204116504855,12.75188030120482,0.0
52.414204116504855,12.752022915662652,0.0
52.414204116504855,12.752165530120482,0.0
52.414204116504855,12.752308144578313,0.0
52.414204116504855,12.752450759036146,0.0
52.414204116504855,12.752593373493976,0.0
52.414204116504855,12.752735987951809,0.0
52.414204116504855,12.75287860240964,0.0
52.414204116504855,12.75302121686747,0.0
52.414204116504855,12.753163831325303,0.0
52.414204116504855,12.753306445783133,0.0
52.414204116504855,12.753449060240964,0.0
52.414204116504855,12.753591674698797,0.0
52.414204116504855,12.753734289156627,0.0
52.414204116504855,12.753876903614458,0.0
52.414204116504855,12.75401951807229,0.0
52.414204116504855,12.754162132530121,0.0
52.414204116504855,12.754304746987952,0.0
52.414204116504855,12.754447361445784,0.0
52.414204116504855,12.754589975903615,0.0
52.414204116504855,12.754732590361446,0.0
52.414204116504855,12.754875204819278,0.0
52.414204116504855,12.755017819277109,0.0
52.414204116504855,12.75516043373494,0.0
52.414204116504855,12.755303048192772,0.0
52.414204116504855,12.755445662650603,0.0
52.414204116504855,12.755588277108435,0.0
52.414204116504855,12.755730891566266,0.0
52.414204116504855,12.755873506024097,0.0
52.414204116504855,12.75601612048193,0.0
52.414204116504855,12.75615873493976,0.0
52.414204116504855,12.75630134939759,0.0
52.414204116504855,12.756443963855423,0.0
52.414204116504855,12.756586578313254,0.0
52.414204116504855,12.756729192771084,0.0
52.414204116504855,12.756871807228917,0.0
52.414204116504855,12.757014421686748,0.0
52.414204116504855,12.757157036144578,0.0
52.414204116504855,12.75729965060241,0.0
52.414204116504855,12.757442265060241,0.0
52.414204116504855,12.757584879518072,0.0
52.414204116504855,12.757727493975905,0.0
52.414204116504855,12.757870108433735,0.0
52.414204116504855,12.758012722891566,0.0
52.414204116504855,12.758155337349399,0.0
52.414204116504855,12.75829795180723,0.0
52.414204116504855,12.758440566265062,0.0
52.414204116504855,12.758583180722892,0.0
52.414204116504855,12.758725795180723,0.0
52.414204116504855,12.758868409638556,0.0
52.414204116504855,12.759011024096386,0.0
52.414204116504855,12.759153638554217,0.0
52.414204116504855,12.75929625301205,0.0
52.414204116504855,12.75943886746988,0.0
52.414204116504855,12.759581481927711,0.0
52.414204116504855,12.759724096385543,0.0
52.414204116504855,12.759866710843374,0.0
52.414204116504855,12.760009325301205,0.0
52.414204116504855,12.760151939759037,0.0
52.414204116504855,12.760294554216868,0.0
52.414204116504855,12.760437168674699,0.0
52.414204116504855,12.760579783132531,0.0
52.414204116504855,12.760722397590362,0.0
52.414204116504855,12.760865012048193,0.0
52.414204116504855,12.761007626506025,0.0
52.414204116504855,12.761150240963856,0.0
52.414204116504855,12.761292855421688,0.0
52.414204116504855,12.761435469879519,0.0
52.414204116504855,12.76157808433735,0.0
52.414204116504855,12.761720698795182,0.0
52.414204116504855,12.761863313253013,0.0
52.414204116504855,12.762005927710844,0.0
52.414204116504855,12.762148542168676,0.0
52.414204116504855,12.762291156626507,0.0
52.414204116504855,12.762433771084337,0.0
52.414204116504855,12.76257638554217,0.0
52.414204116504855,12.762719,0.0
52.414296854368935,12.750882,0.0
52.414296854368935,12.751024614457831,0.0
52.414296854368935,12.751167228915664,0.0
52.414296854368935,12.751309843373495,0.0
52.414296854368935,12.751452457831325,0.0
52.414296854368935,12.751595072289158,0.0
52.414296854368935,12.751737686746988,0.0
52.414296854368935,12.75188030120482,0.0
52.414296854368935,12.752022915662652,0.0
52.414296854368935,12.752165530120482,0.0
52.414296854368935,12.752308144578313,0.0
52.414296854368935,12.752450759036146,0.0
52.414296854368935,12.752593373493976,0.0
52.414296854368935,12.752735987951809,0.0
52.414296854368935,12.75287860240964,0.0
52.414296854368935,12.75302121686747,0.0
52.414296854368935,12.753163831325303,0.0
52.414296854368935,12.753306445783133,0.0
52.414296854368935,12.753449060240964,0.0
52.414296854368935,12.753591674698797,0.0
52.414296854368935,12.753734289156627,0.0
52.414296854368935,12.753876903614458,0.0
52.414296854368935,12.75401951807229,0.0
52.414296854368935,12.754162132530121,0.0
52.414296854368935,12.754304746987952,0.0
52.414296854368935,12.754447361445784,0.0
52.414296854368935,12.754589975903615,0.0
52.414296854368935,12.754732590361446,0.0
52.414296854368935,12.754875204819278,0.0
52.414296854368935,12.755017819277109,0.0
52.414296854368935,12.75516043373494,0.0
52.414296854368935,12.755303048192772,0.0
52.414296854368935,12.755445662650603,0.0
52.414296854368935,12.755588277108435,0.0
52.414296854368935,12.755730891566266,0.0
52.414296854368935,12.755873506024097,0.0
52.414296854368935,12.75601612048193,0.0
52.414296854368935,12.75615873493976,0.0
52.414296854368935,12.75630134939759,0.0
52.414296854368935,12.756443963855423,0.0
52.414296854368935,12.756586578313254,0.0
52.414296854368935,12.756729192771084,0.0
52.414296854368935,12.756871807228917,0.0
52.414296854368935,12.757014421686748,0.0
52.414296854368935,12.757157036144578,0.0
52.414296854368935,12.75729965060241,0.0
52.414296854368935,12.757442265060241,0.0
52.414296854368935,12.757584879518072,0.0
52.414296854368935,12.757727493975905,0.0
52.414296854368935,12.757870108433735,0.0
52.414296854368935,12.758012722891566,0.0
52.414296854368935,12.758155337349399,0.0
52.414296854368935,12.75829795180723,0.0
52.414296854368935,12.758440566265062,0.0
52.414296854368935,12.758583180722892,0.0
52.414296854368935,12.758725795180723,0.0
52.414296854368935,12.758868409638556,0.0
52.414296854368935,12.759011024096386,0.0
52.414296854368935,12.759153638554217,0.0
52.414296854368935,12.75929625301205,0.0
52.414296854368935,12.75943886746988,0.0
52.414296854368935,12.759581481927711,0.0
52.414296854368935,12.759724096385543,0.0
52.414296854368935,12.759866710843374,0.0
52.414296854368935,12.760009325301205,0.0
52.414296854368935,12.760151939759037,0.0
52.414296854368935,12.760294554216868,0.0
52.414296854368935,12.760437168674699,0.0
52.414296854368935,12.760579783132531,0.0
52.414296854368935,12.760722397590362,0.0
52.414296854368935,12.760865012048193,0.0
52.414296854368935,12.761007626506025,0.0
52.414296854368935,12.761150240963856,0.0
52.414296854368935,12.761292855421688,0.0
52.414296854368935,12.761435469879519,0.0
52.414296854368935,12.76157808433735,0.0
52.414296854368935,12.761720698795182,0.0
52.414296854368935,12.761863313253013,0.0
52.414296854368935,12.762005927710844,0.0
52.414296854368935,12.762148542168676,0.0
52.414296854368935,12.762291156626507,0.0
52.414296854368935,12.762433771084337,0.0
52.414296854368935,12.76257638554217,0.0
52.414296854368935,12.762719,0.0
52.41438959223301,12.750882,0.0
52.41438959223301,12.751024614457831,0.0
52.41438959223301,12.751167228915664,0.0
52.41438959223301,12.751309843373495,0.0
52.41438959223301,12.751452457831325,0.0
52.41438959223301,12.751595072289158,0.0
52.41438959223301,12.751737686746988,0.0
52.41438959223301,12.75188030120482,0.0
52.41438959223301,12.752022915662652,0.0
52.41438959223301,12.752165530120482,0.0
52.41438959223301,12.752308144578313,0.0
52.41438959223301,12.752450759036146,0.0
52.41438959223301,12.752593373493976,0.0
52.41438959223301,12.752735987951809,0.0
52.41438959223301,12.75287860240964,0.0
52.41438959223301,12.75302121686747,0.0
52.41438959223301,12.753163831325303,0.0
52.41438959223301,12.753306445783133,0.0
52.41438959223301,12.753449060240964,0.0
52.41438959223301,12.753591674698797,0.0
52.41438959223301,12.753734289156627,0.0
52.41438959223301,12.753876903614458,0.0
52.41438959223301,12.75401951807229,0.0
52.41438959223301,12.754162132530121,0.0
52.41438959223301,12.754304746987952,0.0
52.41438959223301,12.754447361445784,0.0
52.41438959223301,12.754589975903615,0.0
52.41438959223301,12.754732590361446,0.0
52.41438959223301,12.754875204819278,0.0
52.41438959223301,12.755017819277109,0.0
52.41438959223301,12.75516043373494,0.0
52.41438959223301,12.755303048192772,0.0
52.41438959223301,12.755445662650603,0.0
52.41438959223301,12.755588277108435,0.0
52.41438959223301,12.755730891566266,0.0
52.41438959223301,12.755873506024097,0.0
52.41438959223301,12.75601612048193,0.0
52.41438959223301,12.75615873493976,0.0
52.41438959223301,12.75630134939759,0.0
52.41438959223301,12.756443963855423,0.0
52.41438959223301,12.756586578313254,0.0
52.41438959223301,12.756729192771084,0.0
52.41438959223301,12.756871807228917,0.0
52.41438959223301,12.757014421686748,0.0
52.41438959223301,12.757157036144578,0.0
52.41438959223301,12.75729965060241,0.0
52.41438959223301,12.757442265060241,0.0
52.41438959223301,12.757584879518072,0.0
52.41438959223301,12.757727493975905,0.0
52.41438959223301,12.757870108433735,0.0
52.41438959223301,12.758012722891566,0.0
52.41438959223301,12.758155337349399,0.0
52.41438959223301,12.75829795180723,0.0
52.41438959223301,12.758440566265062,0.0
52.41438959223301,12.758583180722892,0.0
52.41438959223301,12.758725795180723,0.0
52.41438959223301,12.758868409638556,0.0
52.41438959223301,12.759011024096386,0.0
52.41438959223301,12.759153638554217,0.0
52.41438959223301,12.75929625301205,0.0
52.41438959223301,12.75943886746988,0.0
52.41438959223301,12.759581481927711,0.0
52.41438959223301,12.759724096385543,0.0
52.41438959223301,12.759866710843374,0.0
52.41438959223301,12.760009325301205,0.0
52.41438959223301,12.760151939759037,0.0
52.41438959223301,12.760294554216868,0.0
52.41438959223301,12.760437168674699,0.0
52.41438959223301,12.760579783132531,0.0
52.41438959223301,12.760722397590362,0.0
52.41438959223301,12.760865012048193,0.0
52.41438959223301,12.761007626506025,0.0
52.41438959223301,12.761150240963856,0.0
52.41438959223301,12.761292855421688,0.0
52.41438959223301,12.761435469879519,0.0
52.41438959223301,12.76157808433735,0.0
52.41438959223301,12.761720698795182,0.0
52.41438959223301,12.761863313253013,0.0
52.41438959223301,12.762005927710844,0.0
52.41438959223301,12.762148542168676,0.0
52.41438959223301,12.762291156626507,0.0
52.41438959223301,12.762433771084337,0.0
52.41438959223301,12.76257638554217,0.0
52.41438959223301,12.762719,0.0
52.41448233009709,12.750882,0.0
52.41448233009709,12.751024614457831,0.0
52.41448233009709,12.751167228915664,0.0
52.41448233009709,12.751309843373495,0.0
52.41448233009709,12.751452457831325,0.0
52.41448233009709,12.751595072289158,0.0
52.41448233009709,12.751737686746988,0.0
52.41448233009709,12.75188030120482,0.0
52.41448233009709,12.752022915662652,0.0
52.41448233009709,12.752165530120482,0.0
52.41448233009709,12.752308144578313,0.0
52.41448233009709,12.752450759036146,0.0
52.41448233009709,12.752593373493976,0.0
52.41448233009709,12.752735987951809,0.0
52.41448233009709,12.75287860240964,0.0
52.41448233009709,12.75302121686747,0.0
52.41448233009709,12.753163831325303,0.0
52.41448233009709,12.753306445783133,0.0
52.41448233009709,12.753449060240964,0.0
52.41448233009709,12.753591674698797,0.0
52.41448233009709,12.753734289156627,0.0
52.41448233009709,12.753876903614458,0.0
52.41448233009709,12.75401951807229,0.0
52.41448233009709,12.754162132530121,0.0
52.41448233009709,12.754304746987952,0.0
52.41448233009709,12.754447361445784,0.0
52.41448233009709,12.754589975903615,0.0
52.41448233009709,12.754732590361446,0.0
52.41448233009709,12.754875204819278,0.0
52.41448233009709,12.755017819277109,0.0
52.41448233009709,12.75516043373494,0.0
52.41448233009709,12.755303048192772,0.0
52.41448233009709,12.755445662650603,0.0
52.41448233009709,12.755588277108435,0.0
52.41448233009709,12.755730891566266,0.0
52.41448233009709,12.755873506024097,0.0
52.41448233009709,12.75601612048193,0.0
52.41448233009709,12.75615873493976,0.0
52.41448233009709,12.75630134939759,0.0
52.41448233009709,12.756443963855423,0.0
52.41448233009709,12.756586578313254,0.0
52.41448233009709,12.756729192771084,0.0
52.41448233009709,12.756871807228917,0.0
52.41448233009709,12.757014421686748,0.0
52.41448233009709,12.757157036144578,0.0
52.41448233009709,12.75729965060241,0.0
52.41448233009709,12.757442265060241,0.0
52.41448233009709,12.757584879518072,0.0
52.41448233009709,12.757727493975905,0.0
52.41448233009709,12.757870108433735,0.0
52.41448233009709,12.758012722891566,0.0
52.41448233009709,12.758155337349399,0.0
52.41448233009709,12.75829795180723,0.0
52.41448233009709,12.758440566265062,0.0
52.41448233009709,12.758583180722892,0.0
52.41448233009709,12.758725795180723,0.0
52.41448233009709,12.758868409638556,0.0
52.41448233009709,12.759011024096386,0.0
52.41448233009709,12.759153638554217,0.0
52.41448233009709,12.75929625301205,0.0
52.41448233009709,12.75943886746988,0.0
52.41448233009709,12.759581481927711,0.0
52.41448233009709,12.759724096385543,0.0
52.41448233009709,12.759866710843374,0.0
52.41448233009709,12.760009325301205,0.0
52.41448233009709,12.760151939759037,0.0
52.41448233009709,12.760294554216868,0.0
52.41448233009709,12.760437168674699,0.0
52.41448233009709,12.760579783132531,0.0
52.41448233009709,12.760722397590362,0.0
52.41448233009709,12.760865012048193,0.0
52.41448233009709,12.761007626506025,0.0
52.41448233009709,12.761150240963856,0.0
52.41448233009709,12.761292855421688,0.0
52.41448233009709,12.761435469879519,0.0
52.41448233009709,12.76157808433735,0.0
52.41448233009709,12.761720698795182,0.0
52.41448233009709,12.761863313253013,0.0
52.41448233009709,12.762005927710844,0.0
52.41448233009709,12.762148542168676,0.0
52.41448233009709,12.762291156626507,0.0
52.41448233009709,12.762433771084337,0.0
52.41448233009709,12.76257638554217,0.0
52.41448233009709,12.762719,0.0
52.41457506796117,12.750882,0.0
52.41457506796117,12.751024614457831,0.0
52.41457506796117,12.751167228915664,0.0
52.41457506796117,12.751309843373495,0.0
52.41457506796117,12.751452457831325,0.0
52.41457506796117,12.751595072289158,0.0
52.41457506796117,12.751737686746988,0.0
52.41457506796117,12.75188030120482,0.0
52.41457506796117,12.752022915662652,0.0
52.41457506796117,12.752165530120482,0.0
52.41457506796117,12.752308144578313,0.0
52.41457506796117,12.752450759036146,0.0
52.41457506796117,12.752593373493976,0.0
52.41457506796117,12.752735987951809,0.0
52.41457506796117,12.75287860240964,0.0
52.41457506796117,12.75302121686747,0.0
52.41457506796117,12.753163831325303,0.0
52.41457506796117,12.753306445783133,0.0
52.41457506796117,12.753449060240964,0.0
52.41457506796117,12.753591674698797,0.0
52.41457506796117,12.753734289156627,0.0
52.41457506796117,12.753876903614458,0.0
52.41457506796117,12.75401951807229,0.0
52.41457506796117,12.754162132530121,0.0
52.41457506796117,12.754304746987952,0.0
52.41457506796117,12.754447361445784,0.0
52.41457506796117,12.754589975903615,0.0
52.41457506796117,12.754732590361446,0.0
52.41457506796117,12.754875204819278,0.0
52.41457506796117,12.755017819277109,0.0
52.41457506796117,12.75516043373494,0.0
52.41457506796117,12.755303048192772,0.0
52.41457506796117,12.755445662650603,0.0
52.41457506796117,12.755588277108435,0.0
52.41457506796117,12.755730891566266,0.0
52.41457506796117,12.755873506024097,0.0
52.41457506796117,12.75601612048193,0.0
52.41457506796117,12.75615873493976,0.0
52.41457506796117,12.75630134939759,0.0
52.41457506796117,12.756443963855423,0.0
52.41457506796117,12.756586578313254,0.0
52.41457506796117,12.756729192771084,0.0
52.41457506796117,12.756871807228917,0.0
52.41457506796117,12.757014421686748,0.0
52.41457506796117,12.757157036144578,0.0
52.41457506796117,12.75729965060241,0.0
52.41457506796117,12.757442265060241,0.0
52.41457506796117,12.757584879518072,0.0
52.41457506796117,12.757727493975905,0.0
52.41457506796117,12.757870108433735,0.0
52.41457506796117,12.758012722891566,0.0
52.41457506796117,12.758155337349399,0.0
52.41457506796117,12.75829795180723,0.0
52.41457506796117,12.758440566265062,0.0
52.41457506796117,12.758583180722892,0.0
52.41457506796117,12.758725795180723,0.0
52.41457506796117,12.758868409638556,0.0
52.41457506796117,12.759011024096386,0.0
52.41457506796117,12.759153638554217,0.0
52.41457506796117,12.75929625301205,0.0
52.41457506796117,12.75943886746988,0.0
52.41457506796117,12.759581481927711,0.0
52.41457506796117,12.759724096385543,0.0
52.41457506796117,12.759866710843374,0.0
52.41457506796117,12.760009325301205,0.0
52.41457506796117,12.760151939759037,0.0
52.41457506796117,12.760294554216868,0.0
52.41457506796117,12.760437168674699,0.0
52.41457506796117,12.760579783132531,0.0
52.41457506796117,12.760722397590362,0.0
52.41457506796117,12.760865012048193,0.0
52.41457506796117,12.761007626506025,0.0
52.41457506796117,12.761150240963856,0.0
52.41457506796117,12.761292855421688,0.0
52.41457506796117,12.761435469879519,0.0
52.41457506796117,12.76157808433735,0.0
52.41457506796117,12.761720698795182,0.0
52.41457506796117,12.761863313253013,0.0
52.41457506796117,12.762005927710844,0.0
52.41457506796117,12.762148542168676,0.0
52.41457506796117,12.762291156626507,0.0
52.41457506796117,12.762433771084337,0.0
52.41457506796117,12.76257638554217,0.0
52.41457506796117,12.762719,0.0
52.414667805825246,12.750882,0.0
52.414667805825246,12.751024614457831,0.0
52.414667805825246,12.751167228915664,0.0
52.414667805825246,12.751309843373495,0.0
52.414667805825246,12.751452457831325,0.0
52.414667805825246,12.751595072289158,0.0
52.414667805825246,12.751737686746988,0.0
52.414667805825246,12.75188030120482,0.0
52.414667805825246,12.752022915662652,0.0
52.414667805825246,12.752165530120482,0.0
52.414667805825246,12.752308144578313,0.0
52.414667805825246,12.752450759036146,0.0
52.414667805825246,12.752593373493976,0.0
52.414667805825246,12.752735987951809,0.0
52.414667805825246,12.75287860240964,0.0
52.414667805825246,12.75302121686747,0.0
52.414667805825246,12.753163831325303,0.0
52.414667805825246,12.753306445783133,0.0
52.414667805825246,12.753449060240964,0.0
52.414667805825246,12.753591674698797,0.0
52.414667805825246,12.753734289156627,0.0
52.414667805825246,12.753876903614458,0.0
52.414667805825246,12.75401951807229,0.0
52.414667805825246,12.754162132530121,0.0
52.414667805825246,12.754304746987952,0.0
52.414667805825246,12.754447361445784,0.0
52.414667805825246,12.754589975903615,0.0
52.414667805825246,12.754732590361446,0.0
52.414667805825246,12.754875204819278,0.0
52.414667805825246,12.755017819277109,0.0
52.414667805825246,12.75516043373494,0.0
52.414667805825246,12.755303048192772,0.0
52.414667805825246,12.755445662650603,0.0
52.414667805825246,12.755588277108435,0.0
52.414667805825246,12.755730891566266,0.0
52.414667805825246,12.755873506024097,0.0
52.414667805825246,12.75601612048193,0.0
52.414667805825246,12.75615873493976,0.0
52.414667805825246,12.75630134939759,0.0
52.414667805825246,12.756443963855423,0.0
52.414667805825246,12.756586578313254,0.0
52.414667805825246,12.756729192771084,0.0
52.414667805825246,12.756871807228917,0.0
52.414667805825246,12.757014421686748,0.0
52.414667805825246,12.757157036144578,0.0
52.414667805825246,12.75729965060241,0.0
52.414667805825246,12.757442265060241,0.0
52.414667805825246,12.757584879518072,0.0
52.414667805825246,12.757727493975905,0.0
52.414667805825246,12.757870108433735,0.0
52.414667805825246,12.758012722891566,0.0
52.414667805825246,12.758155337349399,0.0
52.414667805825246,12.75829795180723,0.0
52.414667805825246,12.758440566265062,0.0
52.414667805825246,12.758583180722892,0.0
52.414667805825246,12.758725795180723,0.0
52.414667805825246,12.758868409638556,0.0
52.414667805825246,12.759011024096386,0.0
52.414667805825246,12.759153638554217,0.0
52.414667805825246,12.75929625301205,0.0
52.414667805825246,12.75943886746988,0.0
52.414667805825246,12.759581481927711,0.0
52.414667805825246,12.759724096385543,0.0
52.414667805825246,12.759866710843374,0.0
52.414667805825246,12.760009325301205,0.0
52.414667805825246,12.760151939759037,0.0
52.414667805825246,12.760294554216868,0.0
52.414667805825246,12.760437168674699,0.0
52.414667805825246,12.760579783132531,0.0
52.414667805825246,12.760722397590362,0.0
52.414667805825246,12.760865012048193,0.0
52.414667805825246,12.761007626506025,0.0
52.414667805825246,12.761150240963856,0.0
52.414667805825246,12.761292855421688,0.0
52.414667805825246,12.761435469879519,0.0
52.414667805825246,12.76157808433735,0.0
52.414667805825246,12.761720698795182,0.0
52.414667805825246,12.761863313253013,0.0
52.414667805825246,12.762005927710844,0.0
52.414667805825246,12.762148542168676,0.0
52.414667805825246,12.762291156626507,0.0
52.414667805825246,12.762433771084337,0.0
52.414667805825246,12.76257638554217,0.0
52.414667805825246,12.762719,0.0
52.41476054368932,12.750882,0.0
52.41476054368932,12.751024614457831,0.0
52.41476054368932,12.751167228915664,0.0
52.41476054368932,12.751309843373495,0.0
52.41476054368932,12.751452457831325,0.0
52.41476054368932,12.751595072289158,0.0
52.41476054368932,12.751737686746988,0.0
52.41476054368932,12.75188030120482,0.0
52.41476054368932,12.752022915662652,0.0
52.41476054368932,12.752165530120482,0.0
52.41476054368932,12.752308144578313,0.0
52.41476054368932,12.752450759036146,0.0
52.41476054368932,12.752593373493976,0.0
52.41476054368932,12.752735987951809,0.0
52.41476054368932,12.75287860240964,0.0
52.41476054368932,12.75302121686747,0.0
52.41476054368932,12.753163831325303,0.0
52.41476054368932,12.753306445783133,0.0
52.41476054368932,12.753449060240964,0.0
52.41476054368932,12.753591674698797,0.0
52.41476054368932,12.753734289156627,0.0
52.41476054368932,12.753876903614458,0.0
52.41476054368932,12.75401951807229,0.0
52.41476054368932,12.754162132530121,0.0
52.41476054368932,12.754304746987952,0.0
52.41476054368932,12.754447361445784,0.0
52.41476054368932,12.754589975903615,0.0
52.41476054368932,12.754732590361446,0.0
52.41476054368932,12.754875204819278,0.0
52.41476054368932,12.755017819277109,0.0
52.41476054368932,12.75516043373494,0.0
52.41476054368932,12.755303048192772,0.0
52.41476054368932,12.755445662650603,0.0
52.41476054368932,12.755588277108435,0.0
52.41476054368932,12.755730891566266,0.0
52.41476054368932,12.755873506024097,0.0
52.41476054368932,12.75601612048193,0.0
52.41476054368932,12.75615873493976,0.0
52.41476054368932,12.75630134939759,0.0
52.41476054368932,12.756443963855423,0.0
52.41476054368932,12.756586578313254,0.0
52.41476054368932,12.756729192771084,0.0
52.41476054368932,12.756871807228917,0.0
52.41476054368932,12.757014421686748,0.0
52.41476054368932,12.757157036144578,0.0
52.41476054368932,12.75729965060241,0.0
52.41476054368932,12.757442265060241,0.0
52.41476054368932,12.757584879518072,0.0
52.41476054368932,12.757727493975905,0.0
52.41476054368932,12.757870108433735,0.0
52.41476054368932,12.758012722891566,0.0
52.41476054368932,12.758155337349399,0.0
52.41476054368932,12.75829795180723,0.0
52.41476054368932,12.758440566265062,0.0
52.41476054368932,12.758583180722892,0.0
52.41476054368932,12.758725795180723,0.0
52.41476054368932,12.758868409638556,0.0
52.41476054368932,12.759011024096386,0.0
52.41476054368932,12.759153638554217,0.0
52.41476054368932,12.75929625301205,0.0
52.41476054368932,12.75943886746988,0.0
52.41476054368932,12.759581481927711,0.0
52.41476054368932,12.759724096385543,0.0
52.41476054368932,12.759866710843374,0.0
52.41476054368932,12.760009325301205,0.0
52.41476054368932,12.760151939759037,0.0
52.41476054368932,12.760294554216868,0.0
52.41476054368932,12.760437168674699,0.0
52.41476054368932,12.760579783132531,0.0
52.41476054368932,12.760722397590362,0.0
52.41476054368932,12.760865012048193,0.0
52.41476054368932,12.761007626506025,0.0
52.41476054368932,12.761150240963856,0.0
52.41476054368932,12.761292855421688,0.0
52.41476054368932,12.761435469879519,0.0
52.41476054368932,12.76157808433735,0.0
52.41476054368932,12.761720698795182,0.0
52.41476054368932,12.761863313253013,0.0
52.41476054368932,12.762005927710844,0.0
52.41476054368932,12.762148542168676,0.0
52.41476054368932,12.762291156626507,0.0
52.41476054368932,12.762433771084337,0.0
52.41476054368932,12.76257638554217,0.0
52.41476054368932,12.762719,0.0
52.4148532815534,12.750882,0.0
52.4148532815534,12.751024614457831,0.0
52.4148532815534,12.751167228915664,0.0
52.4148532815534,12.751309843373495,0.0
52.4148532815534,12.751452457831325,0.0
52.4148532815534,12.751595072289158,0.0
52.4148532815534,12.751737686746988,0.0
52.4148532815534,12.75188030120482,0.0
52.4148532815534,12.752022915662652,0.0
52.4148532815534,12.752165530120482,0.0
52.4148532815534,12.752308144578313,0.0
52.4148532815534,12.752450759036146,0.0
52.4148532815534,12.752593373493976,0.0
52.4148532815534,12.752735987951809,0.0
52.4148532815534,12.75287860240964,0.0
52.4148532815534,12.75302121686747,0.0
52.4148532815534,12.753163831325303,0.0
52.4148532815534,12.753306445783133,0.0
52.4148532815534,12.753449060240964,0.0
52.4148532815534,12.753591674698797,0.0
52.4148532815534,12.753734289156627,0.0
52.4148532815534,12.753876903614458,0.0
52.4148532815534,12.75401951807229,0.0
52.4148532815534,12.754162132530121,0.0
52.4148532815534,12.754304746987952,0.0
52.4148532815534,12.754447361445784,0.0
52.4148532815534,12.754589975903615,0.0
52.4148532815534,12.754732590361446,0.0
52.4148532815534,12.754875204819278,0.0
52.4148532815534,12.755017819277109,0.0
52.4148532815534,12.75516043373494,0.0
52.4148532815534,12.755303048192772,0.0
52.4148532815534,12.755445662650603,0.0
52.4148532815534,12.755588277108435,0.0
52.4148532815534,12.755730891566266,0.0
52.4148532815534,12.755873506024097,0.0
52.4148532815534,12.75601612048193,0.0
52.4148532815534,12.75615873493976,0.0
52.4148532815534,12.75630134939759,0.0
52.4148532815534,12.756443963855423,0.0
52.4148532815534,12.756586578313254,0.0
52.4148532815534,12.756729192771084,0.0
52.4148532815534,12.756871807228917,0.0
52.4148532815534,12.757014421686748,0.0
52.4148532815534,12.757157036144578,0.0
52.4148532815534,12.75729965060241,0.0
52.4148532815534,12.757442265060241,0.0
52.4148532815534,12.757584879518072,0.0
52.4148532815534,12.757727493975905,0.0
52.4148532815534,12.757870108433735,0.0
52.4148532815534,12.758012722891566,0.0
52.4148532815534,12.758155337349399,0.0
52.4148532815534,12.75829795180723,0.0
52.4148532815534,12.758440566265062,0.0
52.4148532815534,12.758583180722892,0.0
52.4148532815534,12.758725795180723,0.0
52.4148532815534,12.758868409638556,0.0
52.4148532815534,12.759011024096386,0.0
52.4148532815534,12.759153638554217,0.0
52.4148532815534,12.75929625301205,0.0
52.4148532815534,12.75943886746988,0.0
52.4148532815534,12.759581481927711,0.0
52.4148532815534,12.759724096385543,0.0
52.4148532815534,12.759866710843374,0.0
52.4148532815534,12.760009325301205,0.0
52.4148532815534,12.760151939759037,0.0
52.4148532815534,12.760294554216868,0.0
52.4148532815534,12.760437168674699,0.0
52.4148532815534,12.760579783132531,0.0
52.4148532815534,12.760722397590362,0.0
52.4148532815534,12.760865012048193,0.0
52.4148532815534,12.761007626506025,0.0
52.4148532815534,12.761150240963856,0.0
52.4148532815534,12.761292855421688,0.0
52.4148532815534,12.761435469879519,0.0
52.4148532815534,12.76157808433735,0.0
52.4148532815534,12.761720698795182,0.0
52.4148532815534,12.761863313253013,0.0
52.4148532815534,12.762005927710844,0.0
52.4148532815534,12.762148542168676,0.0
52.4148532815534,12.762291156626507,0.0
52.4148532815534,12.762433771084337,0.0
52.4148532815534,12.76257638554217,0.0
52.4148532815534,12.762719,0.0
52.41494601941748,12.750882,0.0
52.41494601941748,12.751024614457831,0.0
52.41494601941748,12.751167228915664,0.0
52.41494601941748,12.751309843373495,0.0
52.41494601941748,12.751452457831325,0.0
52.41494601941748,12.751595072289158,0.0
52.41494601941748,12.751737686746988,0.0
52.41494601941748,12.75188030120482,0.0
52.41494601941748,12.752022915662652,0.0
52.41494601941748,12.752165530120482,0.0
52.41494601941748,12.752308144578313,0.0
52.41494601941748,12.752450759036146,0.0
52.41494601941748,12.752593373493976,0.0
52.41494601941748,12.752735987951809,0.0
52.41494601941748,12.75287860240964,0.0
52.41494601941748,12.75302121686747,0.0
52.41494601941748,12.753163831325303,0.0
52.41494601941748,12.753306445783133,0.0
52.41494601941748,12.753449060240964,0.0
52.41494601941748,12.753591674698797,0.0
52.41494601941748,12.753734289156627,0.0
52.41494601941748,12.753876903614458,0.0
52.41494601941748,12.75401951807229,0.0
52.41494601941748,12.754162132530121,0.0
52.41494601941748,12.754304746987952,0.0
52.41494601941748,12.754447361445784,0.0
52.41494601941748,12.754589975903615,0.0
52.41494601941748,12.754732590361446,0.0
52.41494601941748,12.754875204819278,0.0
52.41494601941748,12.755017819277109,0.0
52.41494601941748,12.75516043373494,0.0
52.41494601941748,12.755303048192772,0.0
52.41494601941748,12.755445662650603,0.0
52.41494601941748,12.755588277108435,0.0
52.41494601941748,12.755730891566266,0.0
52.41494601941748,12.755873506024097,0.0
52.41494601941748,12.75601612048193,0.0
52.41494601941748,12.75615873493976,0.0
52.41494601941748,12.75630134939759,0.0
52.41494601941748,12.756443963855423,0.0
52.41494601941748,12.756586578313254,0.0
52.41494601941748,12.756729192771084,0.0
52.41494601941748,12.756871807228917,0.0
52.41494601941748,12.757014421686748,0.0
52.41494601941748,12.757157036144578,0.0
52.41494601941748,12.75729965060241,0.0
52.41494601941748,12.757442265060241,0.0
52.41494601941748,12.757584879518072,0.0
52.41494601941748,12.757727493975905,0.0
52.41494601941748,12.757870108433735,0.0
52.41494601941748,12.758012722891566,0.0
52.41494601941748,12.758155337349399,0.0
52.41494601941748,12.75829795180723,0.0
52.41494601941748,12.758440566265062,0.0
52.41494601941748,12.758583180722892,0.0
52.41494601941748,12.758725795180723,0.0
52.41494601941748,12.758868409638556,0.0
52.41494601941748,12.759011024096386,0.0
52.41494601941748,12.759153638554217,0.0
52.41494601941748,12.75929625301205,0.0
52.41494601941748,12.75943886746988,0.0
52.41494601941748,12.759581481927711,0.0
52.41494601941748,12.759724096385543,0.0
52.41494601941748,12.759866710843374,0.0
52.41494601941748,12.760009325301205,0.0
52.41494601941748,12.760151939759037,0.0
52.41494601941748,12.760294554216868,0.0
52.41494601941748,12.760437168674699,0.0
52.41494601941748,12.760579783132531,0.0
52.41494601941748,12.760722397590362,0.0
52.41494601941748,12.760865012048193,0.0
52.41494601941748,12.761007626506025,0.0
52.41494601941748,12.761150240963856,0.0
52.41494601941748,12.761292855421688,0.0
52.41494601941748,12.761435469879519,0.0
52.41494601941748,12.76157808433735,0.0
52.41494601941748,12.761720698795182,0.0
52.41494601941748,12.761863313253013,0.0
52.41494601941748,12.762005927710844,0.0
52.41494601941748,12.762148542168676,0.0
52.41494601941748,12.762291156626507,0.0
52.41494601941748,12.762433771084337,0.0
52.41494601941748,12.76257638554217,0.0
52.41494601941748,12.762719,0.0
52.41503875728156,12.750882,0.0
52.41503875728156,12.751024614457831,0.0
52.41503875728156,12.751167228915664,0.0
52.41503875728156,12.751309843373495,0.0
52.41503875728156,12.751452457831325,0.0
52.41503875728156,12.751595072289158,0.0
52.41503875728156,12.751737686746988,0.0
52.41503875728156,12.75188030120482,0.0
52.41503875728156,12.752022915662652,0.0
52.41503875728156,12.752165530120482,0.0
52.41503875728156,12.752308144578313,0.0
52.41503875728156,12.752450759036146,0.0
52.41503875728156,12.752593373493976,0.0
52.41503875728156,12.752735987951809,0.0
52.41503875728156,12.75287860240964,0.0
52.41503875728156,12.75302121686747,0.0
52.41503875728156,12.753163831325303,0.0
52.41503875728156,12.753306445783133,0.0
52.41503875728156,12.753449060240964,0.0
52.41503875728156,12.753591674698797,0.0
52.41503875728156,12.753734289156627,0.0
52.41503875728156,12.753876903614458,0.0
52.41503875728156,12.75401951807229,0.0
52.41503875728156,12.754162132530121,0.0
52.41503875728156,12.754304746987952,0.0
52.41503875728156,12.754447361445784,0.0
52.41503875728156,12.754589975903615,0.0
52.41503875728156,12.754732590361446,0.0
52.41503875728156,12.754875204819278,0.0
52.41503875728156,12.755017819277109,0.0
52.41503875728156,12.75516043373494,0.0
52.41503875728156,12.755303048192772,0.0
52.41503875728156,12.755445662650603,0.0
52.41503875728156,12.755588277108435,0.0
52.41503875728156,12.755730891566266,0.0
52.41503875728156,12.755873506024097,0.0
52.41503875728156,12.75601612048193,0.0
52.41503875728156,12.75615873493976,0.0
52.41503875728156,12.75630134939759,0.0
52.41503875728156,12.756443963855423,0.0
52.41503875728156,12.756586578313254,0.0
52.41503875728156,12.756729192771084,0.0
52.41503875728156,12.756871807228917,0.0
52.41503875728156,12.757014421686748,0.0
52.41503875728156,12.757157036144578,0.0
52.41503875728156,12.75729965060241,0.0
52.41503875728156,12.757442265060241,0.0
52.41503875728156,12.757584879518072,0.0
52.41503875728156,12.757727493975905,0.0
52.41503875728156,12.757870108433735,0.0
52.41503875728156,12.758012722891566,0.0
52.41503875728156,12.758155337349399,0.0
52.41503875728156,12.75829795180723,0.0
52.41503875728156,12.758440566265062,0.0
52.41503875728156,12.758583180722892,0.0
52.41503875728156,12.758725795180723,0.0
52.41503875728156,12.758868409638556,0.0
52.41503875728156,12.759011024096386,0.0
52.41503875728156,12.759153638554217,0.0
52.41503875728156,12.75929625301205,0.0
52.41503875728156,12.75943886746988,0.0
52.41503875728156,12.759581481927711,0.0
52.41503875728156,12.759724096385543,0.0
52.41503875728156,12.759866710843374,0.0
52.41503875728156,12.760009325301205,0.0
52.41503875728156,12.760151939759037,0.0
52.41503875728156,12.760294554216868,0.0
52.41503875728156,12.760437168674699,0.0
52.41503875728156,12.760579783132531,0.0
52.41503875728156,12.760722397590362,0.0
52.41503875728156,12.760865012048193,0.0
52.41503875728156,12.761007626506025,0.0
52.41503875728156,12.761150240963856,0.0
52.41503875728156,12.761292855421688,0.0
52.41503875728156,12.761435469879519,0.0
52.41503875728156,12.76157808433735,0.0
52.41503875728156,12.761720698795182,0.0
52.41503875728156,12.761863313253013,0.0
52.41503875728156,12.762005927710844,0.0
52.41503875728156,12.762148542168676,0.0
52.41503875728156,12.762291156626507,0.0
52.41503875728156,12.762433771084337,0.0
52.41503875728156,12.76257638554217,0.0
52.41503875728156,12.762719,0.0
52.41513149514563,12.750882,0.0
52.41513149514563,12.751024614457831,0.0
52.41513149514563,12.751167228915664,0.0
52.41513149514563,12.751309843373495,0.0
52.41513149514563,12.751452457831325,0.0
52.41513149514563,12.751595072289158,0.0
52.41513149514563,12.751737686746988,0.0
52.41513149514563,12.75188030120482,0.0
52.41513149514563,12.752022915662652,0.0
52.41513149514563,12.752165530120482,0.0
52.41513149514563,12.752308144578313,0.0
52.41513149514563,12.752450759036146,0.0
52.41513149514563,12.752593373493976,0.0
52.41513149514563,12.752735987951809,0.0
52.41513149514563,12.75287860240964,0.0
52.41513149514563,12.75302121686747,0.0
52.41513149514563,12.753163831325303,0.0
52.41513149514563,12.753306445783133,0.0
52.41513149514563,12.753449060240964,0.0
52.41513149514563,12.753591674698797,0.0
52.41513149514563,12.753734289156627,0.0
52.41513149514563,12.753876903614458,0.0
52.41513149514563,12.75401951807229,0.0
52.41513149514563,12.754162132530121,0.0
52.41513149514563,12.754304746987952,0.0
52.41513149514563,12.754447361445784,0.0
52.41513149514563,12.754589975903615,0.0
52.41513149514563,12.754732590361446,0.0
52.41513149514563,12.754875204819278,0.0
52.41513149514563,12.755017819277109,0.0
52.41513149514563,12.75516043373494,0.0
52.41513149514563,12.755303048192772,0.0
52.41513149514563,12.755445662650603,0.0
52.41513149514563,12.755588277108435,0.0
52.41513149514563,12.755730891566266,0.0
52.41513149514563,12.755873506024097,0.0
52.41513149514563,12.75601612048193,0.0
52.41513149514563,12.75615873493976,0.0
52.41513149514563,12.75630134939759,0.0
52.41513149514563,12.756443963855423,0.0
52.41513149514563,12.756586578313254,0.0
52.41513149514563,12.756729192771084,0.0
52.41513149514563,12.756871807228917,0.0
52.41513149514563,12.757014421686748,0.0
52.41513149514563,12.757157036144578,0.0
52.41513149514563,12.75729965060241,0.0
52.41513149514563,12.757442265060241,0.0
52.41513149514563,12.757584879518072,0.0
52.41513149514563,12.757727493975905,0.0
52.41513149514563,12.757870108433735,0.0
52.41513149514563,12.758012722891566,0.0
52.41513149514563,12.758155337349399,0.0
52.41513149514563,12.75829795180723,0.0
52.41513149514563,12.758440566265062,0.0
52.41513149514563,12.758583180722892,0.0
52.41513149514563,12.758725795180723,0.0
52.41513149514563,12.758868409638556,0.0
52.41513149514563,12.759011024096386,0.0
52.41513149514563,12.759153638554217,0.0
52.41513149514563,12.75929625301205,0.0
52.41513149514563,12.75943886746988,0.0
52.41513149514563,12.759581481927711,0.0
52.41513149514563,12.759724096385543,0.0
52.41513149514563,12.759866710843374,0.0
52.41513149514563,12.760009325301205,0.0
52.41513149514563,12.760151939759037,0.0
52.41513149514563,12.760294554216868,0.0
52.41513149514563,12.760437168674699,0.0
52.41513149514563,12.760579783132531,0.0
52.41513149514563,12.760722397590362,0.0
52.41513149514563,12.760865012048193,0.0
52.41513149514563,12.761007626506025,0.0
52.41513149514563,12.761150240963856,0.0
52.41513149514563,12.761292855421688,0.0
52.41513149514563,12.761435469879519,0.0
52.41513149514563,12.76157808433735,0.0
52.41513149514563,12.761720698795182,0.0
52.41513149514563,12.761863313253013,0.0
52.41513149514563,12.762005927710844,0.0
52.41513149514563,12.762148542168676,0.0
52.41513149514563,12.762291156626507,0.0
52.41513149514563,12.762433771084337,0.0
52.41513149514563,12.76257638554217,0.0
52.41513149514563,12.762719,0.0
52.41522423300971,12.750882,0.0
52.41522423300971,12.751024614457831,0.0
52.41522423300971,12.751167228915664,0.0
52.41522423300971,12.751309843373495,0.0
52.41522423300971,12.751452457831325,0.0
52.41522423300971,12.751595072289158,0.0
52.41522423300971,12.751737686746988,0.0
52.41522423300971,12.75188030120482,0.0
52.41522423300971,12.752022915662652,0.0
52.41522423300971,12.752165530120482,0.0
52.41522423300971,12.752308144578313,0.0
52.41522423300971,12.752450759036146,0.0
52.41522423300971,12.752593373493976,0.0
52.41522423300971,12.752735987951809,0.0
52.41522423300971,12.75287860240964,0.0
52.41522423300971,12.75302121686747,0.0
52.41522423300971,12.753163831325303,0.0
52.41522423300971,12.753306445783133,0.0
52.41522423300971,12.753449060240964,0.0
52.41522423300971,12.753591674698797,0.0
52.41522423300971,12.753734289156627,0.0
52.41522423300971,12.753876903614458,0.0
52.41522423300971,12.75401951807229,0.0
52.41522423300971,12.754162132530121,0.0
52.41522423300971,12.754304746987952,0.0
52.41522423300971,12.754447361445784,0.0
52.41522423300971,12.754589975903615,0.0
52.41522423300971,12.754732590361446,0.0
52.41522423300971,12.754875204819278,0.0
52.41522423300971,12.755017819277109,0.0
52.41522423300971,12.75516043373494,0.0
52.41522423300971,12.755303048192772,0.0
52.41522423300971,12.755445662650603,0.0
52.41522423300971,12.755588277108435,0.0
52.41522423300971,12.755730891566266,0.0
52.41522423300971,12.755873506024097,0.0
52.41522423300971,12.75601612048193,0.0
52.41522423300971,12.75615873493976,0.0
52.41522423300971,12.75630134939759,0.0
52.41522423300971,12.756443963855423,0.0
52.41522423300971,12.756586578313254,0.0
52.41522423300971,12.756729192771084,0.0
52.41522423300971,12.756871807228917,0.0
52.41522423300971,12.757014421686748,0.0
52.41522423300971,12.757157036144578,0.0
52.41522423300971,12.75729965060241,0.0
52.41522423300971,12.757442265060241,0.0
52.41522423300971,12.757584879518072,0.0
52.41522423300971,12.757727493975905,0.0
52.41522423300971,12.757870108433735,0.0
52.41522423300971,12.758012722891566,0.0
52.41522423300971,12.758155337349399,0.0
52.41522423300971,12.75829795180723,0.0
52.41522423300971,12.758440566265062,0.0
52.41522423300971,12.758583180722892,0.0
52.41522423300971,12.758725795180723,0.0
52.41522423300971,12.758868409638556,0.0
52.41522423300971,12.759011024096386,0.0
52.41522423300971,12.759153638554217,0.0
52.41522423300971,12.75929625301205,0.0
52.41522423300971,12.75943886746988,0.0
52.41522423300971,12.759581481927711,0.0
52.41522423300971,12.759724096385543,0.0
52.41522423300971,12.759866710843374,0.0
52.41522423300971,12.760009325301205,0.0
52.41522423300971,12.760151939759037,0.0
52.41522423300971,12.760294554216868,0.0
52.41522423300971,12.760437168674699,0.0
52.41522423300971,12.760579783132531,0.0
52.41522423300971,12.760722397590362,0.0
52.41522423300971,12.760865012048193,0.0
52.41522423300971,12.761007626506025,0.0
52.41522423300971,12.761150240963856,0.0
52.41522423300971,12.761292855421688,0.0
52.41522423300971,12.761435469879519,0.0
52.41522423300971,12.76157808433735,0.0
52.41522423300971,12.761720698795182,0.0
52.41522423300971,12.761863313253013,0.0
52.41522423300971,12.762005927710844,0.0
52.41522423300971,12.762148542168676,0.0
52.41522423300971,12.762291156626507,0.0
52.41522423300971,12.762433771084337,0.0
52.41522423300971,12.76257638554217,0.0
52.41522423300971,12.762719,0.0
52.41531697087379,12.750882,0.0
52.41531697087379,12.751024614457831,0.0
52.41531697087379,12.751167228915664,0.0
52.41531697087379,12.751309843373495,0.0
52.41531697087379,12.751452457831325,0.0
52.41531697087379,12.751595072289158,0.0
52.41531697087379,12.751737686746988,0.0
52.41531697087379,12.75188030120482,0.0
52.41531697087379,12.752022915662652,0.0
52.41531697087379,12.752165530120482,0.0
52.41531697087379,12.752308144578313,0.0
52.41531697087379,12.752450759036146,0.0
52.41531697087379,12.752593373493976,0.0
52.41531697087379,12.752735987951809,0.0
52.41531697087379,12.75287860240964,0.0
52.41531697087379,12.75302121686747,0.0
52.41531697087379,12.753163831325303,0.0
52.41531697087379,12.753306445783133,0.0
52.41531697087379,12.753449060240964,0.0
52.41531697087379,12.753591674698797,0.0
52.41531697087379,12.753734289156627,0.0
52.41531697087379,12.753876903614458,0.0
52.41531697087379,12.75401951807229,0.0
52.41531697087379,12.754162132530121,0.0
52.41531697087379,12.754304746987952,0.0
52.41531697087379,12.754447361445784,0.0
52.41531697087379,12.754589975903615,0.0
52.41531697087379,12.754732590361446,0.0
52.41531697087379,12.754875204819278,0.0
52.41531697087379,12.755017819277109,0.0
52.41531697087379,12.75516043373494,0.0
52.41531697087379,12.755303048192772,0.0
52.41531697087379,12.755445662650603,0.0
52.41531697087379,12.755588277108435,0.0
52.41531697087379,12.755730891566266,0.0
52.41531697087379,12.755873506024097,0.0
52.41531697087379,12.75601612048193,0.0
52.41531697087379,12.75615873493976,0.0
52.41531697087379,12.75630134939759,0.0
52.41531697087379,12.756443963855423,0.0
52.41531697087379,12.756586578313254,0.0
52.41531697087379,12.756729192771084,0.0
52.41531697087379,12.756871807228917,0.0
52.41531697087379,12.757014421686748,0.0
52.41531697087379,12.757157036144578,0.0
52.41531697087379,12.75729965060241,0.0
52.41531697087379,12.757442265060241,0.0
52.41531697087379,12.757584879518072,0.0
52.41531697087379,12.757727493975905,0.0
52.41531697087379,12.757870108433735,0.0
52.41531697087379,12.758012722891566,0.0
52.41531697087379,12.758155337349399,0.0
52.41531697087379,12.75829795180723,0.0
52.41531697087379,12.758440566265062,0.0
52.41531697087379,12.758583180722892,0.0
52.41531697087379,12.758725795180723,0.0
52.41531697087379,12.758868409638556,0.0
52.41531697087379,12.759011024096386,0.0
52.41531697087379,12.759153638554217,0.0
52.41531697087379,12.75929625301205,0.0
52.41531697087379,12.75943886746988,0.0
52.41531697087379,12.759581481927711,0.0
52.41531697087379,12.759724096385543,0.0
52.41531697087379,12.759866710843374,0.0
52.41531697087379,12.760009325301205,0.0
52.41531697087379,12.760151939759037,0.0
52.41531697087379,12.760294554216868,0.0
52.41531697087379,12.760437168674699,0.0
52.41531697087379,12.760579783132531,0.0
52.41531697087379,12.760722397590362,0.0
52.41531697087379,12.760865012048193,0.0
52.41531697087379,12.761007626506025,0.0
52.41531697087379,12.761150240963856,0.0
52.41531697087379,12.761292855421688,0.0
52.41531697087379,12.761435469879519,0.0
52.41531697087379,12.76157808433735,0.0
52.41531697087379,12.761720698795182,0.0
52.41531697087379,12.761863313253013,0.0
52.41531697087379,12.762005927710844,0.0
52.41531697087379,12.762148542168676,0.0
52.41531697087379,12.762291156626507,0.0
52.41531697087379,12.762433771084337,0.0
52.41531697087379,12.76257638554217,0.0
52.41531697087379,12.762719,0.0
52.41540970873786,12.750882,0.0
52.41540970873786,12.751024614457831,0.0
52.41540970873786,12.751167228915664,0.0
52.41540970873786,12.751309843373495,0.0
52.41540970873786,12.751452457831325,0.0
52.41540970873786,12.751595072289158,0.0
52.41540970873786,12.751737686746988,0.0
52.41540970873786,12.75188030120482,0.0
52.41540970873786,12.752022915662652,0.0
52.41540970873786,12.752165530120482,0.0
52.41540970873786,12.752308144578313,0.0
52.41540970873786,12.752450759036146,0.0
52.41540970873786,12.752593373493976,0.0
52.41540970873786,12.752735987951809,0.0
52.41540970873786,12.75287860240964,0.0
52.41540970873786,12.75302121686747,0.0
52.41540970873786,12.753163831325303,0.0
52.41540970873786,12.753306445783133,0.0
52.41540970873786,12.753449060240964,0.0
52.41540970873786,12.753591674698797,0.0
52.41540970873786,12.753734289156627,0.0
52.41540970873786,12.753876903614458,0.0
52.41540970873786,12.75401951807229,0.0
52.41540970873786,12.754162132530121,0.0
52.41540970873786,12.754304746987952,0.0
52.41540970873786,12.754447361445784,0.0
52.41540970873786,12.754589975903615,0.0
52.41540970873786,12.754732590361446,0.0
52.41540970873786,12.754875204819278,0.0
52.41540970873786,12.755017819277109,0.0
52.41540970873786,12.75516043373494,0.0
52.41540970873786,12.755303048192772,0.0
52.41540970873786,12.755445662650603,0.0
52.41540970873786,12.755588277108435,0.0
52.41540970873786,12.755730891566266,0.0
52.41540970873786,12.755873506024097,0.0
52.41540970873786,12.75601612048193,0.0
52.41540970873786,12.75615873493976,0.0
52.41540970873786,12.75630134939759,0.0
52.41540970873786,12.756443963855423,0.0
52.41540970873786,12.756586578313254,0.0
52.41540970873786,12.756729192771084,0.0
52.41540970873786,12.756871807228917,0.0
52.41540970873786,12.757014421686748,0.0
52.41540970873786,12.757157036144578,0.0
52.41540970873786,12.75729965060241,0.0
52.41540970873786,12.757442265060241,0.0
52.41540970873786,12.757584879518072,0.0
52.41540970873786,12.757727493975905,0.0
52.41540970873786,12.757870108433735,0.0
52.41540970873786,12.758012722891566,0.0
52.41540970873786,12.758155337349399,0.0
52.41540970873786,12.75829795180723,0.0
52.41540970873786,12.758440566265062,0.0
52.41540970873786,12.758583180722892,0.0
52.41540970873786,12.758725795180723,0.0
52.41540970873786,12.758868409638556,0.0
52.41540970873786,12.759011024096386,0.0
52.41540970873786,12.759153638554217,0.0
52.41540970873786,12.75929625301205,0.0
52.41540970873786,12.75943886746988,0.0
52.41540970873786,12.759581481927711,0.0
52.41540970873786,12.759724096385543,0.0
52.41540970873786,12.759866710843374,0.0
52.41540970873786,12.760009325301205,0.0
52.41540970873786,12.760151939759037,0.0
52.41540970873786,12.760294554216868,0.0
52.41540970873786,12.760437168674699,0.0
52.41540970873786,12.760579783132531,0.0
52.41540970873786,12.760722397590362,0.0
52.41540970873786,12.760865012048193,0.0
52.41540970873786,12.761007626506025,0.0
52.41540970873786,12.761150240963856,0.0
52.41540970873786,12.761292855421688,0.0
52.41540970873786,12.761435469879519,0.0
52.41540970873786,12.76157808433735,0.0
52.41540970873786,12.761720698795182,0.0
52.41540970873786,12.761863313253013,0.0
52.41540970873786,12.762005927710844,0.0
52.41540970873786,12.762148542168676,0.0
52.41540970873786,12.762291156626507,0.0
52.41540970873786,12.762433771084337,0.0
52.41540970873786,12.76257638554217,0.0
52.41540970873786,12.762719,0.0
52.41550244660194,12.750882,0.0
52.41550244660194,12.751024614457831,0.0
52.41550244660194,12.751167228915664,0.0
52.41550244660194,12.751309843373495,0.0
52.41550244660194,12.751452457831325,0.0
52.41550244660194,12.751595072289158,0.0
52.41550244660194,12.751737686746988,0.0
52.41550244660194,12.75188030120482,0.0
52.41550244660194,12.752022915662652,0.0
52.41550244660194,12.752165530120482,0.0
52.41550244660194,12.752308144578313,0.0
52.41550244660194,12.752450759036146,0.0
52.41550244660194,12.752593373493976,0.0
52.41550244660194,12.752735987951809,0.0
52.41550244660194,12.75287860240964,0.0
52.41550244660194,12.75302121686747,0.0
52.41550244660194,12.753163831325303,0.0
52.41550244660194,12.753306445783133,0.0
52.41550244660194,12.753449060240964,0.0
52.41550244660194,12.753591674698797,0.0
52.41550244660194,12.753734289156627,0.0
52.41550244660194,12.753876903614458,0.0
52.41550244660194,12.75401951807229,0.0
52.41550244660194,12.754162132530121,0.0
52.41550244660194,12.754304746987952,0.0
52.41550244660194,12.754447361445784,0.0
52.41550244660194,12.754589975903615,0.0
52.41550244660194,12.754732590361446,0.0
52.41550244660194,12.754875204819278,0.0
52.41550244660194,12.755017819277109,0.0
52.41550244660194,12.75516043373494,0.0
52.41550244660194,12.755303048192772,0.0
52.41550244660194,12.755445662650603,0.0
52.41550244660194,12.755588277108435,0.0
52.41550244660194,12.755730891566266,0.0
52.41550244660194,12.755873506024097,0.0
52.41550244660194,12.75601612048193,0.0
52.41550244660194,12.75615873493976,0.0
52.41550244660194,12.75630134939759,0.0
52.41550244660194,12.756443963855423,0.0
52.41550244660194,12.756586578313254,0.0
52.41550244660194,12.756729192771084,0.0
52.41550244660194,12.756871807228917,0.0
52.41550244660194,12.757014421686748,0.0
52.41550244660194,12.757157036144578,0.0
52.41550244660194,12.75729965060241,0.0
52.41550244660194,12.757442265060241,0.0
52.41550244660194,12.757584879518072,0.0
52.41550244660194,12.757727493975905,0.0
52.41550244660194,12.757870108433735,0.0
52.41550244660194,12.758012722891566,0.0
52.41550244660194,12.758155337349399,0.0
52.41550244660194,12.75829795180723,0.0
52.41550244660194,12.758440566265062,0.0
52.41550244660194,12.758583180722892,0.0
52.41550244660194,12.758725795180723,0.0
52.41550244660194,12.758868409638556,0.0
52.41550244660194,12.759011024096386,0.0
52.41550244660194,12.759153638554217,0.0
52.41550244660194,12.75929625301205,0.0
52.41550244660194,12.75943886746988,0.0
52.41550244660194,12.759581481927711,0.0
52.41550244660194,12.759724096385543,0.0
52.41550244660194,12.759866710843374,0.0
52.41550244660194,12.760009325301205,0.0
52.41550244660194,12.760151939759037,0.0
52.41550244660194,12.760294554216868,0.0
52.41550244660194,12.760437168674699,0.0
52.41550244660194,12.760579783132531,0.0
52.41550244660194,12.760722397590362,0.0
52.41550244660194,12.760865012048193,0.0
52.41550244660194,12.761007626506025,0.0
52.41550244660194,12.761150240963856,0.0
52.41550244660194,12.761292855421688,0.0
52.41550244660194,12.761435469879519,0.0
52.41550244660194,12.76157808433735,0.0
52.41550244660194,12.761720698795182,0.0
52.41550244660194,12.761863313253013,0.0
52.41550244660194,12.762005927710844,0.0
52.41550244660194,12.762148542168676,0.0
52.41550244660194,12.762291156626507,0.0
52.41550244660194,12.762433771084337,0.0
52.41550244660194,12.76257638554217,0.0
52.41550244660194,12.762719,0.0
52.41559518446602,12.750882,0.0
52.41559518446602,12.751024614457831,0.0
52.41559518446602,12.751167228915664,0.0
52.41559518446602,12.751309843373495,0.0
52.41559518446602,12.751452457831325,0.0
52.41559518446602,12.751595072289158,0.0
52.41559518446602,12.751737686746988,0.0
52.41559518446602,12.75188030120482,0.0
52.41559518446602,12.752022915662652,0.0
52.41559518446602,12.752165530120482,0.0
52.41559518446602,12.752308144578313,0.0
52.41559518446602,12.752450759036146,0.0
52.41559518446602,12.752593373493976,0.0
52.41559518446602,12.752735987951809,0.0
52.41559518446602,12.75287860240964,0.0
52.41559518446602,12.75302121686747,0.0
52.41559518446602,12.753163831325303,0.0
52.41559518446602,12.753306445783133,0.0
52.41559518446602,12.753449060240964,0.0
52.41559518446602,12.753591674698797,0.0
52.41559518446602,12.753734289156627,0.0
52.41559518446602,12.753876903614458,0.0
52.41559518446602,12.75401951807229,0.0
52.41559518446602,12.754162132530121,0.0
52.41559518446602,12.754304746987952,0.0
52.41559518446602,12.754447361445784,0.0
52.41559518446602,12.754589975903615,0.0
52.41559518446602,12.754732590361446,0.0
52.41559518446602,12.754875204819278,0.0
52.41559518446602,12.755017819277109,0.0
52.41559518446602,12.75516043373494,0.0
52.41559518446602,12.755303048192772,0.0
52.41559518446602,12.755445662650603,0.0
52.41559518446602,12.755588277108435,0.0
52.41559518446602,12.755730891566266,0.0
52.41559518446602,12.755873506024097,0.0
52.41559518446602,12.75601612048193,0.0
52.41559518446602,12.75615873493976,0.0
52.41559518446602,12.75630134939759,0.0
52.41559518446602,12.756443963855423,0.0
52.41559518446602,12.756586578313254,0.0
52.41559518446602,12.756729192771084,0.0
52.41559518446602,12.756871807228917,0.0
52.41559518446602,12.757014421686748,0.0
52.41559518446602,12.757157036144578,0.0
52.41559518446602,12.75729965060241,0.0
52.41559518446602,12.757442265060241,0.0
52.41559518446602,12.757584879518072,0.0
52.41559518446602,12.757727493975905,0.0
52.41559518446602,12.757870108433735,0.0
52.41559518446602,12.758012722891566,0.0
52.41559518446602,12.758155337349399,0.0
52.41559518446602,12.75829795180723,0.0
52.41559518446602,12.758440566265062,0.0
52.41559518446602,12.758583180722892,0.0
52.41559518446602,12.758725795180723,0.0
52.41559518446602,12.758868409638556,0.0
52.41559518446602,12.759011024096386,0.0
52.41559518446602,12.759153638554217,0.0
52.41559518446602,12.75929625301205,0.0
52.41559518446602,12.75943886746988,0.0
52.41559518446602,12.759581481927711,0.0
52.41559518446602,12.759724096385543,0.0
52.41559518446602,12.759866710843374,0.0
52.41559518446602,12.760009325301205,0.0
52.41559518446602,12.760151939759037,0.0
52.41559518446602,12.760294554216868,0.0
52.41559518446602,12.760437168674699,0.0
52.41559518446602,12.760579783132531,0.0
52.41559518446602,12.760722397590362,0.0
52.41559518446602,12.760865012048193,0.0
52.41559518446602,12.761007626506025,0.0
52.41559518446602,12.761150240963856,0.0
52.41559518446602,12.761292855421688,0.0
52.41559518446602,12.761435469879519,0.0
52.41559518446602,12.76157808433735,0.0
52.41559518446602,12.761720698795182,0.0
52.41559518446602,12.761863313253013,0.0
52.41559518446602,12.762005927710844,0.0
52.41559518446602,12.762148542168676,0.0
52.41559518446602,12.762291156626507,0.0
52.41559518446602,12.762433771084337,0.0
52.41559518446602,12.76257638554217,0.0
52.41559518446602,12.762719,0.0
52.4156879223301,12.750882,0.0
52.4156879223301,12.751024614457831,0.0
52.4156879223301,12.751167228915664,0.0
52.4156879223301,12.751309843373495,0.0
52.4156879223301,12.751452457831325,0.0
52.4156879223301,12.751595072289158,0.0
52.4156879223301,12.751737686746988,0.0
52.4156879223301,12.75188030120482,0.0
52.4156879223301,12.752022915662652,0.0
52.4156879223301,12.752165530120482,0.0
52.4156879223301,12.752308144578313,0.0
52.4156879223301,12.752450759036146,0.0
52.4156879223301,12.752593373493976,0.0
52.4156879223301,12.752735987951809,0.0
52.4156879223301,12.75287860240964,0.0
52.4156879223301,12.75302121686747,0.0
52.4156879223301,12.753163831325303,0.0
52.4156879223301,12.753306445783133,0.0
52.4156879223301,12.753449060240964,0.0
52.4156879223301,12.753591674698797,0.0
52.4156879223301,12.753734289156627,0.0
52.4156879223301,12.753876903614458,0.0
52.4156879223301,12.75401951807229,0.0
52.4156879223301,12.754162132530121,0.0
52.4156879223301,12.754304746987952,0.0
52.4156879223301,12.754447361445784,0.0
52.4156879223301,12.754589975903615,0.0
52.4156879223301,12.754732590361446,0.0
52.4156879223301,12.754875204819278,0.0
52.4156879223301,12.755017819277109,0.0
52.4156879223301,12.75516043373494,0.0
52.4156879223301,12.755303048192772,0.0
52.4156879223301,12.755445662650603,0.0
52.4156879223301,12.755588277108435,0.0
52.4156879223301,12.755730891566266,0.0
52.4156879223301,12.755873506024097,0.0
52.4156879223301,12.75601612048193,0.0
52.4156879223301,12.75615873493976,0.0
52.4156879223301,12.75630134939759,0.0
52.4156879223301,12.756443963855423,0.0
52.4156879223301,12.756586578313254,0.0
52.4156879223301,12.756729192771084,0.0
52.4156879223301,12.756871807228917,0.0
52.4156879223301,12.757014421686748,0.0
52.4156879223301,12.757157036144578,0.0
52.4156879223301,12.75729965060241,0.0
52.4156879223301,12.757442265060241,0.0
52.4156879223301,12.757584879518072,0.0
52.4156879223301,12.757727493975905,0.0
52.4156879223301,12.757870108433735,0.0
52.4156879223301,12.758012722891566,0.0
52.4156879223301,12.758155337349399,0.0
52.4156879223301,12.75829795180723,0.0
52.4156879223301,12.758440566265062,0.0
52.4156879223301,12.758583180722892,0.0
52.4156879223301,12.758725795180723,0.0
52.4156879223301,12.758868409638556,0.0
52.4156879223301,12.759011024096386,0.0
52.4156879223301,12.759153638554217,0.0
52.4156879223301,12.75929625301205,0.0
52.4156879223301,12.75943886746988,0.0
52.4156879223301,12.759581481927711,0.0
52.4156879223301,12.759724096385543,0.0
52.4156879223301,12.759866710843374,0.0
52.4156879223301,12.760009325301205,0.0
52.4156879223301,12.760151939759037,0.0
52.4156879223301,12.760294554216868,0.0
52.4156879223301,12.760437168674699,0.0
52.4156879223301,12.760579783132531,0.0
52.4156879223301,12.760722397590362,0.0
52.4156879223301,12.760865012048193,0.0
52.4156879223301,12.761007626506025,0.0
52.4156879223301,12.761150240963856,0.0
52.4156879223301,12.761292855421688,0.0
52.4156879223301,12.761435469879519,0.0
52.4156879223301,12.76157808433735,0.0
52.4156879223301,12.761720698795182,0.0
52.4156879223301,12.761863313253013,0.0
52.4156879223301,12.762005927710844,0.0
52.4156879223301,12.762148542168676,0.0
52.4156879223301,12.762291156626507,0.0
52.4156879223301,12.762433771084337,0.0
52.4156879223301,12.76257638554217,0.0
52.4156879223301,12.762719,0.0
52.41578066019417,12.750882,0.0
52.41578066019417,12.751024614457831,0.0
52.41578066019417,12.751167228915664,0.0
52.41578066019417,12.751309843373495,0.0
52.41578066019417,12.751452457831325,0.0
52.41578066019417,12.751595072289158,0.0
52.41578066019417,12.751737686746988,0.0
52.41578066019417,12.75188030120482,0.0
52.41578066019417,12.752022915662652,0.0
52.41578066019417,12.752165530120482,0.0
52.41578066019417,12.752308144578313,0.0
52.41578066019417,12.752450759036146,0.0
52.41578066019417,12.752593373493976,0.0
52.41578066019417,12.752735987951809,0.0
52.41578066019417,12.75287860240964,0.0
52.41578066019417,12.75302121686747,0.0
52.41578066019417,12.753163831325303,0.0
52.41578066019417,12.753306445783133,0.0
52.41578066019417,12.753449060240964,0.0
52.41578066019417,12.753591674698797,0.0
52.41578066019417,12.753734289156627,0.0
52.41578066019417,12.753876903614458,0.0
52.41578066019417,12.75401951807229,0.0
52.41578066019417,12.754162132530121,0.0
52.41578066019417,12.754304746987952,0.0
52.41578066019417,12.754447361445784,0.0
52.41578066019417,12.754589975903615,0.0
52.41578066019417,12.754732590361446,0.0
52.41578066019417,12.754875204819278,0.0
52.41578066019417,12.755017819277109,0.0
52.41578066019417,12.75516043373494,0.0
52.41578066019417,12.755303048192772,0.0
52.41578066019417,12.755445662650603,0.0
52.41578066019417,12.755588277108435,0.0
52.41578066019417,12.755730891566266,0.0
52.41578066019417,12.755873506024097,0.0
52.41578066019417,12.75601612048193,0.0
52.41578066019417,12.75615873493976,0.0
52.41578066019417,12.75630134939759,0.0
52.41578066019417,12.756443963855423,0.0
52.41578066019417,12.756586578313254,0.0
52.41578066019417,12.756729192771084,0.0
52.41578066019417,12.756871807228917,0.0
52.41578066019417,12.757014421686748,0.0
52.41578066019417,12.757157036144578,0.0
52.41578066019417,12.75729965060241,0.0
52.41578066019417,12.757442265060241,0.0
52.41578066019417,12.757584879518072,0.0
52.41578066019417,12.757727493975905,0.0
52.41578066019417,12.757870108433735,0.0
52.41578066019417,12.758012722891566,0.0
52.41578066019417,12.758155337349399,0.0
52.41578066019417,12.75829795180723,0.0
52.41578066019417,12.758440566265062,0.0
52.41578066019417,12.758583180722892,0.0
52.41578066019417,12.758725795180723,0.0
52.41578066019417,12.758868409638556,0.0
52.41578066019417,12.759011024096386,0.0
52.41578066019417,12.759153638554217,0.0
52.41578066019417,12.75929625301205,0.0
52.41578066019417,12.75943886746988,0.0
52.41578066019417,12.759581481927711,0.0
52.41578066019417,12.759724096385543,0.0
52.41578066019417,12.759866710843374,0.0
52.41578066019417,12.760009325301205,0.0
52.41578066019417,12.760151939759037,0.0
52.41578066019417,12.760294554216868,0.0
52.41578066019417,12.760437168674699,0.0
52.41578066019417,12.760579783132531,0.0
52.41578066019417,12.760722397590362,0.0
52.41578066019417,12.760865012048193,0.0
52.41578066019417,12.761007626506025,0.0
52.41578066019417,12.761150240963856,0.0
52.41578066019417,12.761292855421688,0.0
52.41578066019417,12.761435469879519,0.0
52.41578066019417,12.76157808433735,0.0
52.41578066019417,12.761720698795182,0.0
52.41578066019417,12.761863313253013,0.0
52.41578066019417,12.762005927710844,0.0
52.41578066019417,12.762148542168676,0.0
52.41578066019417,12.762291156626507,0.0
52.41578066019417,12.762433771084337,0.0
52.41578066019417,12.76257638554217,0.0
52.41578066019417,12.762719,0.0
52.41587339805825,12.750882,0.0
52.41587339805825,12.751024614457831,0.0
52.41587339805825,12.751167228915664,0.0
52.41587339805825,12.751309843373495,0.0
52.41587339805825,12.751452457831325,0.0
52.41587339805825,12.751595072289158,0.0
52.41587339805825,12.751737686746988,0.0
52.41587339805825,12.75188030120482,0.0
52.41587339805825,12.752022915662652,0.0
52.41587339805825,12.752165530120482,0.0
52.41587339805825,12.752308144578313,0.0
52.41587339805825,12.752450759036146,0.0
52.41587339805825,12.752593373493976,0.0
52.41587339805825,12.752735987951809,0.0
52.41587339805825,12.75287860240964,0.0
52.41587339805825,12.75302121686747,0.0
52.41587339805825,12.753163831325303,0.0
52.41587339805825,12.753306445783133,0.0
52.41587339805825,12.753449060240964,0.0
52.41587339805825,12.753591674698797,0.0
52.41587339805825,12.753734289156627,0.0
52.41587339805825,12.753876903614458,0.0
52.41587339805825,12.75401951807229,0.0
52.41587339805825,12.754162132530121,0.0
52.41587339805825,12.754304746987952,0.0
52.41587339805825,12.754447361445784,0.0
52.41587339805825,12.754589975903615,0.0
52.41587339805825,12.754732590361446,0.0
52.41587339805825,12.754875204819278,0.0
52.41587339805825,12.755017819277109,0.0
52.41587339805825,12.75516043373494,0.0
52.41587339805825,12.755303048192772,0.0
52.41587339805825,12.755445662650603,0.0
52.41587339805825,12.755588277108435,0.0
52.41587339805825,12.755730891566266,0.0
52.41587339805825,12.755873506024097,0.0
52.41587339805825,12.75601612048193,0.0
52.41587339805825,12.75615873493976,0.0
52.41587339805825,12.75630134939759,0.0
52.41587339805825,12.756443963855423,0.0
52.41587339805825,12.756586578313254,0.0
52.41587339805825,12.756729192771084,0.0
52.41587339805825,12.756871807228917,0.0
52.41587339805825,12.757014421686748,0.0
52.41587339805825,12.757157036144578,0.0
52.41587339805825,12.75729965060241,0.0
52.41587339805825,12.757442265060241,0.0
52.41587339805825,12.757584879518072,0.0
52.41587339805825,12.757727493975905,0.0
52.41587339805825,12.757870108433735,0.0
52.41587339805825,12.758012722891566,0.0
52.41587339805825,12.758155337349399,0.0
52.41587339805825,12.75829795180723,0.0
52.41587339805825,12.758440566265062,0.0
52.41587339805825,12.758583180722892,0.0
52.41587339805825,12.758725795180723,0.0
52.41587339805825,12.758868409638556,0.0
52.41587339805825,12.759011024096386,0.0
52.41587339805825,12.759153638554217,0.0
52.41587339805825,12.75929625301205,0.0
52.41587339805825,12.75943886746988,0.0
52.41587339805825,12.759581481927711,0.0
52.41587339805825,12.759724096385543,0.0
52.41587339805825,12.759866710843374,0.0
52.41587339805825,12.760009325301205,0.0
52.41587339805825,12.760151939759037,0.0
52.41587339805825,12.760294554216868,0.0
52.41587339805825,12.760437168674699,0.0
52.41587339805825,12.760579783132531,0.0
52.41587339805825,12.760722397590362,0.0
52.41587339805825,12.760865012048193,0.0
52.41587339805825,12.761007626506025,0.0
52.41587339805825,12.761150240963856,0.0
52.41587339805825,12.761292855421688,0.0
52.41587339805825,12.761435469879519,0.0
52.41587339805825,12.76157808433735,0.0
52.41587339805825,12.761720698795182,0.0
52.41587339805825,12.761863313253013,0.0
52.41587339805825,12.762005927710844,0.0
52.41587339805825,12.762148542168676,0.0
52.41587339805825,12.762291156626507,0.0
52.41587339805825,12.762433771084337,0.0
52.41587339805825,12.76257638554217,0.0
52.41587339805825,12.762719,0.0
52.41596613592233,12.750882,0.0
52.41596613592233,12.751024614457831,0.0
52.41596613592233,12.751167228915664,0.0
52.41596613592233,12.751309843373495,0.0
52.41596613592233,12.751452457831325,0.0
52.41596613592233,12.751595072289158,0.0
52.41596613592233,12.751737686746988,0.0
52.41596613592233,12.75188030120482,0.0
52.41596613592233,12.752022915662652,0.0
52.41596613592233,12.752165530120482,0.0
52.41596613592233,12.752308144578313,0.0
52.41596613592233,12.752450759036146,0.0
52.41596613592233,12.752593373493976,0.0
52.41596613592233,12.752735987951809,0.0
52.41596613592233,12.75287860240964,0.0
52.41596613592233,12.75302121686747,0.0
52.41596613592233,12.753163831325303,0.0
52.41596613592233,12.753306445783133,0.0
52.41596613592233,12.753449060240964,0.0
52.41596613592233,12.753591674698797,0.0
52.41596613592233,12.753734289156627,0.0
52.41596613592233,12.753876903614458,0.0
52.41596613592233,12.75401951807229,0.0
52.41596613592233,12.754162132530121,0.0
52.41596613592233,12.754304746987952,0.0
52.41596613592233,12.754447361445784,0.0
52.41596613592233,12.754589975903615,0.0
52.41596613592233,12.754732590361446,0.0
52.41596613592233,12.754875204819278,0.0
52.41596613592233,12.755017819277109,0.0
52.41596613592233,12.75516043373494,0.0
52.41596613592233,12.755303048192772,0.0
52.41596613592233,12.755445662650603,0.0
52.41596613592233,12.755588277108435,0.0
52.41596613592233,12.755730891566266,0.0
52.41596613592233,12.755873506024097,0.0
52.41596613592233,12.75601612048193,0.0
52.41596613592233,12.75615873493976,0.0
52.41596613592233,12.75630134939759,0.0
52.41596613592233,12.756443963855423,0.0
52.41596613592233,12.756586578313254,0.0
52.41596613592233,12.756729192771084,0.0
52.41596613592233,12.756871807228917,0.0
52.41596613592233,12.757014421686748,0.0
52.41596613592233,12.757157036144578,0.0
52.41596613592233,12.75729965060241,0.0
52.41596613592233,12.757442265060241,0.0
52.41596613592233,12.757584879518072,0.0
52.41596613592233,12.757727493975905,0.0
52.41596613592233,12.757870108433735,0.0
52.41596613592233,12.758012722891566,0.0
52.41596613592233,12.758155337349399,0.0
52.41596613592233,12.75829795180723,0.0
52.41596613592233,12.758440566265062,0.0
52.41596613592233,12.758583180722892,0.0
52.41596613592233,12.758725795180723,0.0
52.41596613592233,12.758868409638556,0.0
52.41596613592233,12.759011024096386,0.0
52.41596613592233,12.759153638554217,0.0
52.41596613592233,12.75929625301205,0.0
52.41596613592233,12.75943886746988,0.0
52.41596613592233,12.759581481927711,0.0
52.41596613592233,12.759724096385543,0.0
52.41596613592233,12.759866710843374,0.0
52.41596613592233,12.760009325301205,0.0
52.41596613592233,12.760151939759037,0.0
52.41596613592233,12.760294554216868,0.0
52.41596613592233,12.760437168674699,0.0
52.41596613592233,12.760579783132531,0.0
52.41596613592233,12.760722397590362,0.0
52.41596613592233,12.760865012048193,0.0
52.41596613592233,12.761007626506025,0.0
52.41596613592233,12.761150240963856,0.0
52.41596613592233,12.761292855421688,0.0
52.41596613592233,12.761435469879519,0.0
52.41596613592233,12.76157808433735,0.0
52.41596613592233,12.761720698795182,0.0
52.41596613592233,12.761863313253013,0.0
52.41596613592233,12.762005927710844,0.0
52.41596613592233,12.762148542168676,0.0
52.41596613592233,12.762291156626507,0.0
52.41596613592233,12.762433771084337,0.0
52.41596613592233,12.76257638554217,0.0
52.41596613592233,12.762719,0.0
52.41605887378641,12.750882,0.0
52.41605887378641,12.751024614457831,0.0
52.41605887378641,12.751167228915664,0.0
52.41605887378641,12.751309843373495,0.0
52.41605887378641,12.751452457831325,0.0
52.41605887378641,12.751595072289158,0.0
52.41605887378641,12.751737686746988,0.0
52.41605887378641,12.75188030120482,0.0
52.41605887378641,12.752022915662652,0.0
52.41605887378641,12.752165530120482,0.0
52.41605887378641,12.752308144578313,0.0
52.41605887378641,12.752450759036146,0.0
52.41605887378641,12.752593373493976,0.0
52.41605887378641,12.752735987951809,0.0
52.41605887378641,12.75287860240964,0.0
52.41605887378641,12.75302121686747,0.0
52.41605887378641,12.753163831325303,0.0
52.41605887378641,12.753306445783133,0.0
52.41605887378641,12.753449060240964,0.0
52.41605887378641,12.753591674698797,0.0
52.41605887378641,12.753734289156627,0.0
52.41605887378641,12.753876903614458,0.0
52.41605887378641,12.75401951807229,0.0
52.41605887378641,12.754162132530121,0.0
52.41605887378641,12.754304746987952,0.0
52.41605887378641,12.754447361445784,0.0
52.41605887378641,12.754589975903615,0.0
52.41605887378641,12.754732590361446,0.0
52.41605887378641,12.754875204819278,0.0
52.41605887378641,12.755017819277109,0.0
52.41605887378641,12.75516043373494,0.0
52.41605887378641,12.755303048192772,0.0
52.41605887378641,12.755445662650603,0.0
52.41605887378641,12.755588277108435,0.0
52.41605887378641,12.755730891566266,0.0
52.41605887378641,12.755873506024097,0.0
52.41605887378641,12.75601612048193,0.0
52.41605887378641,12.75615873493976,0.0
52.41605887378641,12.75630134939759,0.0
52.41605887378641,12.756443963855423,0.0
52.41605887378641,12.756586578313254,0.0
52.41605887378641,12.756729192771084,0.0
52.41605887378641,12.756871807228917,0.0
52.41605887378641,12.757014421686748,0.0
52.41605887378641,12.757157036144578,0.0
52.41605887378641,12.75729965060241,0.0
52.41605887378641,12.757442265060241,0.0
52.41605887378641,12.757584879518072,0.0
52.41605887378641,12.757727493975905,0.0
52.41605887378641,12.757870108433735,0.0
52.41605887378641,12.758012722891566,0.0
52.41605887378641,12.758155337349399,0.0
52.41605887378641,12.75829795180723,0.0
52.41605887378641,12.758440566265062,0.0
52.41605887378641,12.758583180722892,0.0
52.41605887378641,12.758725795180723,0.0
52.41605887378641,12.758868409638556,0.0
52.41605887378641,12.759011024096386,0.0
52.41605887378641,12.759153638554217,0.0
52.41605887378641,12.75929625301205,0.0
52.41605887378641,12.75943886746988,0.0
52.41605887378641,12.759581481927711,0.0
52.41605887378641,12.759724096385543,0.0
52.41605887378641,12.759866710843374,0.0
52.41605887378641,12.760009325301205,0.0
52.41605887378641,12.760151939759037,0.0
52.41605887378641,12.760294554216868,0.0
52.41605887378641,12.760437168674699,0.0
52.41605887378641,12.760579783132531,0.0
52.41605887378641,12.760722397590362,0.0
52.41605887378641,12.760865012048193,0.0
52.41605887378641,12.761007626506025,0.0
52.41605887378641,12.761150240963856,0.0
52.41605887378641,12.761292855421688,0.0
52.41605887378641,12.761435469879519,0.0
52.41605887378641,12.76157808433735,0.0
52.41605887378641,12.761720698795182,0.0
52.41605887378641,12.761863313253013,0.0
52.41605887378641,12.762005927710844,0.0
52.41605887378641,12.762148542168676,0.0
52.41605887378641,12.762291156626507,0.0
52.41605887378641,12.762433771084337,0.0
52.41605887378641,12.76257638554217,0.0
52.41605887378641,12.762719,0.0
52.416151611650484,12.750882,0.0
52.416151611650484,12.751024614457831,0.0
52.416151611650484,12.751167228915664,0.0
52.416151611650484,12.751309843373495,0.0
52.416151611650484,12.751452457831325,0.0
52.416151611650484,12.751595072289158,0.0
52.416151611650484,12.751737686746988,0.0
52.416151611650484,12.75188030120482,0.0
52.416151611650484,12.752022915662652,0.0
52.416151611650484,12.752165530120482,0.0
52.416151611650484,12.752308144578313,0.0
52.416151611650484,12.752450759036146,0.0
52.416151611650484,12.752593373493976,0.0
52.416151611650484,12.752735987951809,0.0
52.416151611650484,12.75287860240964,0.0
52.416151611650484,12.75302121686747,0.0
52.416151611650484,12.753163831325303,0.0
52.416151611650484,12.753306445783133,0.0
52.416151611650484,12.753449060240964,0.0
52.416151611650484,12.753591674698797,0.0
52.416151611650484,12.753734289156627,0.0
52.416151611650484,12.753876903614458,0.0
52.416151611650484,12.75401951807229,0.0
52.416151611650484,12.754162132530121,0.0
52.416151611650484,12.754304746987952,0.0
52.416151611650484,12.754447361445784,0.0
52.416151611650484,12.754589975903615,0.0
52.416151611650484,12.754732590361446,0.0
52.416151611650484,12.754875204819278,0.0
52.416151611650484,12.755017819277109,0.0
52.416151611650484,12.75516043373494,0.0
52.416151611650484,12.755303048192772,0.0
52.416151611650484,12.755445662650603,0.0
52.416151611650484,12.755588277108435,0.0
52.416151611650484,12.755730891566266,0.0
52.416151611650484,12.755873506024097,0.0
52.416151611650484,12.75601612048193,0.0
52.416151611650484,12.75615873493976,0.0
52.416151611650484,12.75630134939759,0.0
52.416151611650484,12.756443963855423,0.0
52.416151611650484,12.756586578313254,0.0
52.416151611650484,12.756729192771084,0.0
52.416151611650484,12.756871807228917,0.0
52.416151611650484,12.757014421686748,0.0
52.416151611650484,12.757157036144578,0.0
52.416151611650484,12.75729965060241,0.0
52.416151611650484,12.757442265060241,0.0
52.416151611650484,12.757584879518072,0.0
52.416151611650484,12.757727493975905,0.0
52.416151611650484,12.757870108433735,0.0
52.416151611650484,12.758012722891566,0.0
52.416151611650484,12.758155337349399,0.0
52.416151611650484,12.75829795180723,0.0
52.416151611650484,12.758440566265062,0.0
52.416151611650484,12.758583180722892,0.0
52.416151611650484,12.758725795180723,0.0
52.416151611650484,12.758868409638556,0.0
52.416151611650484,12.759011024096386,0.0
52.416151611650484,12.759153638554217,0.0
52.416151611650484,12.75929625301205,0.0
52.416151611650484,12.75943886746988,0.0
52.416151611650484,12.759581481927711,0.0
52.416151611650484,12.759724096385543,0.0
52.416151611650484,12.759866710843374,0.0
52.416151611650484,12.760009325301205,0.0
52.416151611650484,12.760151939759037,0.0
52.416151611650484,12.760294554216868,0.0
52.416151611650484,12.760437168674699,0.0
52.416151611650484,12.760579783132531,0.0
52.416151611650484,12.760722397590362,0.0
52.416151611650484,12.760865012048193,0.0
52.416151611650484,12.761007626506025,0.0
52.416151611650484,12.761150240963856,0.0
52.416151611650484,12.761292855421688,0.0
52.416151611650484,12.761435469879519,0.0
52.416151611650484,12.76157808433735,0.0
52.416151611650484,12.761720698795182,0.0
52.416151611650484,12.761863313253013,0.0
52.416151611650484,12.762005927710844,0.0
52.416151611650484,12.762148542168676,0.0
52.416151611650484,12.762291156626507,0.0
52.416151611650484,12.762433771084337,0.0
52.416151611650484,12.76257638554217,0.0
52.416151611650484,12.762719,0.0
52.416244349514564,12.750882,0.0
52.416244349514564,12.751024614457831,0.0
52.416244349514564,12.751167228915664,0.0
52.416244349514564,12.751309843373495,0.0
52.416244349514564,12.751452457831325,0.0
52.416244349514564,12.751595072289158,0.0
52.416244349514564,12.751737686746988,0.0
52.416244349514564,12.75188030120482,0.0
52.416244349514564,12.752022915662652,0.0
52.416244349514564,12.752165530120482,0.0
52.416244349514564,12.752308144578313,0.0
52.416244349514564,12.752450759036146,0.0
52.416244349514564,12.752593373493976,0.0
52.416244349514564,12.752735987951809,0.0
52.416244349514564,12.75287860240964,0.0
52.416244349514564,12.75302121686747,0.0
52.416244349514564,12.753163831325303,0.0
52.416244349514564,12.753306445783133,0.0
52.416244349514564,12.753449060240964,0.0
52.416244349514564,12.753591674698797,0.0
52.416244349514564,12.753734289156627,0.0
52.416244349514564,12.753876903614458,0.0
52.416244349514564,12.75401951807229,0.0
52.416244349514564,12.754162132530121,0.0
52.416244349514564,12.754304746987952,0.0
52.416244349514564,12.754447361445784,0.0
52.416244349514564,12.754589975903615,0.0
52.416244349514564,12.754732590361446,0.0
52.416244349514564,12.754875204819278,0.0
52.416244349514564,12.755017819277109,0.0
52.416244349514564,12.75516043373494,0.0
52.416244349514564,12.755303048192772,0.0
52.416244349514564,12.755445662650603,0.0
52.416244349514564,12.755588277108435,0.0
52.416244349514564,12.755730891566266,0.0
52.416244349514564,12.755873506024097,0.0
52.416244349514564,12.75601612048193,0.0
52.416244349514564,12.75615873493976,0.0
52.416244349514564,12.75630134939759,0.0
52.416244349514564,12.756443963855423,0.0
52.416244349514564,12.756586578313254,0.0
52.416244349514564,12.756729192771084,0.0
52.416244349514564,12.756871807228917,0.0
52.416244349514564,12.757014421686748,0.0
52.416244349514564,12.757157036144578,0.0
52.416244349514564,12.75729965060241,0.0
52.416244349514564,12.757442265060241,0.0
52.416244349514564,12.757584879518072,0.0
52.416244349514564,12.757727493975905,0.0
52.416244349514564,12.757870108433735,0.0
52.416244349514564,12.758012722891566,0.0
52.416244349514564,12.758155337349399,0.0
52.416244349514564,12.75829795180723,0.0
52.416244349514564,12.758440566265062,0.0
52.416244349514564,12.758583180722892,0.0
52.416244349514564,12.758725795180723,0.0
52.416244349514564,12.758868409638556,0.0
52.416244349514564,12.759011024096386,0.0
52.416244349514564,12.759153638554217,0.0
52.416244349514564,12.75929625301205,0.0
52.416244349514564,12.75943886746988,0.0
52.416244349514564,12.759581481927711,0.0
52.416244349514564,12.759724096385543,0.0
52.416244349514564,12.759866710843374,0.0
52.416244349514564,12.760009325301205,0.0
52.416244349514564,12.760151939759037,0.0
52.416244349514564,12.760294554216868,0.0
52.416244349514564,12.760437168674699,0.0
52.416244349514564,12.760579783132531,0.0
52.416244349514564,12.760722397590362,0.0
52.416244349514564,12.760865012048193,0.0
52.416244349514564,12.761007626506025,0.0
52.416244349514564,12.761150240963856,0.0
52.416244349514564,12.761292855421688,0.0
52.416244349514564,12.761435469879519,0.0
52.416244349514564,12.76157808433735,0.0
52.416244349514564,12.761720698795182,0.0
52.416244349514564,12.761863313253013,0.0
52.416244349514564,12.762005927710844,0.0
52.416244349514564,12.762148542168676,0.0
52.416244349514564,12.762291156626507,0.0
52.416244349514564,12.762433771084337,0.0
52.416244349514564,12.76257638554217,0.0
52.416244349514564,12.762719,0.0
52.41633708737864,12.750882,0.0
52.41633708737864,12.751024614457831,0.0
52.41633708737864,12.751167228915664,0.0
52.41633708737864,12.751309843373495,0.0
52.41633708737864,12.751452457831325,0.0
52.41633708737864,12.751595072289158,0.0
52.41633708737864,12.751737686746988,0.0
52.41633708737864,12.75188030120482,0.0
52.41633708737864,12.752022915662652,0.0
52.41633708737864,12.752165530120482,0.0
52.41633708737864,12.752308144578313,0.0
52.41633708737864,12.752450759036146,0.0
52.41633708737864,12.752593373493976,0.0
52.41633708737864,12.752735987951809,0.0
52.41633708737864,12.75287860240964,0.0
52.41633708737864,12.75302121686747,0.0
52.41633708737864,12.753163831325303,0.0
52.41633708737864,12.753306445783133,0.0
52.41633708737864,12.753449060240964,0.0
52.41633708737864,12.753591674698797,0.0
52.41633708737864,12.753734289156627,0.0
52.41633708737864,12.753876903614458,0.0
52.41633708737864,12.75401951807229,0.0
52.41633708737864,12.754162132530121,0.0
52.41633708737864,12.754304746987952,0.0
52.41633708737864,12.754447361445784,0.0
52.41633708737864,12.754589975903615,0.0
52.41633708737864,12.754732590361446,0.0
52.41633708737864,12.754875204819278,0.0
52.41633708737864,12.755017819277109,0.0
52.41633708737864,12.75516043373494,0.0
52.41633708737864,12.755303048192772,0.0
52.41633708737864,12.755445662650603,0.0
52.41633708737864,12.755588277108435,0.0
52.41633708737864,12.755730891566266,0.0
52.41633708737864,12.755873506024097,0.0
52.41633708737864,12.75601612048193,0.0
52.41633708737864,12.75615873493976,0.0
52.41633708737864,12.75630134939759,0.0
52.41633708737864,12.756443963855423,0.0
52.41633708737864,12.756586578313254,0.0
52.41633708737864,12.756729192771084,0.0
52.41633708737864,12.756871807228917,0.0
52.41633708737864,12.757014421686748,0.0
52.41633708737864,12.757157036144578,0.0
52.41633708737864,12.75729965060241,0.0
52.41633708737864,12.757442265060241,0.0
52.41633708737864,12.757584879518072,0.0
52.41633708737864,12.757727493975905,0.0
52.41633708737864,12.757870108433735,0.0
52.41633708737864,12.758012722891566,0.0
52.41633708737864,12.758155337349399,0.0
52.41633708737864,12.75829795180723,0.0
52.41633708737864,12.758440566265062,0.0
52.41633708737864,12.758583180722892,0.0
52.41633708737864,12.758725795180723,0.0
52.41633708737864,12.758868409638556,0.0
52.41633708737864,12.759011024096386,0.0
52.41633708737864,12.759153638554217,0.0
52.41633708737864,12.75929625301205,0.0
52.41633708737864,12.75943886746988,0.0
52.41633708737864,12.759581481927711,0.0
52.41633708737864,12.759724096385543,0.0
52.41633708737864,12.759866710843374,0.0
52.41633708737864,12.760009325301205,0.0
52.41633708737864,12.760151939759037,0.0
52.41633708737864,12.760294554216868,0.0
52.41633708737864,12.760437168674699,0.0
52.41633708737864,12.760579783132531,0.0
52.41633708737864,12.760722397590362,0.0
52.41633708737864,12.760865012048193,0.0
52.41633708737864,12.761007626506025,0.0
52.41633708737864,12.761150240963856,0.0
52.41633708737864,12.761292855421688,0.0
52.41633708737864,12.761435469879519,0.0
52.41633708737864,12.76157808433735,0.0
52.41633708737864,12.761720698795182,0.0
52.41633708737864,12.761863313253013,0.0
52.41633708737864,12.762005927710844,0.0
52.41633708737864,12.762148542168676,0.0
52.41633708737864,12.762291156626507,0.0
52.41633708737864,12.762433771084337,0.0
52.41633708737864,12.76257638554217,0.0
52.41633708737864,12.762719,0.0
52.416429825242716,12.750882,0.0
52.416429825242716,12.751024614457831,0.0
52.416429825242716,12.751167228915664,0.0
52.416429825242716,12.751309843373495,0.0
52.416429825242716,12.751452457831325,0.0
52.416429825242716,12.751595072289158,0.0
52.416429825242716,12.751737686746988,0.0
52.416429825242716,12.75188030120482,0.0
52.416429825242716,12.752022915662652,0.0
52.416429825242716,12.752165530120482,0.0
52.416429825242716,12.752308144578313,0.0
52.416429825242716,12.752450759036146,0.0
52.416429825242716,12.752593373493976,0.0
52.416429825242716,12.752735987951809,0.0
52.416429825242716,12.75287860240964,0.0
52.416429825242716,12.75302121686747,0.0
52.416429825242716,12.753163831325303,0.0
52.416429825242716,12.753306445783133,0.0
52.416429825242716,12.753449060240964,0.0
52.416429825242716,12.753591674698797,0.0
52.416429825242716,12.753734289156627,0.0
52.416429825242716,12.753876903614458,0.0
52.416429825242716,12.75401951807229,0.0
52.416429825242716,12.754162132530121,0.0
52.416429825242716,12.754304746987952,0.0
52.416429825242716,12.754447361445784,0.0
52.416429825242716,12.754589975903615,0.0
52.416429825242716,12.754732590361446,0.0
52.416429825242716,12.754875204819278,0.0
52.416429825242716,12.755017819277109,0.0
52.416429825242716,12.75516043373494,0.0
52.416429825242716,12.755303048192772,0.0
52.416429825242716,12.755445662650603,0.0
52.416429825242716,12.755588277108435,0.0
52.416429825242716,12.755730891566266,0.0
52.416429825242716,12.755873506024097,0.0
52.416429825242716,12.75601612048193,0.0
52.416429825242716,12.75615873493976,0.0
52.416429825242716,12.75630134939759,0.0
52.416429825242716,12.756443963855423,0.0
52.416429825242716,12.756586578313254,0.0
52.416429825242716,12.756729192771084,0.0
52.416429825242716,12.756871807228917,0.0
52.416429825242716,12.757014421686748,0.0
52.416429825242716,12.757157036144578,0.0
52.416429825242716,12.75729965060241,0.0
52.416429825242716,12.757442265060241,0.0
52.416429825242716,12.757584879518072,0.0
52.416429825242716,12.757727493975905,0.0
52.416429825242716,12.757870108433735,0.0
52.416429825242716,12.758012722891566,0.0
52.416429825242716,12.758155337349399,0.0
52.416429825242716,12.75829795180723,0.0
52.416429825242716,12.758440566265062,0.0
52.416429825242716,12.758583180722892,0.0
52.416429825242716,12.758725795180723,0.0
52.416429825242716,12.758868409638556,0.0
52.416429825242716,12.759011024096386,0.0
52.416429825242716,12.759153638554217,0.0
52.416429825242716,12.75929625301205,0.0
52.416429825242716,12.75943886746988,0.0
52.416429825242716,12.759581481927711,0.0
52.416429825242716,12.759724096385543,0.0
52.416429825242716,12.759866710843374,0.0
52.416429825242716,12.760009325301205,0.0
52.416429825242716,12.760151939759037,0.0
52.416429825242716,12.760294554216868,0.0
52.416429825242716,12.760437168674699,0.0
52.416429825242716,12.760579783132531,0.0
52.416429825242716,12.760722397590362,0.0
52.416429825242716,12.760865012048193,0.0
52.416429825242716,12.761007626506025,0.0
52.416429825242716,12.761150240963856,0.0
52.416429825242716,12.761292855421688,0.0
52.416429825242716,12.761435469879519,0.0
52.416429825242716,12.76157808433735,0.0
52.416429825242716,12.761720698795182,0.0
52.416429825242716,12.761863313253013,0.0
52.416429825242716,12.762005927710844,0.0
52.416429825242716,12.762148542168676,0.0
52.416429825242716,12.762291156626507,0.0
52.416429825242716,12.762433771084337,0.0
52.416429825242716,12.76257638554217,0.0
52.416429825242716,12.762719,0.0
52.416522563106795,12.750882,0.0
52.416522563106795,12.751024614457831,0.0
52.416522563106795,12.751167228915664,0.0
52.416522563106795,12.751309843373495,0.0
52.416522563106795,12.751452457831325,0.0
52.416522563106795,12.751595072289158,0.0
52.416522563106795,12.751737686746988,0.0
52.416522563106795,12.75188030120482,0.0
52.416522563106795,12.752022915662652,0.0
52.416522563106795,12.752165530120482,0.0
52.416522563106795,12.752308144578313,0.0
52.416522563106795,12.752450759036146,0.0
52.416522563106795,12.752593373493976,0.0
52.416522563106795,12.752735987951809,0.0
52.416522563106795,12.75287860240964,0.0
52.416522563106795,12.75302121686747,0.0
52.416522563106795,12.753163831325303,0.0
52.416522563106795,12.753306445783133,0.0
52.416522563106795,12.753449060240964,0.0
52.416522563106795,12.753591674698797,0.0
52.416522563106795,12.753734289156627,0.0
52.416522563106795,12.753876903614458,0.0
52.416522563106795,12.75401951807229,0.0
52.416522563106795,12.754162132530121,0.0
52.416522563106795,12.754304746987952,0.0
52.416522563106795,12.754447361445784,0.0
52.416522563106795,12.754589975903615,0.0
52.416522563106795,12.754732590361446,0.0
52.416522563106795,12.754875204819278,0.0
52.416522563106795,12.755017819277109,0.0
52.416522563106795,12.75516043373494,0.0
52.416522563106795,12.755303048192772,0.0
52.416522563106795,12.755445662650603,0.0
52.416522563106795,12.755588277108435,0.0
52.416522563106795,12.755730891566266,0.0
52.416522563106795,12.755873506024097,0.0
52.416522563106795,12.75601612048193,0.0
52.416522563106795,12.75615873493976,0.0
52.416522563106795,12.75630134939759,0.0
52.416522563106795,12.756443963855423,0.0
52.416522563106795,12.756586578313254,0.0
52.416522563106795,12.756729192771084,0.0
52.416522563106795,12.756871807228917,0.0
52.416522563106795,12.757014421686748,0.0
52.416522563106795,12.757157036144578,0.0
52.416522563106795,12.75729965060241,0.0
52.416522563106795,12.757442265060241,0.0
52.416522563106795,12.757584879518072,0.0
52.416522563106795,12.757727493975905,0.0
52.416522563106795,12.757870108433735,0.0
52.416522563106795,12.758012722891566,0.0
52.416522563106795,12.758155337349399,0.0
52.416522563106795,12.75829795180723,0.0
52.416522563106795,12.758440566265062,0.0
52.416522563106795,12.758583180722892,0.0
52.416522563106795,12.758725795180723,0.0
52.416522563106795,12.758868409638556,0.0
52.416522563106795,12.759011024096386,0.0
52.416522563106795,12.759153638554217,0.0
52.416522563106795,12.75929625301205,0.0
52.416522563106795,12.75943886746988,0.0
52.416522563106795,12.759581481927711,0.0
52.416522563106795,12.759724096385543,0.0
52.416522563106795,12.759866710843374,0.0
52.416522563106795,12.760009325301205,0.0
52.416522563106795,12.760151939759037,0.0
52.416522563106795,12.760294554216868,0.0
52.416522563106795,12.760437168674699,0.0
52.416522563106795,12.760579783132531,0.0
52.416522563106795,12.760722397590362,0.0
52.416522563106795,12.760865012048193,0.0
52.416522563106795,12.761007626506025,0.0
52.416522563106795,12.761150240963856,0.0
52.416522563106795,12.761292855421688,0.0
52.416522563106795,12.761435469879519,0.0
52.416522563106795,12.76157808433735,0.0
52.416522563106795,12.761720698795182,0.0
52.416522563106795,12.761863313253013,0.0
52.416522563106795,12.762005927710844,0.0
52.416522563106795,12.762148542168676,0.0
52.416522563106795,12.762291156626507,0.0
52.416522563106795,12.762433771084337,0.0
52.416522563106795,12.76257638554217,0.0
52.416522563106795,12.762719,0.0
52.416615300970875,12.750882,0.0
52.416615300970875,12.751024614457831,0.0
52.416615300970875,12.751167228915664,0.0
52.416615300970875,12.751309843373495,0.0
52.416615300970875,12.751452457831325,0.0
52.416615300970875,12.751595072289158,0.0
52.416615300970875,12.751737686746988,0.0
52.416615300970875,12.75188030120482,0.0
52.416615300970875,12.752022915662652,0.0
52.416615300970875,12.752165530120482,0.0
52.416615300970875,12.752308144578313,0.0
52.416615300970875,12.752450759036146,0.0
52.416615300970875,12.752593373493976,0.0
52.416615300970875,12.752735987951809,0.0
52.416615300970875,12.75287860240964,0.0
52.416615300970875,12.75302121686747,0.0
52.416615300970875,12.753163831325303,0.0
52.416615300970875,12.753306445783133,0.0
52.416615300970875,12.753449060240964,0.0
52.416615300970875,12.753591674698797,0.0
52.416615300970875,12.753734289156627,0.0
52.416615300970875,12.753876903614458,0.0
52.416615300970875,12.75401951807229,0.0
52.416615300970875,12.754162132530121,0.0
52.416615300970875,12.754304746987952,0.0
52.416615300970875,12.754447361445784,0.0
52.416615300970875,12.754589975903615,0.0
52.416615300970875,12.754732590361446,0.0
52.416615300970875,12.754875204819278,0.0
52.416615300970875,12.755017819277109,0.0
52.416615300970875,12.75516043373494,0.0
52.416615300970875,12.755303048192772,0.0
52.416615300970875,12.755445662650603,0.0
52.416615300970875,12.755588277108435,0.0
52.416615300970875,12.755730891566266,0.0
52.416615300970875,12.755873506024097,0.0
52.416615300970875,12.75601612048193,0.0
52.416615300970875,12.75615873493976,0.0
52.416615300970875,12.75630134939759,0.0
52.416615300970875,12.756443963855423,0.0
52.416615300970875,12.756586578313254,0.0
52.416615300970875,12.756729192771084,0.0
52.416615300970875,12.756871807228917,0.0
52.416615300970875,12.757014421686748,0.0
52.416615300970875,12.757157036144578,0.0
52.416615300970875,12.75729965060241,0.0
52.416615300970875,12.757442265060241,0.0
52.416615300970875,12.757584879518072,0.0
52.416615300970875,12.757727493975905,0.0
52.416615300970875,12.757870108433735,0.0
52.416615300970875,12.758012722891566,0.0
52.416615300970875,12.758155337349399,0.0
52.416615300970875,12.75829795180723,0.0
52.416615300970875,12.758440566265062,0.0
52.416615300970875,12.758583180722892,0.0
52.416615300970875,12.758725795180723,0.0
52.416615300970875,12.758868409638556,0.0
52.416615300970875,12.759011024096386,0.0
52.416615300970875,12.759153638554217,0.0
52.416615300970875,12.75929625301205,0.0
52.416615300970875,12.75943886746988,0.0
52.416615300970875,12.759581481927711,0.0
52.416615300970875,12.759724096385543,0.0
52.416615300970875,12.759866710843374,0.0
52.416615300970875,12.760009325301205,0.0
52.416615300970875,12.760151939759037,0.0
52.416615300970875,12.760294554216868,0.0
52.416615300970875,12.760437168674699,0.0
52.416615300970875,12.760579783132531,0.0
52.416615300970875,12.760722397590362,0.0
52.416615300970875,12.760865012048193,0.0
52.416615300970875,12.761007626506025,0.0
52.416615300970875,12.761150240963856,0.0
52.416615300970875,12.761292855421688,0.0
52.416615300970875,12.761435469879519,0.0
52.416615300970875,12.76157808433735,0.0
52.416615300970875,12.761720698795182,0.0
52.416615300970875,12.761863313253013,0.0
52.416615300970875,12.762005927710844,0.0
52.416615300970875,12.762148542168676,0.0
52.416615300970875,12.762291156626507,0.0
52.416615300970875,12.762433771084337,0.0
52.416615300970875,12.76257638554217,0.0
52.416615300970875,12.762719,0.0
52.416708038834955,12.750882,0.0
52.416708038834955,12.751024614457831,0.0
52.416708038834955,12.751167228915664,0.0
52.416708038834955,12.751309843373495,0.0
52.416708038834955,12.751452457831325,0.0
52.416708038834955,12.751595072289158,0.0
52.416708038834955,12.751737686746988,0.0
52.416708038834955,12.75188030120482,0.0
52.416708038834955,12.752022915662652,0.0
52.416708038834955,12.752165530120482,0.0
52.416708038834955,12.752308144578313,0.0
52.416708038834955,12.752450759036146,0.0
52.416708038834955,12.752593373493976,0.0
52.416708038834955,12.752735987951809,0.0
52.416708038834955,12.75287860240964,0.0
52.416708038834955,12.75302121686747,0.0
52.416708038834955,12.753163831325303,0.0
52.416708038834955,12.753306445783133,0.0
52.416708038834955,12.753449060240964,0.0
52.416708038834955,12.753591674698797,0.0
52.416708038834955,12.753734289156627,0.0
52.416708038834955,12.753876903614458,0.0
52.416708038834955,12.75401951807229,0.0
52.416708038834955,12.754162132530121,0.0
52.416708038834955,12.754304746987952,0.0
52.416708038834955,12.754447361445784,0.0
52.416708038834955,12.754589975903615,0.0
52.416708038834955,12.754732590361446,0.0
52.416708038834955,12.754875204819278,0.0
52.416708038834955,12.755017819277109,0.0
52.416708038834955,12.75516043373494,0.0
52.416708038834955,12.755303048192772,0.0
52.416708038834955,12.755445662650603,0.0
52.416708038834955,12.755588277108435,0.0
52.416708038834955,12.755730891566266,0.0
52.416708038834955,12.755873506024097,0.0
52.416708038834955,12.75601612048193,0.0
52.416708038834955,12.75615873493976,0.0
52.416708038834955,12.75630134939759,0.0
52.416708038834955,12.756443963855423,0.0
52.416708038834955,12.756586578313254,0.0
52.416708038834955,12.756729192771084,0.0
52.416708038834955,12.756871807228917,0.0
52.416708038834955,12.757014421686748,0.0
52.416708038834955,12.757157036144578,0.0
52.416708038834955,12.75729965060241,0.0
52.416708038834955,12.757442265060241,0.0
52.416708038834955,12.757584879518072,0.0
52.416708038834955,12.757727493975905,0.0
52.416708038834955,12.757870108433735,0.0
52.416708038834955,12.758012722891566,0.0
52.416708038834955,12.758155337349399,0.0
52.416708038834955,12.75829795180723,0.0
52.416708038834955,12.758440566265062,0.0
52.416708038834955,12.758583180722892,0.0
52.416708038834955,12.758725795180723,0.0
52.416708038834955,12.758868409638556,0.0
52.416708038834955,12.759011024096386,0.0
52.416708038834955,12.759153638554217,0.0
52.416708038834955,12.75929625301205,0.0
52.416708038834955,12.75943886746988,0.0
52.416708038834955,12.759581481927711,0.0
52.416708038834955,12.759724096385543,0.0
52.416708038834955,12.759866710843374,0.0
52.416708038834955,12.760009325301205,0.0
52.416708038834955,12.760151939759037,0.0
52.416708038834955,12.760294554216868,0.0
52.416708038834955,12.760437168674699,0.0
52.416708038834955,12.760579783132531,0.0
52.416708038834955,12.760722397590362,0.0
52.416708038834955,12.760865012048193,0.0
52.416708038834955,12.761007626506025,0.0
52.416708038834955,12.761150240963856,0.0
52.416708038834955,12.761292855421688,0.0
52.416708038834955,12.761435469879519,0.0
52.416708038834955,12.76157808433735,0.0
52.416708038834955,12.761720698795182,0.0
52.416708038834955,12.761863313253013,0.0
52.416708038834955,12.762005927710844,0.0
52.416708038834955,12.762148542168676,0.0
52.416708038834955,12.762291156626507,0.0
52.416708038834955,12.762433771084337,0.0
52.416708038834955,12.76257638554217,0.0
52.416708038834955,12.762719,0.0
52.41680077669903,12.750882,0.0
52.41680077669903,12.751024614457831,0.0
52.41680077669903,12.751167228915664,0.0
52.41680077669903,12.751309843373495,0.0
52.41680077669903,12.751452457831325,0.0
52.41680077669903,12.751595072289158,0.0
52.41680077669903,12.751737686746988,0.0
52.41680077669903,12.75188030120482,0.0
52.41680077669903,12.752022915662652,0.0
52.41680077669903,12.752165530120482,0.0
52.41680077669903,12.752308144578313,0.0
52.41680077669903,12.752450759036146,0.0
52.41680077669903,12.752593373493976,0.0
52.41680077669903,12.752735987951809,0.0
52.41680077669903,12.75287860240964,0.0
52.41680077669903,12.75302121686747,0.0
52.41680077669903,12.753163831325303,0.0
52.41680077669903,12.753306445783133,0.0
52.41680077669903,12.753449060240964,0.0
52.41680077669903,12.753591674698797,0.0
52.41680077669903,12.753734289156627,0.0
52.41680077669903,12.753876903614458,0.0
52.41680077669903,12.75401951807229,0.0
52.41680077669903,12.754162132530121,0.0
52.41680077669903,12.754304746987952,0.0
52.41680077669903,12.754447361445784,0.0
52.41680077669903,12.754589975903615,0.0
52.41680077669903,12.754732590361446,0.0
52.41680077669903,12.754875204819278,0.0
52.41680077669903,12.755017819277109,0.0
52.41680077669903,12.75516043373494,0.0
52.41680077669903,12.755303048192772,0.0
52.41680077669903,12.755445662650603,0.0
52.41680077669903,12.755588277108435,0.0
52.41680077669903,12.755730891566266,0.0
52.41680077669903,12.755873506024097,0.0
52.41680077669903,12.75601612048193,0.0
52.41680077669903,12.75615873493976,0.0
52.41680077669903,12.75630134939759,0.0
52.41680077669903,12.756443963855423,0.0
52.41680077669903,12.756586578313254,0.0
52.41680077669903,12.756729192771084,0.0
52.41680077669903,12.756871807228917,0.0
52.41680077669903,12.757014421686748,0.0
52.41680077669903,12.757157036144578,0.0
52.41680077669903,12.75729965060241,0.0
52.41680077669903,12.757442265060241,0.0
52.41680077669903,12.757584879518072,0.0
52.41680077669903,12.757727493975905,0.0
52.41680077669903,12.757870108433735,0.0
52.41680077669903,12.758012722891566,0.0
52.41680077669903,12.758155337349399,0.0
52.41680077669903,12.75829795180723,0.0
52.41680077669903,12.758440566265062,0.0
52.41680077669903,12.758583180722892,0.0
52.41680077669903,12.758725795180723,0.0
52.41680077669903,12.758868409638556,0.0
52.41680077669903,12.759011024096386,0.0
52.41680077669903,12.759153638554217,0.0
52.41680077669903,12.75929625301205,0.0
52.41680077669903,12.75943886746988,0.0
52.41680077669903,12.759581481927711,0.0
52.41680077669903,12.759724096385543,0.0
52.41680077669903,12.759866710843374,0.0
52.41680077669903,12.760009325301205,0.0
52.41680077669903,12.760151939759037,0.0
52.41680077669903,12.760294554216868,0.0
52.41680077669903,12.760437168674699,0.0
52.41680077669903,12.760579783132531,0.0
52.41680077669903,12.760722397590362,0.0
52.41680077669903,12.760865012048193,0.0
52.41680077669903,12.761007626506025,0.0
52.41680077669903,12.761150240963856,0.0
52.41680077669903,12.761292855421688,0.0
52.41680077669903,12.761435469879519,0.0
52.41680077669903,12.76157808433735,0.0
52.41680077669903,12.761720698795182,0.0
52.41680077669903,12.761863313253013,0.0
52.41680077669903,12.762005927710844,0.0
52.41680077669903,12.762148542168676,0.0
52.41680077669903,12.762291156626507,0.0
52.41680077669903,12.762433771084337,0.0
52.41680077669903,12.76257638554217,0.0
52.41680077669903,12.762719,0.0
52.41689351456311,12.750882,0.0
52.41689351456311,12.751024614457831,0.0
52.41689351456311,12.751167228915664,0.0
52.41689351456311,12.751309843373495,0.0
52.41689351456311,12.751452457831325,0.0
52.41689351456311,12.751595072289158,0.0
52.41689351456311,12.751737686746988,0.0
52.41689351456311,12.75188030120482,0.0
52.41689351456311,12.752022915662652,0.0
52.41689351456311,12.752165530120482,0.0
52.41689351456311,12.752308144578313,0.0
52.41689351456311,12.752450759036146,0.0
52.41689351456311,12.752593373493976,0.0
52.41689351456311,12.752735987951809,0.0
52.41689351456311,12.75287860240964,0.0
52.41689351456311,12.75302121686747,0.0
52.41689351456311,12.753163831325303,0.0
52.41689351456311,12.753306445783133,0.0
52.41689351456311,12.753449060240964,0.0
52.41689351456311,12.753591674698797,0.0
52.41689351456311,12.753734289156627,0.0
52.41689351456311,12.753876903614458,0.0
52.41689351456311,12.75401951807229,0.0
52.41689351456311,12.754162132530121,0.0
52.41689351456311,12.754304746987952,0.0
52.41689351456311,12.754447361445784,0.0
52.41689351456311,12.754589975903615,0.0
52.41689351456311,12.754732590361446,0.0
52.41689351456311,12.754875204819278,0.0
52.41689351456311,12.755017819277109,0.0
52.41689351456311,12.75516043373494,0.0
52.41689351456311,12.755303048192772,0.0
52.41689351456311,12.755445662650603,0.0
52.41689351456311,12.755588277108435,0.0
52.41689351456311,12.755730891566266,0.0
52.41689351456311,12.755873506024097,0.0
52.41689351456311,12.75601612048193,0.0
52.41689351456311,12.75615873493976,0.0
52.41689351456311,12.75630134939759,0.0
52.41689351456311,12.756443963855423,0.0
52.41689351456311,12.756586578313254,0.0
52.41689351456311,12.756729192771084,0.0
52.41689351456311,12.756871807228917,0.0
52.41689351456311,12.757014421686748,0.0
52.41689351456311,12.757157036144578,0.0
52.41689351456311,12.75729965060241,0.0
52.41689351456311,12.757442265060241,0.0
52.41689351456311,12.757584879518072,0.0
52.41689351456311,12.757727493975905,0.0
52.41689351456311,12.757870108433735,0.0
52.41689351456311,12.758012722891566,0.0
52.41689351456311,12.758155337349399,0.0
52.41689351456311,12.75829795180723,0.0
52.41689351456311,12.758440566265062,0.0
52.41689351456311,12.758583180722892,0.0
52.41689351456311,12.758725795180723,0.0
52.41689351456311,12.758868409638556,0.0
52.41689351456311,12.759011024096386,0.0
52.41689351456311,12.759153638554217,0.0
52.41689351456311,12.75929625301205,0.0
52.41689351456311,12.75943886746988,0.0
52.41689351456311,12.759581481927711,0.0
52.41689351456311,12.759724096385543,0.0
52.41689351456311,12.759866710843374,0.0
52.41689351456311,12.760009325301205,0.0
52.41689351456311,12.760151939759037,0.0
52.41689351456311,12.760294554216868,0.0
52.41689351456311,12.760437168674699,0.0
52.41689351456311,12.760579783132531,0.0
52.41689351456311,12.760722397590362,0.0
52.41689351456311,12.760865012048193,0.0
52.41689351456311,12.761007626506025,0.0
52.41689351456311,12.761150240963856,0.0
52.41689351456311,12.761292855421688,0.0
52.41689351456311,12.761435469879519,0.0
52.41689351456311,12.76157808433735,0.0
52.41689351456311,12.761720698795182,0.0
52.41689351456311,12.761863313253013,0.0
52.41689351456311,12.762005927710844,0.0
52.41689351456311,12.762148542168676,0.0
52.41689351456311,12.762291156626507,0.0
52.41689351456311,12.762433771084337,0.0
52.41689351456311,12.76257638554217,0.0
52.41689351456311,12.762719,0.0
52.416986252427186,12.750882,0.0
52.416986252427186,12.751024614457831,0.0
52.416986252427186,12.751167228915664,0.0
52.416986252427186,12.751309843373495,0.0
52.416986252427186,12.751452457831325,0.0
52.416986252427186,12.751595072289158,0.0
52.416986252427186,12.751737686746988,0.0
52.416986252427186,12.75188030120482,0.0
52.416986252427186,12.752022915662652,0.0
52.416986252427186,12.752165530120482,0.0
52.416986252427186,12.752308144578313,0.0
52.416986252427186,12.752450759036146,0.0
52.416986252427186,12.752593373493976,0.0
52.416986252427186,12.752735987951809,0.0
52.416986252427186,12.75287860240964,0.0
52.416986252427186,12.75302121686747,0.0
52.416986252427186,12.753163831325303,0.0
52.416986252427186,12.753306445783133,0.0
52.416986252427186,12.753449060240964,0.0
52.416986252427186,12.753591674698797,0.0
52.416986252427186,12.753734289156627,0.0
52.416986252427186,12.753876903614458,0.0
52.416986252427186,12.75401951807229,0.0
52.416986252427186,12.754162132530121,0.0
52.416986252427186,12.754304746987952,0.0
52.416986252427186,12.754447361445784,0.0
52.416986252427186,12.754589975903615,0.0
52.416986252427186,12.754732590361446,0.0
52.416986252427186,12.754875204819278,0.0
52.416986252427186,12.755017819277109,0.0
52.416986252427186,12.75516043373494,0.0
52.416986252427186,12.755303048192772,0.0
52.416986252427186,12.755445662650603,0.0
52.416986252427186,12.755588277108435,0.0
52.416986252427186,12.755730891566266,0.0
52.416986252427186,12.755873506024097,0.0
52.416986252427186,12.75601612048193,0.0
52.416986252427186,12.75615873493976,0.0
52.416986252427186,12.75630134939759,0.0
52.416986252427186,12.756443963855423,0.0
52.416986252427186,12.756586578313254,0.0
52.416986252427186,12.756729192771084,0.0
52.416986252427186,12.756871807228917,0.0
52.416986252427186,12.757014421686748,0.0
52.416986252427186,12.757157036144578,0.0
52.416986252427186,12.75729965060241,0.0
52.416986252427186,12.757442265060241,0.0
52.416986252427186,12.757584879518072,0.0
52.416986252427186,12.757727493975905,0.0
52.416986252427186,12.757870108433735,0.0
52.416986252427186,12.758012722891566,0.0
52.416986252427186,12.758155337349399,0.0
52.416986252427186,12.75829795180723,0.0
52.416986252427186,12.758440566265062,0.0
52.416986252427186,12.758583180722892,0.0
52.416986252427186,12.758725795180723,0.0
52.416986252427186,12.758868409638556,0.0
52.416986252427186,12.759011024096386,0.0
52.416986252427186,12.759153638554217,0.0
52.416986252427186,12.75929625301205,0.0
52.416986252427186,12.75943886746988,0.0
52.416986252427186,12.759581481927711,0.0
52.416986252427186,12.759724096385543,0.0
52.416986252427186,12.759866710843374,0.0
52.416986252427186,12.760009325301205,0.0
52.416986252427186,12.760151939759037,0.0
52.416986252427186,12.760294554216868,0.0
52.416986252427186,12.760437168674699,0.0
52.416986252427186,12.760579783132531,0.0
52.416986252427186,12.760722397590362,0.0
52.416986252427186,12.760865012048193,0.0
52.416986252427186,12.761007626506025,0.0
52.416986252427186,12.761150240963856,0.0
52.416986252427186,12.761292855421688,0.0
52.416986252427186,12.761435469879519,0.0
52.416986252427186,12.76157808433735,0.0
52.416986252427186,12.761720698795182,0.0
52.416986252427186,12.761863313253013,0.0
52.416986252427186,12.762005927710844,0.0
52.416986252427186,12.762148542168676,0.0
52.416986252427186,12.762291156626507,0.0
52.416986252427186,12.762433771084337,0.0
52.416986252427186,12.76257638554217,0.0
52.416986252427186,12.762719,0.0
52.417078990291266,12.750882,0.0
52.417078990291266,12.751024614457831,0.0
52.417078990291266,12.751167228915664,0.0
52.417078990291266,12.751309843373495,0.0
52.417078990291266,12.751452457831325,0.0
52.417078990291266,12.751595072289158,0.0
52.417078990291266,12.751737686746988,0.0
52.417078990291266,12.75188030120482,0.0
52.417078990291266,12.752022915662652,0.0
52.417078990291266,12.752165530120482,0.0
52.417078990291266,12.752308144578313,0.0
52.417078990291266,12.752450759036146,0.0
52.417078990291266,12.752593373493976,0.0
52.417078990291266,12.752735987951809,0.0
52.417078990291266,12.75287860240964,0.0
52.417078990291266,12.75302121686747,0.0
52.417078990291266,12.753163831325303,0.0
52.417078990291266,12.753306445783133,0.0
52.417078990291266,12.753449060240964,0.0
52.417078990291266,12.753591674698797,0.0
52.417078990291266,12.753734289156627,0.0
52.417078990291266,12.753876903614458,0.0
52.417078990291266,12.75401951807229,0.0
52.417078990291266,12.754162132530121,0.0
52.417078990291266,12.754304746987952,0.0
52.417078990291266,12.754447361445784,0.0
52.417078990291266,12.754589975903615,0.0
52.417078990291266,12.754732590361446,0.0
52.417078990291266,12.754875204819278,0.0
52.417078990291266,12.755017819277109,0.0
52.417078990291266,12.75516043373494,0.0
52.417078990291266,12.755303048192772,0.0
52.417078990291266,12.755445662650603,0.0
52.417078990291266,12.755588277108435,0.0
52.417078990291266,12.755730891566266,0.0
52.417078990291266,12.755873506024097,0.0
52.417078990291266,12.75601612048193,0.0
52.417078990291266,12.75615873493976,0.0
52.417078990291266,12.75630134939759,0.0
52.417078990291266,12.756443963855423,0.0
52.417078990291266,12.756586578313254,0.0
52.417078990291266,12.756729192771084,0.0
52.417078990291266,12.756871807228917,0.0
52.417078990291266,12.757014421686748,0.0
52.417078990291266,12.757157036144578,0.0
52.417078990291266,12.75729965060241,0.0
52.417078990291266,12.757442265060241,0.0
52.417078990291266,12.757584879518072,0.0
52.417078990291266,12.757727493975905,0.0
52.417078990291266,12.757870108433735,0.0
52.417078990291266,12.758012722891566,0.0
52.417078990291266,12.758155337349399,0.0
52.417078990291266,12.75829795180723,0.0
52.417078990291266,12.758440566265062,0.0
52.417078990291266,12.758583180722892,0.0
52.417078990291266,12.758725795180723,0.0
52.417078990291266,12.758868409638556,0.0
52.417078990291266,12.759011024096386,0.0
52.417078990291266,12.759153638554217,0.0
52.417078990291266,12.75929625301205,0.0
52.417078990291266,12.75943886746988,0.0
52.417078990291266,12.759581481927711,0.0
52.417078990291266,12.759724096385543,0.0
52.417078990291266,12.759866710843374,0.0
52.417078990291266,12.760009325301205,0.0
52.417078990291266,12.760151939759037,0.0
52.417078990291266,12.760294554216868,0.0
52.417078990291266,12.760437168674699,0.0
52.417078990291266,12.760579783132531,0.0
52.417078990291266,12.760722397590362,0.0
52.417078990291266,12.760865012048193,0.0
52.417078990291266,12.761007626506025,0.0
52.417078990291266,12.761150240963856,0.0
52.417078990291266,12.761292855421688,0.0
52.417078990291266,12.761435469879519,0.0
52.417078990291266,12.76157808433735,0.0
52.417078990291266,12.761720698795182,0.0
52.417078990291266,12.761863313253013,0.0
52.417078990291266,12.762005927710844,0.0
52.417078990291266,12.762148542168676,0.0
52.417078990291266,12.762291156626507,0.0
52.417078990291266,12.762433771084337,0.0
52.417078990291266,12.76257638554217,0.0
52.417078990291266,12.762719,0.0
52.41717172815534,12.750882,0.0
52.41717172815534,12.751024614457831,0.0
52.41717172815534,12.751167228915664,0.0
52.41717172815534,12.751309843373495,0.0
52.41717172815534,12.751452457831325,0.0
52.41717172815534,12.751595072289158,0.0
52.41717172815534,12.751737686746988,0.0
52.41717172815534,12.75188030120482,0.0
52.41717172815534,12.752022915662652,0.0
52.41717172815534,12.752165530120482,0.0
52.41717172815534,12.752308144578313,0.0
52.41717172815534,12.752450759036146,0.0
52.41717172815534,12.752593373493976,0.0
52.41717172815534,12.752735987951809,0.0
52.41717172815534,12.75287860240964,0.0
52.41717172815534,12.75302121686747,0.0
52.41717172815534,12.753163831325303,0.0
52.41717172815534,12.753306445783133,0.0
52.41717172815534,12.753449060240964,0.0
52.41717172815534,12.753591674698797,0.0
52.41717172815534,12.753734289156627,0.0
52.41717172815534,12.753876903614458,0.0
52.41717172815534,12.75401951807229,0.0
52.41717172815534,12.754162132530121,0.0
52.41717172815534,12.754304746987952,0.0
52.41717172815534,12.754447361445784,0.0
52.41717172815534,12.754589975903615,0.0
52.41717172815534,12.754732590361446,0.0
52.41717172815534,12.754875204819278,0.0
52.41717172815534,12.755017819277109,0.0
52.41717172815534,12.75516043373494,0.0
52.41717172815534,12.755303048192772,0.0
52.41717172815534,12.755445662650603,0.0
52.41717172815534,12.755588277108435,0.0
52.41717172815534,12.755730891566266,0.0
52.41717172815534,12.755873506024097,0.0
52.41717172815534,12.75601612048193,0.0
52.41717172815534,12.75615873493976,0.0
52.41717172815534,12.75630134939759,0.0
52.41717172815534,12.756443963855423,0.0
52.41717172815534,12.756586578313254,0.0
52.41717172815534,12.756729192771084,0.0
52.41717172815534,12.756871807228917,0.0
52.41717172815534,12.757014421686748,0.0
52.41717172815534,12.757157036144578,0.0
52.41717172815534,12.75729965060241,0.0
52.41717172815534,12.757442265060241,0.0
52.41717172815534,12.757584879518072,0.0
52.41717172815534,12.757727493975905,0.0
52.41717172815534,12.757870108433735,0.0
52.41717172815534,12.758012722891566,0.0
52.41717172815534,12.758155337349399,0.0
52.41717172815534,12.75829795180723,0.0
52.41717172815534,12.758440566265062,0.0
52.41717172815534,12.758583180722892,0.0
52.41717172815534,12.758725795180723,0.0
52.41717172815534,12.758868409638556,0.0
52.41717172815534,12.759011024096386,0.0
52.41717172815534,12.759153638554217,0.0
52.41717172815534,12.75929625301205,0.0
52.41717172815534,12.75943886746988,0.0
52.41717172815534,12.759581481927711,0.0
52.41717172815534,12.759724096385543,0.0
52.41717172815534,12.759866710843374,0.0
52.41717172815534,12.760009325301205,0.0
52.41717172815534,12.760151939759037,0.0
52.41717172815534,12.760294554216868,0.0
52.41717172815534,12.760437168674699,0.0
52.41717172815534,12.760579783132531,0.0
52.41717172815534,12.760722397590362,0.0
52.41717172815534,12.760865012048193,0.0
52.41717172815534,12.761007626506025,0.0
52.41717172815534,12.761150240963856,0.0
52.41717172815534,12.761292855421688,0.0
52.41717172815534,12.761435469879519,0.0
52.41717172815534,12.76157808433735,0.0
52.41717172815534,12.761720698795182,0.0
52.41717172815534,12.761863313253013,0.0
52.41717172815534,12.762005927710844,0.0
52.41717172815534,12.762148542168676,0.0
52.41717172815534,12.762291156626507,0.0
52.41717172815534,12.762433771084337,0.0
52.41717172815534,12.76257638554217,0.0
52.41717172815534,12.762719,0.0
52.41726446601942,12.750882,0.0
52.41726446601942,12.751024614457831,0.0
52.41726446601942,12.751167228915664,0.0
52.41726446601942,12.751309843373495,0.0
52.41726446601942,12.751452457831325,0.0
52.41726446601942,12.751595072289158,0.0
52.41726446601942,12.751737686746988,0.0
52.41726446601942,12.75188030120482,0.0
52.41726446601942,12.752022915662652,0.0
52.41726446601942,12.752165530120482,0.0
52.41726446601942,12.752308144578313,0.0
52.41726446601942,12.752450759036146,0.0
52.41726446601942,12.752593373493976,0.0
52.41726446601942,12.752735987951809,0.0
52.41726446601942,12.75287860240964,0.0
52.41726446601942,12.75302121686747,0.0
52.41726446601942,12.753163831325303,0.0
52.41726446601942,12.753306445783133,0.0
52.41726446601942,12.753449060240964,0.0
52.41726446601942,12.753591674698797,0.0
52.41726446601942,12.753734289156627,0.0
52.41726446601942,12.753876903614458,0.0
52.41726446601942,12.75401951807229,0.0
52.41726446601942,12.754162132530121,0.0
52.41726446601942,12.754304746987952,0.0
52.41726446601942,12.754447361445784,0.0
52.41726446601942,12.754589975903615,0.0
52.41726446601942,12.754732590361446,0.0
52.41726446601942,12.754875204819278,0.0
52.41726446601942,12.755017819277109,0.0
52.41726446601942,12.75516043373494,0.0
52.41726446601942,12.755303048192772,0.0
52.41726446601942,12.755445662650603,0.0
52.41726446601942,12.755588277108435,0.0
52.41726446601942,12.755730891566266,0.0
52.41726446601942,12.755873506024097,0.0
52.41726446601942,12.75601612048193,0.0
52.41726446601942,12.75615873493976,0.0
52.41726446601942,12.75630134939759,0.0
52.41726446601942,12.756443963855423,0.0
52.41726446601942,12.756586578313254,0.0
52.41726446601942,12.756729192771084,0.0
52.41726446601942,12.756871807228917,0.0
52.41726446601942,12.757014421686748,0.0
52.41726446601942,12.757157036144578,0.0
52.41726446601942,12.75729965060241,0.0
52.41726446601942,12.757442265060241,0.0
52.41726446601942,12.757584879518072,0.0
52.41726446601942,12.757727493975905,0.0
52.41726446601942,12.757870108433735,0.0
52.41726446601942,12.758012722891566,0.0
52.41726446601942,12.758155337349399,0.0
52.41726446601942,12.75829795180723,0.0
52.41726446601942,12.758440566265062,0.0
52.41726446601942,12.758583180722892,0.0
52.41726446601942,12.758725795180723,0.0
52.41726446601942,12.758868409638556,0.0
52.41726446601942,12.759011024096386,0.0
52.41726446601942,12.759153638554217,0.0
52.41726446601942,12.75929625301205,0.0
52.41726446601942,12.75943886746988,0.0
52.41726446601942,12.759581481927711,0.0
52.41726446601942,12.759724096385543,0.0
52.41726446601942,12.759866710843374,0.0
52.41726446601942,12.760009325301205,0.0
52.41726446601942,12.760151939759037,0.0
52.41726446601942,12.760294554216868,0.0
52.41726446601942,12.760437168674699,0.0
52.41726446601942,12.760579783132531,0.0
52.41726446601942,12.760722397590362,0.0
52.41726446601942,12.760865012048193,0.0
52.41726446601942,12.761007626506025,0.0
52.41726446601942,12.761150240963856,0.0
52.41726446601942,12.761292855421688,0.0
52.41726446601942,12.761435469879519,0.0
52.41726446601942,12.76157808433735,0.0
52.41726446601942,12.761720698795182,0.0
52.41726446601942,12.761863313253013,0.0
52.41726446601942,12.762005927710844,0.0
52.41726446601942,12.762148542168676,0.0
52.41726446601942,12.762291156626507,0.0
52.41726446601942,12.762433771084337,0.0
52.41726446601942,12.76257638554217,0.0
52.41726446601942,12.762719,0.0
52.4173572038835,12.750882,0.0
52.4173572038835,12.751024614457831,0.0
52.4173572038835,12.751167228915664,0.0
52.4173572038835,12.751309843373495,0.0
52.4173572038835,12.751452457831325,0.0
52.4173572038835,12.751595072289158,0.0
52.4173572038835,12.751737686746988,0.0
52.4173572038835,12.75188030120482,0.0
52.4173572038835,12.752022915662652,0.0
52.4173572038835,12.752165530120482,0.0
52.4173572038835,12.752308144578313,0.0
52.4173572038835,12.752450759036146,0.0
52.4173572038835,12.752593373493976,0.0
52.4173572038835,12.752735987951809,0.0
52.4173572038835,12.75287860240964,0.0
52.4173572038835,12.75302121686747,0.0
52.4173572038835,12.753163831325303,0.0
52.4173572038835,12.753306445783133,0.0
52.4173572038835,12.753449060240964,0.0
52.4173572038835,12.753591674698797,0.0
52.4173572038835,12.753734289156627,0.0
52.4173572038835,12.753876903614458,0.0
52.4173572038835,12.75401951807229,0.0
52.4173572038835,12.754162132530121,0.0
52.4173572038835,12.754304746987952,0.0
52.4173572038835,12.754447361445784,0.0
52.4173572038835,12.754589975903615,0.0
52.4173572038835,12.754732590361446,0.0
52.4173572038835,12.754875204819278,0.0
52.4173572038835,12.755017819277109,0.0
52.4173572038835,12.75516043373494,0.0
52.4173572038835,12.755303048192772,0.0
52.4173572038835,12.755445662650603,0.0
52.4173572038835,12.755588277108435,0.0
52.4173572038835,12.755730891566266,0.0
52.4173572038835,12.755873506024097,0.0
52.4173572038835,12.75601612048193,0.0
52.4173572038835,12.75615873493976,0.0
52.4173572038835,12.75630134939759,0.0
52.4173572038835,12.756443963855423,0.0
52.4173572038835,12.756586578313254,0.0
52.4173572038835,12.756729192771084,0.0
52.4173572038835,12.756871807228917,0.0
52.4173572038835,12.757014421686748,0.0
52.4173572038835,12.757157036144578,0.0
52.4173572038835,12.75729965060241,0.0
52.4173572038835,12.757442265060241,0.0
52.4173572038835,12.757584879518072,0.0
52.4173572038835,12.757727493975905,0.0
52.4173572038835,12.757870108433735,0.0
52.4173572038835,12.758012722891566,0.0
52.4173572038835,12.758155337349399,0.0
52.4173572038835,12.75829795180723,0.0
52.4173572038835,12.758440566265062,0.0
52.4173572038835,12.758583180722892,0.0
52.4173572038835,12.758725795180723,0.0
52.4173572038835,12.758868409638556,0.0
52.4173572038835,12.759011024096386,0.0
52.4173572038835,12.759153638554217,0.0
52.4173572038835,12.75929625301205,0.0
52.4173572038835,12.75943886746988,0.0
52.4173572038835,12.759581481927711,0.0
52.4173572038835,12.759724096385543,0.0
52.4173572038835,12.759866710843374,0.0
52.4173572038835,12.760009325301205,0.0
52.4173572038835,12.760151939759037,0.0
52.4173572038835,12.760294554216868,0.0
52.4173572038835,12.760437168674699,0.0
52.4173572038835,12.760579783132531,0.0
52.4173572038835,12.760722397590362,0.0
52.4173572038835,12.760865012048193,0.0
52.4173572038835,12.761007626506025,0.0
52.4173572038835,12.761150240963856,0.0
52.4173572038835,12.761292855421688,0.0
52.4173572038835,12.761435469879519,0.0
52.4173572038835,12.76157808433735,0.0
52.4173572038835,12.761720698795182,0.0
52.4173572038835,12.761863313253013,0.0
52.4173572038835,12.762005927710844,0.0
52.4173572038835,12.762148542168676,0.0
52.4173572038835,12.762291156626507,0.0
52.4173572038835,12.762433771084337,0.0
52.4173572038835,12.76257638554217,0.0
52.4173572038835,12.762719,0.0
52.41744994174757,12.750882,0.0
52.41744994174757,12.751024614457831,0.0
52.41744994174757,12.751167228915664,0.0
52.41744994174757,12.751309843373495,0.0
52.41744994174757,12.751452457831325,0.0
52.41744994174757,12.751595072289158,0.0
52.41744994174757,12.751737686746988,0.0
52.41744994174757,12.75188030120482,0.0
52.41744994174757,12.752022915662652,0.0
52.41744994174757,12.752165530120482,0.0
52.41744994174757,12.752308144578313,0.0
52.41744994174757,12.752450759036146,0.0
52.41744994174757,12.752593373493976,0.0
52.41744994174757,12.752735987951809,0.0
52.41744994174757,12.75287860240964,0.0
52.41744994174757,12.75302121686747,0.0
52.41744994174757,12.753163831325303,0.0
52.41744994174757,12.753306445783133,0.0
52.41744994174757,12.753449060240964,0.0
52.41744994174757,12.753591674698797,0.0
52.41744994174757,12.753734289156627,0.0
52.41744994174757,12.753876903614458,0.0
52.41744994174757,12.75401951807229,0.0
52.41744994174757,12.754162132530121,0.0
52.41744994174757,12.754304746987952,0.0
52.41744994174757,12.754447361445784,0.0
52.41744994174757,12.754589975903615,0.0
52.41744994174757,12.754732590361446,0.0
52.41744994174757,12.754875204819278,0.0
52.41744994174757,12.755017819277109,0.0
52.41744994174757,12.75516043373494,0.0
52.41744994174757,12.755303048192772,0.0
52.41744994174757,12.755445662650603,0.0
52.41744994174757,12.755588277108435,0.0
52.41744994174757,12.755730891566266,0.0
52.41744994174757,12.755873506024097,0.0
52.41744994174757,12.75601612048193,0.0
52.41744994174757,12.75615873493976,0.0
52.41744994174757,12.75630134939759,0.0
52.41744994174757,12.756443963855423,0.0
52.41744994174757,12.756586578313254,0.0
52.41744994174757,12.756729192771084,0.0
52.41744994174757,12.756871807228917,0.0
52.41744994174757,12.757014421686748,0.0
52.41744994174757,12.757157036144578,0.0
52.41744994174757,12.75729965060241,0.0
52.41744994174757,12.757442265060241,0.0
52.41744994174757,12.757584879518072,0.0
52.41744994174757,12.757727493975905,0.0
52.41744994174757,12.757870108433735,0.0
52.41744994174757,12.758012722891566,0.0
52.41744994174757,12.758155337349399,0.0
52.41744994174757,12.75829795180723,0.0
52.41744994174757,12.758440566265062,0.0
52.41744994174757,12.758583180722892,0.0
52.41744994174757,12.758725795180723,0.0
52.41744994174757,12.758868409638556,0.0
52.41744994174757,12.759011024096386,0.0
52.41744994174757,12.759153638554217,0.0
52.41744994174757,12.75929625301205,0.0
52.41744994174757,12.75943886746988,0.0
52.41744994174757,12.759581481927711,0.0
52.41744994174757,12.759724096385543,0.0
52.41744994174757,12.759866710843374,0.0
52.41744994174757,12.760009325301205,0.0
52.41744994174757,12.760151939759037,0.0
52.41744994174757,12.760294554216868,0.0
52.41744994174757,12.760437168674699,0.0
52.41744994174757,12.760579783132531,0.0
52.41744994174757,12.760722397590362,0.0
52.41744994174757,12.760865012048193,0.0
52.41744994174757,12.761007626506025,0.0
52.41744994174757,12.761150240963856,0.0
52.41744994174757,12.761292855421688,0.0
52.41744994174757,12.761435469879519,0.0
52.41744994174757,12.76157808433735,0.0
52.41744994174757,12.761720698795182,0.0
52.41744994174757,12.761863313253013,0.0
52.41744994174757,12.762005927710844,0.0
52.41744994174757,12.762148542168676,0.0
52.41744994174757,12.762291156626507,0.0
52.41744994174757,12.762433771084337,0.0
52.41744994174757,12.76257638554217,0.0
52.41744994174757,12.762719,0.0
52.41754267961165,12.750882,0.0
52.41754267961165,12.751024614457831,0.0
52.41754267961165,12.751167228915664,0.0
52.41754267961165,12.751309843373495,0.0
52.41754267961165,12.751452457831325,0.0
52.41754267961165,12.751595072289158,0.0
52.41754267961165,12.751737686746988,0.0
52.41754267961165,12.75188030120482,0.0
52.41754267961165,12.752022915662652,0.0
52.41754267961165,12.752165530120482,0.0
52.41754267961165,12.752308144578313,0.0
52.41754267961165,12.752450759036146,0.0
52.41754267961165,12.752593373493976,0.0
52.41754267961165,12.752735987951809,0.0
52.41754267961165,12.75287860240964,0.0
52.41754267961165,12.75302121686747,0.0
52.41754267961165,12.753163831325303,0.0
52.41754267961165,12.753306445783133,0.0
52.41754267961165,12.753449060240964,0.0
52.41754267961165,12.753591674698797,0.0
52.41754267961165,12.753734289156627,0.0
52.41754267961165,12.753876903614458,0.0
52.41754267961165,12.75401951807229,0.0
52.41754267961165,12.754162132530121,0.0
52.41754267961165,12.754304746987952,0.0
52.41754267961165,12.754447361445784,0.0
52.41754267961165,12.754589975903615,0.0
52.41754267961165,12.754732590361446,0.0
52.41754267961165,12.754875204819278,0.0
52.41754267961165,12.755017819277109,0.0
52.41754267961165,12.75516043373494,0.0
52.41754267961165,12.755303048192772,0.0
52.41754267961165,12.755445662650603,0.0
52.41754267961165,12.755588277108435,0.0
52.41754267961165,12.755730891566266,0.0
52.41754267961165,12.755873506024097,0.0
52.41754267961165,12.75601612048193,0.0
52.41754267961165,12.75615873493976,0.0
52.41754267961165,12.75630134939759,0.0
52.41754267961165,12.756443963855423,0.0
52.41754267961165,12.756586578313254,0.0
52.41754267961165,12.756729192771084,0.0
52.41754267961165,12.756871807228917,0.0
52.41754267961165,12.757014421686748,0.0
52.41754267961165,12.757157036144578,0.0
52.41754267961165,12.75729965060241,0.0
52.41754267961165,12.757442265060241,0.0
52.41754267961165,12.757584879518072,0.0
52.41754267961165,12.757727493975905,0.0
52.41754267961165,12.757870108433735,0.0
52.41754267961165,12.758012722891566,0.0
52.41754267961165,12.758155337349399,0.0
52.41754267961165,12.75829795180723,0.0
52.41754267961165,12.758440566265062,0.0
52.41754267961165,12.758583180722892,0.0
52.41754267961165,12.758725795180723,0.0
52.41754267961165,12.758868409638556,0.0
52.41754267961165,12.759011024096386,0.0
52.41754267961165,12.759153638554217,0.0
52.41754267961165,12.75929625301205,0.0
52.41754267961165,12.75943886746988,0.0
52.41754267961165,12.759581481927711,0.0
52.41754267961165,12.759724096385543,0.0
52.41754267961165,12.759866710843374,0.0
52.41754267961165,12.760009325301205,0.0
52.41754267961165,12.760151939759037,0.0
52.41754267961165,12.760294554216868,0.0
52.41754267961165,12.760437168674699,0.0
52.41754267961165,12.760579783132531,0.0
52.41754267961165,12.760722397590362,0.0
52.41754267961165,12.760865012048193,0.0
52.41754267961165,12.761007626506025,0.0
52.41754267961165,12.761150240963856,0.0
52.41754267961165,12.761292855421688,0.0
52.41754267961165,12.761435469879519,0.0
52.41754267961165,12.76157808433735,0.0
52.41754267961165,12.761720698795182,0.0
52.41754267961165,12.761863313253013,0.0
52.41754267961165,12.762005927710844,0.0
52.41754267961165,12.762148542168676,0.0
52.41754267961165,12.762291156626507,0.0
52.41754267961165,12.762433771084337,0.0
52.41754267961165,12.76257638554217,0.0
52.41754267961165,12.762719,0.0
52.41763541747573,12.750882,0.0
52.41763541747573,12.751024614457831,0.0
52.41763541747573,12.751167228915664,0.0
52.41763541747573,12.751309843373495,0.0
52.41763541747573,12.751452457831325,0.0
52.41763541747573,12.751595072289158,0.0
52.41763541747573,12.751737686746988,0.0
52.41763541747573,12.75188030120482,0.0
52.41763541747573,12.752022915662652,0.0
52.41763541747573,12.752165530120482,0.0
52.41763541747573,12.752308144578313,0.0
52.41763541747573,12.752450759036146,0.0
52.41763541747573,12.752593373493976,0.0
52.41763541747573,12.752735987951809,0.0
52.41763541747573,12.75287860240964,0.0
52.41763541747573,12.75302121686747,0.0
52.41763541747573,12.753163831325303,0.0
52.41763541747573,12.753306445783133,0.0
52.41763541747573,12.753449060240964,0.0
52.41763541747573,12.753591674698797,0.0
52.41763541747573,12.753734289156627,0.0
52.41763541747573,12.753876903614458,0.0
52.41763541747573,12.75401951807229,0.0
52.41763541747573,12.754162132530121,0.0
52.41763541747573,12.754304746987952,0.0
52.41763541747573,12.754447361445784,0.0
52.41763541747573,12.754589975903615,0.0
52.41763541747573,12.754732590361446,0.0
52.41763541747573,12.754875204819278,0.0
52.41763541747573,12.755017819277109,0.0
52.41763541747573,12.75516043373494,0.0
52.41763541747573,12.755303048192772,0.0
52.41763541747573,12.755445662650603,0.0
52.41763541747573,12.755588277108435,0.0
52.41763541747573,12.755730891566266,0.0
52.41763541747573,12.755873506024097,0.0
52.41763541747573,12.75601612048193,0.0
52.41763541747573,12.75615873493976,0.0
52.41763541747573,12.75630134939759,0.0
52.41763541747573,12.756443963855423,0.0
52.41763541747573,12.756586578313254,0.0
52.41763541747573,12.756729192771084,0.0
52.41763541747573,12.756871807228917,0.0
52.41763541747573,12.757014421686748,0.0
52.41763541747573,12.757157036144578,0.0
52.41763541747573,12.75729965060241,0.0
52.41763541747573,12.757442265060241,0.0
52.41763541747573,12.757584879518072,0.0
52.41763541747573,12.757727493975905,0.0
52.41763541747573,12.757870108433735,0.0
52.41763541747573,12.758012722891566,0.0
52.41763541747573,12.758155337349399,0.0
52.41763541747573,12.75829795180723,0.0
52.41763541747573,12.758440566265062,0.0
52.41763541747573,12.758583180722892,0.0
52.41763541747573,12.758725795180723,0.0
52.41763541747573,12.758868409638556,0.0
52.41763541747573,12.759011024096386,0.0
52.41763541747573,12.759153638554217,0.0
52.41763541747573,12.75929625301205,0.0
52.41763541747573,12.75943886746988,0.0
52.41763541747573,12.759581481927711,0.0
52.41763541747573,12.759724096385543,0.0
52.41763541747573,12.759866710843374,0.0
52.41763541747573,12.760009325301205,0.0
52.41763541747573,12.760151939759037,0.0
52.41763541747573,12.760294554216868,0.0
52.41763541747573,12.760437168674699,0.0
52.41763541747573,12.760579783132531,0.0
52.41763541747573,12.760722397590362,0.0
52.41763541747573,12.760865012048193,0.0
52.41763541747573,12.761007626506025,0.0
52.41763541747573,12.761150240963856,0.0
52.41763541747573,12.761292855421688,0.0
52.41763541747573,12.761435469879519,0.0
52.41763541747573,12.76157808433735,0.0
52.41763541747573,12.761720698795182,0.0
52.41763541747573,12.761863313253013,0.0
52.41763541747573,12.762005927710844,0.0
52.41763541747573,12.762148542168676,0.0
52.41763541747573,12.762291156626507,0.0
52.41763541747573,12.762433771084337,0.0
52.41763541747573,12.76257638554217,0.0
52.41763541747573,12.762719,0.0
52.41772815533981,12.750882,0.0
52.41772815533981,12.751024614457831,0.0
52.41772815533981,12.751167228915664,0.0
52.41772815533981,12.751309843373495,0.0
52.41772815533981,12.751452457831325,0.0
52.41772815533981,12.751595072289158,0.0
52.41772815533981,12.751737686746988,0.0
52.41772815533981,12.75188030120482,0.0
52.41772815533981,12.752022915662652,0.0
52.41772815533981,12.752165530120482,0.0
52.41772815533981,12.752308144578313,0.0
52.41772815533981,12.752450759036146,0.0
52.41772815533981,12.752593373493976,0.0
52.41772815533981,12.752735987951809,0.0
52.41772815533981,12.75287860240964,0.0
52.41772815533981,12.75302121686747,0.0
52.41772815533981,12.753163831325303,0.0
52.41772815533981,12.753306445783133,0.0
52.41772815533981,12.753449060240964,0.0
52.41772815533981,12.753591674698797,0.0
52.41772815533981,12.753734289156627,0.0
52.41772815533981,12.753876903614458,0.0
52.41772815533981,12.75401951807229,0.0
52.41772815533981,12.754162132530121,0.0
52.41772815533981,12.754304746987952,0.0
52.41772815533981,12.754447361445784,0.0
52.41772815533981,12.754589975903615,0.0
52.41772815533981,12.754732590361446,0.0
52.41772815533981,12.754875204819278,0.0
52.41772815533981,12.755017819277109,0.0
52.41772815533981,12.75516043373494,0.0
52.41772815533981,12.755303048192772,0.0
52.41772815533981,12.755445662650603,0.0
52.41772815533981,12.755588277108435,0.0
52.41772815533981,12.755730891566266,0.0
52.41772815533981,12.755873506024097,0.0
52.41772815533981,12.75601612048193,0.0
52.41772815533981,12.75615873493976,0.0
52.41772815533981,12.75630134939759,0.0
52.41772815533981,12.756443963855423,0.0
52.41772815533981,12.756586578313254,0.0
52.41772815533981,12.756729192771084,0.0
52.41772815533981,12.756871807228917,0.0
52.41772815533981,12.757014421686748,0.0
52.41772815533981,12.757157036144578,0.0
52.41772815533981,12.75729965060241,0.0
52.41772815533981,12.757442265060241,0.0
52.41772815533981,12.757584879518072,0.0
52.41772815533981,12.757727493975905,0.0
52.41772815533981,12.757870108433735,0.0
52.41772815533981,12.758012722891566,0.0
52.41772815533981,12.758155337349399,0.0
52.41772815533981,12.75829795180723,0.0
52.41772815533981,12.758440566265062,0.0
52.41772815533981,12.758583180722892,0.0
52.41772815533981,12.758725795180723,0.0
52.41772815533981,12.758868409638556,0.0
52.41772815533981,12.759011024096386,0.0
52.41772815533981,12.759153638554217,0.0
52.41772815533981,12.75929625301205,0.0
52.41772815533981,12.75943886746988,0.0
52.41772815533981,12.759581481927711,0.0
52.41772815533981,12.759724096385543,0.0
52.41772815533981,12.759866710843374,0.0
52.41772815533981,12.760009325301205,0.0
52.41772815533981,12.760151939759037,0.0
52.41772815533981,12.760294554216868,0.0
52.41772815533981,12.760437168674699,0.0
52.41772815533981,12.760579783132531,0.0
52.41772815533981,12.760722397590362,0.0
52.41772815533981,12.760865012048193,0.0
52.41772815533981,12.761007626506025,0.0
52.41772815533981,12.761150240963856,0.0
52.41772815533981,12.761292855421688,0.0
52.41772815533981,12.761435469879519,0.0
52.41772815533981,12.76157808433735,0.0
52.41772815533981,12.761720698795182,0.0
52.41772815533981,12.761863313253013,0.0
52.41772815533981,12.762005927710844,0.0
52.41772815533981,12.762148542168676,0.0
52.41772815533981,12.762291156626507,0.0
52.41772815533981,12.762433771084337,0.0
52.41772815533981,12.76257638554217,0.0
52.41772815533981,12.762719,0.0
52.41782089320388,12.750882,0.0
52.41782089320388,12.751024614457831,0.0
52.41782089320388,12.751167228915664,0.0
52.41782089320388,12.751309843373495,0.0
52.41782089320388,12.751452457831325,0.0
52.41782089320388,12.751595072289158,0.0
52.41782089320388,12.751737686746988,0.0
52.41782089320388,12.75188030120482,0.0
52.41782089320388,12.752022915662652,0.0
52.41782089320388,12.752165530120482,0.0
52.41782089320388,12.752308144578313,0.0
52.41782089320388,12.752450759036146,0.0
52.41782089320388,12.752593373493976,0.0
52.41782089320388,12.752735987951809,0.0
52.41782089320388,12.75287860240964,0.0
52.41782089320388,12.75302121686747,0.0
52.41782089320388,12.753163831325303,0.0
52.41782089320388,12.753306445783133,0.0
52.41782089320388,12.753449060240964,0.0
52.41782089320388,12.753591674698797,0.0
52.41782089320388,12.753734289156627,0.0
52.41782089320388,12.753876903614458,0.0
52.41782089320388,12.75401951807229,0.0
52.41782089320388,12.754162132530121,0.0
52.41782089320388,12.754304746987952,0.0
52.41782089320388,12.754447361445784,0.0
52.41782089320388,12.754589975903615,0.0
52.41782089320388,12.754732590361446,0.0
52.41782089320388,12.754875204819278,0.0
52.41782089320388,12.755017819277109,0.0
52.41782089320388,12.75516043373494,0.0
52.41782089320388,12.755303048192772,0.0
52.41782089320388,12.755445662650603,0.0
52.41782089320388,12.755588277108435,0.0
52.41782089320388,12.755730891566266,0.0
52.41782089320388,12.755873506024097,0.0
52.41782089320388,12.75601612048193,0.0
52.41782089320388,12.75615873493976,0.0
52.41782089320388,12.75630134939759,0.0
52.41782089320388,12.756443963855423,0.0
52.41782089320388,12.756586578313254,0.0
52.41782089320388,12.756729192771084,0.0
52.41782089320388,12.756871807228917,0.0
52.41782089320388,12.757014421686748,0.0
52.41782089320388,12.757157036144578,0.0
52.41782089320388,12.75729965060241,0.0
52.41782089320388,12.757442265060241,0.0
52.41782089320388,12.757584879518072,0.0
52.41782089320388,12.757727493975905,0.0
52.41782089320388,12.757870108433735,0.0
52.41782089320388,12.758012722891566,0.0
52.41782089320388,12.758155337349399,0.0
52.41782089320388,12.75829795180723,0.0
52.41782089320388,12.758440566265062,0.0
52.41782089320388,12.758583180722892,0.0
52.41782089320388,12.758725795180723,0.0
52.41782089320388,12.758868409638556,0.0
52.41782089320388,12.759011024096386,0.0
52.41782089320388,12.759153638554217,0.0
52.41782089320388,12.75929625301205,0.0
52.41782089320388,12.75943886746988,0.0
52.41782089320388,12.759581481927711,0.0
52.41782089320388,12.759724096385543,0.0
52.41782089320388,12.759866710843374,0.0
52.41782089320388,12.760009325301205,0.0
52.41782089320388,12.760151939759037,0.0
52.41782089320388,12.760294554216868,0.0
52.41782089320388,12.760437168674699,0.0
52.41782089320388,12.760579783132531,0.0
52.41782089320388,12.760722397590362,0.0
52.41782089320388,12.760865012048193,0.0
52.41782089320388,12.761007626506025,0.0
52.41782089320388,12.761150240963856,0.0
52.41782089320388,12.761292855421688,0.0
52.41782089320388,12.761435469879519,0.0
52.41782089320388,12.76157808433735,0.0
52.41782089320388,12.761720698795182,0.0
52.41782089320388,12.761863313253013,0.0
52.41782089320388,12.762005927710844,0.0
52.41782089320388,12.762148542168676,0.0
52.41782089320388,12.762291156626507,0.0
52.41782089320388,12.762433771084337,0.0
52.41782089320388,12.76257638554217,0.0
52.41782089320388,12.762719,0.0
52.41791363106796,12.750882,0.0
52.41791363106796,12.751024614457831,0.0
52.41791363106796,12.751167228915664,0.0
52.41791363106796,12.751309843373495,0.0
52.41791363106796,12.751452457831325,0.0
52.41791363106796,12.751595072289158,0.0
52.41791363106796,12.751737686746988,0.0
52.41791363106796,12.75188030120482,0.0
52.41791363106796,12.752022915662652,0.0
52.41791363106796,12.752165530120482,0.0
52.41791363106796,12.752308144578313,0.0
52.41791363106796,12.752450759036146,0.0
52.41791363106796,12.752593373493976,0.0
52.41791363106796,12.752735987951809,0.0
52.41791363106796,12.75287860240964,0.0
52.41791363106796,12.75302121686747,0.0
52.41791363106796,12.753163831325303,0.0
52.41791363106796,12.753306445783133,0.0
52.41791363106796,12.753449060240964,0.0
52.41791363106796,12.753591674698797,0.0
52.41791363106796,12.753734289156627,0.0
52.41791363106796,12.753876903614458,0.0
52.41791363106796,12.75401951807229,0.0
52.41791363106796,12.754162132530121,0.0
52.41791363106796,12.754304746987952,0.0
52.41791363106796,12.754447361445784,0.0
52.41791363106796,12.754589975903615,0.0
52.41791363106796,12.754732590361446,0.0
52.41791363106796,12.754875204819278,0.0
52.41791363106796,12.755017819277109,0.0
52.41791363106796,12.75516043373494,0.0
52.41791363106796,12.755303048192772,0.0
52.41791363106796,12.755445662650603,0.0
52.41791363106796,12.755588277108435,0.0
52.41791363106796,12.755730891566266,0.0
52.41791363106796,12.755873506024097,0.0
52.41791363106796,12.75601612048193,0.0
52.41791363106796,12.75615873493976,0.0
52.41791363106796,12.75630134939759,0.0
52.41791363106796,12.756443963855423,0.0
52.41791363106796,12.756586578313254,0.0
52.41791363106796,12.756729192771084,0.0
52.41791363106796,12.756871807228917,0.0
52.41791363106796,12.757014421686748,0.0
52.41791363106796,12.757157036144578,0.0
52.41791363106796,12.75729965060241,0.0
52.41791363106796,12.757442265060241,0.0
52.41791363106796,12.757584879518072,0.0
52.41791363106796,12.757727493975905,0.0
52.41791363106796,12.757870108433735,0.0
52.41791363106796,12.758012722891566,0.0
52.41791363106796,12.758155337349399,0.0
52.41791363106796,12.75829795180723,0.0
52.41791363106796,12.758440566265062,0.0
52.41791363106796,12.758583180722892,0.0
52.41791363106796,12.758725795180723,0.0
52.41791363106796,12.758868409638556,0.0
52.41791363106796,12.759011024096386,0.0
52.41791363106796,12.759153638554217,0.0
52.41791363106796,12.75929625301205,0.0
52.41791363106796,12.75943886746988,0.0
52.41791363106796,12.759581481927711,0.0
52.41791363106796,12.759724096385543,0.0
52.41791363106796,12.759866710843374,0.0
52.41791363106796,12.760009325301205,0.0
52.41791363106796,12.760151939759037,0.0
52.41791363106796,12.760294554216868,0.0
52.41791363106796,12.760437168674699,0.0
52.41791363106796,12.760579783132531,0.0
52.41791363106796,12.760722397590362,0.0
52.41791363106796,12.760865012048193,0.0
52.41791363106796,12.761007626506025,0.0
52.41791363106796,12.761150240963856,0.0
52.41791363106796,12.761292855421688,0.0
52.41791363106796,12.761435469879519,0.0
52.41791363106796,12.76157808433735,0.0
52.41791363106796,12.761720698795182,0.0
52.41791363106796,12.761863313253013,0.0
52.41791363106796,12.762005927710844,0.0
52.41791363106796,12.762148542168676,0.0
52.41791363106796,12.762291156626507,0.0
52.41791363106796,12.762433771084337,0.0
52.41791363106796,12.76257638554217,0.0
52.41791363106796,12.762719,0.0
52.41800636893204,12.750882,0.0
52.41800636893204,12.751024614457831,0.0
52.41800636893204,12.751167228915664,0.0
52.41800636893204,12.751309843373495,0.0
52.41800636893204,12.751452457831325,0.0
52.41800636893204,12.751595072289158,0.0
52.41800636893204,12.751737686746988,0.0
52.41800636893204,12.75188030120482,0.0
52.41800636893204,12.752022915662652,0.0
52.41800636893204,12.752165530120482,0.0
52.41800636893204,12.752308144578313,0.0
52.41800636893204,12.752450759036146,0.0
52.41800636893204,12.752593373493976,0.0
52.41800636893204,12.752735987951809,0.0
52.41800636893204,12.75287860240964,0.0
52.41800636893204,12.75302121686747,0.0
52.41800636893204,12.753163831325303,0.0
52.41800636893204,12.753306445783133,0.0
52.41800636893204,12.753449060240964,0.0
52.41800636893204,12.753591674698797,0.0
52.41800636893204,12.753734289156627,0.0
52.41800636893204,12.753876903614458,0.0
52.41800636893204,12.75401951807229,0.0
52.41800636893204,12.754162132530121,0.0
52.41800636893204,12.754304746987952,0.0
52.41800636893204,12.754447361445784,0.0
52.41800636893204,12.754589975903615,0.0
52.41800636893204,12.754732590361446,0.0
52.41800636893204,12.754875204819278,0.0
52.41800636893204,12.755017819277109,0.0
52.41800636893204,12.75516043373494,0.0
52.41800636893204,12.755303048192772,0.0
52.41800636893204,12.755445662650603,0.0
52.41800636893204,12.755588277108435,0.0
52.41800636893204,12.755730891566266,0.0
52.41800636893204,12.755873506024097,0.0
52.41800636893204,12.75601612048193,0.0
52.41800636893204,12.75615873493976,0.0
52.41800636893204,12.75630134939759,0.0
52.41800636893204,12.756443963855423,0.0
52.41800636893204,12.756586578313254,0.0
52.41800636893204,12.756729192771084,0.0
52.41800636893204,12.756871807228917,0.0
52.41800636893204,12.757014421686748,0.0
52.41800636893204,12.757157036144578,0.0
52.41800636893204,12.75729965060241,0.0
52.41800636893204,12.757442265060241,0.0
52.41800636893204,12.757584879518072,0.0
52.41800636893204,12.757727493975905,0.0
52.41800636893204,12.757870108433735,0.0
52.41800636893204,12.758012722891566,0.0
52.41800636893204,12.758155337349399,0.0
52.41800636893204,12.75829795180723,0.0
52.41800636893204,12.758440566265062,0.0
52.41800636893204,12.758583180722892,0.0
52.41800636893204,12.758725795180723,0.0
52.41800636893204,12.758868409638556,0.0
52.41800636893204,12.759011024096386,0.0
52.41800636893204,12.759153638554217,0.0
52.41800636893204,12.75929625301205,0.0
52.41800636893204,12.75943886746988,0.0
52.41800636893204,12.759581481927711,0.0
52.41800636893204,12.759724096385543,0.0
52.41800636893204,12.759866710843374,0.0
52.41800636893204,12.760009325301205,0.0
52.41800636893204,12.760151939759037,0.0
52.41800636893204,12.760294554216868,0.0
52.41800636893204,12.760437168674699,0.0
52.41800636893204,12.760579783132531,0.0
52.41800636893204,12.760722397590362,0.0
52.41800636893204,12.760865012048193,0.0
52.41800636893204,12.761007626506025,0.0
52.41800636893204,12.761150240963856,0.0
52.41800636893204,12.761292855421688,0.0
52.41800636893204,12.761435469879519,0.0
52.41800636893204,12.76157808433735,0.0
52.41800636893204,12.761720698795182,0.0
52.41800636893204,12.761863313253013,0.0
52.41800636893204,12.762005927710844,0.0
52.41800636893204,12.762148542168676,0.0
52.41800636893204,12.762291156626507,0.0
52.41800636893204,12.762433771084337,0.0
52.41800636893204,12.76257638554217,0.0
52.41800636893204,12.762719,0.0
52.41809910679612,12.750882,0.0
52.41809910679612,12.751024614457831,0.0
52.41809910679612,12.751167228915664,0.0
52.41809910679612,12.751309843373495,0.0
52.41809910679612,12.751452457831325,0.0
52.41809910679612,12.751595072289158,0.0
52.41809910679612,12.751737686746988,0.0
52.41809910679612,12.75188030120482,0.0
52.41809910679612,12.752022915662652,0.0
52.41809910679612,12.752165530120482,0.0
52.41809910679612,12.752308144578313,0.0
52.41809910679612,12.752450759036146,0.0
52.41809910679612,12.752593373493976,0.0
52.41809910679612,12.752735987951809,0.0
52.41809910679612,12.75287860240964,0.0
52.41809910679612,12.75302121686747,0.0
52.41809910679612,12.753163831325303,0.0
52.41809910679612,12.753306445783133,0.0
52.41809910679612,12.753449060240964,0.0
52.41809910679612,12.753591674698797,0.0
52.41809910679612,12.753734289156627,0.0
52.41809910679612,12.753876903614458,0.0
52.41809910679612,12.75401951807229,0.0
52.41809910679612,12.754162132530121,0.0
52.41809910679612,12.754304746987952,0.0
52.41809910679612,12.754447361445784,0.0
52.41809910679612,12.754589975903615,0.0
52.41809910679612,12.754732590361446,0.0
52.41809910679612,12.754875204819278,0.0
52.41809910679612,12.755017819277109,0.0
52.41809910679612,12.75516043373494,0.0
52.41809910679612,12.755303048192772,0.0
52.41809910679612,12.755445662650603,0.0
52.41809910679612,12.755588277108435,0.0
52.41809910679612,12.755730891566266,0.0
52.41809910679612,12.755873506024097,0.0
52.41809910679612,12.75601612048193,0.0
52.41809910679612,12.75615873493976,0.0
52.41809910679612,12.75630134939759,0.0
52.41809910679612,12.756443963855423,0.0
52.41809910679612,12.756586578313254,0.0
52.41809910679612,12.756729192771084,0.0
52.41809910679612,12.756871807228917,0.0
52.41809910679612,12.757014421686748,0.0
52.41809910679612,12.757157036144578,0.0
52.41809910679612,12.75729965060241,0.0
52.41809910679612,12.757442265060241,0.0
52.41809910679612,12.757584879518072,0.0
52.41809910679612,12.757727493975905,0.0
52.41809910679612,12.757870108433735,0.0
52.41809910679612,12.758012722891566,0.0
52.41809910679612,12.758155337349399,0.0
52.41809910679612,12.75829795180723,0.0
52.41809910679612,12.758440566265062,0.0
52.41809910679612,12.758583180722892,0.0
52.41809910679612,12.758725795180723,0.0
52.41809910679612,12.758868409638556,0.0
52.41809910679612,12.759011024096386,0.0
52.41809910679612,12.759153638554217,0.0
52.41809910679612,12.75929625301205,0.0
52.41809910679612,12.75943886746988,0.0
52.41809910679612,12.759581481927711,0.0
52.41809910679612,12.759724096385543,0.0
52.41809910679612,12.759866710843374,0.0
52.41809910679612,12.760009325301205,0.0
52.41809910679612,12.760151939759037,0.0
52.41809910679612,12.760294554216868,0.0
52.41809910679612,12.760437168674699,0.0
52.41809910679612,12.760579783132531,0.0
52.41809910679612,12.760722397590362,0.0
52.41809910679612,12.760865012048193,0.0
52.41809910679612,12.761007626506025,0.0
52.41809910679612,12.761150240963856,0.0
52.41809910679612,12.761292855421688,0.0
52.41809910679612,12.761435469879519,0.0
52.41809910679612,12.76157808433735,0.0
52.41809910679612,12.761720698795182,0.0
52.41809910679612,12.761863313253013,0.0
52.41809910679612,12.762005927710844,0.0
52.41809910679612,12.762148542168676,0.0
52.41809910679612,12.762291156626507,0.0
52.41809910679612,12.762433771084337,0.0
52.41809910679612,12.76257638554217,0.0
52.41809910679612,12.762719,0.0
52.41819184466019,12.750882,0.0
52.41819184466019,12.751024614457831,0.0
52.41819184466019,12.751167228915664,0.0
52.41819184466019,12.751309843373495,0.0
52.41819184466019,12.751452457831325,0.0
52.41819184466019,12.751595072289158,0.0
52.41819184466019,12.751737686746988,0.0
52.41819184466019,12.75188030120482,0.0
52.41819184466019,12.752022915662652,0.0
52.41819184466019,12.752165530120482,0.0
52.41819184466019,12.752308144578313,0.0
52.41819184466019,12.752450759036146,0.0
52.41819184466019,12.752593373493976,0.0
52.41819184466019,12.752735987951809,0.0
52.41819184466019,12.75287860240964,0.0
52.41819184466019,12.75302121686747,0.0
52.41819184466019,12.753163831325303,0.0
52.41819184466019,12.753306445783133,0.0
52.41819184466019,12.753449060240964,0.0
52.41819184466019,12.753591674698797,0.0
52.41819184466019,12.753734289156627,0.0
52.41819184466019,12.753876903614458,0.0
52.41819184466019,12.75401951807229,0.0
52.41819184466019,12.754162132530121,0.0
52.41819184466019,12.754304746987952,0.0
52.41819184466019,12.754447361445784,0.0
52.41819184466019,12.754589975903615,0.0
52.41819184466019,12.754732590361446,0.0
52.41819184466019,12.754875204819278,0.0
52.41819184466019,12.755017819277109,0.0
52.41819184466019,12.75516043373494,0.0
52.41819184466019,12.755303048192772,0.0
52.41819184466019,12.755445662650603,0.0
52.41819184466019,12.755588277108435,0.0
52.41819184466019,12.755730891566266,0.0
52.41819184466019,12.755873506024097,0.0
52.41819184466019,12.75601612048193,0.0
52.41819184466019,12.75615873493976,0.0
52.41819184466019,12.75630134939759,0.0
52.41819184466019,12.756443963855423,0.0
52.41819184466019,12.756586578313254,0.0
52.41819184466019,12.756729192771084,0.0
52.41819184466019,12.756871807228917,0.0
52.41819184466019,12.757014421686748,0.0
52.41819184466019,12.757157036144578,0.0
52.41819184466019,12.75729965060241,0.0
52.41819184466019,12.757442265060241,0.0
52.41819184466019,12.757584879518072,0.0
52.41819184466019,12.757727493975905,0.0
52.41819184466019,12.757870108433735,0.0
52.41819184466019,12.758012722891566,0.0
52.41819184466019,12.758155337349399,0.0
52.41819184466019,12.75829795180723,0.0
52.41819184466019,12.758440566265062,0.0
52.41819184466019,12.758583180722892,0.0
52.41819184466019,12.758725795180723,0.0
52.41819184466019,12.758868409638556,0.0
52.41819184466019,12.759011024096386,0.0
52.41819184466019,12.759153638554217,0.0
52.41819184466019,12.75929625301205,0.0
52.41819184466019,12.75943886746988,0.0
52.41819184466019,12.759581481927711,0.0
52.41819184466019,12.759724096385543,0.0
52.41819184466019,12.759866710843374,0.0
52.41819184466019,12.760009325301205,0.0
52.41819184466019,12.760151939759037,0.0
52.41819184466019,12.760294554216868,0.0
52.41819184466019,12.760437168674699,0.0
52.41819184466019,12.760579783132531,0.0
52.41819184466019,12.760722397590362,0.0
52.41819184466019,12.760865012048193,0.0
52.41819184466019,12.761007626506025,0.0
52.41819184466019,12.761150240963856,0.0
52.41819184466019,12.761292855421688,0.0
52.41819184466019,12.761435469879519,0.0
52.41819184466019,12.76157808433735,0.0
52.41819184466019,12.761720698795182,0.0
52.41819184466019,12.761863313253013,0.0
52.41819184466019,12.762005927710844,0.0
52.41819184466019,12.762148542168676,0.0
52.41819184466019,12.762291156626507,0.0
52.41819184466019,12.762433771084337,0.0
52.41819184466019,12.76257638554217,0.0
52.41819184466019,12.762719,0.0
52.41828458252427,12.750882,0.0
52.41828458252427,12.751024614457831,0.0
52.41828458252427,12.751167228915664,0.0
52.41828458252427,12.751309843373495,0.0
52.41828458252427,12.751452457831325,0.0
52.41828458252427,12.751595072289158,0.0
52.41828458252427,12.751737686746988,0.0
52.41828458252427,12.75188030120482,0.0
52.41828458252427,12.752022915662652,0.0
52.41828458252427,12.752165530120482,0.0
52.41828458252427,12.752308144578313,0.0
52.41828458252427,12.752450759036146,0.0
52.41828458252427,12.752593373493976,0.0
52.41828458252427,12.752735987951809,0.0
52.41828458252427,12.75287860240964,0.0
52.41828458252427,12.75302121686747,0.0
52.41828458252427,12.753163831325303,0.0
52.41828458252427,12.753306445783133,0.0
52.41828458252427,12.753449060240964,0.0
52.41828458252427,12.753591674698797,0.0
52.41828458252427,12.753734289156627,0.0
52.41828458252427,12.753876903614458,0.0
52.41828458252427,12.75401951807229,0.0
52.41828458252427,12.754162132530121,0.0
52.41828458252427,12.754304746987952,0.0
52.41828458252427,12.754447361445784,0.0
52.41828458252427,12.754589975903615,0.0
52.41828458252427,12.754732590361446,0.0
52.41828458252427,12.754875204819278,0.0
52.41828458252427,12.755017819277109,0.0
52.41828458252427,12.75516043373494,0.0
52.41828458252427,12.755303048192772,0.0
52.41828458252427,12.755445662650603,0.0
52.41828458252427,12.755588277108435,0.0
52.41828458252427,12.755730891566266,0.0
52.41828458252427,12.755873506024097,0.0
52.41828458252427,12.75601612048193,0.0
52.41828458252427,12.75615873493976,0.0
52.41828458252427,12.75630134939759,0.0
52.41828458252427,12.756443963855423,0.0
52.41828458252427,12.756586578313254,0.0
52.41828458252427,12.756729192771084,0.0
52.41828458252427,12.756871807228917,0.0
52.41828458252427,12.757014421686748,0.0
52.41828458252427,12.757157036144578,0.0
52.41828458252427,12.75729965060241,0.0
52.41828458252427,12.757442265060241,0.0
52.41828458252427,12.757584879518072,0.0
52.41828458252427,12.757727493975905,0.0
52.41828458252427,12.757870108433735,0.0
52.41828458252427,12.758012722891566,0.0
52.41828458252427,12.758155337349399,0.0
52.41828458252427,12.75829795180723,0.0
52.41828458252427,12.758440566265062,0.0
52.41828458252427,12.758583180722892,0.0
52.41828458252427,12.758725795180723,0.0
52.41828458252427,12.758868409638556,0.0
52.41828458252427,12.759011024096386,0.0
52.41828458252427,12.759153638554217,0.0
52.41828458252427,12.75929625301205,0.0
52.41828458252427,12.75943886746988,0.0
52.41828458252427,12.759581481927711,0.0
52.41828458252427,12.759724096385543,0.0
52.41828458252427,12.759866710843374,0.0
52.41828458252427,12.760009325301205,0.0
52.41828458252427,12.760151939759037,0.0
52.41828458252427,12.760294554216868,0.0
52.41828458252427,12.760437168674699,0.0
52.41828458252427,12.760579783132531,0.0
52.41828458252427,12.760722397590362,0.0
52.41828458252427,12.760865012048193,0.0
52.41828458252427,12.761007626506025,0.0
52.41828458252427,12.761150240963856,0.0
52.41828458252427,12.761292855421688,0.0
52.41828458252427,12.761435469879519,0.0
52.41828458252427,12.76157808433735,0.0
52.41828458252427,12.761720698795182,0.0
52.41828458252427,12.761863313253013,0.0
52.41828458252427,12.762005927710844,0.0
52.41828458252427,12.762148542168676,0.0
52.41828458252427,12.762291156626507,0.0
52.41828458252427,12.762433771084337,0.0
52.41828458252427,12.76257638554217,0.0
52.41828458252427,12.762719,0.0
52.41837732038835,12.750882,0.0
52.41837732038835,12.751024614457831,0.0
52.41837732038835,12.751167228915664,0.0
52.41837732038835,12.751309843373495,0.0
52.41837732038835,12.751452457831325,0.0
52.41837732038835,12.751595072289158,0.0
52.41837732038835,12.751737686746988,0.0
52.41837732038835,12.75188030120482,0.0
52.41837732038835,12.752022915662652,0.0
52.41837732038835,12.752165530120482,0.0
52.41837732038835,12.752308144578313,0.0
52.41837732038835,12.752450759036146,0.0
52.41837732038835,12.752593373493976,0.0
52.41837732038835,12.752735987951809,0.0
52.41837732038835,12.75287860240964,0.0
52.41837732038835,12.75302121686747,0.0
52.41837732038835,12.753163831325303,0.0
52.41837732038835,12.753306445783133,0.0
52.41837732038835,12.753449060240964,0.0
52.41837732038835,12.753591674698797,0.0
52.41837732038835,12.753734289156627,0.0
52.41837732038835,12.753876903614458,0.0
52.41837732038835,12.75401951807229,0.0
52.41837732038835,12.754162132530121,0.0
52.41837732038835,12.754304746987952,0.0
52.41837732038835,12.754447361445784,0.0
52.41837732038835,12.754589975903615,0.0
52.41837732038835,12.754732590361446,0.0
52.41837732038835,12.754875204819278,0.0
52.41837732038835,12.755017819277109,0.0
52.41837732038835,12.75516043373494,0.0
52.41837732038835,12.755303048192772,0.0
52.41837732038835,12.755445662650603,0.0
52.41837732038835,12.755588277108435,0.0
52.41837732038835,12.755730891566266,0.0
52.41837732038835,12.755873506024097,0.0
52.41837732038835,12.75601612048193,0.0
52.41837732038835,12.75615873493976,0.0
52.41837732038835,12.75630134939759,0.0
52.41837732038835,12.756443963855423,0.0
52.41837732038835,12.756586578313254,0.0
52.41837732038835,12.756729192771084,0.0
52.41837732038835,12.756871807228917,0.0
52.41837732038835,12.757014421686748,0.0
52.41837732038835,12.757157036144578,0.0
52.41837732038835,12.75729965060241,0.0
52.41837732038835,12.757442265060241,0.0
52.41837732038835,12.757584879518072,0.0
52.41837732038835,12.757727493975905,0.0
52.41837732038835,12.757870108433735,0.0
52.41837732038835,12.758012722891566,0.0
52.41837732038835,12.758155337349399,0.0
52.41837732038835,12.75829795180723,0.0
52.41837732038835,12.758440566265062,0.0
52.41837732038835,12.758583180722892,0.0
52.41837732038835,12.758725795180723,0.0
52.41837732038835,12.758868409638556,0.0
52.41837732038835,12.759011024096386,0.0
52.41837732038835,12.759153638554217,0.0
52.41837732038835,12.75929625301205,0.0
52.41837732038835,12.75943886746988,0.0
52.41837732038835,12.759581481927711,0.0
52.41837732038835,12.759724096385543,0.0
52.41837732038835,12.759866710843374,0.0
52.41837732038835,12.760009325301205,0.0
52.41837732038835,12.760151939759037,0.0
52.41837732038835,12.760294554216868,0.0
52.41837732038835,12.760437168674699,0.0
52.41837732038835,12.760579783132531,0.0
52.41837732038835,12.760722397590362,0.0
52.41837732038835,12.760865012048193,0.0
52.41837732038835,12.761007626506025,0.0
52.41837732038835,12.761150240963856,0.0
52.41837732038835,12.761292855421688,0.0
52.41837732038835,12.761435469879519,0.0
52.41837732038835,12.76157808433735,0.0
52.41837732038835,12.761720698795182,0.0
52.41837732038835,12.761863313253013,0.0
52.41837732038835,12.762005927710844,0.0
52.41837732038835,12.762148542168676,0.0
52.41837732038835,12.762291156626507,0.0
52.41837732038835,12.762433771084337,0.0
52.41837732038835,12.76257638554217,0.0
52.41837732038835,12.762719,0.0
52.41847005825243,12.750882,0.0
52.41847005825243,12.751024614457831,0.0
52.41847005825243,12.751167228915664,0.0
52.41847005825243,12.751309843373495,0.0
52.41847005825243,12.751452457831325,0.0
52.41847005825243,12.751595072289158,0.0
52.41847005825243,12.751737686746988,0.0
52.41847005825243,12.75188030120482,0.0
52.41847005825243,12.752022915662652,0.0
52.41847005825243,12.752165530120482,0.0
52.41847005825243,12.752308144578313,0.0
52.41847005825243,12.752450759036146,0.0
52.41847005825243,12.752593373493976,0.0
52.41847005825243,12.752735987951809,0.0
52.41847005825243,12.75287860240964,0.0
52.41847005825243,12.75302121686747,0.0
52.41847005825243,12.753163831325303,0.0
52.41847005825243,12.753306445783133,0.0
52.41847005825243,12.753449060240964,0.0
52.41847005825243,12.753591674698797,0.0
52.41847005825243,12.753734289156627,0.0
52.41847005825243,12.753876903614458,0.0
52.41847005825243,12.75401951807229,0.0
52.41847005825243,12.754162132530121,0.0
52.41847005825243,12.754304746987952,0.0
52.41847005825243,12.754447361445784,0.0
52.41847005825243,12.754589975903615,0.0
52.41847005825243,12.754732590361446,0.0
52.41847005825243,12.754875204819278,0.0
52.41847005825243,12.755017819277109,0.0
52.41847005825243,12.75516043373494,0.0
52.41847005825243,12.755303048192772,0.0
52.41847005825243,12.755445662650603,0.0
52.41847005825243,12.755588277108435,0.0
52.41847005825243,12.755730891566266,0.0
52.41847005825243,12.755873506024097,0.0
52.41847005825243,12.75601612048193,0.0
52.41847005825243,12.75615873493976,0.0
52.41847005825243,12.75630134939759,0.0
52.41847005825243,12.756443963855423,0.0
52.41847005825243,12.756586578313254,0.0
52.41847005825243,12.756729192771084,0.0
52.41847005825243,12.756871807228917,0.0
52.41847005825243,12.757014421686748,0.0
52.41847005825243,12.757157036144578,0.0
52.41847005825243,12.75729965060241,0.0
52.41847005825243,12.757442265060241,0.0
52.41847005825243,12.757584879518072,0.0
52.41847005825243,12.757727493975905,0.0
52.41847005825243,12.757870108433735,0.0
52.41847005825243,12.758012722891566,0.0
52.41847005825243,12.758155337349399,0.0
52.41847005825243,12.75829795180723,0.0
52.41847005825243,12.758440566265062,0.0
52.41847005825243,12.758583180722892,0.0
52.41847005825243,12.758725795180723,0.0
52.41847005825243,12.758868409638556,0.0
52.41847005825243,12.759011024096386,0.0
52.41847005825243,12.759153638554217,0.0
52.41847005825243,12.75929625301205,0.0
52.41847005825243,12.75943886746988,0.0
52.41847005825243,12.759581481927711,0.0
52.41847005825243,12.759724096385543,0.0
52.41847005825243,12.759866710843374,0.0
52.41847005825243,12.760009325301205,0.0
52.41847005825243,12.760151939759037,0.0
52.41847005825243,12.760294554216868,0.0
52.41847005825243,12.760437168674699,0.0
52.41847005825243,12.760579783132531,0.0
52.41847005825243,12.760722397590362,0.0
52.41847005825243,12.760865012048193,0.0
52.41847005825243,12.761007626506025,0.0
52.41847005825243,12.761150240963856,0.0
52.41847005825243,12.761292855421688,0.0
52.41847005825243,12.761435469879519,0.0
52.41847005825243,12.76157808433735,0.0
52.41847005825243,12.761720698795182,0.0
52.41847005825243,12.761863313253013,0.0
52.41847005825243,12.762005927710844,0.0
52.41847005825243,12.762148542168676,0.0
52.41847005825243,12.762291156626507,0.0
52.41847005825243,12.762433771084337,0.0
52.41847005825243,12.76257638554217,0.0
52.41847005825243,12.762719,0.0
52.418562796116504,12.750882,0.0
52.418562796116504,12.751024614457831,0.0
52.418562796116504,12.751167228915664,0.0
52.418562796116504,12.751309843373495,0.0
52.418562796116504,12.751452457831325,0.0
52.418562796116504,12.751595072289158,0.0
52.418562796116504,12.751737686746988,0.0
52.418562796116504,12.75188030120482,0.0
52.418562796116504,12.752022915662652,0.0
52.418562796116504,12.752165530120482,0.0
52.418562796116504,12.752308144578313,0.0
52.418562796116504,12.752450759036146,0.0
52.418562796116504,12.752593373493976,0.0
52.418562796116504,12.752735987951809,0.0
52.418562796116504,12.75287860240964,0.0
52.418562796116504,12.75302121686747,0.0
52.418562796116504,12.753163831325303,0.0
52.418562796116504,12.753306445783133,0.0
52.418562796116504,12.753449060240964,0.0
52.418562796116504,12.753591674698797,0.0
52.418562796116504,12.753734289156627,0.0
52.418562796116504,12.753876903614458,0.0
52.418562796116504,12.75401951807229,0.0
52.418562796116504,12.754162132530121,0.0
52.418562796116504,12.754304746987952,0.0
52.418562796116504,12.754447361445784,0.0
52.418562796116504,12.754589975903615,0.0
52.418562796116504,12.754732590361446,0.0
52.418562796116504,12.754875204819278,0.0
52.418562796116504,12.755017819277109,0.0
52.418562796116504,12.75516043373494,0.0
52.418562796116504,12.755303048192772,0.0
52.418562796116504,12.755445662650603,0.0
52.418562796116504,12.755588277108435,0.0
52.418562796116504,12.755730891566266,0.0
52.418562796116504,12.755873506024097,0.0
52.418562796116504,12.75601612048193,0.0
52.418562796116504,12.75615873493976,0.0
52.418562796116504,12.75630134939759,0.0
52.418562796116504,12.756443963855423,0.0
52.418562796116504,12.756586578313254,0.0
52.418562796116504,12.756729192771084,0.0
52.418562796116504,12.756871807228917,0.0
52.418562796116504,12.757014421686748,0.0
52.418562796116504,12.757157036144578,0.0
52.418562796116504,12.75729965060241,0.0
52.418562796116504,12.757442265060241,0.0
52.418562796116504,12.757584879518072,0.0
52.418562796116504,12.757727493975905,0.0
52.418562796116504,12.757870108433735,0.0
52.418562796116504,12.758012722891566,0.0
52.418562796116504,12.758155337349399,0.0
52.418562796116504,12.75829795180723,0.0
52.418562796116504,12.758440566265062,0.0
52.418562796116504,12.758583180722892,0.0
52.418562796116504,12.758725795180723,0.0
52.418562796116504,12.758868409638556,0.0
52.418562796116504,12.759011024096386,0.0
52.418562796116504,12.759153638554217,0.0
52.418562796116504,12.75929625301205,0.0
52.418562796116504,12.75943886746988,0.0
52.418562796116504,12.759581481927711,0.0
52.418562796116504,12.759724096385543,0.0
52.418562796116504,12.759866710843374,0.0
52.418562796116504,12.760009325301205,0.0
52.418562796116504,12.760151939759037,0.0
52.418562796116504,12.760294554216868,0.0
52.418562796116504,12.760437168674699,0.0
52.418562796116504,12.760579783132531,0.0
52.418562796116504,12.760722397590362,0.0
52.418562796116504,12.760865012048193,0.0
52.418562796116504,12.761007626506025,0.0
52.418562796116504,12.761150240963856,0.0
52.418562796116504,12.761292855421688,0.0
52.418562796116504,12.761435469879519,0.0
52.418562796116504,12.76157808433735,0.0
52.418562796116504,12.761720698795182,0.0
52.418562796116504,12.761863313253013,0.0
52.418562796116504,12.762005927710844,0.0
52.418562796116504,12.762148542168676,0.0
52.418562796116504,12.762291156626507,0.0
52.418562796116504,12.762433771084337,0.0
52.418562796116504,12.76257638554217,0.0
52.418562796116504,12.762719,0.0
52.41865553398058,12.750882,0.0
52.41865553398058,12.751024614457831,0.0
52.41865553398058,12.751167228915664,0.0
52.41865553398058,12.751309843373495,0.0
52.41865553398058,12.751452457831325,0.0
52.41865553398058,12.751595072289158,0.0
52.41865553398058,12.751737686746988,0.0
52.41865553398058,12.75188030120482,0.0
52.41865553398058,12.752022915662652,0.0
52.41865553398058,12.752165530120482,0.0
52.41865553398058,12.752308144578313,0.0
52.41865553398058,12.752450759036146,0.0
52.41865553398058,12.752593373493976,0.0
52.41865553398058,12.752735987951809,0.0
52.41865553398058,12.75287860240964,0.0
52.41865553398058,12.75302121686747,0.0
52.41865553398058,12.753163831325303,0.0
52.41865553398058,12.753306445783133,0.0
52.41865553398058,12.753449060240964,0.0
52.41865553398058,12.753591674698797,0.0
52.41865553398058,12.753734289156627,0.0
52.41865553398058,12.753876903614458,0.0
52.41865553398058,12.75401951807229,0.0
52.41865553398058,12.754162132530121,0.0
52.41865553398058,12.754304746987952,0.0
52.41865553398058,12.754447361445784,0.0
52.41865553398058,12.754589975903615,0.0
52.41865553398058,12.754732590361446,0.0
52.41865553398058,12.754875204819278,0.0
52.41865553398058,12.755017819277109,0.0
52.41865553398058,12.75516043373494,0.0
52.41865553398058,12.755303048192772,0.0
52.41865553398058,12.755445662650603,0.0
52.41865553398058,12.755588277108435,0.0
52.41865553398058,12.755730891566266,0.0
52.41865553398058,12.755873506024097,0.0
52.41865553398058,12.75601612048193,0.0
52.41865553398058,12.75615873493976,0.0
52.41865553398058,12.75630134939759,0.0
52.41865553398058,12.756443963855423,0.0
52.41865553398058,12.756586578313254,0.0
52.41865553398058,12.756729192771084,0.0
52.41865553398058,12.756871807228917,0.0
52.41865553398058,12.757014421686748,0.0
52.41865553398058,12.757157036144578,0.0
52.41865553398058,12.75729965060241,0.0
52.41865553398058,12.757442265060241,0.0
52.41865553398058,12.757584879518072,0.0
52.41865553398058,12.757727493975905,0.0
52.41865553398058,12.757870108433735,0.0
52.41865553398058,12.758012722891566,0.0
52.41865553398058,12.758155337349399,0.0
52.41865553398058,12.75829795180723,0.0
52.41865553398058,12.758440566265062,0.0
52.41865553398058,12.758583180722892,0.0
52.41865553398058,12.758725795180723,0.0
52.41865553398058,12.758868409638556,0.0
52.41865553398058,12.759011024096386,0.0
52.41865553398058,12.759153638554217,0.0
52.41865553398058,12.75929625301205,0.0
52.41865553398058,12.75943886746988,0.0
52.41865553398058,12.759581481927711,0.0
52.41865553398058,12.759724096385543,0.0
52.41865553398058,12.759866710843374,0.0
52.41865553398058,12.760009325301205,0.0
52.41865553398058,12.760151939759037,0.0
52.41865553398058,12.760294554216868,0.0
52.41865553398058,12.760437168674699,0.0
52.41865553398058,12.760579783132531,0.0
52.41865553398058,12.760722397590362,0.0
52.41865553398058,12.760865012048193,0.0
52.41865553398058,12.761007626506025,0.0
52.41865553398058,12.761150240963856,0.0
52.41865553398058,12.761292855421688,0.0
52.41865553398058,12.761435469879519,0.0
52.41865553398058,12.76157808433735,0.0
52.41865553398058,12.761720698795182,0.0
52.41865553398058,12.761863313253013,0.0
52.41865553398058,12.762005927710844,0.0
52.41865553398058,12.762148542168676,0.0
52.41865553398058,12.762291156626507,0.0
52.41865553398058,12.762433771084337,0.0
52.41865553398058,12.76257638554217,0.0
52.41865553398058,12.762719,0.0
52.41874827184466,12.750882,0.0
52.41874827184466,12.751024614457831,0.0
52.41874827184466,12.751167228915664,0.0
52.41874827184466,12.751309843373495,0.0
52.41874827184466,12.751452457831325,0.0
52.41874827184466,12.751595072289158,0.0
52.41874827184466,12.751737686746988,0.0
52.41874827184466,12.75188030120482,0.0
52.41874827184466,12.752022915662652,0.0
52.41874827184466,12.752165530120482,0.0
52.41874827184466,12.752308144578313,0.0
52.41874827184466,12.752450759036146,0.0
52.41874827184466,12.752593373493976,0.0
52.41874827184466,12.752735987951809,0.0
52.41874827184466,12.75287860240964,0.0
52.41874827184466,12.75302121686747,0.0
52.41874827184466,12.753163831325303,0.0
52.41874827184466,12.753306445783133,0.0
52.41874827184466,12.753449060240964,0.0
52.41874827184466,12.753591674698797,0.0
52.41874827184466,12.753734289156627,0.0
52.41874827184466,12.753876903614458,0.0
52.41874827184466,12.75401951807229,0.0
52.41874827184466,12.754162132530121,0.0
52.41874827184466,12.754304746987952,0.0
52.41874827184466,12.754447361445784,0.0
52.41874827184466,12.754589975903615,0.0
52.41874827184466,12.754732590361446,0.0
52.41874827184466,12.754875204819278,0.0
52.41874827184466,12.755017819277109,0.0
52.41874827184466,12.75516043373494,0.0
52.41874827184466,12.755303048192772,0.0
52.41874827184466,12.755445662650603,0.0
52.41874827184466,12.755588277108435,0.0
52.41874827184466,12.755730891566266,0.0
52.41874827184466,12.755873506024097,0.0
52.41874827184466,12.75601612048193,0.0
52.41874827184466,12.75615873493976,0.0
52.41874827184466,12.75630134939759,0.0
52.41874827184466,12.756443963855423,0.0
52.41874827184466,12.756586578313254,0.0
52.41874827184466,12.756729192771084,0.0
52.41874827184466,12.756871807228917,0.0
52.41874827184466,12.757014421686748,0.0
52.41874827184466,12.757157036144578,0.0
52.41874827184466,12.75729965060241,0.0
52.41874827184466,12.757442265060241,0.0
52.41874827184466,12.757584879518072,0.0
52.41874827184466,12.757727493975905,0.0
52.41874827184466,12.757870108433735,0.0
52.41874827184466,12.758012722891566,0.0
52.41874827184466,12.758155337349399,0.0
52.41874827184466,12.75829795180723,0.0
52.41874827184466,12.758440566265062,0.0
52.41874827184466,12.758583180722892,0.0
52.41874827184466,12.758725795180723,0.0
52.41874827184466,12.758868409638556,0.0
52.41874827184466,12.759011024096386,0.0
52.41874827184466,12.759153638554217,0.0
52.41874827184466,12.75929625301205,0.0
52.41874827184466,12.75943886746988,0.0
52.41874827184466,12.759581481927711,0.0
52.41874827184466,12.759724096385543,0.0
52.41874827184466,12.759866710843374,0.0
52.41874827184466,12.760009325301205,0.0
52.41874827184466,12.760151939759037,0.0
52.41874827184466,12.760294554216868,0.0
52.41874827184466,12.760437168674699,0.0
52.41874827184466,12.760579783132531,0.0
52.41874827184466,12.760722397590362,0.0
52.41874827184466,12.760865012048193,0.0
52.41874827184466,12.761007626506025,0.0
52.41874827184466,12.761150240963856,0.0
52.41874827184466,12.761292855421688,0.0
52.41874827184466,12.761435469879519,0.0
52.41874827184466,12.76157808433735,0.0
52.41874827184466,12.761720698795182,0.0
52.41874827184466,12.761863313253013,0.0
52.41874827184466,12.762005927710844,0.0
52.41874827184466,12.762148542168676,0.0
52.41874827184466,12.762291156626507,0.0
52.41874827184466,12.762433771084337,0.0
52.41874827184466,12.76257638554217,0.0
52.41874827184466,12.762719,0.0
52.418841009708736,12.750882,0.0
52.418841009708736,12.751024614457831,0.0
52.418841009708736,12.751167228915664,0.0
52.418841009708736,12.751309843373495,0.0
52.418841009708736,12.751452457831325,0.0
52.418841009708736,12.751595072289158,0.0
52.418841009708736,12.751737686746988,0.0
52.418841009708736,12.75188030120482,0.0
52.418841009708736,12.752022915662652,0.0
52.418841009708736,12.752165530120482,0.0
52.418841009708736,12.752308144578313,0.0
52.418841009708736,12.752450759036146,0.0
52.418841009708736,12.752593373493976,0.0
52.418841009708736,12.752735987951809,0.0
52.418841009708736,12.75287860240964,0.0
52.418841009708736,12.75302121686747,0.0
52.418841009708736,12.753163831325303,0.0
52.418841009708736,12.753306445783133,0.0
52.418841009708736,12.753449060240964,0.0
52.418841009708736,12.753591674698797,0.0
52.418841009708736,12.753734289156627,0.0
52.418841009708736,12.753876903614458,0.0
52.418841009708736,12.75401951807229,0.0
52.418841009708736,12.754162132530121,0.0
52.418841009708736,12.754304746987952,0.0
52.418841009708736,12.754447361445784,0.0
52.418841009708736,12.754589975903615,0.0
52.418841009708736,12.754732590361446,0.0
52.418841009708736,12.754875204819278,0.0
52.418841009708736,12.755017819277109,0.0
52.418841009708736,12.75516043373494,0.0
52.418841009708736,12.755303048192772,0.0
52.418841009708736,12.755445662650603,0.0
52.418841009708736,12.755588277108435,0.0
52.418841009708736,12.755730891566266,0.0
52.418841009708736,12.755873506024097,0.0
52.418841009708736,12.75601612048193,0.0
52.418841009708736,12.75615873493976,0.0
52.418841009708736,12.75630134939759,0.0
52.418841009708736,12.756443963855423,0.0
52.418841009708736,12.756586578313254,0.0
52.418841009708736,12.756729192771084,0.0
52.418841009708736,12.756871807228917,0.0
52.418841009708736,12.757014421686748,0.0
52.418841009708736,12.757157036144578,0.0
52.418841009708736,12.75729965060241,0.0
52.418841009708736,12.757442265060241,0.0
52.418841009708736,12.757584879518072,0.0
52.418841009708736,12.757727493975905,0.0
52.418841009708736,12.757870108433735,0.0
52.418841009708736,12.758012722891566,0.0
52.418841009708736,12.758155337349399,0.0
52.418841009708736,12.75829795180723,0.0
52.418841009708736,12.758440566265062,0.0
52.418841009708736,12.758583180722892,0.0
52.418841009708736,12.758725795180723,0.0
52.418841009708736,12.758868409638556,0.0
52.418841009708736,12.759011024096386,0.0
52.418841009708736,12.759153638554217,0.0
52.418841009708736,12.75929625301205,0.0
52.418841009708736,12.75943886746988,0.0
52.418841009708736,12.759581481927711,0.0
52.418841009708736,12.759724096385543,0.0
52.418841009708736,12.759866710843374,0.0
52.418841009708736,12.760009325301205,0.0
52.418841009708736,12.760151939759037,0.0
52.418841009708736,12.760294554216868,0.0
52.418841009708736,12.760437168674699,0.0
52.418841009708736,12.760579783132531,0.0
52.418841009708736,12.760722397590362,0.0
52.418841009708736,12.760865012048193,0.0
52.418841009708736,12.761007626506025,0.0
52.418841009708736,12.761150240963856,0.0
52.418841009708736,12.761292855421688,0.0
52.418841009708736,12.761435469879519,0.0
52.418841009708736,12.76157808433735,0.0
52.418841009708736,12.761720698795182,0.0
52.418841009708736,12.761863313253013,0.0
52.418841009708736,12.762005927710844,0.0
52.418841009708736,12.762148542168676,0.0
52.418841009708736,12.762291156626507,0.0
52.418841009708736,12.762433771084337,0.0
52.418841009708736,12.76257638554217,0.0
52.418841009708736,12.762719,0.0
52.418933747572815,12.750882,0.0
52.418933747572815,12.751024614457831,0.0
52.418933747572815,12.751167228915664,0.0
52.418933747572815,12.751309843373495,0.0
52.418933747572815,12.751452457831325,0.0
52.418933747572815,12.751595072289158,0.0
52.418933747572815,12.751737686746988,0.0
52.418933747572815,12.75188030120482,0.0
52.418933747572815,12.752022915662652,0.0
52.418933747572815,12.752165530120482,0.0
52.418933747572815,12.752308144578313,0.0
52.418933747572815,12.752450759036146,0.0
52.418933747572815,12.752593373493976,0.0
52.418933747572815,12.752735987951809,0.0
52.418933747572815,12.75287860240964,0.0
52.418933747572815,12.75302121686747,0.0
52.418933747572815,12.753163831325303,0.0
52.418933747572815,12.753306445783133,0.0
52.418933747572815,12.753449060240964,0.0
52.418933747572815,12.753591674698797,0.0
52.418933747572815,12.753734289156627,0.0
52.418933747572815,12.753876903614458,0.0
52.418933747572815,12.75401951807229,0.0
52.418933747572815,12.754162132530121,0.0
52.418933747572815,12.754304746987952,0.0
52.418933747572815,12.754447361445784,0.0
52.418933747572815,12.754589975903615,0.0
52.418933747572815,12.754732590361446,0.0
52.418933747572815,12.754875204819278,0.0
52.418933747572815,12.755017819277109,0.0
52.418933747572815,12.75516043373494,0.0
52.418933747572815,12.755303048192772,0.0
52.418933747572815,12.755445662650603,0.0
52.418933747572815,12.755588277108435,0.0
52.418933747572815,12.755730891566266,0.0
52.418933747572815,12.755873506024097,0.0
52.418933747572815,12.75601612048193,0.0
52.418933747572815,12.75615873493976,0.0
52.418933747572815,12.75630134939759,0.0
52.418933747572815,12.756443963855423,0.0
52.418933747572815,12.756586578313254,0.0
52.418933747572815,12.756729192771084,0.0
52.418933747572815,12.756871807228917,0.0
52.418933747572815,12.757014421686748,0.0
52.418933747572815,12.757157036144578,0.0
52.418933747572815,12.75729965060241,0.0
52.418933747572815,12.757442265060241,0.0
52.418933747572815,12.757584879518072,0.0
52.418933747572815,12.757727493975905,0.0
52.418933747572815,12.757870108433735,0.0
52.418933747572815,12.758012722891566,0.0
52.418933747572815,12.758155337349399,0.0
52.418933747572815,12.75829795180723,0.0
52.418933747572815,12.758440566265062,0.0
52.418933747572815,12.758583180722892,0.0
52.418933747572815,12.758725795180723,0.0
52.418933747572815,12.758868409638556,0.0
52.418933747572815,12.759011024096386,0.0
52.418933747572815,12.759153638554217,0.0
52.418933747572815,12.75929625301205,0.0
52.418933747572815,12.75943886746988,0.0
52.418933747572815,12.759581481927711,0.0
52.418933747572815,12.759724096385543,0.0
52.418933747572815,12.759866710843374,0.0
52.418933747572815,12.760009325301205,0.0
52.418933747572815,12.760151939759037,0.0
52.418933747572815,12.760294554216868,0.0
52.418933747572815,12.760437168674699,0.0
52.418933747572815,12.760579783132531,0.0
52.418933747572815,12.760722397590362,0.0
52.418933747572815,12.760865012048193,0.0
52.418933747572815,12.761007626506025,0.0
52.418933747572815,12.761150240963856,0.0
52.418933747572815,12.761292855421688,0.0
52.418933747572815,12.761435469879519,0.0
52.418933747572815,12.76157808433735,0.0
52.418933747572815,12.761720698795182,0.0
52.418933747572815,12.761863313253013,0.0
52.418933747572815,12.762005927710844,0.0
52.418933747572815,12.762148542168676,0.0
52.418933747572815,12.762291156626507,0.0
52.418933747572815,12.762433771084337,0.0
52.418933747572815,12.76257638554217,0.0
52.418933747572815,12.762719,0.0
52.419026485436895,12.750882,0.0
52.419026485436895,12.751024614457831,0.0
52.419026485436895,12.751167228915664,0.0
52.419026485436895,12.751309843373495,0.0
52.419026485436895,12.751452457831325,0.0
52.419026485436895,12.751595072289158,0.0
52.419026485436895,12.751737686746988,0.0
52.419026485436895,12.75188030120482,0.0
52.419026485436895,12.752022915662652,0.0
52.419026485436895,12.752165530120482,0.0
52.419026485436895,12.752308144578313,0.0
52.419026485436895,12.752450759036146,0.0
52.419026485436895,12.752593373493976,0.0
52.419026485436895,12.752735987951809,0.0
52.419026485436895,12.75287860240964,0.0
52.419026485436895,12.75302121686747,0.0
52.419026485436895,12.753163831325303,0.0
52.419026485436895,12.753306445783133,0.0
52.419026485436895,12.753449060240964,0.0
52.419026485436895,12.753591674698797,0.0
52.419026485436895,12.753734289156627,0.0
52.419026485436895,12.753876903614458,0.0
52.419026485436895,12.75401951807229,0.0
52.419026485436895,12.754162132530121,0.0
52.419026485436895,12.754304746987952,0.0
52.419026485436895,12.754447361445784,0.0
52.419026485436895,12.754589975903615,0.0
52.419026485436895,12.754732590361446,0.0
52.419026485436895,12.754875204819278,0.0
52.419026485436895,12.755017819277109,0.0
52.419026485436895,12.75516043373494,0.0
52.419026485436895,12.755303048192772,0.0
52.419026485436895,12.755445662650603,0.0
52.419026485436895,12.755588277108435,0.0
52.419026485436895,12.755730891566266,0.0
52.419026485436895,12.755873506024097,0.0
52.419026485436895,12.75601612048193,0.0
52.419026485436895,12.75615873493976,0.0
52.419026485436895,12.75630134939759,0.0
52.419026485436895,12.756443963855423,0.0
52.419026485436895,12.756586578313254,0.0
52.419026485436895,12.756729192771084,0.0
52.419026485436895,12.756871807228917,0.0
52.419026485436895,12.757014421686748,0.0
52.419026485436895,12.757157036144578,0.0
52.419026485436895,12.75729965060241,0.0
52.419026485436895,12.757442265060241,0.0
52.419026485436895,12.757584879518072,0.0
52.419026485436895,12.757727493975905,0.0
52.419026485436895,12.757870108433735,0.0
52.419026485436895,12.758012722891566,0.0
52.419026485436895,12.758155337349399,0.0
52.419026485436895,12.75829795180723,0.0
52.419026485436895,12.758440566265062,0.0
52.419026485436895,12.758583180722892,0.0
52.419026485436895,12.758725795180723,0.0
52.419026485436895,12.758868409638556,0.0
52.419026485436895,12.759011024096386,0.0
52.419026485436895,12.759153638554217,0.0
52.419026485436895,12.75929625301205,0.0
52.419026485436895,12.75943886746988,0.0
52.419026485436895,12.759581481927711,0.0
52.419026485436895,12.759724096385543,0.0
52.419026485436895,12.759866710843374,0.0
52.419026485436895,12.760009325301205,0.0
52.419026485436895,12.760151939759037,0.0
52.419026485436895,12.760294554216868,0.0
52.419026485436895,12.760437168674699,0.0
52.419026485436895,12.760579783132531,0.0
52.419026485436895,12.760722397590362,0.0
52.419026485436895,12.760865012048193,0.0
52.419026485436895,12.761007626506025,0.0
52.419026485436895,12.761150240963856,0.0
52.419026485436895,12.761292855421688,0.0
52.419026485436895,12.761435469879519,0.0
52.419026485436895,12.76157808433735,0.0
52.419026485436895,12.761720698795182,0.0
52.419026485436895,12.761863313253013,0.0
52.419026485436895,12.762005927710844,0.0
52.419026485436895,12.762148542168676,0.0
52.419026485436895,12.762291156626507,0.0
52.419026485436895,12.762433771084337,0.0
52.419026485436895,12.76257638554217,0.0
52.419026485436895,12.762719,0.0
52.419119223300974,12.750882,0.0
52.419119223300974,12.751024614457831,0.0
52.419119223300974,12.751167228915664,0.0
52.419119223300974,12.751309843373495,0.0
52.419119223300974,12.751452457831325,0.0
52.419119223300974,12.751595072289158,0.0
52.419119223300974,12.751737686746988,0.0
52.419119223300974,12.75188030120482,0.0
52.419119223300974,12.752022915662652,0.0
52.419119223300974,12.752165530120482,0.0
52.419119223300974,12.752308144578313,0.0
52.419119223300974,12.752450759036146,0.0
52.419119223300974,12.752593373493976,0.0
52.419119223300974,12.752735987951809,0.0
52.419119223300974,12.75287860240964,0.0
52.419119223300974,12.75302121686747,0.0
52.419119223300974,12.753163831325303,0.0
52.419119223300974,12.753306445783133,0.0
52.419119223300974,12.753449060240964,0.0
52.419119223300974,12.753591674698797,0.0
52.419119223300974,12.753734289156627,0.0
52.419119223300974,12.753876903614458,0.0
52.419119223300974,12.75401951807229,0.0
52.419119223300974,12.754162132530121,0.0
52.419119223300974,12.754304746987952,0.0
52.419119223300974,12.754447361445784,0.0
52.419119223300974,12.754589975903615,0.0
52.419119223300974,12.754732590361446,0.0
52.419119223300974,12.754875204819278,0.0
52.419119223300974,12.755017819277109,0.0
52.419119223300974,12.75516043373494,0.0
52.419119223300974,12.755303048192772,0.0
52.419119223300974,12.755445662650603,0.0
52.419119223300974,12.755588277108435,0.0
52.419119223300974,12.755730891566266,0.0
52.419119223300974,12.755873506024097,0.0
52.419119223300974,12.75601612048193,0.0
52.419119223300974,12.75615873493976,0.0
52.419119223300974,12.75630134939759,0.0
52.419119223300974,12.756443963855423,0.0
52.419119223300974,12.756586578313254,0.0
52.419119223300974,12.756729192771084,0.0
52.419119223300974,12.756871807228917,0.0
52.419119223300974,12.757014421686748,0.0
52.419119223300974,12.757157036144578,0.0
52.419119223300974,12.75729965060241,0.0
52.419119223300974,12.757442265060241,0.0
52.419119223300974,12.757584879518072,0.0
52.419119223300974,12.757727493975905,0.0
52.419119223300974,12.757870108433735,0.0
52.419119223300974,12.758012722891566,0.0
52.419119223300974,12.758155337349399,0.0
52.419119223300974,12.75829795180723,0.0
52.419119223300974,12.758440566265062,0.0
52.419119223300974,12.758583180722892,0.0
52.419119223300974,12.758725795180723,0.0
52.419119223300974,12.758868409638556,0.0
52.419119223300974,12.759011024096386,0.0
52.419119223300974,12.759153638554217,0.0
52.419119223300974,12.75929625301205,0.0
52.419119223300974,12.75943886746988,0.0
52.419119223300974,12.759581481927711,0.0
52.419119223300974,12.759724096385543,0.0
52.419119223300974,12.759866710843374,0.0
52.419119223300974,12.760009325301205,0.0
52.419119223300974,12.760151939759037,0.0
52.419119223300974,12.760294554216868,0.0
52.419119223300974,12.760437168674699,0.0
52.419119223300974,12.760579783132531,0.0
52.419119223300974,12.760722397590362,0.0
52.419119223300974,12.760865012048193,0.0
52.419119223300974,12.761007626506025,0.0
52.419119223300974,12.761150240963856,0.0
52.419119223300974,12.761292855421688,0.0
52.419119223300974,12.761435469879519,0.0
52.419119223300974,12.76157808433735,0.0
52.419119223300974,12.761720698795182,0.0
52.419119223300974,12.761863313253013,0.0
52.419119223300974,12.762005927710844,0.0
52.419119223300974,12.762148542168676,0.0
52.419119223300974,12.762291156626507,0.0
52.419119223300974,12.762433771084337,0.0
52.419119223300974,12.76257638554217,0.0
52.419119223300974,12.762719,0.0
52.41921196116505,12.750882,0.0
52.41921196116505,12.751024614457831,0.0
52.41921196116505,12.751167228915664,0.0
52.41921196116505,12.751309843373495,0.0
52.41921196116505,12.751452457831325,0.0
52.41921196116505,12.751595072289158,0.0
52.41921196116505,12.751737686746988,0.0
52.41921196116505,12.75188030120482,0.0
52.41921196116505,12.752022915662652,0.0
52.41921196116505,12.752165530120482,0.0
52.41921196116505,12.752308144578313,0.0
52.41921196116505,12.752450759036146,0.0
52.41921196116505,12.752593373493976,0.0
52.41921196116505,12.752735987951809,0.0
52.41921196116505,12.75287860240964,0.0
52.41921196116505,12.75302121686747,0.0
52.41921196116505,12.753163831325303,0.0
52.41921196116505,12.753306445783133,0.0
52.41921196116505,12.753449060240964,0.0
52.41921196116505,12.753591674698797,0.0
52.41921196116505,12.753734289156627,0.0
52.41921196116505,12.753876903614458,0.0
52.41921196116505,12.75401951807229,0.0
52.41921196116505,12.754162132530121,0.0
52.41921196116505,12.754304746987952,0.0
52.41921196116505,12.754447361445784,0.0
52.41921196116505,12.754589975903615,0.0
52.41921196116505,12.754732590361446,0.0
52.41921196116505,12.754875204819278,0.0
52.41921196116505,12.755017819277109,0.0
52.41921196116505,12.75516043373494,0.0
52.41921196116505,12.755303048192772,0.0
52.41921196116505,12.755445662650603,0.0
52.41921196116505,12.755588277108435,0.0
52.41921196116505,12.755730891566266,0.0
52.41921196116505,12.755873506024097,0.0
52.41921196116505,12.75601612048193,0.0
52.41921196116505,12.75615873493976,0.0
52.41921196116505,12.75630134939759,0.0
52.41921196116505,12.756443963855423,0.0
52.41921196116505,12.756586578313254,0.0
52.41921196116505,12.756729192771084,0.0
52.41921196116505,12.756871807228917,0.0
52.41921196116505,12.757014421686748,0.0
52.41921196116505,12.757157036144578,0.0
52.41921196116505,12.75729965060241,0.0
52.41921196116505,12.757442265060241,0.0
52.41921196116505,12.757584879518072,0.0
52.41921196116505,12.757727493975905,0.0
52.41921196116505,12.757870108433735,0.0
52.41921196116505,12.758012722891566,0.0
52.41921196116505,12.758155337349399,0.0
52.41921196116505,12.75829795180723,0.0
52.41921196116505,12.758440566265062,0.0
52.41921196116505,12.758583180722892,0.0
52.41921196116505,12.758725795180723,0.0
52.41921196116505,12.758868409638556,0.0
52.41921196116505,12.759011024096386,0.0
52.41921196116505,12.759153638554217,0.0
52.41921196116505,12.75929625301205,0.0
52.41921196116505,12.75943886746988,0.0
52.41921196116505,12.759581481927711,0.0
52.41921196116505,12.759724096385543,0.0
52.41921196116505,12.759866710843374,0.0
52.41921196116505,12.760009325301205,0.0
52.41921196116505,12.760151939759037,0.0
52.41921196116505,12.760294554216868,0.0
52.41921196116505,12.760437168674699,0.0
52.41921196116505,12.760579783132531,0.0
52.41921196116505,12.760722397590362,0.0
52.41921196116505,12.760865012048193,0.0
52.41921196116505,12.761007626506025,0.0
52.41921196116505,12.761150240963856,0.0
52.41921196116505,12.761292855421688,0.0
52.41921196116505,12.761435469879519,0.0
52.41921196116505,12.76157808433735,0.0
52.41921196116505,12.761720698795182,0.0
52.41921196116505,12.761863313253013,0.0
52.41921196116505,12.762005927710844,0.0
52.41921196116505,12.762148542168676,0.0
52.41921196116505,12.762291156626507,0.0
52.41921196116505,12.762433771084337,0.0
52.41921196116505,12.76257638554217,0.0
52.41921196116505,12.762719,0.0
52.41930469902913,12.750882,0.0
52.41930469902913,12.751024614457831,0.0
52.41930469902913,12.751167228915664,0.0
52.41930469902913,12.751309843373495,0.0
52.41930469902913,12.751452457831325,0.0
52.41930469902913,12.751595072289158,0.0
52.41930469902913,12.751737686746988,0.0
52.41930469902913,12.75188030120482,0.0
52.41930469902913,12.752022915662652,0.0
52.41930469902913,12.752165530120482,0.0
52.41930469902913,12.752308144578313,0.0
52.41930469902913,12.752450759036146,0.0
52.41930469902913,12.752593373493976,0.0
52.41930469902913,12.752735987951809,0.0
52.41930469902913,12.75287860240964,0.0
52.41930469902913,12.75302121686747,0.0
52.41930469902913,12.753163831325303,0.0
52.41930469902913,12.753306445783133,0.0
52.41930469902913,12.753449060240964,0.0
52.41930469902913,12.753591674698797,0.0
52.41930469902913,12.753734289156627,0.0
52.41930469902913,12.753876903614458,0.0
52.41930469902913,12.75401951807229,0.0
52.41930469902913,12.754162132530121,0.0
52.41930469902913,12.754304746987952,0.0
52.41930469902913,12.754447361445784,0.0
52.41930469902913,12.754589975903615,0.0
52.41930469902913,12.754732590361446,0.0
52.41930469902913,12.754875204819278,0.0
52.41930469902913,12.755017819277109,0.0
52.41930469902913,12.75516043373494,0.0
52.41930469902913,12.755303048192772,0.0
52.41930469902913,12.755445662650603,0.0
52.41930469902913,12.755588277108435,0.0
52.41930469902913,12.755730891566266,0.0
52.41930469902913,12.755873506024097,0.0
52.41930469902913,12.75601612048193,0.0
52.41930469902913,12.75615873493976,0.0
52.41930469902913,12.75630134939759,0.0
52.41930469902913,12.756443963855423,0.0
52.41930469902913,12.756586578313254,0.0
52.41930469902913,12.756729192771084,0.0
52.41930469902913,12.756871807228917,0.0
52.41930469902913,12.757014421686748,0.0
52.41930469902913,12.757157036144578,0.0
52.41930469902913,12.75729965060241,0.0
52.41930469902913,12.757442265060241,0.0
52.41930469902913,12.757584879518072,0.0
52.41930469902913,12.757727493975905,0.0
52.41930469902913,12.757870108433735,0.0
52.41930469902913,12.758012722891566,0.0
52.41930469902913,12.758155337349399,0.0
52.41930469902913,12.75829795180723,0.0
52.41930469902913,12.758440566265062,0.0
52.41930469902913,12.758583180722892,0.0
52.41930469902913,12.758725795180723,0.0
52.41930469902913,12.758868409638556,0.0
52.41930469902913,12.759011024096386,0.0
52.41930469902913,12.759153638554217,0.0
52.41930469902913,12.75929625301205,0.0
52.41930469902913,12.75943886746988,0.0
52.41930469902913,12.759581481927711,0.0
52.41930469902913,12.759724096385543,0.0
52.41930469902913,12.759866710843374,0.0
52.41930469902913,12.760009325301205,0.0
52.41930469902913,12.760151939759037,0.0
52.41930469902913,12.760294554216868,0.0
52.41930469902913,12.760437168674699,0.0
52.41930469902913,12.760579783132531,0.0
52.41930469902913,12.760722397590362,0.0
52.41930469902913,12.760865012048193,0.0
52.41930469902913,12.761007626506025,0.0
52.41930469902913,12.761150240963856,0.0
52.41930469902913,12.761292855421688,0.0
52.41930469902913,12.761435469879519,0.0
52.41930469902913,12.76157808433735,0.0
52.41930469902913,12.761720698795182,0.0
52.41930469902913,12.761863313253013,0.0
52.41930469902913,12.762005927710844,0.0
52.41930469902913,12.762148542168676,0.0
52.41930469902913,12.762291156626507,0.0
52.41930469902913,12.762433771084337,0.0
52.41930469902913,12.76257638554217,0.0
52.41930469902913,12.762719,0.0
52.419397436893206,12.750882,0.0
52.419397436893206,12.751024614457831,0.0
52.419397436893206,12.751167228915664,0.0
52.419397436893206,12.751309843373495,0.0
52.419397436893206,12.751452457831325,0.0
52.419397436893206,12.751595072289158,0.0
52.419397436893206,12.751737686746988,0.0
52.419397436893206,12.75188030120482,0.0
52.419397436893206,12.752022915662652,0.0
52.419397436893206,12.752165530120482,0.0
52.419397436893206,12.752308144578313,0.0
52.419397436893206,12.752450759036146,0.0
52.419397436893206,12.752593373493976,0.0
52.419397436893206,12.752735987951809,0.0
52.419397436893206,12.75287860240964,0.0
52.419397436893206,12.75302121686747,0.0
52.419397436893206,12.753163831325303,0.0
52.419397436893206,12.753306445783133,0.0
52.419397436893206,12.753449060240964,0.0
52.419397436893206,12.753591674698797,0.0
52.419397436893206,12.753734289156627,0.0
52.419397436893206,12.753876903614458,0.0
52.419397436893206,12.75401951807229,0.0
52.419397436893206,12.754162132530121,0.0
52.419397436893206,12.754304746987952,0.0
52.419397436893206,12.754447361445784,0.0
52.419397436893206,12.754589975903615,0.0
52.419397436893206,12.754732590361446,0.0
52.419397436893206,12.754875204819278,0.0
52.419397436893206,12.755017819277109,0.0
52.419397436893206,12.75516043373494,0.0
52.419397436893206,12.755303048192772,0.0
52.419397436893206,12.755445662650603,0.0
52.419397436893206,12.755588277108435,0.0
52.419397436893206,12.755730891566266,0.0
52.419397436893206,12.755873506024097,0.0
52.419397436893206,12.75601612048193,0.0
52.419397436893206,12.75615873493976,0.0
52.419397436893206,12.75630134939759,0.0
52.419397436893206,12.756443963855423,0.0
52.419397436893206,12.756586578313254,0.0
52.419397436893206,12.756729192771084,0.0
52.419397436893206,12.756871807228917,0.0
52.419397436893206,12.757014421686748,0.0
52.419397436893206,12.757157036144578,0.0
52.419397436893206,12.75729965060241,0.0
52.419397436893206,12.757442265060241,0.0
52.419397436893206,12.757584879518072,0.0
52.419397436893206,12.757727493975905,0.0
52.419397436893206,12.757870108433735,0.0
52.419397436893206,12.758012722891566,0.0
52.419397436893206,12.758155337349399,0.0
52.419397436893206,12.75829795180723,0.0
52.419397436893206,12.758440566265062,0.0
52.419397436893206,12.758583180722892,0.0
52.419397436893206,12.758725795180723,0.0
52.419397436893206,12.758868409638556,0.0
52.419397436893206,12.759011024096386,0.0
52.419397436893206,12.759153638554217,0.0
52.419397436893206,12.75929625301205,0.0
52.419397436893206,12.75943886746988,0.0
52.419397436893206,12.759581481927711,0.0
52.419397436893206,12.759724096385543,0.0
52.419397436893206,12.759866710843374,0.0
52.419397436893206,12.760009325301205,0.0
52.419397436893206,12.760151939759037,0.0
52.419397436893206,12.760294554216868,0.0
52.419397436893206,12.760437168674699,0.0
52.419397436893206,12.760579783132531,0.0
52.419397436893206,12.760722397590362,0.0
52.419397436893206,12.760865012048193,0.0
52.419397436893206,12.761007626506025,0.0
52.419397436893206,12.761150240963856,0.0
52.419397436893206,12.761292855421688,0.0
52.419397436893206,12.761435469879519,0.0
52.419397436893206,12.76157808433735,0.0
52.419397436893206,12.761720698795182,0.0
52.419397436893206,12.761863313253013,0.0
52.419397436893206,12.762005927710844,0.0
52.419397436893206,12.762148542168676,0.0
52.419397436893206,12.762291156626507,0.0
52.419397436893206,12.762433771084337,0.0
52.419397436893206,12.76257638554217,0.0
52.419397436893206,12.762719,0.0
52.419490174757286,12.750882,0.0
52.419490174757286,12.751024614457831,0.0
52.419490174757286,12.751167228915664,0.0
52.419490174757286,12.751309843373495,0.0
52.419490174757286,12.751452457831325,0.0
52.419490174757286,12.751595072289158,0.0
52.419490174757286,12.751737686746988,0.0
52.419490174757286,12.75188030120482,0.0
52.419490174757286,12.752022915662652,0.0
52.419490174757286,12.752165530120482,0.0
52.419490174757286,12.752308144578313,0.0
52.419490174757286,12.752450759036146,0.0
52.419490174757286,12.752593373493976,0.0
52.419490174757286,12.752735987951809,0.0
52.419490174757286,12.75287860240964,0.0
52.419490174757286,12.75302121686747,0.0
52.419490174757286,12.753163831325303,0.0
52.419490174757286,12.753306445783133,0.0
52.419490174757286,12.753449060240964,0.0
52.419490174757286,12.753591674698797,0.0
52.419490174757286,12.753734289156627,0.0
52.419490174757286,12.753876903614458,0.0
52.419490174757286,12.75401951807229,0.0
52.419490174757286,12.754162132530121,0.0
52.419490174757286,12.754304746987952,0.0
52.419490174757286,12.754447361445784,0.0
52.419490174757286,12.754589975903615,0.0
52.419490174757286,12.754732590361446,0.0
52.419490174757286,12.754875204819278,0.0
52.419490174757286,12.755017819277109,0.0
52.419490174757286,12.75516043373494,0.0
52.419490174757286,12.755303048192772,0.0
52.419490174757286,12.755445662650603,0.0
52.419490174757286,12.755588277108435,0.0
52.419490174757286,12.755730891566266,0.0
52.419490174757286,12.755873506024097,0.0
52.419490174757286,12.75601612048193,0.0
52.419490174757286,12.75615873493976,0.0
52.419490174757286,12.75630134939759,0.0
52.419490174757286,12.756443963855423,0.0
52.419490174757286,12.756586578313254,0.0
52.419490174757286,12.756729192771084,0.0
52.419490174757286,12.756871807228917,0.0
52.419490174757286,12.757014421686748,0.0
52.419490174757286,12.757157036144578,0.0
52.419490174757286,12.75729965060241,0.0
52.419490174757286,12.757442265060241,0.0
52.419490174757286,12.757584879518072,0.0
52.419490174757286,12.757727493975905,0.0
52.419490174757286,12.757870108433735,0.0
52.419490174757286,12.758012722891566,0.0
52.419490174757286,12.758155337349399,0.0
52.419490174757286,12.75829795180723,0.0
52.419490174757286,12.758440566265062,0.0
52.419490174757286,12.758583180722892,0.0
52.419490174757286,12.758725795180723,0.0
52.419490174757286,12.758868409638556,0.0
52.419490174757286,12.759011024096386,0.0
52.419490174757286,12.759153638554217,0.0
52.419490174757286,12.75929625301205,0.0
52.419490174757286,12.75943886746988,0.0
52.419490174757286,12.759581481927711,0.0
52.419490174757286,12.759724096385543,0.0
52.419490174757286,12.759866710843374,0.0
52.419490174757286,12.760009325301205,0.0
52.419490174757286,12.760151939759037,0.0
52.419490174757286,12.760294554216868,0.0
52.419490174757286,12.760437168674699,0.0
52.419490174757286,12.760579783132531,0.0
52.419490174757286,12.760722397590362,0.0
52.419490174757286,12.760865012048193,0.0
52.419490174757286,12.761007626506025,0.0
52.419490174757286,12.761150240963856,0.0
52.419490174757286,12.761292855421688,0.0
52.419490174757286,12.761435469879519,0.0
52.419490174757286,12.76157808433735,0.0
52.419490174757286,12.761720698795182,0.0
52.419490174757286,12.761863313253013,0.0
52.419490174757286,12.762005927710844,0.0
52.419490174757286,12.762148542168676,0.0
52.419490174757286,12.762291156626507,0.0
52.419490174757286,12.762433771084337,0.0
52.419490174757286,12.76257638554217,0.0
52.419490174757286,12.762719,0.0
52.41958291262136,12.750882,0.0
52.41958291262136,12.751024614457831,0.0
52.41958291262136,12.751167228915664,0.0
52.41958291262136,12.751309843373495,0.0
52.41958291262136,12.751452457831325,0.0
52.41958291262136,12.751595072289158,0.0
52.41958291262136,12.751737686746988,0.0
52.41958291262136,12.75188030120482,0.0
52.41958291262136,12.752022915662652,0.0
52.41958291262136,12.752165530120482,0.0
52.41958291262136,12.752308144578313,0.0
52.41958291262136,12.752450759036146,0.0
52.41958291262136,12.752593373493976,0.0
52.41958291262136,12.752735987951809,0.0
52.41958291262136,12.75287860240964,0.0
52.41958291262136,12.75302121686747,0.0
52.41958291262136,12.753163831325303,0.0
52.41958291262136,12.753306445783133,0.0
52.41958291262136,12.753449060240964,0.0
52.41958291262136,12.753591674698797,0.0
52.41958291262136,12.753734289156627,0.0
52.41958291262136,12.753876903614458,0.0
52.41958291262136,12.75401951807229,0.0
52.41958291262136,12.754162132530121,0.0
52.41958291262136,12.754304746987952,0.0
52.41958291262136,12.754447361445784,0.0
52.41958291262136,12.754589975903615,0.0
52.41958291262136,12.754732590361446,0.0
52.41958291262136,12.754875204819278,0.0
52.41958291262136,12.755017819277109,0.0
52.41958291262136,12.75516043373494,0.0
52.41958291262136,12.755303048192772,0.0
52.41958291262136,12.755445662650603,0.0
52.41958291262136,12.755588277108435,0.0
52.41958291262136,12.755730891566266,0.0
52.41958291262136,12.755873506024097,0.0
52.41958291262136,12.75601612048193,0.0
52.41958291262136,12.75615873493976,0.0
52.41958291262136,12.75630134939759,0.0
52.41958291262136,12.756443963855423,0.0
52.41958291262136,12.756586578313254,0.0
52.41958291262136,12.756729192771084,0.0
52.41958291262136,12.756871807228917,0.0
52.41958291262136,12.757014421686748,0.0
52.41958291262136,12.757157036144578,0.0
52.41958291262136,12.75729965060241,0.0
52.41958291262136,12.757442265060241,0.0
52.41958291262136,12.757584879518072,0.0
52.41958291262136,12.757727493975905,0.0
52.41958291262136,12.757870108433735,0.0
52.41958291262136,12.758012722891566,0.0
52.41958291262136,12.758155337349399,0.0
52.41958291262136,12.75829795180723,0.0
52.41958291262136,12.758440566265062,0.0
52.41958291262136,12.758583180722892,0.0
52.41958291262136,12.758725795180723,0.0
52.41958291262136,12.758868409638556,0.0
52.41958291262136,12.759011024096386,0.0
52.41958291262136,12.759153638554217,0.0
52.41958291262136,12.75929625301205,0.0
52.41958291262136,12.75943886746988,0.0
52.41958291262136,12.759581481927711,0.0
52.41958291262136,12.759724096385543,0.0
52.41958291262136,12.759866710843374,0.0
52.41958291262136,12.760009325301205,0.0
52.41958291262136,12.760151939759037,0.0
52.41958291262136,12.760294554216868,0.0
52.41958291262136,12.760437168674699,0.0
52.41958291262136,12.760579783132531,0.0
52.41958291262136,12.760722397590362,0.0
52.41958291262136,12.760865012048193,0.0
52.41958291262136,12.761007626506025,0.0
52.41958291262136,12.761150240963856,0.0
52.41958291262136,12.761292855421688,0.0
52.41958291262136,12.761435469879519,0.0
52.41958291262136,12.76157808433735,0.0
52.41958291262136,12.761720698795182,0.0
52.41958291262136,12.761863313253013,0.0
52.41958291262136,12.762005927710844,0.0
52.41958291262136,12.762148542168676,0.0
52.41958291262136,12.762291156626507,0.0
52.41958291262136,12.762433771084337,0.0
52.41958291262136,12.76257638554217,0.0
52.41958291262136,12.762719,0.0
52.41967565048544,12.750882,0.0
52.41967565048544,12.751024614457831,0.0
52.41967565048544,12.751167228915664,0.0
52.41967565048544,12.751309843373495,0.0
52.41967565048544,12.751452457831325,0.0
52.41967565048544,12.751595072289158,0.0
52.41967565048544,12.751737686746988,0.0
52.41967565048544,12.75188030120482,0.0
52.41967565048544,12.752022915662652,0.0
52.41967565048544,12.752165530120482,0.0
52.41967565048544,12.752308144578313,0.0
52.41967565048544,12.752450759036146,0.0
52.41967565048544,12.752593373493976,0.0
52.41967565048544,12.752735987951809,0.0
52.41967565048544,12.75287860240964,0.0
52.41967565048544,12.75302121686747,0.0
52.41967565048544,12.753163831325303,0.0
52.41967565048544,12.753306445783133,0.0
52.41967565048544,12.753449060240964,0.0
52.41967565048544,12.753591674698797,0.0
52.41967565048544,12.753734289156627,0.0
52.41967565048544,12.753876903614458,0.0
52.41967565048544,12.75401951807229,0.0
52.41967565048544,12.754162132530121,0.0
52.41967565048544,12.754304746987952,0.0
52.41967565048544,12.754447361445784,0.0
52.41967565048544,12.754589975903615,0.0
52.41967565048544,12.754732590361446,0.0
52.41967565048544,12.754875204819278,0.0
52.41967565048544,12.755017819277109,0.0
52.41967565048544,12.75516043373494,0.0
52.41967565048544,12.755303048192772,0.0
52.41967565048544,12.755445662650603,0.0
52.41967565048544,12.755588277108435,0.0
52.41967565048544,12.755730891566266,0.0
52.41967565048544,12.755873506024097,0.0
52.41967565048544,12.75601612048193,0.0
52.41967565048544,12.75615873493976,0.0
52.41967565048544,12.75630134939759,0.0
52.41967565048544,12.756443963855423,0.0
52.41967565048544,12.756586578313254,0.0
52.41967565048544,12.756729192771084,0.0
52.41967565048544,12.756871807228917,0.0
52.41967565048544,12.757014421686748,0.0
52.41967565048544,12.757157036144578,0.0
52.41967565048544,12.75729965060241,0.0
52.41967565048544,12.757442265060241,0.0
52.41967565048544,12.757584879518072,0.0
52.41967565048544,12.757727493975905,0.0
52.41967565048544,12.757870108433735,0.0
52.41967565048544,12.758012722891566,0.0
52.41967565048544,12.758155337349399,0.0
52.41967565048544,12.75829795180723,0.0
52.41967565048544,12.758440566265062,0.0
52.41967565048544,12.758583180722892,0.0
52.41967565048544,12.758725795180723,0.0
52.41967565048544,12.758868409638556,0.0
52.41967565048544,12.759011024096386,0.0
52.41967565048544,12.759153638554217,0.0
52.41967565048544,12.75929625301205,0.0
52.41967565048544,12.75943886746988,0.0
52.41967565048544,12.759581481927711,0.0
52.41967565048544,12.759724096385543,0.0
52.41967565048544,12.759866710843374,0.0
52.41967565048544,12.760009325301205,0.0
52.41967565048544,12.760151939759037,0.0
52.41967565048544,12.760294554216868,0.0
52.41967565048544,12.760437168674699,0.0
52.41967565048544,12.760579783132531,0.0
52.41967565048544,12.760722397590362,0.0
52.41967565048544,12.760865012048193,0.0
52.41967565048544,12.761007626506025,0.0
52.41967565048544,12.761150240963856,0.0
52.41967565048544,12.761292855421688,0.0
52.41967565048544,12.761435469879519,0.0
52.41967565048544,12.76157808433735,0.0
52.41967565048544,12.761720698795182,0.0
52.41967565048544,12.761863313253013,0.0
52.41967565048544,12.762005927710844,0.0
52.41967565048544,12.762148542168676,0.0
52.41967565048544,12.762291156626507,0.0
52.41967565048544,12.762433771084337,0.0
52.41967565048544,12.76257638554217,0.0
52.41967565048544,12.762719,0.0
52.41976838834952,12.750882,0.0
52.41976838834952,12.751024614457831,0.0
52.41976838834952,12.751167228915664,0.0
52.41976838834952,12.751309843373495,0.0
52.41976838834952,12.751452457831325,0.0
52.41976838834952,12.751595072289158,0.0
52.41976838834952,12.751737686746988,0.0
52.41976838834952,12.75188030120482,0.0
52.41976838834952,12.752022915662652,0.0
52.41976838834952,12.752165530120482,0.0
52.41976838834952,12.752308144578313,0.0
52.41976838834952,12.752450759036146,0.0
52.41976838834952,12.752593373493976,0.0
52.41976838834952,12.752735987951809,0.0
52.41976838834952,12.75287860240964,0.0
52.41976838834952,12.75302121686747,0.0
52.41976838834952,12.753163831325303,0.0
52.41976838834952,12.753306445783133,0.0
52.41976838834952,12.753449060240964,0.0
52.41976838834952,12.753591674698797,0.0
52.41976838834952,12.753734289156627,0.0
52.41976838834952,12.753876903614458,0.0
52.41976838834952,12.75401951807229,0.0
52.41976838834952,12.754162132530121,0.0
52.41976838834952,12.754304746987952,0.0
52.41976838834952,12.754447361445784,0.0
52.41976838834952,12.754589975903615,0.0
52.41976838834952,12.754732590361446,0.0
52.41976838834952,12.754875204819278,0.0
52.41976838834952,12.755017819277109,0.0
52.41976838834952,12.75516043373494,0.0
52.41976838834952,12.755303048192772,0.0
52.41976838834952,12.755445662650603,0.0
52.41976838834952,12.755588277108435,0.0
52.41976838834952,12.755730891566266,0.0
52.41976838834952,12.755873506024097,0.0
52.41976838834952,12.75601612048193,0.0
52.41976838834952,12.75615873493976,0.0
52.41976838834952,12.75630134939759,0.0
52.41976838834952,12.756443963855423,0.0
52.41976838834952,12.756586578313254,0.0
52.41976838834952,12.756729192771084,0.0
52.41976838834952,12.756871807228917,0.0
52.41976838834952,12.757014421686748,0.0
52.41976838834952,12.757157036144578,0.0
52.41976838834952,12.75729965060241,0.0
52.41976838834952,12.757442265060241,0.0
52.41976838834952,12.757584879518072,0.0
52.41976838834952,12.757727493975905,0.0
52.41976838834952,12.757870108433735,0.0
52.41976838834952,12.758012722891566,0.0
52.41976838834952,12.758155337349399,0.0
52.41976838834952,12.75829795180723,0.0
52.41976838834952,12.758440566265062,0.0
52.41976838834952,12.758583180722892,0.0
52.41976838834952,12.758725795180723,0.0
52.41976838834952,12.758868409638556,0.0
52.41976838834952,12.759011024096386,0.0
52.41976838834952,12.759153638554217,0.0
52.41976838834952,12.75929625301205,0.0
52.41976838834952,12.75943886746988,0.0
52.41976838834952,12.759581481927711,0.0
52.41976838834952,12.759724096385543,0.0
52.41976838834952,12.759866710843374,0.0
52.41976838834952,12.760009325301205,0.0
52.41976838834952,12.760151939759037,0.0
52.41976838834952,12.760294554216868,0.0
52.41976838834952,12.760437168674699,0.0
52.41976838834952,12.760579783132531,0.0
52.41976838834952,12.760722397590362,0.0
52.41976838834952,12.760865012048193,0.0
52.41976838834952,12.761007626506025,0.0
52.41976838834952,12.761150240963856,0.0
52.41976838834952,12.761292855421688,0.0
52.41976838834952,12.761435469879519,0.0
52.41976838834952,12.76157808433735,0.0
52.41976838834952,12.761720698795182,0.0
52.41976838834952,12.761863313253013,0.0
52.41976838834952,12.762005927710844,0.0
52.41976838834952,12.762148542168676,0.0
52.41976838834952,12.762291156626507,0.0
52.41976838834952,12.762433771084337,0.0
52.41976838834952,12.76257638554217,0.0
52.41976838834952,12.762719,0.0
52.41986112621359,12.750882,0.0
52.41986112621359,12.751024614457831,0.0
52.41986112621359,12.751167228915664,0.0
52.41986112621359,12.751309843373495,0.0
52.41986112621359,12.751452457831325,0.0
52.41986112621359,12.751595072289158,0.0
52.41986112621359,12.751737686746988,0.0
52.41986112621359,12.75188030120482,0.0
52.41986112621359,12.752022915662652,0.0
52.41986112621359,12.752165530120482,0.0
52.41986112621359,12.752308144578313,0.0
52.41986112621359,12.752450759036146,0.0
52.41986112621359,12.752593373493976,0.0
52.41986112621359,12.752735987951809,0.0
52.41986112621359,12.75287860240964,0.0
52.41986112621359,12.75302121686747,0.0
52.41986112621359,12.753163831325303,0.0
52.41986112621359,12.753306445783133,0.0
52.41986112621359,12.753449060240964,0.0
52.41986112621359,12.753591674698797,0.0
52.41986112621359,12.753734289156627,0.0
52.41986112621359,12.753876903614458,0.0
52.41986112621359,12.75401951807229,0.0
52.41986112621359,12.754162132530121,0.0
52.41986112621359,12.754304746987952,0.0
52.41986112621359,12.754447361445784,0.0
52.41986112621359,12.754589975903615,0.0
52.41986112621359,12.754732590361446,0.0
52.41986112621359,12.754875204819278,0.0
52.41986112621359,12.755017819277109,0.0
52.41986112621359,12.75516043373494,0.0
52.41986112621359,12.755303048192772,0.0
52.41986112621359,12.755445662650603,0.0
52.41986112621359,12.755588277108435,0.0
52.41986112621359,12.755730891566266,0.0
52.41986112621359,12.755873506024097,0.0
52.41986112621359,12.75601612048193,0.0
52.41986112621359,12.75615873493976,0.0
52.41986112621359,12.75630134939759,0.0
52.41986112621359,12.756443963855423,0.0
52.41986112621359,12.756586578313254,0.0
52.41986112621359,12.756729192771084,0.0
52.41986112621359,12.756871807228917,0.0
52.41986112621359,12.757014421686748,0.0
52.41986112621359,12.757157036144578,0.0
52.41986112621359,12.75729965060241,0.0
52.41986112621359,12.757442265060241,0.0
52.41986112621359,12.757584879518072,0.0
52.41986112621359,12.757727493975905,0.0
52.41986112621359,12.757870108433735,0.0
52.41986112621359,12.758012722891566,0.0
52.41986112621359,12.758155337349399,0.0
52.41986112621359,12.75829795180723,0.0
52.41986112621359,12.758440566265062,0.0
52.41986112621359,12.758583180722892,0.0
52.41986112621359,12.758725795180723,0.0
52.41986112621359,12.758868409638556,0.0
52.41986112621359,12.759011024096386,0.0
52.41986112621359,12.759153638554217,0.0
52.41986112621359,12.75929625301205,0.0
52.41986112621359,12.75943886746988,0.0
52.41986112621359,12.759581481927711,0.0
52.41986112621359,12.759724096385543,0.0
52.41986112621359,12.759866710843374,0.0
52.41986112621359,12.760009325301205,0.0
52.41986112621359,12.760151939759037,0.0
52.41986112621359,12.760294554216868,0.0
52.41986112621359,12.760437168674699,0.0
52.41986112621359,12.760579783132531,0.0
52.41986112621359,12.760722397590362,0.0
52.41986112621359,12.760865012048193,0.0
52.41986112621359,12.761007626506025,0.0
52.41986112621359,12.761150240963856,0.0
52.41986112621359,12.761292855421688,0.0
52.41986112621359,12.761435469879519,0.0
52.41986112621359,12.76157808433735,0.0
52.41986112621359,12.761720698795182,0.0
52.41986112621359,12.761863313253013,0.0
52.41986112621359,12.762005927710844,0.0
52.41986112621359,12.762148542168676,0.0
52.41986112621359,12.762291156626507,0.0
52.41986112621359,12.762433771084337,0.0
52.41986112621359,12.76257638554217,0.0
52.41986112621359,12.762719,0.0
52.41995386407767,12.750882,0.0
52.41995386407767,12.751024614457831,0.0
52.41995386407767,12.751167228915664,0.0
52.41995386407767,12.751309843373495,0.0
52.41995386407767,12.751452457831325,0.0
52.41995386407767,12.751595072289158,0.0
52.41995386407767,12.751737686746988,0.0
52.41995386407767,12.75188030120482,0.0
52.41995386407767,12.752022915662652,0.0
52.41995386407767,12.752165530120482,0.0
52.41995386407767,12.752308144578313,0.0
52.41995386407767,12.752450759036146,0.0
52.41995386407767,12.752593373493976,0.0
52.41995386407767,12.752735987951809,0.0
52.41995386407767,12.75287860240964,0.0
52.41995386407767,12.75302121686747,0.0
52.41995386407767,12.753163831325303,0.0
52.41995386407767,12.753306445783133,0.0
52.41995386407767,12.753449060240964,0.0
52.41995386407767,12.753591674698797,0.0
52.41995386407767,12.753734289156627,0.0
52.41995386407767,12.753876903614458,0.0
52.41995386407767,12.75401951807229,0.0
52.41995386407767,12.754162132530121,0.0
52.41995386407767,12.754304746987952,0.0
52.41995386407767,12.754447361445784,0.0
52.41995386407767,12.754589975903615,0.0
52.41995386407767,12.754732590361446,0.0
52.41995386407767,12.754875204819278,0.0
52.41995386407767,12.755017819277109,0.0
52.41995386407767,12.75516043373494,0.0
52.41995386407767,12.755303048192772,0.0
52.41995386407767,12.755445662650603,0.0
52.41995386407767,12.755588277108435,0.0
52.41995386407767,12.755730891566266,0.0
52.41995386407767,12.755873506024097,0.0
52.41995386407767,12.75601612048193,0.0
52.41995386407767,12.75615873493976,0.0
52.41995386407767,12.75630134939759,0.0
52.41995386407767,12.756443963855423,0.0
52.41995386407767,12.756586578313254,0.0
52.41995386407767,12.756729192771084,0.0
52.41995386407767,12.756871807228917,0.0
52.41995386407767,12.757014421686748,0.0
52.41995386407767,12.757157036144578,0.0
52.41995386407767,12.75729965060241,0.0
52.41995386407767,12.757442265060241,0.0
52.41995386407767,12.757584879518072,0.0
52.41995386407767,12.757727493975905,0.0
52.41995386407767,12.757870108433735,0.0
52.41995386407767,12.758012722891566,0.0
52.41995386407767,12.758155337349399,0.0
52.41995386407767,12.75829795180723,0.0
52.41995386407767,12.758440566265062,0.0
52.41995386407767,12.758583180722892,0.0
52.41995386407767,12.758725795180723,0.0
52.41995386407767,12.758868409638556,0.0
52.41995386407767,12.759011024096386,0.0
52.41995386407767,12.759153638554217,0.0
52.41995386407767,12.75929625301205,0.0
52.41995386407767,12.75943886746988,0.0
52.41995386407767,12.759581481927711,0.0
52.41995386407767,12.759724096385543,0.0
52.41995386407767,12.759866710843374,0.0
52.41995386407767,12.760009325301205,0.0
52.41995386407767,12.760151939759037,0.0
52.41995386407767,12.760294554216868,0.0
52.41995386407767,12.760437168674699,0.0
52.41995386407767,12.760579783132531,0.0
52.41995386407767,12.760722397590362,0.0
52.41995386407767,12.760865012048193,0.0
52.41995386407767,12.761007626506025,0.0
52.41995386407767,12.761150240963856,0.0
52.41995386407767,12.761292855421688,0.0
52.41995386407767,12.761435469879519,0.0
52.41995386407767,12.76157808433735,0.0
52.41995386407767,12.761720698795182,0.0
52.41995386407767,12.761863313253013,0.0
52.41995386407767,12.762005927710844,0.0
52.41995386407767,12.762148542168676,0.0
52.41995386407767,12.762291156626507,0.0
52.41995386407767,12.762433771084337,0.0
52.41995386407767,12.76257638554217,0.0
52.41995386407767,12.762719,0.0
52.42004660194175,12.750882,0.0
52.42004660194175,12.751024614457831,0.0
52.42004660194175,12.751167228915664,0.0
52.42004660194175,12.751309843373495,0.0
52.42004660194175,12.751452457831325,0.0
52.42004660194175,12.751595072289158,0.0
52.42004660194175,12.751737686746988,0.0
52.42004660194175,12.75188030120482,0.0
52.42004660194175,12.752022915662652,0.0
52.42004660194175,12.752165530120482,0.0
52.42004660194175,12.752308144578313,0.0
52.42004660194175,12.752450759036146,0.0
52.42004660194175,12.752593373493976,0.0
52.42004660194175,12.752735987951809,0.0
52.42004660194175,12.75287860240964,0.0
52.42004660194175,12.75302121686747,0.0
52.42004660194175,12.753163831325303,0.0
52.42004660194175,12.753306445783133,0.0
52.42004660194175,12.753449060240964,0.0
52.42004660194175,12.753591674698797,0.0
52.42004660194175,12.753734289156627,0.0
52.42004660194175,12.753876903614458,0.0
52.42004660194175,12.75401951807229,0.0
52.42004660194175,12.754162132530121,0.0
52.42004660194175,12.754304746987952,0.0
52.42004660194175,12.754447361445784,0.0
52.42004660194175,12.754589975903615,0.0
52.42004660194175,12.754732590361446,0.0
52.42004660194175,12.754875204819278,0.0
52.42004660194175,12.755017819277109,0.0
52.42004660194175,12.75516043373494,0.0
52.42004660194175,12.755303048192772,0.0
52.42004660194175,12.755445662650603,0.0
52.42004660194175,12.755588277108435,0.0
52.42004660194175,12.755730891566266,0.0
52.42004660194175,12.755873506024097,0.0
52.42004660194175,12.75601612048193,0.0
52.42004660194175,12.75615873493976,0.0
52.42004660194175,12.75630134939759,0.0
52.42004660194175,12.756443963855423,0.0
52.42004660194175,12.756586578313254,0.0
52.42004660194175,12.756729192771084,0.0
52.42004660194175,12.756871807228917,0.0
52.42004660194175,12.757014421686748,0.0
52.42004660194175,12.757157036144578,0.0
52.42004660194175,12.75729965060241,0.0
52.42004660194175,12.757442265060241,0.0
52.42004660194175,12.757584879518072,0.0
52.42004660194175,12.757727493975905,0.0
52.42004660194175,12.757870108433735,0.0
52.42004660194175,12.758012722891566,0.0
52.42004660194175,12.758155337349399,0.0
52.42004660194175,12.75829795180723,0.0
52.42004660194175,12.758440566265062,0.0
52.42004660194175,12.758583180722892,0.0
52.42004660194175,12.758725795180723,0.0
52.42004660194175,12.758868409638556,0.0
52.42004660194175,12.759011024096386,0.0
52.42004660194175,12.759153638554217,0.0
52.42004660194175,12.75929625301205,0.0
52.42004660194175,12.75943886746988,0.0
52.42004660194175,12.759581481927711,0.0
52.42004660194175,12.759724096385543,0.0
52.42004660194175,12.759866710843374,0.0
52.42004660194175,12.760009325301205,0.0
52.42004660194175,12.760151939759037,0.0
52.42004660194175,12.760294554216868,0.0
52.42004660194175,12.760437168674699,0.0
52.42004660194175,12.760579783132531,0.0
52.42004660194175,12.760722397590362,0.0
52.42004660194175,12.760865012048193,0.0
52.42004660194175,12.761007626506025,0.0
52.42004660194175,12.761150240963856,0.0
52.42004660194175,12.761292855421688,0.0
52.42004660194175,12.761435469879519,0.0
52.42004660194175,12.76157808433735,0.0
52.42004660194175,12.761720698795182,0.0
52.42004660194175,12.761863313253013,0.0
52.42004660194175,12.762005927710844,0.0
52.42004660194175,12.762148542168676,0.0
52.42004660194175,12.762291156626507,0.0
52.42004660194175,12.762433771084337,0.0
52.42004660194175,12.76257638554217,0.0
52.42004660194175,12.762719,0.0
52.42013933980583,12.750882,0.0
52.42013933980583,12.751024614457831,0.0
52.42013933980583,12.751167228915664,0.0
52.42013933980583,12.751309843373495,0.0
52.42013933980583,12.751452457831325,0.0
52.42013933980583,12.751595072289158,0.0
52.42013933980583,12.751737686746988,0.0
52.42013933980583,12.75188030120482,0.0
52.42013933980583,12.752022915662652,0.0
52.42013933980583,12.752165530120482,0.0
52.42013933980583,12.752308144578313,0.0
52.42013933980583,12.752450759036146,0.0
52.42013933980583,12.752593373493976,0.0
52.42013933980583,12.752735987951809,0.0
52.42013933980583,12.75287860240964,0.0
52.42013933980583,12.75302121686747,0.0
52.42013933980583,12.753163831325303,0.0
52.42013933980583,12.753306445783133,0.0
52.42013933980583,12.753449060240964,0.0
52.42013933980583,12.753591674698797,0.0
52.42013933980583,12.753734289156627,0.0
52.42013933980583,12.753876903614458,0.0
52.42013933980583,12.75401951807229,0.0
52.42013933980583,12.754162132530121,0.0
52.42013933980583,12.754304746987952,0.0
52.42013933980583,12.754447361445784,0.0
52.42013933980583,12.754589975903615,0.0
52.42013933980583,12.754732590361446,0.0
52.42013933980583,12.754875204819278,0.0
52.42013933980583,12.755017819277109,0.0
52.42013933980583,12.75516043373494,0.0
52.42013933980583,12.755303048192772,0.0
52.42013933980583,12.755445662650603,0.0
52.42013933980583,12.755588277108435,0.0
52.42013933980583,12.755730891566266,0.0
52.42013933980583,12.755873506024097,0.0
52.42013933980583,12.75601612048193,0.0
52.42013933980583,12.75615873493976,0.0
52.42013933980583,12.75630134939759,0.0
52.42013933980583,12.756443963855423,0.0
52.42013933980583,12.756586578313254,0.0
52.42013933980583,12.756729192771084,0.0
52.42013933980583,12.756871807228917,0.0
52.42013933980583,12.757014421686748,0.0
52.42013933980583,12.757157036144578,0.0
52.42013933980583,12.75729965060241,0.0
52.42013933980583,12.757442265060241,0.0
52.42013933980583,12.757584879518072,0.0
52.42013933980583,12.757727493975905,0.0
52.42013933980583,12.757870108433735,0.0
52.42013933980583,12.758012722891566,0.0
52.42013933980583,12.758155337349399,0.0
52.42013933980583,12.75829795180723,0.0
52.42013933980583,12.758440566265062,0.0
52.42013933980583,12.758583180722892,0.0
52.42013933980583,12.758725795180723,0.0
52.42013933980583,12.758868409638556,0.0
52.42013933980583,12.759011024096386,0.0
52.42013933980583,12.759153638554217,0.0
52.42013933980583,12.75929625301205,0.0
52.42013933980583,12.75943886746988,0.0
52.42013933980583,12.759581481927711,0.0
52.42013933980583,12.759724096385543,0.0
52.42013933980583,12.759866710843374,0.0
52.42013933980583,12.760009325301205,0.0
52.42013933980583,12.760151939759037,0.0
52.42013933980583,12.760294554216868,0.0
52.42013933980583,12.760437168674699,0.0
52.42013933980583,12.760579783132531,0.0
52.42013933980583,12.760722397590362,0.0
52.42013933980583,12.760865012048193,0.0
52.42013933980583,12.761007626506025,0.0
52.42013933980583,12.761150240963856,0.0
52.42013933980583,12.761292855421688,0.0
52.42013933980583,12.761435469879519,0.0
52.42013933980583,12.76157808433735,0.0
52.42013933980583,12.761720698795182,0.0
52.42013933980583,12.761863313253013,0.0
52.42013933980583,12.762005927710844,0.0
52.42013933980583,12.762148542168676,0.0
52.42013933980583,12.762291156626507,0.0
52.42013933980583,12.762433771084337,0.0
52.42013933980583,12.76257638554217,0.0
52.42013933980583,12.762719,0.0
52.4202320776699,12.750882,0.0
52.4202320776699,12.751024614457831,0.0
52.4202320776699,12.751167228915664,0.0
52.4202320776699,12.751309843373495,0.0
52.4202320776699,12.751452457831325,0.0
52.4202320776699,12.751595072289158,0.0
52.4202320776699,12.751737686746988,0.0
52.4202320776699,12.75188030120482,0.0
52.4202320776699,12.752022915662652,0.0
52.4202320776699,12.752165530120482,0.0
52.4202320776699,12.752308144578313,0.0
52.4202320776699,12.752450759036146,0.0
52.4202320776699,12.752593373493976,0.0
52.4202320776699,12.752735987951809,0.0
52.4202320776699,12.75287860240964,0.0
52.4202320776699,12.75302121686747,0.0
52.4202320776699,12.753163831325303,0.0
52.4202320776699,12.753306445783133,0.0
52.4202320776699,12.753449060240964,0.0
52.4202320776699,12.753591674698797,0.0
52.4202320776699,12.753734289156627,0.0
52.4202320776699,12.753876903614458,0.0
52.4202320776699,12.75401951807229,0.0
52.4202320776699,12.754162132530121,0.0
52.4202320776699,12.754304746987952,0.0
52.4202320776699,12.754447361445784,0.0
52.4202320776699,12.754589975903615,0.0
52.4202320776699,12.754732590361446,0.0
52.4202320776699,12.754875204819278,0.0
52.4202320776699,12.755017819277109,0.0
52.4202320776699,12.75516043373494,0.0
52.4202320776699,12.755303048192772,0.0
52.4202320776699,12.755445662650603,0.0
52.4202320776699,12.755588277108435,0.0
52.4202320776699,12.755730891566266,0.0
52.4202320776699,12.755873506024097,0.0
52.4202320776699,12.75601612048193,0.0
52.4202320776699,12.75615873493976,0.0
52.4202320776699,12.75630134939759,0.0
52.4202320776699,12.756443963855423,0.0
52.4202320776699,12.756586578313254,0.0
52.4202320776699,12.756729192771084,0.0
52.4202320776699,12.756871807228917,0.0
52.4202320776699,12.757014421686748,0.0
52.4202320776699,12.757157036144578,0.0
52.4202320776699,12.75729965060241,0.0
52.4202320776699,12.757442265060241,0.0
52.4202320776699,12.757584879518072,0.0
52.4202320776699,12.757727493975905,0.0
52.4202320776699,12.757870108433735,0.0
52.4202320776699,12.758012722891566,0.0
52.4202320776699,12.758155337349399,0.0
52.4202320776699,12.75829795180723,0.0
52.4202320776699,12.758440566265062,0.0
52.4202320776699,12.758583180722892,0.0
52.4202320776699,12.758725795180723,0.0
52.4202320776699,12.758868409638556,0.0
52.4202320776699,12.759011024096386,0.0
52.4202320776699,12.759153638554217,0.0
52.4202320776699,12.75929625301205,0.0
52.4202320776699,12.75943886746988,0.0
52.4202320776699,12.759581481927711,0.0
52.4202320776699,12.759724096385543,0.0
52.4202320776699,12.759866710843374,0.0
52.4202320776699,12.760009325301205,0.0
52.4202320776699,12.760151939759037,0.0
52.4202320776699,12.760294554216868,0.0
52.4202320776699,12.760437168674699,0.0
52.4202320776699,12.760579783132531,0.0
52.4202320776699,12.760722397590362,0.0
52.4202320776699,12.760865012048193,0.0
52.4202320776699,12.761007626506025,0.0
52.4202320776699,12.761150240963856,0.0
52.4202320776699,12.761292855421688,0.0
52.4202320776699,12.761435469879519,0.0
52.4202320776699,12.76157808433735,0.0
52.4202320776699,12.761720698795182,0.0
52.4202320776699,12.761863313253013,0.0
52.4202320776699,12.762005927710844,0.0
52.4202320776699,12.762148542168676,0.0
52.4202320776699,12.762291156626507,0.0
52.4202320776699,12.762433771084337,0.0
52.4202320776699,12.76257638554217,0.0
52.4202320776699,12.762719,0.0
52.42032481553398,12.750882,0.0
52.42032481553398,12.751024614457831,0.0
52.42032481553398,12.751167228915664,0.0
52.42032481553398,12.751309843373495,0.0
52.42032481553398,12.751452457831325,0.0
52.42032481553398,12.751595072289158,0.0
52.42032481553398,12.751737686746988,0.0
52.42032481553398,12.75188030120482,0.0
52.42032481553398,12.752022915662652,0.0
52.42032481553398,12.752165530120482,0.0
52.42032481553398,12.752308144578313,0.0
52.42032481553398,12.752450759036146,0.0
52.42032481553398,12.752593373493976,0.0
52.42032481553398,12.752735987951809,0.0
52.42032481553398,12.75287860240964,0.0
52.42032481553398,12.75302121686747,0.0
52.42032481553398,12.753163831325303,0.0
52.42032481553398,12.753306445783133,0.0
52.42032481553398,12.753449060240964,0.0
52.42032481553398,12.753591674698797,0.0
52.42032481553398,12.753734289156627,0.0
52.42032481553398,12.753876903614458,0.0
52.42032481553398,12.75401951807229,0.0
52.42032481553398,12.754162132530121,0.0
52.42032481553398,12.754304746987952,0.0
52.42032481553398,12.754447361445784,0.0
52.42032481553398,12.754589975903615,0.0
52.42032481553398,12.754732590361446,0.0
52.42032481553398,12.754875204819278,0.0
52.42032481553398,12.755017819277109,0.0
52.42032481553398,12.75516043373494,0.0
52.42032481553398,12.755303048192772,0.0
52.42032481553398,12.755445662650603,0.0
52.42032481553398,12.755588277108435,0.0
52.42032481553398,12.755730891566266,0.0
52.42032481553398,12.755873506024097,0.0
52.42032481553398,12.75601612048193,0.0
52.42032481553398,12.75615873493976,0.0
52.42032481553398,12.75630134939759,0.0
52.42032481553398,12.756443963855423,0.0
52.42032481553398,12.756586578313254,0.0
52.42032481553398,12.756729192771084,0.0
52.42032481553398,12.756871807228917,0.0
52.42032481553398,12.757014421686748,0.0
52.42032481553398,12.757157036144578,0.0
52.42032481553398,12.75729965060241,0.0
52.42032481553398,12.757442265060241,0.0
52.42032481553398,12.757584879518072,0.0
52.42032481553398,12.757727493975905,0.0
52.42032481553398,12.757870108433735,0.0
52.42032481553398,12.758012722891566,0.0
52.42032481553398,12.758155337349399,0.0
52.42032481553398,12.75829795180723,0.0
52.42032481553398,12.758440566265062,0.0
52.42032481553398,12.758583180722892,0.0
52.42032481553398,12.758725795180723,0.0
52.42032481553398,12.758868409638556,0.0
52.42032481553398,12.759011024096386,0.0
52.42032481553398,12.759153638554217,0.0
52.42032481553398,12.75929625301205,0.0
52.42032481553398,12.75943886746988,0.0
52.42032481553398,12.759581481927711,0.0
52.42032481553398,12.759724096385543,0.0
52.42032481553398,12.759866710843374,0.0
52.42032481553398,12.760009325301205,0.0
52.42032481553398,12.760151939759037,0.0
52.42032481553398,12.760294554216868,0.0
52.42032481553398,12.760437168674699,0.0
52.42032481553398,12.760579783132531,0.0
52.42032481553398,12.760722397590362,0.0
52.42032481553398,12.760865012048193,0.0
52.42032481553398,12.761007626506025,0.0
52.42032481553398,12.761150240963856,0.0
52.42032481553398,12.761292855421688,0.0
52.42032481553398,12.761435469879519,0.0
52.42032481553398,12.76157808433735,0.0
52.42032481553398,12.761720698795182,0.0
52.42032481553398,12.761863313253013,0.0
52.42032481553398,12.762005927710844,0.0
52.42032481553398,12.762148542168676,0.0
52.42032481553398,12.762291156626507,0.0
52.42032481553398,12.762433771084337,0.0
52.42032481553398,12.76257638554217,0.0
52.42032481553398,12.762719,0.0
52.42041755339806,12.750882,0.0
52.42041755339806,12.751024614457831,0.0
52.42041755339806,12.751167228915664,0.0
52.42041755339806,12.751309843373495,0.0
52.42041755339806,12.751452457831325,0.0
52.42041755339806,12.751595072289158,0.0
52.42041755339806,12.751737686746988,0.0
52.42041755339806,12.75188030120482,0.0
52.42041755339806,12.752022915662652,0.0
52.42041755339806,12.752165530120482,0.0
52.42041755339806,12.752308144578313,0.0
52.42041755339806,12.752450759036146,0.0
52.42041755339806,12.752593373493976,0.0
52.42041755339806,12.752735987951809,0.0
52.42041755339806,12.75287860240964,0.0
52.42041755339806,12.75302121686747,0.0
52.42041755339806,12.753163831325303,0.0
52.42041755339806,12.753306445783133,0.0
52.42041755339806,12.753449060240964,0.0
52.42041755339806,12.753591674698797,0.0
52.42041755339806,12.753734289156627,0.0
52.42041755339806,12.753876903614458,0.0
52.42041755339806,12.75401951807229,0.0
52.42041755339806,12.754162132530121,0.0
52.42041755339806,12.754304746987952,0.0
52.42041755339806,12.754447361445784,0.0
52.42041755339806,12.754589975903615,0.0
52.42041755339806,12.754732590361446,0.0
52.42041755339806,12.754875204819278,0.0
52.42041755339806,12.755017819277109,0.0
52.42041755339806,12.75516043373494,0.0
52.42041755339806,12.755303048192772,0.0
52.42041755339806,12.755445662650603,0.0
52.42041755339806,12.755588277108435,0.0
52.42041755339806,12.755730891566266,0.0
52.42041755339806,12.755873506024097,0.0
52.42041755339806,12.75601612048193,0.0
52.42041755339806,12.75615873493976,0.0
52.42041755339806,12.75630134939759,0.0
52.42041755339806,12.756443963855423,0.0
52.42041755339806,12.756586578313254,0.0
52.42041755339806,12.756729192771084,0.0
52.42041755339806,12.756871807228917,0.0
52.42041755339806,12.757014421686748,0.0
52.42041755339806,12.757157036144578,0.0
52.42041755339806,12.75729965060241,0.0
52.42041755339806,12.757442265060241,0.0
52.42041755339806,12.757584879518072,0.0
52.42041755339806,12.757727493975905,0.0
52.42041755339806,12.757870108433735,0.0
52.42041755339806,12.758012722891566,0.0
52.42041755339806,12.758155337349399,0.0
52.42041755339806,12.75829795180723,0.0
52.42041755339806,12.758440566265062,0.0
52.42041755339806,12.758583180722892,0.0
52.42041755339806,12.758725795180723,0.0
52.42041755339806,12.758868409638556,0.0
52.42041755339806,12.759011024096386,0.0
52.42041755339806,12.759153638554217,0.0
52.42041755339806,12.75929625301205,0.0
52.42041755339806,12.75943886746988,0.0
52.42041755339806,12.759581481927711,0.0
52.42041755339806,12.759724096385543,0.0
52.42041755339806,12.759866710843374,0.0
52.42041755339806,12.760009325301205,0.0
52.42041755339806,12.760151939759037,0.0
52.42041755339806,12.760294554216868,0.0
52.42041755339806,12.760437168674699,0.0
52.42041755339806,12.760579783132531,0.0
52.42041755339806,12.760722397590362,0.0
52.42041755339806,12.760865012048193,0.0
52.42041755339806,12.761007626506025,0.0
52.42041755339806,12.761150240963856,0.0
52.42041755339806,12.761292855421688,0.0
52.42041755339806,12.761435469879519,0.0
52.42041755339806,12.76157808433735,0.0
52.42041755339806,12.761720698795182,0.0
52.42041755339806,12.761863313253013,8.403271337482573e-06
52.42041755339806,12.762005927710844,0.00017457417050470176
52.42041755339806,12.762148542168676,0.0003113863561840253
52.42041755339806,12.762291156626507,0.0004238992148945706
52.42041755339806,12.762433771084337,0.0005117627557341513
52.42041755339806,12.76257638554217,0.0005642045357105944
52.42041755339806,12.762719,0.0005922849192696623
52.42051029126214,12.750882,0.0
52.42051029126214,12.751024614457831,0.0
52.42051029126214,12.751167228915664,0.0
52.42051029126214,12.751309843373495,0.0
52.42051029126214,12.751452457831325,0.0
52.42051029126214,12.751595072289158,0.0
52.42051029126214,12.751737686746988,0.0
52.42051029126214,12.75188030120482,0.0
52.42051029126214,12.752022915662652,0.0
52.42051029126214,12.752165530120482,0.0
52.42051029126214,12.752308144578313,0.0
52.42051029126214,12.752450759036146,0.0
52.42051029126214,12.752593373493976,0.0
52.42051029126214,12.752735987951809,0.0
52.42051029126214,12.75287860240964,0.0
52.42051029126214,12.75302121686747,0.0
52.42051029126214,12.753163831325303,0.0
52.42051029126214,12.753306445783133,0.0
52.42051029126214,12.753449060240964,0.0
52.42051029126214,12.753591674698797,0.0
52.42051029126214,12.753734289156627,0.0
52.42051029126214,12.753876903614458,0.0
52.42051029126214,12.75401951807229,0.0
52.42051029126214,12.754162132530121,0.0
52.42051029126214,12.754304746987952,0.0
52.42051029126214,12.754447361445784,0.0
52.42051029126214,12.754589975903615,0.0
52.42051029126214,12.754732590361446,0.0
52.42051029126214,12.754875204819278,0.0
52.42051029126214,12.755017819277109,0.0
52.42051029126214,12.75516043373494,0.0
52.42051029126214,12.755303048192772,0.0
52.42051029126214,12.755445662650603,0.0
52.42051029126214,12.755588277108435,0.0
52.42051029126214,12.755730891566266,0.0
52.42051029126214,12.755873506024097,0.0
52.42051029126214,12.75601612048193,0.0
52.42051029126214,12.75615873493976,0.0
52.42051029126214,12.75630134939759,0.0
52.42051029126214,12.756443963855423,0.0
52.42051029126214,12.756586578313254,0.0
52.42051029126214,12.756729192771084,0.0
52.42051029126214,12.756871807228917,0.0
52.42051029126214,12.757014421686748,0.0
52.42051029126214,12.757157036144578,0.0
52.42051029126214,12.75729965060241,0.0
52.42051029126214,12.757442265060241,0.0
52.42051029126214,12.757584879518072,0.0
52.42051029126214,12.757727493975905,0.0
52.42051029126214,12.757870108433735,0.0
52.42051029126214,12.758012722891566,0.0
52.42051029126214,12.758155337349399,0.0
52.42051029126214,12.75829795180723,0.0
52.42051029126214,12.758440566265062,0.0
52.42051029126214,12.758583180722892,0.0
52.42051029126214,12.758725795180723,0.0
52.42051029126214,12.758868409638556,0.0
52.42051029126214,12.759011024096386,0.0
52.42051029126214,12.759153638554217,0.0
52.42051029126214,12.75929625301205,0.0
52.42051029126214,12.75943886746988,0.0
52.42051029126214,12.759581481927711,0.0
52.42051029126214,12.759724096385543,0.0
52.42051029126214,12.759866710843374,0.0
52.42051029126214,12.760009325301205,0.0
52.42051029126214,12.760151939759037,0.0
52.42051029126214,12.760294554216868,0.0
52.42051029126214,12.760437168674699,0.0
52.42051029126214,12.760579783132531,0.0
52.42051029126214,12.760722397590362,0.0
52.42051029126214,12.760865012048193,0.0
52.42051029126214,12.761007626506025,0.0
52.42051029126214,12.761150240963856,0.0
52.42051029126214,12.761292855421688,0.0002359671029967148
52.42051029126214,12.761435469879519,0.0005185154904302825
52.42051029126214,12.76157808433735,0.0007745695941585792
52.42051029126214,12.761720698795182,0.0010043488083231016
52.42051029126214,12.761863313253013,0.0012018913718798742
52.42051029126214,12.762005927710844,0.0013694140199603634
52.42051029126214,12.762148542168676,0.0015073546290193633
52.42051029126214,12.762291156626507,0.0016206975917359718
52.42051029126214,12.762433771084337,0.0017091534933583712
52.42051029126214,12.76257638554217,0.001762032267627181
52.42051029126214,12.762719,0.001790313775271066
52.42060302912621,12.750882,0.0
52.42060302912621,12.751024614457831,0.0
52.42060302912621,12.751167228915664,0.0
52.42060302912621,12.751309843373495,0.0
52.42060302912621,12.751452457831325,0.0
52.42060302912621,12.751595072289158,0.0
52.42060302912621,12.751737686746988,0.0
52.42060302912621,12.75188030120482,0.0
52.42060302912621,12.752022915662652,0.0
52.42060302912621,12.752165530120482,0.0
52.42060302912621,12.752308144578313,0.0
52.42060302912621,12.752450759036146,0.0
52.42060302912621,12.752593373493976,0.0
52.42060302912621,12.752735987951809,0.0
52.42060302912621,12.75287860240964,0.0
52.42060302912621,12.75302121686747,0.0
52.42060302912621,12.753163831325303,0.0
52.42060302912621,12.753306445783133,0.0
52.42060302912621,12.753449060240964,0.0
52.42060302912621,12.753591674698797,0.0
52.42060302912621,12.753734289156627,0.0
52.42060302912621,12.753876903614458,0.0
52.42060302912621,12.75401951807229,0.0
52.42060302912621,12.754162132530121,0.0
52.42060302912621,12.754304746987952,0.0
52.42060302912621,12.754447361445784,0.0
52.42060302912621,12.754589975903615,0.0
52.42060302912621,12.754732590361446,0.0
52.42060302912621,12.754875204819278,0.0
52.42060302912621,12.755017819277109,0.0
52.42060302912621,12.75516043373494,0.0
52.42060302912621,12.755303048192772,0.0
52.42060302912621,12.755445662650603,0.0
52.42060302912621,12.755588277108435,0.0
52.42060302912621,12.755730891566266,0.0
52.42060302912621,12.755873506024097,0.0
52.42060302912621,12.75601612048193,0.0
52.42060302912621,12.75615873493976,0.0
52.42060302912621,12.75630134939759,0.0
52.42060302912621,12.756443963855423,0.0
52.42060302912621,12.756586578313254,0.0
52.42060302912621,12.756729192771084,0.0
52.42060302912621,12.756871807228917,0.0
52.42060302912621,12.757014421686748,0.0
52.42060302912621,12.757157036144578,0.0
52.42060302912621,12.75729965060241,0.0
52.42060302912621,12.757442265060241,0.0
52.42060302912621,12.757584879518072,0.0
52.42060302912621,12.757727493975905,0.0
52.42060302912621,12.757870108433735,0.0
52.42060302912621,12.758012722891566,0.0
52.42060302912621,12.758155337349399,0.0
52.42060302912621,12.75829795180723,0.0
52.42060302912621,12.758440566265062,0.0
52.42060302912621,12.758583180722892,0.0
52.42060302912621,12.758725795180723,0.0
52.42060302912621,12.758868409638556,0.0
52.42060302912621,12.759011024096386,0.0
52.42060302912621,12.759153638554217,0.0
52.42060302912621,12.75929625301205,0.0
52.42060302912621,12.75943886746988,0.0
52.42060302912621,12.759581481927711,0.0
52.42060302912621,12.759724096385543,0.0
52.42060302912621,12.759866710843374,0.0
52.42060302912621,12.760009325301205,0.0
52.42060302912621,12.760151939759037,0.0
52.42060302912621,12.760294554216868,0.0
52.42060302912621,12.760437168674699,0.0
52.42060302912621,12.760579783132531,0.0
52.42060302912621,12.760722397590362,3.489101206346004e-06
52.42060302912621,12.760865012048193,0.000392347238484643
52.42060302912621,12.761007626506025,0.0007470345989980614
52.42060302912621,12.761150240963856,0.001083647013162205
52.42060302912621,12.761292855421688,0.0013856453839285003
52.42060302912621,12.761435469879519,0.0016702360214691358
52.42060302912621,12.76157808433735,0.0019282099672483389
52.42060302912621,12.761720698795182,0.00215967749129381
52.42060302912621,12.761863313253013,0.002358598867764409
52.42060302912621,12.762005927710844,0.0025274016343888447
52.42060302912621,12.762148542168676,0.002666411405188262
52.42060302912621,12.762291156626507,0.002780539220590148
52.42060302912621,12.762433771084337,0.002869554587466759
52.42060302912621,12.76257638554217,0.0029228465920741464
52.42060302912621,12.762719,0.0029513181155161276
52.42069576699029,12.750882,0.0
52.42069576699029,12.751024614457831,0.0
52.42069576699029,12.751167228915664,0.0
52.42069576699029,12.751309843373495,0.0
52.42069576699029,12.751452457831325,0.0
52.42069576699029,12.751595072289158,0.0
52.42069576699029,12.751737686746988,0.0
52.42069576699029,12.75188030120482,0.0
52.42069576699029,12.752022915662652,0.0
52.42069576699029,12.752165530120482,0.0
52.42069576699029,12.752308144578313,0.0
52.42069576699029,12.752450759036146,0.0
52.42069576699029,12.752593373493976,0.0
52.42069576699029,12.752735987951809,0.0
52.42069576699029,12.75287860240964,0.0
52.42069576699029,12.75302121686747,0.0
52.42069576699029,12.753163831325303,0.0
52.42069576699029,12.753306445783133,0.0
52.42069576699029,12.753449060240964,0.0
52.42069576699029,12.753591674698797,0.0
52.42069576699029,12.753734289156627,0.0
52.42069576699029,12.753876903614458,0.0
52.42069576699029,12.75401951807229,0.0
52.42069576699029,12.754162132530121,0.0
52.42069576699029,12.754304746987952,0.0
52.42069576699029,12.754447361445784,0.0
52.42069576699029,12.754589975903615,0.0
52.42069576699029,12.754732590361446,0.0
52.42069576699029,12.754875204819278,0.0
52.42069576699029,12.755017819277109,0.0
52.42069576699029,12.75516043373494,0.0
52.42069576699029,12.755303048192772,0.0
52.42069576699029,12.755445662650603,0.0
52.42069576699029,12.755588277108435,0.0
52.42069576699029,12.755730891566266,0.0
52.42069576699029,12.755873506024097,0.0
52.42069576699029,12.75601612048193,0.0
52.42069576699029,12.75615873493976,0.0
52.42069576699029,12.75630134939759,0.0
52.42069576699029,12.756443963855423,0.0
52.42069576699029,12.756586578313254,0.0
52.42069576699029,12.756729192771084,0.0
52.42069576699029,12.756871807228917,0.0
52.42069576699029,12.757014421686748,0.0
52.42069576699029,12.757157036144578,0.0
52.42069576699029,12.75729965060241,0.0
52.42069576699029,12.757442265060241,0.0
52.42069576699029,12.757584879518072,0.0
52.42069576699029,12.757727493975905,0.0
52.42069576699029,12.757870108433735,0.0
52.42069576699029,12.758012722891566,0.0
52.42069576699029,12.758155337349399,0.0
52.42069576699029,12.75829795180723,0.0
52.42069576699029,12.758440566265062,0.0
52.42069576699029,12.758583180722892,0.0
52.42069576699029,12.758725795180723,0.0
52.42069576699029,12.758868409638556,0.0
52.42069576699029,12.759011024096386,0.0
52.42069576699029,12.759153638554217,0.0
52.42069576699029,12.75929625301205,0.0
52.42069576699029,12.75943886746988,0.0
52.42069576699029,12.759581481927711,0.0
52.42069576699029,12.759724096385543,0.0
52.42069576699029,12.759866710843374,0.0
52.42069576699029,12.760009325301205,0.0
52.42069576699029,12.760151939759037,0.0
52.42069576699029,12.760294554216868,0.0
52.42069576699029,12.760437168674699,0.00024259234186798598
52.42069576699029,12.760579783132531,0.0006818295656466373
52.42069576699029,12.760722397590362,0.0010980179870692195
52.42069576699029,12.760865012048193,0.0014895738672667386
52.42069576699029,12.761007626506025,0.0018467509065141052
52.42069576699029,12.761150240963856,0.0021857263147868605
52.42069576699029,12.761292855421688,0.0024898628781003917
52.42069576699029,12.761435469879519,0.0027764299569444785
52.42069576699029,12.76157808433735,0.0030362617360524587
52.42069576699029,12.761720698795182,0.003269363120448153
52.42069576699029,12.761863313253013,0.003469618984050061
52.42069576699029,12.762005927710844,0.0036396606063414626
52.42069576699029,12.762148542168676,0.0037797049963733363
52.42069576699029,12.762291156626507,0.003894592616292938
52.42069576699029,12.762433771084337,0.003984149410657643
52.42069576699029,12.76257638554217,0.004037841819254389
52.42069576699029,12.762719,0.004066497267074418
52.42078850485437,12.750882,0.0
52.42078850485437,12.751024614457831,0.0
52.42078850485437,12.751167228915664,0.0
52.42078850485437,12.751309843373495,0.0
52.42078850485437,12.751452457831325,0.0
52.42078850485437,12.751595072289158,0.0
52.42078850485437,12.751737686746988,0.0
52.42078850485437,12.75188030120482,0.0
52.42078850485437,12.752022915662652,0.0
52.42078850485437,12.752165530120482,0.0
52.42078850485437,12.752308144578313,0.0
52.42078850485437,12.752450759036146,0.0
52.42078850485437,12.752593373493976,0.0
52.42078850485437,12.752735987951809,0.0
52.42078850485437,12.75287860240964,0.0
52.42078850485437,12.75302121686747,0.0
52.42078850485437,12.753163831325303,0.0
52.42078850485437,12.753306445783133,0.0
52.42078850485437,12.753449060240964,0.0
52.42078850485437,12.753591674698797,0.0
52.42078850485437,12.753734289156627,0.0
52.42078850485437,12.753876903614458,0.0
52.42078850485437,12.75401951807229,0.0
52.42078850485437,12.754162132530121,0.0
52.42078850485437,12.754304746987952,0.0
52.42078850485437,12.754447361445784,0.0
52.42078850485437,12.754589975903615,0.0
52.42078850485437,12.754732590361446,0.0
52.42078850485437,12.754875204819278,0.0
52.42078850485437,12.755017819277109,0.0
52.42078850485437,12.75516043373494,0.0
52.42078850485437,12.755303048192772,0.0
52.42078850485437,12.755445662650603,0.0
52.42078850485437,12.755588277108435,0.0
52.42078850485437,12.755730891566266,0.0
52.42078850485437,12.755873506024097,0.0
52.42078850485437,12.75601612048193,0.0
52.42078850485437,12.75615873493976,0.0
52.42078850485437,12.75630134939759,0.0
52.42078850485437,12.756443963855423,0.0
52.42078850485437,12.756586578313254,0.0
52.42078850485437,12.756729192771084,0.0
52.42078850485437,12.756871807228917,0.0
52.42078850485437,12.757014421686748,0.0
52.42078850485437,12.757157036144578,0.0
52.42078850485437,12.75729965060241,0.0
52.42078850485437,12.757442265060241,0.0
52.42078850485437,12.757584879518072,0.0
52.42078850485437,12.757727493975905,0.0
52.42078850485437,12.757870108433735,0.0
52.42078850485437,12.758012722891566,0.0
52.42078850485437,12.758155337349399,0.0
52.42078850485437,12.75829795180723,0.0
52.42078850485437,12.758440566265062,0.0
52.42078850485437,12.758583180722892,0.0
52.42078850485437,12.758725795180723,0.0
52.42078850485437,12.758868409638556,0.0
52.42078850485437,12.759011024096386,0.0
52.42078850485437,12.759153638554217,0.0
52.42078850485437,12.75929625301205,0.0
52.42078850485437,12.75943886746988,0.0
52.42078850485437,12.759581481927711,0.0
52.42078850485437,12.759724096385543,0.0
52.42078850485437,12.759866710843374,0.0
52.42078850485437,12.760009325301205,0.0
52.42078850485437,12.760151939759037,0.00033422010419630055
52.42078850485437,12.760294554216868,0.0008302985262247301
52.42078850485437,12.760437168674699,0.0012985437018532085
52.42078850485437,12.760579783132531,0.0017407382779385267
52.42078850485437,12.760722397590362,0.0021597285269895497
52.42078850485437,12.760865012048193,0.002553912484798384
52.42078850485437,12.761007626506025,0.0029135154848093396
52.42078850485437,12.761150240963856,0.003254792785299427
52.42078850485437,12.761292855421688,0.0035610127803388384
52.42078850485437,12.761435469879519,0.0038495053887433635
52.42078850485437,12.76157808433735,0.004111146246437564
52.42078850485437,12.761720698795182,0.004345838935370118
52.42078850485437,12.761863313253013,0.004547395432707843
52.42078850485437,12.762005927710844,0.004718643623302411
52.42078850485437,12.762148542168676,0.004859696104042955
52.42078850485437,12.762291156626507,0.004975324509737907
52.42078850485437,12.762433771084337,0.0050654100198866524
52.42078850485437,12.76257638554217,0.005119492451626615
52.42078850485437,12.762719,0.0051483270901460645
52.420881242718444,12.750882,0.0
52.420881242718444,12.751024614457831,0.0
52.420881242718444,12.751167228915664,0.0
52.420881242718444,12.751309843373495,0.0
52.420881242718444,12.751452457831325,0.0
52.420881242718444,12.751595072289158,0.0
52.420881242718444,12.751737686746988,0.0
52.420881242718444,12.75188030120482,0.0
52.420881242718444,12.752022915662652,0.0
52.420881242718444,12.752165530120482,0.0
52.420881242718444,12.752308144578313,0.0
52.420881242718444,12.752450759036146,0.0
52.420881242718444,12.752593373493976,0.0
52.420881242718444,12.752735987951809,0.0
52.420881242718444,12.75287860240964,0.0
52.420881242718444,12.75302121686747,0.0
52.420881242718444,12.753163831325303,0.0
52.420881242718444,12.753306445783133,0.0
52.420881242718444,12.753449060240964,0.0
52.420881242718444,12.753591674698797,0.0
52.420881242718444,12.753734289156627,0.0
52.420881242718444,12.753876903614458,0.0
52.420881242718444,12.75401951807229,0.0
52.420881242718444,12.754162132530121,0.0
52.420881242718444,12.754304746987952,0.0
52.420881242718444,12.754447361445784,0.0
52.420881242718444,12.754589975903615,0.0
52.420881242718444,12.754732590361446,0.0
52.420881242718444,12.754875204819278,0.0
52.420881242718444,12.755017819277109,0.0
52.420881242718444,12.75516043373494,0.0
52.420881242718444,12.755303048192772,0.0
52.420881242718444,12.755445662650603,0.0
52.420881242718444,12.755588277108435,0.0
52.420881242718444,12.755730891566266,0.0
52.420881242718444,12.755873506024097,0.0
52.420881242718444,12.75601612048193,0.0
52.420881242718444,12.75615873493976,0.0
52.420881242718444,12.75630134939759,0.0
52.420881242718444,12.756443963855423,0.0
52.420881242718444,12.756586578313254,0.0
52.420881242718444,12.756729192771084,0.0
52.420881242718444,12.756871807228917,0.0
52.420881242718444,12.757014421686748,0.0
52.420881242718444,12.757157036144578,0.0
52.420881242718444,12.75729965060241,0.0
52.420881242718444,12.757442265060241,0.0
52.420881242718444,12.757584879518072,0.0
52.420881242718444,12.757727493975905,0.0
52.420881242718444,12.757870108433735,0.0
52.420881242718444,12.758012722891566,0.0
52.420881242718444,12.758155337349399,0.0
52.420881242718444,12.75829795180723,0.0
52.420881242718444,12.758440566265062,0.0
52.420881242718444,12.758583180722892,0.0
52.420881242718444,12.758725795180723,0.0
52.420881242718444,12.758868409638556,0.0
52.420881242718444,12.759011024096386,0.0
52.420881242718444,12.759153638554217,0.0
52.420881242718444,12.75929625301205,0.0
52.420881242718444,12.75943886746988,0.0
52.420881242718444,12.759581481927711,0.0
52.420881242718444,12.759724096385543,0.0
52.420881242718444,12.759866710843374,0.00028263057662952784
52.420881242718444,12.760009325301205,0.0008247596910208287
52.420881242718444,12.760151939759037,0.0013419861189963682
52.420881242718444,12.760294554216868,0.0018412713979253578
52.420881242718444,12.760437168674699,0.0023125671364428065
52.420881242718444,12.760579783132531,0.002757608331495961
52.420881242718444,12.760722397590362,0.003179295657813084
52.420881242718444,12.760865012048193,0.0035760092910048953
52.420881242718444,12.761007626506025,0.003937947243928109
52.420881242718444,12.761150240963856,0.004281440008387217
52.420881242718444,12.761292855421688,0.004589665725414069
52.420881242718444,12.761435469879519,0.00488001200961068
52.420881242718444,12.76157808433735,0.005143394203552334
52.420881242718444,12.761720698795182,0.0053796189640358035
52.420881242718444,12.761863313253013,0.005582427578531677
52.420881242718444,12.762005927710844,0.005754837186217635
52.420881242718444,12.762148542168676,0.005896859783202826
52.420881242718444,12.762291156626507,0.006013201569007793
52.420881242718444,12.762433771084337,0.006103795782625916
52.420881242718444,12.76257638554217,0.0061582536665039985
52.420881242718444,12.762719,0.006187260898214737
52.420973980582524,12.750882,0.0
52.420973980582524,12.751024614457831,0.0
52.420973980582524,12.751167228915664,0.0
52.420973980582524,12.751309843373495,0.0
52.420973980582524,12.751452457831325,0.0
52.420973980582524,12.751595072289158,0.0
52.420973980582524,12.751737686746988,0.0
52.420973980582524,12.75188030120482,0.0
52.420973980582524,12.752022915662652,0.0
52.420973980582524,12.752165530120482,0.0
52.420973980582524,12.752308144578313,0.0
52.420973980582524,12.752450759036146,0.0
52.420973980582524,12.752593373493976,0.0
52.420973980582524,12.752735987951809,0.0
52.420973980582524,12.75287860240964,0.0
52.420973980582524,12.75302121686747,0.0
52.420973980582524,12.753163831325303,0.0
52.420973980582524,12.753306445783133,0.0
52.420973980582524,12.753449060240964,0.0
52.420973980582524,12.753591674698797,0.0
52.420973980582524,12.753734289156627,0.0
52.420973980582524,12.753876903614458,0.0
52.420973980582524,12.75401951807229,0.0
52.420973980582524,12.754162132530121,0.0
52.420973980582524,12.754304746987952,0.0
52.420973980582524,12.754447361445784,0.0
52.420973980582524,12.754589975903615,0.0
52.420973980582524,12.754732590361446,0.0
52.420973980582524,12.754875204819278,0.0
52.420973980582524,12.755017819277109,0.0
52.420973980582524,12.75516043373494,0.0
52.420973980582524,12.755303048192772,0.0
52.420973980582524,12.755445662650603,0.0
52.420973980582524,12.755588277108435,0.0
52.420973980582524,12.755730891566266,0.0
52.420973980582524,12.755873506024097,0.0
52.420973980582524,12.75601612048193,0.0
52.420973980582524,12.75615873493976,0.0
52.420973980582524,12.75630134939759,0.0
52.420973980582524,12.756443963855423,0.0
52.420973980582524,12.756586578313254,0.0
52.420973980582524,12.756729192771084,0.0
52.420973980582524,12.756871807228917,0.0
52.420973980582524,12.757014421686748,0.0
52.420973980582524,12.757157036144578,0.0
52.420973980582524,12.75729965060241,0.0
52.420973980582524,12.757442265060241,0.0
52.420973980582524,12.757584879518072,0.0
52.420973980582524,12.757727493975905,0.0
52.420973980582524,12.757870108433735,0.0
52.420973980582524,12.758012722891566,0.0
52.420973980582524,12.758155337349399,0.0
52.420973980582524,12.75829795180723,0.0
52.420973980582524,12.758440566265062,0.0
52.420973980582524,12.758583180722892,0.0
52.420973980582524,12.758725795180723,0.0
52.420973980582524,12.758868409638556,0.0
52.420973980582524,12.759011024096386,0.0
52.420973980582524,12.759153638554217,0.0
52.420973980582524,12.75929625301205,0.0
52.420973980582524,12.75943886746988,0.0
52.420973980582524,12.759581481927711,8.398717269575244e-05
52.420973980582524,12.759724096385543,0.0006701103193627357
52.420973980582524,12.759866710843374,0.0012382513875736842
52.420973980582524,12.760009325301205,0.00178367681569961
52.420973980582524,12.760151939759037,0.0023041016466323755
52.420973980582524,12.760294554216868,0.0028064386310507096
52.420973980582524,12.760437168674699,0.0032806369760793293
52.420973980582524,12.760579783132531,0.003728386733640548
52.420973980582524,12.760722397590362,0.004152640543545109
52.420973980582524,12.760865012048193,0.004551760603494829
52.420973980582524,12.761007626506025,0.004915919912582186
52.420973980582524,12.761150240963856,0.005261520845951913
52.420973980582524,12.761292855421688,0.005571654732735515
52.420973980582524,12.761435469879519,0.0058637651722714765
52.420973980582524,12.76157808433735,0.006128804695938208
52.420973980582524,12.761720698795182,0.006366487693355795
52.420973980582524,12.761863313253013,0.006570486932634501
52.420973980582524,12.762005927710844,0.006744002083946292
52.420973980582524,12.762148542168676,0.006886948222201343
52.420973980582524,12.762291156626507,0.007003968473093173
52.420973980582524,12.762433771084337,0.007095046567594935
52.420973980582524,12.76257638554217,0.007149861739988864
52.420973980582524,12.762719,0.007179032895483371
52.4210667184466,12.750882,0.0
52.4210667184466,12.751024614457831,0.0
52.4210667184466,12.751167228915664,0.0
52.4210667184466,12.751309843373495,0.0
52.4210667184466,12.751452457831325,0.0
52.4210667184466,12.751595072289158,0.0
52.4210667184466,12.751737686746988,0.0
52.4210667184466,12.75188030120482,0.0
52.4210667184466,12.752022915662652,0.0
52.4210667184466,12.752165530120482,0.0
52.4210667184466,12.752308144578313,0.0
52.4210667184466,12.752450759036146,0.0
52.4210667184466,12.752593373493976,0.0
52.4210667184466,12.752735987951809,0.0
52.4210667184466,12.75287860240964,0.0
52.4210667184466,12.75302121686747,0.0
52.4210667184466,12.753163831325303,0.0
52.4210667184466,12.753306445783133,0.0
52.4210667184466,12.753449060240964,0.0
52.4210667184466,12.753591674698797,0.0
52.4210667184466,12.753734289156627,0.0
52.4210667184466,12.753876903614458,0.0
52.4210667184466,12.75401951807229,0.0
52.4210667184466,12.754162132530121,0.0
52.4210667184466,12.754304746987952,0.0
52.4210667184466,12.754447361445784,0.0
52.4210667184466,12.754589975903615,0.0
52.4210667184466,12.754732590361446,0.0
52.4210667184466,12.754875204819278,0.0
52.4210667184466,12.755017819277109,0.0
52.4210667184466,12.75516043373494,0.0
52.4210667184466,12.755303048192772,0.0
52.4210667184466,12.755445662650603,0.0
52.4210667184466,12.755588277108435,0.0
52.4210667184466,12.755730891566266,0.0
52.4210667184466,12.755873506024097,0.0
52.4210667184466,12.75601612048193,0.0
52.4210667184466,12.75615873493976,0.0
52.4210667184466,12.75630134939759,0.0
52.4210667184466,12.756443963855423,0.0
52.4210667184466,12.756586578313254,0.0
52.4210667184466,12.756729192771084,0.0
52.4210667184466,12.756871807228917,0.0
52.4210667184466,12.757014421686748,0.0
52.4210667184466,12.757157036144578,0.0
52.4210667184466,12.75729965060241,0.0
52.4210667184466,12.757442265060241,0.0
52.4210667184466,12.757584879518072,0.0
52.4210667184466,12.757727493975905,0.0
52.4210667184466,12.757870108433735,0.0
52.4210667184466,12.758012722891566,0.0
52.4210667184466,12.758155337349399,0.0
52.4210667184466,12.75829795180723,0.0
52.4210667184466,12.758440566265062,0.0
52.4210667184466,12.758583180722892,0.0
52.4210667184466,12.758725795180723,0.0
52.4210667184466,12.758868409638556,0.0
52.4210667184466,12.759011024096386,0.0
52.4210667184466,12.759153638554217,0.0
52.4210667184466,12.75929625301205,0.0
52.4210667184466,12.75943886746988,0.0003865502501241014
52.4210667184466,12.759581481927711,0.0009924944512068618
52.4210667184466,12.759724096385543,0.001582020354378504
52.4210667184466,12.759866710843374,0.0021534846430983495
52.4210667184466,12.760009325301205,0.00270207067236306
52.4210667184466,12.760151939759037,0.003225562367782764
52.4210667184466,12.760294554216868,0.0037308256849389316
52.4210667184466,12.760437168674699,0.004207807422454861
52.4210667184466,12.760579783132531,0.004658154307557718
52.4210667184466,12.760722397590362,0.005084869135703455
52.4210667184466,12.760865012048193,0.005486296812548256
52.4210667184466,12.761007626506025,0.0058525861953087725
52.4210667184466,12.761150240963856,0.006200208346651543
52.4210667184466,12.761292855421688,0.006512172290205279
52.4210667184466,12.761435469879519,0.0068059744385896535
52.4210667184466,12.76157808433735,0.007072603111094207
52.4210667184466,12.761720698795182,0.007311684281447338
52.4210667184466,12.761863313253013,0.007516825389177858
52.4210667184466,12.762005927710844,0.007691400522388206
52.4210667184466,12.762148542168676,0.007835232279269149
52.4210667184466,12.762291156626507,0.007952903201186757
52.4210667184466,12.762433771084337,0.008044445547250105
52.4210667184466,12.76257638554217,0.008099603032911021
52.4210667184466,12.762719,0.0081289314921754
52.42115945631068,12.750882,0.0
52.42115945631068,12.751024614457831,0.0
52.42115945631068,12.751167228915664,0.0
52.42115945631068,12.751309843373495,0.0
52.42115945631068,12.751452457831325,0.0
52.42115945631068,12.751595072289158,0.0
52.42115945631068,12.751737686746988,0.0
52.42115945631068,12.75188030120482,0.0
52.42115945631068,12.752022915662652,0.0
52.42115945631068,12.752165530120482,0.0
52.42115945631068,12.752308144578313,0.0
52.42115945631068,12.752450759036146,0.0
52.42115945631068,12.752593373493976,0.0
52.42115945631068,12.752735987951809,0.0
52.42115945631068,12.75287860240964,0.0
52.42115945631068,12.75302121686747,0.0
52.42115945631068,12.753163831325303,0.0
52.42115945631068,12.753306445783133,0.0
52.42115945631068,12.753449060240964,0.0
52.42115945631068,12.753591674698797,0.0
52.42115945631068,12.753734289156627,0.0
52.42115945631068,12.753876903614458,0.0
52.42115945631068,12.75401951807229,0.0
52.42115945631068,12.754162132530121,0.0
52.42115945631068,12.754304746987952,0.0
52.42115945631068,12.754447361445784,0.0
52.42115945631068,12.754589975903615,0.0
52.42115945631068,12.754732590361446,0.0
52.42115945631068,12.754875204819278,0.0
52.42115945631068,12.755017819277109,0.0
52.42115945631068,12.75516043373494,0.0
52.42115945631068,12.755303048192772,0.0
52.42115945631068,12.755445662650603,0.0
52.42115945631068,12.755588277108435,0.0
52.42115945631068,12.755730891566266,0.0
52.42115945631068,12.755873506024097,0.0
52.42115945631068,12.75601612048193,0.0
52.42115945631068,12.75615873493976,0.0
52.42115945631068,12.75630134939759,0.0
52.42115945631068,12.756443963855423,0.0
52.42115945631068,12.756586578313254,0.0
52.42115945631068,12.756729192771084,0.0
52.42115945631068,12.756871807228917,0.0
52.42115945631068,12.757014421686748,0.0
52.42115945631068,12.757157036144578,0.0
52.42115945631068,12.75729965060241,0.0
52.42115945631068,12.757442265060241,0.0
52.42115945631068,12.757584879518072,0.0
52.42115945631068,12.757727493975905,0.0
52.42115945631068,12.757870108433735,0.0
52.42115945631068,12.758012722891566,0.0
52.42115945631068,12.758155337349399,0.0
52.42115945631068,12.75829795180723,0.0
52.42115945631068,12.758440566265062,0.0
52.42115945631068,12.758583180722892,0.0
52.42115945631068,12.758725795180723,0.0
52.42115945631068,12.758868409638556,0.0
52.42115945631068,12.759011024096386,0.0
52.42115945631068,12.759153638554217,0.0
52.42115945631068,12.75929625301205,0.000619323403873918
52.42115945631068,12.75943886746988,0.0012565025537152781
52.42115945631068,12.759581481927711,0.0018658256188485416
52.42115945631068,12.759724096385543,0.0024586271815104158
52.42115945631068,12.759866710843374,0.003033290265265297
52.42115945631068,12.760009325301205,0.00358491934533562
52.42115945631068,12.760151939759037,0.004111363096313998
52.42115945631068,12.760294554216868,0.004619443245839981
52.42115945631068,12.760437168674699,0.005099104375232978
52.42115945631068,12.760579783132531,0.005551952059393886
52.42115945631068,12.760722397590362,0.005981036485256871
52.42115945631068,12.760865012048193,0.006384685711409509
52.42115945631068,12.761007626506025,0.006753026622564107
52.42115945631068,12.761150240963856,0.007102594353382002
52.42115945631068,12.761292855421688,0.0074163203520241595
52.42115945631068,12.761435469879519,0.007711751376101902
52.42115945631068,12.76157808433735,0.007979909239096358
52.42115945631068,12.761720698795182,0.008220336361399806
52.42115945631068,12.761863313253013,0.00842657712990393
52.42115945631068,12.762005927710844,0.008602172428691917
52.42115945631068,12.762148542168676,0.008746856547859491
52.42115945631068,12.762291156626507,0.00886515431492196
52.42115945631068,12.762433771084337,0.00895714428951793
52.42115945631068,12.76257638554217,0.009012631506674206
52.42115945631068,12.762719,0.009042111428599996
52.421252194174755,12.750882,0.0
52.421252194174755,12.751024614457831,0.0
52.421252194174755,12.751167228915664,0.0
52.421252194174755,12.751309843373495,0.0
52.421252194174755,12.751452457831325,0.0
52.421252194174755,12.751595072289158,0.0
52.421252194174755,12.751737686746988,0.0
52.421252194174755,12.75188030120482,0.0
52.421252194174755,12.752022915662652,0.0
52.421252194174755,12.752165530120482,0.0
52.421252194174755,12.752308144578313,0.0
52.421252194174755,12.752450759036146,0.0
52.421252194174755,12.752593373493976,0.0
52.421252194174755,12.752735987951809,0.0
52.421252194174755,12.75287860240964,0.0
52.421252194174755,12.75302121686747,0.0
52.421252194174755,12.753163831325303,0.0
52.421252194174755,12.753306445783133,0.0
52.421252194174755,12.753449060240964,0.0
52.421252194174755,12.753591674698797,0.0
52.421252194174755,12.753734289156627,0.0
52.421252194174755,12.753876903614458,0.0
52.421252194174755,12.75401951807229,0.0
52.421252194174755,12.754162132530121,0.0
52.421252194174755,12.754304746987952,0.0
52.421252194174755,12.754447361445784,0.0
52.421252194174755,12.754589975903615,0.0
52.421252194174755,12.754732590361446,0.0
52.421252194174755,12.754875204819278,0.0
52.421252194174755,12.755017819277109,0.0
52.421252194174755,12.75516043373494,0.0
52.421252194174755,12.755303048192772,0.0
52.421252194174755,12.755445662650603,0.0
52.421252194174755,12.755588277108435,0.0
52.421252194174755,12.755730891566266,0.0
52.421252194174755,12.755873506024097,0.0
52.421252194174755,12.75601612048193,0.0
52.421252194174755,12.75615873493976,0.0
52.421252194174755,12.75630134939759,0.0
52.421252194174755,12.756443963855423,0.0
52.421252194174755,12.756586578313254,0.0
52.421252194174755,12.756729192771084,0.0
52.421252194174755,12.756871807228917,0.0
52.421252194174755,12.757014421686748,0.0
52.421252194174755,12.757157036144578,0.0
52.421252194174755,12.75729965060241,0.0
52.421252194174755,12.757442265060241,0.0
52.421252194174755,12.757584879518072,0.0
52.421252194174755,12.757727493975905,0.0
52.421252194174755,12.757870108433735,0.0
52.421252194174755,12.758012722891566,0.0
52.421252194174755,12.758155337349399,0.0
52.421252194174755,12.75829795180723,0.0
52.421252194174755,12.758440566265062,0.0
52.421252194174755,12.758583180722892,0.0
52.421252194174755,12.758725795180723,0.0
52.421252194174755,12.758868409638556,0.0
52.421252194174755,12.759011024096386,9.276852574752886e-05
52.421252194174755,12.759153638554217,0.0007737402501974502
52.421252194174755,12.75929625301205,0.0014302377705409743
52.421252194174755,12.75943886746988,0.002070800082649581
52.421252194174755,12.759581481927711,0.0026833698049793285
52.421252194174755,12.759724096385543,0.003279319027894117
52.421252194174755,12.759866710843374,0.003857055723007055
52.421252194174755,12.760009325301205,0.004411608733998255
52.421252194174755,12.760151939759037,0.004940888980999515
52.421252194174755,12.760294554216868,0.005451675707123166
52.421252194174755,12.760437168674699,0.00593391120622981
52.421252194174755,12.760579783132531,0.006389161942818543
52.421252194174755,12.760722397590362,0.006820523621499602
52.421252194174755,12.760865012048193,0.007226307636324078
52.421252194174755,12.761007626506025,0.007596619914117691
52.421252194174755,12.761150240963856,0.007948057037461364
52.421252194174755,12.761292855421688,0.008263476890144944
52.421252194174755,12.761435469879519,0.008560473432060517
52.421252194174755,12.76157808433735,0.008830100050516803
52.421252194174755,12.761720698795182,0.009071820490354354
52.421252194174755,12.761863313253013,0.009279118732361116
52.421252194174755,12.762005927710844,0.009455693961975334
52.421252194174755,12.762148542168676,0.009601196829606227
52.421252194174755,12.762291156626507,0.009720097808792487
52.421252194174755,12.762433771084337,0.009812518635459852
52.421252194174755,12.76257638554217,0.009868322999469159
52.421252194174755,12.762719,0.009897948712070444
52.421344932038835,12.750882,0.0
52.421344932038835,12.751024614457831,0.0
52.421344932038835,12.751167228915664,0.0
52.421344932038835,12.751309843373495,0.0
52.421344932038835,12.751452457831325,0.0
52.421344932038835,12.751595072289158,0.0
52.421344932038835,12.751737686746988,0.0
52.421344932038835,12.75188030120482,0.0
52.421344932038835,12.752022915662652,0.0
52.421344932038835,12.752165530120482,0.0
52.421344932038835,12.752308144578313,0.0
52.421344932038835,12.752450759036146,0.0
52.421344932038835,12.752593373493976,0.0
52.421344932038835,12.752735987951809,0.0
52.421344932038835,12.75287860240964,0.0
52.421344932038835,12.75302121686747,0.0
52.421344932038835,12.753163831325303,0.0
52.421344932038835,12.753306445783133,0.0
52.421344932038835,12.753449060240964,0.0
52.421344932038835,12.753591674698797,0.0
52.421344932038835,12.753734289156627,0.0
52.421344932038835,12.753876903614458,0.0
52.421344932038835,12.75401951807229,0.0
52.421344932038835,12.754162132530121,0.0
52.421344932038835,12.754304746987952,0.0
52.421344932038835,12.754447361445784,0.0
52.421344932038835,12.754589975903615,0.0
52.421344932038835,12.754732590361446,0.0
52.421344932038835,12.754875204819278,0.0
52.421344932038835,12.755017819277109,0.0
52.421344932038835,12.75516043373494,0.0
52.421344932038835,12.755303048192772,0.0
52.421344932038835,12.755445662650603,0.0
52.421344932038835,12.755588277108435,0.0
52.421344932038835,12.755730891566266,0.0
52.421344932038835,12.755873506024097,0.0
52.421344932038835,12.75601612048193,0.0
52.421344932038835,12.75615873493976,0.0
52.421344932038835,12.75630134939759,0.0
52.421344932038835,12.756443963855423,0.0
52.421344932038835,12.756586578313254,0.0
52.421344932038835,12.756729192771084,0.0
52.421344932038835,12.756871807228917,0.0
52.421344932038835,12.757014421686748,0.0
52.421344932038835,12.757157036144578,0.0
52.421344932038835,12.75729965060241,0.0
52.421344932038835,12.757442265060241,0.0
52.421344932038835,12.757584879518072,0.0
52.421344932038835,12.757727493975905,0.0
52.421344932038835,12.757870108433735,0.0
52.421344932038835,12.758012722891566,0.0
52.421344932038835,12.758155337349399,0.0
52.421344932038835,12.75829795180723,0.0
52.421344932038835,12.758440566265062,0.0
52.421344932038835,12.758583180722892,0.0
52.421344932038835,12.758725795180723,0.0
52.421344932038835,12.758868409638556,0.00016315679181018103
52.421344932038835,12.759011024096386,0.000862919995679853
52.421344932038835,12.759153638554217,0.0015472489510189496
52.421344932038835,12.75929625301205,0.0022069611138584287
52.421344932038835,12.75943886746988,0.002850668209044026
52.421344932038835,12.759581481927711,0.0034662554307320704
52.421344932038835,12.759724096385543,0.004065130204772199
52.421344932038835,12.759866710843374,0.004645724200365797
52.421344932038835,12.760009325301205,0.005202994787918581
52.421344932038835,12.760151939759037,0.005734911730790621
52.421344932038835,12.760294554216868,0.006248214582221203
52.421344932038835,12.760437168674699,0.006732843157275291
52.421344932038835,12.760579783132531,0.007190327202652807
52.421344932038835,12.760722397590362,0.00762380511043323
52.421344932038835,12.760865012048193,0.008031573119735725
52.421344932038835,12.761007626506025,0.00840371731778371
52.421344932038835,12.761150240963856,0.008756892214967248
52.421344932038835,12.761292855421688,0.009073886041507544
52.421344932038835,12.761435469879519,0.00937233746203094
52.421344932038835,12.76157808433735,0.009643330299909594
52.421344932038835,12.761720698795182,0.009886252938020588
52.421344932038835,12.761863313253013,0.010094532689417896
52.421344932038835,12.762005927710844,0.01027201904062192
52.421344932038835,12.762148542168676,0.010418283229120596
52.421344932038835,12.762291156626507,0.010537743880084464
52.421344932038835,12.762433771084337,0.010630564089754815
52.421344932038835,12.76257638554217,0.01068666308873126
52.421344932038835,12.762719,0.010716424015493279
52.421437669902915,12.750882,0.0
52.421437669902915,12.751024614457831,0.0
52.421437669902915,12.751167228915664,0.0
52.421437669902915,12.751309843373495,0.0
52.421437669902915,12.751452457831325,0.0
52.421437669902915,12.751595072289158,0.0
52.421437669902915,12.751737686746988,0.0
52.421437669902915,12.75188030120482,0.0
52.421437669902915,12.752022915662652,0.0
52.421437669902915,12.752165530120482,0.0
52.421437669902915,12.752308144578313,0.0
52.421437669902915,12.752450759036146,0.0
52.421437669902915,12.752593373493976,0.0
52.421437669902915,12.752735987951809,0.0
52.421437669902915,12.75287860240964,0.0
52.421437669902915,12.75302121686747,0.0
52.421437669902915,12.753163831325303,0.0
52.421437669902915,12.753306445783133,0.0
52.421437669902915,12.753449060240964,0.0
52.421437669902915,12.753591674698797,0.0
52.421437669902915,12.753734289156627,0.0
52.421437669902915,12.753876903614458,0.0
52.421437669902915,12.75401951807229,0.0
52.421437669902915,12.754162132530121,0.0
52.421437669902915,12.754304746987952,0.0
52.421437669902915,12.754447361445784,0.0
52.421437669902915,12.754589975903615,0.0
52.421437669902915,12.754732590361446,0.0
52.421437669902915,12.754875204819278,0.0
52.421437669902915,12.755017819277109,0.0
52.421437669902915,12.75516043373494,0.0
52.421437669902915,12.755303048192772,0.0
52.421437669902915,12.755445662650603,0.0
52.421437669902915,12.755588277108435,0.0
52.421437669902915,12.755730891566266,0.0
52.421437669902915,12.755873506024097,0.0
52.421437669902915,12.75601612048193,0.0
52.421437669902915,12.75615873493976,0.0
52.421437669902915,12.75630134939759,0.0
52.421437669902915,12.756443963855423,0.0
52.421437669902915,12.756586578313254,0.0
52.421437669902915,12.756729192771084,0.0
52.421437669902915,12.756871807228917,0.0
52.421437669902915,12.757014421686748,0.0
52.421437669902915,12.757157036144578,0.0
52.421437669902915,12.75729965060241,0.0
52.421437669902915,12.757442265060241,0.0
52.421437669902915,12.757584879518072,0.0
52.421437669902915,12.757727493975905,0.0
52.421437669902915,12.757870108433735,0.0
52.421437669902915,12.758012722891566,0.0
52.421437669902915,12.758155337349399,0.0
52.421437669902915,12.75829795180723,0.0
52.421437669902915,12.758440566265062,0.0
52.421437669902915,12.758583180722892,0.0
52.421437669902915,12.758725795180723,0.00016023341159928468
52.421437669902915,12.758868409638556,0.0008787648696724718
52.421437669902915,12.759011024096386,0.0015817320826167092
52.421437669902915,12.759153638554217,0.002269226746832433
52.421437669902915,12.75929625301205,0.0029319698220729748
52.421437669902915,12.75943886746988,0.003578642131839076
52.421437669902915,12.759581481927711,0.004197074777287359
52.421437669902915,12.759724096385543,0.004798708052112351
52.421437669902915,12.759866710843374,0.0053819963987947195
52.421437669902915,12.760009325301205,0.005941829441764682
52.421437669902915,12.760151939759037,0.0064762329165576026
52.421437669902915,12.760294554216868,0.00699190817620511
52.421437669902915,12.760437168674699,0.007478793647464993
52.421437669902915,12.760579783132531,0.007938383368849269
52.421437669902915,12.760722397590362,0.008373856765751217
52.421437669902915,12.760865012048193,0.008783495517480203
52.421437669902915,12.761007626506025,0.009157367020857841
52.421437669902915,12.761150240963856,0.00951218047402806
52.421437669902915,12.761292855421688,0.009830658515540769
52.421437669902915,12.761435469879519,0.010130481879117867
52.421437669902915,12.76157808433735,0.010402762937921386
52.421437669902915,12.761720698795182,0.010646819399569988
52.421437669902915,12.761863313253013,0.010856024935099441
52.421437669902915,12.762005927710844,0.011034370208406512
52.421437669902915,12.762148542168676,0.011181352680038807
52.421437669902915,12.762291156626507,0.011301341116847248
52.421437669902915,12.762433771084337,0.011394538410419864
52.421437669902915,12.76257638554217,0.011450915278175421
52.421437669902915,12.762719,0.011480803735841537
52.421530407766994,12.750882,0.0
52.421530407766994,12.751024614457831,0.0
52.421530407766994,12.751167228915664,0.0
52.421530407766994,12.751309843373495,0.0
52.421530407766994,12.751452457831325,0.0
52.421530407766994,12.751595072289158,0.0
52.421530407766994,12.751737686746988,0.0
52.421530407766994,12.75188030120482,0.0
52.421530407766994,12.752022915662652,0.0
52.421530407766994,12.752165530120482,0.0
52.421530407766994,12.752308144578313,0.0
52.421530407766994,12.752450759036146,0.0
52.421530407766994,12.752593373493976,0.0
52.421530407766994,12.752735987951809,0.0
52.421530407766994,12.75287860240964,0.0
52.421530407766994,12.75302121686747,0.0
52.421530407766994,12.753163831325303,0.0
52.421530407766994,12.753306445783133,0.0
52.421530407766994,12.753449060240964,0.0
52.421530407766994,12.753591674698797,0.0
52.421530407766994,12.753734289156627,0.0
52.421530407766994,12.753876903614458,0.0
52.421530407766994,12.75401951807229,0.0
52.421530407766994,12.754162132530121,0.0
52.421530407766994,12.754304746987952,0.0
52.421530407766994,12.754447361445784,0.0
52.421530407766994,12.754589975903615,0.0
52.421530407766994,12.754732590361446,0.0
52.421530407766994,12.754875204819278,0.0
52.421530407766994,12.755017819277109,0.0
52.421530407766994,12.75516043373494,0.0
52.421530407766994,12.755303048192772,0.0
52.421530407766994,12.755445662650603,0.0
52.421530407766994,12.755588277108435,0.0
52.421530407766994,12.755730891566266,0.0
52.421530407766994,12.755873506024097,0.0
52.421530407766994,12.75601612048193,0.0
52.421530407766994,12.75615873493976,0.0
52.421530407766994,12.75630134939759,0.0
52.421530407766994,12.756443963855423,0.0
52.421530407766994,12.756586578313254,0.0
52.421530407766994,12.756729192771084,0.0
52.421530407766994,12.756871807228917,0.0
52.421530407766994,12.757014421686748,0.0
52.421530407766994,12.757157036144578,0.0
52.421530407766994,12.75729965060241,0.0
52.421530407766994,12.757442265060241,0.0
52.421530407766994,12.757584879518072,0.0
52.421530407766994,12.757727493975905,0.0
52.421530407766994,12.757870108433735,0.0
52.421530407766994,12.758012722891566,0.0
52.421530407766994,12.758155337349399,0.0
52.421530407766994,12.75829795180723,0.0
52.421530407766994,12.758440566265062,0.0
52.421530407766994,12.758583180722892,9.088410810064416e-05
52.421530407766994,12.758725795180723,0.0008313236845630409
52.421530407766994,12.758868409638556,0.0015529139994592857
52.421530407766994,12.759011024096386,0.0022588492955280554
52.421530407766994,12.759153638554217,0.002949277128107189
52.421530407766994,12.75929625301205,0.003614828042871759
52.421530407766994,12.75943886746988,0.004264247630989457
52.421530407766994,12.759581481927711,0.004885316054185439
52.421530407766994,12.759724096385543,0.005489504676581963
52.421530407766994,12.759866710843374,0.006075289395111025
52.421530407766994,12.760009325301205,0.00663749619895411
52.421530407766994,12.760151939759037,0.007174203392056506
52.421530407766994,12.760294554216868,0.007692076940617522
52.421530407766994,12.760437168674699,0.008181053097644515
52.421530407766994,12.760579783132531,0.008642593486137912
52.421530407766994,12.760722397590362,0.009079915692756083
52.421530407766994,12.760865012048193,0.009491287350600518
52.421530407766994,12.761007626506025,0.009866758733482549
52.421530407766994,12.761150240963856,0.010223090066695582
52.421530407766994,12.761292855421688,0.010542942820923383
52.421530407766994,12.761435469879519,0.010844037278225343
52.421530407766994,12.76157808433735,0.011117512272555807
52.421530407766994,12.761720698795182,0.011362619745493808
52.421530407766994,12.761863313253013,0.011572682445458
52.421530407766994,12.762005927710844,0.01175182381771294
52.421530407766994,12.762148542168676,0.01189947200718296
52.421530407766994,12.762291156626507,0.012019949422491464
52.421530407766994,12.762433771084337,0.012113495671408838
52.421530407766994,12.76257638554217,0.012170130036767273
52.421530407766994,12.762719,0.012200136614924539
52.42162314563107,12.750882,0.0
52.42162314563107,12.751024614457831,0.0
52.42162314563107,12.751167228915664,0.0
52.42162314563107,12.751309843373495,0.0
52.42162314563107,12.751452457831325,0.0
52.42162314563107,12.751595072289158,0.0
52.42162314563107,12.751737686746988,0.0
52.42162314563107,12.75188030120482,0.0
52.42162314563107,12.752022915662652,0.0
52.42162314563107,12.752165530120482,0.0
52.42162314563107,12.752308144578313,0.0
52.42162314563107,12.752450759036146,0.0
52.42162314563107,12.752593373493976,0.0
52.42162314563107,12.752735987951809,0.0
52.42162314563107,12.75287860240964,0.0
52.42162314563107,12.75302121686747,0.0
52.42162314563107,12.753163831325303,0.0
52.42162314563107,12.753306445783133,0.0
52.42162314563107,12.753449060240964,0.0
52.42162314563107,12.753591674698797,0.0
52.42162314563107,12.753734289156627,0.0
52.42162314563107,12.753876903614458,0.0
52.42162314563107,12.75401951807229,0.0
52.42162314563107,12.754162132530121,0.0
52.42162314563107,12.754304746987952,0.0
52.42162314563107,12.754447361445784,0.0
52.42162314563107,12.754589975903615,0.0
52.42162314563107,12.754732590361446,0.0
52.42162314563107,12.754875204819278,0.0
52.42162314563107,12.755017819277109,0.0
52.42162314563107,12.75516043373494,0.0
52.42162314563107,12.755303048192772,0.0
52.42162314563107,12.755445662650603,0.0
52.42162314563107,12.755588277108435,0.0
52.42162314563107,12.755730891566266,0.0
52.42162314563107,12.755873506024097,0.0
52.42162314563107,12.75601612048193,0.0
52.42162314563107,12.75615873493976,0.0
52.42162314563107,12.75630134939759,0.0
52.42162314563107,12.756443963855423,0.0
52.42162314563107,12.756586578313254,0.0
52.42162314563107,12.756729192771084,0.0
52.42162314563107,12.756871807228917,0.0
52.42162314563107,12.757014421686748,0.0
52.42162314563107,12.757157036144578,0.0
52.42162314563107,12.75729965060241,0.0
52.42162314563107,12.757442265060241,0.0
52.42162314563107,12.757584879518072,0.0
52.42162314563107,12.757727493975905,0.0
52.42162314563107,12.757870108433735,0.0
52.42162314563107,12.758012722891566,0.0
52.42162314563107,12.758155337349399,0.0
52.42162314563107,12.75829795180723,0.0
52.42162314563107,12.758440566265062,0.0
52.42162314563107,12.758583180722892,0.0007198775209245976
52.42162314563107,12.758725795180723,0.0014632954671115277
52.42162314563107,12.758868409638556,0.0021878275770928074
52.42162314563107,12.759011024096386,0.002896618272103711
52.42162314563107,12.759153638554217,0.003589866739952403
52.42162314563107,12.75929625301205,0.0042581189459064035
52.42162314563107,12.75943886746988,0.004910181056254995
52.42162314563107,12.759581481927711,0.005533785499259313
52.42162314563107,12.759724096385543,0.006140432746045858
52.42162314563107,12.759866710843374,0.0067286180473271895
52.42162314563107,12.760009325301205,0.007293108506419019
52.42162314563107,12.760151939759037,0.007832031413761247
52.42162314563107,12.760294554216868,0.008352019066139058
52.42162314563107,12.760437168674699,0.008843005802670507
52.42162314563107,12.760579783132531,0.009306423319323399
52.42162314563107,12.760722397590362,0.009745524213026494
52.42162314563107,12.760865012048193,0.010158563080278668
52.42162314563107,12.761007626506025,0.010535574326013633
52.42162314563107,12.761150240963856,0.010893365546663142
52.42162314563107,12.761292855421688,0.011214541886075296
52.42162314563107,12.761435469879519,0.01151685936780658
52.42162314563107,12.76157808433735,0.011791481741876166
52.42162314563107,12.761720698795182,0.012037599463016076
52.42162314563107,12.761863313253013,0.012248488007538597
52.42162314563107,12.762005927710844,0.012428394636374258
52.42162314563107,12.762148542168676,0.012576682884764368
52.42162314563107,12.762291156626507,0.012697631335859598
52.42162314563107,12.762433771084337,0.012791514466978602
52.42162314563107,12.76257638554217,0.012848396594762428
52.42162314563107,12.762719,0.012878516828286845
52.421715883495146,12.750882,0.0
52.421715883495146,12.751024614457831,0.0
52.421715883495146,12.751167228915664,0.0
52.421715883495146,12.751309843373495,0.0
52.421715883495146,12.751452457831325,0.0
52.421715883495146,12.751595072289158,0.0
52.421715883495146,12.751737686746988,0.0
52.421715883495146,12.75188030120482,0.0
52.421715883495146,12.752022915662652,0.0
52.421715883495146,12.752165530120482,0.0
52.421715883495146,12.752308144578313,0.0
52.421715883495146,12.752450759036146,0.0
52.421715883495146,12.752593373493976,0.0
52.421715883495146,12.752735987951809,0.0
52.421715883495146,12.75287860240964,0.0
52.421715883495146,12.75302121686747,0.0
52.421715883495146,12.753163831325303,0.0
52.421715883495146,12.753306445783133,0.0
52.421715883495146,12.753449060240964,0.0
52.421715883495146,12.753591674698797,0.0
52.421715883495146,12.753734289156627,0.0
52.421715883495146,12.753876903614458,0.0
52.421715883495146,12.75401951807229,0.0
52.421715883495146,12.754162132530121,0.0
52.421715883495146,12.754304746987952,0.0
52.421715883495146,12.754447361445784,0.0
52.421715883495146,12.754589975903615,0.0
52.421715883495146,12.754732590361446,0.0
52.421715883495146,12.754875204819278,0.0
52.421715883495146,12.755017819277109,0.0
52.421715883495146,12.75516043373494,0.0
52.421715883495146,12.755303048192772,0.0
52.421715883495146,12.755445662650603,0.0
52.421715883495146,12.755588277108435,0.0
52.421715883495146,12.755730891566266,0.0
52.421715883495146,12.755873506024097,0.0
52.421715883495146,12.75601612048193,0.0
52.421715883495146,12.75615873493976,0.0
52.421715883495146,12.75630134939759,0.0
52.421715883495146,12.756443963855423,0.0
52.421715883495146,12.756586578313254,0.0
52.421715883495146,12.756729192771084,0.0
52.421715883495146,12.756871807228917,0.0
52.421715883495146,12.757014421686748,0.0
52.421715883495146,12.757157036144578,0.0
52.421715883495146,12.75729965060241,0.0
52.421715883495146,12.757442265060241,0.0
52.421715883495146,12.757584879518072,0.0
52.421715883495146,12.757727493975905,0.0
52.421715883495146,12.757870108433735,0.0
52.421715883495146,12.758012722891566,0.0
52.421715883495146,12.758155337349399,0.0
52.421715883495146,12.75829795180723,0.0
52.421715883495146,12.758440566265062,0.0005468755146285217
52.421715883495146,12.758583180722892,0.0013008318838659046
52.421715883495146,12.758725795180723,0.0020470002258789212
52.421715883495146,12.758868409638556,0.002774249318586681
52.421715883495146,12.759011024096386,0.003485677256351457
52.421715883495146,12.759153638554217,0.004181530686044763
52.421715883495146,12.75929625301205,0.004852277431249984
52.421715883495146,12.75943886746988,0.005506780173622409
52.421715883495146,12.759581481927711,0.006132726666836774
52.421715883495146,12.759724096385543,0.006741644404222655
52.421715883495146,12.759866710843374,0.007332047275620826
52.421715883495146,12.760009325301205,0.007898646776272899
52.421715883495146,12.760151939759037,0.008439615848200268
52.421715883495146,12.760294554216868,0.008961555877958226
52.421715883495146,12.760437168674699,0.009454399828067835
52.421715883495146,12.760579783132531,0.009919551044999784
52.421715883495146,12.760722397590362,0.010360294865506171
52.421715883495146,12.760865012048193,0.010774873632601305
52.421715883495146,12.761007626506025,0.011153307122470249
52.421715883495146,12.761150240963856,0.011512446633828163
52.421715883495146,12.761292855421688,0.011834845033510314
52.421715883495146,12.761435469879519,0.012138291976876076
52.421715883495146,12.76157808433735,0.012413973999848602
52.421715883495146,12.761720698795182,0.012661024889222027
52.421715883495146,12.761863313253013,0.012872676425279563
52.421715883495146,12.762005927710844,0.013053289821889273
52.421715883495146,12.762148542168676,0.013202169170704466
52.421715883495146,12.762291156626507,0.013323552916725838
52.421715883495146,12.762433771084337,0.013417746939031598
52.421715883495146,12.76257638554217,0.01347485779431202
52.421715883495146,12.762719,0.013505083309020754
52.421808621359226,12.750882,0.0
52.421808621359226,12.751024614457831,0.0
52.421808621359226,12.751167228915664,0.0
52.421808621359226,12.751309843373495,0.0
52.421808621359226,12.751452457831325,0.0
52.421808621359226,12.751595072289158,0.0
52.421808621359226,12.751737686746988,0.0
52.421808621359226,12.75188030120482,0.0
52.421808621359226,12.752022915662652,0.0
52.421808621359226,12.752165530120482,0.0
52.421808621359226,12.752308144578313,0.0
52.421808621359226,12.752450759036146,0.0
52.421808621359226,12.752593373493976,0.0
52.421808621359226,12.752735987951809,0.0
52.421808621359226,12.75287860240964,0.0
52.421808621359226,12.75302121686747,0.0
52.421808621359226,12.753163831325303,0.0
52.421808621359226,12.753306445783133,0.0
52.421808621359226,12.753449060240964,0.0
52.421808621359226,12.753591674698797,0.0
52.421808621359226,12.753734289156627,0.0
52.421808621359226,12.753876903614458,0.0
52.421808621359226,12.75401951807229,0.0
52.421808621359226,12.754162132530121,0.0
52.421808621359226,12.754304746987952,0.0
52.421808621359226,12.754447361445784,0.0
52.421808621359226,12.754589975903615,0.0
52.421808621359226,12.754732590361446,0.0
52.421808621359226,12.754875204819278,0.0
52.421808621359226,12.755017819277109,0.0
52.421808621359226,12.75516043373494,0.0
52.421808621359226,12.755303048192772,0.0
52.421808621359226,12.755445662650603,0.0
52.421808621359226,12.755588277108435,0.0
52.421808621359226,12.755730891566266,0.0
52.421808621359226,12.755873506024097,0.0
52.421808621359226,12.75601612048193,0.0
52.421808621359226,12.75615873493976,0.0
52.421808621359226,12.75630134939759,0.0
52.421808621359226,12.756443963855423,0.0
52.421808621359226,12.756586578313254,0.0
52.421808621359226,12.756729192771084,0.0
52.421808621359226,12.756871807228917,0.0
52.421808621359226,12.757014421686748,0.0
52.421808621359226,12.757157036144578,0.0
52.421808621359226,12.75729965060241,0.0
52.421808621359226,12.757442265060241,0.0
52.421808621359226,12.757584879518072,0.0
52.421808621359226,12.757727493975905,0.0
52.421808621359226,12.757870108433735,0.0
52.421808621359226,12.758012722891566,0.0
52.421808621359226,12.758155337349399,0.0
52.421808621359226,12.75829795180723,0.0003060860995879114
52.421808621359226,12.758440566265062,0.0010800342463692277
52.421808621359226,12.758583180722892,0.0018365288234370083
52.421808621359226,12.758725795180723,0.0025851948063533694
52.421808621359226,12.758868409638556,0.003314911141762057
52.421808621359226,12.759011024096386,0.004028733323342448
52.421808621359226,12.759153638554217,0.004726952475564595
52.421808621359226,12.75929625301205,0.005399964388419104
52.421808621359226,12.75943886746988,0.006056683196479904
52.421808621359226,12.759581481927711,0.00668475591336558
52.421808621359226,12.759724096385543,0.007295735051107305
52.421808621359226,12.759866710843374,0.007888151442071882
52.421808621359226,12.760009325301205,0.008456665782817317
52.421808621359226,12.760151939759037,0.008999493155987543
52.421808621359226,12.760294554216868,0.009523206050947614
52.421808621359226,12.760437168674699,0.010017736437929154
52.421808621359226,12.760579783132531,0.010484461329904729
52.421808621359226,12.760722397590362,0.010926696910422919
52.421808621359226,12.760865012048193,0.011342673418645102
52.421808621359226,12.761007626506025,0.011722397880238261
52.421808621359226,12.761150240963856,0.01208276143601002
52.421808621359226,12.761292855421688,0.012406269288818004
52.421808621359226,12.761435469879519,0.012710741977616553
52.421808621359226,12.76157808433735,0.01298738695729329
52.421808621359226,12.761720698795182,0.013235285453280107
52.421808621359226,12.761863313253013,0.013447628735830197
52.421808621359226,12.762005927710844,0.013628884017136115
52.421808621359226,12.762148542168676,0.013778300350125753
52.421808621359226,12.762291156626507,0.013900078796466549
52.421808621359226,12.762433771084337,0.01399455466002204
52.421808621359226,12.76257638554217,0.01405187325775914
52.421808621359226,12.762719,0.014082194063704328
52.4219013592233,12.750882,0.0
52.4219013592233,12.751024614457831,0.0
52.4219013592233,12.751167228915664,0.0
52.4219013592233,12.751309843373495,0.0
52.4219013592233,12.751452457831325,0.0
52.4219013592233,12.751595072289158,0.0
52.4219013592233,12.751737686746988,0.0
52.4219013592233,12.75188030120482,0.0
52.4219013592233,12.752022915662652,0.0
52.4219013592233,12.752165530120482,0.0
52.4219013592233,12.752308144578313,0.0
52.4219013592233,12.752450759036146,0.0
52.4219013592233,12.752593373493976,0.0
52.4219013592233,12.752735987951809,0.0
52.4219013592233,12.75287860240964,0.0
52.4219013592233,12.75302121686747,0.0
52.4219013592233,12.753163831325303,0.0
52.4219013592233,12.753306445783133,0.0
52.4219013592233,12.753449060240964,0.0
52.4219013592233,12.753591674698797,0.0
52.4219013592233,12.753734289156627,0.0
52.4219013592233,12.753876903614458,0.0
52.4219013592233,12.75401951807229,0.0
52.4219013592233,12.754162132530121,0.0
52.4219013592233,12.754304746987952,0.0
52.4219013592233,12.754447361445784,0.0
52.4219013592233,12.754589975903615,0.0
52.4219013592233,12.754732590361446,0.0
52.4219013592233,12.754875204819278,0.0
52.4219013592233,12.755017819277109,0.0
52.4219013592233,12.75516043373494,0.0
52.4219013592233,12.755303048192772,0.0
52.4219013592233,12.755445662650603,0.0
52.4219013592233,12.755588277108435,0.0
52.4219013592233,12.755730891566266,0.0
52.4219013592233,12.755873506024097,0.0
52.4219013592233,12.75601612048193,0.0
52.4219013592233,12.75615873493976,0.0
52.4219013592233,12.75630134939759,0.0
52.4219013592233,12.756443963855423,0.0
52.4219013592233,12.756586578313254,0.0
52.4219013592233,12.756729192771084,0.0
52.4219013592233,12.756871807228917,0.0
52.4219013592233,12.757014421686748,0.0
52.4219013592233,12.757157036144578,0.0
52.4219013592233,12.75729965060241,0.0
52.4219013592233,12.757442265060241,0.0
52.4219013592233,12.757584879518072,0.0
52.4219013592233,12.757727493975905,0.0
52.4219013592233,12.757870108433735,0.0
52.4219013592233,12.758012722891566,0.0
52.4219013592233,12.758155337349399,0.0
52.4219013592233,12.75829795180723,0.0007883616505549411
52.4219013592233,12.758440566265062,0.0015646693133106382
52.4219013592233,12.758583180722892,0.0023234380399926105
52.4219013592233,12.758725795180723,0.0030743414467290903
52.4219013592233,12.758868409638556,0.003806268913326102
52.4219013592233,12.759011024096386,0.004522236470656754
52.4219013592233,12.759153638554217,0.005222575298416564
52.4219013592233,12.75929625301205,0.005897616082895502
52.4219013592233,12.75943886746988,0.006556320640732062
52.4219013592233,12.759581481927711,0.007186297958433585
52.4219013592233,12.759724096385543,0.0077991240100240364
52.4219013592233,12.759866710843374,0.008393344615472642
52.4219013592233,12.760009325301205,0.008963574096074796
52.4219013592233,12.760151939759037,0.009508066612041063
52.4219013592233,12.760294554216868,0.010033367753415649
52.4219013592233,12.760437168674699,0.010529408979299791
52.4219013592233,12.760579783132531,0.010997543263965986
52.4219013592233,12.760722397590362,0.011441114711947085
52.4219013592233,12.760865012048193,0.011858342800043619
52.4219013592233,12.761007626506025,0.012239223042860122
52.4219013592233,12.761150240963856,0.012600683298719785
52.4219013592233,12.761292855421688,0.012925184645027673
52.4219013592233,12.761435469879519,0.01323057610857557
52.4219013592233,12.76157808433735,0.013508083736808422
52.4219013592233,12.761720698795182,0.01375674159631481
52.4219013592233,12.761863313253013,0.013969704053194403
52.4219013592233,12.762005927710844,0.014151534625967752
52.4219013592233,12.762148542168676,0.014301432099544204
52.4219013592233,12.762291156626507,0.014423563804168803
52.4219013592233,12.762433771084337,0.014518291617475752
52.4219013592233,12.76257638554217,0.014575796008947406
52.4219013592233,12.762719,0.014606201950053101
52.42199409708738,12.750882,0.0
52.42199409708738,12.751024614457831,0.0
52.42199409708738,12.751167228915664,0.0
52.42199409708738,12.751309843373495,0.0
52.42199409708738,12.751452457831325,0.0
52.42199409708738,12.751595072289158,0.0
52.42199409708738,12.751737686746988,0.0
52.42199409708738,12.75188030120482,0.0
52.42199409708738,12.752022915662652,0.0
52.42199409708738,12.752165530120482,0.0
52.42199409708738,12.752308144578313,0.0
52.42199409708738,12.752450759036146,0.0
52.42199409708738,12.752593373493976,0.0
52.42199409708738,12.752735987951809,0.0
52.42199409708738,12.75287860240964,0.0
52.42199409708738,12.75302121686747,0.0
52.42199409708738,12.753163831325303,0.0
52.42199409708738,12.753306445783133,0.0
52.42199409708738,12.753449060240964,0.0
52.42199409708738,12.753591674698797,0.0
52.42199409708738,12.753734289156627,0.0
52.42199409708738,12.753876903614458,0.0
52.42199409708738,12.75401951807229,0.0
52.42199409708738,12.754162132530121,0.0
52.42199409708738,12.754304746987952,0.0
52.42199409708738,12.754447361445784,0.0
52.42199409708738,12.754589975903615,0.0
52.42199409708738,12.754732590361446,0.0
52.42199409708738,12.754875204819278,0.0
52.42199409708738,12.755017819277109,0.0
52.42199409708738,12.75516043373494,0.0
52.42199409708738,12.755303048192772,0.0
52.42199409708738,12.755445662650603,0.0
52.42199409708738,12.755588277108435,0.0
52.42199409708738,12.755730891566266,0.0
52.42199409708738,12.755873506024097,0.0
52.42199409708738,12.75601612048193,0.0
52.42199409708738,12.75615873493976,0.0
52.42199409708738,12.75630134939759,0.0
52.42199409708738,12.756443963855423,0.0
52.42199409708738,12.756586578313254,0.0
52.42199409708738,12.756729192771084,0.0
52.42199409708738,12.756871807228917,0.0
52.42199409708738,12.757014421686748,0.0
52.42199409708738,12.757157036144578,0.0
52.42199409708738,12.75729965060241,0.0
52.42199409708738,12.757442265060241,0.0
52.42199409708738,12.757584879518072,0.0
52.42199409708738,12.757727493975905,0.0
52.42199409708738,12.757870108433735,0.0
52.42199409708738,12.758012722891566,0.0
52.42199409708738,12.758155337349399,0.00043094458607776526
52.42199409708738,12.75829795180723,0.0012221890700374709
52.42199409708738,12.758440566265062,0.002000708598139672
52.42199409708738,12.758583180722892,0.0027616108264784424
52.42199409708738,12.758725795180723,0.003514613096784187
52.42199409708738,12.758868409638556,0.004248613936370471
52.42199409708738,12.759011024096386,0.004966593873086874
52.42199409708738,12.759153638554217,0.005668920133676583
52.42199409708738,12.75929625301205,0.006345864445146704
52.42199409708738,12.75943886746988,0.007006431405923389
52.42199409708738,12.759581481927711,0.0076381960485656705
52.42199409708738,12.759724096385543,0.008252754548420643
52.42199409708738,12.759866710843374,0.00884866692011646
52.42199409708738,12.760009325301205,0.009420505402208772
52.42199409708738,12.760151939759037,0.009966559215263265
52.42199409708738,12.760294554216868,0.010493350120836303
52.42199409708738,12.760437168674699,0.010990808291301012
52.42199409708738,12.760579783132531,0.011460265146054822
52.42199409708738,12.760722397590362,0.011905090027454032
52.42199409708738,12.760865012048193,0.012323492775501294
52.42199409708738,12.761007626506025,0.012705458284619097
52.42199409708738,12.761150240963856,0.013067947322421971
52.42199409708738,12.761292855421688,0.013393381598965685
52.42199409708738,12.761435469879519,0.013699635002220713
52.42199409708738,12.76157808433735,0.013977951116591949
52.42199409708738,12.761720698795182,0.014227320617083906
52.42199409708738,12.761863313253013,0.014440865045618062
52.42199409708738,12.762005927710844,0.014623234906210626
52.42199409708738,12.762148542168676,0.014773583408284413
52.42199409708738,12.762291156626507,0.014896047462929421
52.42199409708738,12.762433771084337,0.01499101255196117
52.42199409708738,12.76257638554217,0.015048691655834431
52.42199409708738,12.762719,0.015079177755926166
52.42208683495146,12.750882,0.0
52.42208683495146,12.751024614457831,0.0
52.42208683495146,12.751167228915664,0.0
52.42208683495146,12.751309843373495,0.0
52.42208683495146,12.751452457831325,0.0
52.42208683495146,12.751595072289158,0.0
52.42208683495146,12.751737686746988,0.0
52.42208683495146,12.75188030120482,0.0
52.42208683495146,12.752022915662652,0.0
52.42208683495146,12.752165530120482,0.0
52.42208683495146,12.752308144578313,0.0
52.42208683495146,12.752450759036146,0.0
52.42208683495146,12.752593373493976,0.0
52.42208683495146,12.752735987951809,0.0
52.42208683495146,12.75287860240964,0.0
52.42208683495146,12.75302121686747,0.0
52.42208683495146,12.753163831325303,0.0
52.42208683495146,12.753306445783133,0.0
52.42208683495146,12.753449060240964,0.0
52.42208683495146,12.753591674698797,0.0
52.42208683495146,12.753734289156627,0.0
52.42208683495146,12.753876903614458,0.0
52.42208683495146,12.75401951807229,0.0
52.42208683495146,12.754162132530121,0.0
52.42208683495146,12.754304746987952,0.0
52.42208683495146,12.754447361445784,0.0
52.42208683495146,12.754589975903615,0.0
52.42208683495146,12.754732590361446,0.0
52.42208683495146,12.754875204819278,0.0
52.42208683495146,12.755017819277109,0.0
52.42208683495146,12.75516043373494,0.0
52.42208683495146,12.755303048192772,0.0
52.42208683495146,12.755445662650603,0.0
52.42208683495146,12.755588277108435,0.0
52.42208683495146,12.755730891566266,0.0
52.42208683495146,12.755873506024097,0.0
52.42208683495146,12.75601612048193,0.0
52.42208683495146,12.75615873493976,0.0
52.42208683495146,12.75630134939759,0.0
52.42208683495146,12.756443963855423,0.0
52.42208683495146,12.756586578313254,0.0
52.42208683495146,12.756729192771084,0.0
52.42208683495146,12.756871807228917,0.0
52.42208683495146,12.757014421686748,0.0
52.42208683495146,12.757157036144578,0.0
52.42208683495146,12.75729965060241,0.0
52.42208683495146,12.757442265060241,0.0
52.42208683495146,12.757584879518072,0.0
52.42208683495146,12.757727493975905,0.0
52.42208683495146,12.757870108433735,0.0
52.42208683495146,12.758012722891566,8.481404254218061e-06
52.42208683495146,12.758155337349399,0.0008111771332639482
52.42208683495146,12.75829795180723,0.0016044203019490019
52.42208683495146,12.758440566265062,0.002384920447139135
52.42208683495146,12.758583180722892,0.003147733389448671
52.42208683495146,12.758725795180723,0.0039026151923249267
52.42208683495146,12.758868409638556,0.004638472959955894
52.42208683495146,12.759011024096386,0.00535825501148917
52.42208683495146,12.759153638554217,0.0060623610835778205
52.42208683495146,12.75929625301205,0.006741010189125688
52.42208683495146,12.75943886746988,0.007403245180078698
52.42208683495146,12.759581481927711,0.00803661035783784
52.42208683495146,12.759724096385543,0.008652720248527247
52.42208683495146,12.759866710843374,0.00925014781019464
52.42208683495146,12.760009325301205,0.00982342703498559
52.42208683495146,12.760151939759037,0.010370878971479165
52.42208683495146,12.760294554216868,0.010899003743339974
52.42208683495146,12.760437168674699,0.011397730523830862
52.42208683495146,12.760579783132531,0.011868371841552013
52.42208683495146,12.760722397590362,0.012314319284857404
52.42208683495146,12.760865012048193,0.01273377384883569
52.42208683495146,12.761007626506025,0.013116711115833147
52.42208683495146,12.761150240963856,0.01348012122630321
52.42208683495146,12.761292855421688,0.01380639051000533
52.42208683495146,12.761435469879519,0.01411341582455029
52.42208683495146,12.76157808433735,0.014392455590692575
52.42208683495146,12.761720698795182,0.014642462545496688
52.42208683495146,12.761863313253013,0.014856528237815
52.42208683495146,12.762005927710844,0.015039380803260938
52.42208683495146,12.762148542168676,0.015190133079702834
52.42208683495146,12.762291156626507,0.01531289459008569
52.42208683495146,12.762433771084337,0.015408072810340458
52.42208683495146,12.76257638554217,0.015465908240364114
52.42208683495146,12.762719,0.015496466152893525
52.42217957281554,12.750882,0.0
52.42217957281554,12.751024614457831,0.0
52.42217957281554,12.751167228915664,0.0
52.42217957281554,12.751309843373495,0.0
52.42217957281554,12.751452457831325,0.0
52.42217957281554,12.751595072289158,0.0
52.42217957281554,12.751737686746988,0.0
52.42217957281554,12.75188030120482,0.0
52.42217957281554,12.752022915662652,0.0
52.42217957281554,12.752165530120482,0.0
52.42217957281554,12.752308144578313,0.0
52.42217957281554,12.752450759036146,0.0
52.42217957281554,12.752593373493976,0.0
52.42217957281554,12.752735987951809,0.0
52.42217957281554,12.75287860240964,0.0
52.42217957281554,12.75302121686747,0.0
52.42217957281554,12.753163831325303,0.0
52.42217957281554,12.753306445783133,0.0
52.42217957281554,12.753449060240964,0.0
52.42217957281554,12.753591674698797,0.0
52.42217957281554,12.753734289156627,0.0
52.42217957281554,12.753876903614458,0.0
52.42217957281554,12.75401951807229,0.0
52.42217957281554,12.754162132530121,0.0
52.42217957281554,12.754304746987952,0.0
52.42217957281554,12.754447361445784,0.0
52.42217957281554,12.754589975903615,0.0
52.42217957281554,12.754732590361446,0.0
52.42217957281554,12.754875204819278,0.0
52.42217957281554,12.755017819277109,0.0
52.42217957281554,12.75516043373494,0.0
52.42217957281554,12.755303048192772,0.0
52.42217957281554,12.755445662650603,0.0
52.42217957281554,12.755588277108435,0.0
52.42217957281554,12.755730891566266,0.0
52.42217957281554,12.755873506024097,0.0
52.42217957281554,12.75601612048193,0.0
52.42217957281554,12.75615873493976,0.0
52.42217957281554,12.75630134939759,0.0
52.42217957281554,12.756443963855423,0.0
52.42217957281554,12.756586578313254,0.0
52.42217957281554,12.756729192771084,0.0
52.42217957281554,12.756871807228917,0.0
52.42217957281554,12.757014421686748,0.0
52.42217957281554,12.757157036144578,0.0
52.42217957281554,12.75729965060241,0.0
52.42217957281554,12.757442265060241,0.0
52.42217957281554,12.757584879518072,0.0
52.42217957281554,12.757727493975905,0.0
52.42217957281554,12.757870108433735,0.0
52.42217957281554,12.758012722891566,0.0003377575247756476
52.42217957281554,12.758155337349399,0.0011421791311769965
52.42217957281554,12.75829795180723,0.001937131274938852
52.42217957281554,12.758440566265062,0.002719325289867013
52.42217957281554,12.758583180722892,0.0034837714807210308
52.42217957281554,12.758725795180723,0.004240259893053657
52.42217957281554,12.758868409638556,0.004977705319480779
52.42217957281554,12.759011024096386,0.0056990280092144
52.42217957281554,12.759153638554217,0.0064046562052817654
52.42217957281554,12.75929625301205,0.007084762605626576
52.42217957281554,12.75943886746988,0.007748423813248865
52.42217957281554,12.759581481927711,0.008383156776203868
52.42217957281554,12.759724096385543,0.00900059283883417
52.42217957281554,12.759866710843374,0.009599316027379658
52.42217957281554,12.760009325301205,0.010173826951245737
52.42217957281554,12.760151939759037,0.010722474622831407
52.42217957281554,12.760294554216868,0.011251739909832479
52.42217957281554,12.760437168674699,0.011751551553778095
52.42217957281554,12.760579783132531,0.01222320530704271
52.42217957281554,12.760722397590362,0.012670112383278325
52.42217957281554,12.760865012048193,0.013090465941013504
52.42217957281554,12.761007626506025,0.01347423357282381
52.42217957281554,12.761150240963856,0.013838431174153794
52.42217957281554,12.761292855421688,0.014165414117978751
52.42217957281554,12.761435469879519,0.014473099474043958
52.42217957281554,12.76157808433735,0.014752758597159608
52.42217957281554,12.761720698795182,0.015003310961779889
52.42217957281554,12.761863313253013,0.015217821644025789
52.42217957281554,12.762005927710844,0.015401087241851125
52.42217957281554,12.762148542168676,0.015552184889210924
52.42217957281554,12.762291156626507,0.015675200336297306
52.42217957281554,12.762433771084337,0.015770559909108393
52.42217957281554,12.76257638554217,0.01582852907179605
52.42217957281554,12.762719,0.015859148178657034
52.42227231067961,12.750882,0.0
52.42227231067961,12.751024614457831,0.0
52.42227231067961,12.751167228915664,0.0
52.42227231067961,12.751309843373495,0.0
52.42227231067961,12.751452457831325,0.0
52.42227231067961,12.751595072289158,0.0
52.42227231067961,12.751737686746988,0.0
52.42227231067961,12.75188030120482,0.0
52.42227231067961,12.752022915662652,0.0
52.42227231067961,12.752165530120482,0.0
52.42227231067961,12.752308144578313,0.0
52.42227231067961,12.752450759036146,0.0
52.42227231067961,12.752593373493976,0.0
52.42227231067961,12.752735987951809,0.0
52.42227231067961,12.75287860240964,0.0
52.42227231067961,12.75302121686747,0.0
52.42227231067961,12.753163831325303,0.0
52.42227231067961,12.753306445783133,0.0
52.42227231067961,12.753449060240964,0.0
52.42227231067961,12.753591674698797,0.0
52.42227231067961,12.753734289156627,0.0
52.42227231067961,12.753876903614458,0.0
52.42227231067961,12.75401951807229,0.0
52.42227231067961,12.754162132530121,0.0
52.42227231067961,12.754304746987952,0.0
52.42227231067961,12.754447361445784,0.0
52.42227231067961,12.754589975903615,0.0
52.42227231067961,12.754732590361446,0.0
52.42227231067961,12.754875204819278,0.0
52.42227231067961,12.755017819277109,0.0
52.42227231067961,12.75516043373494,0.0
52.42227231067961,12.755303048192772,0.0
52.42227231067961,12.755445662650603,0.0
52.42227231067961,12.755588277108435,0.0
52.42227231067961,12.755730891566266,0.0
52.42227231067961,12.755873506024097,0.0
52.42227231067961,12.75601612048193,0.0
52.42227231067961,12.75615873493976,0.0
52.42227231067961,12.75630134939759,0.0
52.42227231067961,12.756443963855423,0.0
52.42227231067961,12.756586578313254,0.0
52.42227231067961,12.756729192771084,0.0
52.42227231067961,12.756871807228917,0.0
52.42227231067961,12.757014421686748,0.0
52.42227231067961,12.757157036144578,0.0
52.42227231067961,12.75729965060241,0.0
52.42227231067961,12.757442265060241,0.0
52.42227231067961,12.757584879518072,0.0
52.42227231067961,12.757727493975905,0.0
52.42227231067961,12.757870108433735,0.0
52.42227231067961,12.758012722891566,0.0006257184199579078
52.42227231067961,12.758155337349399,0.0014316532466939168
52.42227231067961,12.75829795180723,0.0022281040554284776
52.42227231067961,12.758440566265062,0.0030117828009885265
52.42227231067961,12.758583180722892,0.003777661243295519
52.42227231067961,12.758725795180723,0.004535558719139198
52.42227231067961,12.758868409638556,0.005274396075016823
52.42227231067961,12.759011024096386,0.005997069525692867
52.42227231067961,12.759153638554217,0.006704031835914524
52.42227231067961,12.75929625301205,0.007385416204853617
52.42227231067961,12.75943886746988,0.008050327522501738
52.42227231067961,12.759581481927711,0.008686260245128037
52.42227231067961,12.759724096385543,0.009304859094494253
52.42227231067961,12.759866710843374,0.009904717939559729
52.42227231067961,12.760009325301205,0.010480309006415148
52.42227231067961,12.760151939759037,0.0110300047644417
52.42227231067961,12.760294554216868,0.011560269902569571
52.42227231067961,12.760437168674699,0.012061032443755289
52.42227231067961,12.760579783132531,0.012533574031029785
52.42227231067961,12.760722397590362,0.012981322484863578
52.42227231067961,12.760865012048193,0.013402464338236287
52.42227231067961,12.761007626506025,0.013786960478685816
52.42227231067961,12.761150240963856,0.014151848616103427
52.42227231067961,12.761292855421688,0.014479457746103073
52.42227231067961,12.761435469879519,0.014787721891988681
52.42227231067961,12.76157808433735,0.015067923592400162
52.42227231067961,12.761720698795182,0.015318953602657805
52.42227231067961,12.761863313253013,0.015533854798512417
52.42227231067961,12.762005927710844,0.015717482412477453
52.42227231067961,12.762148542168676,0.015868882986348427
52.42227231067961,12.762291156626507,0.015992121384665384
52.42227231067961,12.762433771084337,0.01608764019765354
52.42227231067961,12.76257638554217,0.01614572641407705
52.42227231067961,12.762719,0.016176399345121002
52.42236504854369,12.750882,0.0
52.42236504854369,12.751024614457831,0.0
52.42236504854369,12.751167228915664,0.0
52.42236504854369,12.751309843373495,0.0
52.42236504854369,12.751452457831325,0.0
52.42236504854369,12.751595072289158,0.0
52.42236504854369,12.751737686746988,0.0
52.42236504854369,12.75188030120482,0.0
52.42236504854369,12.752022915662652,0.0
52.42236504854369,12.752165530120482,0.0
52.42236504854369,12.752308144578313,0.0
52.42236504854369,12.752450759036146,0.0
52.42236504854369,12.752593373493976,0.0
52.42236504854369,12.752735987951809,0.0
52.42236504854369,12.75287860240964,0.0
52.42236504854369,12.75302121686747,0.0
52.42236504854369,12.753163831325303,0.0
52.42236504854369,12.753306445783133,0.0
52.42236504854369,12.753449060240964,0.0
52.42236504854369,12.753591674698797,0.0
52.42236504854369,12.753734289156627,0.0
52.42236504854369,12.753876903614458,0.0
52.42236504854369,12.75401951807229,0.0
52.42236504854369,12.754162132530121,0.0
52.42236504854369,12.754304746987952,0.0
52.42236504854369,12.754447361445784,0.0
52.42236504854369,12.754589975903615,0.0
52.42236504854369,12.754732590361446,0.0
52.42236504854369,12.754875204819278,0.0
52.42236504854369,12.755017819277109,0.0
52.42236504854369,12.75516043373494,0.0
52.42236504854369,12.755303048192772,0.0
52.42236504854369,12.755445662650603,0.0
52.42236504854369,12.755588277108435,0.0
52.42236504854369,12.755730891566266,0.0
52.42236504854369,12.755873506024097,0.0
52.42236504854369,12.75601612048193,0.0
52.42236504854369,12.75615873493976,0.0
52.42236504854369,12.75630134939759,0.0
52.42236504854369,12.756443963855423,0.0
52.42236504854369,12.756586578313254,0.0
52.42236504854369,12.756729192771084,0.0
52.42236504854369,12.756871807228917,0.0
52.42236504854369,12.757014421686748,0.0
52.42236504854369,12.757157036144578,0.0
52.42236504854369,12.75729965060241,0.0
52.42236504854369,12.757442265060241,0.0
52.42236504854369,12.757584879518072,0.0
52.42236504854369,12.757727493975905,0.0
52.42236504854369,12.757870108433735,4.488110462432752e-05
52.42236504854369,12.758012722891566,0.0008698817471475499
52.42236504854369,12.758155337349399,0.0016770887803105525
52.42236504854369,12.75829795180723,0.0024747991501788196
52.42236504854369,12.758440566265062,0.0032597260585908684
52.42236504854369,12.758583180722892,0.004026808362605059
52.42236504854369,12.758725795180723,0.0047858904817178315
52.42236504854369,12.758868409638556,0.0055258981522559765
52.42236504854369,12.759011024096386,0.006249707681702979
52.42236504854369,12.759153638554217,0.006957791587768051
52.42236504854369,12.75929625301205,0.007640250407753983
52.42236504854369,12.75943886746988,0.008306213020655933
52.42236504854369,12.759581481927711,0.008943154535556257
52.42236504854369,12.759724096385543,0.009562731423856018
52.42236504854369,12.759866710843374,0.010163545282464284
52.42236504854369,12.760009325301205,0.010740044621532165
52.42236504854369,12.760151939759037,0.011290621679116278
52.42236504854369,12.760294554216868,0.011821727567857446
52.42236504854369,12.760437168674699,0.012323289927818934
52.42236504854369,12.760579783132531,0.012796578109836905
52.42236504854369,12.760722397590362,0.01324503421020621
52.42236504854369,12.760865012048193,0.013666839179901528
52.42236504854369,12.761007626506025,0.014051948021861965
52.42236504854369,12.761150240963856,0.014417416885880031
52.42236504854369,12.761292855421688,0.014745552698315359
52.42236504854369,12.761435469879519,0.015054303434203145
52.42236504854369,12.76157808433735,0.015334961318145105
52.42236504854369,12.761720698795182,0.015586393184138013
52.42236504854369,12.761863313253013,0.015801622975963544
52.42236504854369,12.762005927710844,0.01598555478956945
52.42236504854369,12.762148542168676,0.01613720974276975
52.42236504854369,12.762291156626507,0.016260635756906082
52.42236504854369,12.762433771084337,0.016356288863376617
52.42236504854369,12.76257638554217,0.016414473457312805
52.42236504854369,12.762719,0.01644519176921513
52.42245778640777,12.750882,0.0
52.42245778640777,12.751024614457831,0.0
52.42245778640777,12.751167228915664,0.0
52.42245778640777,12.751309843373495,0.0
52.42245778640777,12.751452457831325,0.0
52.42245778640777,12.751595072289158,0.0
52.42245778640777,12.751737686746988,0.0
52.42245778640777,12.75188030120482,0.0
52.42245778640777,12.752022915662652,0.0
52.42245778640777,12.752165530120482,0.0
52.42245778640777,12.752308144578313,0.0
52.42245778640777,12.752450759036146,0.0
52.42245778640777,12.752593373493976,0.0
52.42245778640777,12.752735987951809,0.0
52.42245778640777,12.75287860240964,0.0
52.42245778640777,12.75302121686747,0.0
52.42245778640777,12.753163831325303,0.0
52.42245778640777,12.753306445783133,0.0
52.42245778640777,12.753449060240964,0.0
52.42245778640777,12.753591674698797,0.0
52.42245778640777,12.753734289156627,0.0
52.42245778640777,12.753876903614458,0.0
52.42245778640777,12.75401951807229,0.0
52.42245778640777,12.754162132530121,0.0
52.42245778640777,12.754304746987952,0.0
52.42245778640777,12.754447361445784,0.0
52.42245778640777,12.754589975903615,0.0
52.42245778640777,12.754732590361446,0.0
52.42245778640777,12.754875204819278,0.0
52.42245778640777,12.755017819277109,0.0
52.42245778640777,12.75516043373494,0.0
52.42245778640777,12.755303048192772,0.0
52.42245778640777,12.755445662650603,0.0
52.42245778640777,12.755588277108435,0.0
52.42245778640777,12.755730891566266,0.0
52.42245778640777,12.755873506024097,0.0
52.42245778640777,12.75601612048193,0.0
52.42245778640777,12.75615873493976,0.0
52.42245778640777,12.75630134939759,0.0
52.42245778640777,12.756443963855423,0.0
52.42245778640777,12.756586578313254,0.0
52.42245778640777,12.756729192771084,0.0
52.42245778640777,12.756871807228917,0.0
52.42245778640777,12.757014421686748,0.0
52.42245778640777,12.757157036144578,0.0
52.42245778640777,12.75729965060241,0.0
52.42245778640777,12.757442265060241,0.0
52.42245778640777,12.757584879518072,0.0
52.42245778640777,12.757727493975905,0.0
52.42245778640777,12.757870108433735,0.00023924398544773306
52.42245778640777,12.758012722891566,0.001065267177830325
52.42245778640777,12.758155337349399,0.0018734762353050417
52.42245778640777,12.75829795180723,0.0026721787866902545
52.42245778640777,12.758440566265062,0.0034580889808083414
52.42245778640777,12.758583180722892,0.004226119724272146
52.42245778640777,12.758725795180723,0.004986134993498337
52.42245778640777,12.758868409638556,0.005727064427105804
52.42245778640777,12.759011024096386,0.006451768474470973
52.42245778640777,12.759153638554217,0.007160736362149858
52.42245778640777,12.75929625301205,0.007844041521171435
52.42245778640777,12.75943886746988,0.00851083220060977
52.42245778640777,12.759581481927711,0.009148568493376388
52.42245778640777,12.759724096385543,0.0097689156999661
52.42245778640777,12.759866710843374,0.010370481665928445
52.42245778640777,12.760009325301205,0.010947696748224947
52.42245778640777,12.760151939759037,0.011498968171952957
52.42245778640777,12.760294554216868,0.012030736470018392
52.42245778640777,12.760437168674699,0.01253292911886483
52.42245778640777,12.760579783132531,0.013006805440781971
52.42245778640777,12.760722397590362,0.013455819182122814
52.42245778640777,12.760865012048193,0.01387814657972504
52.42245778640777,12.761007626506025,0.01426373808382521
52.42245778640777,12.761150240963856,0.014629664256734516
52.42245778640777,12.761292855421688,0.014958214861676814
52.42245778640777,12.761435469879519,0.015267348899113117
52.42245778640777,12.76157808433735,0.015548366448940327
52.42245778640777,12.761720698795182,0.015800115194670332
52.42245778640777,12.761863313253013,0.01601560358577865
52.42245778640777,12.762005927710844,0.016199775056447763
52.42245778640777,12.762148542168676,0.01635163069137687
52.42245778640777,12.762291156626507,0.016475204366463613
52.42245778640777,12.762433771084337,0.01657096294046667
52.42245778640777,12.76257638554217,0.01662922546191397
52.42245778640777,12.762719,0.016659979508494707
52.42255052427185,12.750882,0.0
52.42255052427185,12.751024614457831,0.0
52.42255052427185,12.751167228915664,0.0
52.42255052427185,12.751309843373495,0.0
52.42255052427185,12.751452457831325,0.0
52.42255052427185,12.751595072289158,0.0
52.42255052427185,12.751737686746988,0.0
52.42255052427185,12.75188030120482,0.0
52.42255052427185,12.752022915662652,0.0
52.42255052427185,12.752165530120482,0.0
52.42255052427185,12.752308144578313,0.0
52.42255052427185,12.752450759036146,0.0
52.42255052427185,12.752593373493976,0.0
52.42255052427185,12.752735987951809,0.0
52.42255052427185,12.75287860240964,0.0
52.42255052427185,12.75302121686747,0.0
52.42255052427185,12.753163831325303,0.0
52.42255052427185,12.753306445783133,0.0
52.42255052427185,12.753449060240964,0.0
52.42255052427185,12.753591674698797,0.0
52.42255052427185,12.753734289156627,0.0
52.42255052427185,12.753876903614458,0.0
52.42255052427185,12.75401951807229,0.0
52.42255052427185,12.754162132530121,0.0
52.42255052427185,12.754304746987952,0.0
52.42255052427185,12.754447361445784,0.0
52.42255052427185,12.754589975903615,0.0
52.42255052427185,12.754732590361446,0.0
52.42255052427185,12.754875204819278,0.0
52.42255052427185,12.755017819277109,0.0
52.42255052427185,12.75516043373494,0.0
52.42255052427185,12.755303048192772,0.0
52.42255052427185,12.755445662650603,0.0
52.42255052427185,12.755588277108435,0.0
52.42255052427185,12.755730891566266,0.0
52.42255052427185,12.755873506024097,0.0
52.42255052427185,12.75601612048193,0.0
52.42255052427185,12.75615873493976,0.0
52.42255052427185,12.75630134939759,0.0
52.42255052427185,12.756443963855423,0.0
52.42255052427185,12.756586578313254,0.0
52.42255052427185,12.756729192771084,0.0
52.42255052427185,12.756871807228917,0.0
52.42255052427185,12.757014421686748,0.0
52.42255052427185,12.757157036144578,0.0
52.42255052427185,12.75729965060241,0.0
52.42255052427185,12.757442265060241,0.0
52.42255052427185,12.757584879518072,0.0
52.42255052427185,12.757727493975905,0.0
52.42255052427185,12.757870108433735,0.00038200675040047424
52.42255052427185,12.758012722891566,0.0012088348803786057
52.42255052427185,12.758155337349399,0.0020178330409911342
52.42255052427185,12.75829795180723,0.0028173167579503633
52.42255052427185,12.758440566265062,0.0036040011578640768
52.42255052427185,12.758583180722892,0.004372779341071156
52.42255052427185,12.758725795180723,0.005133529921203579
52.42255052427185,12.758868409638556,0.00587518524893184
52.42255052427185,12.759011024096386,0.006600594269649391
52.42255052427185,12.759153638554217,0.007310258094890233
52.42255052427185,12.75929625301205,0.00799423022610991
52.42255052427185,12.75943886746988,0.008661673236238997
52.42255052427185,12.759581481927711,0.009300035731344438
52.42255052427185,12.759724096385543,0.009920990094191827
52.42255052427185,12.759866710843374,0.010523148894662611
52.42255052427185,12.760009325301205,0.011100927901423262
52.42255052427185,12.760151939759037,0.011652746209025452
52.42255052427185,12.760294554216868,0.01218503656877238
52.42255052427185,12.760437168674699,0.01268772569316369
52.42255052427185,12.760579783132531,0.013162065789757012
52.42255052427185,12.760722397590362,0.013611519099741187
52.42255052427185,12.760865012048193,0.014034258602413432
52.42255052427185,12.761007626506025,0.014420230629535765
52.42255052427185,12.761150240963856,0.0147865174553732
52.42255052427185,12.761292855421688,0.015115395234301983
52.42255052427185,12.761435469879519,0.015424831299064688
52.42255052427185,12.76157808433735,0.01570613190104916
52.42255052427185,12.761720698795182,0.01595813019124957
52.42255052427185,12.761863313253013,0.016173823342482616
52.42255052427185,12.762005927710844,0.016358183716456948
52.42255052427185,12.762148542168676,0.016510197287902803
52.42255052427185,12.762291156626507,0.01663388791676557
52.42255052427185,12.762433771084337,0.016729730021692275
52.42255052427185,12.76257638554217,0.016788053876091624
52.42255052427185,12.762719,0.01681883629037922
52.42264326213592,12.750882,0.0
52.42264326213592,12.751024614457831,0.0
52.42264326213592,12.751167228915664,0.0
52.42264326213592,12.751309843373495,0.0
52.42264326213592,12.751452457831325,0.0
52.42264326213592,12.751595072289158,0.0
52.42264326213592,12.751737686746988,0.0
52.42264326213592,12.75188030120482,0.0
52.42264326213592,12.752022915662652,0.0
52.42264326213592,12.752165530120482,0.0
52.42264326213592,12.752308144578313,0.0
52.42264326213592,12.752450759036146,0.0
52.42264326213592,12.752593373493976,0.0
52.42264326213592,12.752735987951809,0.0
52.42264326213592,12.75287860240964,0.0
52.42264326213592,12.75302121686747,0.0
52.42264326213592,12.753163831325303,0.0
52.42264326213592,12.753306445783133,0.0
52.42264326213592,12.753449060240964,0.0
52.42264326213592,12.753591674698797,0.0
52.42264326213592,12.753734289156627,0.0
52.42264326213592,12.753876903614458,0.0
52.42264326213592,12.75401951807229,0.0
52.42264326213592,12.754162132530121,0.0
52.42264326213592,12.754304746987952,0.0
52.42264326213592,12.754447361445784,0.0
52.42264326213592,12.754589975903615,0.0
52.42264326213592,12.754732590361446,0.0
52.42264326213592,12.754875204819278,0.0
52.42264326213592,12.755017819277109,0.0
52.42264326213592,12.75516043373494,0.0
52.42264326213592,12.755303048192772,0.0
52.42264326213592,12.755445662650603,0.0
52.42264326213592,12.755588277108435,0.0
52.42264326213592,12.755730891566266,0.0
52.42264326213592,12.755873506024097,0.0
52.42264326213592,12.75601612048193,0.0
52.42264326213592,12.75615873493976,0.0
52.42264326213592,12.75630134939759,0.0
52.42264326213592,12.756443963855423,0.0
52.42264326213592,12.756586578313254,0.0
52.42264326213592,12.756729192771084,0.0
52.42264326213592,12.756871807228917,0.0
52.42264326213592,12.757014421686748,0.0
52.42264326213592,12.757157036144578,0.0
52.42264326213592,12.75729965060241,0.0
52.42264326213592,12.757442265060241,0.0
52.42264326213592,12.757584879518072,0.0
52.42264326213592,12.757727493975905,0.0
52.42264326213592,12.757870108433735,0.00048073991225783697
52.42264326213592,12.758012722891566,0.0013080574439511532
52.42264326213592,12.758155337349399,0.0021175348266599427
52.42264326213592,12.75829795180723,0.0029174930664647774
52.42264326213592,12.758440566265062,0.0037046480924880602
52.42264326213592,12.758583180722892,0.0044738798578004505
52.42264326213592,12.758725795180723,0.005235076489548019
52.42264326213592,12.758868409638556,0.0059771723612367985
52.42264326213592,12.759011024096386,0.0067030089952318395
52.42264326213592,12.759153638554217,0.007413095515328318
52.42264326213592,12.75929625301205,0.008097471945206308
52.42264326213592,12.75943886746988,0.008765310827323037
52.42264326213592,12.759581481927711,0.00940405306725432
52.42264326213592,12.759724096385543,0.010025375428054099
52.42264326213592,12.759866710843374,0.010627893774160381
52.42264326213592,12.760009325301205,0.011206014742457814
52.42264326213592,12.760151939759037,0.011758164734762568
52.42264326213592,12.760294554216868,0.012290771901180117
52.42264326213592,12.760437168674699,0.012793762138701162
52.42264326213592,12.760579783132531,0.013268383170333957
52.42264326213592,12.760722397590362,0.013718102675063022
52.42264326213592,12.760865012048193,0.014141091516956032
52.42264326213592,12.761007626506025,0.014527293781777641
52.42264326213592,12.761150240963856,0.014893799081012994
52.42264326213592,12.761292855421688,0.015222875076514864
52.42264326213592,12.761435469879519,0.015532494099128545
52.42264326213592,12.76157808433735,0.015813966777494852
52.42264326213592,12.761720698795182,0.016066116368936473
52.42264326213592,12.761863313253013,0.016281932680843027
52.42264326213592,12.762005927710844,0.01646640752409004
52.42264326213592,12.762148542168676,0.016618517342746372
52.42264326213592,12.762291156626507,0.016742278072118106
52.42264326213592,12.762433771084337,0.01683817029085126
52.42264326213592,12.76257638554217,0.01689653118822043
52.42264326213592,12.762719,0.01692733035473794
52.422736,12.750882,0.0
52.422736,12.751024614457831,0.0
52.422736,12.751167228915664,0.0
52.422736,12.751309843373495,0.0
52.422736,12.751452457831325,0.0
52.422736,12.751595072289158,0.0
52.422736,12.751737686746988,0.0
52.422736,12.75188030120482,0.0
52.422736,12.752022915662652,0.0
52.422736,12.752165530120482,0.0
52.422736,12.752308144578313,0.0
52.422736,12.752450759036146,0.0
52.422736,12.752593373493976,0.0
52.422736,12.752735987951809,0.0
52.422736,12.75287860240964,0.0
52.422736,12.75302121686747,0.0
52.422736,12.753163831325303,0.0
52.422736,12.753306445783133,0.0
52.422736,12.753449060240964,0.0
52.422736,12.753591674698797,0.0
52.422736,12.753734289156627,0.0
52.422736,12.753876903614458,0.0
52.422736,12.75401951807229,0.0
52.422736,12.754162132530121,0.0
52.422736,12.754304746987952,0.0
52.422736,12.754447361445784,0.0
52.422736,12.754589975903615,0.0
52.422736,12.754732590361446,0.0
52.422736,12.754875204819278,0.0
52.422736,12.755017819277109,0.0
52.422736,12.75516043373494,0.0
52.422736,12.755303048192772,0.0
52.422736,12.755445662650603,0.0
52.422736,12.755588277108435,0.0
52.422736,12.755730891566266,0.0
52.422736,12.755873506024097,0.0
52.422736,12.75601612048193,0.0
52.422736,12.75615873493976,0.0
52.422736,12.75630134939759,0.0
52.422736,12.756443963855423,0.0
52.422736,12.756586578313254,0.0
52.422736,12.756729192771084,0.0
52.422736,12.756871807228917,0.0
52.422736,12.757014421686748,0.0
52.422736,12.757157036144578,0.0
52.422736,12.75729965060241,0.0
52.422736,12.757442265060241,0.0
52.422736,12.757584879518072,0.0
52.422736,12.757727493975905,0.0
52.422736,12.757870108433735,0.0005271058850878476
52.422736,12.758012722891566,0.0013546908036838282
52.422736,12.758155337349399,0.0021644300776903214
52.422736,12.75829795180723,0.0029646476615612987
52.422736,12.758440566265062,0.003752059694721523
52.422736,12.758583180722892,0.004521539565133601
52.422736,12.758725795180723,0.005282980299983682
52.422736,12.758868409638556,0.006025317340305269
52.422736,12.759011024096386,0.006751388239029632
52.422736,12.759153638554217,0.007461706092933892
52.422736,12.75929625301205,0.00814630405783743
52.422736,12.75943886746988,0.008814359512790115
52.422736,12.759581481927711,0.009453309849066817
52.422736,12.759724096385543,0.010074833916147715
52.422736,12.759866710843374,0.010677549316647918
52.422736,12.760009325301205,0.011255857616467078
52.422736,12.760151939759037,0.011808189301666439
52.422736,12.760294554216868,0.012340969946022967
52.422736,12.760437168674699,0.012844125256190329
52.422736,12.760579783132531,0.013318900445940172
52.422736,12.760722397590362,0.013768766096738886
52.422736,12.760865012048193,0.014191891811278915
52.422736,12.761007626506025,0.014578220455631808
52.422736,12.761150240963856,0.014944845523062017
52.422736,12.761292855421688,0.015274030132460925
52.422736,12.761435469879519,0.015583749531417116
52.422736,12.76157808433735,0.01586531623493326
52.422736,12.761720698795182,0.016117548999611177
52.422736,12.761863313253013,0.01633343357360231
52.422736,12.762005927710844,0.016517971147339054
52.422736,12.762148542168676,0.016670133509263635
52.422736,12.762291156626507,0.01679393325102626
52.422736,12.762433771084337,0.016889853458379418
52.422736,12.76257638554217,0.01694823483249927
52.422736,12.762719,0.016979043605523336
