latitude,longitude,value
52.413184,12.750882,0.05658741183910242
52.413184,12.751024614457831,0.05656437897064134
52.413184,12.751167228915664,0.056507184230110245
52.413184,12.751309843373495,0.05642366449529283
52.413184,12.751452457831325,0.056318281125348785
52.413184,12.751595072289158,0.056180363571039706
52.413184,12.751737686746988,0.056021917145095135
52.413184,12.75188030120482,0.0558263851574113
52.413184,12.752022915662652,0.05560556890084302
52.413184,12.752165530120482,0.05536138798086154
52.413184,12.752308144578313,0.055096580159618984
52.413184,12.752450759036146,0.054799827590613255
52.413184,12.752593373493976,0.05448223719985073
52.413184,12.752735987951809,0.05413819820101838
52.413184,12.75287860240964,0.053772039577511845
52.413184,12.75302121686747,0.05338078491810548
52.413184,12.753163831325303,0.05296470800059526
52.413184,12.753306445783133,0.05252529684024646
52.413184,12.753449060240964,0.05206993779898392
52.413184,12.753591674698797,0.05158855805638318
52.413184,12.753734289156627,0.051085952563839604
52.413184,12.753876903614458,0.05056345779119992
52.413184,12.75401951807229,0.05002629732112981
52.413184,12.754162132530121,0.04947039499260107
52.413184,12.754304746987952,0.04889673034010098
52.413184,12.754447361445784,0.04830819032020657
52.413184,12.754589975903615,0.04770619511323967
52.413184,12.754732590361446,0.04708446296078039
52.413184,12.754875204819278,0.04645552657148341
52.413184,12.755017819277109,0.0458105419860603
52.413184,12.75516043373494,0.045157646852501454
52.413184,12.755303048192772,0.0444932276896872
52.413184,12.755445662650603,0.043815691442733985
52.413184,12.755588277108435,0.043127428362665074
52.413184,12.755730891566266,0.04242980593930281
52.413184,12.755873506024097,0.041730873762141144
52.413184,12.75601612048193,0.04102581406310671
52.413184,12.75615873493976,0.04031741426346987
52.413184,12.75630134939759,0.03960060458226753
52.413184,12.756443963855423,0.038886630214607705
52.413184,12.756586578313254,0.0381600078572511
52.413184,12.756729192771084,0.03743716036665689
52.413184,12.756871807228917,0.03671880742756929
52.413184,12.757014421686748,0.036003371890047445
52.413184,12.757157036144578,0.035285909410919636
52.413184,12.75729965060241,0.034574746692171504
52.413184,12.757442265060241,0.033870450838911756
52.413184,12.757584879518072,0.03317060686674955
52.413184,12.757727493975905,0.03247524187153478
52.413184,12.757870108433735,0.031783816194268955
52.413184,12.758012722891566,0.031105850959295866
52.413184,12.758155337349399,0.030437357855357797
52.413184,12.75829795180723,0.02977912256241252
52.413184,12.758440566265062,0.029132360300690517
52.413184,12.758583180722892,0.028492685845365004
52.413184,12.758725795180723,0.027868921155101995
52.413184,12.758868409638556,0.027257454467760026
52.413184,12.759011024096386,0.02666126500788764
52.413184,12.759153638554217,0.02608256490658405
52.413184,12.75929625301205,0.025524271673439344
52.413184,12.75943886746988,0.024973951098293354
52.413184,12.759581481927711,0.02444358902626051
52.413184,12.759724096385543,0.023926470515639012
52.413184,12.759866710843374,0.023424153204407994
52.413184,12.760009325301205,0.02294843138874608
52.413184,12.760151939759037,0.022489342079950382
52.413184,12.760294554216868,0.022047999815321656
52.413184,12.760437168674699,0.02163415698039503
52.413184,12.760579783132531,0.02124199531374003
52.413184,12.760722397590362,0.02086224781124301
52.413184,12.760865012048193,0.020509092251594915
52.413184,12.761007626506025,0.0201815409644791
52.413184,12.761150240963856,0.01988453932659557
52.413184,12.761292855421688,0.019609110917680972
52.413184,12.761435469879519,0.019351297578679216
52.413184,12.76157808433735,0.019114620062807976
52.413184,12.761720698795182,0.01890777221971854
52.413184,12.761863313253013,0.01872376936794733
52.413184,12.762005927710844,0.018573232929655795
52.413184,12.762148542168676,0.018442751395239244
52.413184,12.762291156626507,0.01833688680862028
52.413184,12.762433771084337,0.01825651612495141
52.413184,12.76257638554217,0.018206590288702924
52.413184,12.762719,0.018175677127577193
52.41327673786408,12.750882,0.056593447783827244
52.41327673786408,12.751024614457831,0.056570406912272886
52.41327673786408,12.751167228915664,0.05651319316369227
52.41327673786408,12.751309843373495,0.05642964711747916
52.41327673786408,12.751452457831325,0.056324223150306246
52.41327673786408,12.751595072289158,0.05618625903484499
52.41327673786408,12.751737686746988,0.0560277530286257
52.41327673786408,12.75188030120482,0.055832152680724785
52.41327673786408,12.752022915662652,0.05561125775706443
52.41327673786408,12.752165530120482,0.055366991058735826
52.41327673786408,12.752308144578313,0.05510208589817493
52.41327673786408,12.752450759036146,0.05480522688590906
52.41327673786408,12.752593373493976,0.054487523233204216
52.41327673786408,12.752735987951809,0.05414336319072216
52.41327673786408,12.75287860240964,0.05377707598631373
52.41327673786408,12.75302121686747,0.05338568326055049
52.41327673786408,12.753163831325303,0.052969458672632544
52.41327673786408,12.753306445783133,0.05252989272466033
52.41327673786408,12.753449060240964,0.05207437222538861
52.41327673786408,12.753591674698797,0.05159282294351247
52.41327673786408,12.753734289156627,0.051090040388041734
52.41327673786408,12.753876903614458,0.050567362013729945
52.41327673786408,12.75401951807229,0.05003001122576599
52.41327673786408,12.754162132530121,0.04947391131314088
52.41327673786408,12.754304746987952,0.04890004460632477
52.41327673786408,12.754447361445784,0.04831129487082892
52.41327673786408,12.754589975903615,0.047709083941953646
52.41327673786408,12.754732590361446,0.047087130748699586
52.41327673786408,12.754875204819278,0.04645796876006813
52.41327673786408,12.755017819277109,0.04581275238651571
52.41327673786408,12.75516043373494,0.0451596248700615
52.41327673786408,12.755303048192772,0.044494965553275166
52.41327673786408,12.755445662650603,0.043817187692023224
52.41327673786408,12.755588277108435,0.0431286792868931
52.41327673786408,12.755730891566266,0.04243080779132276
52.41327673786408,12.755873506024097,0.04173162298962221
52.41327673786408,12.75601612048193,0.041026307207740975
52.41327673786408,12.75615873493976,0.040317648455975116
52.41327673786408,12.75630134939759,0.03960058041481623
52.41327673786408,12.756443963855423,0.03888634780521097
52.41327673786408,12.756586578313254,0.03815946647605668
52.41327673786408,12.756729192771084,0.03743635854145455
52.41327673786408,12.756871807228917,0.03671774322242742
52.41327673786408,12.757014421686748,0.03600204537041972
52.41327673786408,12.757157036144578,0.03528432027367878
52.41327673786408,12.75729965060241,0.034572895389078165
52.41327673786408,12.757442265060241,0.03386833908970898
52.41327673786408,12.757584879518072,0.03316823728174868
52.41327673786408,12.757727493975905,0.032472614860740684
52.41327673786408,12.757870108433735,0.031780934033651245
52.41327673786408,12.758012722891566,0.031102717434011856
52.41327673786408,12.758155337349399,0.030433975674552007
52.41327673786408,12.75829795180723,0.02977549447571392
52.41327673786408,12.758440566265062,0.029128490702430034
52.41327673786408,12.758583180722892,0.02848857658402418
52.41327673786408,12.758725795180723,0.027864577080146502
52.41327673786408,12.758868409638556,0.027252881504326767
52.41327673786408,12.759011024096386,0.026656467815567075
52.41327673786408,12.759153638554217,0.02607754783475079
52.41327673786408,12.75929625301205,0.025519037795424852
52.41327673786408,12.75943886746988,0.024968511839085314
52.41327673786408,12.759581481927711,0.02443794863803592
52.41327673786408,12.759724096385543,0.02392063907306161
52.41327673786408,12.759866710843374,0.023418137147600444
52.41327673786408,12.760009325301205,0.02294223907027265
52.41327673786408,12.760151939759037,0.022482978515979284
52.41327673786408,12.760294554216868,0.02204146952201813
52.41327673786408,12.760437168674699,0.021627469666043106
52.41327673786408,12.760579783132531,0.0212351570884025
52.41327673786408,12.760722397590362,0.02085526984768699
52.41327673786408,12.760865012048193,0.020501981687604184
52.41327673786408,12.761007626506025,0.02017430684516957
52.41327673786408,12.761150240963856,0.01987718848778649
52.41327673786408,12.761292855421688,0.01960165706756951
52.41327673786408,12.761435469879519,0.019343745752927362
52.41327673786408,12.76157808433735,0.01910698286961507
52.41327673786408,12.761720698795182,0.01890005768705845
52.41327673786408,12.761863313253013,0.018715986476535176
52.41327673786408,12.762005927710844,0.018565389951413425
52.41327673786408,12.762148542168676,0.01843485905679392
52.41327673786408,12.762291156626507,0.01832895472370819
52.41327673786408,12.762433771084337,0.018248555613496878
52.41327673786408,12.76257638554217,0.018198609107059803
52.41327673786408,12.762719,0.018167686471225013
52.41336947572815,12.750882,0.05661406460305197
52.41336947572815,12.751024614457831,0.056591002198185685
52.41336947572815,12.751167228915664,0.056533740009882226
52.41336947572815,12.751309843373495,0.056450126045102335
52.41336947572815,12.751452457831325,0.05634460053611101
52.41336947572815,12.751595072289158,0.05620651791390088
52.41336947572815,12.751737686746988,0.05604786197128999
52.41336947572815,12.75188030120482,0.055852089662092944
52.41336947572815,12.752022915662652,0.055630996964296894
52.41336947572815,12.752165530120482,0.05538651359803634
52.41336947572815,12.752308144578313,0.055121363983310814
52.41336947572815,12.752450759036146,0.05482423719024075
52.41336947572815,12.752593373493976,0.05450624792651007
52.41336947572815,12.752735987951809,0.054161781803613966
52.41336947572815,12.75287860240964,0.05379516899650158
52.41336947572815,12.75302121686747,0.05340342735733496
52.41336947572815,12.753163831325303,0.05298683035526198
52.41336947572815,12.753306445783133,0.052546873539167434
52.41336947572815,12.753449060240964,0.05209094484629592
52.41336947572815,12.753591674698797,0.05160896717206953
52.41336947572815,12.753734289156627,0.05110573755726129
52.41336947572815,12.753876903614458,0.050582595272927765
52.41336947572815,12.75401951807229,0.050044763417371615
52.41336947572815,12.754162132530121,0.04948816449312941
52.41336947572815,12.754304746987952,0.0489137869170089
52.41336947572815,12.754447361445784,0.048324507767544725
52.41336947572815,12.754589975903615,0.047721752625192425
52.41336947572815,12.754732590361446,0.04709924179549746
52.41336947572815,12.754875204819278,0.04646951052614588
52.41336947572815,12.755017819277109,0.045823709552277145
52.41336947572815,12.75516043373494,0.045169993934068016
52.41336947572815,12.755303048192772,0.04450472935871172
52.41336947572815,12.755445662650603,0.04382634122962699
52.41336947572815,12.755588277108435,0.043137213065083085
52.41336947572815,12.755730891566266,0.042438712700879996
52.41336947572815,12.755873506024097,0.041738890391479794
52.41336947572815,12.75601612048193,0.04103292897204056
52.41336947572815,12.75615873493976,0.04032361817471618
52.41336947572815,12.75630134939759,0.03960589812259482
52.41336947572815,12.756443963855423,0.038891013190171214
52.41336947572815,12.756586578313254,0.03816347744486602
52.41336947572815,12.756729192771084,0.03743971194617175
52.41336947572815,12.756871807228917,0.036720435143292804
52.41336947572815,12.757014421686748,0.03600407583595189
52.41336947572815,12.757157036144578,0.03528568976389763
52.41336947572815,12.75729965060241,0.034573604886584994
52.41336947572815,12.757442265060241,0.03386839225240126
52.41336947572815,12.757584879518072,0.033167640384394965
52.41336947572815,12.757727493975905,0.032471369578640205
52.41336947572815,12.757870108433735,0.031779046829588015
52.41336947572815,12.758012722891566,0.031100196787878766
52.41336947572815,12.758155337349399,0.030430828827592064
52.41336947572815,12.75829795180723,0.02977172842263235
52.41336947572815,12.758440566265062,0.0291241163038082
52.41336947572815,12.758583180722892,0.028483599977575682
52.41336947572815,12.758725795180723,0.027859009724171713
52.41336947572815,12.758868409638556,0.027246738022424468
52.41336947572815,12.759011024096386,0.02664976015856383
52.41336947572815,12.759153638554217,0.02607028777766077
52.41336947572815,12.75929625301205,0.02551123435389341
52.41336947572815,12.75943886746988,0.02496019057525741
52.41336947572815,12.759581481927711,0.02442912184570937
52.41336947572815,12.759724096385543,0.023911329755453996
52.41336947572815,12.759866710843374,0.023408361578996513
52.41336947572815,12.760009325301205,0.022932017429870943
52.41336947572815,12.760151939759037,0.022472325327030414
52.41336947572815,12.760294554216868,0.022030397671504935
52.41336947572815,12.760437168674699,0.021616002675068146
52.41336947572815,12.760579783132531,0.021223310964472157
52.41336947572815,12.760722397590362,0.020843071706076997
52.41336947572815,12.760865012048193,0.020489449860164936
52.41336947572815,12.761007626506025,0.020161464426404055
52.41336947572815,12.761150240963856,0.019864053962845116
52.41336947572815,12.761292855421688,0.019588261972520678
52.41336947572815,12.761435469879519,0.019330104804944268
52.41336947572815,12.76157808433735,0.019093126133635417
52.41336947572815,12.761720698795182,0.018886006276648853
52.41336947572815,12.761863313253013,0.01870176316153309
52.41336947572815,12.762005927710844,0.018551016071835673
52.41336947572815,12.762148542168676,0.01842036138472835
52.41336947572815,12.762291156626507,0.01831435739287072
52.41336947572815,12.762433771084337,0.018233886009240533
52.41336947572815,12.76257638554217,0.018183887926414892
52.41336947572815,12.762719,0.018152941133561064
52.41346221359223,12.750882,0.0566373979326998
52.41346221359223,12.751024614457831,0.056614306521865644
52.41346221359223,12.751167228915664,0.05655697807949751
52.41346221359223,12.751309843373495,0.05647327183418163
52.41346221359223,12.751452457831325,0.05636760664937889
52.41346221359223,12.751595072289158,0.056229362169784775
52.41346221359223,12.751737686746988,0.056070500286131274
52.41346221359223,12.75188030120482,0.055874491880736184
52.41346221359223,12.752022915662652,0.05565312749539841
52.41346221359223,12.752165530120482,0.05540834675481241
52.41346221359223,12.752308144578313,0.05514286151486815
52.41346221359223,12.752450759036146,0.0548453667154779
52.41346221359223,12.752593373493976,0.054526985529709276
52.41346221359223,12.752735987951809,0.05418209955950947
52.41346221359223,12.75287860240964,0.053815041136246106
52.41346221359223,12.75302121686747,0.053422821359556824
52.41346221359223,12.753163831325303,0.053005713770064654
52.41346221359223,12.753306445783133,0.052565221199280934
52.41346221359223,12.753449060240964,0.052108733380740443
52.41346221359223,12.753591674698797,0.051626168507403106
52.41346221359223,12.753734289156627,0.051122325971656675
52.41346221359223,12.753876903614458,0.05059854789364317
52.41346221359223,12.75401951807229,0.05006005714741471
52.41346221359223,12.754162132530121,0.04950277433847843
52.41346221359223,12.754304746987952,0.04892769701377808
52.41346221359223,12.754447361445784,0.048337692468779975
52.41346221359223,12.754589975903615,0.047734191469316574
52.41346221359223,12.754732590361446,0.047110916606683886
52.41346221359223,12.754875204819278,0.04648040533465989
52.41346221359223,12.755017819277109,0.04583380234475913
52.41346221359223,12.75516043373494,0.04517928178786192
52.41346221359223,12.755303048192772,0.04451318805857523
52.41346221359223,12.755445662650603,0.0438339635749388
52.41346221359223,12.755588277108435,0.043143986018609345
52.41346221359223,12.755730891566266,0.04244462452982796
52.41346221359223,12.755873506024097,0.041743928775571704
52.41346221359223,12.75601612048193,0.04103708246100889
52.41346221359223,12.75615873493976,0.040326878056493744
52.41346221359223,12.75630134939759,0.039608265123731196
52.41346221359223,12.756443963855423,0.038892487227400664
52.41346221359223,12.756586578313254,0.038164055876726194
52.41346221359223,12.756729192771084,0.037439389808692755
52.41346221359223,12.756871807228917,0.036719207291117995
52.41346221359223,12.757014421686748,0.036001942294941774
52.41346221359223,12.757157036144578,0.035282650596427545
52.41346221359223,12.75729965060241,0.03456966108816446
52.41346221359223,12.757442265060241,0.0338635496275997
52.41346221359223,12.757584879518072,0.03316190764613438
52.41346221359223,12.757727493975905,0.03246474875760454
52.41346221359223,12.757870108433735,0.031771546702980324
52.41346221359223,12.758012722891566,0.031091829157956663
52.41346221359223,12.758155337349399,0.030421603773751686
52.41346221359223,12.75829795180723,0.029761655343041926
52.41346221359223,12.758440566265062,0.02911320975610665
52.41346221359223,12.758583180722892,0.028471868076942772
52.41346221359223,12.758725795180723,0.027846468379799254
52.41346221359223,12.758868409638556,0.02723340760468844
52.41346221359223,12.759011024096386,0.02663565714859751
52.41346221359223,12.759153638554217,0.026055427763293813
52.41346221359223,12.75929625301205,0.025495629397989703
52.41346221359223,12.75943886746988,0.02494387723403787
52.41346221359223,12.759581481927711,0.024412116250036534
52.41346221359223,12.759724096385543,0.023893664297929638
52.41346221359223,12.759866710843374,0.023390058828294414
52.41346221359223,12.760009325301205,0.02291310485131794
52.41346221359223,12.760151939759037,0.022452822354362623
52.41346221359223,12.760294554216868,0.022010321007035615
52.41346221359223,12.760437168674699,0.02159538536406875
52.41346221359223,12.760579783132531,0.021202174251498077
52.41346221359223,12.760722397590362,0.020821453562295734
52.41346221359223,12.760865012048193,0.020467374618697354
52.41346221359223,12.761007626506025,0.0201389639487772
52.41346221359223,12.761150240963856,0.01984115330467068
52.41346221359223,12.761292855421688,0.019565005788649472
52.41346221359223,12.761435469879519,0.01930651170078557
52.41346221359223,12.76157808433735,0.01906923802069972
52.41346221359223,12.761720698795182,0.018861852131333675
52.41346221359223,12.761863313253013,0.018677373589229333
52.41346221359223,12.762005927710844,0.01852642069695884
52.41346221359223,12.762148542168676,0.01839559641169606
52.41346221359223,12.762291156626507,0.018289455735926684
52.41346221359223,12.762433771084337,0.018208885862738645
52.41346221359223,12.76257638554217,0.01815881718957728
52.41346221359223,12.762719,0.018127837509127154
52.41355495145631,12.750882,0.05667327192873249
52.41355495145631,12.751024614457831,0.056650142068872957
52.41355495145631,12.751167228915664,0.056592725591680465
52.41355495145631,12.751309843373495,0.0565088968709397
52.41355495145631,12.751452457831325,0.056403046100716205
52.41355495145631,12.751595072289158,0.056264586690414356
52.41355495145631,12.751737686746988,0.056105451510006926
52.41355495145631,12.75188030120482,0.05590912959296036
52.41355495145631,12.752022915662652,0.05568740484664135
52.41355495145631,12.752165530120482,0.05544222946349428
52.41355495145631,12.752308144578313,0.05517629856607706
52.41355495145631,12.752450759036146,0.05487831563165695
52.41355495145631,12.752593373493976,0.054559414298970925
52.41355495145631,12.752735987951809,0.05421397107800317
52.41355495145631,12.75287860240964,0.05384632073007082
52.41355495145631,12.75302121686747,0.053453466359634765
52.41355495145631,12.753163831325303,0.05303568103313884
52.41355495145631,12.753306445783133,0.05259447731634616
52.41355495145631,12.753449060240964,0.05213724706707623
52.41355495145631,12.753591674698797,0.051653902921630246
52.41355495145631,12.753734289156627,0.05114924671484081
52.41355495145631,12.753876903614458,0.05062462453407082
52.41355495145631,12.75401951807229,0.05008525864745042
52.41355495145631,12.754162132530121,0.049527067852295645
52.41355495145631,12.754304746987952,0.04895106152974334
52.41355495145631,12.754447361445784,0.04836009373734271
52.41355495145631,12.754589975903615,0.04775560255459056
52.41355495145631,12.754732590361446,0.04713131295047836
52.41355495145631,12.754875204819278,0.046499765659776364
52.41355495145631,12.755017819277109,0.04585209830622508
52.41355495145631,12.75516043373494,0.04519650863779117
52.41355495145631,12.755303048192772,0.04452931380694172
52.41355495145631,12.755445662650603,0.043848978526963324
52.41355495145631,12.755588277108435,0.043157873093159424
52.41355495145631,12.755730891566266,0.04245736780573032
52.41355495145631,12.755873506024097,0.04175551175465664
52.41355495145631,12.75601612048193,0.04104749029936278
52.41355495145631,12.75615873493976,0.04033609871220852
52.41355495145631,12.75630134939759,0.039616299791395894
52.41355495145631,12.756443963855423,0.03889933574606739
52.41355495145631,12.756586578313254,0.03816971464363973
52.41355495145631,12.756729192771084,0.03744385213677351
52.41355495145631,12.756871807228917,0.03672246599419597
52.41355495145631,12.757014421686748,0.03600399729473148
52.41355495145631,12.757157036144578,0.03528350206016167
52.41355495145631,12.75729965060241,0.034569310704550035
52.41355495145631,12.757442265060241,0.033862004859738525
52.41355495145631,12.757584879518072,0.03315917999428467
52.41355495145631,12.757727493975905,0.03246084073494896
52.41355495145631,12.757870108433735,0.03176646990547352
52.41355495145631,12.758012722891566,0.03108559923131477
52.41355495145631,12.758155337349399,0.030414234023737968
52.41355495145631,12.75829795180723,0.029753158491226016
52.41355495145631,12.758440566265062,0.029103605140336504
52.41355495145631,12.758583180722892,0.028461166267717997
52.41355495145631,12.758725795180723,0.027834690418803532
52.41355495145631,12.758868409638556,0.027220580603868706
52.41355495145631,12.759011024096386,0.026621803326773264
52.41355495145631,12.759153638554217,0.026040567498243784
52.41355495145631,12.75929625301205,0.025479778546579714
52.41355495145631,12.75943886746988,0.02492708415675087
52.41355495145631,12.759581481927711,0.0243944027008074
52.41355495145631,12.759724096385543,0.023875073375590368
52.41355495145631,12.759866710843374,0.02337062029955512
52.41355495145631,12.760009325301205,0.0228928556208919
52.41355495145631,12.760151939759037,0.02243178823139373
52.41355495145631,12.760294554216868,0.02198852416236583
52.41355495145631,12.760437168674699,0.021572869395317565
52.41355495145631,12.760579783132531,0.021178967644944254
52.41355495145631,12.760722397590362,0.020797606711117075
52.41355495145631,12.760865012048193,0.020442919930351747
52.41355495145631,12.761007626506025,0.020113943554967623
52.41355495145631,12.761150240963856,0.019815600691182707
52.41355495145631,12.761292855421688,0.01953898019953313
52.41355495145631,12.761435469879519,0.01928003827120499
52.41355495145631,12.76157808433735,0.019042372225537577
52.41355495145631,12.761720698795182,0.018834632152856034
52.41355495145631,12.761863313253013,0.018649840620709922
52.41355495145631,12.762005927710844,0.018498613756514678
52.41355495145631,12.762148542168676,0.018367564011235404
52.41355495145631,12.762291156626507,0.01826124157454449
52.41355495145631,12.762433771084337,0.018180540478341188
52.41355495145631,12.76257638554217,0.018130377710096242
52.41355495145631,12.762719,0.018099354269425345
52.41364768932039,12.750882,0.056717808478318685
52.41364768932039,12.751024614457831,0.056694630918455766
52.41364768932039,12.751167228915664,0.0566371055200889
52.41364768932039,12.751309843373495,0.056553125401438184
52.41364768932039,12.751452457831325,0.05644704539778747
52.41364768932039,12.751595072289158,0.056308320416242064
52.41364768932039,12.751737686746988,0.05614884757949712
52.41364768932039,12.75188030120482,0.05595213828258587
52.41364768932039,12.752022915662652,0.05572996780564999
52.41364768932039,12.752165530120482,0.05548430486779311
52.41364768932039,12.752308144578313,0.05521782331572264
52.41364768932039,12.752450759036146,0.05491923697693978
52.41364768932039,12.752593373493976,0.05459969275458907
52.41364768932039,12.752735987951809,0.054253560738051196
52.41364768932039,12.75287860240964,0.053885178730106405
52.41364768932039,12.75302121686747,0.05349153980271749
52.41364768932039,12.753163831325303,0.053072916646409896
52.41364768932039,12.753306445783133,0.05263083367661085
52.41364768932039,12.753449060240964,0.05217268560352477
52.41364768932039,12.753591674698797,0.051688377943639646
52.41364768932039,12.753734289156627,0.05118271563977008
52.41364768932039,12.753876903614458,0.050657049906747714
52.41364768932039,12.75401951807229,0.050116602215516864
52.41364768932039,12.754162132530121,0.049557288705124214
52.41364768932039,12.754304746987952,0.04898013343759814
52.41364768932039,12.754447361445784,0.04838797429384724
52.41364768932039,12.754589975903615,0.04778225856367244
52.41364768932039,12.754732590361446,0.047156714396790214
52.41364768932039,12.754875204819278,0.04652388598334515
52.41364768932039,12.755017819277109,0.04587490208292857
52.41364768932039,12.75516043373494,0.04521799035714465
52.41364768932039,12.755303048192772,0.04454943313283944
52.41364768932039,12.755445662650603,0.0438677242527957
52.41364768932039,12.755588277108435,0.04317522367618889
52.41364768932039,12.755730891566266,0.04247330331194523
52.41364768932039,12.755873506024097,0.04177001201264192
52.41364768932039,12.75601612048193,0.04106053660356785
52.41364768932039,12.75615873493976,0.040347676079066634
52.41364768932039,12.75630134939759,0.03962640982409211
52.41364768932039,12.756443963855423,0.0389079781437102
52.41364768932039,12.756586578313254,0.03817688449749901
52.41364768932039,12.756729192771084,0.03744954106833428
52.41364768932039,12.756871807228917,0.036726665316188026
52.41364768932039,12.757014421686748,0.03600670705397045
52.41364768932039,12.757157036144578,0.03528472239982563
52.41364768932039,12.75729965060241,0.034569043273003995
52.41364768932039,12.757442265060241,0.03386025881282243
52.41364768932039,12.757584879518072,0.03315596960751861
52.41364768932039,12.757727493975905,0.03245616938271886
52.41364768932039,12.757870108433735,0.031760351594303265
52.41364768932039,12.758012722891566,0.031078053351615308
52.41364768932039,12.758155337349399,0.030405276990734236
52.41364768932039,12.75829795180723,0.029742806036090974
52.41364768932039,12.758440566265062,0.029091881268391715
52.41364768932039,12.758583180722892,0.028448084089119863
52.41364768932039,12.758725795180723,0.027820275894607432
52.41364768932039,12.758868409638556,0.027204867069541297
52.41364768932039,12.759011024096386,0.02660481795394491
52.41364768932039,12.759153638554217,0.026022335802136136
52.41364768932039,12.75929625301205,0.025460320033390306
52.41364768932039,12.75943886746988,0.024906458998650474
52.41364768932039,12.759581481927711,0.024372637348120306
52.41364768932039,12.759724096385543,0.02385222098364538
52.41364768932039,12.759866710843374,0.023346717870897905
52.41364768932039,12.760009325301205,0.02286794888157518
52.41364768932039,12.760151939759037,0.022405909087260617
52.41364768932039,12.760294554216868,0.021961700000603386
52.41364768932039,12.760437168674699,0.02154515448193238
52.41364768932039,12.760579783132531,0.021150397014584273
52.41364768932039,12.760722397590362,0.020768242851555537
52.41364768932039,12.760865012048193,0.020412803160231464
52.41364768932039,12.761007626506025,0.020083125958894978
52.41364768932039,12.761150240963856,0.0197841235266876
52.41364768932039,12.761292855421688,0.019506917165071858
52.41364768932039,12.761435469879519,0.01924742012347387
52.41364768932039,12.76157808433735,0.019009267797497155
52.41364768932039,12.761720698795182,0.01880108926622185
52.41364768932039,12.761863313253013,0.01861590984015747
52.41364768932039,12.762005927710844,0.01846434344066764
52.41364768932039,12.762148542168676,0.018333014140924083
52.41364768932039,12.762291156626507,0.01822646641380024
52.41364768932039,12.762433771084337,0.018145602714890782
52.41364768932039,12.76257638554217,0.01809532350203917
52.41364768932039,12.762719,0.01806424584085018
52.413740427184464,12.750882,0.05677485812981533
52.413740427184464,12.751024614457831,0.05675162541856472
52.413740427184464,12.751167228915664,0.0566939731711066
52.413740427184464,12.751309843373495,0.056609816626058816
52.413740427184464,12.751452457831325,0.05650346853868607
52.413740427184464,12.751595072289158,0.056364433959284435
52.413740427184464,12.751737686746988,0.05620456636303889
52.413740427184464,12.75188030120482,0.05600740467452556
52.413740427184464,12.752022915662652,0.05578471347835215
52.413740427184464,12.752165530120482,0.05553848129293485
52.413740427184464,12.752308144578313,0.0552713562810203
52.413740427184464,12.752450759036146,0.05497206479645358
52.413740427184464,12.752593373493976,0.054651769971752966
52.413740427184464,12.752735987951809,0.054304833753244436
52.413740427184464,12.75287860240964,0.05393559789995435
52.413740427184464,12.75302121686747,0.0535410431704795
52.413740427184464,12.753163831325303,0.053121441538406956
52.413740427184464,12.753306445783133,0.052678331784829065
52.413740427184464,12.753449060240964,0.05221911237863283
52.413740427184464,12.753591674698797,0.05173367977161748
52.413740427184464,12.753734289156627,0.05122684282615389
52.413740427184464,12.753876903614458,0.05069995872627351
52.413740427184464,12.75401951807229,0.050158247902695394
52.413740427184464,12.754162132530121,0.04959762328854316
52.413740427184464,12.754304746987952,0.049019127221583775
52.413740427184464,12.754447361445784,0.048425576879177507
52.413740427184464,12.754589975903615,0.04781843143744106
52.413740427184464,12.754732590361446,0.04719142194491184
52.413740427184464,12.754875204819278,0.04655709774941064
52.413740427184464,12.755017819277109,0.045906576201444595
52.413740427184464,12.75516043373494,0.04524812107888889
52.413740427184464,12.755303048192772,0.044577973307738654
52.413740427184464,12.755445662650603,0.04389466050109082
52.413740427184464,12.755588277108435,0.0432005308607353
52.413740427184464,12.755730891566266,0.04249695840850108
52.413740427184464,12.755873506024097,0.041791990910287194
52.413740427184464,12.75601612048193,0.04108081717131797
52.413740427184464,12.75615873493976,0.04036624099565508
52.413740427184464,12.75630134939759,0.039643261253037854
52.413740427184464,12.756443963855423,0.038923116343763574
52.413740427184464,12.756586578313254,0.03819030358654117
52.413740427184464,12.756729192771084,0.03746123124040749
52.413740427184464,12.756871807228917,0.036736615882667134
52.413740427184464,12.757014421686748,0.0360149180908772
52.413740427184464,12.757157036144578,0.0352911939672625
52.413740427184464,12.75729965060241,0.03457377728538754
52.413740427184464,12.757442265060241,0.03386326607183453
52.413740427184464,12.757584879518072,0.033157266844833284
52.413740427184464,12.757727493975905,0.03245576024411288
52.413740427184464,12.757870108433735,0.03175825265681072
52.413740427184464,12.758012722891566,0.031074287341472866
52.413740427184464,12.758155337349399,0.03039986292771464
52.413740427184464,12.75829795180723,0.029735762008263916
52.413740427184464,12.758440566265062,0.02908323558305004
52.413740427184464,12.758583180722892,0.02843785147466522
52.413740427184464,12.758725795180723,0.0278084869893762
52.413740427184464,12.758868409638556,0.027191560861787936
52.413740427184464,12.759011024096386,0.026590026215804724
52.413740427184464,12.759153638554217,0.026006088037222277
52.413740427184464,12.75929625301205,0.02544263828314508
52.413740427184464,12.75943886746988,0.02488741484896027
52.413740427184464,12.759581481927711,0.02435226133680678
52.413740427184464,12.759724096385543,0.023830575858590754
52.413740427184464,12.759866710843374,0.02332384694950061
52.413740427184464,12.760009325301205,0.02284390567636227
52.413740427184464,12.760151939759037,0.022380730393689374
52.413740427184464,12.760294554216868,0.021935416993848714
52.413740427184464,12.760437168674699,0.021517830809658425
52.413740427184464,12.760579783132531,0.021122073725275137
52.413740427184464,12.760722397590362,0.020738993329411884
52.413740427184464,12.760865012048193,0.02038267390892954
52.413740427184464,12.761007626506025,0.020052177994847306
52.413740427184464,12.761150240963856,0.019752404999252515
52.413740427184464,12.761292855421688,0.019474514989698096
52.413740427184464,12.761435469879519,0.019214369348528538
52.413740427184464,12.76157808433735,0.0189756496663113
52.413740427184464,12.761720698795182,0.01876695897994419
52.413740427184464,12.761863313253013,0.018581326659397757
52.413740427184464,12.762005927710844,0.018429363500763126
52.413740427184464,12.762148542168676,0.01829770806386645
52.413740427184464,12.762291156626507,0.018190897099463775
52.413740427184464,12.762433771084337,0.018109843906993682
52.413740427184464,12.76257638554217,0.018059428426322
52.413740427184464,12.762719,0.01802828738251458
52.413833165048544,12.750882,0.05683828607681551
52.413833165048544,12.751024614457831,0.05681498787923064
52.413833165048544,12.751167228915664,0.0567571860719443
52.413833165048544,12.751309843373495,0.0566728215379405
52.413833165048544,12.751452457831325,0.05656615690343929
52.413833165048544,12.751595072289158,0.05642675637091542
52.413833165048544,12.751737686746988,0.056266423199257745
52.413833165048544,12.75188030120482,0.05606872766994088
52.413833165048544,12.752022915662652,0.05584542259824505
52.413833165048544,12.752165530120482,0.05559851833947688
52.413833165048544,12.752308144578313,0.05533063399102589
52.413833165048544,12.752450759036146,0.05503051055567978
52.413833165048544,12.752593373493976,0.05470932975461693
52.413833165048544,12.752735987951809,0.05436144444895833
52.413833165048544,12.75287860240964,0.053991200725337266
52.413833165048544,12.75302121686747,0.053595565076412596
52.413833165048544,12.753163831325303,0.05317480884695651
52.413833165048544,12.753306445783133,0.05273048726247507
52.413833165048544,12.753449060240964,0.05227000347759237
52.413833165048544,12.753591674698797,0.05178324334108935
52.413833165048544,12.753734289156627,0.05127501986985184
52.413833165048544,12.753876903614458,0.050746698074549824
52.413833165048544,12.75401951807229,0.05020349634479785
52.413833165048544,12.754162132530121,0.049641324466654854
52.413833165048544,12.754304746987952,0.049061245860327084
52.413833165048544,12.754447361445784,0.04846605413606052
52.413833165048544,12.754589975903615,0.0478572212354356
52.413833165048544,12.754732590361446,0.04722848260785288
52.413833165048544,12.754875204819278,0.046592393053188214
52.413833165048544,12.755017819277109,0.04594005730987065
52.413833165048544,12.75516043373494,0.04527978028124326
52.413833165048544,12.755303048192772,0.044607755324987175
52.413833165048544,12.755445662650603,0.0439225495699019
52.413833165048544,12.755588277108435,0.04322649739872438
52.413833165048544,12.755730891566266,0.042520975037686704
52.413833165048544,12.755873506024097,0.041814029291020634
52.413833165048544,12.75601612048193,0.0411008519134837
52.413833165048544,12.75615873493976,0.040384251206505475
52.413833165048544,12.75630134939759,0.03965924934190014
52.413833165048544,12.756443963855423,0.03893708212741038
52.413833165048544,12.756586578313254,0.03820224051458254
52.413833165048544,12.756729192771084,0.037471127592601475
52.413833165048544,12.756871807228917,0.03674445939813905
52.413833165048544,12.757014421686748,0.03602070872012642
52.413833165048544,12.757157036144578,0.03529493190598414
52.413833165048544,12.75729965060241,0.03457546483893388
52.413833165048544,12.757442265060241,0.033862916004627534
52.413833165048544,12.757584879518072,0.03315489901282307
52.413833165048544,12.757727493975905,0.03245137861683557
52.413833165048544,12.757870108433735,0.03175187698602387
52.413833165048544,12.758012722891566,0.031065944497172076
52.413833165048544,12.758155337349399,0.030389575443423536
52.413833165048544,12.75829795180723,0.02972355130682584
52.413833165048544,12.758440566265062,0.02906913488529644
52.413833165048544,12.758583180722892,0.02842187859180011
52.413833165048544,12.758725795180723,0.02779067769511857
52.413833165048544,12.758868409638556,0.027171961174214023
52.413833165048544,12.759011024096386,0.02656867389043241
52.413833165048544,12.759153638554217,0.02598301796924791
52.413833165048544,12.75929625301205,0.025417876784117416
52.413833165048544,12.75943886746988,0.024861045502170713
52.413833165048544,12.759581481927711,0.024324320307299363
52.413833165048544,12.759724096385543,0.023801137316254786
52.413833165048544,12.759866710843374,0.02329296184717903
52.413833165048544,12.760009325301205,0.022811636867655253
52.413833165048544,12.760151939759037,0.022347121394390636
52.413833165048544,12.760294554216868,0.02190050536373879
52.413833165048544,12.760437168674699,0.021481691372521775
52.413833165048544,12.760579783132531,0.02108475457484403
52.413833165048544,12.760722397590362,0.02070058113831793
52.413833165048544,12.760865012048193,0.02034322386629896
52.413833165048544,12.761007626506025,0.020011761914918484
52.413833165048544,12.761150240963856,0.01971107980482133
52.413833165048544,12.761292855421688,0.0194323822795281
52.413833165048544,12.761435469879519,0.01917147146810018
52.413833165048544,12.76157808433735,0.01893208210267103
52.413833165048544,12.761720698795182,0.018722787013211235
52.413833165048544,12.761863313253013,0.018536620192865935
52.413833165048544,12.762005927710844,0.01838418898793441
52.413833165048544,12.762148542168676,0.01825214870734033
52.413833165048544,12.762291156626507,0.018145027085176076
52.413833165048544,12.762433771084337,0.01806374987252595
52.413833165048544,12.76257638554217,0.018013173818016395
52.413833165048544,12.762719,0.0179819578027631
52.413925902912624,12.750882,0.05690748767370375
52.413925902912624,12.751024614457831,0.056884116875496674
52.413925902912624,12.751167228915664,0.056826148716117374
52.413925902912624,12.751309843373495,0.05674155286934597
52.413925902912624,12.751452457831325,0.05663453523500066
52.413925902912624,12.751595072289158,0.05649472744271794
52.413925902912624,12.751737686746988,0.056333875478835144
52.413925902912624,12.75188030120482,0.05613558524460175
52.413925902912624,12.752022915662652,0.055911596152207144
52.413925902912624,12.752165530120482,0.055663943528817
52.413925902912624,12.752308144578313,0.05539521347731845
52.413925902912624,12.752450759036146,0.05509416328738822
52.413925902912624,12.752593373493976,0.05477199608028149
52.413925902912624,12.752735987951809,0.05442305411081152
52.413925902912624,12.75287860240964,0.05405168821641268
52.413925902912624,12.75302121686747,0.0536548492055653
52.413925902912624,12.753163831325303,0.053232807143066656
52.413925902912624,12.753306445783133,0.05278713595239207
52.413925902912624,12.753449060240964,0.0523252444101865
52.413925902912624,12.753591674698797,0.05183700600626938
52.413925902912624,12.753734289156627,0.051327238500609995
52.413925902912624,12.753876903614458,0.05079731582640164
52.413925902912624,12.75401951807229,0.05025245404195378
52.413925902912624,12.754162132530121,0.04968855923711877
52.413925902912624,12.754304746987952,0.049106718726568396
52.413925902912624,12.754447361445784,0.048509699185661934
52.413925902912624,12.754589975903615,0.04789898747277034
52.413925902912624,12.754732590361446,0.047268323393698006
52.413925902912624,12.754875204819278,0.04663026808202273
52.413925902912624,12.755017819277109,0.045975911993936726
52.413925902912624,12.75516043373494,0.04531360700213285
52.413925902912624,12.755303048192772,0.0446394920110988
52.413925902912624,12.755445662650603,0.04395217894552665
52.413925902912624,12.755588277108435,0.04325398637571617
52.413925902912624,12.755730891566266,0.042546293084071526
52.413925902912624,12.755873506024097,0.041837144584125796
52.413925902912624,12.75601612048193,0.04112173597744055
52.413925902912624,12.75615873493976,0.0404028808146291
52.413925902912624,12.75630134939759,0.039675627255679816
52.413925902912624,12.756443963855423,0.038951208647149446
52.413925902912624,12.756586578313254,0.0382141083652992
52.413925902912624,12.756729192771084,0.037480723708599735
52.413925902912624,12.756871807228917,0.036751769539995205
52.413925902912624,12.757014421686748,0.03602573299279006
52.413925902912624,12.757157036144578,0.035297670385818984
52.413925902912624,12.75729965060241,0.03457591997159419
52.413925902912624,12.757442265060241,0.03386110230264777
52.413925902912624,12.757584879518072,0.033150838666219665
52.413925902912624,12.757727493975905,0.03244507572733855
52.413925902912624,12.757870108433735,0.03174335374076215
52.413925902912624,12.758012722891566,0.031055231070391893
52.413925902912624,12.758155337349399,0.03037669671953363
52.413925902912624,12.75829795180723,0.029708531176960977
52.413925902912624,12.758440566265062,0.02905201069711246
52.413925902912624,12.758583180722892,0.028402669637684702
52.413925902912624,12.758725795180723,0.027769423746264198
52.413925902912624,12.758868409638556,0.02714871372057697
52.413925902912624,12.759011024096386,0.02654347487097721
52.413925902912624,12.759153638554217,0.025955905799096474
52.413925902912624,12.75929625301205,0.02538888037597828
52.413925902912624,12.75943886746988,0.024830258937569884
52.413925902912624,12.759581481927711,0.02429178350999529
52.413925902912624,12.759724096385543,0.02376693381478202
52.413925902912624,12.759866710843374,0.023257148167600827
52.413925902912624,12.760009325301205,0.022774283101540897
52.413925902912624,12.760151939759037,0.02230827549738561
52.413925902912624,12.760294554216868,0.021860208878892784
52.413925902912624,12.760437168674699,0.021440027868463295
52.413925902912624,12.760579783132531,0.021041777421997282
52.413925902912624,12.760722397590362,0.0206563872844812
52.413925902912624,12.760865012048193,0.020297874297826948
52.413925902912624,12.761007626506025,0.01996533667052667
52.413925902912624,12.761150240963856,0.01966364209347684
52.413925902912624,12.761292855421688,0.01938404620005759
52.413925902912624,12.761435469879519,0.019122283401972702
52.413925902912624,12.76157808433735,0.018882148501190445
52.413925902912624,12.761720698795182,0.018672180704040017
52.413925902912624,12.761863313253013,0.0184854188950954
52.413925902912624,12.762005927710844,0.0183324662268149
52.413925902912624,12.762148542168676,0.01819999751678125
52.413925902912624,12.762291156626507,0.018092529922004087
52.413925902912624,12.762433771084337,0.018011003472998097
52.413925902912624,12.76257638554217,0.017960248560160468
52.413925902912624,12.762719,0.017928949043109283
52.4140186407767,12.750882,0.056988969430107846
52.4140186407767,12.751024614457831,0.05696551786245776
52.4140186407767,12.751167228915664,0.0569073641011061
52.4140186407767,12.751309843373495,0.05682251080689489
52.4140186407767,12.751452457831325,0.056715100343909926
52.4140186407767,12.751595072289158,0.05657483951903568
52.4140186407767,12.751737686746988,0.056413409840091
52.4140186407767,12.75188030120482,0.05621445746652606
52.4140186407767,12.752022915662652,0.0559897067102645
52.4140186407767,12.752165530120482,0.05574122122555201
52.4140186407767,12.752308144578313,0.05547154955747365
52.4140186407767,12.752450759036146,0.05516946727934324
52.4140186407767,12.752593373493976,0.054846202012806315
52.4140186407767,12.752735987951809,0.054496083697703555
52.4140186407767,12.75287860240964,0.05412346872631372
52.4140186407767,12.75302121686747,0.05372529007327086
52.4140186407767,12.753163831325303,0.05330181646484006
52.4140186407767,12.753306445783133,0.052854642962854574
52.4140186407767,12.753449060240964,0.05239118464405625
52.4140186407767,12.753591674698797,0.051901300640062625
52.4140186407767,12.753734289156627,0.05138981472592539
52.4140186407767,12.753876903614458,0.05085811002254013
52.4140186407767,12.75401951807229,0.05031140049212415
52.4140186407767,12.754162132530121,0.049745587798593616
52.4140186407767,12.754304746987952,0.04916178615591852
52.4140186407767,12.754447361445784,0.04856273166847587
52.4140186407767,12.754589975903615,0.04794992830033931
52.4140186407767,12.754732590361446,0.047317120600601933
52.4140186407767,12.754875204819278,0.046676877096979874
52.4140186407767,12.755017819277109,0.04602027145682755
52.4140186407767,12.75516043373494,0.0453557089621686
52.4140186407767,12.755303048192772,0.044679267090482144
52.4140186407767,12.755445662650603,0.04398960801004385
52.4140186407767,12.755588277108435,0.04328903270226201
52.4140186407767,12.755730891566266,0.0425789229125834
52.4140186407767,12.755873506024097,0.04186732232677056
52.4140186407767,12.75601612048193,0.04114942941235529
52.4140186407767,12.75615873493976,0.040428064215818224
52.4140186407767,12.75630134939759,0.03969830421064599
52.4140186407767,12.756443963855423,0.038971379583971816
52.4140186407767,12.756586578313254,0.038231765017363056
52.4140186407767,12.756729192771084,0.03749585164268788
52.4140186407767,12.756871807228917,0.03676435269502177
52.4140186407767,12.757014421686748,0.0360357716149792
52.4140186407767,12.757157036144578,0.03530516433078563
52.4140186407767,12.75729965060241,0.03458087189229561
52.4140186407767,12.757442265060241,0.03386352821334988
52.4140186407767,12.757584879518072,0.03315076338815213
52.4140186407767,12.757727493975905,0.032442503868200405
52.4140186407767,12.757870108433735,0.03173830979197974
52.4140186407767,12.758012722891566,0.031047748503526595
52.4140186407767,12.758155337349399,0.03036680347769402
52.4140186407767,12.75829795180723,0.029696253483732716
52.4140186407767,12.758440566265062,0.02903739015346208
52.4140186407767,12.758583180722892,0.02838572736400014
52.4140186407767,12.758725795180723,0.027750204620648273
52.4140186407767,12.758868409638556,0.027127275123778872
52.4140186407767,12.759011024096386,0.026519863456947686
52.4140186407767,12.759153638554217,0.025930163913648652
52.4140186407767,12.75929625301205,0.025361040381850403
52.4140186407767,12.75943886746988,0.02480042603579636
52.4140186407767,12.759581481927711,0.02426000194355749
52.4140186407767,12.759724096385543,0.023733296538067182
52.4140186407767,12.759866710843374,0.023221718071170076
52.4140186407767,12.760009325301205,0.022737138611269966
52.4140186407767,12.760151939759037,0.0222694703557047
52.4140186407767,12.760294554216868,0.02181978827717778
52.4140186407767,12.760437168674699,0.021398085183087487
52.4140186407767,12.760579783132531,0.020998372216866953
52.4140186407767,12.760722397590362,0.02061162762939225
52.4140186407767,12.760865012048193,0.020251828029592682
52.4140186407767,12.761007626506025,0.019918092978872346
52.4140186407767,12.761150240963856,0.01961527091951011
52.4140186407767,12.761292855421688,0.019334675321530447
52.4140186407767,12.761435469879519,0.019071963600200678
52.4140186407767,12.76157808433735,0.018830998878799993
52.4140186407767,12.761720698795182,0.018620282085816127
52.4140186407767,12.761863313253013,0.018432857735483844
52.4140186407767,12.762005927710844,0.018279324354210327
52.4140186407767,12.762148542168676,0.018146378772959836
52.4140186407767,12.762291156626507,0.018038526050366866
52.4140186407767,12.762433771084337,0.017956722335603022
52.4140186407767,12.76257638554217,0.017905768215488376
52.4140186407767,12.762719,0.017874375733762146
52.414111378640776,12.750882,0.057079096476025465
52.414111378640776,12.751024614457831,0.05705555309448309
52.414111378640776,12.751167228915664,0.05699718861951207
52.414111378640776,12.751309843373495,0.05691204290410811
52.414111378640776,12.751452457831325,0.05680418765919398
52.414111378640776,12.751595072289158,0.05666341291995324
52.414111378640776,12.751737686746988,0.05650132852242785
52.414111378640776,12.75188030120482,0.05630162579468047
52.414111378640776,12.752022915662652,0.05607601178269659
52.414111378640776,12.752165530120482,0.0558265817389138
52.414111378640776,12.752308144578313,0.05555584268841817
52.414111378640776,12.752450759036146,0.055252590707825275
52.414111378640776,12.752593373493976,0.05492808010993653
52.414111378640776,12.752735987951809,0.05457662787238159
52.414111378640776,12.75287860240964,0.05420259601249266
52.414111378640776,12.75302121686747,0.05380289781567938
52.414111378640776,12.753163831325303,0.05337780113436808
52.414111378640776,12.753306445783133,0.05292892419063376
52.414111378640776,12.753449060240964,0.05246368876418588
52.414111378640776,12.753591674698797,0.0519719387151651
52.414111378640776,12.753734289156627,0.05145850393880319
52.414111378640776,12.753876903614458,0.05092477799256134
52.414111378640776,12.75401951807229,0.05037597279993117
52.414111378640776,12.754162132530121,0.04980798524086256
52.414111378640776,12.754304746987952,0.04922195880049293
52.414111378640776,12.754447361445784,0.048620596545304345
52.414111378640776,12.754589975903615,0.0480054209325419
52.414111378640776,12.754732590361446,0.04737018253346831
52.414111378640776,12.754875204819278,0.04672745729781465
52.414111378640776,12.755017819277109,0.04606830089256504
52.414111378640776,12.75516043373494,0.045401177751652796
52.414111378640776,12.755303048192772,0.04472209651283485
52.414111378640776,12.755445662650603,0.04402977664600329
52.414111378640776,12.755588277108435,0.04332649885190291
52.414111378640776,12.755730891566266,0.04261364790339795
52.414111378640776,12.755873506024097,0.04189926648023613
52.414111378640776,12.75601612048193,0.04117855634772991
52.414111378640776,12.75615873493976,0.040454344855569375
52.414111378640776,12.75630134939759,0.0397217420361536
52.414111378640776,12.756443963855423,0.03899197444618835
52.414111378640776,12.756586578313254,0.03824950759466497
52.414111378640776,12.756729192771084,0.037510725544752696
52.414111378640776,12.756871807228917,0.03677634021632882
52.414111378640776,12.757014421686748,0.03604487308102524
52.414111378640776,12.757157036144578,0.03531137962122999
52.414111378640776,12.75729965060241,0.034584204263731655
52.414111378640776,12.757442265060241,0.03386399560156156
52.414111378640776,12.757584879518072,0.03314839369064068
52.414111378640776,12.757727493975905,0.03243730276268458
52.414111378640776,12.757870108433735,0.03173030478330398
52.414111378640776,12.758012722891566,0.03103697767329715
52.414111378640776,12.758155337349399,0.030353298124341656
52.414111378640776,12.75829795180723,0.02968004396767343
52.414111378640776,12.758440566265062,0.029018523469835404
52.414111378640776,12.758583180722892,0.02836422794493737
52.414111378640776,12.758725795180723,0.02772612294533676
52.414111378640776,12.758868409638556,0.027100676032822915
52.414111378640776,12.759011024096386,0.026490799888028674
52.414111378640776,12.759153638554217,0.02589868467375687
52.414111378640776,12.75929625301205,0.02532718232783384
52.414111378640776,12.75943886746988,0.024764307208778105
52.414111378640776,12.759581481927711,0.02422167310747319
52.414111378640776,12.759724096385543,0.023692862034320028
52.414111378640776,12.759866710843374,0.02317924936856881
52.414111378640776,12.760009325301205,0.022692724528798273
52.414111378640776,12.760151939759037,0.022223171787427973
52.414111378640776,12.760294554216868,0.021771657876168603
52.414111378640776,12.760437168674699,0.021348228469769862
52.414111378640776,12.760579783132531,0.02094685669154495
52.414111378640776,12.760722397590362,0.020558575325394582
52.414111378640776,12.760865012048193,0.020197316012434706
52.414111378640776,12.761007626506025,0.01986222262158262
52.414111378640776,12.761150240963856,0.019558121694975235
52.414111378640776,12.761292855421688,0.01927639120619995
52.414111378640776,12.761435469879519,0.019012603521050653
52.414111378640776,12.76157808433735,0.018770696995183987
52.414111378640776,12.761720698795182,0.01855913057824326
52.414111378640776,12.761863313253013,0.018370954579598628
52.414111378640776,12.762005927710844,0.01821676257137502
52.414111378640776,12.762148542168676,0.018083275429468724
52.414111378640776,12.762291156626507,0.01797498617912859
52.414111378640776,12.762433771084337,0.017892867411007665
52.414111378640776,12.76257638554217,0.017841687333043928
52.414111378640776,12.762719,0.017810189482571584
52.414204116504855,12.750882,0.05717736099314319
52.414204116504855,12.751024614457831,0.05715371682461913
52.414204116504855,12.751167228915664,0.057095121525066087
52.414204116504855,12.751309843373495,0.057009655037416285
52.414204116504855,12.751452457831325,0.05690131177439989
52.414204116504855,12.751595072289158,0.056759973213103956
52.414204116504855,12.751737686746988,0.05659717065745214
52.414204116504855,12.75188030120482,0.05639664473338248
52.414204116504855,12.752022915662652,0.056170083643890076
52.414204116504855,12.752165530120482,0.055919617410449846
52.414204116504855,12.752308144578313,0.055647707447819814
52.414204116504855,12.752450759036146,0.05534317246931391
52.414204116504855,12.752593373493976,0.05501729595956921
52.414204116504855,12.752735987951809,0.05466438034233285
52.414204116504855,12.75287860240964,0.05428879406194524
52.414204116504855,12.75302121686747,0.05388742923396936
52.414204116504855,12.753163831325303,0.053460552432788015
52.414204116504855,12.753306445783133,0.05300980700843735
52.414204116504855,12.753449060240964,0.05254262213578676
52.414204116504855,12.753591674698797,0.05204882496323115
52.414204116504855,12.753734289156627,0.05153325267891521
52.414204116504855,12.753876903614458,0.050997309661800085
52.414204116504855,12.75401951807229,0.05044620627061659
52.414204116504855,12.754162132530121,0.04987583308877395
52.414204116504855,12.754304746987952,0.04928736666652297
52.414204116504855,12.754447361445784,0.04868347367384489
52.414204116504855,12.754589975903615,0.04806569664635844
52.414204116504855,12.754732590361446,0.04742779247003816
52.414204116504855,12.754875204819278,0.046782345510054196
52.414204116504855,12.755017819277109,0.04612039179235199
52.414204116504855,12.75516043373494,0.04545046048974442
52.414204116504855,12.755303048192772,0.04476848539997265
52.414204116504855,12.755445662650603,0.04407324762990194
52.414204116504855,12.755588277108435,0.04336700642749161
52.414204116504855,12.755730891566266,0.04265115004949432
52.414204116504855,12.755873506024097,0.04193371961702377
52.414204116504855,12.75601612048193,0.04120992053887801
52.414204116504855,12.75615873493976,0.04048258862257131
52.414204116504855,12.75630134939759,0.03974686906629027
52.414204116504855,12.756443963855423,0.039013984780890465
52.414204116504855,12.756586578313254,0.03826839119386459
52.414204116504855,12.756729192771084,0.03752646479328224
52.414204116504855,12.756871807228917,0.03678891559522093
52.414204116504855,12.757014421686748,0.03605428489550043
52.414204116504855,12.757157036144578,0.03531762768842506
52.414204116504855,12.75729965060241,0.03458729244388515
52.414204116504855,12.757442265060241,0.03386394357502515
52.414204116504855,12.757584879518072,0.03314523227981077
52.414204116504855,12.757727493975905,0.03243103796453705
52.414204116504855,12.757870108433735,0.03172096718180427
52.414204116504855,12.758012722891566,0.031024608710432822
52.414204116504855,12.758155337349399,0.030337932372713546
52.414204116504855,12.75829795180723,0.029661714615637567
52.414204116504855,12.758440566265062,0.028997281943534965
52.414204116504855,12.758583180722892,0.028340101196403653
52.414204116504855,12.758725795180723,0.027699166456695415
52.414204116504855,12.758868409638556,0.027070961185657973
52.414204116504855,12.759011024096386,0.0264583846887861
52.414204116504855,12.759153638554217,0.02586362251413997
52.414204116504855,12.75929625301205,0.02528951364224115
52.414204116504855,12.75943886746988,0.024724161324565747
52.414204116504855,12.759581481927711,0.024179105792757418
52.414204116504855,12.759724096385543,0.023647987942919182
52.414204116504855,12.759866710843374,0.023132146723539308
52.414204116504855,12.760009325301205,0.022643490604590866
52.414204116504855,12.760151939759037,0.022171873392415897
52.414204116504855,12.760294554216868,0.021718352856201585
52.414204116504855,12.760437168674699,0.021293031945764717
52.414204116504855,12.760579783132531,0.02088984296167629
52.414204116504855,12.760722397590362,0.020499877910921414
52.414204116504855,12.760865012048193,0.020137019651071945
52.414204116504855,12.761007626506025,0.01980043819210168
52.414204116504855,12.761150240963856,0.01949493648070861
52.414204116504855,12.761292855421688,0.019211962930938513
52.414204116504855,12.761435469879519,0.01894699666723149
52.414204116504855,12.76157808433735,0.018704058477992638
52.414204116504855,12.761720698795182,0.018491561077584796
52.414204116504855,12.761863313253013,0.01830256180694597
52.414204116504855,12.762005927710844,0.018147648620349302
52.414204116504855,12.762148542168676,0.018013568601200257
52.414204116504855,12.762291156626507,0.017904800821053383
52.414204116504855,12.762433771084337,0.01782233710156631
52.414204116504855,12.76257638554217,0.017770909390058952
52.414204116504855,12.762719,0.017739296289370984
52.414296854368935,12.750882,0.05728579857780401
52.414296854368935,12.751024614457831,0.05726204627554056
52.414296854368935,12.751167228915664,0.05720320266748276
52.414296854368935,12.751309843373495,0.057117391613776436
52.414296854368935,12.751452457831325,0.05700852335452973
52.414296854368935,12.751595072289158,0.056866578712773175
52.414296854368935,12.751737686746988,0.056703003810281524
52.414296854368935,12.75188030120482,0.056501592622814775
52.414296854368935,12.752022915662652,0.05627401304426087
52.414296854368935,12.752165530120482,0.056022432681051205
52.414296854368935,12.752308144578313,0.05574926350326457
52.414296854368935,12.752450759036146,0.055443348544909614
52.414296854368935,12.752593373493976,0.05511600304889805
52.414296854368935,12.752735987951809,0.05476151423553152
52.414296854368935,12.75287860240964,0.054384256896368846
52.414296854368935,12.75302121686747,0.053981100327053666
52.414296854368935,12.753163831325303,0.05355230920370911
52.414296854368935,12.753306445783133,0.05309955473492665
52.414296854368935,12.753449060240964,0.0526302740246949
52.414296854368935,12.753591674698797,0.05213427589652149
52.414296854368935,12.753734289156627,0.05161640500101943
52.414296854368935,12.753876903614458,0.051078078318696256
52.414296854368935,12.75401951807229,0.05052450395469026
52.414296854368935,12.754162132530121,0.04995156554835939
52.414296854368935,12.754304746987952,0.049360475792729806
52.414296854368935,12.754447361445784,0.04875386171895309
52.414296854368935,12.754589975903615,0.04813328693446295
52.414296854368935,12.754732590361446,0.047492516162391224
52.414296854368935,12.754875204819278,0.046844142521912165
52.414296854368935,12.755017819277109,0.04617917999698369
52.414296854368935,12.75516043373494,0.045506229122044446
52.414296854368935,12.755303048192772,0.04482114192144679
52.414296854368935,12.755445662650603,0.0441227664642477
52.414296854368935,12.755588277108435,0.04341333827093259
52.414296854368935,12.755730891566266,0.04269424979800365
52.414296854368935,12.755873506024097,0.0419735401896303
52.414296854368935,12.75601612048193,0.041246418580136834
52.414296854368935,12.75615873493976,0.0405157304349105
52.414296854368935,12.75630134939759,0.03977665887804277
52.414296854368935,12.756443963855423,0.039040422457444934
52.414296854368935,12.756586578313254,0.03829146611427586
52.414296854368935,12.756729192771084,0.03754615775151075
52.414296854368935,12.756871807228917,0.03680520538033394
52.414296854368935,12.757014421686748,0.03606717179794909
52.414296854368935,12.757157036144578,0.03532711165105253
52.414296854368935,12.75729965060241,0.03459337708339558
52.414296854368935,12.757442265060241,0.03386665049177519
52.414296854368935,12.757584879518072,0.03314459458416873
52.414296854368935,12.757727493975905,0.03242706196629873
52.414296854368935,12.757870108433735,0.03171368543641697
52.414296854368935,12.758012722891566,0.031014066193884447
52.414296854368935,12.758155337349399,0.030324166147943407
52.414296854368935,12.75829795180723,0.029644760275934857
52.414296854368935,12.758440566265062,0.028977194673657652
52.414296854368935,12.758583180722892,0.0283169096721815
52.414296854368935,12.758725795180723,0.027672930601018664
52.414296854368935,12.758868409638556,0.027041757719643525
52.414296854368935,12.759011024096386,0.026426276013306067
52.414296854368935,12.759153638554217,0.02582866577958104
52.414296854368935,12.75929625301205,0.025251752392210555
52.414296854368935,12.75943886746988,0.024683735200418198
52.414296854368935,12.759581481927711,0.02413607431935082
52.414296854368935,12.759724096385543,0.023602474893835514
52.414296854368935,12.759866710843374,0.02308423612860126
52.414296854368935,12.760009325301205,0.02259328711430656
52.414296854368935,12.760151939759037,0.02211944895262064
52.414296854368935,12.760294554216868,0.021663768887568706
52.414296854368935,12.760437168674699,0.021236413070236528
52.414296854368935,12.760579783132531,0.020831268700961147
52.414296854368935,12.760722397590362,0.020439492288345535
52.414296854368935,12.760865012048193,0.020074913351399836
52.414296854368935,12.761007626506025,0.01973673075391704
52.414296854368935,12.761150240963856,0.019429721579749794
52.414296854368935,12.761292855421688,0.019145410718905152
52.414296854368935,12.761435469879519,0.018879175897615254
52.414296854368935,12.76157808433735,0.01863512772591087
52.414296854368935,12.761720698795182,0.018421628563155948
52.414296854368935,12.761863313253013,0.018231743295678973
52.414296854368935,12.762005927710844,0.01807605393114428
52.414296854368935,12.762148542168676,0.01794133602847242
52.414296854368935,12.762291156626507,0.017832053134645923
52.414296854368935,12.762433771084337,0.017749218600193732
52.414296854368935,12.76257638554217,0.017697524575909382
52.414296854368935,12.762719,0.017665787336354308
52.41438959223301,12.750882,0.057397054295630925
52.41438959223301,12.751024614457831,0.05737318532934065
52.41438959223301,12.751167228915664,0.057314073817367264
52.41438959223301,12.751309843373495,0.057227890932129113
52.41438959223301,12.751452457831325,0.057118456243533344
52.41438959223301,12.751595072289158,0.05697585736155086
52.41438959223301,12.751737686746988,0.05681144871785607
52.41438959223301,12.75188030120482,0.05660908210903373
52.41438959223301,12.752022915662652,0.05638040305086627
52.41438959223301,12.752165530120482,0.05612762000688805
52.41438959223301,12.752308144578313,0.05585309171257332
52.41438959223301,12.752450759036146,0.05554568740353616
52.41438959223301,12.752593373493976,0.0552167566346364
52.41438959223301,12.752735987951809,0.0548605699122019
52.41438959223301,12.75287860240964,0.05448150902099872
52.41438959223301,12.75302121686747,0.054076418171573264
52.41438959223301,12.753163831325303,0.053645560813896154
52.41438959223301,12.753306445783133,0.053190637338870736
52.41438959223301,12.753449060240964,0.05271909420251025
52.41438959223301,12.753591674698797,0.05222072048813827
52.41438959223301,12.753734289156627,0.051700368640704764
52.41438959223301,12.753876903614458,0.05115946868912657
52.41438959223301,12.75401951807229,0.050603226775003
52.41438959223301,12.754162132530121,0.0500275194744687
52.41438959223301,12.754304746987952,0.04943359751670345
52.41438959223301,12.754447361445784,0.048824045717938754
52.41438959223301,12.754589975903615,0.04820045114406579
52.41438959223301,12.754732590361446,0.0475565857664159
52.41438959223301,12.754875204819278,0.04690505270330441
52.41438959223301,12.755017819277109,0.046236842472593284
52.41438959223301,12.75516043373494,0.045560631838630246
52.41438959223301,12.755303048192772,0.04487218469923162
52.41438959223301,12.755445662650603,0.04417042213111631
52.41438959223301,12.755588277108435,0.04345755364998372
52.41438959223301,12.755730891566266,0.04273497587415723
52.41438959223301,12.755873506024097,0.04201072595704197
52.41438959223301,12.75601612048193,0.04128001729737508
52.41438959223301,12.75615873493976,0.04054570546414261
52.41438959223301,12.75630134939759,0.03980301471575538
52.41438959223301,12.756443963855423,0.039063158976117875
52.41438959223301,12.756586578313254,0.03831057167988154
52.41438959223301,12.756729192771084,0.037561611689554755
52.41438959223301,12.756871807228917,0.0368169848669335
52.41438959223301,12.757014421686748,0.036075276763243506
52.41438959223301,12.757157036144578,0.03533154208315512
52.41438959223301,12.75729965060241,0.03459413721147767
52.41438959223301,12.757442265060241,0.03386376315078811
52.41438959223301,12.757584879518072,0.03313809546076103
52.41438959223301,12.757727493975905,0.032416957747645
52.41438959223301,12.757870108433735,0.03170001169806677
52.41438959223301,12.758012722891566,0.030996871057599525
52.41438959223301,12.758155337349399,0.030303489825232312
52.41438959223301,12.75829795180723,0.02962064096637157
52.41438959223301,12.758440566265062,0.02894969219575734
52.41438959223301,12.758583180722892,0.02828605495159614
52.41438959223301,12.758725795180723,0.027638788004748983
52.41438959223301,12.758868409638556,0.02700440999704733
52.41438959223301,12.759011024096386,0.026385790429036146
52.41438959223301,12.759153638554217,0.025785104404916097
52.41438959223301,12.75929625301205,0.025205161919016682
52.41438959223301,12.75943886746988,0.02463426640333188
52.41438959223301,12.759581481927711,0.024083791749011933
52.41438959223301,12.759724096385543,0.02354751223240925
52.41438959223301,12.759866710843374,0.02302668400520989
52.41438959223301,12.760009325301205,0.022533258581531167
52.41438959223301,12.760151939759037,0.022057021604065735
52.41438959223301,12.760294554216868,0.021599009206324942
52.41438959223301,12.760437168674699,0.021169455203441274
52.41438959223301,12.760579783132531,0.02076219862069994
52.41438959223301,12.760722397590362,0.020368465688599884
52.41438959223301,12.760865012048193,0.020002028510444428
52.41438959223301,12.761007626506025,0.019662116689820295
52.41438959223301,12.761150240963856,0.01935347905962427
52.41438959223301,12.761292855421688,0.01906772366157145
52.41438959223301,12.761435469879519,0.018800118755085006
52.41438959223301,12.76157808433735,0.01855487168902111
52.41438959223301,12.761720698795182,0.018340290481162223
52.41438959223301,12.761863313253013,0.01814944855914823
52.41438959223301,12.762005927710844,0.017992920633201466
52.41438959223301,12.762148542168676,0.017857513642658418
52.41438959223301,12.762291156626507,0.017747674588230608
52.41438959223301,12.762433771084337,0.017664439460869142
52.41438959223301,12.76257638554217,0.017612457791966595
52.41438959223301,12.762719,0.01758058653519684
52.41448233009709,12.750882,0.05751152664347423
52.41448233009709,12.751024614457831,0.05748753468276989
52.41448233009709,12.751167228915664,0.0574281402444279
52.41448233009709,12.751309843373495,0.05734156496431396
52.41448233009709,12.751452457831325,0.05723153116120321
52.41448233009709,12.751595072289158,0.05708824115807969
52.41448233009709,12.751737686746988,0.05692295121720416
52.41448233009709,12.75188030120482,0.05671957458960981
52.41448233009709,12.752022915662652,0.05648973334884689
52.41448233009709,12.752165530120482,0.056235679208450344
52.41448233009709,12.752308144578313,0.05595971370645231
52.41448233009709,12.752450759036146,0.05565073480803904
52.41448233009709,12.752593373493976,0.05532012848920918
52.41448233009709,12.752735987951809,0.05496214706788413
52.41448233009709,12.75287860240964,0.05458118025710201
52.41448233009709,12.75302121686747,0.05417404501685376
52.41448233009709,12.753163831325303,0.05374100350968395
52.41448233009709,12.753306445783133,0.053283787967769
52.41448233009709,12.753449060240964,0.05280985402226648
52.41448233009709,12.753591674698797,0.05230896962312157
52.41448233009709,12.753734289156627,0.05178599558095622
52.41448233009709,12.753876903614458,0.051242376249109954
52.41448233009709,12.75401951807229,0.05068331526530702
52.41448233009709,12.754162132530121,0.05010468176023094
52.41448233009709,12.754304746987952,0.049507767291024365
52.41448233009709,12.754447361445784,0.04889511083616293
52.41448233009709,12.754589975903615,0.048268324798949186
52.41448233009709,12.754732590361446,0.04762118907684691
52.41448233009709,12.754875204819278,0.04696631699183963
52.41448233009709,12.755017819277109,0.04629467414670862
52.41448233009709,12.75516043373494,0.045615019033487615
52.41448233009709,12.755303048192772,0.044923021085775935
52.41448233009709,12.755445662650603,0.04421767911845447
52.41448233009709,12.755588277108435,0.043501175197214775
52.41448233009709,12.755730891566266,0.0427749103219237
52.41448233009709,12.755873506024097,0.042046919218634425
52.41448233009709,12.75601612048193,0.04131241991973744
52.41448233009709,12.75615873493976,0.040574278639269566
52.41448233009709,12.75630134939759,0.039827763964887186
52.41448233009709,12.756443963855423,0.039084084375763856
52.41448233009709,12.756586578313254,0.03832766081318007
52.41448233009709,12.756729192771084,0.03757484303306365
52.41448233009709,12.756871807228917,0.03682633361372342
52.41448233009709,12.757014421686748,0.03608074305375388
52.41448233009709,12.757157036144578,0.03533312550511293
52.41448233009709,12.75729965060241,0.034591842191445094
52.41448233009709,12.757442265060241,0.033857614289695505
52.41448233009709,12.757584879518072,0.033128130726548945
52.41448233009709,12.757727493975905,0.032403184097353245
52.41448233009709,12.757870108433735,0.03168246624832012
52.41448233009709,12.758012722891566,0.030975605438955552
52.41448233009709,12.758155337349399,0.030278546102033493
52.41448233009709,12.75829795180723,0.029592059534999948
52.41448233009709,12.758440566265062,0.028917536763114426
52.41448233009709,12.758583180722892,0.028250357417252583
52.41448233009709,12.758725795180723,0.027599616644288276
52.41448233009709,12.758868409638556,0.02696185267269698
52.41448233009709,12.759011024096386,0.026339918332090515
52.41448233009709,12.759153638554217,0.02573598244290802
52.41448233009709,12.75929625301205,0.025152839116894945
52.41448233009709,12.75943886746988,0.024578903214044885
52.41448233009709,12.759581481927711,0.024025455711566994
52.41448233009709,12.759724096385543,0.02348634555588014
52.41448233009709,12.759866710843374,0.022962782353908036
52.41448233009709,12.760009325301205,0.02246674173503604
52.41448233009709,12.760151939759037,0.02198797078290656
52.41448233009709,12.760294554216868,0.021527494300274272
52.41448233009709,12.760437168674699,0.021095618312779958
52.41448233009709,12.760579783132531,0.020686130172405826
52.41448233009709,12.760722397590362,0.020290330659492203
52.41448233009709,12.760865012048193,0.019921930555426143
52.41448233009709,12.761007626506025,0.019580191790537244
52.41448233009709,12.761150240963856,0.01926983354616306
52.41448233009709,12.761292855421688,0.018982552702675327
52.41448233009709,12.761435469879519,0.01871350030816916
52.41448233009709,12.76157808433735,0.018466987134346
52.41448233009709,12.761720698795182,0.01825126302019209
52.41448233009709,12.761863313253013,0.018059410424797466
52.41448233009709,12.762005927710844,0.01790199670223014
52.41448233009709,12.762148542168676,0.01776586162521144
52.41448233009709,12.762291156626507,0.01765543519625215
52.41448233009709,12.762433771084337,0.017571776993042555
52.41448233009709,12.76257638554217,0.017519491135133975
52.41448233009709,12.762719,0.017487478225809185
52.41457506796117,12.750882,0.057640426236011635
52.41457506796117,12.751024614457831,0.05761630066029849
52.41457506796117,12.751167228915664,0.05755659963121286
52.41457506796117,12.751309843373495,0.057469598282049526
52.41457506796117,12.751452457831325,0.057358915252639586
52.41457506796117,12.751595072289158,0.05721487512221564
52.41457506796117,12.751737686746988,0.05704862997387845
52.41457506796117,12.75188030120482,0.0568441586148999
52.41457506796117,12.752022915662652,0.056613057724988015
52.41457506796117,12.752165530120482,0.056357625782364716
52.41457506796117,12.752308144578313,0.05608010288110507
52.41457506796117,12.752450759036146,0.05576941758827258
52.41457506796117,12.752593373493976,0.05543699454791505
52.41457506796117,12.752735987951809,0.05507706776027673
52.41457506796117,12.75287860240964,0.05469403408491167
52.41457506796117,12.75302121686747,0.05428468271690808
52.41457506796117,12.753163831325303,0.05384927367822335
52.41457506796117,12.753306445783133,0.05338957321442165
52.41457506796117,12.753449060240964,0.052913047270196245
52.41457506796117,12.753591674698797,0.05240944085985193
52.41457506796117,12.753734289156627,0.05188362414438379
52.41457506796117,12.753876903614458,0.05133705649116724
52.41457506796117,12.75401951807229,0.05077493899607109
52.41457506796117,12.754162132530121,0.05019313299667729
52.41457506796117,12.754304746987952,0.049592973662001306
52.41457506796117,12.754447361445784,0.048976951464184765
52.41457506796117,12.754589975903615,0.04834670551408359
52.41457506796117,12.754732590361446,0.04769602423262666
52.41457506796117,12.754875204819278,0.047037532234744196
52.41457506796117,12.755017819277109,0.046362168174418905
52.41457506796117,12.75516043373494,0.0456787783358297
52.41457506796117,12.755303048192772,0.04498293137889667
52.41457506796117,12.755445662650603,0.0442737088415697
52.41457506796117,12.755588277108435,0.04355326365335912
52.41457506796117,12.755730891566266,0.04282300155255235
52.41457506796117,12.755873506024097,0.04209095475812499
52.41457506796117,12.75601612048193,0.041352346112105975
52.41457506796117,12.75615873493976,0.04061005383927352
52.41457506796117,12.75630134939759,0.03985939371993152
52.41457506796117,12.756443963855423,0.03911156810071424
52.41457506796117,12.756586578313254,0.038350985476059835
52.41457506796117,12.756729192771084,0.03759398524454234
52.41457506796117,12.756871807228917,0.036841266827631516
52.41457506796117,12.757014421686748,0.036091467583172936
52.41457506796117,12.757157036144578,0.03533964119365946
52.41457506796117,12.75729965060241,0.034594153948352115
52.41457506796117,12.757442265060241,0.03385574856928281
52.41457506796117,12.757584879518072,0.03312212855094979
52.41457506796117,12.757727493975905,0.03239305317127966
52.41457506796117,12.757870108433735,0.03166824668932604
52.41457506796117,12.758012722891566,0.030957353436747853
52.41457506796117,12.758155337349399,0.0302563072833945
52.41457506796117,12.75829795180723,0.02956587802248632
52.41457506796117,12.758440566265062,0.028887481141264472
52.41457506796117,12.758583180722892,0.02821646261791688
52.41457506796117,12.758725795180723,0.027561956801017223
52.41457506796117,12.758868409638556,0.026920522894856233
52.41457506796117,12.759011024096386,0.02629499584109712
52.41457506796117,12.759153638554217,0.025687537705671372
52.41457506796117,12.75929625301205,0.025100925788606718
52.41457506796117,12.75943886746988,0.024523693855431503
52.41457506796117,12.759581481927711,0.023967024208671226
52.41457506796117,12.759724096385543,0.023424845221812523
52.41457506796117,12.759866710843374,0.02289831740387934
52.41457506796117,12.760009325301205,0.022399441190739
52.41457506796117,12.760151939759037,0.021917923613158127
52.41457506796117,12.760294554216868,0.021454776486491835
52.41457506796117,12.760437168674699,0.02102038350264578
52.41457506796117,12.760579783132531,0.020608476956651717
52.41457506796117,12.760722397590362,0.02021043736311189
52.41457506796117,12.760865012048193,0.01983990981874899
52.41457506796117,12.761007626506025,0.019496190819075367
52.41457506796117,12.761150240963856,0.01918396802709659
52.41457506796117,12.761292855421688,0.01889503347165069
52.41457506796117,12.761435469879519,0.018624412318464175
52.41457506796117,12.76157808433735,0.018376526063346707
52.41457506796117,12.761720698795182,0.018159562564881486
52.41457506796117,12.761863313253013,0.017966614636806984
52.41457506796117,12.762005927710844,0.01780824067031711
52.41457506796117,12.762148542168676,0.01767131648268693
52.41457506796117,12.762291156626507,0.017560253141849495
52.41457506796117,12.762433771084337,0.01747613575344182
52.41457506796117,12.76257638554217,0.017423520326823982
52.41457506796117,12.762719,0.017391353937827966
52.414667805825246,12.750882,0.05776997626453908
52.414667805825246,12.751024614457831,0.057745709386161234
52.414667805825246,12.751167228915664,0.05768568392048654
52.414667805825246,12.751309843373495,0.05759823245290811
52.414667805825246,12.751452457831325,0.05748686304365341
52.414667805825246,12.751595072289158,0.05734203066505145
52.414667805825246,12.751737686746988,0.05717477574848713
52.414667805825246,12.75188030120482,0.05696914707774379
52.414667805825246,12.752022915662652,0.056736714580770176
52.414667805825246,12.752165530120482,0.05647982592651463
52.414667805825246,12.752308144578313,0.05620065649761588
52.414667805825246,12.752450759036146,0.05588816726530347
52.414667805825246,12.752593373493976,0.0555538238899074
52.414667805825246,12.752735987951809,0.05519184027189697
52.414667805825246,12.75287860240964,0.05480662200053426
52.414667805825246,12.75302121686747,0.054394927937305736
52.414667805825246,12.753163831325303,0.05395701626250034
52.414667805825246,12.753306445783133,0.05349468910403844
52.414667805825246,12.753449060240964,0.053015423343390405
52.414667805825246,12.753591674698797,0.052508939605770105
52.414667805825246,12.753734289156627,0.05198011800059141
52.414667805825246,12.753876903614458,0.05143043406982582
52.414667805825246,12.75401951807229,0.05086508573381033
52.414667805825246,12.754162132530121,0.05027992600523467
52.414667805825246,12.754304746987952,0.049676336874321096
52.414667805825246,12.754447361445784,0.04905675664167575
52.414667805825246,12.754589975903615,0.04842285309377251
52.414667805825246,12.754732590361446,0.047768424056034056
52.414667805825246,12.754875204819278,0.04710610533743058
52.414667805825246,12.755017819277109,0.046426807203216326
52.414667805825246,12.75516043373494,0.04573946943876411
52.414667805825246,12.755303048192772,0.045039553516767875
52.414667805825246,12.755445662650603,0.04432622851159844
52.414667805825246,12.755588277108435,0.04360161654290663
52.414667805825246,12.755730891566266,0.042867128903119674
52.414667805825246,12.755873506024097,0.04213079433979935
52.414667805825246,12.75601612048193,0.04138784100022237
52.414667805825246,12.75615873493976,0.04064116018450255
52.414667805825246,12.75630134939759,0.03988611752723803
52.414667805825246,12.756443963855423,0.03913390886006447
52.414667805825246,12.756586578313254,0.03836892897897186
52.414667805825246,12.756729192771084,0.037607506789565495
52.414667805825246,12.756871807228917,0.03685033840925146
52.414667805825246,12.757014421686748,0.03609608934698924
52.414667805825246,12.757157036144578,0.035339813305482366
52.414667805825246,12.75729965060241,0.03458988100606592
52.414667805825246,12.757442265060241,0.03384705863098938
52.414667805825246,12.757584879518072,0.03310906501382341
52.414667805825246,12.757727493975905,0.032375624102407116
52.414667805825246,12.757870108433735,0.031646495070269086
52.414667805825246,12.758012722891566,0.03093133793668744
52.414667805825246,12.758155337349399,0.03022607619299572
52.414667805825246,12.75829795180723,0.0295314777832546
52.414667805825246,12.758440566265062,0.02884898435230336
52.414667805825246,12.758583180722892,0.028173906560021732
52.414667805825246,12.758725795180723,0.02751541935272321
52.414667805825246,12.758868409638556,0.02687010444895542
52.414667805825246,12.759011024096386,0.026240778293515996
52.414667805825246,12.759153638554217,0.025629595399525494
52.414667805825246,12.75929625301205,0.025039315658037405
52.414667805825246,12.75943886746988,0.02445859859332376
52.414667805825246,12.759581481927711,0.023898521778923303
52.414667805825246,12.759724096385543,0.023353097626899168
52.414667805825246,12.759866710843374,0.022823434475608355
52.414667805825246,12.760009325301205,0.022321559833966546
52.414667805825246,12.760151939759037,0.021837137725753863
52.414667805825246,12.760294554216868,0.021371166505878482
52.414667805825246,12.760437168674699,0.020934111956309766
52.414667805825246,12.760579783132531,0.02051964761247857
52.414667805825246,12.760722397590362,0.020119239526514673
52.414667805825246,12.760865012048193,0.01974646181330457
52.414667805825246,12.761007626506025,0.019400648683943214
52.414667805825246,12.761150240963856,0.019086454200349403
52.414667805825246,12.761292855421688,0.018795770900137523
52.414667805825246,12.761435469879519,0.018523490805111738
52.414667805825246,12.76157808433735,0.018274152780450657
52.414667805825246,12.761720698795182,0.018055879097060606
52.414667805825246,12.761863313253013,0.017861772746676642
52.414667805825246,12.762005927710844,0.017702383544950698
52.414667805825246,12.762148542168676,0.017564624938725057
52.414667805825246,12.762291156626507,0.01745288812779798
52.414667805825246,12.762433771084337,0.017368285526255224
52.414667805825246,12.76257638554217,0.017315321652124245
52.414667805825246,12.762719,0.0172829930021966
52.41476054368932,12.750882,0.05790828732470537
52.41476054368932,12.751024614457831,0.05788387589700602
52.41476054368932,12.751167228915664,0.05782351747117022
52.41476054368932,12.751309843373495,0.05773560480017248
52.41476054368932,12.751452457831325,0.05762352908232987
52.41476054368932,12.751595072289158,0.05747788301076242
52.41476054368932,12.751737686746988,0.0573095893048369
52.41476054368932,12.75188030120482,0.0571027708144753
52.41476054368932,12.752022915662652,0.056868969046197315
52.41476054368932,12.752165530120482,0.05661058301229602
52.41476054368932,12.752308144578313,0.05632972026700407
52.41476054368932,12.752450759036146,0.05601537572173371
52.41476054368932,12.752593373493976,0.05567905804636755
52.41476054368932,12.752735987951809,0.05531496045693153
52.41476054368932,12.75287860240964,0.05492749709407959
52.41476054368932,12.75302121686747,0.05451339503667219
52.41476054368932,12.753163831325303,0.05407291041934473
52.41476054368932,12.753306445783133,0.05360788293252412
52.41476054368932,12.753449060240964,0.05312580132278346
52.41476054368932,12.753591674698797,0.05261636008536384
52.41476054368932,12.753734289156627,0.05208444979405732
52.41476054368932,12.753876903614458,0.05153156243959615
52.41476054368932,12.75401951807229,0.05096289326552271
52.41476054368932,12.754162132530121,0.0503742856925988
52.41476054368932,12.754304746987952,0.04976717126775681
52.41476054368932,12.754447361445784,0.049143933573569
52.41476054368932,12.754589975903615,0.048506270122944846
52.41476054368932,12.754732590361446,0.047847988139969544
52.41476054368932,12.754875204819278,0.047181735407149344
52.41476054368932,12.755017819277109,0.04649839205619069
52.41476054368932,12.75516043373494,0.045806996649609265
52.41476054368932,12.755303048192772,0.04510289696168629
52.41476054368932,12.755445662650603,0.0443853546180592
52.41476054368932,12.755588277108435,0.043656459004673825
52.41476054368932,12.755730891566266,0.04291762709667084
52.41476054368932,12.755873506024097,0.04217688392817921
52.41476054368932,12.75601612048193,0.04142946297464717
52.41476054368932,12.75615873493976,0.04067826906459876
52.41476054368932,12.75630134939759,0.03991872049285483
52.41476054368932,12.756443963855423,0.039162005753534256
52.41476054368932,12.756586578313254,0.03839250534718842
52.41476054368932,12.756729192771084,0.03762653659153262
52.41476054368932,12.756871807228917,0.03686479193388972
52.41476054368932,12.757014421686748,0.036105966940748746
52.41476054368932,12.757157036144578,0.03534511427891489
52.41476054368932,12.75729965060241,0.034590610156618795
52.41476054368932,12.757442265060241,0.033843244901462705
52.41476054368932,12.757584879518072,0.03310075371568794
52.41476054368932,12.757727493975905,0.03236282264544075
52.41476054368932,12.757870108433735,0.03162924727131343
52.41476054368932,12.758012722891566,0.030909704731375463
52.41476054368932,12.758155337349399,0.030200107138213944
52.41476054368932,12.75829795180723,0.02950122050674643
52.41476054368932,12.758440566265062,0.028814513461824804
52.41476054368932,12.758583180722892,0.02813525938029658
52.41476054368932,12.758725795180723,0.027472676351115048
52.41476054368932,12.758868409638556,0.026823369544296764
52.41476054368932,12.759011024096386,0.026190135412927005
52.41476054368932,12.759153638554217,0.025575120228609246
52.41476054368932,12.75929625301205,0.024981065559366508
52.41476054368932,12.75943886746988,0.02439676392197175
52.41476054368932,12.759581481927711,0.023833181628755435
52.41476054368932,12.759724096385543,0.023284420575085587
52.41476054368932,12.759866710843374,0.022751533377170577
52.41476054368932,12.760009325301205,0.022246575696120374
52.41476054368932,12.760151939759037,0.021759166237701466
52.41476054368932,12.760294554216868,0.021290289014169614
52.41476054368932,12.760437168674699,0.02085049625138778
52.41476054368932,12.760579783132531,0.02043339974934848
52.41476054368932,12.760722397590362,0.020030555409142795
52.41476054368932,12.760865012048193,0.019655462597264937
52.41476054368932,12.761007626506025,0.019307495231842588
52.41476054368932,12.761150240963856,0.01899127124856802
52.41476054368932,12.761292855421688,0.018698790116541852
52.41476054368932,12.761435469879519,0.01842480270123415
52.41476054368932,12.76157808433735,0.01817397158489694
52.41476054368932,12.761720698795182,0.017954350091938
52.41476054368932,12.761863313253013,0.01775905219996346
52.41476054368932,12.762005927710844,0.017598618280811842
52.41476054368932,12.762148542168676,0.017460001222943312
52.41476054368932,12.762291156626507,0.017347571149492317
52.41476054368932,12.762433771084337,0.017262469863486746
52.41476054368932,12.76257638554217,0.017209147212056915
52.41476054368932,12.762719,0.017176651786472555
52.4148532815534,12.750882,0.058059975121662284
52.4148532815534,12.751024614457831,0.05803540937556775
52.4148532815534,12.751167228915664,0.0579746962012161
52.4148532815534,12.751309843373495,0.05788629142624674
52.4148532815534,12.751452457831325,0.05777346370304905
52.4148532815534,12.751595072289158,0.05762695028794924
52.4148532815534,12.751737686746988,0.0574575506272383
52.4148532815534,12.75188030120482,0.05724946486687938
52.4148532815534,12.752022915662652,0.057014204812111974
52.4148532815534,12.752165530120482,0.05675422406600879
52.4148532815534,12.752308144578313,0.05647155789722742
52.4148532815534,12.752450759036146,0.056155237594906954
52.4148532815534,12.752593373493976,0.05581681685218766
52.4148532815534,12.752735987951809,0.05545046773799138
52.4148532815534,12.75287860240964,0.055060612283482996
52.4148532815534,12.75302121686747,0.054643944998827354
52.4148532815534,12.753163831325303,0.05420071975755854
52.4148532815534,12.753306445783133,0.05373281574946137
52.4148532815534,12.753449060240964,0.05324773438517361
52.4148532815534,12.753591674698797,0.05273514251053372
52.4148532815534,12.753734289156627,0.05219994153629336
52.4148532815534,12.753876903614458,0.05164364142912038
52.4148532815534,12.75401951807229,0.05107143421156899
52.4148532815534,12.754162132530121,0.05047915365792328
52.4148532815534,12.754304746987952,0.04986828323407628
52.4148532815534,12.754447361445784,0.049241149011913135
52.4148532815534,12.754589975903615,0.04859947958909748
52.4148532815534,12.754732590361446,0.04793709268537585
52.4148532815534,12.754875204819278,0.0472666483942502
52.4148532815534,12.755017819277109,0.046578995923120904
52.4148532815534,12.75516043373494,0.04588327668446749
52.4148532815534,12.755303048192772,0.04517471958759799
52.4148532815534,12.755445662650603,0.044452683919222996
52.4148532815534,12.755588277108435,0.04371922431952863
52.4148532815534,12.755730891566266,0.04297576347077259
52.4148532815534,12.755873506024097,0.04223032310360891
52.4148532815534,12.75601612048193,0.041478142288750644
52.4148532815534,12.75615873493976,0.04072213993751684
52.4148532815534,12.75630134939759,0.03995779020886374
52.4148532815534,12.756443963855423,0.03919627354637634
52.4148532815534,12.756586578313254,0.03842195594483146
52.4148532815534,12.756729192771084,0.03765114238814783
52.4148532815534,12.756871807228917,0.03688452148932588
52.4148532815534,12.757014421686748,0.03612082058818658
52.4148532815534,12.757157036144578,0.03535509137661213
52.4148532815534,12.75729965060241,0.03459571599410079
52.4148532815534,12.757442265060241,0.03384351020650576
52.4148532815534,12.757584879518072,0.03309622672287896
52.4148532815534,12.757727493975905,0.03235351107355869
52.4148532815534,12.757870108433735,0.03161519778502789
52.4148532815534,12.758012722891566,0.030890982322034417
52.4148532815534,12.758155337349399,0.030176764449560762
52.4148532815534,12.75829795180723,0.029473308473475266
52.4148532815534,12.758440566265062,0.028782111622299697
52.4148532815534,12.758583180722892,0.02809840759904217
52.4148532815534,12.758725795180723,0.027431460304704017
52.4148532815534,12.758868409638556,0.026777899918700183
52.4148532815534,12.759011024096386,0.02614050135601857
52.4148532815534,12.759153638554217,0.02552140269555965
52.4148532815534,12.75929625301205,0.024923325896142837
52.4148532815534,12.75943886746988,0.024335203918218844
52.4148532815534,12.759581481927711,0.023767886062277907
52.4148532815534,12.759724096385543,0.0232155682876966
52.4148532815534,12.759866710843374,0.02267924453204779
52.4148532815534,12.760009325301205,0.02217100046843827
52.4148532815534,12.760151939759037,0.021680407165765865
52.4148532815534,12.760294554216868,0.02120843332925449
52.4148532815534,12.760437168674699,0.02076572224025929
52.4148532815534,12.760579783132531,0.02034582118122206
52.4148532815534,12.760722397590362,0.019940380007287706
52.4148532815534,12.760865012048193,0.019562820003619363
52.4148532815534,12.761007626506025,0.019212556347818464
52.4148532815534,12.761150240963856,0.018894169726157962
52.4148532815534,12.761292855421688,0.018599771674809883
52.4148532815534,12.761435469879519,0.018323964874806083
52.4148532815534,12.76157808433735,0.018071542027702607
52.4148532815534,12.761720698795182,0.017850483782499985
52.4148532815534,12.761863313253013,0.017653915929029138
52.4148532815534,12.762005927710844,0.01749236811843459
52.4148532815534,12.762148542168676,0.017352836248200262
52.4148532815534,12.762291156626507,0.017239667455867923
52.4148532815534,12.762433771084337,0.017154034189006576
52.4148532815534,12.76257638554217,0.017100329127855515
52.4148532815534,12.762719,0.017067655626670793
52.41494601941748,12.750882,0.058210944814678145
52.41494601941748,12.751024614457831,0.058186218408700106
52.41494601941748,12.751167228915664,0.05812513534177016
52.41494601941748,12.751309843373495,0.05803621778856894
52.41494601941748,12.751452457831325,0.057922605473584465
52.41494601941748,12.751595072289158,0.05777518794611944
52.41494601941748,12.751737686746988,0.05760463462046646
52.41494601941748,12.75188030120482,0.05739522726973726
52.41494601941748,12.752022915662652,0.05715844613257785
52.41494601941748,12.752165530120482,0.05689680230463047
52.41494601941748,12.752308144578313,0.056612255224664426
52.41494601941748,12.752450759036146,0.05629387419294549
52.41494601941748,12.752593373493976,0.055953260534446755
52.41494601941748,12.752735987951809,0.055584563439133226
52.41494601941748,12.75287860240964,0.05519221383008369
52.41494601941748,12.75302121686747,0.05477287153091455
52.41494601941748,12.753163831325303,0.05432678852140115
52.41494601941748,12.753306445783133,0.05385588496187052
52.41494601941748,12.753449060240964,0.053367675667845206
52.41494601941748,12.753591674698797,0.05285179825648412
52.41494601941748,12.753734289156627,0.05231316586120332
52.41494601941748,12.753876903614458,0.051753306874139225
52.41494601941748,12.75401951807229,0.051177410718236234
52.41494601941748,12.754162132530121,0.05058130020029087
52.41494601941748,12.754304746987952,0.04996651344474239
52.41494601941748,12.754447361445784,0.049335316361969236
52.41494601941748,12.754589975903615,0.0486894695589104
52.41494601941748,12.754732590361446,0.04802280269025859
52.41494601941748,12.754875204819278,0.04734798783988475
52.41494601941748,12.755017819277109,0.046655841788703044
52.41494601941748,12.75516043373494,0.04595561459104423
52.41494601941748,12.755303048192772,0.045242409424470525
52.41494601941748,12.755445662650603,0.04451568894361667
52.41494601941748,12.755588277108435,0.04377747057581852
52.41494601941748,12.755730891566266,0.04302918353613437
52.41494601941748,12.755873506024097,0.04227884564751714
52.41494601941748,12.75601612048193,0.041521701670506186
52.41494601941748,12.75615873493976,0.04076068563076871
52.41494601941748,12.75630134939759,0.039991330326764066
52.41494601941748,12.756443963855423,0.0392248073078969
52.41494601941748,12.756586578313254,0.03844546732405783
52.41494601941748,12.756729192771084,0.037669602849662275
52.41494601941748,12.756871807228917,0.03689789787435323
52.41494601941748,12.757014421686748,0.03612911329566326
52.41494601941748,12.757157036144578,0.03535829946356223
52.41494601941748,12.75729965060241,0.03459384509290976
52.41494601941748,12.757442265060241,0.033836592446506795
52.41494601941748,12.757584879518072,0.03308431236739185
52.41494601941748,12.757727493975905,0.03233660831464393
52.41494601941748,12.757870108433735,0.03159335546635706
52.41494601941748,12.758012722891566,0.0308642681673958
52.41494601941748,12.758155337349399,0.030145233259821925
52.41494601941748,12.75829795180723,0.02943701310496384
52.41494601941748,12.758440566265062,0.028741135427243155
52.41494601941748,12.758583180722892,0.028052792016679436
52.41494601941748,12.758725795180723,0.027381294314667286
52.41494601941748,12.758868409638556,0.026723299086363953
52.41494601941748,12.759011024096386,0.026081558864076454
52.41494601941748,12.759153638554217,0.02545820277202498
52.41494601941748,12.75929625301205,0.02485593217883756
52.41494601941748,12.75943886746988,0.024263827452596972
52.41494601941748,12.759581481927711,0.02369261478666677
52.41494601941748,12.759724096385543,0.02313658949253368
52.41494601941748,12.759866710843374,0.02259668348532752
52.41494601941748,12.760009325301205,0.02208501399499802
52.41494601941748,12.760151939759037,0.021591101840843965
52.41494601941748,12.760294554216868,0.021115899526890452
52.41494601941748,12.760437168674699,0.02067014633545907
52.41494601941748,12.760579783132531,0.020247321195511477
52.41494601941748,12.760722397590362,0.01983917320433238
52.41494601941748,12.760865012048193,0.01945904109015663
52.41494601941748,12.761007626506025,0.019106383903388126
52.41494601941748,12.761150240963856,0.018785742350606722
52.41494601941748,12.761292855421688,0.01848934659014441
52.41494601941748,12.761435469879519,0.01821164293918562
52.41494601941748,12.76157808433735,0.017957560843117545
52.41494601941748,12.761720698795182,0.017735005304568428
52.41494601941748,12.761863313253013,0.01753711349996097
52.41494601941748,12.762005927710844,0.0173744047119812
52.41494601941748,12.762148542168676,0.017233919100725668
52.41494601941748,12.762291156626507,0.01711998030320577
52.41494601941748,12.762433771084337,0.01703379251503285
52.41494601941748,12.76257638554217,0.01697968876575819
52.41494601941748,12.762719,0.0169468296952847
52.41503875728156,12.750882,0.05836789760780204
52.41503875728156,12.751024614457831,0.05834300463966745
52.41503875728156,12.751167228915664,0.05828153738144657
52.41503875728156,12.751309843373495,0.05819208742863035
52.41503875728156,12.751452457831325,0.05807765963198709
52.41503875728156,12.751595072289158,0.05792930253861656
52.41503875728156,12.751737686746988,0.057757549794654264
52.41503875728156,12.75188030120482,0.057546768865926114
52.41503875728156,12.752022915662652,0.05730840702521891
52.41503875728156,12.752165530120482,0.05704503488007369
52.41503875728156,12.752308144578313,0.05675853288481102
52.41503875728156,12.752450759036146,0.0564380101916325
52.41503875728156,12.752593373493976,0.056095117614397026
52.41503875728156,12.752735987951809,0.055723980670012135
52.41503875728156,12.75287860240964,0.05532903953413363
52.41503875728156,12.75302121686747,0.054906917586298995
52.41503875728156,12.753163831325303,0.05445786489458596
52.41503875728156,12.753306445783133,0.05398384436853277
52.41503875728156,12.753449060240964,0.053492384914438654
52.41503875728156,12.753591674698797,0.0529730937451953
52.41503875728156,12.753734289156627,0.052430895752107784
52.41503875728156,12.753876903614458,0.05186733897211906
52.41503875728156,12.75401951807229,0.051287609635932804
52.41503875728156,12.754162132530121,0.050687519506394094
52.41503875728156,12.754304746987952,0.05006866403545139
52.41503875728156,12.754447361445784,0.04943324525086719
52.41503875728156,12.754589975903615,0.04878305797390323
52.41503875728156,12.754732590361446,0.04811194380362475
52.41503875728156,12.754875204819278,0.04743258786675731
52.41503875728156,12.755017819277109,0.04673577248313792
52.41503875728156,12.75516043373494,0.04603086158991245
52.41503875728156,12.755303048192772,0.045312826956000724
52.41503875728156,12.755445662650603,0.044581238648533965
52.41503875728156,12.755588277108435,0.04383807574481591
52.41503875728156,12.755730891566266,0.0430847744330584
52.41503875728156,12.755873506024097,0.04232934783360497
52.41503875728156,12.75601612048193,0.041567046916108186
52.41503875728156,12.75615873493976,0.04080082156657613
52.41503875728156,12.75630134939759,0.040026265505350135
52.41503875728156,12.756443963855423,0.03925454132324852
52.41503875728156,12.756586578313254,0.03846998340012892
52.41503875728156,12.756729192771084,0.03768887166488208
52.41503875728156,12.756871807228917,0.03691188459082484
52.41503875728156,12.757014421686748,0.036137818220109655
52.41503875728156,12.757157036144578,0.03536172159553006
52.41503875728156,12.75729965060241,0.03459198999314039
52.41503875728156,12.757442265060241,0.033829494024770146
52.41503875728156,12.757584879518072,0.03307202291242337
52.41503875728156,12.757727493975905,0.032319136082307534
52.41503875728156,12.757870108433735,0.0315707513709205
52.41503875728156,12.758012722891566,0.030836602805512377
52.41503875728156,12.758155337349399,0.030112563296774066
52.41503875728156,12.75829795180723,0.0293993934867008
52.41503875728156,12.758440566265062,0.028698652955046793
52.41503875728156,12.758583180722892,0.02800548936112926
52.41503875728156,12.758725795180723,0.027329264372846596
52.41503875728156,12.758868409638556,0.026666661805013113
52.41503875728156,12.759011024096386,0.026020411291976672
52.41503875728156,12.759153638554217,0.025392631770634326
52.41503875728156,12.75929625301205,0.024786003570344384
52.41503875728156,12.75943886746988,0.024189761459260762
52.41503875728156,12.759581481927711,0.023614502916028762
52.41503875728156,12.759724096385543,0.023054626610712222
52.41503875728156,12.759866710843374,0.02251099952572212
52.41503875728156,12.760009325301205,0.021995772332655428
52.41503875728156,12.760151939759037,0.02149841261233766
52.41503875728156,12.760294554216868,0.021019856540452297
52.41503875728156,12.760437168674699,0.02057094308234165
52.41503875728156,12.760579783132531,0.020145079966317873
52.41503875728156,12.760722397590362,0.019734120512719874
52.41503875728156,12.760865012048193,0.019351316276979055
52.41503875728156,12.761007626506025,0.01899617251397155
52.41503875728156,12.761150240963856,0.018673188253319945
52.41503875728156,12.761292855421688,0.01837471747216539
52.41503875728156,12.761435469879519,0.01809504316373409
52.41503875728156,12.76157808433735,0.017839238015613205
52.41503875728156,12.761720698795182,0.01761512687936318
52.41503875728156,12.761863313253013,0.017415859802836893
52.41503875728156,12.762005927710844,0.01725194481718902
52.41503875728156,12.762148542168676,0.01711046856492627
52.41503875728156,12.762291156626507,0.01699572987714074
52.41503875728156,12.762433771084337,0.016908966255264005
52.41503875728156,12.76257638554217,0.0168544480644524
52.41503875728156,12.762719,0.016821396377279276
52.41513149514563,12.750882,0.05853530779633232
52.41513149514563,12.751024614457831,0.058510239743224425
52.41513149514563,12.751167228915664,0.05844836979884898
52.41513149514563,12.751309843373495,0.05835836164292743
52.41513149514563,12.751452457831325,0.05824307902070343
52.41513149514563,12.751595072289158,0.058093736389904546
52.41513149514563,12.751737686746988,0.0579207266768858
52.41513149514563,12.75188030120482,0.05770850572126998
52.41513149514563,12.752022915662652,0.057468486917009155
52.41513149514563,12.752165530120482,0.05720330237036833
52.41513149514563,12.752308144578313,0.05691475068269432
52.41513149514563,12.752450759036146,0.05659198257424619
52.41513149514563,12.752593373493976,0.05624670046874379
52.41513149514563,12.752735987951809,0.05587300521963332
52.41513149514563,12.75287860240964,0.05547534629947426
52.41513149514563,12.75302121686747,0.055050309738371446
52.41513149514563,12.753163831325303,0.05459814344967851
52.41513149514563,12.753306445783133,0.0541208545865813
52.41513149514563,12.753449060240964,0.05362598734498198
52.41513149514563,12.753591674698797,0.05310311646421497
52.41513149514563,12.753734289156627,0.05255717960402461
52.41513149514563,12.753876903614458,0.05198974532101747
52.41513149514563,12.75401951807229,0.05140599658279429
52.41513149514563,12.754162132530121,0.0508017334538269
52.41513149514563,12.754304746987952,0.05017861092542797
52.41513149514563,12.754447361445784,0.04953876529069406
52.41513149514563,12.754589975903615,0.04888402648479702
52.41513149514563,12.754732590361446,0.048208248906144405
52.41513149514563,12.754875204819278,0.04752413049415117
52.41513149514563,12.755017819277109,0.04682241859000664
52.41513149514563,12.75516043373494,0.046112595828978774
52.41513149514563,12.755303048192772,0.04538949660236042
52.41513149514563,12.755445662650603,0.04465280346119469
52.41513149514563,12.755588277108435,0.043904455556814576
52.41513149514563,12.755730891566266,0.04314589572900948
52.41513149514563,12.755873506024097,0.04238513255685518
52.41513149514563,12.75601612048193,0.04161742357781454
52.41513149514563,12.75615873493976,0.0408457350139054
52.41513149514563,12.75630134939759,0.0400657247767076
52.41513149514563,12.756443963855423,0.03928854528247308
52.41513149514563,12.756586578313254,0.038498514537548975
52.41513149514563,12.756729192771084,0.03771189935007928
52.41513149514563,12.756871807228917,0.036929372331071776
52.41513149514563,12.757014421686748,0.036149766460528227
52.41513149514563,12.757157036144578,0.03536812906153864
52.41513149514563,12.75729965060241,0.03459286260765592
52.41513149514563,12.757442265060241,0.033824867219047074
52.41513149514563,12.757584879518072,0.0330619517695226
52.41513149514563,12.757727493975905,0.032303629102844275
52.41513149514563,12.757870108433735,0.03154986191101759
52.41513149514563,12.758012722891566,0.030810404919582597
52.41513149514563,12.758155337349399,0.030081116055908314
52.41513149514563,12.75829795180723,0.029362754484854772
52.41513149514563,12.758440566265062,0.028656913537828607
52.41513149514563,12.758583180722892,0.02795869416582627
52.41513149514563,12.758725795180723,0.027277510573348488
52.41513149514563,12.758868409638556,0.026610075387895924
52.41513149514563,12.759011024096386,0.025959094253516345
52.41513149514563,12.759153638554217,0.02532667493675512
52.41513149514563,12.75929625301205,0.024715476734028546
52.41513149514563,12.75943886746988,0.024114894326536615
52.41513149514563,12.759581481927711,0.02353539170609694
52.41513149514563,12.759724096385543,0.022971475513367194
52.41513149514563,12.759866710843374,0.022423944704818316
52.41513149514563,12.760009325301205,0.021904985004533438
52.41513149514563,12.760151939759037,0.02140400862046795
52.41513149514563,12.760294554216868,0.02092193478684727
52.41513149514563,12.760437168674699,0.020469705937669794
52.41513149514563,12.760579783132531,0.020040655846663667
52.41513149514563,12.760722397590362,0.019626747014976097
52.41513149514563,12.760865012048193,0.01924114019787404
52.41513149514563,12.761007626506025,0.018883387992412688
52.41513149514563,12.761150240963856,0.01855794614083798
52.41513149514563,12.761292855421688,0.01825729828523953
52.41513149514563,12.761435469879519,0.017975556817425138
52.41513149514563,12.76157808433735,0.01771794344059699
52.41513149514563,12.761720698795182,0.017492200325536465
52.41513149514563,12.761863313253013,0.017291490653194526
52.41513149514563,12.762005927710844,0.017126310340134548
52.41513149514563,12.762148542168676,0.01698379483255778
52.41513149514563,12.762291156626507,0.016868217023457158
52.41513149514563,12.762433771084337,0.0167808490448775
52.41513149514563,12.76257638554217,0.01672589652027416
52.41513149514563,12.762719,0.016692642487214644
52.41522423300971,12.750882,0.05870338642481543
52.41522423300971,12.751024614457831,0.058678138295966804
52.41522423300971,12.751167228915664,0.05861585291890152
52.41522423300971,12.751309843373495,0.05852526919774782
52.41522423300971,12.751452457831325,0.058409104715158144
52.41522423300971,12.751595072289158,0.05825874623921504
52.41522423300971,12.751737686746988,0.05808443979372907
52.41522423300971,12.75188030120482,0.0578707337036358
52.41522423300971,12.752022915662652,0.05762900549788548
52.41522423300971,12.752165530120482,0.05736195229536043
52.41522423300971,12.752308144578313,0.057071286669742996
52.41522423300971,12.752450759036146,0.05674620272217155
52.41522423300971,12.752593373493976,0.05639845624147627
52.41522423300971,12.752735987951809,0.05602212286983914
52.41522423300971,12.75287860240964,0.0556216614584387
52.41522423300971,12.75302121686747,0.0551936193004173
52.41522423300971,12.753163831325303,0.05473824179132938
52.41522423300971,12.753306445783133,0.05425758211225762
52.41522423300971,12.753449060240964,0.053759200476495135
52.41522423300971,12.753591674698797,0.05323263804097438
52.41522423300971,12.753734289156627,0.05268284534658252
52.41522423300971,12.753876903614458,0.052111412188976865
52.41522423300971,12.75401951807229,0.0515235186748555
52.41522423300971,12.754162132530121,0.05091495217087585
52.41522423300971,12.754304746987952,0.050287429323666394
52.41522423300971,12.754447361445784,0.04964301830303291
52.41522423300971,12.754589975903615,0.048983585654764
52.41522423300971,12.754732590361446,0.04830299899107546
52.41522423300971,12.754875204819278,0.0476139692849759
52.41522423300971,12.755017819277109,0.046907207143895346
52.41522423300971,12.75516043373494,0.04619231947433884
52.41522423300971,12.755303048192772,0.04546399713855901
52.41522423300971,12.755445662650603,0.04472203960359243
52.41522423300971,12.755588277108435,0.04396834446366215
52.41522423300971,12.755730891566266,0.04320436189212839
52.41522423300971,12.755873506024097,0.042438095263197556
52.41522423300971,12.75601612048193,0.041664808338552003
52.41522423300971,12.75615873493976,0.040887485631576015
52.41522423300971,12.75630134939759,0.04010185077984943
52.41522423300971,12.756443963855423,0.03931904554313838
52.41522423300971,12.756586578313254,0.03852337115723253
52.41522423300971,12.756729192771084,0.03773108053705401
52.41522423300971,12.756871807228917,0.036942839983672995
52.41522423300971,12.757014421686748,0.03615752149154959
52.41522423300971,12.757157036144578,0.035370169433149995
52.41522423300971,12.75729965060241,0.03458919462765912
52.41522423300971,12.757442265060241,0.03381552749197385
52.41522423300971,12.757584879518072,0.03304699701104157
52.41522423300971,12.757727493975905,0.032283067905774065
52.41522423300971,12.757870108433735,0.031523749428248746
52.41522423300971,12.758012722891566,0.030778817547196018
52.41522423300971,12.758155337349399,0.030044114911126935
52.41522423300971,12.75829795180723,0.02932039897692569
52.41522423300971,12.758440566265062,0.02860929773272209
52.41522423300971,12.758583180722892,0.02790586400344673
52.41522423300971,12.758725795180723,0.02721956632708119
52.41522423300971,12.758868409638556,0.026547147232611732
52.41522423300971,12.759011024096386,0.02589128684232361
52.41522423300971,12.759153638554217,0.025254082045958443
52.41522423300971,12.75929625301205,0.024638169328917565
52.41522423300971,12.75943886746988,0.024033110910266258
52.41522423300971,12.759581481927711,0.023449230839355902
52.41522423300971,12.759724096385543,0.02288114865640339
52.41522423300971,12.759866710843374,0.0223295922770799
52.41522423300971,12.760009325301205,0.02180678373014023
52.41522423300971,12.760151939759037,0.021302077875276746
52.41522423300971,12.760294554216868,0.02081637572766798
52.41522423300971,12.760437168674699,0.02036072767310277
52.41522423300971,12.760579783132531,0.019928390646042352
52.41522423300971,12.760722397590362,0.019511440188022942
52.41522423300971,12.760865012048193,0.01912294246150993
52.41522423300971,12.761007626506025,0.018762499731861032
52.41522423300971,12.761150240963856,0.018434522840446096
52.41522423300971,12.761292855421688,0.01813163041019642
52.41522423300971,12.761435469879519,0.017847756680990395
52.41522423300971,12.76157808433735,0.017588278460714285
52.41522423300971,12.761720698795182,0.01736085237806638
52.41522423300971,12.761863313253013,0.017158655116127283
52.41522423300971,12.762005927710844,0.016992169563291585
52.41522423300971,12.762148542168676,0.01684858214263013
52.41522423300971,12.762291156626507,0.016732138829624498
52.41522423300971,12.762433771084337,0.016644147721349103
52.41522423300971,12.76257638554217,0.016588746929955742
52.41522423300971,12.762719,0.016555284392523694
52.41531697087379,12.750882,0.05888030791354633
52.41531697087379,12.751024614457831,0.05885487118595404
52.41531697087379,12.751167228915664,0.05879215152383134
52.41531697087379,12.751309843373495,0.0587009662926376
52.41531697087379,12.751452457831325,0.058583880453414956
52.41531697087379,12.751595072289158,0.05843245994993744
52.41531697087379,12.751737686746988,0.05825679834366468
52.41531697087379,12.75188030120482,0.058041540404206594
52.41531697087379,12.752022915662652,0.057798025924420106
52.41531697087379,12.752165530120482,0.05752901919451447
52.41531697087379,12.752308144578313,0.05723614378678611
52.41531697087379,12.752450759036146,0.05690863942052962
52.41531697087379,12.752593373493976,0.05655831697127932
52.41531697087379,12.752735987951809,0.05617922630126327
52.41531697087379,12.75287860240964,0.05577583551659445
52.41531697087379,12.75302121686747,0.05534465162146944
52.41531697087379,12.753163831325303,0.05488591809216911
52.41531697087379,12.753306445783133,0.05440173546328063
52.41531697087379,12.753449060240964,0.05389968072165918
52.41531697087379,12.753591674698797,0.05336925984553473
52.41531697087379,12.753734289156627,0.052815437162527124
52.41531697087379,12.753876903614458,0.052239824446202066
52.41531697087379,12.75401951807229,0.05164759874491241
52.41531697087379,12.754162132530121,0.051034534451489214
52.41531697087379,12.754304746987952,0.05040241230910939
52.41531697087379,12.754447361445784,0.04975322973906163
52.41531697087379,12.754589975903615,0.049088890748606145
52.41531697087379,12.754732590361446,0.048403277726072044
52.41531697087379,12.754875204819278,0.04770911463107545
52.41531697087379,12.755017819277109,0.04699707416243079
52.41531697087379,12.75516043373494,0.046276892014107215
52.41531697087379,12.755303048192772,0.045543110271549746
52.41531697087379,12.755445662650603,0.044795650201647774
52.41531697087379,12.755588277108435,0.04403636619206326
52.41531697087379,12.755730891566266,0.043266715857175994
52.41531697087379,12.755873506024097,0.04249469711007045
52.41531697087379,12.75601612048193,0.04171558046770765
52.41531697087379,12.75615873493976,0.04093236913813351
52.41531697087379,12.75630134939759,0.04014085603062653
52.41531697087379,12.756443963855423,0.03935217056382876
52.41531697087379,12.756586578313254,0.038550597148376144
52.41531697087379,12.756729192771084,0.037752374663806584
52.41531697087379,12.756871807228917,0.03695816287284873
52.41531697087379,12.757014421686748,0.03616687369924999
52.41531697087379,12.757157036144578,0.035373549357283596
52.41531697087379,12.75729965060241,0.03458660857720375
52.41531697087379,12.757442265060241,0.033807013776301964
52.41531697087379,12.757584879518072,0.03303261520137557
52.41531697087379,12.757727493975905,0.03226282702739925
52.41531697087379,12.757870108433735,0.03149770691788377
52.41531697087379,12.758012722891566,0.030747053147192432
52.41531697087379,12.758155337349399,0.030006692607744776
52.41531697087379,12.75829795180723,0.02927738092673203
52.41531697087379,12.758440566265062,0.02856078195553493
52.41531697087379,12.758583180722892,0.02785189858657821
52.41531697087379,12.758725795180723,0.027160256162488346
52.41531697087379,12.758868409638556,0.02648262843918074
52.41531697087379,12.759011024096386,0.02582166910536701
52.41531697087379,12.759153638554217,0.02517946339691062
52.41531697087379,12.75929625301205,0.024558624441780898
52.41531697087379,12.75943886746988,0.023948888087123053
52.41531697087379,12.759581481927711,0.02336043343592125
52.41531697087379,12.759724096385543,0.02278799712205539
52.41531697087379,12.759866710843374,0.022232233168670176
52.41531697087379,12.760009325301205,0.02170540183499843
52.41531697087379,12.760151939759037,0.021196798487720152
52.41531697087379,12.760294554216868,0.02070730455215725
52.41531697087379,12.760437168674699,0.0202480830678746
52.41531697087379,12.760579783132531,0.01981231087248045
52.41531697087379,12.760722397590362,0.01939218171928367
52.41531697087379,12.760865012048193,0.019000663083478177
52.41531697087379,12.761007626506025,0.018637408761274434
52.41531697087379,12.761150240963856,0.018306782513965017
52.41531697087379,12.761292855421688,0.01800154374234525
52.41531697087379,12.761435469879519,0.017715441876350917
52.41531697087379,12.76157808433735,0.017454014637457674
52.41531697087379,12.761720698795182,0.017224829331928093
52.41531697087379,12.761863313253013,0.0170210772583096
52.41531697087379,12.762005927710844,0.01685322778541673
52.41531697087379,12.762148542168676,0.01670852020870957
52.41531697087379,12.762291156626507,0.016591172510141125
52.41531697087379,12.762433771084337,0.01650253010917887
52.41531697087379,12.76257638554217,0.01644666092851369
52.41531697087379,12.762719,0.016412980597129707
52.41540970873786,12.750882,0.059065035907819204
52.41540970873786,12.751024614457831,0.05903940407872957
52.41540970873786,12.751167228915664,0.05897623508277553
52.41540970873786,12.751309843373495,0.05888442718880125
52.41540970873786,12.751452457831325,0.058766387016434045
52.41540970873786,12.751595072289158,0.05861386643823193
52.41540970873786,12.751737686746988,0.05843680101118148
52.41540970873786,12.75188030120482,0.05821993582697611
52.41540970873786,12.752022915662652,0.05797457114939708
52.41540970873786,12.752165530120482,0.05770354112749062
52.41540970873786,12.752308144578313,0.05740837746028722
52.41540970873786,12.752450759036146,0.05707836638078688
52.41540970873786,12.752593373493976,0.05672537583314823
52.41540970873786,12.752735987951809,0.056343429500267335
52.41540970873786,12.75287860240964,0.05593700431742153
52.41540970873786,12.75302121686747,0.055502566336370095
52.41540970873786,12.753163831325303,0.05504035693333008
52.41540970873786,12.753306445783133,0.05455252557156958
52.41540970873786,12.753449060240964,0.05404666626048133
52.41540970873786,12.753591674698797,0.05351224914442853
52.41540970873786,12.753734289156627,0.052954252338137865
52.41540970873786,12.753876903614458,0.052374310377057975
52.41540970873786,12.75401951807229,0.0517775976575932
52.41540970873786,12.754162132530121,0.05115987463499315
52.41540970873786,12.754304746987952,0.050522988656339494
52.41540970873786,12.754447361445784,0.04986886393102479
52.41540970873786,12.754589975903615,0.04919944328427138
52.41540970873786,12.754732590361446,0.04850862441563562
52.41540970873786,12.754875204819278,0.04780914416370552
52.41540970873786,12.755017819277109,0.047091636477821004
52.41540970873786,12.75516043373494,0.04636597034665728
52.41540970873786,12.755303048192772,0.0456265336251746
52.41540970873786,12.755445662650603,0.044873374294836114
52.41540970873786,12.755588277108435,0.04410830105000758
52.41540970873786,12.755730891566266,0.043332779723635834
52.41540970873786,12.755873506024097,0.042554802685183996
52.41540970873786,12.75601612048193,0.041769647165192846
52.41540970873786,12.75615873493976,0.04098033645531329
52.41540970873786,12.75630134939759,0.04018273444512923
52.41540970873786,12.756443963855423,0.039387957765439664
52.41540970873786,12.756586578313254,0.03858027355819264
52.41540970873786,12.756729192771084,0.037775906276603
52.41540970873786,12.756871807228917,0.03697550881011824
52.41540970873786,12.757014421686748,0.03617803431856489
52.41540970873786,12.757157036144578,0.03537852296833867
52.41540970873786,12.75729965060241,0.034585401927566956
52.41540970873786,12.757442265060241,0.033799666363291216
52.41540970873786,12.757584879518072,0.03301918874173096
52.41540970873786,12.757727493975905,0.03224333091403298
52.41540970873786,12.757870108433735,0.03147220054478708
52.41540970873786,12.758012722891566,0.03071561939055082
52.41540970873786,12.758155337349399,0.029969397051577373
52.41540970873786,12.75829795180723,0.0292342884242607
52.41540970873786,12.758440566265062,0.028511994251108837
52.41540970873786,12.758583180722892,0.02779746549427921
52.41540970873786,12.758725795180723,0.027100286151343488
52.41540970873786,12.758868409638556,0.026417262305301357
52.41540970873786,12.759011024096386,0.025751020253728336
52.41540970873786,12.759153638554217,0.025103633634766847
52.41540970873786,12.75929625301205,0.024477690843838988
52.41540970873786,12.75943886746988,0.023863107947486945
52.41540970873786,12.759581481927711,0.02326991393761009
52.41540970873786,12.759724096385543,0.022692966800044678
52.41540970873786,12.759866710843374,0.022132843944379532
52.41540970873786,12.760009325301205,0.021601845066063736
52.41540970873786,12.760151939759037,0.021089203404054728
52.41540970873786,12.760294554216868,0.0205957814043993
52.41540970873786,12.760437168674699,0.02013285743103043
52.41540970873786,12.760579783132531,0.019693526031066298
52.41540970873786,12.760722397590362,0.019270103472612543
52.41540970873786,12.760865012048193,0.0188754547611084
52.41540970873786,12.761007626506025,0.018509287563383804
52.41540970873786,12.761150240963856,0.018175916184430665
52.41540970873786,12.761292855421688,0.01786824633905898
52.41540970873786,12.761435469879519,0.01757983607764001
52.41540970873786,12.76157808433735,0.017316389030994375
52.41540970873786,12.761720698795182,0.01708538105457671
52.41540970873786,12.761863313253013,0.01688001828991642
52.41540970873786,12.762005927710844,0.01671075591311639
52.41540970873786,12.762148542168676,0.016564887808336908
52.41540970873786,12.762291156626507,0.016446603015864963
52.41540970873786,12.762433771084337,0.01635728559983356
52.41540970873786,12.76257638554217,0.016300930994018695
52.41540970873786,12.762719,0.01626702509913945
52.41550244660194,12.750882,0.05925152836345816
52.41550244660194,12.751024614457831,0.059225699349532916
52.41550244660194,12.751167228915664,0.059162075192810595
52.41550244660194,12.751309843373495,0.05906963700722605
52.41550244660194,12.751452457831325,0.05895062831606347
52.41550244660194,12.751595072289158,0.05879699266592589
52.41550244660194,12.751737686746988,0.058618502934122435
52.41550244660194,12.75188030120482,0.058400007461429024
52.41550244660194,12.752022915662652,0.05815276588479176
52.41550244660194,12.752165530120482,0.057879684267414494
52.41550244660194,12.752308144578313,0.05758219905387082
52.41550244660194,12.752450759036146,0.05724964529496589
52.41550244660194,12.752593373493976,0.05689394888020777
52.41550244660194,12.752735987951809,0.05650910675900938
52.41550244660194,12.75287860240964,0.0560996052644696
52.41550244660194,12.75302121686747,0.055661867881870615
52.41550244660194,12.753163831325303,0.055196133517991
52.41550244660194,12.753306445783133,0.05470460205364477
52.41550244660194,12.753449060240964,0.05419488508270756
52.41550244660194,12.753591674698797,0.05365641546514751
52.41550244660194,12.753734289156627,0.05309418570559311
52.41550244660194,12.753876903614458,0.052509853715227275
52.41550244660194,12.75401951807229,0.051908591000655556
52.41550244660194,12.754162132530121,0.05128614355605848
52.41550244660194,12.754304746987952,0.050644427301556175
52.41550244660194,12.754447361445784,0.04998529088807792
52.41550244660194,12.754589975903615,0.04931071681471053
52.41550244660194,12.754732590361446,0.048614618374990065
52.41550244660194,12.754875204819278,0.04790974588979332
52.41550244660194,12.755017819277109,0.04718669263342302
52.41550244660194,12.75516043373494,0.046455466085468536
52.41550244660194,12.755303048192772,0.04571029436372498
52.41550244660194,12.755445662650603,0.04495135554665797
52.41550244660194,12.755588277108435,0.04418041160292571
52.41550244660194,12.755730891566266,0.04339893690136953
52.41550244660194,12.755873506024097,0.04261491711321461
52.41550244660194,12.75601612048193,0.04182363641437196
52.41550244660194,12.75615873493976,0.04102813899109249
52.41550244660194,12.75630134939759,0.04022436203809157
52.41550244660194,12.756443963855423,0.03942340835114877
52.41550244660194,12.756586578313254,0.038609527287786875
52.41550244660194,12.756729192771084,0.03779892883226056
52.41550244660194,12.756871807228917,0.03699225767775636
52.41550244660194,12.757014421686748,0.03618850972509334
52.41550244660194,12.757157036144578,0.03538272265176427
52.41550244660194,12.75729965060241,0.03458333243298349
52.41550244660194,12.757442265060241,0.03379136846595817
52.41550244660194,12.757584879518072,0.03300472563937696
52.41550244660194,12.757727493975905,0.03222271097106233
52.41550244660194,12.757870108433735,0.031445484344884075
52.41550244660194,12.758012722891566,0.030682891150766483
52.41550244660194,12.758155337349399,0.0299307233181046
52.41550244660194,12.75829795180723,0.029189734330084285
52.41550244660194,12.758440566265062,0.028461663259235492
52.41550244660194,12.758583180722892,0.027741407421131452
52.41550244660194,12.758725795180723,0.027038611147722727
52.41550244660194,12.758868409638556,0.026350113925969983
52.41550244660194,12.759011024096386,0.02567851349956511
52.41550244660194,12.759153638554217,0.02502587054868564
52.41550244660194,12.75929625301205,0.024394748751877294
52.41550244660194,12.75943886746988,0.02377525010643374
52.41550244660194,12.759581481927711,0.023177248271874475
52.41550244660194,12.759724096385543,0.022595726536030144
52.41550244660194,12.759866710843374,0.022031183107904796
52.41550244660194,12.760009325301205,0.02149595812916789
52.41550244660194,12.760151939759037,0.02097922105324587
52.41550244660194,12.760294554216868,0.020481813572198762
52.41550244660194,12.760437168674699,0.020015133771397593
52.41550244660194,12.760579783132531,0.019572190945112353
52.41550244660194,12.760722397590362,0.01914542841056251
52.41550244660194,12.760865012048193,0.018747604734217188
52.41550244660194,12.761007626506025,0.018378482728856962
52.41550244660194,12.761150240963856,0.018042325910737123
52.41550244660194,12.761292855421688,0.01773219123116028
52.41550244660194,12.761435469879519,0.017441438435819405
52.41550244660194,12.76157808433735,0.017175943215612426
52.41550244660194,12.761720698795182,0.016943086135927533
52.41550244660194,12.761863313253013,0.016736089611941254
52.41550244660194,12.762005927710844,0.016565393695554414
52.41550244660194,12.762148542168676,0.016418348253773606
52.41550244660194,12.762291156626507,0.016299112394844495
52.41550244660194,12.762433771084337,0.016209110688820395
52.41550244660194,12.76257638554217,0.016152263179925703
52.41550244660194,12.762719,0.01611812886789272
52.41559518446602,12.750882,0.059433981408999186
52.41559518446602,12.751024614457831,0.059407950519610606
52.41559518446602,12.751167228915664,0.05934385982965844
52.41559518446602,12.751309843373495,0.05925077605899795
52.41559518446602,12.751452457831325,0.059130774127179306
52.41559518446602,12.751595072289158,0.05897599608838991
52.41559518446602,12.751737686746988,0.05879604654362791
52.41559518446602,12.75188030120482,0.05857587999061049
52.41559518446602,12.752022915662652,0.0583267146784811
52.41559518446602,12.752165530120482,0.05805153027382895
52.41559518446602,12.752308144578313,0.05775166522199532
52.41559518446602,12.752450759036146,0.05741650485629849
52.41559518446602,12.752593373493976,0.057058035284318354
52.41559518446602,12.752735987951809,0.056670225609062284
52.41559518446602,12.75287860240964,0.05625757145344103
52.41559518446602,12.75302121686747,0.05581645245138124
52.41559518446602,12.753163831325303,0.055347105078617356
52.41559518446602,12.753306445783133,0.05485178138560431
52.41559518446602,12.753449060240964,0.05433811106223369
52.41559518446602,12.753591674698797,0.05379548858333354
52.41559518446602,12.753734289156627,0.053228920412884594
52.41559518446602,12.753876903614458,0.05264008918298837
52.41559518446602,12.75401951807229,0.05203416315792851
52.41559518446602,12.754162132530121,0.05140687353951604
52.41559518446602,12.754304746987952,0.050760206718881554
52.41559518446602,12.754447361445784,0.05009593374984238
52.41559518446602,12.754589975903615,0.049416077399018536
52.41559518446602,12.754732590361446,0.048714567747835336
52.41559518446602,12.754875204819278,0.048004168284590074
52.41559518446602,12.755017819277109,0.047275430512891584
52.41559518446602,12.75516043373494,0.04653850494927894
52.41559518446602,12.755303048192772,0.04578745472186854
52.41559518446602,12.755445662650603,0.04502259231025969
52.41559518446602,12.755588277108435,0.044245630935946294
52.41559518446602,12.755730891566266,0.04345805413128591
52.41559518446602,12.755873506024097,0.04266784038635334
52.41559518446602,12.75601612048193,0.04187028083763007
52.41559518446602,12.75615873493976,0.041068441319422
52.41559518446602,12.75630134939759,0.0402583349109137
52.41559518446602,12.756443963855423,0.03945104949312915
52.41559518446602,12.756586578313254,0.03863081675358829
52.41559518446602,12.756729192771084,0.037813830781727086
52.41559518446602,12.756871807228917,0.03700072844819515
52.41559518446602,12.757014421686748,0.036190549605292874
52.41559518446602,12.757157036144578,0.035378328967043064
52.41559518446602,12.75729965060241,0.03457251190300974
52.41559518446602,12.757442265060241,0.03377416282061413
52.41559518446602,12.757584879518072,0.03298119973838046
52.41559518446602,12.757727493975905,0.03219287315068774
52.41559518446602,12.757870108433735,0.0314093966159059
52.41559518446602,12.758012722891566,0.0306406403743463
52.41559518446602,12.758155337349399,0.029882377320625868
52.41559518446602,12.75829795180723,0.029135359730205188
52.41559518446602,12.758440566265062,0.028401366608813178
52.41559518446602,12.758583180722892,0.02767523905685684
52.41559518446602,12.758725795180723,0.026966683690479734
52.41559518446602,12.758868409638556,0.026272574813262242
52.41559518446602,12.759011024096386,0.025595480752855747
52.41559518446602,12.759153638554217,0.024937448360788053
52.41559518446602,12.75929625301205,0.02430101629171324
52.41559518446602,12.75943886746988,0.023676477900666404
52.41559518446602,12.759581481927711,0.023073546506107084
52.41559518446602,12.759724096385543,0.022487335041971476
52.41559518446602,12.759866710843374,0.02191825967381577
52.41559518446602,12.760009325301205,0.02137870236113099
52.41559518446602,12.760151939759037,0.020857766643154262
52.41559518446602,12.760294554216868,0.020356272698930252
52.41559518446602,12.760437168674699,0.019885742185755
52.41559518446602,12.760579783132531,0.019439096512696843
52.41559518446602,12.760722397590362,0.0190089099457362
52.41559518446602,12.760865012048193,0.018607830460152255
52.41559518446602,12.761007626506025,0.01823567876784026
52.41559518446602,12.761150240963856,0.017896665560874533
52.41559518446602,12.761292855421688,0.017584003893836037
52.41559518446602,12.761435469879519,0.017290849019029535
52.41559518446602,12.76157808433735,0.01702325383612023
52.41559518446602,12.761720698795182,0.0167885012208996
52.41559518446602,12.761863313253013,0.016579829559681687
52.41559518446602,12.762005927710844,0.016407663272542526
52.41559518446602,12.762148542168676,0.016259410688892494
52.41559518446602,12.762291156626507,0.01613919976410101
52.41559518446602,12.762433771084337,0.01604849639366776
52.41559518446602,12.76257638554217,0.015991143537384477
52.41559518446602,12.762719,0.015956774796189892
52.4156879223301,12.750882,0.059616819802779296
52.4156879223301,12.751024614457831,0.05959058004017839
52.4156879223301,12.751167228915664,0.05952600715354766
52.4156879223301,12.751309843373495,0.05943225555088104
52.4156879223301,12.751452457831325,0.05931122702321545
52.4156879223301,12.751595072289158,0.059155267349638885
52.4156879223301,12.751737686746988,0.058973808168190686
52.4156879223301,12.75188030120482,0.05875191400284862
52.4156879223301,12.752022915662652,0.05850075955631782
52.4156879223301,12.752165530120482,0.05822340060938372
52.4156879223301,12.752308144578313,0.057921074950803696
52.4156879223301,12.752450759036146,0.057583219525720875
52.4156879223301,12.752593373493976,0.05722188200453079
52.4156879223301,12.752735987951809,0.056831003385891365
52.4156879223301,12.75287860240964,0.05641508870453516
52.4156879223301,12.75302121686747,0.05597047236075252
52.4156879223301,12.753163831325303,0.05549738904888403
52.4156879223301,12.753306445783133,0.05499814371845996
52.4156879223301,12.753449060240964,0.054480385156264195
52.4156879223301,12.753591674698797,0.05393346788063137
52.4156879223301,12.753734289156627,0.053362413480057026
52.4156879223301,12.753876903614458,0.05276892933125009
52.4156879223301,12.75401951807229,0.05215818086442885
52.4156879223301,12.754162132530121,0.05152588377768507
52.4156879223301,12.754304746987952,0.05087409710559193
52.4156879223301,12.754447361445784,0.050204512049024666
52.4156879223301,12.754589975903615,0.04951919317451611
52.4156879223301,12.754732590361446,0.04881208773829429
52.4156879223301,12.754875204819278,0.04809597256335999
52.4156879223301,12.755017819277109,0.04736135638270451
52.4156879223301,12.75516043373494,0.04661853697093111
52.4156879223301,12.755303048192772,0.0458614072563886
52.4156879223301,12.755445662650603,0.04509041873202291
52.4156879223301,12.755588277108435,0.04430723445474771
52.4156879223301,12.755730891566266,0.043513347088904614
52.4156879223301,12.755873506024097,0.04271672783888011
52.4156879223301,12.75601612048193,0.041912674953530064
52.4156879223301,12.75615873493976,0.04110427718766766
52.4156879223301,12.75630134939759,0.04028762527789797
52.4156879223301,12.756443963855423,0.03947379141741138
52.4156879223301,12.756586578313254,0.03864698949901803
52.4156879223301,12.756729192771084,0.03782339780180042
52.4156879223301,12.756871807228917,0.03700364455827186
52.4156879223301,12.757014421686748,0.036186815147374804
52.4156879223301,12.757157036144578,0.035367941261025326
52.4156879223301,12.75729965060241,0.03455547783372008
52.4156879223301,12.757442265060241,0.033750525326685994
52.4156879223301,12.757584879518072,0.03295102611014716
52.4156879223301,12.757727493975905,0.032156171896917315
52.4156879223301,12.757870108433735,0.03136623196952743
52.4156879223301,12.758012722891566,0.030591102010395773
52.4156879223301,12.758155337349399,0.029826535239289003
52.4156879223301,12.75829795180723,0.02907328307284389
52.4156879223301,12.758440566265062,0.02833316566245335
52.4156879223301,12.758583180722892,0.02760096602629737
52.4156879223301,12.758725795180723,0.026886454990669953
52.4156879223301,12.758868409638556,0.026186542893810897
52.4156879223301,12.759011024096386,0.025503767396414377
52.4156879223301,12.759153638554217,0.024840161479922403
52.4156879223301,12.75929625301205,0.02419823784290182
52.4156879223301,12.75943886746988,0.023568487214845685
52.4156879223301,12.759581481927711,0.022960457895953943
52.4156879223301,12.759724096385543,0.022369396162503066
52.4156879223301,12.759866710843374,0.02179563367992204
52.4156879223301,12.760009325301205,0.02125159557746485
52.4156879223301,12.760151939759037,0.020726317472562972
52.4156879223301,12.760294554216868,0.020220597770566992
52.4156879223301,12.760437168674699,0.019746084452573063
52.4156879223301,12.760579783132531,0.01929560922632878
52.4156879223301,12.760722397590362,0.018861881304442062
52.4156879223301,12.760865012048193,0.018457435028977363
52.4156879223301,12.761007626506025,0.01808215001792359
52.4156879223301,12.761150240963856,0.017740182572074055
52.4156879223301,12.761292855421688,0.01742490717376728
52.4156879223301,12.761435469879519,0.01712926832171644
52.4156879223301,12.76157808433735,0.016859500947158372
52.4156879223301,12.761720698795182,0.016622787834846574
52.4156879223301,12.761863313253013,0.016412384154463024
52.4156879223301,12.762005927710844,0.01623869729347248
52.4156879223301,12.762148542168676,0.016089196085929472
52.4156879223301,12.762291156626507,0.01596797696471921
52.4156879223301,12.762433771084337,0.015876547632667354
52.4156879223301,12.76257638554217,0.01581867202551248
52.4156879223301,12.762719,0.015784060859183352
52.41578066019417,12.750882,0.059810634942103626
52.41578066019417,12.751024614457831,0.05978418113277935
52.41578066019417,12.751167228915664,0.0597191138040967
52.41578066019417,12.751309843373495,0.059624677564304354
52.41578066019417,12.751452457831325,0.059502595920078866
52.41578066019417,12.751595072289158,0.05934542418001861
52.41578066019417,12.751737686746988,0.05916241668171196
52.41578066019417,12.75188030120482,0.0589387503123008
52.41578066019417,12.752022915662652,0.058685555737424816
52.41578066019417,12.752165530120482,0.058405966634558604
52.41578066019417,12.752308144578313,0.05810111677201753
52.41578066019417,12.752450759036146,0.05776049721970517
52.41578066019417,12.752593373493976,0.057396218084605856
52.41578066019417,12.752735987951809,0.057002191699686046
52.41578066019417,12.75287860240964,0.056582932984041295
52.41578066019417,12.75302121686747,0.05613473008647067
52.41578066019417,12.753163831325303,0.05565781512585513
52.41578066019417,12.753306445783133,0.05515454785770648
52.41578066019417,12.753449060240964,0.05463259677001732
52.41578066019417,12.753591674698797,0.05408127486822938
52.41578066019417,12.753734289156627,0.053505619526833186
52.41578066019417,12.753876903614458,0.052907363554544014
52.41578066019417,12.75401951807229,0.052291669396808696
52.41578066019417,12.754162132530121,0.05165423667758215
52.41578066019417,12.754304746987952,0.05099719944390643
52.41578066019417,12.754447361445784,0.050322166790129734
52.41578066019417,12.754589975903615,0.04963124552084726
52.41578066019417,12.754732590361446,0.048918401509712835
52.41578066019417,12.754875204819278,0.04819642403888281
52.41578066019417,12.755017819277109,0.047455778782178916
52.41578066019417,12.75516043373494,0.046706914887633955
52.41578066019417,12.755303048192772,0.04594355047662658
52.41578066019417,12.755445662650603,0.045166279367916
52.41578066019417,12.755588277108435,0.044376713074766386
52.41578066019417,12.755730891566266,0.043576354080998046
52.41578066019417,12.755873506024097,0.0427731656757772
52.41578066019417,12.75601612048193,0.04196245343984153
52.41578066019417,12.75615873493976,0.041147329948375944
52.41578066019417,12.75630134939759,0.04032396588499294
52.41578066019417,12.756443963855423,0.03950341657250654
52.41578066019417,12.756586578313254,0.03866987803860656
52.41578066019417,12.756729192771084,0.03783951244041031
52.41578066019417,12.756871807228917,0.03701293847622601
52.41578066019417,12.757014421686748,0.036189288905324225
52.41578066019417,12.757157036144578,0.03536359180828137
52.41578066019417,12.75729965060241,0.03454431255437332
52.41578066019417,12.757442265060241,0.03373258831164597
52.41578066019417,12.757584879518072,0.03292638683649623
52.41578066019417,12.757727493975905,0.032124838557014694
52.41578066019417,12.757870108433735,0.03132827047800497
52.41578066019417,12.758012722891566,0.03054660474789219
52.41578066019417,12.758155337349399,0.02977557365077363
52.41578066019417,12.75829795180723,0.02901592799012314
52.41578066019417,12.758440566265062,0.028269530445160528
52.41578066019417,12.758583180722892,0.027531104140327375
52.41578066019417,12.758725795180723,0.026810485598165117
52.41578066019417,12.758868409638556,0.026104622937158865
52.41578066019417,12.759011024096386,0.02541602174700232
52.41578066019417,12.759153638554217,0.024746700290274606
52.41578066019417,12.75929625301205,0.02409914519951087
52.41578066019417,12.75943886746988,0.023464049572575366
52.41578066019417,12.759581481927711,0.02285079250231405
52.41578066019417,12.759724096385543,0.02225475763471679
52.41578066019417,12.759866710843374,0.021676189202056627
52.41578066019417,12.760009325301205,0.02112755696043995
52.41578066019417,12.760151939759037,0.020597826456173203
52.41578066019417,12.760294554216868,0.02008777361268973
52.41578066019417,12.760437168674699,0.019609176508403676
52.41578066019417,12.760579783132531,0.019154774306308523
52.41578066019417,12.760722397590362,0.018717415304348457
52.41578066019417,12.760865012048193,0.018309516440110044
52.41578066019417,12.761007626506025,0.017931018508220268
52.41578066019417,12.761150240963856,0.017586021746847858
52.41578066019417,12.761292855421688,0.017268066284591876
52.41578066019417,12.761435469879519,0.016969880301575372
52.41578066019417,12.76157808433735,0.016697885318973583
52.41578066019417,12.761720698795182,0.01645916190189404
52.41578066019417,12.761863313253013,0.016246982116056928
52.41578066019417,12.762005927710844,0.016071736254037905
52.41578066019417,12.762148542168676,0.015920954653837607
52.41578066019417,12.762291156626507,0.015798701392696526
52.41578066019417,12.762433771084337,0.01570652764986227
52.41578066019417,12.76257638554217,0.015648115921399263
52.41578066019417,12.762719,0.01561325627147224
52.41587339805825,12.750882,0.060001861381312215
52.41587339805825,12.751024614457831,0.05997518969088543
52.41587339805825,12.751167228915664,0.05990961859688269
52.41587339805825,12.751309843373495,0.05981448550887407
52.41587339805825,12.751452457831325,0.05969133036787934
52.41587339805825,12.751595072289158,0.05953292381830624
52.41587339805825,12.751737686746988,0.05934833852508575
52.41587339805825,12.75188030120482,0.05912286672368119
52.41587339805825,12.752022915662652,0.05886759317128036
52.41587339805825,12.752165530120482,0.05858573191988957
52.41587339805825,12.752308144578313,0.05827830991815539
52.41587339805825,12.752450759036146,0.05793487376003229
52.41587339805825,12.752593373493976,0.05756759731774801
52.41587339805825,12.752735987951809,0.05717036431909842
52.41587339805825,12.75287860240964,0.056747698568352725
52.41587339805825,12.75302121686747,0.05629584149225399
52.41587339805825,12.753163831325303,0.05581502285682621
52.41587339805825,12.753306445783133,0.055307657633643446
52.41587339805825,12.753449060240964,0.054781435087299934
52.41587339805825,12.753591674698797,0.05422562557259396
52.41587339805825,12.753734289156627,0.053645282419722023
52.41587339805825,12.753876903614458,0.05304216446800809
52.41587339805825,12.75401951807229,0.05242143159700283
52.41587339805825,12.754162132530121,0.051778765904943264
52.41587339805825,12.754304746987952,0.051116378928109676
52.41587339805825,12.754447361445784,0.05043579566061717
52.41587339805825,12.754589975903615,0.049739165632176605
52.41587339805825,12.754732590361446,0.0490204745400041
52.41587339805825,12.754875204819278,0.04829252370246619
52.41587339805825,12.755017819277109,0.04754573462003042
52.41587339805825,12.75516043373494,0.04679071222091508
52.41587339805825,12.755303048192772,0.04602099446455561
52.41587339805825,12.755445662650603,0.04523732177470007
52.41587339805825,12.755588277108435,0.04444125239033508
52.41587339805825,12.755730891566266,0.04363429902580514
52.41587339805825,12.755873506024097,0.042824416488257605
52.41587339805825,12.75601612048193,0.04200691756469423
52.41587339805825,12.75615873493976,0.0411849397786268
52.41587339805825,12.75630134939759,0.04035473563540477
52.41587339805825,12.756443963855423,0.03952734277059253
52.41587339805825,12.756586578313254,0.038686938948392126
52.41587339805825,12.756729192771084,0.0378496698577118
52.41587339805825,12.756871807228917,0.037016144439993896
52.41587339805825,12.757014421686748,0.03618554386545324
52.41587339805825,12.757157036144578,0.03535289242769805
52.41587339805825,12.75729965060241,0.03452666609413765
52.41587339805825,12.757442265060241,0.03370803981521203
52.41587339805825,12.757584879518072,0.03289500714546992
52.41587339805825,12.757727493975905,0.032086635826362585
52.41587339805825,12.757870108433735,0.03128331214266805
52.41587339805825,12.758012722891566,0.030494984842921364
52.41587339805825,12.758155337349399,0.029717364698140607
52.41587339805825,12.75829795180723,0.028951202206381744
52.41587339805825,12.758440566265062,0.028198403225796514
52.41587339805825,12.758583180722892,0.027453629889448532
52.41587339805825,12.758725795180723,0.026726785593064455
52.41587339805825,12.758868409638556,0.02601485717272662
52.41587339805825,12.759011024096386,0.025320317557980778
52.41587339805825,12.759153638554217,0.024645169673082123
52.41587339805825,12.75929625301205,0.023991873357612024
52.41587339805825,12.75943886746988,0.02335132912176671
52.41587339805825,12.759581481927711,0.02273274267529047
52.41587339805825,12.759724096385543,0.022131638523768805
52.41587339805825,12.759866710843374,0.021548170924630555
52.41587339805825,12.760009325301205,0.020994856006911193
52.41587339805825,12.760151939759037,0.02046058718166217
52.41587339805825,12.760294554216868,0.019946116757131958
52.41587339805825,12.760437168674699,0.019463356393859117
52.41587339805825,12.760579783132531,0.019004950196713805
52.41587339805825,12.760722397590362,0.018563889998323514
52.41587339805825,12.760865012048193,0.01815247141360844
52.41587339805825,12.761007626506025,0.017770698120076978
52.41587339805825,12.761150240963856,0.01742261248952192
52.41587339805825,12.761292855421688,0.017101925609184016
52.41587339805825,12.761435469879519,0.016801142388190655
52.41587339805825,12.76157808433735,0.01652687641021342
52.41587339805825,12.761720698795182,0.016286103723858074
52.41587339805825,12.761863313253013,0.01607211319752307
52.41587339805825,12.762005927710844,0.01589527741988593
52.41587339805825,12.762148542168676,0.01574319059157537
52.41587339805825,12.762291156626507,0.015619882787329384
52.41587339805825,12.762433771084337,0.0155269502080173
52.41587339805825,12.76257638554217,0.015467991740109798
52.41587339805825,12.762719,0.01543287879586328
52.41596613592233,12.750882,0.060196328401225414
52.41596613592233,12.751024614457831,0.06016943547844144
52.41596613592233,12.751167228915664,0.06010335242728379
52.41596613592233,12.751309843373495,0.06000751170945857
52.41596613592233,12.751452457831325,0.05988326491643034
52.41596613592233,12.751595072289158,0.05972360365209729
52.41596613592233,12.751737686746988,0.059537413885696194
52.41596613592233,12.75188030120482,0.05931010626105515
52.41596613592233,12.752022915662652,0.05905271913578544
52.41596613592233,12.752165530120482,0.05876854776307786
52.41596613592233,12.752308144578313,0.05845851038511892
52.41596613592233,12.752450759036146,0.05811221042986405
52.41596613592233,12.752593373493976,0.05774188657869028
52.41596613592233,12.752735987951809,0.05734139340937005
52.41596613592233,12.75287860240964,0.05691526400795402
52.41596613592233,12.75302121686747,0.05645969196920614
52.41596613592233,12.753163831325303,0.0559749043811904
52.41596613592233,12.753306445783133,0.05546337285357422
52.41596613592233,12.753449060240964,0.05493280809375707
52.41596613592233,12.753591674698797,0.05437243623896805
52.41596613592233,12.753734289156627,0.053787326952105176
52.41596613592233,12.753876903614458,0.05317926587527407
52.41596613592233,12.75401951807229,0.052553410437728904
52.41596613592233,12.754162132530121,0.051905424710199204
52.41596613592233,12.754304746987952,0.05123759933245443
52.41596613592233,12.754447361445784,0.05055137276328802
52.41596613592233,12.754589975903615,0.04984893871901927
52.41596613592233,12.754732590361446,0.0491243031995134
52.41596613592233,12.754875204819278,0.04839027910918214
52.41596613592233,12.755017819277109,0.047637243034397564
52.41596613592233,12.75516043373494,0.04687595963340525
52.41596613592233,12.755303048192772,0.04609978197501506
52.41596613592233,12.755445662650603,0.04530960064578175
52.41596613592233,12.755588277108435,0.04450691956876661
52.41596613592233,12.755730891566266,0.04369326177117917
52.41596613592233,12.755873506024097,0.0428765730375403
52.41596613592233,12.75601612048193,0.04205217326014497
52.41596613592233,12.75615873493976,0.04122322607809702
52.41596613592233,12.75630134939759,0.04038606765304659
52.41596613592233,12.756443963855423,0.03955171660136833
52.41596613592233,12.756586578313254,0.03870433229697492
52.41596613592233,12.756729192771084,0.037860044337860436
52.41596613592233,12.756871807228917,0.03701945062695152
52.41596613592233,12.757014421686748,0.03618178199357161
52.41596613592233,12.757157036144578,0.0353420585743469
52.41596613592233,12.75729965060241,0.03450876775600144
52.41596613592233,12.757442265060241,0.03368312312835272
52.41596613592233,12.757584879518072,0.032863144449274295
52.41596613592233,12.757727493975905,0.03204783488671969
52.41596613592233,12.757870108433735,0.031237641512264887
52.41596613592233,12.758012722891566,0.030442540158123546
52.41596613592233,12.758155337349399,0.029658219522205653
52.41596613592233,12.75829795180723,0.02888542977607219
52.41596613592233,12.758440566265062,0.028126121246067164
52.41596613592233,12.758583180722892,0.02737489326854954
52.41596613592233,12.758725795180723,0.026641717500647314
52.41596613592233,12.758868409638556,0.02592362067136123
52.41596613592233,12.759011024096386,0.02522304221103351
52.41596613592233,12.759153638554217,0.02454196874270274
52.41596613592233,12.75929625301205,0.02388283277623328
52.41596613592233,12.75943886746988,0.023236747952802318
52.41596613592233,12.759581481927711,0.02261274170427255
52.41596613592233,12.759724096385543,0.02200648323577829
52.41596613592233,12.759866710843374,0.02141803370958594
52.41596613592233,12.760009325301205,0.020859957342125368
52.41596613592233,12.760151939759037,0.020321073399747307
52.41596613592233,12.760294554216868,0.019802110346981826
52.41596613592233,12.760437168674699,0.019315115911111513
52.41596613592233,12.760579783132531,0.018852637406475067
52.41596613592233,12.760722397590362,0.018407813600087183
52.41596613592233,12.760865012048193,0.017992815469889373
52.41596613592233,12.761007626506025,0.01760771101168472
52.41596613592233,12.761150240963856,0.017256483516306
52.41596613592233,12.761292855421688,0.01693301901427302
52.41596613592233,12.761435469879519,0.016629594269509954
52.41596613592233,12.76157808433735,0.01635301867321326
52.41596613592233,12.761720698795182,0.01611016200933773
52.41596613592233,12.761863313253013,0.0158943302746815
52.41596613592233,12.762005927710844,0.015715877595554005
52.41596613592233,12.762148542168676,0.015562463508958742
52.41596613592233,12.762291156626507,0.015438083277014186
52.41596613592233,12.762433771084337,0.01534437936616143
52.41596613592233,12.76257638554217,0.015284864776454335
52.41596613592233,12.762719,0.015249494203811123
52.41605887378641,12.750882,0.06039780631216702
52.41605887378641,12.751024614457831,0.06037069163052159
52.41605887378641,12.751167228915664,0.0603040943172973
52.41605887378641,12.751309843373495,0.06020754322279082
52.41605887378641,12.751452457831325,0.06008219812879191
52.41605887378641,12.751595072289158,0.05992127555037505
52.41605887378641,12.751737686746988,0.05973347160702451
52.41605887378641,12.75188030120482,0.05950431779550256
52.41605887378641,12.752022915662652,0.059244804525100996
52.41605887378641,12.752165530120482,0.05895831042816375
52.41605887378641,12.752308144578313,0.05864564212020908
52.41605887378641,12.752450759036146,0.05829646127541081
52.41605887378641,12.752593373493976,0.05792307287280096
52.41605887378641,12.752735987951809,0.057519302085328475
52.41605887378641,12.75287860240964,0.05708969036112931
52.41605887378641,12.75302121686747,0.05663038278103607
52.41605887378641,12.753163831325303,0.05614160397780779
52.41605887378641,12.753306445783133,0.05562588289942487
52.41605887378641,12.753449060240964,0.05509095242125235
52.41605887378641,12.753591674698797,0.05452599313845781
52.41605887378641,12.753734289156627,0.05393609119898882
52.41605887378641,12.753876903614458,0.053323059321411
52.41605887378641,12.75401951807229,0.05269205307971234
52.41605887378641,12.754162132530121,0.05203871761965893
52.41605887378641,12.754304746987952,0.0513654240580573
52.41605887378641,12.754447361445784,0.05067352278240253
52.41605887378641,12.754589975903615,0.04996525212579565
52.41605887378641,12.754732590361446,0.04923463876008281
52.41605887378641,12.754875204819278,0.04849450727886179
52.41605887378641,12.755017819277109,0.0477351883616059
52.41605887378641,12.75516043373494,0.04696760978109359
52.41605887378641,12.755303048192772,0.04618493527687559
52.41605887378641,12.755445662650603,0.0453882094471803
52.41605887378641,12.755588277108435,0.04457887970884699
52.41605887378641,12.755730891566266,0.04375847964718252
52.41605887378641,12.755873506024097,0.04293494580132386
52.41605887378641,12.75601612048193,0.04210360541048353
52.41605887378641,12.75615873493976,0.04126764847499513
52.41605887378641,12.75630134939759,0.040423496631467076
52.41605887378641,12.756443963855423,0.03958214851635417
52.41605887378641,12.756586578313254,0.038727744872507956
52.41605887378641,12.756729192771084,0.03787639861726644
52.41605887378641,12.756871807228917,0.0370286962319094
52.41605887378641,12.757014421686748,0.03618391899627003
52.41605887378641,12.757157036144578,0.03533708241596778
52.41605887378641,12.75729965060241,0.03449668581125452
52.41605887378641,12.757442265060241,0.0336639820793368
52.41605887378641,12.757584879518072,0.03283701769431377
52.41605887378641,12.757727493975905,0.032014729083981
52.41605887378641,12.757870108433735,0.031197625587964392
52.41605887378641,12.758012722891566,0.030395711364677436
52.41605887378641,12.758155337349399,0.02960465110796276
52.41605887378641,12.75829795180723,0.028825195160058856
52.41605887378641,12.758440566265062,0.028059339423219753
52.41605887378641,12.758583180722892,0.027301618219957913
52.41605887378641,12.758725795180723,0.02656207304347448
52.41605887378641,12.758868409638556,0.025837771884637806
52.41605887378641,12.759011024096386,0.025131119132057414
52.41605887378641,12.759153638554217,0.024444084359679177
52.41605887378641,12.75929625301205,0.023779072647656718
52.41605887378641,12.75943886746988,0.023127414817924137
52.41605887378641,12.759581481927711,0.022497956616950678
52.41605887378641,12.759724096385543,0.02188651454159821
52.41605887378641,12.759866710843374,0.021293054918637373
52.41605887378641,12.760009325301205,0.020730190743825372
52.41605887378641,12.760151939759037,0.02018666541843425
52.41605887378641,12.760294554216868,0.019663182595435057
52.41605887378641,12.760437168674699,0.01917192892858853
52.41605887378641,12.760579783132531,0.018705352962701226
52.41605887378641,12.760722397590362,0.018256743477172988
52.41605887378641,12.760865012048193,0.017838144357544175
52.41605887378641,12.761007626506025,0.017449689303288083
52.41605887378641,12.761150240963856,0.01709530020255464
52.41605887378641,12.761292855421688,0.016769043229737594
52.41605887378641,12.761435469879519,0.01646296072929977
52.41605887378641,12.76157808433735,0.016184062511009557
52.41605887378641,12.761720698795182,0.015939109653536256
52.41605887378641,12.761863313253013,0.01572142596014587
52.41605887378641,12.762005927710844,0.015541346017960197
52.41605887378641,12.762148542168676,0.015386596779739668
52.41605887378641,12.762291156626507,0.015261137697375906
52.41605887378641,12.762433771084337,0.015166657918468059
52.41605887378641,12.76257638554217,0.015106583355518677
52.41605887378641,12.762719,0.015070953678322898
52.416151611650484,12.750882,0.06059730225062494
52.416151611650484,12.751024614457831,0.06056996117858327
52.416151611650484,12.751167228915664,0.0605028385783698
52.416151611650484,12.751309843373495,0.060405561894492095
52.416151611650484,12.751452457831325,0.0602790945243201
52.416151611650484,12.751595072289158,0.06011688317823928
52.416151611650484,12.751737686746988,0.05992743030062608
52.416151611650484,12.75188030120482,0.05969639023887317
52.416151611650484,12.752022915662652,0.059434704865695284
52.416151611650484,12.752165530120482,0.0591458377731475
52.416151611650484,12.752308144578313,0.05883048156010083
52.416151611650484,12.752450759036146,0.058478357757741906
52.416151611650484,12.752593373493976,0.05810183865362436
52.416151611650484,12.752735987951809,0.05769471945832113
52.416151611650484,12.75287860240964,0.05726155017036908
52.416151611650484,12.75302121686747,0.0567984264037562
52.416151611650484,12.753163831325303,0.05630557059087348
52.416151611650484,12.753306445783133,0.05578556943598234
52.416151611650484,12.753449060240964,0.05524617886977988
52.416151611650484,12.753591674698797,0.054676532946208126
52.416151611650484,12.753734289156627,0.05408173473043644
52.416151611650484,12.753876903614458,0.05346362472577743
52.416151611650484,12.75401951807229,0.05282735634938125
52.416151611650484,12.754162132530121,0.05216855565237783
52.416151611650484,12.754304746987952,0.05148967562656359
52.416151611650484,12.754447361445784,0.050791976949027554
52.416151611650484,12.754589975903615,0.05007774323738623
52.416151611650484,12.754732590361446,0.04934102308829655
52.416151611650484,12.754875204819278,0.048594652065302266
52.416151611650484,12.755017819277109,0.04782891404958661
52.416151611650484,12.75516043373494,0.04705490441512235
52.416151611650484,12.755303048192772,0.0462655925633382
52.416151611650484,12.755445662650603,0.04546218072029867
52.416151611650484,12.755588277108435,0.04464605866340326
52.416151611650484,12.755730891566266,0.043818770943297114
52.416151611650484,12.755873506024097,0.042988244242234776
52.416151611650484,12.75601612048193,0.04214981281974398
52.416151611650484,12.75615873493976,0.041306694648467146
52.416151611650484,12.75630134939759,0.040455398515907945
52.416151611650484,12.756443963855423,0.03960690193520475
52.416151611650484,12.756586578313254,0.03874532713615964
52.416151611650484,12.756729192771084,0.037886770016037685
52.416151611650484,12.756871807228917,0.03703180531115085
52.416151611650484,12.757014421686748,0.036179765566370856
52.416151611650484,12.757157036144578,0.035325661846124554
52.416151611650484,12.75729965060241,0.03447800577015286
52.416151611650484,12.757442265060241,0.03363809004139646
52.416151611650484,12.757584879518072,0.03280398879341878
52.416151611650484,12.757727493975905,0.031974570227057186
52.416151611650484,12.757870108433735,0.031150407559412344
52.416151611650484,12.758012722891566,0.030341533076261407
52.416151611650484,12.758155337349399,0.029543587382412258
52.416151611650484,12.75829795180723,0.028757320998859193
52.416151611650484,12.758440566265062,0.027984776644503773
52.416151611650484,12.758583180722892,0.027220421852670793
52.416151611650484,12.758725795180723,0.026474369508490928
52.416151611650484,12.758868409638556,0.025743729557619863
52.416151611650484,12.759011024096386,0.025030870894642447
52.416151611650484,12.759153638554217,0.02433774560126932
52.416151611650484,12.75929625301205,0.02366673079457975
52.416151611650484,12.75943886746988,0.023009379349152485
52.416151611650484,12.759581481927711,0.022374351076065235
52.416151611650484,12.759724096385543,0.021757613409595564
52.416151611650484,12.759866710843374,0.02115903549431557
52.416151611650484,12.760009325301205,0.020591280296772582
52.416151611650484,12.760151939759037,0.02004301323424039
52.416151611650484,12.760294554216868,0.01951491312343763
52.416151611650484,12.760437168674699,0.019019308119742062
52.416151611650484,12.760579783132531,0.018548546078286245
52.416151611650484,12.760722397590362,0.01809606948713589
52.416151611650484,12.760865012048193,0.017673791618318863
52.416151611650484,12.761007626506025,0.01728191291278392
52.416151611650484,12.761150240963856,0.016924293466956154
52.416151611650484,12.761292855421688,0.016595183349545524
52.416151611650484,12.761435469879519,0.016286385449602956
52.416151611650484,12.76157808433735,0.01600511420944227
52.416151611650484,12.761720698795182,0.015758019765925516
52.416151611650484,12.761863313253013,0.01553844412134749
52.416151611650484,12.762005927710844,0.01535670166783663
52.416151611650484,12.762148542168676,0.01520058823225515
52.416151611650484,12.762291156626507,0.015074026745372993
52.416151611650484,12.762433771084337,0.014978754154304701
52.416151611650484,12.76257638554217,0.014918107548066668
52.416151611650484,12.762719,0.014882213319354158
52.416244349514564,12.750882,0.06079348257231481
52.416244349514564,12.751024614457831,0.060765913399242304
52.416244349514564,12.751167228915664,0.06069826070231034
52.416244349514564,12.751309843373495,0.0606002523526492
52.416244349514564,12.751452457831325,0.06047265100793665
52.416244349514564,12.751595072289158,0.06030913857201418
52.416244349514564,12.751737686746988,0.06011801954427565
52.416244349514564,12.75188030120482,0.05988507418743732
52.416244349514564,12.752022915662652,0.05962119443607575
52.416244349514564,12.752165530120482,0.059329930409565405
52.416244349514564,12.752308144578313,0.05901185830142463
52.416244349514564,12.752450759036146,0.05865676142191715
52.416244349514564,12.752593373493976,0.0582770798828275
52.416244349514564,12.752735987951809,0.057866578726367704
52.416244349514564,12.75287860240964,0.05742981644636686
52.416244349514564,12.75302121686747,0.056962838138948174
52.416244349514564,12.753163831325303,0.05646586421966361
52.416244349514564,12.753306445783133,0.05594153977751625
52.416244349514564,12.753449060240964,0.05539764456447033
52.416244349514564,12.753591674698797,0.054823265056810434
52.416244349514564,12.753734289156627,0.05422352153894512
52.416244349514564,12.753876903614458,0.053600282235663606
52.416244349514564,12.75401951807229,0.052958698939450606
52.416244349514564,12.754162132530121,0.05229437789792615
52.416244349514564,12.754304746987952,0.05160985554396798
52.416244349514564,12.754447361445784,0.050906301289736916
52.416244349514564,12.754589975903615,0.050186044159731505
52.416244349514564,12.754732590361446,0.049443155346217765
52.416244349514564,12.754875204819278,0.04869048135457961
52.416244349514564,12.755017819277109,0.04791825830140289
52.416244349514564,12.75516043373494,0.04713775268016882
52.416244349514564,12.755303048192772,0.04634173542112043
52.416244349514564,12.755445662650603,0.04553156999741862
52.416244349514564,12.755588277108435,0.044708586712400654
52.416244349514564,12.755730891566266,0.04387434133544528
52.416244349514564,12.755873506024097,0.04303675005096431
52.416244349514564,12.75601612048193,0.04219115433241777
52.416244349514564,12.75615873493976,0.041340801142428045
52.416244349514564,12.75630134939759,0.04048228791511799
52.416244349514564,12.756443963855423,0.03962656994734879
52.416244349514564,12.756586578313254,0.03875775090229285
52.416244349514564,12.756729192771084,0.037891909339186736
52.416244349514564,12.756871807228917,0.03702960733156421
52.416244349514564,12.757014421686748,0.03617022985100751
52.416244349514564,12.757157036144578,0.0353087835325243
52.416244349514564,12.75729965060241,0.03445379222571782
52.416244349514564,12.757442265060241,0.033606589714887156
52.416244349514564,12.757584879518072,0.03276527789633116
52.416244349514564,12.757727493975905,0.03192865499792792
52.416244349514564,12.757870108433735,0.03109735942949088
52.416244349514564,12.758012722891566,0.030281452583936847
52.416244349514564,12.758155337349399,0.02947654949343472
52.416244349514564,12.75829795180723,0.02868340130175353
52.416244349514564,12.758440566265062,0.027904098654989752
52.416244349514564,12.758583180722892,0.027133040328937114
52.416244349514564,12.758725795180723,0.026380412004649873
52.416244349514564,12.758868409638556,0.025643366937794683
52.416244349514564,12.759011024096386,0.02492423763300528
52.416244349514564,12.759153638554217,0.02422495716069697
52.416244349514564,12.75929625301205,0.02354787524909844
52.416244349514564,12.75943886746988,0.022884770559407235
52.416244349514564,12.759581481927711,0.022244113322891244
52.416244349514564,12.759724096385543,0.021622025106205013
52.416244349514564,12.759866710843374,0.021018275684805954
52.416244349514564,12.760009325301205,0.020445578948599143
52.416244349514564,12.760151939759037,0.01989252064515634
52.416244349514564,12.760294554216868,0.01935975393323139
52.416244349514564,12.760437168674699,0.018859751377798058
52.416244349514564,12.760579783132531,0.0183847579327433
52.416244349514564,12.760722397590362,0.01792837391695832
52.416244349514564,12.760865012048193,0.01750237833210653
52.416244349514564,12.761007626506025,0.017107040132632454
52.416244349514564,12.761150240963856,0.01674615538481507
52.416244349514564,12.761292855421688,0.016414162751317005
52.416244349514564,12.761435469879519,0.016102620289919108
52.416244349514564,12.76157808433735,0.01581895105490805
52.416244349514564,12.761720698795182,0.015569692119069316
52.416244349514564,12.761863313253013,0.015348204652080921
52.416244349514564,12.762005927710844,0.015164781996904929
52.416244349514564,12.762148542168676,0.01500728983961603
52.416244349514564,12.762291156626507,0.014879614334604
52.416244349514564,12.762433771084337,0.014783540702347059
52.416244349514564,12.76257638554217,0.014722315797266319
52.416244349514564,12.762719,0.014686154524097484
52.41633708737864,12.750882,0.060990127545022366
52.41633708737864,12.751024614457831,0.06096232634567391
52.41633708737864,12.751167228915664,0.06089413506569596
52.41633708737864,12.751309843373495,0.06079538330759393
52.41633708737864,12.751452457831325,0.060666629408998
52.41633708737864,12.751595072289158,0.060501794739445065
52.41633708737864,12.751737686746988,0.06030898251939447
52.41633708737864,12.75188030120482,0.06007410100919278
52.41633708737864,12.752022915662652,0.05980799137607165
52.41633708737864,12.752165530120482,0.05951429165657477
52.41633708737864,12.752308144578313,0.05919345957256125
52.41633708737864,12.752450759036146,0.058835341253552595
52.41633708737864,12.752593373493976,0.05845244573121559
52.41633708737864,12.752735987951809,0.05803850780910418
52.41633708737864,12.75287860240964,0.057598094200686345
52.41633708737864,12.75302121686747,0.057127198804925075
52.41633708737864,12.753163831325303,0.056626039750982855
52.41633708737864,12.753306445783133,0.05609732193460991
52.41633708737864,12.753449060240964,0.05554884922845095
52.41633708737864,12.753591674698797,0.05496965952103363
52.41633708737864,12.753734289156627,0.05436489011335298
52.41633708737864,12.753876903614458,0.05373643839313714
52.41633708737864,12.75401951807229,0.05308945398505274
52.41633708737864,12.754162132530121,0.052419522790827004
52.41633708737864,12.754304746987952,0.051729266343585156
52.41633708737864,12.754447361445784,0.05101976104923814
52.41633708737864,12.754589975903615,0.05029338275741897
52.41633708737864,12.754732590361446,0.049544225267774994
52.41633708737864,12.754875204819278,0.048785145774609774
52.41633708737864,12.755017819277109,0.048006331970327276
52.41633708737864,12.75516043373494,0.04721922489762327
52.41633708737864,12.755303048192772,0.04641639321089435
52.41633708737864,12.755445662650603,0.04559936430506892
52.41633708737864,12.755588277108435,0.04476940827824956
52.41633708737864,12.755730891566266,0.04392809222488986
52.41633708737864,12.755873506024097,0.04308332159296424
52.41633708737864,12.75601612048193,0.04223044484597722
52.41633708737864,12.75615873493976,0.04137273877147741
52.41633708737864,12.75630134939759,0.04050689120105408
52.41633708737864,12.756443963855423,0.039643834162683154
52.41633708737864,12.756586578313254,0.03876765259290371
52.41633708737864,12.756729192771084,0.037894407986273214
52.41633708737864,12.756871807228917,0.03702464923915769
52.41633708737864,12.757014421686748,0.03615781490415581
52.41633708737864,12.757157036144578,0.03528890615923512
52.41633708737864,12.75729965060241,0.03442645979673125
52.41633708737864,12.757442265060241,0.033571851611528335
52.41633708737864,12.757584879518072,0.03272321197916049
52.41633708737864,12.757727493975905,0.03187926717298613
52.41633708737864,12.757870108433735,0.031040722452489816
52.41633708737864,12.758012722891566,0.030217668969710246
52.41633708737864,12.758155337349399,0.029405694892540128
52.41633708737864,12.75829795180723,0.02860555276405776
52.41633708737864,12.758440566265062,0.027819381862942465
52.41633708737864,12.758583180722892,0.0270415106873332
52.41633708737864,12.758725795180723,0.02628219945311815
52.41633708737864,12.758868409638556,0.025538645120555283
52.41633708737864,12.759011024096386,0.024813142882918037
52.41633708737864,12.759153638554217,0.02410760673807194
52.41633708737864,12.75929625301205,0.02342435823569352
52.41633708737864,12.75943886746988,0.022755406877971347
52.41633708737864,12.759581481927711,0.022109028855363238
52.41633708737864,12.759724096385543,0.021481502966843254
52.41633708737864,12.759866710843374,0.020872497659256854
52.41633708737864,12.760009325301205,0.020294778934297576
52.41633708737864,12.760151939759037,0.019736851373819465
52.41633708737864,12.760294554216868,0.019199342172211642
52.41633708737864,12.760437168674699,0.018694870233416507
52.41633708737864,12.760579783132531,0.01821557626464148
52.41633708737864,12.760722397590362,0.01775522131031223
52.41633708737864,12.760865012048193,0.01732544729567986
52.41633708737864,12.761007626506025,0.016926592766349564
52.41633708737864,12.761150240963856,0.016562389076881484
52.41633708737864,12.761292855421688,0.016227466849421536
52.41633708737864,12.761435469879519,0.015913134804760552
52.41633708737864,12.76157808433735,0.01562702833679518
52.41633708737864,12.761720698795182,0.015375569483390172
52.41633708737864,12.761863313253013,0.015152139271388882
52.41633708737864,12.762005927710844,0.0149670087069803
52.41633708737864,12.762148542168676,0.014808115079565108
52.41633708737864,12.762291156626507,0.01467930709846975
52.41633708737864,12.762433771084337,0.014582419457414675
52.41633708737864,12.76257638554217,0.014520606426023113
52.41633708737864,12.762719,0.01448417372702756
52.416429825242716,12.750882,0.061192389414823814
52.416429825242716,12.751024614457831,0.0611643554162003
52.416429825242716,12.751167228915664,0.06109562223894174
52.416429825242716,12.751309843373495,0.06099612333575914
52.416429825242716,12.751452457831325,0.06086620830995007
52.416429825242716,12.751595072289158,0.06070004282111178
52.416429825242716,12.751737686746988,0.06050552541544382
52.416429825242716,12.75188030120482,0.0602686944690225
52.416429825242716,12.752022915662652,0.0600003392006625
52.416429825242716,12.752165530120482,0.059704187016524905
52.416429825242716,12.752308144578313,0.0593805751393868
52.416429825242716,12.752450759036146,0.05901941402357588
52.416429825242716,12.752593373493976,0.05863328229659473
52.416429825242716,12.752735987951809,0.058215884445933376
52.416429825242716,12.75287860240964,0.05777179477037545
52.416429825242716,12.75302121686747,0.057296955506385694
52.416429825242716,12.753163831325303,0.056791582500441126
52.416429825242716,12.753306445783133,0.05625844113098262
52.416429825242716,12.753449060240964,0.055705360229143096
52.416429825242716,12.753591674698797,0.05512132730582175
52.416429825242716,12.753734289156627,0.05451149750392342
52.416429825242716,12.753876903614458,0.053877797416823484
52.416429825242716,12.75401951807229,0.0532253747766993
52.416429825242716,12.754162132530121,0.0525497943547401
52.416429825242716,12.754304746987952,0.051853764349449855
52.416429825242716,12.754447361445784,0.05113826712764553
52.416429825242716,12.754589975903615,0.05040572474704745
52.416429825242716,12.754732590361446,0.049650255044475664
52.416429825242716,12.754875204819278,0.04888472471764839
52.416429825242716,12.755017819277109,0.048099272989926715
52.416429825242716,12.75516043373494,0.04730551900193667
52.416429825242716,12.755303048192772,0.04649582450056004
52.416429825242716,12.755445662650603,0.04567188444219973
52.416429825242716,12.755588277108435,0.04483490686152095
52.416429825242716,12.755730891566266,0.04398647052293548
52.416429825242716,12.755873506024097,0.04313446947202432
52.416429825242716,12.75601612048193,0.04227425901916778
52.416429825242716,12.75615873493976,0.04140914705432168
52.416429825242716,12.75630134939759,0.040535913383285556
52.416429825242716,12.756443963855423,0.03966546493884101
52.416429825242716,12.756586578313254,0.03878186855775137
52.416429825242716,12.756729192771084,0.037901167981021465
52.416429825242716,12.756871807228917,0.03702389803886099
52.416429825242716,12.757014421686748,0.036149552575526545
52.416429825242716,12.757157036144578,0.035273126651812106
52.416429825242716,12.75729965060241,0.03440317027670013
52.416429825242716,12.757442265060241,0.03354110193647432
52.416429825242716,12.757584879518072,0.03268508135585394
52.416429825242716,12.757727493975905,0.031833760529564964
52.416429825242716,12.757870108433735,0.030987912967569767
52.416429825242716,12.758012722891566,0.0301576602241298
52.416429825242716,12.758155337349399,0.029338562869299964
52.416429825242716,12.75829795180723,0.028531374590189014
52.416429825242716,12.758440566265062,0.02773828465349714
52.416429825242716,12.758583180722892,0.02695354949447885
52.416429825242716,12.758725795180723,0.026187504694980785
52.416429825242716,12.758868409638556,0.02543739238715193
52.416429825242716,12.759011024096386,0.02470546937914971
52.416429825242716,12.759153638554217,0.023993629951536546
52.416429825242716,12.75929625301205,0.02330416732515576
52.416429825242716,12.75943886746988,0.022629324976790644
52.416429825242716,12.759581481927711,0.021977182335484055
52.416429825242716,12.759724096385543,0.021344178713085946
52.416429825242716,12.759866710843374,0.02072987837090486
52.416429825242716,12.760009325301205,0.020147100877348417
52.416429825242716,12.760151939759037,0.019584267784968867
52.416429825242716,12.760294554216868,0.019041979420022705
52.416429825242716,12.760437168674699,0.018533003903283045
52.416429825242716,12.760579783132531,0.018049375693198817
52.416429825242716,12.760722397590362,0.017585020133579245
52.416429825242716,12.760865012048193,0.01715143875255422
52.416429825242716,12.761007626506025,0.0167490414283388
52.416429825242716,12.761150240963856,0.016381492706393688
52.416429825242716,12.761292855421688,0.016043619439990036
52.416429825242716,12.761435469879519,0.01572647606057268
52.416429825242716,12.76157808433735,0.0154379136199666
52.416429825242716,12.761720698795182,0.015184238203995547
52.416429825242716,12.761863313253013,0.014958850576267963
52.416429825242716,12.762005927710844,0.014771998580033575
52.416429825242716,12.762148542168676,0.014611692811662098
52.416429825242716,12.762291156626507,0.014481743527792586
52.416429825242716,12.762433771084337,0.014384035526131836
52.416429825242716,12.76257638554217,0.014321629704813002
52.416429825242716,12.762719,0.014284923607475982
52.416522563106795,12.750882,0.06138733479952993
52.416522563106795,12.751024614457831,0.06135906506186641
52.416522563106795,12.751167228915664,0.061289783645895726
52.416522563106795,12.751309843373495,0.061189528814979105
52.416522563106795,12.751452457831325,0.061058438050115696
52.416522563106795,12.751595072289158,0.0608909254511649
52.416522563106795,12.751737686746988,0.0606946813359486
52.416522563106795,12.75188030120482,0.06045587715796466
52.416522563106795,12.752022915662652,0.06018524829710647
52.416522563106795,12.752165530120482,0.059886613524018396
52.416522563106795,12.752308144578313,0.059560187372844485
52.416522563106795,12.752450759036146,0.05919594586079218
52.416522563106795,12.752593373493976,0.05880653786394909
52.416522563106795,12.752735987951809,0.058385637780859485
52.416522563106795,12.75287860240964,0.05793782676947067
52.416522563106795,12.75302121686747,0.05745899514887212
52.416522563106795,12.753163831325303,0.056949356591481995
52.416522563106795,12.753306445783133,0.05641173713481373
52.416522563106795,12.753449060240964,0.055853991387780466
52.416522563106795,12.753591674698797,0.05526505600108973
52.416522563106795,12.753734289156627,0.05465010350860971
52.416522563106795,12.753876903614458,0.054011090460829914
52.416522563106795,12.75401951807229,0.05335316329351002
52.416522563106795,12.754162132530121,0.052671864513002556
52.416522563106795,12.754304746987952,0.051969990595210236
52.416522563106795,12.754447361445784,0.05124842798865326
52.416522563106795,12.754589975903615,0.050509645633226845
52.416522563106795,12.754732590361446,0.04974778671202257
52.416522563106795,12.754875204819278,0.048975726620678506
52.416522563106795,12.755017819277109,0.04818355520260886
52.416522563106795,12.75516043373494,0.0473830728408164
52.416522563106795,12.755303048192772,0.04656643116870305
52.416522563106795,12.755445662650603,0.045735495373235825
52.416522563106795,12.755588277108435,0.0448914100569938
52.416522563106795,12.755730891566266,0.04403576659435071
52.416522563106795,12.755873506024097,0.04317644640941358
52.416522563106795,12.75601612048193,0.0423088120637084
52.416522563106795,12.75615873493976,0.04143620370203968
52.416522563106795,12.75630134939759,0.040555494016846536
52.416522563106795,12.756443963855423,0.03967756366633404
52.416522563106795,12.756586578313254,0.03878646182781478
52.416522563106795,12.756729192771084,0.03789821451262884
52.416522563106795,12.756871807228917,0.03701334166136136
52.416522563106795,12.757014421686748,0.03613139318948974
52.416522563106795,12.757157036144578,0.03524735773580576
52.416522563106795,12.75729965060241,0.03436979951122719
52.416522563106795,12.757442265060241,0.03350017989439316
52.416522563106795,12.757584879518072,0.03263668826944443
52.416522563106795,12.757727493975905,0.03177790089749352
52.416522563106795,12.757870108433735,0.030924661213550697
52.416522563106795,12.758012722891566,0.030087121197950848
52.416522563106795,12.758155337349399,0.029260813402425218
52.416522563106795,12.75829795180723,0.028446493117769114
52.416522563106795,12.758440566265062,0.0276463997771072
52.416522563106795,12.758583180722892,0.026854716688577727
52.416522563106795,12.758725795180723,0.026081855894637556
52.416522563106795,12.758868409638556,0.025325105855988128
52.416522563106795,12.759011024096386,0.024586683871742905
52.416522563106795,12.759153638554217,0.023868464196155285
52.416522563106795,12.75929625301205,0.023172710754071187
52.416522563106795,12.75943886746988,0.022491905846175806
52.416522563106795,12.759581481927711,0.021833928094205236
52.416522563106795,12.759724096385543,0.02119538049878279
52.416522563106795,12.759866710843374,0.02057572122890426
52.416522563106795,12.760009325301205,0.019987823561787223
52.416522563106795,12.760151939759037,0.019420025629869924
52.416522563106795,12.760294554216868,0.018872900067790813
52.416522563106795,12.760437168674699,0.018359366183320514
52.416522563106795,12.760579783132531,0.017871350691656886
52.416522563106795,12.760722397590362,0.017402946181824183
52.416522563106795,12.760865012048193,0.016965510951461385
52.416522563106795,12.761007626506025,0.016559527594433122
52.416522563106795,12.761150240963856,0.01618859235099043
52.416522563106795,12.761292855421688,0.015847732573939656
52.416522563106795,12.761435469879519,0.01552774360086024
52.416522563106795,12.76157808433735,0.015236695378855906
52.416522563106795,12.761720698795182,0.01498077639302681
52.416522563106795,12.761863313253013,0.014753407624637487
52.416522563106795,12.762005927710844,0.014564813242914889
52.416522563106795,12.762148542168676,0.014403078196366445
52.416522563106795,12.762291156626507,0.014271973525526446
52.416522563106795,12.762433771084337,0.014173435274264854
52.416522563106795,12.76257638554217,0.014110429362757353
52.416522563106795,12.762719,0.014073446604353949
52.416615300970875,12.750882,0.06158389371516173
52.416615300970875,12.751024614457831,0.06155538608346054
52.416615300970875,12.751167228915664,0.0614855508880601
52.416615300970875,12.751309843373495,0.061384532753040344
52.416615300970875,12.751452457831325,0.06125225332287102
52.416615300970875,12.751595072289158,0.06108337898897306
52.416615300970875,12.751737686746988,0.0608853890988538
52.416615300970875,12.75188030120482,0.06064459038686047
52.416615300970875,12.752022915662652,0.060371663411359286
52.416615300970875,12.752165530120482,0.06007051907292275
52.416615300970875,12.752308144578313,0.05974124780211074
52.416615300970875,12.752450759036146,0.05937389248933796
52.416615300970875,12.752593373493976,0.05898117286566161
52.416615300970875,12.752735987951809,0.05855673297942588
52.416615300970875,12.75287860240964,0.05810516048665649
52.416615300970875,12.75302121686747,0.05762229350009302
52.416615300970875,12.753163831325303,0.05710834353574145
52.416615300970875,12.753306445783133,0.05656619788187354
52.416615300970875,12.753449060240964,0.056003737401233426
52.416615300970875,12.753591674698797,0.05540984671706918
52.416615300970875,12.753734289156627,0.054789716404373134
52.416615300970875,12.753876903614458,0.05414533299034609
52.416615300970875,12.75401951807229,0.053481841814549555
52.416615300970875,12.754162132530121,0.05279476282395968
52.416615300970875,12.754304746987952,0.05208698208155391
52.416615300970875,12.754447361445784,0.05135928877150592
52.416615300970875,12.754589975903615,0.050614198791925226
52.416615300970875,12.754732590361446,0.04984588139243543
52.416615300970875,12.754875204819278,0.04906722057831958
52.416615300970875,12.755017819277109,0.04826825614400908
52.416615300970875,12.75516043373494,0.04746097300308284
52.416615300970875,12.755303048192772,0.04663730866110533
52.416615300970875,12.755445662650603,0.04579930157184173
52.416615300970875,12.755588277108435,0.044948031689889464
52.416615300970875,12.755730891566266,0.044085103065445296
52.416615300970875,12.755873506024097,0.04321838433578158
52.416615300970875,12.75601612048193,0.04234324507358633
52.416615300970875,12.75615873493976,0.04146305836520417
52.416615300970875,12.75630134939759,0.04057479147726041
52.416615300970875,12.756443963855423,0.03968929791193669
52.416615300970875,12.756586578313254,0.03879060896842286
52.416615300970875,12.756729192771084,0.037894733058477674
52.416615300970875,12.756871807228917,0.03700217437963401
52.416615300970875,12.757014421686748,0.036112539593691775
52.416615300970875,12.757157036144578,0.035220811175031314
52.416615300970875,12.75729965060241,0.034335567611639896
52.416615300970875,12.757442265060241,0.03345831398813033
52.416615300970875,12.757584879518072,0.03258727005524535
52.416615300970875,12.757727493975905,0.031720934545098216
52.416615300970875,12.757870108433735,0.030860221880067155
52.416615300970875,12.758012722891566,0.030015315484848343
52.416615300970875,12.758155337349399,0.02918171804248252
52.416615300970875,12.75829795180723,0.028360187260886516
52.416615300970875,12.758440566265062,0.02755301418625274
52.416615300970875,12.758583180722892,0.02675430670495808
52.416615300970875,12.758725795180723,0.025974554835242677
52.416615300970875,12.758868409638556,0.025211094153811626
52.416615300970875,12.759011024096386,0.0244661019951185
52.416615300970875,12.759153638554217,0.023741431525470317
52.416615300970875,12.75929625301205,0.023039317562236712
52.416615300970875,12.75943886746988,0.022352484431665917
52.416615300970875,12.759581481927711,0.021688607380814275
52.416615300970875,12.759724096385543,0.021044455274991415
52.416615300970875,12.759866710843374,0.020419378285148164
52.416615300970875,12.760009325301205,0.019826304844946303
52.416615300970875,12.760151939759037,0.01925348744314404
52.416615300970875,12.760294554216868,0.018701471105321204
52.416615300970875,12.760437168674699,0.018183328421436766
52.416615300970875,12.760579783132531,0.01769087666389854
52.416615300970875,12.760722397590362,0.017218378980664945
52.416615300970875,12.760865012048193,0.01677704764629354
52.416615300970875,12.761007626506025,0.01636743898438263
52.416615300970875,12.761150240963856,0.015993079447183332
52.416615300970875,12.761292855421688,0.015649200489923295
52.416615300970875,12.761435469879519,0.01532633420220686
52.416615300970875,12.76157808433735,0.015032772653314664
52.416615300970875,12.761720698795182,0.014774585176940839
52.416615300970875,12.761863313253013,0.01454521333925796
52.416615300970875,12.762005927710844,0.014354857056340955
52.416615300970875,12.762148542168676,0.01419167704663835
52.416615300970875,12.762291156626507,0.014059404264719718
52.416615300970875,12.762433771084337,0.013960026681242344
52.416615300970875,12.76257638554217,0.01389641383983075
52.416615300970875,12.762719,0.013859151560367024
52.416708038834955,12.750882,0.061781820228219285
52.416708038834955,12.751024614457831,0.061753074816910745
52.416708038834955,12.751167228915664,0.061682684630423146
52.416708038834955,12.751309843373495,0.06158090212553169
52.416708038834955,12.751452457831325,0.06144743037294344
52.416708038834955,12.751595072289158,0.061277191357146585
52.416708038834955,12.751737686746988,0.0610774507933349
52.416708038834955,12.75188030120482,0.06083465205013936
52.416708038834955,12.752022915662652,0.06055942058117516
52.416708038834955,12.752165530120482,0.060255760545413234
52.416708038834955,12.752308144578313,0.05992363640990457
52.416708038834955,12.752450759036146,0.05955315863077805
52.416708038834955,12.752593373493976,0.05915711845810029
52.416708038834955,12.752735987951809,0.05872912972499814
52.416708038834955,12.75287860240964,0.05827378632569131
52.416708038834955,12.75302121686747,0.057786873604782504
52.416708038834955,12.753163831325303,0.05726860085418838
52.416708038834955,12.753306445783133,0.05672191705997164
52.416708038834955,12.753449060240964,0.05615472987848749
52.416708038834955,12.753591674698797,0.0555558712362256
52.416708038834955,12.753734289156627,0.054930549556915134
52.416708038834955,12.753876903614458,0.05428078174837283
52.416708038834955,12.75401951807229,0.05361171261970868
52.416708038834955,12.754162132530121,0.05291883809719596
52.416708038834955,12.754304746987952,0.052205135413742415
52.416708038834955,12.754447361445784,0.051471295304731476
52.416708038834955,12.754589975903615,0.05071988092963143
52.416708038834955,12.754732590361446,0.04994508848318164
52.416708038834955,12.754875204819278,0.04915980937758999
52.416708038834955,12.755017819277109,0.048354032895397116
52.416708038834955,12.75516043373494,0.04753993140914732
52.416708038834955,12.755303048192772,0.04670922507752353
52.416708038834955,12.755445662650603,0.045864127900943685
52.416708038834955,12.755588277108435,0.04500565390406115
52.416708038834955,12.755730891566266,0.04413542066086515
52.416708038834955,12.755873506024097,0.04326128304418951
52.416708038834955,12.75601612048193,0.04237861731228808
52.416708038834955,12.75615873493976,0.04149083097995465
52.416708038834955,12.75630134939759,0.04059498660236638
52.416708038834955,12.756443963855423,0.039701909234245505
52.416708038834955,12.756586578313254,0.038795612559586676
52.416708038834955,12.756729192771084,0.037892087193715736
52.416708038834955,12.756871807228917,0.03699182073462679
52.416708038834955,12.757014421686748,0.036094477891565994
52.416708038834955,12.757157036144578,0.03519503394095718
52.416708038834955,12.75729965060241,0.034302082439798
52.416708038834955,12.757442265060241,0.033417172268581985
52.416708038834955,12.757584879518072,0.03253855406621204
52.416708038834955,12.757727493975905,0.03166464774290041
52.416708038834955,12.757870108433735,0.03079644013683113
52.416708038834955,12.758012722891566,0.029944146039075588
52.416708038834955,12.758155337349399,0.029103237218093707
52.416708038834955,12.75829795180723,0.028274474139375352
52.416708038834955,12.758440566265062,0.027460200340042144
52.416708038834955,12.758583180722892,0.026654447161325936
52.416708038834955,12.758725795180723,0.02586778323679236
52.416708038834955,12.758868409638556,0.02509759174686579
52.416708038834955,12.759011024096386,0.024346009410929136
52.416708038834955,12.759153638554217,0.02361486784188164
52.416708038834955,12.75929625301205,0.02290637264493211
52.416708038834955,12.75943886746988,0.022213493214324434
52.416708038834955,12.759581481927711,0.021543698579117837
52.416708038834955,12.759724096385543,0.020893925840588443
52.416708038834955,12.759866710843374,0.020263415353814932
52.416708038834955,12.760009325301205,0.019665151705045673
52.416708038834955,12.760151939759037,0.01908730020503253
52.416708038834955,12.760294554216868,0.018530377717002014
52.416708038834955,12.760437168674699,0.018007611886698346
52.416708038834955,12.760579783132531,0.017510709452448252
52.416708038834955,12.760722397590362,0.017034106544696278
52.416708038834955,12.760865012048193,0.016588866597252803
52.416708038834955,12.761007626506025,0.016175621142735755
52.416708038834955,12.761150240963856,0.015797825741155402
52.416708038834955,12.761292855421688,0.015450918966129344
52.416708038834955,12.761435469879519,0.015125165710293355
52.416708038834955,12.76157808433735,0.01482908319089679
52.416708038834955,12.761720698795182,0.01456862049989687
52.416708038834955,12.761863313253013,0.014337239696750256
52.416708038834955,12.762005927710844,0.014145115848648783
52.416708038834955,12.762148542168676,0.013980486475162018
52.416708038834955,12.762291156626507,0.013847041729545272
52.416708038834955,12.762433771084337,0.013746822374550051
52.416708038834955,12.76257638554217,0.01368260019301277
52.416708038834955,12.762719,0.013645057562479242
52.41680077669903,12.750882,0.06197343302187869
52.41680077669903,12.751024614457831,0.06194445026867393
52.41680077669903,12.751167228915664,0.061873505189897995
52.41680077669903,12.751309843373495,0.061770958929589635
52.41680077669903,12.751452457831325,0.061636293382037105
52.41680077669903,12.751595072289158,0.06146468952082506
52.41680077669903,12.751737686746988,0.061263196646820034
52.41680077669903,12.75188030120482,0.061018396350497064
52.41680077669903,12.752022915662652,0.06074085826563812
52.41680077669903,12.752165530120482,0.0604346805752761
52.41680077669903,12.752308144578313,0.06009970034546868
52.41680077669903,12.752450759036146,0.05972609723242354
52.41680077669903,12.752593373493976,0.059326734098898944
52.41680077669903,12.752735987951809,0.058895194473414667
52.41680077669903,12.75287860240964,0.05843607846995974
52.41680077669903,12.75302121686747,0.05794511779903416
52.41680077669903,12.753163831325303,0.05742251938981429
52.41680077669903,12.753306445783133,0.05687129430193265
52.41680077669903,12.753449060240964,0.056299377984504365
52.41680077669903,12.753591674698797,0.055695548366560786
52.41680077669903,12.753734289156627,0.05506503167122004
52.41680077669903,12.753876903614458,0.05440987578031178
52.41680077669903,12.75401951807229,0.053735224868323495
52.41680077669903,12.754162132530121,0.053036550609502416
52.41680077669903,12.754304746987952,0.052316922298085905
52.41680077669903,12.754447361445784,0.0515769309276994
52.41680077669903,12.754589975903615,0.05081918699954537
52.41680077669903,12.754732590361446,0.0500379144453871
52.41680077669903,12.754875204819278,0.04924601123649175
52.41680077669903,12.755017819277109,0.04843341623032796
52.41680077669903,12.75516043373494,0.04761249210247055
52.41680077669903,12.755303048192772,0.046774737755404014
52.41680077669903,12.755445662650603,0.045922544785971235
52.41680077669903,12.755588277108435,0.0450568610692486
52.41680077669903,12.755730891566266,0.044179317443462124
52.41680077669903,12.755873506024097,0.043297754572524584
52.41680077669903,12.75601612048193,0.042407554970379555
52.41680077669903,12.75615873493976,0.04151216112535103
52.41680077669903,12.75630134939759,0.04060873279961841
52.41680077669903,12.756443963855423,0.03970806477906756
52.41680077669903,12.756586578313254,0.03879415361120939
52.41680077669903,12.756729192771084,0.03788297211432285
52.41680077669903,12.756871807228917,0.036974990211458655
52.41680077669903,12.757014421686748,0.0360699315806492
52.41680077669903,12.757157036144578,0.03516276358790252
52.41680077669903,12.75729965060241,0.03426209553188067
52.41680077669903,12.757442265060241,0.03336952085036022
52.41680077669903,12.757584879518072,0.032483321015756766
52.41680077669903,12.757727493975905,0.03160183520883884
52.41680077669903,12.757870108433735,0.030726124220051314
52.41680077669903,12.758012722891566,0.02986643453052581
52.41680077669903,12.758155337349399,0.029018206151460075
52.41680077669903,12.75829795180723,0.028182202355298815
52.41680077669903,12.758440566265062,0.027360819916482794
52.41680077669903,12.758583180722892,0.0265480120781684
52.41680077669903,12.758725795180723,0.025754426947440266
52.41680077669903,12.758868409638556,0.02497749666944218
52.41680077669903,12.759011024096386,0.02421931642160011
52.41680077669903,12.759153638554217,0.023481695095273827
52.41680077669903,12.75929625301205,0.02276680924061686
52.41680077669903,12.75943886746988,0.022067876407196707
52.41680077669903,12.759581481927711,0.02139215639659677
52.41680077669903,12.759724096385543,0.02073675697276098
52.41680077669903,12.759866710843374,0.02010080688400697
52.41680077669903,12.760009325301205,0.019497347689858294
52.41680077669903,12.760151939759037,0.018914456512454117
52.41680077669903,12.760294554216868,0.01835262100909038
52.41680077669903,12.760437168674699,0.01782522588776821
52.41680077669903,12.760579783132531,0.01732386610874139
52.41680077669903,12.760722397590362,0.01684315326957502
52.41680077669903,12.760865012048193,0.01639399944748931
52.41680077669903,12.761007626506025,0.015977112169335887
52.41680077669903,12.761150240963856,0.01559587555950449
52.41680077669903,12.761292855421688,0.015245938210663387
52.41680077669903,12.761435469879519,0.014917293527078322
52.41680077669903,12.76157808433735,0.01461868695205051
52.41680077669903,12.761720698795182,0.01435594600326149
52.41680077669903,12.761863313253013,0.014122553719778592
52.41680077669903,12.762005927710844,0.013928659359914858
52.41680077669903,12.762148542168676,0.013762578276862041
52.41680077669903,12.762291156626507,0.01362795962817594
52.41680077669903,12.762433771084337,0.01352689748407621
52.41680077669903,12.76257638554217,0.013462064818976558
52.41680077669903,12.762719,0.013424241541158143
52.41689351456311,12.750882,0.06216472740977122
52.41689351456311,12.751024614457831,0.062135505691349825
52.41689351456311,12.751167228915664,0.06206400251633213
52.41689351456311,12.751309843373495,0.061960688659484994
52.41689351456311,12.751452457831325,0.06182482133246868
52.41689351456311,12.751595072289158,0.061651844047698176
52.41689351456311,12.751737686746988,0.061448587575248265
52.41689351456311,12.75188030120482,0.061201773280528234
52.41689351456311,12.752022915662652,0.060921913710982906
52.41689351456311,12.752165530120482,0.060613202742154204
52.41689351456311,12.752308144578313,0.06027534811688072
52.41689351456311,12.752450759036146,0.05989859966816459
52.41689351456311,12.752593373493976,0.059495892652423894
52.41689351456311,12.752735987951809,0.05906078022734339
52.41689351456311,12.75287860240964,0.05859786813188443
52.41689351456311,12.75302121686747,0.0581028340621085
52.41689351456311,12.753163831325303,0.05757588296900218
52.41689351456311,12.753306445783133,0.05702008825415771
52.41689351456311,12.753449060240964,0.05644341377858112
52.41689351456311,12.753591674698797,0.0558345823546938
52.41689351456311,12.753734289156627,0.05519883853192513
52.41689351456311,12.753876903614458,0.05453826128131451
52.41689351456311,12.75401951807229,0.05385799431947346
52.41689351456311,12.754162132530121,0.0531534845009945
52.41689351456311,12.754304746987952,0.05242789406892934
52.41689351456311,12.754447361445784,0.05168171330829557
52.41689351456311,12.754589975903615,0.05091760040261793
52.41689351456311,12.754732590361446,0.05012980821398286
52.41689351456311,12.754875204819278,0.04933123989469783
52.41689351456311,12.755017819277109,0.04851178395852314
52.41689351456311,12.75516043373494,0.047683995542045464
52.41689351456311,12.755303048192772,0.04683914937571444
52.41689351456311,12.755445662650603,0.04597981718263036
52.41689351456311,12.755588277108435,0.045106879387265056
52.41689351456311,12.755730891566266,0.04422198056579828
52.41689351456311,12.755873506024097,0.04333294665902456
52.41689351456311,12.75601612048193,0.042435166309039304
52.41689351456311,12.75615873493976,0.04153211820841752
52.41689351456311,12.75630134939759,0.04062105969531943
52.41689351456311,12.756443963855423,0.03971275456130817
52.41689351456311,12.756586578313254,0.038791182440788996
52.41689351456311,12.756729192771084,0.037872297873452546
52.41689351456311,12.756871807228917,0.036956553211305435
52.41689351456311,12.757014421686748,0.03604373128002662
52.41689351456311,12.757157036144578,0.035128791817313126
52.41689351456311,12.75729965060241,0.034220359760716655
52.41689351456311,12.757442265060241,0.0333200732483573
52.41689351456311,12.757584879518072,0.03242624531741467
52.41689351456311,12.757727493975905,0.03153713335917694
52.41689351456311,12.757870108433735,0.030653872746635225
52.41689351456311,12.758012722891566,0.02978674246573244
52.41689351456311,12.758155337349399,0.02893114950636296
52.41689351456311,12.75829795180723,0.028087860315006957
52.41689351456311,12.758440566265062,0.02725932617130039
52.41689351456311,12.758583180722892,0.026439420252328715
52.41689351456311,12.758725795180723,0.025638871310913795
52.41689351456311,12.758868409638556,0.02485516112560308
52.41689351456311,12.759011024096386,0.024090342662123083
52.41689351456311,12.759153638554217,0.023346201744301378
52.41689351456311,12.75929625301205,0.022624885718851507
52.41689351456311,12.75943886746988,0.021919862523453626
52.41689351456311,12.759581481927711,0.021238180782395165
52.41689351456311,12.759724096385543,0.020577121467459967
52.41689351456311,12.759866710843374,0.019935699226585724
52.41689351456311,12.760009325301205,0.01932701369992129
52.41689351456311,12.760151939759037,0.018739052550737538
52.41689351456311,12.760294554216868,0.018172274462993587
52.41689351456311,12.760437168674699,0.01764022182613236
52.41689351456311,12.760579783132531,0.017134377244497914
52.41689351456311,12.760722397590362,0.01664952983607114
52.41689351456311,12.760865012048193,0.01619643827927421
52.41689351456311,12.761007626506025,0.015775887115731704
52.41689351456311,12.761150240963856,0.015391187579793554
52.41689351456311,12.761292855421688,0.015038201900329048
52.41689351456311,12.761435469879519,0.014706648213113353
52.41689351456311,12.76157808433735,0.01440550215614527
52.41689351456311,12.761720698795182,0.014140469429592037
52.41689351456311,12.761863313253013,0.013905053685685067
52.41689351456311,12.762005927710844,0.013709377537435053
52.41689351456311,12.762148542168676,0.013541836227253367
52.41689351456311,12.762291156626507,0.013406036671887892
52.41689351456311,12.762433771084337,0.013304126671563991
52.41689351456311,12.76257638554217,0.01323867968153822
52.41689351456311,12.762719,0.01320057397755546
52.416986252427186,12.750882,0.062350749472778313
52.416986252427186,12.751024614457831,0.062321289681040525
52.416986252427186,12.751167228915664,0.062249229298524486
52.416986252427186,12.751309843373495,0.06214514976917966
52.416986252427186,12.751452457831325,0.06200808143984153
52.416986252427186,12.751595072289158,0.06183373265227256
52.416986252427186,12.751737686746988,0.06162871356276459
52.416986252427186,12.75188030120482,0.06137988688254854
52.416986252427186,12.752022915662652,0.0610977080136795
52.416986252427186,12.752165530120482,0.06078646650758525
52.416986252427186,12.752308144578313,0.06044573936738791
52.416986252427186,12.752450759036146,0.06006584814476193
52.416986252427186,12.752593373493976,0.059659800038197715
52.416986252427186,12.752735987951809,0.0592211186674225
52.416986252427186,12.75287860240964,0.05875441471235203
52.416986252427186,12.75302121686747,0.05825531142393666
52.416986252427186,12.753163831325303,0.05772401206626465
52.416986252427186,12.753306445783133,0.057163652277403894
52.416986252427186,12.753449060240964,0.056582225175794275
52.416986252427186,12.753591674698797,0.05596839690449762
52.416986252427186,12.753734289156627,0.055327431114794164
52.416986252427186,12.753876903614458,0.0546614378417947
52.416986252427186,12.75401951807229,0.053975560495314545
52.416986252427186,12.754162132530121,0.05326522068556637
52.416986252427186,12.754304746987952,0.052533674461433574
52.416986252427186,12.754447361445784,0.05178131024802285
52.416986252427186,12.754589975903615,0.05101083423989828
52.416986252427186,12.754732590361446,0.050216528594605736
52.416986252427186,12.754875204819278,0.0494113011645003
52.416986252427186,12.755017819277109,0.04858498965018665
52.416986252427186,12.75516043373494,0.04775034390599564
52.416986252427186,12.755303048192772,0.04689841170886834
52.416986252427186,12.755445662650603,0.04603194738119804
52.416986252427186,12.755588277108435,0.04515176254465587
52.416986252427186,12.755730891566266,0.04425951538246488
52.416986252427186,12.755873506024097,0.04336301661596678
52.416986252427186,12.75601612048193,0.042457661086269
52.416986252427186,12.75615873493976,0.04154696465850097
52.416986252427186,12.75630134939759,0.04062828314006228
52.416986252427186,12.756443963855423,0.03971234760885167
52.416986252427186,12.756586578313254,0.038783120695248814
52.416986252427186,12.756729192771084,0.03785654006208394
52.416986252427186,12.756871807228917,0.03693303853687926
52.416986252427186,12.757014421686748,0.03601245890233046
52.416986252427186,12.757157036144578,0.035089753078026156
52.416986252427186,12.75729965060241,0.034173561936485686
52.416986252427186,12.757442265060241,0.03326556879047509
52.416986252427186,12.757584879518072,0.032364118842784506
52.416986252427186,12.757727493975905,0.031467385787174555
52.416986252427186,12.757870108433735,0.03057658056631789
52.416986252427186,12.758012722891566,0.0297020148883713
52.416986252427186,12.758155337349399,0.028839062035374043
52.416986252427186,12.75829795180723,0.027988492030226676
52.416986252427186,12.758440566265062,0.027152810853204326
52.416986252427186,12.758583180722892,0.02632581084413329
52.416986252427186,12.758725795180723,0.025518301828456415
52.416986252427186,12.758868409638556,0.024727816226428126
52.416986252427186,12.759011024096386,0.023956363769189044
52.416986252427186,12.759153638554217,0.023205706129251723
52.416986252427186,12.75929625301205,0.022477961859726454
52.416986252427186,12.75943886746988,0.021766852028691996
52.416986252427186,12.759581481927711,0.02107921184164301
52.416986252427186,12.759724096385543,0.020412496833029696
52.416986252427186,12.759866710843374,0.01976560607703086
52.416986252427186,12.760009325301205,0.019151698559730333
52.416986252427186,12.760151939759037,0.018558671232376117
52.416986252427186,12.760294554216868,0.017986952832513795
52.416986252427186,12.760437168674699,0.017450245020180888
52.416986252427186,12.760579783132531,0.016939916965122537
52.416986252427186,12.760722397590362,0.016450937887355528
52.416986252427186,12.760865012048193,0.015993910736478743
52.416986252427186,12.761007626506025,0.015569697712187405
52.416986252427186,12.761150240963856,0.015181536232781376
52.416986252427186,12.761292855421688,0.014825504639302895
52.416986252427186,12.761435469879519,0.014491042913912757
52.416986252427186,12.76157808433735,0.014187358903294676
52.416986252427186,12.761720698795182,0.013920035394214506
52.416986252427186,12.761863313253013,0.013682597524249851
52.416986252427186,12.762005927710844,0.013485140286982243
52.416986252427186,12.762148542168676,0.01331613916771925
52.416986252427186,12.762291156626507,0.013179159154492092
52.416986252427186,12.762433771084337,0.013076401802868572
52.416986252427186,12.76257638554217,0.013010340500906456
52.416986252427186,12.762719,0.012971952669201384
52.417078990291266,12.750882,0.0625372386793037
52.417078990291266,12.751024614457831,0.06250754013601181
52.417078990291266,12.751167228915664,0.06243492036543995
52.417078990291266,12.751309843373495,0.06233007253298527
52.417078990291266,12.751452457831325,0.06219179741041247
52.417078990291266,12.751595072289158,0.062016071126162545
52.417078990291266,12.751737686746988,0.061809281709083286
52.417078990291266,12.75188030120482,0.061558433648239395
52.417078990291266,12.752022915662652,0.06127392490771903
52.417078990291266,12.752165530120482,0.06096014184961841
52.417078990291266,12.752308144578313,0.06061652881200517
52.417078990291266,12.752450759036146,0.06023348074718915
52.417078990291266,12.752593373493976,0.059824076891818824
52.417078990291266,12.752735987951809,0.05938181129420958
52.417078990291266,12.75287860240964,0.058911299000136835
52.417078990291266,12.75302121686747,0.0584081086621812
52.417078990291266,12.753163831325303,0.057872441935530594
52.417078990291266,12.753306445783133,0.057307496932877705
52.417078990291266,12.753449060240964,0.056721296699937564
52.417078990291266,12.753591674698797,0.05610244991973804
52.417078990291266,12.753734289156627,0.05545623917215141
52.417078990291266,12.753876903614458,0.0547848059813401
52.417078990291266,12.75401951807229,0.054093294052898394
52.417078990291266,12.754162132530121,0.05337709866563351
52.417078990291266,12.754304746987952,0.05263957050379407
52.417078990291266,12.754447361445784,0.05188099600669792
52.417078990291266,12.754589975903615,0.051104128807515886
52.417078990291266,12.754732590361446,0.0503032814104556
52.417078990291266,12.754875204819278,0.04949136513341323
52.417078990291266,12.755017819277109,0.04865816680193279
52.417078990291266,12.75516043373494,0.04781663385474103
52.417078990291266,12.755303048192772,0.04695758407820076
52.417078990291266,12.755445662650603,0.04608395606246006
52.417078990291266,12.755588277108435,0.04519649174055113
52.417078990291266,12.755730891566266,0.04429686380833269
52.417078990291266,12.755873506024097,0.04339286701251445
52.417078990291266,12.75601612048193,0.04247990191602267
52.417078990291266,12.75615873493976,0.041561522525522115
52.417078990291266,12.75630134939759,0.04063518402640737
52.417078990291266,12.756443963855423,0.03971158375790611
52.417078990291266,12.756586578313254,0.03877466790802511
52.417078990291266,12.756729192771084,0.037840356643159656
52.417078990291266,12.756871807228917,0.036909063082971316
52.417078990291266,12.757014421686748,0.03598069065590716
52.417078990291266,12.757157036144578,0.0350501823911084
52.417078990291266,12.75729965060241,0.03412619624079971
52.417078990291266,12.757442265060241,0.03321046105254221
52.417078990291266,12.757584879518072,0.032301354513271964
52.417078990291266,12.757727493975905,0.031396965107074265
52.417078990291266,12.757870108433735,0.03049858044577568
52.417078990291266,12.758012722891566,0.02961654541684348
52.417078990291266,12.758155337349399,0.028746198739555244
52.417078990291266,12.75829795180723,0.02788831423042496
52.417078990291266,12.758440566265062,0.027045453073552096
52.417078990291266,12.758583180722892,0.026211325781554128
52.417078990291266,12.758725795180723,0.025396824023972687
52.417078990291266,12.758868409638556,0.024599531788007584
52.417078990291266,12.759011024096386,0.02382141467288529
52.417078990291266,12.759153638554217,0.023064209522491066
52.417078990291266,12.75929625301205,0.02233000645011058
52.417078990291266,12.75943886746988,0.0216127816220635
52.417078990291266,12.759581481927711,0.020919154759575426
52.417078990291266,12.759724096385543,0.020246758178305534
52.417078990291266,12.759866710843374,0.01959437385636508
52.417078990291266,12.760009325301205,0.018975220496656363
52.417078990291266,12.760151939759037,0.018377103426094173
52.417078990291266,12.760294554216868,0.017800421238080268
52.417078990291266,12.760437168674699,0.017259036547032994
52.417078990291266,12.760579783132531,0.016744203555465347
52.417078990291266,12.760722397590362,0.016251073950524553
52.417078990291266,12.760865012048193,0.01579009247668007
52.417078990291266,12.761007626506025,0.015362200329516188
52.417078990291266,12.761150240963856,0.014970560281607386
52.417078990291266,12.761292855421688,0.01461146913075817
52.417078990291266,12.761435469879519,0.014274085269006781
52.417078990291266,12.76157808433735,0.013967851358507056
52.417078990291266,12.761720698795182,0.01369822635941335
52.417078990291266,12.761863313253013,0.013458756769737805
52.417078990291266,12.762005927710844,0.013259509945001257
52.417078990291266,12.762148542168676,0.013089042078572994
52.417078990291266,12.762291156626507,0.012950875748302875
52.417078990291266,12.762433771084337,0.012847267186926073
52.417078990291266,12.76257638554217,0.012780588576783368
52.417078990291266,12.762719,0.012741917451909095
52.41717172815534,12.750882,0.06272078994949348
52.41717172815534,12.751024614457831,0.06269085319931661
52.41717172815534,12.751167228915664,0.0626176750210132
52.41717172815534,12.751309843373495,0.06251206067045029
52.41717172815534,12.751452457831325,0.062372579068635664
52.41717172815534,12.751595072289158,0.0621954769179902
52.41717172815534,12.751737686746988,0.06198691778775062
52.41717172815534,12.75188030120482,0.06173405026103139
52.41717172815534,12.752022915662652,0.0614472133355459
52.41717172815534,12.752165530120482,0.06113089071770146
52.41717172815534,12.752308144578313,0.06078439353484957
52.41717172815534,12.752450759036146,0.06039819051448107
52.41717172815534,12.752593373493976,0.05998543311729053
52.41717172815534,12.752735987951809,0.05953958623302248
52.41717172815534,12.75287860240964,0.05906526832793582
52.41717172815534,12.75302121686747,0.058557993972933084
52.41717172815534,12.753163831325303,0.05801796319865678
52.41717172815534,12.753306445783133,0.057448436398352565
52.41717172815534,12.753449060240964,0.0568574669131118
52.41717172815534,12.753591674698797,0.05623360531874582
52.41717172815534,12.753734289156627,0.05558215317333081
52.41717172815534,12.753876903614458,0.054905283653053936
52.41717172815534,12.75401951807229,0.05420814104963134
52.41717172815534,12.754162132530121,0.05348609402907367
52.41717172815534,12.754304746987952,0.05274258854301037
52.41717172815534,12.754447361445784,0.05197780780835094
52.41717172815534,12.754589975903615,0.05119455335225135
52.41717172815534,12.754732590361446,0.0503871681411778
52.41717172815534,12.754875204819278,0.04956856698238896
52.41717172815534,12.755017819277109,0.04872848527723934
52.41717172815534,12.75516043373494,0.047880069867569874
52.41717172815534,12.755303048192772,0.047013905897905876
52.41717172815534,12.755445662650603,0.04613311862292007
52.41717172815534,12.755588277108435,0.0452383790562374
52.41717172815534,12.755730891566266,0.04433137465060985
52.41717172815534,12.755873506024097,0.04341988352769
52.41717172815534,12.75601612048193,0.042499311885841815
52.41717172815534,12.75615873493976,0.041573252669350774
52.41717172815534,12.75630134939759,0.040639261183800804
52.41717172815534,12.756443963855423,0.03970799991191053
52.41717172815534,12.756586578313254,0.03876339871376264
52.41717172815534,12.756729192771084,0.03782136042806851
52.41717172815534,12.756871807228917,0.03688227762949847
52.41717172815534,12.757014421686748,0.03594611500550075
52.41717172815534,12.757157036144578,0.03500780651770216
52.41717172815534,12.75729965060241,0.03407602732602175
52.41717172815534,12.757442265060241,0.033152552240369865
52.41717172815534,12.757584879518072,0.03223579160115633
52.41717172815534,12.757727493975905,0.03132374782670533
52.41717172815534,12.757870108433735,0.03041778571225201
52.41717172815534,12.758012722891566,0.029528283634634153
52.41717172815534,12.758155337349399,0.02865054451453832
52.41717172815534,12.75829795180723,0.027785346928562694
52.41717172815534,12.758440566265062,0.026935307782680832
52.41717172815534,12.758583180722892,0.02609405432610187
52.41717172815534,12.758725795180723,0.025272560670401463
52.41717172815534,12.758868409638556,0.024468462866749027
52.41717172815534,12.759011024096386,0.02368368230864186
52.41717172815534,12.759153638554217,0.02291992989147095
52.41717172815534,12.75929625301205,0.022179267297710782
52.41717172815534,12.75943886746988,0.02145592871291185
52.41717172815534,12.759581481927711,0.02075631543171653
52.41717172815534,12.759724096385543,0.02007823861649775
52.41717172815534,12.759866710843374,0.019420361737159563
52.41717172815534,12.760009325301205,0.018795963983956637
52.41717172815534,12.760151939759037,0.01819275795437269
52.41717172815534,12.760294554216868,0.01761111211939712
52.41717172815534,12.760437168674699,0.017065050266385284
52.41717172815534,12.760579783132531,0.016545711698294392
52.41717172815534,12.760722397590362,0.016048432242173016
52.41717172815534,12.760865012048193,0.015583496589486049
52.41717172815534,12.761007626506025,0.015151925356324304
52.41717172815534,12.761150240963856,0.014756805334315904
52.41717172815534,12.761292855421688,0.01439465546874412
52.41717172815534,12.761435469879519,0.0140543489359178
52.41717172815534,12.76157808433735,0.013745565280706263
52.41717172815534,12.761720698795182,0.013473638583697548
52.41717172815534,12.761863313253013,0.013232137785567507
52.41717172815534,12.762005927710844,0.01303110086289011
52.41717172815534,12.762148542168676,0.012859166510982017
52.41717172815534,12.762291156626507,0.012719813996241617
52.41717172815534,12.762433771084337,0.012615354159869729
52.41717172815534,12.76257638554217,0.012548057793924594
52.41717172815534,12.762719,0.012509103288966667
52.41726446601942,12.750882,0.06290472092975206
52.41726446601942,12.751024614457831,0.06287454632938544
52.41726446601942,12.751167228915664,0.06280080981331673
52.41726446601942,12.751309843373495,0.06269442936507688
52.41726446601942,12.751452457831325,0.062553740179207
52.41726446601942,12.751595072289158,0.06237526143764887
52.41726446601942,12.751737686746988,0.06216493097221135
52.41726446601942,12.75188030120482,0.06191004217099385
52.41726446601942,12.752022915662652,0.06162087508411928
52.41726446601942,12.752165530120482,0.06130201086467095
52.41726446601942,12.752308144578313,0.06095262705017042
52.41726446601942,12.752450759036146,0.060563266763003006
52.41726446601942,12.752593373493976,0.06014715337292713
52.41726446601942,12.752735987951809,0.05969772311408243
52.41726446601942,12.75287860240964,0.05921959741023598
52.41726446601942,12.75302121686747,0.05870823663933727
52.41726446601942,12.753163831325303,0.05816383911506888
52.41726446601942,12.753306445783133,0.05758972740132724
52.41726446601942,12.753449060240964,0.056993986143207165
52.41726446601942,12.753591674698797,0.05636510694394271
52.41726446601942,12.753734289156627,0.05570841020162744
52.41726446601942,12.753876903614458,0.05502610091997475
52.41726446601942,12.75401951807229,0.05432332435737188
52.41726446601942,12.754162132530121,0.053595421923590625
52.41726446601942,12.754304746987952,0.05284593556757286
52.41726446601942,12.754447361445784,0.052074944727158734
52.41726446601942,12.754589975903615,0.05128529868956505
52.41726446601942,12.754732590361446,0.050471371517040745
52.41726446601942,12.754875204819278,0.04964608055548715
52.41726446601942,12.755017819277109,0.048799110114550424
52.41726446601942,12.75516043373494,0.0479438080155625
52.41726446601942,12.755303048192772,0.04707052455283104
52.41726446601942,12.755445662650603,0.04618257355673048
52.41726446601942,12.755588277108435,0.045280554094145345
52.41726446601942,12.755730891566266,0.044366168224460795
52.41726446601942,12.755873506024097,0.043447177234227544
52.41726446601942,12.75601612048193,0.04251899291704003
52.41726446601942,12.75615873493976,0.04158524807423918
52.41726446601942,12.75630134939759,0.040643598951529615
52.41726446601942,12.756443963855423,0.03970467126451861
52.41726446601942,12.756586578313254,0.03875237964501298
52.41726446601942,12.756729192771084,0.03780260946712098
52.41726446601942,12.756871807228917,0.03685573168801068
52.41726446601942,12.757014421686748,0.035911773148111364
52.41726446601942,12.757157036144578,0.03496565820759625
52.41726446601942,12.75729965060241,0.03402607986359722
52.41726446601942,12.757442265060241,0.03309485906062714
52.41726446601942,12.757584879518072,0.032170439000142353
52.41726446601942,12.757727493975905,0.031250734374698344
52.41726446601942,12.757870108433735,0.030337188849653814
52.41726446601942,12.758012722891566,0.029440214198898924
52.41726446601942,12.758155337349399,0.02855507671952889
52.41726446601942,12.75829795180723,0.027682560019685293
52.41726446601942,12.758440566265062,0.026825337572720237
52.41726446601942,12.758583180722892,0.025976951846403785
52.41726446601942,12.758725795180723,0.02514846021465381
52.41726446601942,12.758868409638556,0.024337551230546258
52.41726446601942,12.759011024096386,0.02354610181979514
52.41726446601942,12.759153638554217,0.022775796268669067
52.41726446601942,12.75929625301205,0.02202866781544131
52.41726446601942,12.75943886746988,0.021299210519226307
52.41726446601942,12.759581481927711,0.02059360590776698
52.41726446601942,12.759724096385543,0.019909845239606008
52.41726446601942,12.759866710843374,0.01924647223965644
52.41726446601942,12.760009325301205,0.01861682671393519
52.41726446601942,12.760151939759037,0.018008528288328694
52.41726446601942,12.760294554216868,0.01742191461510835
52.41726446601942,12.760437168674699,0.016871171477305526
52.41726446601942,12.760579783132531,0.016347322825734926
52.41726446601942,12.760722397590362,0.01584589061854131
52.41726446601942,12.760865012048193,0.01537699732259947
52.41726446601942,12.761007626506025,0.014941743920758706
52.41726446601942,12.761150240963856,0.014543140420875582
52.41726446601942,12.761292855421688,0.014177929855328342
52.41726446601942,12.761435469879519,0.013834698068328105
52.41726446601942,12.76157808433735,0.013523362481454703
52.41726446601942,12.761720698795182,0.013249131914246893
52.41726446601942,12.761863313253013,0.013005598438571894
52.41726446601942,12.762005927710844,0.01280276971724373
52.41726446601942,12.762148542168676,0.01262936750473859
52.41726446601942,12.762291156626507,0.012488827414655658
52.41726446601942,12.762433771084337,0.012383515824743053
52.41726446601942,12.76257638554217,0.012315600843288406
52.41726446601942,12.762719,0.01227636307679606
52.4173572038835,12.750882,0.06308628467091587
52.4173572038835,12.751024614457831,0.06305587505390138
52.4173572038835,12.751167228915664,0.0629815852776223
52.4173572038835,12.751309843373495,0.06287444653614507
52.4173572038835,12.751452457831325,0.0627325585884497
52.4173572038835,12.751595072289158,0.06255271504207068
52.4173572038835,12.751737686746988,0.06234062666872377
52.4173572038835,12.75188030120482,0.062083732835451516
52.4173572038835,12.752022915662652,0.061792253510126516
52.4173572038835,12.752165530120482,0.06147086849777028
52.4173572038835,12.752308144578313,0.061118620237232475
52.4173572038835,12.752450759036146,0.06072612680775355
52.4173572038835,12.752593373493976,0.06030668433863088
52.4173572038835,12.752735987951809,0.0598537002634944
52.4173572038835,12.75287860240964,0.0593717982206251
52.4173572038835,12.75302121686747,0.058856383957253317
52.4173572038835,12.753163831325303,0.05830765477103923
52.4173572038835,12.753306445783133,0.05772899511012816
52.4173572038835,12.753449060240964,0.057128521187666245
52.4173572038835,12.753591674698797,0.05649466504117428
52.4173572038835,12.753734289156627,0.05583276589549132
52.4173572038835,12.753876903614458,0.05514506098663357
52.4173572038835,12.75401951807229,0.05443669631764404
52.4173572038835,12.754162132530121,0.053702985207847005
52.4173572038835,12.754304746987952,0.05294756648008516
52.4173572038835,12.754447361445784,0.05217041531722254
52.4173572038835,12.754589975903615,0.05137442837874662
52.4173572038835,12.754732590361446,0.05055401206692672
52.4173572038835,12.754875204819278,0.049722084421118314
52.4173572038835,12.755017819277109,0.04886827879257212
52.4173572038835,12.75516043373494,0.04800614596088213
52.4173572038835,12.755303048192772,0.047125799023282886
52.4173572038835,12.755445662650603,0.046230741696633854
52.4173572038835,12.755588277108435,0.04532150020554786
52.4173572038835,12.755730891566266,0.044399792064338854
52.4173572038835,12.755873506024097,0.04347336027292405
52.4173572038835,12.75601612048193,0.0425376221744977
52.4173572038835,12.75615873493976,0.04159625123214533
52.4173572038835,12.75630134939759,0.04064700525344768
52.4173572038835,12.756443963855423,0.03970047200823524
52.4173572038835,12.756586578313254,0.03874055098539661
52.4173572038835,12.756729192771084,0.037783109852296354
52.4173572038835,12.756871807228917,0.03682849768953311
52.4173572038835,12.757014421686748,0.03587680384390185
52.4173572038835,12.757157036144578,0.0349229424719181
52.4173572038835,12.75729965060241,0.03397562432976404
52.4173572038835,12.757442265060241,0.0330367170618641
52.4173572038835,12.757584879518072,0.03210469702832075
52.4173572038835,12.757727493975905,0.031177390034635686
52.4173572038835,12.757870108433735,0.030256319134682318
52.4173572038835,12.758012722891566,0.029351929448405988
52.4173572038835,12.758155337349399,0.028459450214514244
52.4173572038835,12.75829795180723,0.02757967013116007
52.4173572038835,12.758440566265062,0.02671531942143371
52.4173572038835,12.758583180722892,0.025859854991618622
52.4173572038835,12.758725795180723,0.025024417946836616
52.4173572038835,12.758868409638556,0.024206749602952625
52.4173572038835,12.759011024096386,0.023408681668270082
52.4173572038835,12.759153638554217,0.022631871329542547
52.4173572038835,12.75929625301205,0.021878323996572635
52.4173572038835,12.75943886746988,0.021142794615804383
52.4173572038835,12.759581481927711,0.020431243232944436
52.4173572038835,12.759724096385543,0.019741842671176624
52.4173572038835,12.759866710843374,0.019073016046005177
52.4173572038835,12.760009325301205,0.018438164402689937
52.4173572038835,12.760151939759037,0.017824812772381397
52.4173572038835,12.760294554216868,0.017233267851722592
52.4173572038835,12.760437168674699,0.01667787848064288
52.4173572038835,12.760579783132531,0.01614955215441142
52.4173572038835,12.760722397590362,0.015643999268820256
52.4173572038835,12.760865012048193,0.01517117758830749
52.4173572038835,12.761007626506025,0.014732269544545176
52.4173572038835,12.761150240963856,0.014330207143549774
52.4173572038835,12.761292855421688,0.01396196003584542
52.4173572038835,12.761435469879519,0.013615823947333202
52.4173572038835,12.76157808433735,0.013301955926351755
52.4173572038835,12.761720698795182,0.013025439260496662
52.4173572038835,12.761863313253013,0.012779888414154304
52.4173572038835,12.762005927710844,0.012575280422282323
52.4173572038835,12.762148542168676,0.012400421077882902
52.4173572038835,12.762291156626507,0.01225870192215189
52.4173572038835,12.762433771084337,0.012152545068224763
52.4173572038835,12.76257638554217,0.012084015807706806
52.4173572038835,12.762719,0.012044497142534992
52.41744994174757,12.750882,0.0632610625415187
52.41744994174757,12.751024614457831,0.06323041461201698
52.41744994174757,12.751167228915664,0.06315556492270144
52.41744994174757,12.751309843373495,0.06304765845449223
52.41744994174757,12.751452457831325,0.06290455773471668
52.41744994174757,12.751595072289158,0.0627233325993833
52.41744994174757,12.751737686746988,0.06250946580992127
52.41744994174757,12.75188030120482,0.062250543435158116
52.41744994174757,12.752022915662652,0.06195672482635721
52.41744994174757,12.752165530120482,0.061632788843325764
52.41744994174757,12.752308144578313,0.06127764219146204
52.41744994174757,12.752450759036146,0.06088197915689247
52.41744994174757,12.752593373493976,0.06045916784985602
52.41744994174757,12.752735987951809,0.06000258752769039
52.41744994174757,12.75287860240964,0.0595168635658744
52.41744994174757,12.75302121686747,0.05899734761817637
52.41744994174757,12.753163831325303,0.058444235501349584
52.41744994174757,12.753306445783133,0.05786097384920912
52.41744994174757,12.753449060240964,0.05725571060365306
52.41744994174757,12.753591674698797,0.056616818221023255
52.41744994174757,12.753734289156627,0.055949654771551185
52.41744994174757,12.753876903614458,0.05525648961520855
52.41744994174757,12.75401951807229,0.054542470080303065
52.41744994174757,12.754162132530121,0.05380288098705102
52.41744994174757,12.754304746987952,0.0530414586694621
52.41744994174757,12.754447361445784,0.05225807398138544
52.41744994174757,12.754589975903615,0.05145567036017497
52.41744994174757,12.754732590361446,0.050628687492028486
52.41744994174757,12.754875204819278,0.04979004365325346
52.41744994174757,12.755017819277109,0.04892932076254885
52.41744994174757,12.75516043373494,0.04806027496995824
52.41744994174757,12.755303048192772,0.04717278018772065
52.41744994174757,12.755445662650603,0.04627053117963279
52.41744994174757,12.755588277108435,0.04535398118077214
52.41744994174757,12.755730891566266,0.0444248630367256
52.41744994174757,12.755873506024097,0.04349090152097867
52.41744994174757,12.75601612048193,0.04254751929293595
52.41744994174757,12.75615873493976,0.041598431524142894
52.41744994174757,12.75630134939759,0.0406414979897464
52.41744994174757,12.756443963855423,0.039687267238608326
52.41744994174757,12.756586578313254,0.03871962474999838
52.41744994174757,12.756729192771084,0.037754420668864
52.41744994174757,12.756871807228917,0.03679198103287096
52.41744994174757,12.757014421686748,0.03583245892812638
52.41744994174757,12.757157036144578,0.03487075779606639
52.41744994174757,12.75729965060241,0.03391560719076315
52.41744994174757,12.757442265060241,0.032968921310516965
52.41744994174757,12.757584879518072,0.032029210163814076
52.41744994174757,12.757727493975905,0.031094209823026225
52.41744994174757,12.757870108433735,0.030165523436950982
52.41744994174757,12.758012722891566,0.029253630100581268
52.41744994174757,12.758155337349399,0.028353720861818175
52.41744994174757,12.75829795180723,0.027466590418756827
52.41744994174757,12.758440566265062,0.026595026164064228
52.41744994174757,12.758583180722892,0.025732398607597535
52.41744994174757,12.758725795180723,0.024889932867215907
52.41744994174757,12.758868409638556,0.02406542435280805
52.41744994174757,12.759011024096386,0.023260658684000377
52.41744994174757,12.759153638554217,0.02247726576638926
52.41744994174757,12.75929625301205,0.02171722282140965
52.41744994174757,12.75943886746988,0.020975547994810204
52.41744994174757,12.759581481927711,0.020257978114500225
52.41744994174757,12.759724096385543,0.019562869792440603
52.41744994174757,12.759866710843374,0.018888523449458152
52.41744994174757,12.760009325301205,0.018248402228085422
52.41744994174757,12.760151939759037,0.017629936598228587
52.41744994174757,12.760294554216868,0.01703340167948083
52.41744994174757,12.760437168674699,0.016473310251441428
52.41744994174757,12.760579783132531,0.01594045274573879
52.41744994174757,12.760722397590362,0.015430729336961534
52.41744994174757,12.760865012048193,0.014953932366046647
52.41744994174757,12.761007626506025,0.014511325275012373
52.41744994174757,12.761150240963856,0.014105762487570731
52.41744994174757,12.761292855421688,0.013734441541602374
52.41744994174757,12.761435469879519,0.013385366077628833
52.41744994174757,12.76157808433735,0.013068934106017964
52.41744994174757,12.761720698795182,0.012790103208925162
52.41744994174757,12.761863313253013,0.01254251077513633
52.41744994174757,12.762005927710844,0.012336102560061794
52.41744994174757,12.762148542168676,0.012159768511650182
52.41744994174757,12.762291156626507,0.01201685607381972
52.41744994174757,12.762433771084337,0.011909843292068154
52.41744994174757,12.76257638554217,0.011840692344525434
52.41744994174757,12.762719,0.01180088939221927
52.41754267961165,12.750882,0.06343333133767587
52.41754267961165,12.751024614457831,0.06340244508470792
52.41754267961165,12.751167228915664,0.06332703514561326
52.41754267961165,12.751309843373495,0.06321836050533579
52.41754267961165,12.751452457831325,0.06307404508691576
52.41754267961165,12.751595072289158,0.06289143635680809
52.41754267961165,12.751737686746988,0.06267578804933653
52.41754267961165,12.75188030120482,0.062414834074353644
52.41754267961165,12.752022915662652,0.06211867226041576
52.41754267961165,12.752165530120482,0.0617921812808218
52.41754267961165,12.752308144578313,0.0614341310175094
52.41754267961165,12.752450759036146,0.06103529301152223
52.41754267961165,12.752593373493976,0.06060910717772132
52.41754267961165,12.752735987951809,0.06014892501071085
52.41754267961165,12.75287860240964,0.05965937323685301
52.41754267961165,12.75302121686747,0.059135748807007026
52.41754267961165,12.753163831325303,0.0585782467871081
52.41754267961165,12.753306445783133,0.057990375597261376
52.41754267961165,12.753449060240964,0.057380315858760925
52.41754267961165,12.753591674698797,0.05673637923367192
52.41754267961165,12.753734289156627,0.05606394267334708
52.41754267961165,12.753876903614458,0.055365308263398326
52.41754267961165,12.75401951807229,0.05464562494504364
52.41754267961165,12.754162132530121,0.05390014864768339
52.41754267961165,12.754304746987952,0.053132713134737164
52.41754267961165,12.754447361445784,0.05234308467494607
52.41754267961165,12.754589975903615,0.05153425374205189
52.41754267961165,12.754732590361446,0.05070069359968431
52.41754267961165,12.754875204819278,0.049855321766503535
52.41754267961165,12.755017819277109,0.04898766992098028
52.41754267961165,12.75516043373494,0.04811169950330005
52.41754267961165,12.755303048192772,0.04721704447907567
52.41754267961165,12.755445662650603,0.04630759187336668
52.41754267961165,12.755588277108435,0.04538372097347879
52.41754267961165,12.755730891566266,0.04444718050399983
52.41754267961165,12.755873506024097,0.043505676108564005
52.41754267961165,12.75601612048193,0.0425546359988134
52.41754267961165,12.75615873493976,0.04159781751458502
52.41754267961165,12.75630134939759,0.04063318330664537
52.41754267961165,12.756443963855423,0.03967124147026597
52.41754267961165,12.756586578313254,0.03869586358874391
52.41754267961165,12.756729192771084,0.03772288292786402
52.41754267961165,12.756871807228917,0.0367526017138424
52.41754267961165,12.757014421686748,0.03578523731796639
52.41754267961165,12.757157036144578,0.034815681717221846
52.41754267961165,12.75729965060241,0.03385268376952676
52.41754267961165,12.757442265060241,0.03289820502851728
52.41754267961165,12.757584879518072,0.03195078892302367
52.41754267961165,12.757727493975905,0.031008080755857176
52.41754267961165,12.757870108433735,0.03007176435382193
52.41754267961165,12.758012722891566,0.029152353648717343
52.41754267961165,12.758155337349399,0.028245000307789654
52.41754267961165,12.75829795180723,0.027350505296155105
52.41754267961165,12.758440566265062,0.026471714008886895
52.41754267961165,12.758583180722892,0.02560190937964491
52.41754267961165,12.758725795180723,0.02475240122450119
52.41754267961165,12.758868409638556,0.02392103946900399
52.41754267961165,12.759011024096386,0.02310956346250876
52.41754267961165,12.759153638554217,0.022319574995946834
52.41754267961165,12.75929625301205,0.021553023501334596
52.41754267961165,12.75943886746988,0.020805191249591595
52.41754267961165,12.759581481927711,0.020081590952426717
52.41754267961165,12.759724096385543,0.019380764156985815
52.41754267961165,12.759866710843374,0.018700887387512882
52.41754267961165,12.760009325301205,0.018055486606959777
52.41754267961165,12.760151939759037,0.017431896993636162
52.41754267961165,12.760294554216868,0.016830361876498327
52.41754267961165,12.760437168674699,0.0162655584935167
52.41754267961165,12.760579783132531,0.015728160234227427
52.41754267961165,12.760722397590362,0.01521425833330807
52.41754267961165,12.760865012048193,0.014733478028629529
52.41754267961165,12.761007626506025,0.014287165002817494
52.41754267961165,12.761150240963856,0.013878094212552608
52.41754267961165,12.761292855421688,0.013503693690232785
52.41754267961165,12.761435469879519,0.01315167288264866
52.41754267961165,12.76157808433735,0.012832671738415133
52.41754267961165,12.761720698795182,0.012551521928598616
52.41754267961165,12.761863313253013,0.01230188400209677
52.41754267961165,12.762005927710844,0.012093671599075512
52.41754267961165,12.762148542168676,0.01191585988674009
52.41754267961165,12.762291156626507,0.011771752159525112
52.41754267961165,12.762433771084337,0.011663881618367306
52.41754267961165,12.76257638554217,0.011594107678527966
52.41754267961165,12.762719,0.011554019658940115
52.41763541747573,12.750882,0.0635976040384322
52.41763541747573,12.751024614457831,0.06356648171830834
52.41763541747573,12.751167228915664,0.06349051591712639
52.41763541747573,12.751309843373495,0.06338108042491399
52.41763541747573,12.751452457831325,0.06323555869161297
52.41763541747573,12.751595072289158,0.06305157768967222
52.41763541747573,12.751737686746988,0.06283416113888951
52.41763541747573,12.75188030120482,0.0625711914909293
52.41763541747573,12.752022915662652,0.062272704985044516
52.41763541747573,12.752165530120482,0.06194367928364469
52.41763541747573,12.752308144578313,0.06158274792184407
52.41763541747573,12.752450759036146,0.06118075958419878
52.41763541747573,12.752593373493976,0.060751225632641306
52.41763541747573,12.752735987951809,0.06028747040394743
52.41763541747573,12.75287860240964,0.059794121441328466
52.41763541747573,12.75302121686747,0.05926642155088237
52.41763541747573,12.753163831325303,0.05870456470708045
52.41763541747573,12.753306445783133,0.058112120748503936
52.41763541747573,12.753449060240964,0.057497303522119236
52.41763541747573,12.753591674698797,0.05684836321766151
52.41763541747573,12.753734289156627,0.05617069563625322
52.41763541747573,12.753876903614458,0.05546663583729119
52.41763541747573,12.75401951807229,0.05474133463268177
52.41763541747573,12.754162132530121,0.053990018132846554
52.41763541747573,12.754304746987952,0.05321661815877928
52.41763541747573,12.754447361445784,0.05242079605245312
52.41763541747573,12.754589975903615,0.05160558887809276
52.41763541747573,12.754732590361446,0.05076550481440007
52.41763541747573,12.754875204819278,0.049913458862620545
52.41763541747573,12.755017819277109,0.04903893257572442
52.41763541747573,12.75516043373494,0.04815609432284041
52.41763541747573,12.755303048192772,0.04725433618396684
52.41763541747573,12.755445662650603,0.04633773784190935
52.41763541747573,12.755588277108435,0.04540660477062465
52.41763541747573,12.755730891566266,0.04446270217325417
52.41763541747573,12.755873506024097,0.04351371553320138
52.41763541747573,12.75601612048193,0.042555078183951836
52.41763541747573,12.75615873493976,0.04159059065765499
52.41763541747573,12.75630134939759,0.040618318242496176
52.41763541747573,12.756443963855423,0.03964872757536426
52.41763541747573,12.756586578313254,0.038665676831011575
52.41763541747573,12.756729192771084,0.037684982664013385
52.41763541747573,12.756871807228917,0.036706922678480386
52.41763541747573,12.757014421686748,0.035731778844078785
52.41763541747573,12.757157036144578,0.03475443105991366
52.41763541747573,12.75729965060241,0.03378364807467283
52.41763541747573,12.757442265060241,0.03282143832056251
52.41763541747573,12.757584879518072,0.03186637918767276
52.41763541747573,12.757727493975905,0.030916024299764658
52.41763541747573,12.757870108433735,0.029972138891981803
52.41763541747573,12.758012722891566,0.02904527097295864
52.41763541747573,12.758155337349399,0.028130532643489473
52.41763541747573,12.75829795180723,0.02722873152816806
52.41763541747573,12.758440566265062,0.026342771025556183
52.41763541747573,12.758583180722892,0.02546584628345629
52.41763541747573,12.758725795180723,0.024609351724042626
52.41763541747573,12.758868409638556,0.02377119142044399
52.41763541747573,12.759011024096386,0.022953058709683324
52.41763541747573,12.759153638554217,0.022156526739779966
52.41763541747573,12.75929625301205,0.021383516650004077
52.41763541747573,12.75943886746988,0.020629576390959158
52.41763541747573,12.759581481927711,0.019899993389923352
52.41763541747573,12.759724096385543,0.019193495174833687
52.41763541747573,12.759866710843374,0.01850813300308405
52.41763541747573,12.760009325301205,0.017857496675455872
52.41763541747573,12.760151939759037,0.017228825011850843
52.41763541747573,12.760294554216868,0.01662232977353073
52.41763541747573,12.760437168674699,0.01605285250525171
52.41763541747573,12.760579783132531,0.015510948956953046
52.41763541747573,12.760722397590362,0.014992903101065283
52.41763541747573,12.760865012048193,0.014508171002926364
52.41763541747573,12.761007626506025,0.014058181516616702
52.41763541747573,12.761150240963856,0.013645629914090237
52.41763541747573,12.761292855421688,0.013268175354159528
52.41763541747573,12.761435469879519,0.012913232433480443
52.41763541747573,12.76157808433735,0.012591682816239052
52.41763541747573,12.761720698795182,0.012308233081314762
52.41763541747573,12.761863313253013,0.01205656638764199
52.41763541747573,12.762005927710844,0.011846564014082177
52.41763541747573,12.762148542168676,0.011667286453729584
52.41763541747573,12.762291156626507,0.011521992488231587
52.41763541747573,12.762433771084337,0.011413271371236305
52.41763541747573,12.76257638554217,0.011342878800457203
52.41763541747573,12.762719,0.011302508182576249
52.41772815533981,12.750882,0.06376150355831968
52.41772815533981,12.751024614457831,0.0637301512898942
52.41772815533981,12.751167228915664,0.0636536415097231
52.41772815533981,12.751309843373495,0.06354346262660529
52.41772815533981,12.751452457831325,0.06339675723685408
52.41772815533981,12.751595072289158,0.0632114317945069
52.41772815533981,12.751737686746988,0.06299228015438534
52.41772815533981,12.75188030120482,0.06272733383851999
52.41772815533981,12.752022915662652,0.06242656673882559
52.41772815533981,12.752165530120482,0.062095055775396264
52.41772815533981,12.752308144578313,0.06173129774709829
52.41772815533981,12.752450759036146,0.06132621902450203
52.41772815533981,12.752593373493976,0.06089340216369054
52.41772815533981,12.752735987951809,0.06042614461120608
52.41772815533981,12.75287860240964,0.0599290736877044
52.41772815533981,12.75302121686747,0.05939737844427437
52.41772815533981,12.753163831325303,0.05883125191885122
52.41772815533981,12.753306445783133,0.05823432461460614
52.41772815533981,12.753449060240964,0.0576148439276351
52.41772815533981,12.753591674698797,0.05696099804852227
52.41772815533981,12.753734289156627,0.05627820190879017
52.41772815533981,12.753876903614458,0.05556882282370218
52.41772815533981,12.75401951807229,0.05483801408735652
52.41772815533981,12.754162132530121,0.05408097099059142
52.41772815533981,12.754304746987952,0.05330172414904571
52.41772815533981,12.754447361445784,0.05249982931281812
52.41772815533981,12.754589975903615,0.05167836965071831
52.41772815533981,12.754732590361446,0.05083188853633731
52.41772815533981,12.754875204819278,0.04997329794320165
52.41772815533981,12.755017819277109,0.04909202859301898
52.41772815533981,12.75516043373494,0.04820245740167875
52.41772815533981,12.755303048192772,0.047293732775054366
52.41772815533981,12.755445662650603,0.046370128470682274
52.41772815533981,12.755588277108435,0.04543187453069833
52.41772815533981,12.755730891566266,0.04448075274197748
52.41772815533981,12.755873506024097,0.04352442766995853
52.41772815533981,12.75601612048193,0.04255833770245864
52.41772815533981,12.75615873493976,0.04158632752756964
52.41772815533981,12.75630134939759,0.040606564865453575
52.41772815533981,12.756443963855423,0.039629473263135394
52.41772815533981,12.756586578313254,0.03863889815537861
52.41772815533981,12.756729192771084,0.03765063956318266
52.41772815533981,12.756871807228917,0.03666494938176075
52.41772815533981,12.757014421686748,0.03568217436969125
52.41772815533981,12.757157036144578,0.03469718196343974
52.41772815533981,12.75729965060241,0.03371876094313831
52.41772815533981,12.757442265060241,0.032748966645166216
52.41772815533981,12.757584879518072,0.03178641062918369
52.41772815533981,12.757727493975905,0.03082855337552582
52.41772815533981,12.757870108433735,0.029877242078011082
52.41772815533981,12.758012722891566,0.02894305870391846
52.41772815533981,12.758155337349399,0.028021074958890984
52.41772815533981,12.75829795180723,0.027112105172145254
52.41772815533981,12.758440566265062,0.026219111204903507
52.41772815533981,12.758583180722892,0.025335199217572466
52.41772815533981,12.758725795180723,0.02447184835477705
52.41772815533981,12.758868409638556,0.023627017558516736
52.41772815533981,12.759011024096386,0.022802353118377718
52.41772815533981,12.759153638554217,0.02199939875143267
52.41772815533981,12.75929625301205,0.02122004812973725
52.41772815533981,12.75943886746988,0.020460114645594517
52.41772815533981,12.759581481927711,0.019724660521624922
52.41772815533981,12.759724096385543,0.01901259935209121
52.41772815533981,12.759866710843374,0.01832185618345631
52.41772815533981,12.760009325301205,0.01766608494357875
52.41772815533981,12.760151939759037,0.017032427769406222
52.41772815533981,12.760294554216868,0.016421063933963156
52.41772815533981,12.760437168674699,0.015846999436542865
52.41772815533981,12.760579783132531,0.015300672644158114
52.41772815533981,12.760722397590362,0.014778561149927592
52.41772815533981,12.760865012048193,0.014289950658321395
52.41772815533981,12.761007626506025,0.013836353536245903
52.41772815533981,12.761150240963856,0.013420384147698144
52.41772815533981,12.761292855421688,0.013039934742715833
52.41772815533981,12.761435469879519,0.012682122948383582
52.41772815533981,12.76157808433735,0.012358073167402625
52.41772815533981,12.761720698795182,0.012072366463506366
52.41772815533981,12.761863313253013,0.011818708897270054
52.41772815533981,12.762005927710844,0.011606948773497236
52.41772815533981,12.762148542168676,0.011426232904160893
52.41772815533981,12.762291156626507,0.011279774219577349
52.41772815533981,12.762433771084337,0.011170218706083215
52.41772815533981,12.76257638554217,0.011099218378873442
52.41772815533981,12.762719,0.011058570804723802
52.41782089320388,12.750882,0.06392218918492823
52.41782089320388,12.751024614457831,0.06389060470570057
52.41782089320388,12.751167228915664,0.06381354683239479
52.41782089320388,12.751309843373495,0.06370261845701658
52.41782089320388,12.751452457831325,0.06355472081582733
52.41782089320388,12.751595072289158,0.06336804062717373
52.41782089320388,12.751737686746988,0.06314714134593495
52.41782089320388,12.75188030120482,0.06288020353028215
52.41782089320388,12.752022915662652,0.0625771392766652
52.41782089320388,12.752165530120482,0.062243124331954336
52.41782089320388,12.752308144578313,0.06187651819940026
52.41782089320388,12.752450759036146,0.061468326281196514
52.41782089320388,12.752593373493976,0.06103220160251318
52.41782089320388,12.752735987951809,0.060561415270303745
52.41782089320388,12.75287860240964,0.06006059385746125
52.41782089320388,12.75302121686747,0.0595248729817845
52.41782089320388,12.753163831325303,0.05895444479907284
52.41782089320388,12.753306445783133,0.05835300012319224
52.41782089320388,12.753449060240964,0.05772882078350482
52.41782089320388,12.753591674698797,0.0570700326839563
52.41782089320388,12.753734289156627,0.056382069061206436
52.41782089320388,12.753876903614458,0.05566733022357008
52.41782089320388,12.75401951807229,0.0549309722323468
52.41782089320388,12.754162132530121,0.054168159614796874
52.41782089320388,12.754304746987952,0.053383021415571726
52.41782089320388,12.754447361445784,0.05257500802770895
52.41782089320388,12.754589975903615,0.051747248544257406
52.41782089320388,12.754732590361446,0.05089432261470793
52.41782089320388,12.754875204819278,0.05002913790925007
52.41782089320388,12.755017819277109,0.04914107489414186
52.41782089320388,12.75516043373494,0.0482447193193479
52.41782089320388,12.755303048192772,0.047328975524169634
52.41782089320388,12.755445662650603,0.04639831177713927
52.41782089320388,12.755588277108435,0.045452882816000253
52.41782089320388,12.755730891566266,0.044494487325734085
52.41782089320388,12.755873506024097,0.04353076868614989
52.41782089320388,12.75601612048193,0.0425571699911588
52.41782089320388,12.75615873493976,0.041577580731389
52.41782089320388,12.75630134939759,0.04059027169124568
52.41782089320388,12.756443963855423,0.03960562190272878
52.41782089320388,12.756586578313254,0.038607465112785025
52.41782089320388,12.756729192771084,0.0376115849308812
52.41782089320388,12.756871807228917,0.036618207120260426
52.41782089320388,12.757014421686748,0.03562774308805615
52.41782089320388,12.757157036144578,0.034635048206752506
52.41782089320388,12.75729965060241,0.03364893191644145
52.41782089320388,12.757442265060241,0.032671496250392854
52.41782089320388,12.757584879518072,0.03170138664928892
52.41782089320388,12.757727493975905,0.030735970286801723
52.41782089320388,12.757870108433735,0.029777177205961562
52.41782089320388,12.758012722891566,0.02883562360201977
52.41782089320388,12.758155337349399,0.027906339702220145
52.41782089320388,12.75829795180723,0.026990147503149313
52.41782089320388,12.758440566265062,0.026090067409949375
52.41782089320388,12.758583180722892,0.025199115885234838
52.41782089320388,12.758725795180723,0.024328856918890203
52.41782089320388,12.758868409638556,0.02347730560664886
52.41782089320388,12.759011024096386,0.022646060908164675
52.41782089320388,12.759153638554217,0.021836636051295294
52.41782089320388,12.75929625301205,0.02105089806810738
52.41782089320388,12.75943886746988,0.020284926329147013
52.41782089320388,12.759581481927711,0.019543557033646537
52.41782089320388,12.759724096385543,0.018825890638527614
52.41782089320388,12.759866710843374,0.018129725615864782
52.41782089320388,12.760009325301205,0.017468780196893498
52.41782089320388,12.760151939759037,0.016830099840662718
52.41782089320388,12.760294554216868,0.01621383133689368
52.41782089320388,12.760437168674699,0.015635145107364544
52.41782089320388,12.760579783132531,0.015084362318936315
52.41782089320388,12.760722397590362,0.014558154541817456
52.41782089320388,12.760865012048193,0.014065636577410728
52.41782089320388,12.761007626506025,0.013608404336300471
52.41782089320388,12.761150240963856,0.013188991101054178
52.41782089320388,12.761292855421688,0.012805523718256842
52.41782089320388,12.761435469879519,0.012444821877428246
52.41782089320388,12.76157808433735,0.012118252657751382
52.41782089320388,12.761720698795182,0.011830271705992
52.41782089320388,12.761863313253013,0.011574608413770868
52.41782089320388,12.762005927710844,0.011361077550459198
52.41782089320388,12.762148542168676,0.011178912366595972
52.41782089320388,12.762291156626507,0.011031280340875312
52.41782089320388,12.762433771084337,0.010920883912436266
52.41782089320388,12.76257638554217,0.010849271292325074
52.41782089320388,12.762719,0.010808344393846613
52.41791363106796,12.750882,0.0640717560654588
52.41791363106796,12.751024614457831,0.06403994241186828
52.41791363106796,12.751167228915664,0.06396234184936746
52.41791363106796,12.751309843373495,0.063850672026337
52.41791363106796,12.751452457831325,0.06370159221961758
52.41791363106796,12.751595072289158,0.06351357002067258
52.41791363106796,12.751737686746988,0.06329093832447444
52.41791363106796,12.75188030120482,0.06302202715035742
52.41791363106796,12.752022915662652,0.06271668610431813
52.41791363106796,12.752165530120482,0.06238019003957662
52.41791363106796,12.752308144578313,0.06201076112469917
52.41791363106796,12.752450759036146,0.061599483599227345
52.41791363106796,12.752593373493976,0.06116008090687628
52.41791363106796,12.752735987951809,0.060685798164557325
52.41791363106796,12.75287860240964,0.06018126092811329
52.41791363106796,12.75302121686747,0.05964155143522579
52.41791363106796,12.753163831325303,0.05906686057168532
52.41791363106796,12.753306445783133,0.05846093977531652
52.41791363106796,12.753449060240964,0.057832105158947385
52.41791363106796,12.753591674698797,0.05716841994880955
52.41791363106796,12.753734289156627,0.0564753359871363
52.41791363106796,12.753876903614458,0.055755286400799096
52.41791363106796,12.75401951807229,0.05501342968707445
52.41791363106796,12.754162132530121,0.054244899858404874
52.41791363106796,12.754304746987952,0.0534539241846805
52.41791363106796,12.754447361445784,0.052639847808125986
52.41791363106796,12.754589975903615,0.05180584528592127
52.41791363106796,12.754732590361446,0.05094653272980561
52.41791363106796,12.754875204819278,0.05007481287756921
52.41791363106796,12.755017819277109,0.04918001634000208
52.41791363106796,12.75516043373494,0.048276938456659105
52.41791363106796,12.755303048192772,0.04735423817308684
52.41791363106796,12.755445662650603,0.0464165791598005
52.41791363106796,12.755588277108435,0.04546404008532853
52.41791363106796,12.755730891566266,0.044498436624162405
52.41791363106796,12.755873506024097,0.04352739076396353
52.41791363106796,12.75601612048193,0.04254634930706569
52.41791363106796,12.75615873493976,0.041559248043627206
52.41791363106796,12.75630134939759,0.04056446025162355
52.41791363106796,12.756443963855423,0.03957231986953845
52.41791363106796,12.756586578313254,0.038566649297268246
52.41791363106796,12.756729192771084,0.037563215749955636
52.41791363106796,12.756871807228917,0.03656221815373386
52.41791363106796,12.757014421686748,0.0355641331423775
52.41791363106796,12.757157036144578,0.034563803502141895
52.41791363106796,12.75729965060241,0.033570058903406946
52.41791363106796,12.757442265060241,0.03258504861304001
52.41791363106796,12.757584879518072,0.03160745236652515
52.41791363106796,12.757727493975905,0.03063454294724319
52.41791363106796,12.757870108433735,0.029668333245336995
52.41791363106796,12.758012722891566,0.02871947429859823
52.41791363106796,12.758155337349399,0.027782953949705706
52.41791363106796,12.75829795180723,0.026859601867316278
52.41791363106796,12.758440566265062,0.02595249756344817
52.41791363106796,12.758583180722892,0.02505456725039974
52.41791363106796,12.758725795180723,0.024177459842873096
52.41791363106796,12.758868409638556,0.023319246272161247
52.41791363106796,12.759011024096386,0.0224814780669368
52.41791363106796,12.759153638554217,0.02166563798020426
52.41791363106796,12.75929625301205,0.020873566465217316
52.41791363106796,12.75943886746988,0.020101608845024207
52.41791363106796,12.759581481927711,0.01935437494089917
52.41791363106796,12.759724096385543,0.018631152806946383
52.41791363106796,12.759866710843374,0.017929613552988097
52.41791363106796,12.760009325301205,0.01726354013002182
52.41791363106796,12.760151939759037,0.016619880486129786
52.41791363106796,12.760294554216868,0.0159987490331127
52.41791363106796,12.760437168674699,0.015415480557193101
52.41791363106796,12.760579783132531,0.014860279239964948
52.41791363106796,12.760722397590362,0.01433001113457475
52.41791363106796,12.760865012048193,0.013833619030421863
52.41791363106796,12.761007626506025,0.013372783026120669
52.41791363106796,12.761150240963856,0.012949954592563128
52.41791363106796,12.761292855421688,0.012563495862246931
52.41791363106796,12.761435469879519,0.012199928010707756
52.41791363106796,12.76157808433735,0.011870860778801947
52.41791363106796,12.761720698795182,0.011580625286125532
52.41791363106796,12.761863313253013,0.011322973745800448
52.41791363106796,12.762005927710844,0.011107686818400735
52.41791363106796,12.762148542168676,0.010924084657857942
52.41791363106796,12.762291156626507,0.01077528905586634
52.41791363106796,12.762433771084337,0.010664058873474228
52.41791363106796,12.76257638554217,0.010591838844312735
52.41791363106796,12.762719,0.010550635425143997
52.41800636893204,12.750882,0.06422010683888295
52.41800636893204,12.751024614457831,0.06418806917379546
52.41800636893204,12.751167228915664,0.06410993699288145
52.41800636893204,12.751309843373495,0.06399754214150846
52.41800636893204,12.751452457831325,0.0638473017521711
52.41800636893204,12.751595072289158,0.0636579641517573
52.41800636893204,12.751737686746988,0.06343363228923948
52.41800636893204,12.75188030120482,0.06316278528811897
52.41800636893204,12.752022915662652,0.06285521002070933
52.41800636893204,12.752165530120482,0.06251628049525151
52.41800636893204,12.752308144578313,0.06214408150440759
52.41800636893204,12.752450759036146,0.06172977621250175
52.41800636893204,12.752593373493976,0.06128715810635005
52.41800636893204,12.752735987951809,0.06080944687588476
52.41800636893204,12.75287860240964,0.06030126567401004
52.41800636893204,12.75302121686747,0.059757644285757056
52.41800636893204,12.753163831325303,0.05917877242880188
52.41800636893204,12.753306445783133,0.05856846108429173
52.41800636893204,12.753449060240964,0.05793506153008259
52.41800636893204,12.753591674698797,0.05726657325779341
52.41800636893204,12.753734289156627,0.05656846699796974
52.41800636893204,12.753876903614458,0.05584320832516412
52.41800636893204,12.75401951807229,0.055095958911301715
52.41800636893204,12.754162132530121,0.05432182090927847
52.41800636893204,12.754304746987952,0.053525120187543476
52.41800636893204,12.754447361445784,0.05270509654035716
52.41800636893204,12.754589975903615,0.05186496968226136
52.41800636893204,12.754732590361446,0.05099939285262399
52.41800636893204,12.754875204819278,0.05012126186457433
52.41800636893204,12.755017819277109,0.049219858306692475
52.41800636893204,12.75516043373494,0.04831018726405093
52.41800636893204,12.755303048192772,0.04738066205808794
52.41800636893204,12.755445662650603,0.04643614124350183
52.41800636893204,12.755588277108435,0.0454766273110002
52.41800636893204,12.755730891566266,0.04450395317852666
52.41800636893204,12.755873506024097,0.04352571833502868
52.41800636893204,12.75601612048193,0.04253737337489013
52.41800636893204,12.75615873493976,0.041542900864978034
52.41800636893204,12.75630134939759,0.04054077628227818
52.41800636893204,12.756443963855423,0.03954128725567801
52.41800636893204,12.756586578313254,0.038528244966094596
52.41800636893204,12.756729192771084,0.037517401085530054
52.41800636893204,12.756871807228917,0.036508926455082046
52.41800636893204,12.757014421686748,0.035503363212864285
52.41800636893204,12.757157036144578,0.034495540900553755
52.41800636893204,12.75729965060241,0.03349430970112799
52.41800636893204,12.757442265060241,0.03250186585933064
52.41800636893204,12.757584879518072,0.03151692334893173
52.41800636893204,12.757727493975905,0.03053665968940134
52.41800636893204,12.757870108433735,0.029563171136691324
52.41800636893204,12.758012722891566,0.028607143081059053
52.41800636893204,12.758155337349399,0.02766352016803845
52.41800636893204,12.75829795180723,0.02673314064668431
52.41800636893204,12.758440566265062,0.02581914273159107
52.41800636893204,12.758583180722892,0.02491436168854388
52.41800636893204,12.758725795180723,0.02403053130542329
52.41800636893204,12.758868409638556,0.02316577861054
52.41800636893204,12.759011024096386,0.022321607386812478
52.41800636893204,12.759153638554217,0.02149946897442026
52.41800636893204,12.75929625301205,0.020701177878861214
52.41800636893204,12.75943886746988,0.01992334503186317
52.41800636893204,12.759581481927711,0.01917035395256241
52.41800636893204,12.759724096385543,0.018441680192633404
52.41800636893204,12.759866710843374,0.017734866903418623
52.41800636893204,12.760009325301205,0.01706376194534391
52.41800636893204,12.760151939759037,0.01641521558744452
52.41800636893204,12.760294554216868,0.015789309812716857
52.41800636893204,12.760437168674699,0.015201542917720742
52.41800636893204,12.760579783132531,0.014642002378424916
52.41800636893204,12.760722397590362,0.014107749452809655
52.41800636893204,12.760865012048193,0.013607553922006499
52.41800636893204,12.761007626506025,0.013143179908884573
52.41800636893204,12.761150240963856,0.012716997113181914
52.41800636893204,12.761292855421688,0.012327603596603664
52.41800636893204,12.761435469879519,0.011961221246828791
52.41800636893204,12.76157808433735,0.011629702047406078
52.41800636893204,12.761720698795182,0.011337253577384788
52.41800636893204,12.761863313253013,0.011077650519640266
52.41800636893204,12.762005927710844,0.010860638877148
52.41800636893204,12.762148542168676,0.010675625989010553
52.41800636893204,12.762291156626507,0.010525687815714566
52.41800636893204,12.762433771084337,0.01041363960459908
52.41800636893204,12.76257638554217,0.010340822662386659
52.41800636893204,12.762719,0.010299347949582227
52.41809910679612,12.750882,0.06436072991745759
52.41809910679612,12.751024614457831,0.06432847007453053
52.41809910679612,12.751167228915664,0.06424981031600975
52.41809910679612,12.751309843373495,0.0641366962911689
52.41809910679612,12.751452457831325,0.06398530251457468
52.41809910679612,12.751595072289158,0.063794658407614
52.41809910679612,12.751737686746988,0.0635686369805743
52.41809910679612,12.75188030120482,0.06329586675831729
52.41809910679612,12.752022915662652,0.06298607156224983
52.41809910679612,12.752165530120482,0.06264472457111488
52.41809910679612,12.752308144578313,0.06226977315760861
52.41809910679612,12.752450759036146,0.061852459966853304
52.41809910679612,12.752593373493976,0.06140664715703979
52.41809910679612,12.752735987951809,0.060925530066241934
52.41809910679612,12.75287860240964,0.06041372906332071
52.41809910679612,12.75302121686747,0.05986622136547557
52.41809910679612,12.753163831325303,0.05928319610408733
52.41809910679612,12.753306445783133,0.058668523123267126
52.41809910679612,12.753449060240964,0.058030589002652434
52.41809910679612,12.753591674698797,0.05735732958612314
52.41809910679612,12.753734289156627,0.05665423417580413
52.41809910679612,12.753876903614458,0.055923800709809596
52.41809910679612,12.75401951807229,0.05517119422495044
52.41809910679612,12.754162132530121,0.054391485147002816
52.41809910679612,12.754304746987952,0.05358909708304858
52.41809910679612,12.754447361445784,0.052763165544752556
52.41809910679612,12.754589975903615,0.05191695429976079
52.41809910679612,12.754732590361446,0.05104515409915171
52.41809910679612,12.754875204819278,0.05016065345985479
52.41809910679612,12.755017819277109,0.04925268512009964
52.41809910679612,12.75516043373494,0.048336464614340706
52.41809910679612,12.755303048192772,0.047400158555374085
52.41809910679612,12.755445662650603,0.04644882091279542
52.41809910679612,12.755588277108435,0.04548237759106213
52.41809910679612,12.755730891566266,0.04450267894926721
52.41809910679612,12.755873506024097,0.043517301805487005
52.41809910679612,12.75601612048193,0.042521700071411636
52.41809910679612,12.75615873493976,0.041519903554257796
52.41809910679612,12.75630134939759,0.04051049006583932
52.41809910679612,12.756443963855423,0.03950369977600193
52.41809910679612,12.756586578313254,0.038483333490558325
52.41809910679612,12.756729192771084,0.037465127149875335
52.41809910679612,12.756871807228917,0.03644922341002494
52.41809910679612,12.757014421686748,0.03543622954140642
52.41809910679612,12.757157036144578,0.034420961488540694
52.41809910679612,12.75729965060241,0.03341229100983139
52.41809910679612,12.757442265060241,0.03241246083722453
52.41809910679612,12.757584879518072,0.03142021909638998
52.41809910679612,12.757727493975905,0.030432647652573634
52.41809910679612,12.757870108433735,0.029451926226372008
52.41809910679612,12.758012722891566,0.028488774558436167
52.41809910679612,12.758155337349399,0.027538093810811
52.41809910679612,12.75829795180723,0.0266007311265479
52.41809910679612,12.758440566265062,0.025679883422563783
52.41809910679612,12.758583180722892,0.024768294824641757
52.41809910679612,12.758725795180723,0.02387778348708957
52.41809910679612,12.758868409638556,0.023006533111286608
52.41809910679612,12.759011024096386,0.022155999237201095
52.41809910679612,12.759153638554217,0.02132760164275302
52.41809910679612,12.75929625301205,0.02052312872974621
52.41809910679612,12.75943886746988,0.019739457649073883
52.41809910679612,12.759581481927711,0.01898074497787571
52.41809910679612,12.759724096385543,0.01824665448921742
52.41809910679612,12.759866710843374,0.017534600579935146
52.41809910679612,12.760009325301205,0.01685849632190889
52.41809910679612,12.760151939759037,0.01620509424453699
52.41809910679612,12.760294554216868,0.015574443867172506
52.41809910679612,12.760437168674699,0.014982206358325865
52.41809910679612,12.760579783132531,0.014418353073406318
52.41809910679612,12.760722397590362,0.01388014059393353
52.41809910679612,12.760865012048193,0.01337616526285374
52.41809910679612,12.761007626506025,0.012908275382263384
52.41809910679612,12.761150240963856,0.012478758543996583
52.41809910679612,12.761292855421688,0.012086449284207039
52.41809910679612,12.761435469879519,0.011717269478048655
52.41809910679612,12.76157808433735,0.011383313391464256
52.41809910679612,12.761720698795182,0.011088665253399431
52.41809910679612,12.761863313253013,0.010827123098211502
52.41809910679612,12.762005927710844,0.010608397293234696
52.41809910679612,12.762148542168676,0.010421981991533304
52.41809910679612,12.762291156626507,0.01027090819804116
52.41809910679612,12.762433771084337,0.010158046970573424
52.41809910679612,12.76257638554217,0.010084636732934735
52.41809910679612,12.762719,0.01004289257055772
52.41819184466019,12.750882,0.06449693107947176
52.41819184466019,12.751024614457831,0.06446445184928204
52.41819184466019,12.751167228915664,0.06438527038413598
52.41819184466019,12.751309843373495,0.06427144609797385
52.41819184466019,12.751452457831325,0.06411891037479935
52.41819184466019,12.751595072289158,0.06392697376751819
52.41819184466019,12.751737686746988,0.0636992802709104
52.41819184466019,12.75188030120482,0.06342460721082172
52.41819184466019,12.752022915662652,0.06311261538833604
52.41819184466019,12.752165530120482,0.06276887700554974
52.41819184466019,12.752308144578313,0.06239120130799554
52.41819184466019,12.752450759036146,0.061970911362053634
52.41819184466019,12.752593373493976,0.06152193745416784
52.41819184466019,12.752735987951809,0.061037450954122975
52.41819184466019,12.75287860240964,0.060522068701307
52.41819184466019,12.75302121686747,0.05997071590944917
52.41819184466019,12.753163831325303,0.05938358138053485
52.41819184466019,12.753306445783133,0.05876459334826195
52.41819184466019,12.753449060240964,0.05812217363755541
52.41819184466019,12.753591674698797,0.057444193791777357
52.41819184466019,12.753734289156627,0.05673616186445236
52.41819184466019,12.753876903614458,0.05600060869009332
52.41819184466019,12.75401951807229,0.05524270261365214
52.41819184466019,12.754162132530121,0.05445748129205085
52.41819184466019,12.754304746987952,0.053649466717044826
52.41819184466019,12.754447361445784,0.052817690254580586
52.41819184466019,12.754589975903615,0.0519654592805564
52.41819184466019,12.754732590361446,0.051087502264118734
52.41819184466019,12.754875204819278,0.05019669971701632
52.41819184466019,12.755017819277109,0.049282235548149256
52.41819184466019,12.75516043373494,0.04835953548192021
52.41819184466019,12.755303048192772,0.04741651989415487
52.41819184466019,12.755445662650603,0.046458438410173615
52.41819184466019,12.755588277108435,0.04548513968009329
52.41819184466019,12.755730891566266,0.04449849161457495
52.41819184466019,12.755873506024097,0.043506047548621474
52.41819184466019,12.75601612048193,0.04250326524387234
52.41819184466019,12.75615873493976,0.04149422231647093
52.41819184466019,12.75630134939759,0.04047759804965949
52.41819184466019,12.756443963855423,0.03946358436557517
52.41819184466019,12.756586578313254,0.03843597236667086
52.41819184466019,12.756729192771084,0.03741048230359216
52.41819184466019,12.756871807228917,0.03638722814678094
52.41819184466019,12.757014421686748,0.03536688255030736
52.41819184466019,12.757157036144578,0.034344247423436766
52.41819184466019,12.75729965060241,0.03332821567828042
52.41819184466019,12.757442265060241,0.03232107700917409
52.41819184466019,12.757584879518072,0.03132161392757835
52.41819184466019,12.757727493975905,0.03032681199669327
52.41819184466019,12.757870108433735,0.02933893419656068
52.41819184466019,12.758012722891566,0.028368734809180573
52.41819184466019,12.758155337349399,0.027411070801980214
52.41819184466019,12.75829795180723,0.026466798508292526
52.41819184466019,12.758440566265062,0.025539173954636403
52.41819184466019,12.758583180722892,0.02462084936327928
52.41819184466019,12.758725795180723,0.02372372735156157
52.41819184466019,12.758868409638556,0.022846048420068238
52.41819184466019,12.759011024096386,0.02198921940838955
52.41819184466019,12.759153638554217,0.02115462796096215
52.41819184466019,12.75929625301205,0.02034403751940026
52.41819184466019,12.75943886746988,0.01955459008597437
52.41819184466019,12.759581481927711,0.01879021619143574
52.41819184466019,12.759724096385543,0.018050767358810133
52.41819184466019,12.759866710843374,0.017333529161562868
52.41819184466019,12.760009325301205,0.01665247977654634
52.41819184466019,12.760151939759037,0.015994274101655357
52.41819184466019,12.760294554216868,0.015358929121296837
52.41819184466019,12.760437168674699,0.01476226827810017
52.41819184466019,12.760579783132531,0.014194146596385017
52.41819184466019,12.760722397590362,0.013652017390182482
52.41819184466019,12.760865012048193,0.0131443023200268
52.41819184466019,12.761007626506025,0.012672933835031586
52.41819184466019,12.761150240963856,0.012240116964302859
52.41819184466019,12.761292855421688,0.011844923439110405
52.41819184466019,12.761435469879519,0.011472975412633262
52.41819184466019,12.76157808433735,0.011136608591250832
52.41819184466019,12.761720698795182,0.010839784309006307
52.41819184466019,12.761863313253013,0.010576323984420564
52.41819184466019,12.762005927710844,0.010355901653969352
52.41819184466019,12.762148542168676,0.01016809891934077
52.41819184466019,12.762291156626507,0.010015901280932542
52.41819184466019,12.762433771084337,0.00990223577011522
52.41819184466019,12.76257638554217,0.009828238054926636
52.41819184466019,12.762719,0.009786227123029342
52.41828458252427,12.750882,0.06462974875386224
52.41828458252427,12.751024614457831,0.06459705273823665
52.41828458252427,12.751167228915664,0.06451735458459645
52.41828458252427,12.751309843373495,0.0644028269260193
52.41828458252427,12.751452457831325,0.06424915950203161
52.41828458252427,12.751595072289158,0.06405594255484455
52.41828458252427,12.751737686746988,0.06382659207647084
52.41828458252427,12.75188030120482,0.06355003343483474
52.41828458252427,12.752022915662652,0.0632358649921813
52.41828458252427,12.752165530120482,0.06288975667207049
52.41828458252427,12.752308144578313,0.062509380917197
52.41828458252427,12.752450759036146,0.06208614123906705
52.41828458252427,12.752593373493976,0.06163403495632159
52.41828458252427,12.752735987951809,0.061146210097341724
52.41828458252427,12.75287860240964,0.0606272792608
52.41828458252427,12.75302121686747,0.06007211644036809
52.41828458252427,12.753163831325303,0.05948091028009251
52.41828458252427,12.753306445783133,0.0588576461898161
52.41828458252427,12.753449060240964,0.0582107822792421
52.41828458252427,12.753591674698797,0.05752812544027914
52.41828458252427,12.753734289156627,0.05681520220139945
52.41828458252427,12.753876903614458,0.056074575736655044
52.41828458252427,12.75401951807229,0.05531141848306691
52.41828458252427,12.754162132530121,0.05452073485039547
52.41828458252427,12.754304746987952,0.053707145120847205
52.41828458252427,12.754447361445784,0.052869577001442014
52.41828458252427,12.754589975903615,0.052011380582508225
52.41828458252427,12.754732590361446,0.05112732267414425
52.41828458252427,12.754875204819278,0.050230274898360044
52.41828458252427,12.755017819277109,0.049309372590157594
52.41828458252427,12.75516043373494,0.048380251986567105
52.41828458252427,12.755303048192772,0.04743058694540627
52.41828458252427,12.755445662650603,0.04646582252979633
52.41828458252427,12.755588277108435,0.045485730091284884
52.41828458252427,12.755730891566266,0.044492195304541675
52.41828458252427,12.755873506024097,0.043492747707867783
52.41828458252427,12.75601612048193,0.042482848337600215
52.41828458252427,12.75615873493976,0.041466623259266866
52.41828458252427,12.75630134939759,0.04044285300605023
52.41828458252427,12.756443963855423,0.039421680430412984
52.41828458252427,12.756586578313254,0.03838688708670945
52.41828458252427,12.756729192771084,0.03735417836402884
52.41828458252427,12.756871807228917,0.03632363862954833
52.41828458252427,12.757014421686748,0.035296006131559254
52.41828458252427,12.757157036144578,0.03426606805896164
52.41828458252427,12.75729965060241,0.03324273931264138
52.41828458252427,12.757442265060241,0.032228356182161605
52.41828458252427,12.757584879518072,0.031221735588861307
52.41828458252427,12.757727493975905,0.030219765963181665
52.41828458252427,12.757870108433735,0.029224794338943635
52.41828458252427,12.758012722891566,0.028247608968938444
52.41828458252427,12.758155337349399,0.027283022613218393
52.41828458252427,12.75829795180723,0.02633190100772548
52.41828458252427,12.758440566265062,0.025397558814241553
52.41828458252427,12.758583180722892,0.024472556526765436
52.41828458252427,12.758725795180723,0.023568880713638888
52.41828458252427,12.758868409638556,0.02268482902487166
52.41828458252427,12.759011024096386,0.021821759546676266
52.41828458252427,12.759153638554217,0.020981027119050106
52.41828458252427,12.75929625301205,0.020164370810722514
52.41828458252427,12.75943886746988,0.019369197037416484
52.41828458252427,12.759581481927711,0.018599210541875407
52.41828458252427,12.759724096385543,0.017854449907954855
52.41828458252427,12.759866710843374,0.01713207222283908
52.41828458252427,12.760009325301205,0.016446121214158605
52.41828458252427,12.760151939759037,0.01578315376738001
52.41828458252427,12.760294554216868,0.015143154112094404
52.41828458252427,12.760437168674699,0.014542107808126661
52.41828458252427,12.760579783132531,0.01396975393954907
52.41828458252427,12.760722397590362,0.01342374201251658
52.41828458252427,12.760865012048193,0.012912319208063263
52.41828458252427,12.761007626506025,0.012437501669737762
52.41828458252427,12.761150240963856,0.012001412388198596
52.41828458252427,12.761292855421688,0.011603359831487688
52.41828458252427,12.761435469879519,0.011228666943062503
52.41828458252427,12.76157808433735,0.010889910090527814
52.41828458252427,12.761720698795182,0.010590928034255915
52.41828458252427,12.761863313253013,0.010325565948695815
52.41828458252427,12.762005927710844,0.010103461491371112
52.41828458252427,12.762148542168676,0.009914283215145378
52.41828458252427,12.762291156626507,0.009760971128127224
52.41828458252427,12.762433771084337,0.009646508104994286
52.41828458252427,12.76257638554217,0.009571927863199211
52.41828458252427,12.762719,0.009529652571458967
52.41837732038835,12.750882,0.06476147375289498
52.41837732038835,12.751024614457831,0.06472856297527775
52.41837732038835,12.751167228915664,0.06464835251864641
52.41837732038835,12.751309843373495,0.06453312768383333
52.41837732038835,12.751452457831325,0.06437833682844243
52.41837732038835,12.751595072289158,0.06418384920919694
52.41837732038835,12.751737686746988,0.06395285379500984
52.41837732038835,12.75188030120482,0.06367442395867655
52.41837732038835,12.752022915662652,0.06335809507527145
52.41837732038835,12.752165530120482,0.06300963465545906
52.41837732038835,12.752308144578313,0.06262657918523375
52.41837732038835,12.752450759036146,0.062200411937134915
52.41837732038835,12.752593373493976,0.061745196652652885
52.41837732038835,12.752735987951809,0.061254058670031725
52.41837732038835,12.75287860240964,0.060731606146968035
52.41837732038835,12.75302121686747,0.06017266203335465
52.41837732038835,12.753163831325303,0.059577414989744094
52.41837732038835,12.753306445783133,0.05894990708530666
52.41837732038835,12.753449060240964,0.05829863235071214
52.41837732038835,12.753591674698797,0.05761133377031484
52.41837732038835,12.753734289156627,0.0568935558617182
52.41837732038835,12.753876903614458,0.05614789421909361
52.41837732038835,12.75401951807229,0.05537952528371112
52.41837732038835,12.754162132530121,0.05458342051027426
52.41837732038835,12.754304746987952,0.05376429765863089
52.41837732038835,12.754447361445784,0.05292098132157176
52.41837732038835,12.754589975903615,0.052056863684690896
52.41837732038835,12.754732590361446,0.05116675092324442
52.41837732038835,12.754875204819278,0.0502635039381313
52.41837732038835,12.755017819277109,0.049336211081737434
52.41837732038835,12.75516043373494,0.0484007181296534
52.41837732038835,12.755303048192772,0.04744445266387839
52.41837732038835,12.755445662650603,0.04647305495891394
52.41837732038835,12.755588277108435,0.045486219101371676
52.41837732038835,12.755730891566266,0.04448584871272014
52.41837732038835,12.755873506024097,0.04347944921306195
52.41837732038835,12.75601612048193,0.04246248494958614
52.41837732038835,12.75615873493976,0.041439130194879145
52.41837732038835,12.75630134939759,0.04040826674183488
52.41837732038835,12.756443963855423,0.039379987308489156
52.41837732038835,12.756586578313254,0.03833806526122279
52.41837732038835,12.756729192771084,0.03729819070093767
52.41837732038835,12.756871807228917,0.03626041831958026
52.41837732038835,12.757014421686748,0.03522555159003989
52.41837732038835,12.757157036144578,0.03418836313366118
52.41837732038835,12.75729965060241,0.0331577899579268
52.41837732038835,12.757442265060241,0.03213621454019754
52.41837732038835,12.757584879518072,0.031122488146191344
52.41837732038835,12.757727493975905,0.030113402221706265
52.41837732038835,12.757870108433735,0.02911138777562432
52.41837732038835,12.758012722891566,0.028127266932534815
52.41837732038835,12.758155337349399,0.02715580734452221
52.41837732038835,12.75829795180723,0.02619788502935475
52.41837732038835,12.758440566265062,0.025256873442769286
52.41837732038835,12.758583180722892,0.024325241045777046
52.41837732038835,12.758725795180723,0.023415057972099865
52.41837732038835,12.758868409638556,0.02252467872517714
52.41837732038835,12.759011024096386,0.021655413005168968
52.41837732038835,12.759153638554217,0.02080858305505678
52.41837732038835,12.75929625301205,0.01998590318171694
52.41837732038835,12.75943886746988,0.01918504353261626
52.41837732038835,12.759581481927711,0.018409483704004605
52.41837732038835,12.759724096385543,0.01765944932693736
52.41837732038835,12.759866710843374,0.016931968980851732
52.41837732038835,12.760009325301205,0.016241151364850062
52.41837732038835,12.760151939759037,0.01557345587149498
52.41837732038835,12.760294554216868,0.014928834218522194
52.41837732038835,12.760437168674699,0.014323433162198886
52.41837732038835,12.760579783132531,0.013746876137535993
52.41837732038835,12.760722397590362,0.013197009021471369
52.41837732038835,12.760865012048193,0.012681904297330376
52.41837732038835,12.761007626506025,0.012203661926010276
52.41837732038835,12.761150240963856,0.01176432241664368
52.41837732038835,12.761292855421688,0.011363431180637984
52.41837732038835,12.761435469879519,0.010986012252131734
52.41837732038835,12.76157808433735,0.010644881493133217
52.41837732038835,12.761720698795182,0.010343756926612165
52.41837732038835,12.761863313253013,0.010076506622891368
52.41837732038835,12.762005927710844,0.009852731753564256
52.41837732038835,12.762148542168676,0.00966218751102948
52.41837732038835,12.762291156626507,0.0095077687827058
52.41837732038835,12.762433771084337,0.009392513972566071
52.41837732038835,12.76257638554217,0.00931735497765564
52.41837732038835,12.762719,0.009274817555425786
52.41847005825243,12.750882,0.06489090945506978
52.41847005825243,12.751024614457831,0.06485778803187474
52.41847005825243,12.751167228915664,0.06477707489914804
52.41847005825243,12.751309843373495,0.06466116683486657
52.41847005825243,12.751452457831325,0.0645052712790806
52.41847005825243,12.751595072289158,0.06430953598884885
52.41847005825243,12.751737686746988,0.06407692358058062
52.41847005825243,12.75188030120482,0.0637966553356154
52.41847005825243,12.752022915662652,0.06347820342102478
52.41847005825243,12.752165530120482,0.06312743196372811
52.41847005825243,12.752308144578313,0.06274174247413525
52.41847005825243,12.752450759036146,0.06231269785649403
52.41847005825243,12.752593373493976,0.06185442761200888
52.41847005825243,12.752735987951809,0.06136003496597996
52.41847005825243,12.75287860240964,0.060834122571550346
52.41847005825243,12.75302121686747,0.06027146353727676
52.41847005825243,12.753163831325303,0.059672246341153826
52.41847005825243,12.753306445783133,0.05904056848570819
52.41847005825243,12.753449060240964,0.05838496069142745
52.41847005825243,12.753591674698797,0.057693101750620895
52.41847005825243,12.753734289156627,0.056970553935127746
52.41847005825243,12.753876903614458,0.05621994471605569
52.41847005825243,12.75401951807229,0.0554464552538913
52.41847005825243,12.754162132530121,0.054645023852973554
52.41847005825243,12.754304746987952,0.05382046493633383
52.41847005825243,12.754447361445784,0.052971500269425126
52.41847005825243,12.754589975903615,0.05210156390362689
52.41847005825243,12.754732590361446,0.0512055012323684
52.41847005825243,12.754875204819278,0.050296162118876775
52.41847005825243,12.755017819277109,0.049362588090093196
52.41847005825243,12.75516043373494,0.048420834026750806
52.41847005825243,12.755303048192772,0.04745808179672359
52.41847005825243,12.755445662650603,0.04648016580111932
52.41847005825243,12.755588277108435,0.04548670309842992
52.41847005825243,12.755730891566266,0.04447961554500454
52.41847005825243,12.755873506024097,0.04346638360901408
52.41847005825243,12.75601612048193,0.04244247477149318
52.41847005825243,12.75615873493976,0.0414121120964257
52.41847005825243,12.75630134939759,0.04037427827059914
52.41847005825243,12.756443963855423,0.03933901436340065
52.41847005825243,12.756586578313254,0.038290086342707925
52.41847005825243,12.756729192771084,0.03724316969545704
52.41847005825243,12.756871807228917,0.03619828826354599
52.41847005825243,12.757014421686748,0.0351563107413048
52.41847005825243,12.757157036144578,0.03411199476874474
52.41847005825243,12.75729965060241,0.03307429987525195
52.41847005825243,12.757442265060241,0.03204565443957273
52.41847005825243,12.757584879518072,0.031024943563380633
52.41847005825243,12.757727493975905,0.030008861579349413
52.41847005825243,12.757870108433735,0.02899992366945408
52.41847005825243,12.758012722891566,0.028008985397184556
52.41847005825243,12.758155337349399,0.027030768659812358
52.41847005825243,12.75829795180723,0.026066160282959168
52.41847005825243,12.758440566265062,0.02511859237917922
52.41847005825243,12.758583180722892,0.02418044105433673
52.41847005825243,12.758725795180723,0.023263859530080106
52.41847005825243,12.758868409638556,0.022367259398293815
52.41847005825243,12.759011024096386,0.02149190211092039
52.41847005825243,12.759153638554217,0.02063907616770439
52.41847005825243,12.75929625301205,0.019810471917242566
52.41847005825243,12.75943886746988,0.019004022278730437
52.41847005825243,12.759581481927711,0.01822298220758698
52.41847005825243,12.759724096385543,0.017467764242088266
52.41847005825243,12.759866710843374,0.016735267833153804
52.41847005825243,12.760009325301205,0.0160396668951849
52.41847005825243,12.760151939759037,0.015367323649181506
52.41847005825243,12.760294554216868,0.014718157284621539
52.41847005825243,12.760437168674699,0.014108473844560175
52.41847005825243,12.760579783132531,0.013527782708876997
52.41847005825243,12.760722397590362,0.012974125581248216
52.41847005825243,12.760865012048193,0.012455400068725503
52.41847005825243,12.761007626506025,0.01197378988620462
52.41847005825243,12.761150240963856,0.011531252891430376
52.41847005825243,12.761292855421688,0.011127571400563575
52.41847005825243,12.761435469879519,0.010747471166490604
52.41847005825243,12.76157808433735,0.010404006267195516
52.41847005825243,12.761720698795182,0.010100774800685733
52.41847005825243,12.761863313253013,0.009831668166939268
52.41847005825243,12.762005927710844,0.009606249974671098
52.41847005825243,12.762148542168676,0.009414362654032222
52.41847005825243,12.762291156626507,0.009258855654267551
52.41847005825243,12.762433771084337,0.009142822276977545
52.41847005825243,12.76257638554217,0.009067093708384277
52.41847005825243,12.762719,0.009024298587393578
52.418562796116504,12.750882,0.06500833863979814
52.418562796116504,12.751024614457831,0.06497501007544933
52.418562796116504,12.751167228915664,0.06489380121434205
52.418562796116504,12.751309843373495,0.06477721980519982
52.418562796116504,12.751452457831325,0.06462023363823617
52.418562796116504,12.751595072289158,0.06442326704843705
52.418562796116504,12.751737686746988,0.06418905841650799
52.418562796116504,12.75188030120482,0.0639069754205563
52.418562796116504,12.752022915662652,0.06358642781934426
52.418562796116504,12.752165530120482,0.06323337592956327
52.418562796116504,12.752308144578313,0.062845086376671
52.418562796116504,12.752450759036146,0.06241320190055411
52.418562796116504,12.752593373493976,0.06195191650372588
52.418562796116504,12.752735987951809,0.06145431244448938
52.418562796116504,12.75287860240964,0.06092498632585283
52.418562796116504,12.75302121686747,0.06035866153274327
52.418562796116504,12.753163831325303,0.05975552658848674
52.418562796116504,12.753306445783133,0.05911973419432694
52.418562796116504,12.753449060240964,0.05845985127702682
52.418562796116504,12.753591674698797,0.05776349259834593
52.418562796116504,12.753734289156627,0.05703623797960116
52.418562796116504,12.753876903614458,0.056280746920234416
52.418562796116504,12.75401951807229,0.05550220530201319
52.418562796116504,12.754162132530121,0.05469551765269946
52.418562796116504,12.754304746987952,0.0538655951294325
52.418562796116504,12.754447361445784,0.053011057163918233
52.418562796116504,12.754589975903615,0.052135378729729
52.418562796116504,12.754732590361446,0.05123344570105047
52.418562796116504,12.754875204819278,0.05031809507502822
52.418562796116504,12.755017819277109,0.049378322146945444
52.418562796116504,12.75516043373494,0.04843039049885517
52.418562796116504,12.755303048192772,0.047461237073290787
52.418562796116504,12.755445662650603,0.04647688971743624
52.418562796116504,12.755588277108435,0.04547688849460945
52.418562796116504,12.755730891566266,0.0444631732480628
52.418562796116504,12.755873506024097,0.043443199426384776
52.418562796116504,12.75601612048193,0.04241243717602516
52.418562796116504,12.75615873493976,0.04137515937042059
52.418562796116504,12.75630134939759,0.04033044842975737
52.418562796116504,12.756443963855423,0.03928829296933084
52.418562796116504,12.756586578313254,0.03823245216532091
52.418562796116504,12.756729192771084,0.03717858745619744
52.418562796116504,12.756871807228917,0.0361266909871494
52.418562796116504,12.757014421686748,0.035077696973168135
52.418562796116504,12.757157036144578,0.03402634760009585
52.418562796116504,12.75729965060241,0.03298162476408419
52.418562796116504,12.757442265060241,0.03194600267745021
52.418562796116504,12.757584879518072,0.03091840025158941
52.418562796116504,12.757727493975905,0.029895414762301543
52.418562796116504,12.757870108433735,0.028879644818496003
52.418562796116504,12.758012722891566,0.027881979640395228
52.418562796116504,12.758155337349399,0.02689709526771133
52.418562796116504,12.75829795180723,0.025925889174187644
52.418562796116504,12.758440566265062,0.024971851843605338
52.418562796116504,12.758583180722892,0.02402726758303532
52.418562796116504,12.758725795180723,0.023104372194652112
52.418562796116504,12.758868409638556,0.022201633825989303
52.418562796116504,12.759011024096386,0.021320265577989456
52.418562796116504,12.759153638554217,0.02046152243517693
52.418562796116504,12.75929625301205,0.01962707123469022
52.418562796116504,12.75943886746988,0.01881510567999954
52.418562796116504,12.759581481927711,0.018028657674380603
52.418562796116504,12.759724096385543,0.017268325930893696
52.418562796116504,12.759866710843374,0.01653088068032954
52.418562796116504,12.760009325301205,0.01583056125514526
52.418562796116504,12.760151939759037,0.015153632546477641
52.418562796116504,12.760294554216868,0.014499981499380806
52.418562796116504,12.760437168674699,0.013886072463754676
52.418562796116504,12.760579783132531,0.013301301414844206
52.418562796116504,12.760722397590362,0.012743905386030676
52.418562796116504,12.760865012048193,0.012221607258183663
52.418562796116504,12.761007626506025,0.011736674113300392
52.418562796116504,12.761150240963856,0.011290981714279058
52.418562796116504,12.761292855421688,0.010884547862889178
52.418562796116504,12.761435469879519,0.010501801623636951
52.418562796116504,12.76157808433735,0.010156033745493329
52.418562796116504,12.761720698795182,0.009850723365780037
52.418562796116504,12.761863313253013,0.009579784969809501
52.418562796116504,12.762005927710844,0.009352744986257877
52.418562796116504,12.762148542168676,0.00915953233424991
52.418562796116504,12.762291156626507,0.009002951033972842
52.418562796116504,12.762433771084337,0.008886149562499557
52.418562796116504,12.76257638554217,0.008809858458563047
52.418562796116504,12.762719,0.00876680929012525
52.41865553398058,12.750882,0.06512111887183432
52.41865553398058,12.751024614457831,0.06508758849114199
52.41865553398058,12.751167228915664,0.06500589545191493
52.41865553398058,12.751309843373495,0.06488865735494873
52.41865553398058,12.751452457831325,0.06473060377168477
52.41865553398058,12.751595072289158,0.06453243403108863
52.41865553398058,12.751737686746988,0.0642966636920381
52.41865553398058,12.75188030120482,0.06401280608871067
52.41865553398058,12.752022915662652,0.0636902086071017
52.41865553398058,12.752165530120482,0.06333492688799164
52.41865553398058,12.752308144578313,0.06294409342795863
52.41865553398058,12.752450759036146,0.06250943071391038
52.41865553398058,12.752593373493976,0.06204519651040983
52.41865553398058,12.752735987951809,0.06154445241100646
52.41865553398058,12.75287860240964,0.06101178841563462
52.41865553398058,12.75302121686747,0.06044187898431629
52.41865553398058,12.753163831325303,0.059834912554036994
52.41865553398058,12.753306445783133,0.05919509624754216
52.41865553398058,12.753449060240964,0.05853103343250614
52.41865553398058,12.753591674698797,0.05783027453777347
52.41865553398058,12.753734289156627,0.057098417031972944
52.41865553398058,12.753876903614458,0.056338151972285304
52.41865553398058,12.75401951807229,0.055554670008386604
52.41865553398058,12.754162132530121,0.05474284198591401
52.41865553398058,12.754304746987952,0.053907674674510325
52.41865553398058,12.754447361445784,0.0530476863023581
52.41865553398058,12.754589975903615,0.05216639199899159
52.41865553398058,12.754732590361446,0.05125871795364264
52.41865553398058,12.754875204819278,0.05033748769405387
52.41865553398058,12.755017819277109,0.04939165055560855
52.41865553398058,12.75516043373494,0.04843767823128581
52.41865553398058,12.755303048192772,0.04746226356454787
52.41865553398058,12.755445662650603,0.046471626519366926
52.41865553398058,12.755588277108435,0.045465230308193536
52.41865553398058,12.755730891566266,0.04444503316620192
52.41865553398058,12.755873506024097,0.0434184649529693
52.41865553398058,12.75601612048193,0.04238099790077248
52.41865553398058,12.75615873493976,0.041336955121170305
52.41865553398058,12.75630134939759,0.040285517563258134
52.41865553398058,12.756443963855423,0.03923662140151417
52.41865553398058,12.756586578313254,0.03817401905881007
52.41865553398058,12.756729192771084,0.037113358023114495
52.41865553398058,12.756871807228917,0.036054599201581126
52.41865553398058,12.757014421686748,0.034998740970577064
52.41865553398058,12.757157036144578,0.033940509840024724
52.41865553398058,12.75729965060241,0.032888910355504834
52.41865553398058,12.757442265060241,0.03184646221111524
52.41865553398058,12.757584879518072,0.03081211794460401
52.41865553398058,12.757727493975905,0.029782377519257306
52.41865553398058,12.757870108433735,0.028759922659115082
52.41865553398058,12.758012722891566,0.02775567615978391
52.41865553398058,12.758155337349399,0.026764267534260772
52.41865553398058,12.75829795180723,0.025786605457809832
52.41865553398058,12.758440566265062,0.02482623843631538
52.41865553398058,12.758583180722892,0.023875358889359034
52.41865553398058,12.758725795180723,0.022946284327004792
52.41865553398058,12.758868409638556,0.02203753996193746
52.41865553398058,12.759011024096386,0.021150289910093746
52.41865553398058,12.759153638554217,0.020285755292822387
52.41865553398058,12.75929625301205,0.019445580264444713
52.41865553398058,12.75943886746988,0.01862821759454685
52.41865553398058,12.759581481927711,0.017836477059237705
52.41865553398058,12.759724096385543,0.017071142183457493
52.41865553398058,12.759866710843374,0.01632885496211229
52.41865553398058,12.760009325301205,0.015623919892344441
52.41865553398058,12.760151939759037,0.014942504635358123
52.41865553398058,12.760294554216868,0.014284464065876955
52.41865553398058,12.760437168674699,0.013666419524994032
52.41865553398058,12.760579783132531,0.013077654293017873
52.41865553398058,12.760722397590362,0.012516599987285236
52.41865553398058,12.760865012048193,0.01199080524601393
52.41865553398058,12.761007626506025,0.011502619928227594
52.41865553398058,12.761150240963856,0.011053837897117927
52.41865553398058,12.761292855421688,0.010644711690780545
52.41865553398058,12.761435469879519,0.010259375141082881
52.41865553398058,12.76157808433735,0.009911353651246874
52.41865553398058,12.761720698795182,0.009604009061639556
52.41865553398058,12.761863313253013,0.00933127846739866
52.41865553398058,12.762005927710844,0.009102650608105682
52.41865553398058,12.762148542168676,0.008908140830681806
52.41865553398058,12.762291156626507,0.008750507922264127
52.41865553398058,12.762433771084337,0.008632954825119735
52.41865553398058,12.76257638554217,0.008556113072710234
52.41865553398058,12.762719,0.008512815457805235
52.41874827184466,12.750882,0.06522313815284428
52.41874827184466,12.751024614457831,0.06518940781985189
52.41874827184466,12.751167228915664,0.06510723505232734
52.41874827184466,12.751309843373495,0.0649893465344763
52.41874827184466,12.751452457831325,0.06483023511595475
52.41874827184466,12.751595072289158,0.06463087290506406
52.41874827184466,12.751737686746988,0.06439355481428616
52.41874827184466,12.75188030120482,0.06410793875433164
52.41874827184466,12.752022915662652,0.06378330980070934
52.41874827184466,12.752165530120482,0.0634258181458744
52.41874827184466,12.752308144578313,0.0630324632903985
52.41874827184466,12.752450759036146,0.0625950475608356
52.41874827184466,12.752593373493976,0.06212789088176568
52.41874827184466,12.752735987951809,0.06162403525894275
52.41874827184466,12.75287860240964,0.0610880632962637
52.41874827184466,12.75302121686747,0.060514601785894476
52.41874827184466,12.753163831325303,0.059903838803622524
52.41874827184466,12.753306445783133,0.05926003499414849
52.41874827184466,12.753449060240964,0.05859183019460466
52.41874827184466,12.753591674698797,0.057886710945329226
52.41874827184466,12.753734289156627,0.05715029204112973
52.41874827184466,12.753876903614458,0.05638529542984279
52.41874827184466,12.75401951807229,0.05559691752572958
52.41874827184466,12.754162132530121,0.054779995573837795
52.41874827184466,12.754304746987952,0.053939630507738666
52.41874827184466,12.754447361445784,0.05307424098954163
52.41874827184466,12.754589975903615,0.05218738100619478
52.41874827184466,12.754732590361446,0.05127401717093757
52.41874827184466,12.754875204819278,0.0503469595712436
52.41874827184466,12.755017819277109,0.04939511204194913
52.41874827184466,12.75516043373494,0.048435152867447304
52.41874827184466,12.755303048192772,0.04745353237395446
52.41874827184466,12.755445662650603,0.0464566617264615
52.41874827184466,12.755588277108435,0.04544392747808739
52.41874827184466,12.755730891566266,0.0444173059519467
52.41874827184466,12.755873506024097,0.04338420168194964
52.41874827184466,12.75601612048193,0.0423400888364487
52.41874827184466,12.75615873493976,0.04128934075611283
52.41874827184466,12.75630134939759,0.04023123629730538
52.41874827184466,12.756443963855423,0.03917565865064434
52.41874827184466,12.756586578313254,0.03810635413612234
52.41874827184466,12.756729192771084,0.03703895693791643
52.41874827184466,12.756871807228917,0.035973395744815555
52.41874827184466,12.757014421686748,0.03491073299958454
52.41874827184466,12.757157036144578,0.033845679886338374
52.41874827184466,12.75729965060241,0.03278726371072361
52.41874827184466,12.757442265060241,0.03173804906566033
52.41874827184466,12.757584879518072,0.03069702193159186
52.41874827184466,12.757727493975905,0.029660585187657174
52.41874827184466,12.757870108433735,0.02863150358237061
52.41874827184466,12.758012722891566,0.02762073344028735
52.41874827184466,12.758155337349399,0.02662285696624139
52.41874827184466,12.75829795180723,0.02563879469864
52.41874827184466,12.758440566265062,0.0246721529468908
52.41874827184466,12.758583180722892,0.023715032516525063
52.41874827184466,12.758725795180723,0.022779831803428834
52.41874827184466,12.758868409638556,0.0218651332492445
52.41874827184466,12.759011024096386,0.020972052202832454
52.41874827184466,12.759153638554217,0.020101775854040455
52.41874827184466,12.75929625301205,0.01925592585691241
52.41874827184466,12.75943886746988,0.018433211962353695
52.41874827184466,12.759581481927711,0.017636224163024145
52.41874827184466,12.759724096385543,0.016865929697915404
52.41874827184466,12.759866710843374,0.016118842035552368
52.41874827184466,12.760009325301205,0.01540933098356543
52.41874827184466,12.760151939759037,0.01472346796413393
52.41874827184466,12.760294554216868,0.014061075363628104
52.41874827184466,12.760437168674699,0.013438930497050276
52.41874827184466,12.760579783132531,0.012846205134864095
52.41874827184466,12.760722397590362,0.012281523833095852
52.41874827184466,12.760865012048193,0.011752262334776453
52.41874827184466,12.761007626506025,0.011260852604277895
52.41874827184466,12.761150240963856,0.010809006865961517
52.41874827184466,12.761292855421688,0.010397211429419163
52.41874827184466,12.761435469879519,0.010009306585608203
52.41874827184466,12.76157808433735,0.0096590504397257
52.41874827184466,12.761720698795182,0.009349688513745572
52.41874827184466,12.761863313253013,0.009075181106052736
52.41874827184466,12.762005927710844,0.008844978928352383
52.41874827184466,12.762148542168676,0.008649182954524482
52.41874827184466,12.762291156626507,0.008490507599796818
52.41874827184466,12.762433771084337,0.008372209127654313
52.41874827184466,12.76257638554217,0.008294820869768738
52.41874827184466,12.762719,0.00825127687331388
52.418841009708736,12.750882,0.06532470590725674
52.418841009708736,12.751024614457831,0.06529078383636462
52.418841009708736,12.751167228915664,0.06520814830194556
52.418841009708736,12.751309843373495,0.06508963406295742
52.418841009708736,12.751452457831325,0.06492949848102827
52.418841009708736,12.751595072289158,0.06472898506596558
52.418841009708736,12.751737686746988,0.06449016943764566
52.418841009708736,12.75188030120482,0.06420285322232559
52.418841009708736,12.752022915662652,0.0638762597413709
52.418841009708736,12.752165530120482,0.06351663204455218
52.418841009708736,12.752308144578313,0.06312083841777835
52.418841009708736,12.752450759036146,0.06268075978542711
52.418841009708736,12.752593373493976,0.06221077808592786
52.418841009708736,12.752735987951809,0.06170391551500374
52.418841009708736,12.75287860240964,0.06116474750789844
52.418841009708736,12.75302121686747,0.060587852878921614
52.418841009708736,12.753163831325303,0.05997342024003696
52.418841009708736,12.753306445783133,0.059325761897799936
52.418841009708736,12.753449060240964,0.05865355529748922
52.418841009708736,12.753591674698797,0.057944222044402555
52.418841009708736,12.753734289156627,0.05720339392181168
52.418841009708736,12.753876903614458,0.05643382462197681
52.418841009708736,12.75401951807229,0.055640715483356515
52.418841009708736,12.754162132530121,0.05481886955278829
52.418841009708736,12.754304746987952,0.053973482130460944
52.418841009708736,12.754447361445784,0.05310287211101603
52.418841009708736,12.754589975903615,0.05221063208565996
52.418841009708736,12.754732590361446,0.05129176928665627
52.418841009708736,12.754875204819278,0.05035907846580351
52.418841009708736,12.755017819277109,0.049401419458420776
52.418841009708736,12.75516043373494,0.04843567508628134
52.418841009708736,12.755303048192772,0.047448054869649814
52.418841009708736,12.755445662650603,0.04644515950630632
52.418841009708736,12.755588277108435,0.045426299026359696
52.418841009708736,12.755730891566266,0.044393468482032565
52.418841009708736,12.755873506024097,0.043354045595902356
52.418841009708736,12.75601612048193,0.04230350645357729
52.418841009708736,12.75615873493976,0.04124627470110734
52.418841009708736,12.75630134939759,0.04018172636648171
52.418841009708736,12.756443963855423,0.03911969043287833
52.418841009708736,12.756586578313254,0.038043907747258084
52.418841009708736,12.756729192771084,0.036969999460321194
52.418841009708736,12.756871807228917,0.03589786101087637
52.418841009708736,12.757014421686748,0.0348286191373194
52.418841009708736,12.757157036144578,0.033756969049482166
52.418841009708736,12.75729965060241,0.03269196014969643
52.418841009708736,12.757442265060241,0.0316362023094272
52.418841009708736,12.757584879518072,0.030588714019976683
52.418841009708736,12.757727493975905,0.029545800864653495
52.418841009708736,12.757870108433735,0.0285103107635179
52.418841009708736,12.758012722891566,0.027493232570291407
52.418841009708736,12.758155337349399,0.02648910165287878
52.418841009708736,12.75829795180723,0.02549884959513654
52.418841009708736,12.758440566265062,0.02452614039152532
52.418841009708736,12.758583180722892,0.023562983039941282
52.418841009708736,12.758725795180723,0.022621856540718303
52.418841009708736,12.758868409638556,0.02170139954860604
52.418841009708736,12.759011024096386,0.02080267958130001
52.418841009708736,12.759153638554217,0.01992684861688759
52.418841009708736,12.75929625301205,0.019075506859462767
52.418841009708736,12.75943886746988,0.01824761858155904
52.418841009708736,12.759581481927711,0.01744555499277046
52.418841009708736,12.759724096385543,0.01667046613597268
52.418841009708736,12.759866710843374,0.015918737659339408
52.418841009708736,12.760009325301205,0.015204803980794384
52.418841009708736,12.760151939759037,0.014514640471904757
52.418841009708736,12.760294554216868,0.013848037685270603
52.418841009708736,12.760437168674699,0.013221926718290205
52.418841009708736,12.760579783132531,0.012625368970658156
52.418841009708736,12.760722397590362,0.01205718158877472
52.418841009708736,12.760865012048193,0.01152456669076881
52.418841009708736,12.761007626506025,0.011030038600071658
52.418841009708736,12.761150240963856,0.01057522743850233
52.418841009708736,12.761292855421688,0.010160852303401257
52.418841009708736,12.761435469879519,0.00977046225209585
52.418841009708736,12.76157808433735,0.009418045388215664
52.418841009708736,12.761720698795182,0.009106732886823555
52.418841009708736,12.761863313253013,0.008830507261148354
52.418841009708736,12.762005927710844,0.00859878136414975
52.418841009708736,12.762148542168676,0.00840174130377909
52.418841009708736,12.762291156626507,0.008242057066054092
52.418841009708736,12.762433771084337,0.008123038185248338
52.418841009708736,12.76257638554217,0.008045120703176104
52.418841009708736,12.762719,0.008001338279830851
52.418933747572815,12.750882,0.06542173479664001
52.418933747572815,12.751024614457831,0.06538762254420873
52.418933747572815,12.751167228915664,0.06530452811831078
52.418933747572815,12.751309843373495,0.06518539339911812
52.418933747572815,12.751452457831325,0.06502424212849142
52.418933747572815,12.751595072289158,0.06482258703774418
52.418933747572815,12.751737686746988,0.0645822866359547
52.418933747572815,12.75188030120482,0.06429328459825882
52.418933747572815,12.752022915662652,0.06396474344020195
52.418933747572815,12.752165530120482,0.0636029979844393
52.418933747572815,12.752308144578313,0.06320478645881858
52.418933747572815,12.752450759036146,0.06276206816272367
52.418933747572815,12.752593373493976,0.06228928515506526
52.418933747572815,12.752735987951809,0.06177944139715581
52.418933747572815,12.75287860240964,0.0612371040746553
52.418933747572815,12.75302121686747,0.06065680565580149
52.418933747572815,12.753163831325303,0.06003873487678746
52.418933747572815,12.753306445783133,0.059387255169960705
52.418933747572815,12.753449060240964,0.0587110807138301
52.418933747572815,12.753591674698797,0.05799756962105436
52.418933747572815,12.753734289156627,0.05725237024886323
52.418933747572815,12.753876903614458,0.05647826710002787
52.418933747572815,12.75401951807229,0.05568046696679241
52.418933747572815,12.754162132530121,0.054853738777556754
52.418933747572815,12.754304746987952,0.05400337130444996
52.418933747572815,12.754447361445784,0.053127585335400046
52.418933747572815,12.754589975903615,0.05223001088317649
52.418933747572815,12.754732590361446,0.05130569602188579
52.418933747572815,12.754875204819278,0.0503674196746313
52.418933747572815,12.755017819277109,0.049403997921639096
52.418933747572815,12.75516043373494,0.04843251737020623
52.418933747572815,12.755303048192772,0.04743894790332841
52.418933747572815,12.755445662650603,0.04643007877279356
52.418933747572815,12.755588277108435,0.04540514371535823
52.418933747572815,12.755730891566266,0.04436615642753101
52.418933747572815,12.755873506024097,0.04332046837083225
52.418933747572815,12.75601612048193,0.04226355705685508
52.418933747572815,12.75615873493976,0.04119989661922238
52.418933747572815,12.75630134939759,0.04012895904880167
52.418933747572815,12.756443963855423,0.03906051898424047
52.418933747572815,12.756586578313254,0.037978312610713924
52.418933747572815,12.756729192771084,0.036897948034118846
52.418933747572815,12.756871807228917,0.035819287975443106
52.418933747572815,12.757014421686748,0.034743522112264086
52.418933747572815,12.757157036144578,0.033665330252120214
52.418933747572815,12.75729965060241,0.03259378398527406
52.418933747572815,12.757442265060241,0.03153153777539967
52.418933747572815,12.757584879518072,0.030477642804977872
52.418933747572815,12.757727493975905,0.029428307793232026
52.418933747572815,12.757870108433735,0.028386463384624028
52.418933747572815,12.758012722891566,0.027363130228617916
52.418933747572815,12.758155337349399,0.02635279687161461
52.418933747572815,12.75829795180723,0.02535640672205977
52.418933747572815,12.758440566265062,0.02437768105893665
52.418933747572815,12.758583180722892,0.023408537855089694
52.418933747572815,12.758725795180723,0.022461535312786506
52.418933747572815,12.758868409638556,0.021535368325897787
52.418933747572815,12.759011024096386,0.020631056670471624
52.418933747572815,12.759153638554217,0.019749717099998003
52.418933747572815,12.75929625301205,0.018892929182263776
52.418933747572815,12.75943886746988,0.018059909311928645
52.418933747572815,12.759581481927711,0.01725281229315021
52.418933747572815,12.759724096385543,0.016472969242779155
52.418933747572815,12.759866710843374,0.01571663865981819
52.418933747572815,12.760009325301205,0.014998319456895524
52.418933747572815,12.760151939759037,0.014303891710206691
52.418933747572815,12.760294554216868,0.013633114232678534
52.418933747572815,12.760437168674699,0.013003070440763091
52.418933747572815,12.760579783132531,0.01240271225473323
52.418933747572815,12.760722397590362,0.011831047989736715
52.418933747572815,12.760865012048193,0.011295107384570815
52.418933747572815,12.761007626506025,0.01079748657473336
52.418933747572815,12.761150240963856,0.01033973449184853
52.418933747572815,12.761292855421688,0.009922801114899559
52.418933747572815,12.761435469879519,0.009529946301944807
52.418933747572815,12.76157808433735,0.00917538618915838
52.418933747572815,12.761720698795182,0.008862138992440025
52.418933747572815,12.761863313253013,0.008584209798375157
52.418933747572815,12.762005927710844,0.00835097273612327
52.418933747572815,12.762148542168676,0.008152698954354748
52.418933747572815,12.762291156626507,0.00799201383183418
52.418933747572815,12.762433771084337,0.007872280411435971
52.418933747572815,12.76257638554217,0.007793837888555676
52.418933747572815,12.762719,0.007749819660726669
52.419026485436895,12.750882,0.06551298337814074
52.419026485436895,12.751024614457831,0.0654786855182922
52.419026485436895,12.751167228915664,0.06539514230257902
52.419026485436895,12.751309843373495,0.06527540077852471
52.419026485436895,12.751452457831325,0.0651132542785576
52.419026485436895,12.751595072289158,0.06491048109492786
52.419026485436895,12.751737686746988,0.06466872590229779
52.419026485436895,12.75188030120482,0.06437807251924697
52.419026485436895,12.752022915662652,0.06404762264189652
52.419026485436895,12.752165530120482,0.0636838027467934
52.419026485436895,12.752308144578313,0.06328322152330426
52.419026485436895,12.752450759036146,0.06283791636588135
52.419026485436895,12.752593373493976,0.062362389150886086
52.419026485436895,12.752735987951809,0.0618496257836358
52.419026485436895,12.75287860240964,0.06130418432766431
52.419026485436895,12.75302121686747,0.06072055173538263
52.419026485436895,12.753163831325303,0.06009891680690287
52.419026485436895,12.753306445783133,0.05944369362257981
52.419026485436895,12.753449060240964,0.05876363271281768
52.419026485436895,12.753591674698797,0.05804602917916028
52.419026485436895,12.753734289156627,0.0572965477183631
52.419026485436895,12.753876903614458,0.05651800315679858
52.419026485436895,12.75401951807229,0.05571560806889592
52.419026485436895,12.754162132530121,0.05488409687049133
52.419026485436895,12.754304746987952,0.054028851162270485
52.419026485436895,12.754447361445784,0.053147994486702044
52.419026485436895,12.754589975903615,0.05224519367577454
52.419026485436895,12.754732590361446,0.05131553735014172
52.419026485436895,12.754875204819278,0.05037178828302714
52.419026485436895,12.755017819277109,0.049402719435659916
52.419026485436895,12.75516043373494,0.048425619661066344
52.419026485436895,12.755303048192772,0.04742622087361226
52.419026485436895,12.755445662650603,0.04641149942421263
52.419026485436895,12.755588277108435,0.04538061299334636
52.419026485436895,12.755730891566266,0.04433559377156272
52.419026485436895,12.755873506024097,0.043283766710279885
52.419026485436895,12.75601612048193,0.04222061061279559
52.419026485436895,12.75615873493976,0.041150650144482326
52.419026485436895,12.75630134939759,0.04007345276322441
52.419026485436895,12.756443963855423,0.03899873755121969
52.419026485436895,12.756586578313254,0.037910236733216314
52.419026485436895,12.756729192771084,0.036823546160116065
52.419026485436895,12.756871807228917,0.0357384949204599
52.419026485436895,12.757014421686748,0.034656335907385406
52.419026485436895,12.757157036144578,0.03357173258967647
52.419026485436895,12.75729965060241,0.032493779238427674
52.419026485436895,12.757442265060241,0.03142517413784951
52.419026485436895,12.757584879518072,0.030365000891486006
52.419026485436895,12.757727493975905,0.029309371777666293
52.419026485436895,12.757870108433735,0.0282612993622172
52.419026485436895,12.758012722891566,0.027231836409886346
52.419026485436895,12.758155337349399,0.026215423822687472
52.419026485436895,12.75829795180723,0.025213017458493345
52.419026485436895,12.758440566265062,0.024228395384774375
52.419026485436895,12.758583180722892,0.023253384361026766
52.419026485436895,12.758725795180723,0.022300621391237986
52.419026485436895,12.758868409638556,0.0213688579098687
52.419026485436895,12.759011024096386,0.020459065373987458
52.419026485436895,12.759153638554217,0.01957232569208723
52.419026485436895,12.75929625301205,0.01871019827526778
52.419026485436895,12.75943886746988,0.01787214859731759
52.419026485436895,12.759581481927711,0.017060117265328273
52.419026485436895,12.759724096385543,0.016275614836341542
52.419026485436895,12.759866710843374,0.015514773736453739
52.419026485436895,12.760009325301205,0.014792156812005172
52.419026485436895,12.760151939759037,0.014093549704395983
52.419026485436895,12.760294554216868,0.013418679290676971
52.419026485436895,12.760437168674699,0.012784779711480239
52.419026485436895,12.760579783132531,0.012180695133487053
52.419026485436895,12.760722397590362,0.0116056229639315
52.419026485436895,12.760865012048193,0.011066422265202236
52.419026485436895,12.761007626506025,0.010565769608815372
52.419026485436895,12.761150240963856,0.010105133223136588
52.419026485436895,12.761292855421688,0.009685693116411384
52.419026485436895,12.761435469879519,0.009290421371759922
52.419026485436895,12.76157808433735,0.008933760255689715
52.419026485436895,12.761720698795182,0.008618616302236346
52.419026485436895,12.761863313253013,0.008339017119803123
52.419026485436895,12.762005927710844,0.008104298105574682
52.419026485436895,12.762148542168676,0.007904814747397288
52.419026485436895,12.762291156626507,0.007743148183179938
52.419026485436895,12.762433771084337,0.007622714516340181
52.419026485436895,12.76257638554217,0.007543757218751468
52.419026485436895,12.762719,0.007499507993988075
52.419119223300974,12.750882,0.06560241096276469
52.419119223300974,12.751024614457831,0.06556792936385061
52.419119223300974,12.751167228915664,0.06548394242612837
52.419119223300974,12.751309843373495,0.06536360136885258
52.419119223300974,12.751452457831325,0.06520047061060943
52.419119223300974,12.751595072289158,0.06499659185346002
52.419119223300974,12.751737686746988,0.06475339818454381
52.419119223300974,12.75188030120482,0.06446111202448293
52.419119223300974,12.752022915662652,0.06412877518766451
52.419119223300974,12.752165530120482,0.0637629041455651
52.419119223300974,12.752308144578313,0.06335997946397438
52.419119223300974,12.752450759036146,0.06291211675428636
52.419119223300974,12.752593373493976,0.062433875686341275
52.419119223300974,12.752735987951809,0.061918225252820626
52.419119223300974,12.75287860240964,0.06136971410112419
52.419119223300974,12.75302121686747,0.06078278440074629
52.419119223300974,12.753163831325303,0.06015762528574782
52.419119223300974,12.753306445783133,0.059498700171369726
52.419119223300974,12.753449060240964,0.058814796554036645
52.419119223300974,12.753591674698797,0.05809314632429851
52.419119223300974,12.753734289156627,0.057339430316901835
52.419119223300974,12.753876903614458,0.05655649366826272
52.419119223300974,12.75401951807229,0.05574955470322942
52.419119223300974,12.754162132530121,0.05491331444027122
52.419119223300974,12.754304746987952,0.05405324495371749
52.419119223300974,12.754447361445784,0.05316737431338735
52.419119223300974,12.754589975903615,0.05225940518829978
52.419119223300974,12.754732590361446,0.05132446744410481
52.419119223300974,12.754875204819278,0.05037530636282771
52.419119223300974,12.755017819277109,0.049400653248843546
52.419119223300974,12.75516043373494,0.04841799675658979
52.419119223300974,12.755303048192772,0.04741283338954854
52.419119223300974,12.755445662650603,0.04639232442898555
52.419119223300974,12.755588277108435,0.04535555271470038
52.419119223300974,12.755730891566266,0.044304569085946495
52.419119223300974,12.755873506024097,0.0432466716519514
52.419119223300974,12.75601612048193,0.04217734022852186
52.419119223300974,12.75615873493976,0.04110114980615297
52.419119223300974,12.75630134939759,0.040017762252720586
52.419119223300974,12.756443963855423,0.03893684124501981
52.419119223300974,12.756586578313254,0.037842115831680394
52.419119223300974,12.756729192771084,0.0367491696164844
52.419119223300974,12.756871807228917,0.03565779794260861
52.419119223300974,12.757014421686748,0.034569316340241574
52.419119223300974,12.757157036144578,0.033478372176182596
52.419119223300974,12.75729965060241,0.032394082503367304
52.419119223300974,12.757442265060241,0.0313191887644272
52.419119223300974,12.757584879518072,0.030252806565177294
52.419119223300974,12.757727493975905,0.02919095251589868
52.419119223300974,12.757870108433735,0.028136720790442223
52.419119223300974,12.758012722891566,0.02710119589344436
52.419119223300974,12.758155337349399,0.026078770921385913
52.419119223300974,12.75829795180723,0.02507041468684062
52.419119223300974,12.758440566265062,0.024079961438766236
52.419119223300974,12.758583180722892,0.023099147602132702
52.419119223300974,12.758725795180723,0.022140687536102748
52.419119223300974,12.758868409638556,0.02120338910911327
52.419119223300974,12.759011024096386,0.020288176236603526
52.419119223300974,12.759153638554217,0.019396095785570906
52.419119223300974,12.75929625301205,0.018528687453245807
52.419119223300974,12.75943886746988,0.017685663312108232
52.419119223300974,12.759581481927711,0.01686875170385542
52.419119223300974,12.759724096385543,0.016079641314169692
52.419119223300974,12.759866710843374,0.01531433942509999
52.419119223300974,12.760009325301205,0.014587472205036596
52.419119223300974,12.760151939759037,0.013884731670899726
52.419119223300974,12.760294554216868,0.013205813646193842
52.419119223300974,12.760437168674699,0.012568100774604242
52.419119223300974,12.760579783132531,0.011960330542451167
52.419119223300974,12.760722397590362,0.011381888354415259
52.419119223300974,12.760865012048193,0.010839463403766698
52.419119223300974,12.761007626506025,0.010335811971202837
52.419119223300974,12.761150240963856,0.009872322530829841
52.419119223300974,12.761292855421688,0.009450402873384847
52.419119223300974,12.761435469879519,0.009052740689875523
52.419119223300974,12.76157808433735,0.008694001419660598
52.419119223300974,12.761720698795182,0.00837698151888365
52.419119223300974,12.761863313253013,0.008095731026906836
52.419119223300974,12.762005927710844,0.007859546416629054
52.419119223300974,12.762148542168676,0.007658866615639672
52.419119223300974,12.762291156626507,0.007496229898193005
52.419119223300974,12.762433771084337,0.007375103370878263
52.419119223300974,12.76257638554217,0.007295636996183286
52.419119223300974,12.762719,0.007251159059379931
52.41921196116505,12.750882,0.06568513915082196
52.41921196116505,12.751024614457831,0.06565047964160607
52.41921196116505,12.751167228915664,0.06556606165732534
52.41921196116505,12.751309843373495,0.0654451388231295
52.41921196116505,12.751452457831325,0.06528104901739905
52.41921196116505,12.751595072289158,0.06507609462102963
52.41921196116505,12.751737686746988,0.06483149974929968
52.41921196116505,12.75188030120482,0.06453762444868277
52.41921196116505,12.752022915662652,0.06420345016477995
52.41921196116505,12.752165530120482,0.0638355827218312
52.41921196116505,12.752308144578313,0.06343037626199616
52.41921196116505,12.752450759036146,0.06298002322508955
52.41921196116505,12.752593373493976,0.06249914035714524
52.41921196116505,12.752735987951809,0.06198068022794959
52.41921196116505,12.75287860240964,0.06142918185989945
52.41921196116505,12.75302121686747,0.060839043338309126
52.41921196116505,12.753163831325303,0.0602104540738329
52.41921196116505,12.753306445783133,0.05954792588135553
52.41921196116505,12.753449060240964,0.05886028279599762
52.41921196116505,12.753591674698797,0.05813469377314623
52.41921196116505,12.753734289156627,0.05737685618053229
52.41921196116505,12.753876903614458,0.05658964447232432
52.41921196116505,12.75401951807229,0.0557782834476689
52.41921196116505,12.754162132530121,0.05493743946524133
52.41921196116505,12.754304746987952,0.05407267515082227
52.41921196116505,12.754447361445784,0.053181923770697685
52.41921196116505,12.754589975903615,0.052268923375825685
52.41921196116505,12.754732590361446,0.05132884451844187
52.41921196116505,12.754875204819278,0.05037441471342834
52.41921196116505,12.755017819277109,0.04939432364537909
52.41921196116505,12.75516043373494,0.0484062589289368
52.41921196116505,12.755303048192772,0.04739548296307107
52.41921196116505,12.755445662650603,0.04636934028229656
52.41921196116505,12.755588277108435,0.04532683930722145
52.41921196116505,12.755730891566266,0.04427004920040682
52.41921196116505,12.755873506024097,0.04320624125734339
52.41921196116505,12.75601612048193,0.042130895835228964
52.41921196116505,12.75615873493976,0.04104863909090779
52.41921196116505,12.75630134939759,0.03995922482613015
52.41921196116505,12.756443963855423,0.038872261923211304
52.41921196116505,12.756586578313254,0.03777147580167553
52.41921196116505,12.756729192771084,0.03667243877052068
52.41921196116505,12.756871807228917,0.03557491213765962
52.41921196116505,12.757014421686748,0.034480273664804835
52.41921196116505,12.757157036144578,0.03338315380807877
52.41921196116505,12.75729965060241,0.03229269260001934
52.41921196116505,12.757442265060241,0.031211673898948168
52.41921196116505,12.757584879518072,0.030139245739008967
52.41921196116505,12.757727493975905,0.029071328883005943
52.41921196116505,12.757870108433735,0.028011098087754344
52.41921196116505,12.758012722891566,0.026969669373954668
52.41921196116505,12.758155337349399,0.025941388273122885
52.41921196116505,12.75829795180723,0.024927236443473402
52.41921196116505,12.758440566265062,0.023931103592092433
52.41921196116505,12.758583180722892,0.022944636690787012
52.41921196116505,12.758725795180723,0.021980626918415715
52.41921196116505,12.758868409638556,0.021037937229222963
52.41921196116505,12.759011024096386,0.020117444390522175
52.41921196116505,12.759153638554217,0.019220160507569056
52.41921196116505,12.75929625301205,0.018347605686087086
52.41921196116505,12.75943886746988,0.01749973575778733
52.41921196116505,12.759581481927711,0.016678069481094942
52.41921196116505,12.759724096385543,0.015884471713150102
52.41921196116505,12.759866710843374,0.015114825360821559
52.41921196116505,12.760009325301205,0.014383819333135053
52.41921196116505,12.760151939759037,0.013677052755889898
52.41921196116505,12.760294554216868,0.012994190868645285
52.41921196116505,12.760437168674699,0.012352762526057768
52.41921196116505,12.760579783132531,0.011741400302113755
52.41921196116505,12.760722397590362,0.011159675850309326
52.41921196116505,12.760865012048193,0.010614109340655297
52.41921196116505,12.761007626506025,0.010107536276773698
52.41921196116505,12.761150240963856,0.009641266110996603
52.41921196116505,12.761292855421688,0.009216932223458514
52.41921196116505,12.761435469879519,0.008816940094007195
52.41921196116505,12.76157808433735,0.008456176033410773
52.41921196116505,12.761720698795182,0.008137328541839746
52.41921196116505,12.761863313253013,0.007854469336151226
52.41921196116505,12.762005927710844,0.007616856242841148
52.41921196116505,12.762148542168676,0.007415010696153067
52.41921196116505,12.762291156626507,0.007251428115787769
52.41921196116505,12.762433771084337,0.0071296268107592185
52.41921196116505,12.76257638554217,0.007049663941015981
52.41921196116505,12.762719,0.007004963512657266
52.41930469902913,12.750882,0.06576169772193767
52.41930469902913,12.751024614457831,0.0657268668898675
52.41930469902913,12.751167228915664,0.06564203245649275
52.41930469902913,12.751309843373495,0.06552054874038536
52.41930469902913,12.751452457831325,0.06535553003457098
52.41930469902913,12.751595072289158,0.06514953586625304
52.41930469902913,12.751737686746988,0.06490358454022974
52.41930469902913,12.75188030120482,0.06460817118606181
52.41930469902913,12.752022915662652,0.06427221859009667
52.41930469902913,12.752165530120482,0.06390241991305781
52.41930469902913,12.752308144578313,0.06349500446298298
52.41930469902913,12.752450759036146,0.06304224134380547
52.41930469902913,12.752593373493976,0.06255880232147351
52.41930469902913,12.752735987951809,0.06203762474896657
52.41930469902913,12.75287860240964,0.061483237194063504
52.41930469902913,12.75302121686747,0.060889994207998066
52.41930469902913,12.753163831325303,0.060258086617107104
52.41930469902913,12.753306445783133,0.0595920726087548
52.41930469902913,12.753449060240964,0.05890081290157775
52.41930469902913,12.753591674698797,0.058171413778827535
52.41930469902913,12.753734289156627,0.05740958883890532
52.41930469902913,12.753876903614458,0.056618241562050885
52.41930469902913,12.75401951807229,0.05580260308588521
52.41930469902913,12.754162132530121,0.054957305193329295
52.41930469902913,12.754304746987952,0.054087999689281234
52.41930469902913,12.754447361445784,0.053192526924761036
52.41930469902913,12.754589975903615,0.05227465861488417
52.41930469902913,12.754732590361446,0.05132960646118606
52.41930469902913,12.754875204819278,0.050370079005898134
52.41930469902913,12.755017819277109,0.04938472560873556
52.41930469902913,12.75516043373494,0.04839142950217372
52.41930469902913,12.755303048192772,0.04737522272525875
52.41930469902913,12.755445662650603,0.046343629921259975
52.41930469902913,12.755588277108435,0.045295585998775964
52.41930469902913,12.755730891566266,0.044233178290491615
52.41930469902913,12.755873506024097,0.04316365108184367
52.41930469902913,12.75601612048193,0.042082485532202285
52.41930469902913,12.75615873493976,0.04099435778921058
52.41930469902913,12.75630134939759,0.03989911301810983
52.41930469902913,12.756443963855423,0.03880630458369514
52.41930469902913,12.756586578313254,0.037699654696917266
52.41930469902913,12.756729192771084,0.03659472487874992
52.41930469902913,12.756871807228917,0.03549124216801562
52.41930469902913,12.757014421686748,0.034390645544754926
52.41930469902913,12.757157036144578,0.033287548311228425
52.41930469902913,12.75729965060241,0.032191113441524866
52.41930469902913,12.757442265060241,0.031104166756196434
52.41930469902913,12.757584879518072,0.030025887713297453
52.41930469902913,12.757727493975905,0.028952102457538438
52.41930469902913,12.757870108433735,0.02788606539153605
52.41930469902913,12.758012722891566,0.026838923245180772
52.41930469902913,12.758155337349399,0.02580497393382131
52.41930469902913,12.75829795180723,0.024785212215181245
52.41930469902913,12.758440566265062,0.023783582655683436
52.41930469902913,12.758583180722892,0.02279164329442749
52.41930469902913,12.758725795180723,0.021822260705743834
52.41930469902913,12.758868409638556,0.02087435282836292
52.41930469902913,12.759011024096386,0.019948749560499846
52.41930469902913,12.759153638554217,0.01904642742755292
52.41930469902913,12.75929625301205,0.018168888345423382
52.41930469902913,12.75943886746988,0.017316328491563164
52.41930469902913,12.759581481927711,0.01649005947112752
52.41930469902913,12.759724096385543,0.015692119801926842
52.41930469902913,12.759866710843374,0.014918269151283825
52.41930469902913,12.760009325301205,0.014183259033846643
52.41930469902913,12.760151939759037,0.013472596683611001
52.41930469902913,12.760294554216868,0.012785916468521006
52.41930469902913,12.760437168674699,0.01214089126816685
52.41930469902913,12.760579783132531,0.011526050236431565
52.41930469902913,12.760722397590362,0.0109411493792054
52.41930469902913,12.760865012048193,0.010392541567669911
52.41930469902913,12.761007626506025,0.009883140138025007
52.41930469902913,12.761150240963856,0.00941417671312294
52.41930469902913,12.761292855421688,0.008987507216625345
52.41930469902913,12.761435469879519,0.008585258854495464
52.41930469902913,12.76157808433735,0.008222535353213777
52.41930469902913,12.761720698795182,0.007901918774279893
52.41930469902913,12.761863313253013,0.007617502507520104
52.41930469902913,12.762005927710844,0.007378505944543397
52.41930469902913,12.762148542168676,0.007175531884739746
52.41930469902913,12.762291156626507,0.007011033633375987
52.41930469902913,12.762433771084337,0.006888579354352442
52.41930469902913,12.76257638554217,0.006808135148923985
52.41930469902913,12.762719,0.006763219308059417
52.419397436893206,12.750882,0.06583028949128479
52.419397436893206,12.751024614457831,0.06579529073603516
52.419397436893206,12.751167228915664,0.06571004763782748
52.419397436893206,12.751309843373495,0.06558801394718347
52.419397436893206,12.751452457831325,0.06542208302182279
52.419397436893206,12.751595072289158,0.06521506814751786
52.419397436893206,12.751737686746988,0.06496778469376525
52.419397436893206,12.75188030120482,0.0646708612673485
52.419397436893206,12.752022915662652,0.06433316249544715
52.419397436893206,12.752165530120482,0.06396146743435775
52.419397436893206,12.752308144578313,0.06355188249620639
52.419397436893206,12.752450759036146,0.06309675274960343
52.419397436893206,12.752593373493976,0.06261080340280939
52.419397436893206,12.752735987951809,0.062086957470823975
52.419397436893206,12.75287860240964,0.06152973302527555
52.419397436893206,12.75302121686747,0.06093344197738148
52.419397436893206,12.753163831325303,0.06029827627242276
52.419397436893206,12.753306445783133,0.05962883962487739
52.419397436893206,12.753449060240964,0.058934028874488883
52.419397436893206,12.753591674698797,0.05820088912398572
52.419397436893206,12.753734289156627,0.05743514936847617
52.419397436893206,12.753876903614458,0.0566397413773788
52.419397436893206,12.75401951807229,0.05581990298227023
52.419397436893206,12.754162132530121,0.0549702320763161
52.419397436893206,12.754304746987952,0.05409646802014672
52.419397436893206,12.754447361445784,0.05319635976577255
52.419397436893206,12.754589975903615,0.052273711614287954
52.419397436893206,12.754732590361446,0.051323776345002736
52.419397436893206,12.754875204819278,0.0503592435100401
52.419397436893206,12.755017819277109,0.04936872279982572
52.419397436893206,12.75516043373494,0.048370290658818135
52.419397436893206,12.755303048192772,0.04734875119945842
52.419397436893206,12.755445662650603,0.04631180737748626
52.419397436893206,12.755588277108435,0.04525832125363378
52.419397436893206,12.755730891566266,0.044190398352002724
52.419397436893206,12.755873506024097,0.043115255750278546
52.419397436893206,12.75601612048193,0.04202837529878205
52.419397436893206,12.75615873493976,0.04093448302339573
52.419397436893206,12.75630134939759,0.039833514273709604
52.419397436893206,12.756443963855423,0.03873496610087401
52.419397436893206,12.756586578313254,0.03762255907311101
52.419397436893206,12.756729192771084,0.036511843523148665
52.419397436893206,12.756871807228917,0.03540251253881871
52.419397436893206,12.757014421686748,0.03429606541961791
52.419397436893206,12.757157036144578,0.03318709870645416
52.419397436893206,12.75729965060241,0.03208479819709792
52.419397436893206,12.757442265060241,0.030992030905936316
52.419397436893206,12.757584879518072,0.0299080073247604
52.419397436893206,12.757727493975905,0.02882845981099441
52.419397436893206,12.757870108433735,0.027756721779425553
52.419397436893206,12.758012722891566,0.026703969934491874
52.419397436893206,12.758155337349399,0.02566445524035267
52.419397436893206,12.75829795180723,0.02463918531760398
52.419397436893206,12.758440566265062,0.023632158759318445
52.419397436893206,12.758583180722892,0.022634846173796706
52.419397436893206,12.758725795180723,0.021660187948083817
52.419397436893206,12.758868409638556,0.020707156826846596
52.419397436893206,12.759011024096386,0.019776535804504378
52.419397436893206,12.759153638554217,0.018869266472859258
52.419397436893206,12.75929625301205,0.017986833033418526
52.419397436893206,12.75943886746988,0.017129668292936644
52.419397436893206,12.759581481927711,0.016298879552876525
52.419397436893206,12.759724096385543,0.01549667731582541
52.419397436893206,12.759866710843374,0.014718698872848539
52.419397436893206,12.760009325301205,0.0139797577964333
52.419397436893206,12.760151939759037,0.013265270846415225
52.419397436893206,12.760294554216868,0.012574841670811686
52.419397436893206,12.760437168674699,0.011926284731175312
52.419397436893206,12.760579783132531,0.011308027590626329
52.419397436893206,12.760722397590362,0.010720008411747844
52.419397436893206,12.760865012048193,0.010168414498498916
52.419397436893206,12.761007626506025,0.009656236173422863
52.419397436893206,12.761150240963856,0.009184627700448072
52.419397436893206,12.761292855421688,0.008755665307457817
52.419397436893206,12.761435469879519,0.008351201611302102
52.419397436893206,12.76157808433735,0.007986554242538968
52.419397436893206,12.761720698795182,0.00766420040837176
52.419397436893206,12.761863313253013,0.007378255704075015
52.419397436893206,12.762005927710844,0.007137900849740083
52.419397436893206,12.762148542168676,0.0069338189287302485
52.419397436893206,12.762291156626507,0.006768421352505273
52.419397436893206,12.762433771084337,0.00664532582678739
52.419397436893206,12.76257638554217,0.006564408846899008
52.419397436893206,12.762719,0.006519281842996928
52.419490174757286,12.750882,0.06589759013363235
52.419490174757286,12.751024614457831,0.06586242826521516
52.419490174757286,12.751167228915664,0.06577678741581722
52.419490174757286,12.751309843373495,0.06565421869375804
52.419490174757286,12.751452457831325,0.06548739841385635
52.419490174757286,12.751595072289158,0.06527938922479412
52.419490174757286,12.751737686746988,0.06503080734895486
52.419490174757286,12.75188030120482,0.06473241270029038
52.419490174757286,12.752022915662652,0.06439301212814655
52.419490174757286,12.752165530120482,0.0640194692651324
52.419490174757286,12.752308144578313,0.06360776980518304
52.419490174757286,12.752450759036146,0.06315033345782065
52.419490174757286,12.752593373493976,0.06266193823612697
52.419490174757286,12.752735987951809,0.062135492788430786
52.419490174757286,12.75287860240964,0.061575504571432634
52.419490174757286,12.75302121686747,0.06097624386823798
52.419490174757286,12.753163831325303,0.060337903626542545
52.419490174757286,12.753306445783133,0.05966513218920329
52.419490174757286,12.753449060240964,0.05896686209726226
52.419490174757286,12.753591674698797,0.05823007774012319
52.419490174757286,12.753734289156627,0.05746052325820625
52.419490174757286,12.753876903614458,0.056661158538595165
52.419490174757286,12.75401951807229,0.055837227958433336
52.419490174757286,12.754162132530121,0.05498329584269715
52.419490174757286,12.754304746987952,0.0541051875501535
52.419490174757286,12.754447361445784,0.05320056222548189
52.419490174757286,12.754589975903615,0.052273256019373535
52.419490174757286,12.754732590361446,0.05131856254904172
52.419490174757286,12.754875204819278,0.05034915174595908
52.419490174757286,12.755017819277109,0.04935359450065765
52.419490174757286,12.75516043373494,0.04835015780513799
52.419490174757286,12.755303048192772,0.047323420754747256
52.419490174757286,12.755445662650603,0.04628126238956641
52.419490174757286,12.755588277108435,0.04522247257496881
52.419490174757286,12.755730891566266,0.04414917476744801
52.419490174757286,12.755873506024097,0.04306855918403367
52.419490174757286,12.75601612048193,0.04197610770274001
52.419490174757286,12.75615873493976,0.04087659648750944
52.419490174757286,12.75630134939759,0.03977004887084406
52.419490174757286,12.756443963855423,0.038665906275284864
52.419490174757286,12.756586578313254,0.037547887777846796
52.419490174757286,12.756729192771084,0.03643153290187898
52.419490174757286,12.756871807228917,0.035316501187537486
52.419490174757286,12.757014421686748,0.034204350949973275
52.419490174757286,12.757157036144578,0.03308966202112469
52.419490174757286,12.75729965060241,0.03198164282560929
52.419490174757286,12.757442265060241,0.03088320072812102
52.419490174757286,12.757584879518072,0.029793577354285228
52.419490174757286,12.757727493975905,0.028708411926488046
52.419490174757286,12.757870108433735,0.027631115479452108
52.419490174757286,12.758012722891566,0.026572894694450924
52.419490174757286,12.758155337349399,0.02552795358105448
52.419490174757286,12.75829795180723,0.024497312716910802
52.419490174757286,12.758440566265062,0.02348502432830243
52.419490174757286,12.758583180722892,0.02248247197794951
52.419490174757286,12.758725795180723,0.02150266926766581
52.419490174757286,12.758868409638556,0.020544642422437004
52.419490174757286,12.759011024096386,0.01960912856339537
52.419490174757286,12.759153638554217,0.018697034698540668
52.419490174757286,12.75929625301205,0.01780982733153782
52.419490174757286,12.75943886746988,0.016948172162573303
52.419490174757286,12.759581481927711,0.016112975927583453
52.419490174757286,12.759724096385543,0.015306617538345817
52.419490174757286,12.759866710843374,0.01452461462669479
52.419490174757286,12.760009325301205,0.013781841262401378
52.419490174757286,12.760151939759037,0.013063625020969086
52.419490174757286,12.760294554216868,0.012369539423759224
52.419490174757286,12.760437168674699,0.011717538031779998
52.419490174757286,12.760579783132531,0.011095948627353977
52.419490174757286,12.760722397590362,0.010504888773597811
52.419490174757286,12.760865012048193,0.009950382502335004
52.419490174757286,12.761007626506025,0.009435495973935318
52.419490174757286,12.761150240963856,0.008961306858761047
52.419490174757286,12.761292855421688,0.008530109108945319
52.419490174757286,12.761435469879519,0.008123484466868626
52.419490174757286,12.76157808433735,0.0077569606901465435
52.419490174757286,12.761720698795182,0.0074329127606632866
52.419490174757286,12.761863313253013,0.00714547747749628
52.419490174757286,12.762005927710844,0.00690379746008454
52.419490174757286,12.762148542168676,0.00669863489770321
52.419490174757286,12.762291156626507,0.006532360079988777
52.419490174757286,12.762433771084337,0.006408639110711691
52.419490174757286,12.76257638554217,0.006327260664273345
52.419490174757286,12.762719,0.006281927815428636
52.41958291262136,12.750882,0.06596136002168888
52.41958291262136,12.751024614457831,0.0659260388484089
52.41958291262136,12.751167228915664,0.06584000934167276
52.41958291262136,12.751309843373495,0.06571691799203973
52.41958291262136,12.751452457831325,0.06554922760872858
52.41958291262136,12.751595072289158,0.06534024603419532
52.41958291262136,12.751737686746988,0.0650903936470314
52.41958291262136,12.75188030120482,0.06479055957047819
52.41958291262136,12.752022915662652,0.06444949438390184
52.41958291262136,12.752165530120482,0.06407414398164342
52.41958291262136,12.752308144578313,0.0636603757524561
52.41958291262136,12.752450759036146,0.06320068290794824
52.41958291262136,12.752593373493976,0.06270989472878868
52.41958291262136,12.752735987951809,0.06218090667486871
52.41958291262136,12.75287860240964,0.061618214833069784
52.41958291262136,12.75302121686747,0.0610160491844135
52.41958291262136,12.753163831325303,0.06037460359353832
52.41958291262136,12.753306445783133,0.05969856973403921
52.41958291262136,12.753449060240964,0.05899691588691417
52.41958291262136,12.753591674698797,0.058256566633042406
52.41958291262136,12.753734289156627,0.05748328068946769
52.41958291262136,12.753876903614458,0.05668004536698027
52.41958291262136,12.75401951807229,0.05585211207486983
52.41958291262136,12.754162132530121,0.054994011717127006
52.41958291262136,12.754304746987952,0.05411165418448534
52.41958291262136,12.754447361445784,0.05320261002107893
52.41958291262136,12.754589975903615,0.052270746781425736
52.41958291262136,12.754732590361446,0.05131139879782555
52.41958291262136,12.754875204819278,0.050337215791278096
52.41958291262136,12.755017819277109,0.04933673062200793
52.41958291262136,12.75516043373494,0.04832839881383253
52.41958291262136,12.755303048192772,0.04729657706052112
52.41958291262136,12.755445662650603,0.046249317808860754
52.41958291262136,12.755588277108435,0.045185339491786485
52.41958291262136,12.755730891566266,0.04410678371681431
52.41958291262136,12.755873506024097,0.043020814049072556
52.41958291262136,12.75601612048193,0.04192291160000912
52.41958291262136,12.75615873493976,0.04081790313215057
52.41958291262136,12.75630134939759,0.039705897983689134
52.41958291262136,12.756443963855423,0.03859628234519635
52.41958291262136,12.756586578313254,0.037472773837466174
52.41958291262136,12.756729192771084,0.03635090210950689
52.41958291262136,12.756871807228917,0.03523029281758346
52.41958291262136,12.757014421686748,0.03411256260325398
52.41958291262136,12.757157036144578,0.03299227439120568
52.41958291262136,12.75729965060241,0.03187865976521108
52.41958291262136,12.757442265060241,0.030774665419297034
52.41958291262136,12.757584879518072,0.029679563400276235
52.41958291262136,12.757727493975905,0.028588900696978677
52.41958291262136,12.757870108433735,0.02750616566641575
52.41958291262136,12.758012722891566,0.0264425941677914
52.41958291262136,12.758155337349399,0.025392343425330408
52.41958291262136,12.75829795180723,0.02435644737126727
52.41958291262136,12.758440566265062,0.0233390106032335
52.41958291262136,12.758583180722892,0.022331331196982402
52.41958291262136,12.758725795180723,0.0213464942832635
52.41958291262136,12.758868409638556,0.020383579537670164
52.41958291262136,12.759011024096386,0.019443278562570634
52.41958291262136,12.759153638554217,0.01852646345736299
52.41958291262136,12.75929625301205,0.01763458396877368
52.41958291262136,12.75943886746988,0.016768535133541485
52.41958291262136,12.759581481927711,0.015929025945517657
52.41958291262136,12.759724096385543,0.015118601458192321
52.41958291262136,12.759866710843374,0.014332660733597664
52.41958291262136,12.760009325301205,0.013586138093370767
52.41958291262136,12.760151939759037,0.012864272961110059
52.41958291262136,12.760294554216868,0.012166609465137795
52.41958291262136,12.760437168674699,0.011511237353226896
52.41958291262136,12.760579783132531,0.010886386931096096
52.41958291262136,12.760722397590362,0.010292352042014594
52.41958291262136,12.760865012048193,0.009734995642986091
52.41958291262136,12.761007626506025,0.009217459117424588
52.41958291262136,12.761150240963856,0.008740744324062324
52.41958291262136,12.761292855421688,0.00830735964203274
52.41958291262136,12.761435469879519,0.007898620082398269
52.41958291262136,12.76157808433735,0.007530259859506519
52.41958291262136,12.761720698795182,0.007204554119406166
52.41958291262136,12.761863313253013,0.00691566018752494
52.41958291262136,12.762005927710844,0.006672683036564732
52.41958291262136,12.762148542168676,0.006466463092990931
52.41958291262136,12.762291156626507,0.0062993297662041255
52.41958291262136,12.762433771084337,0.006174997061818425
52.41958291262136,12.76257638554217,0.006093166995482698
52.41958291262136,12.762719,0.00604763293621686
52.41967565048544,12.750882,0.0660158182703551
52.41967565048544,12.751024614457831,0.06598034349563754
52.41967565048544,12.751167228915664,0.06589393787311874
52.41967565048544,12.751309843373495,0.06577034189042699
52.41967565048544,12.751452457831325,0.06560180807487383
52.41967565048544,12.751595072289158,0.06539188552080112
52.41967565048544,12.751737686746988,0.06514080192259897
52.41967565048544,12.75188030120482,0.06483957385986522
52.41967565048544,12.752022915662652,0.06449689611681982
52.41967565048544,12.752165530120482,0.06411979546962866
52.41967565048544,12.752308144578313,0.06370402278292171
52.41967565048544,12.752450759036146,0.06324214390150407
52.41967565048544,12.752593373493976,0.06274903835302142
52.41967565048544,12.752735987951809,0.06221758832046981
52.41967565048544,12.75287860240964,0.06165227863427226
52.41967565048544,12.75302121686747,0.06104730004273584
52.41967565048544,12.753163831325303,0.060402847208124166
52.41967565048544,12.753306445783133,0.059723654058957784
52.41967565048544,12.753449060240964,0.05901872413427847
52.41967565048544,12.753591674698797,0.05827492281264393
52.41967565048544,12.753734289156627,0.05749802311997199
52.41967565048544,12.753876903614458,0.05669103955004777
52.41967565048544,12.75401951807229,0.05585923052407546
52.41967565048544,12.754162132530121,0.05499709343682654
52.41967565048544,12.754304746987952,0.05411062132847615
52.41967565048544,12.754447361445784,0.05319729805527725
52.41967565048544,12.754589975903615,0.052261021455133484
52.41967565048544,12.754732590361446,0.05129716611958871
52.41967565048544,12.754875204819278,0.050318360921502325
52.41967565048544,12.755017819277109,0.049313102119579434
52.41967565048544,12.75516043373494,0.04830002992317099
52.41967565048544,12.755303048192772,0.04726328290431991
52.41967565048544,12.755445662650603,0.04621108397204721
52.41967565048544,12.755588277108435,0.04514208077884992
52.41967565048544,12.755730891566266,0.04405843301941023
52.41967565048544,12.755873506024097,0.042967277097894184
52.41967565048544,12.75601612048193,0.04186409412238342
52.41967565048544,12.75615873493976,0.04075376030315698
52.41967565048544,12.75630134939759,0.03963646972045677
52.41967565048544,12.756443963855423,0.038521552880457305
52.41967565048544,12.756586578313254,0.03739272704264002
52.41967565048544,12.756729192771084,0.036265512216812755
52.41967565048544,12.756871807228917,0.03513949993889079
52.41967565048544,12.757014421686748,0.03401636415020763
52.41967565048544,12.757157036144578,0.032890651143726544
52.41967565048544,12.75729965060241,0.03177161503765229
52.41967565048544,12.757442265060241,0.030662241560769066
52.41967565048544,12.757584879518072,0.0295618321590793
52.41967565048544,12.757727493975905,0.028465843381680175
52.41967565048544,12.757870108433735,0.027377839108901306
52.41967565048544,12.758012722891566,0.026309084143651636
52.41967565048544,12.758155337349399,0.02525368879445921
52.41967565048544,12.75829795180723,0.024212700697176737
52.41967565048544,12.758440566265062,0.02319027623789649
52.41967565048544,12.758583180722892,0.022177628798491226
52.41967565048544,12.758725795180723,0.02118791354148214
52.41967565048544,12.758868409638556,0.020220262704328293
52.41967565048544,12.759011024096386,0.019275323428578094
52.41967565048544,12.759153638554217,0.01835393281994899
52.41967565048544,12.75929625301205,0.01745752442213033
52.41967565048544,12.75943886746988,0.016587218423429077
52.41967565048544,12.759581481927711,0.01574352963711029
52.41967565048544,12.759724096385543,0.01492916664707467
52.41967565048544,12.759866710843374,0.014139411141032392
52.41967565048544,12.760009325301205,0.013389256979592846
52.41967565048544,12.760151939759037,0.012663856866732343
52.41967565048544,12.760294554216868,0.011962726134708933
52.41967565048544,12.760437168674699,0.01130408774405389
52.41967565048544,12.760579783132531,0.010676076044308053
52.41967565048544,12.760722397590362,0.010079159086393267
52.41967565048544,12.760865012048193,0.009519040502215389
52.41967565048544,12.761007626506025,0.008998936135634412
52.41967565048544,12.761150240963856,0.008519772554361007
52.41967565048544,12.761292855421688,0.008084269475320614
52.41967565048544,12.761435469879519,0.007673479725487829
52.41967565048544,12.76157808433735,0.007303340033277705
52.41967565048544,12.761720698795182,0.006976028044932094
52.41967565048544,12.761863313253013,0.006685720992977305
52.41967565048544,12.762005927710844,0.006441486521637213
52.41967565048544,12.762148542168676,0.006234241825254028
52.41967565048544,12.762291156626507,0.006066276314252312
52.41967565048544,12.762433771084337,0.005941350968907705
52.41967565048544,12.76257638554217,0.00585908284629738
52.41967565048544,12.762719,0.005813353859605155
52.41976838834952,12.750882,0.06606877659397087
52.41976838834952,12.751024614457831,0.06603315177694921
52.41976838834952,12.751167228915664,0.06594637831372174
52.41976838834952,12.751309843373495,0.06582228935483128
52.41976838834952,12.751452457831325,0.0656529302289154
52.41976838834952,12.751595072289158,0.06544208700536758
52.41976838834952,12.751737686746988,0.06518979909336313
52.41976838834952,12.75188030120482,0.06488720755823711
52.41976838834952,12.752022915662652,0.06454295227756397
52.41976838834952,12.752165530120482,0.06416413939836375
52.41976838834952,12.752308144578313,0.06374640573117085
52.41976838834952,12.752450759036146,0.06328238857934795
52.41976838834952,12.752593373493976,0.0627870160124033
52.41976838834952,12.752735987951809,0.062253158343498094
52.41976838834952,12.75287860240964,0.06168528798993529
52.41976838834952,12.75302121686747,0.06107755801631465
52.41976838834952,12.753163831325303,0.06043016383109169
52.41976838834952,12.753306445783133,0.05974788036733396
52.41976838834952,12.753449060240964,0.0590397464674532
52.41976838834952,12.753591674698797,0.058292568707091444
52.41976838834952,12.753734289156627,0.057512134323589745
52.41976838834952,12.753876903614458,0.056701484148659685
52.41976838834952,12.75401951807229,0.05586588419549373
52.41976838834952,12.754162132530121,0.05499979859452286
52.41976838834952,12.754304746987952,0.0541093017016496
52.41976838834952,12.754447361445784,0.053191792705064744
52.41976838834952,12.754589975903615,0.05225119877364156
52.41976838834952,12.754732590361446,0.051282934310477396
52.41976838834952,12.754875204819278,0.05029960749949356
52.41976838834952,12.755017819277109,0.04928967824915093
52.41976838834952,12.75516043373494,0.048271968969732126
52.41976838834952,12.755303048192772,0.04723040358872408
52.41976838834952,12.755445662650603,0.04617337225124423
52.41976838834952,12.755588277108435,0.04509945319501023
52.41976838834952,12.755730891566266,0.044010824233810565
52.41976838834952,12.755873506024097,0.042914594836806076
52.41976838834952,12.75601612048193,0.04180624533327856
52.41976838834952,12.75615873493976,0.04069070151035913
52.41976838834952,12.75630134939759,0.03956824048024028
52.41976838834952,12.756443963855423,0.038448137331903165
52.41976838834952,12.756586578313254,0.037314109409070845
52.41976838834952,12.756729192771084,0.036181667568758624
52.41976838834952,12.756871807228917,0.03505036900862718
52.41976838834952,12.757014421686748,0.03392194494668256
52.41976838834952,12.757157036144578,0.032790924252912176
52.41976838834952,12.75729965060241,0.03166658361507349
52.41976838834952,12.757442265060241,0.030551947108121723
52.41976838834952,12.757584879518072,0.02944634513121397
52.41976838834952,12.757727493975905,0.028345144863102575
52.41976838834952,12.757870108433735,0.02725198484756436
52.41976838834952,12.758012722891566,0.026178158380508125
52.41976838834952,12.758155337349399,0.025117729420343755
52.41976838834952,12.75829795180723,0.024071759111824128
52.41976838834952,12.758440566265062,0.023044454445537408
52.41976838834952,12.758583180722892,0.022026945540241663
52.41976838834952,12.758725795180723,0.021032456645050532
52.41976838834952,12.758868409638556,0.020060171607176706
52.41976838834952,12.759011024096386,0.01911069380554733
52.41976838834952,12.759153638554217,0.01818482564103051
52.41976838834952,12.75929625301205,0.017283985286129257
52.41976838834952,12.75943886746988,0.01640951370835375
52.41976838834952,12.759581481927711,0.015561734675418146
52.41976838834952,12.759724096385543,0.01474351818759755
52.41976838834952,12.759866710843374,0.013950029958098555
52.41976838834952,12.760009325301205,0.013196322778218913
52.41976838834952,12.760151939759037,0.01246746414470237
52.41976838834952,12.760294554216868,0.011762940332972899
52.41976838834952,12.760437168674699,0.011101105456452895
52.41976838834952,12.760579783132531,0.010469999976461287
52.41976838834952,12.760722397590362,0.009870263003543165
52.41976838834952,12.760865012048193,0.0093074416270734
52.41976838834952,12.761007626506025,0.008784824260336107
52.41976838834952,12.761150240963856,0.008303263860303108
52.41976838834952,12.761292855421688,0.007865687958628478
52.41976838834952,12.761435469879519,0.007452891753645213
52.41976838834952,12.76157808433735,0.007081010577191325
52.41976838834952,12.761720698795182,0.006752126359764564
52.41976838834952,12.761863313253013,0.00646043670011129
52.41976838834952,12.762005927710844,0.0062149715290799375
52.41976838834952,12.762148542168676,0.006006723955652285
52.41976838834952,12.762291156626507,0.005837944138055507
52.41976838834952,12.762433771084337,0.005712438570056662
52.41976838834952,12.76257638554217,0.005629741302696176
52.41976838834952,12.762719,0.005583821282313858
52.41986112621359,12.750882,0.0661154137149478
52.41986112621359,12.751024614457831,0.0660796450347339
52.41986112621359,12.751167228915664,0.06599251734599812
52.41986112621359,12.751309843373495,0.065867954020732
52.41986112621359,12.751452457831325,0.06569779789278454
52.41986112621359,12.751595072289158,0.06548606691560711
52.41986112621359,12.751737686746988,0.06523261636923704
52.41986112621359,12.75188030120482,0.06492870909837675
52.41986112621359,12.752022915662652,0.0645829310988098
52.41986112621359,12.752165530120482,0.06420246652230693
52.41986112621359,12.752308144578313,0.06378284010429407
52.41986112621359,12.752450759036146,0.06331675927358588
52.41986112621359,12.752593373493976,0.06281919897074545
52.41986112621359,12.752735987951809,0.06228301851430415
52.41986112621359,12.75287860240964,0.0617126784426316
52.41986112621359,12.75302121686747,0.0611022942761441
52.41986112621359,12.753163831325303,0.06045206216514024
52.41986112621359,12.753306445783133,0.0597667975037912
52.41986112621359,12.753449060240964,0.05905557313109785
52.41986112621359,12.753591674698797,0.05830513820234039
52.41986112621359,12.753734289156627,0.05752129375349595
52.41986112621359,12.753876903614458,0.056707106197573215
52.41986112621359,12.75401951807229,0.055867849180083376
52.41986112621359,12.754162132530121,0.05499795397276046
52.41986112621359,12.754304746987952,0.05410357479784615
52.41986112621359,12.754447361445784,0.05318202776940786
52.41986112621359,12.754589975903615,0.05223726845329941
52.41986112621359,12.754732590361446,0.05126475040199855
52.41986112621359,12.754875204819278,0.05027706080733473
52.41986112621359,12.755017819277109,0.04926262467434585
52.41986112621359,12.75516043373494,0.04824044255685146
52.41986112621359,12.755303048192772,0.04719422769050532
52.41986112621359,12.755445662650603,0.04613253458727763
52.41986112621359,12.755588277108435,0.04505387326694421
52.41986112621359,12.755730891566266,0.043960438573291995
52.41986112621359,12.755873506024097,0.04285931386623504
52.41986112621359,12.75601612048193,0.04174597849890974
52.41986112621359,12.75615873493976,0.040625406987467916
52.41986112621359,12.75630134939759,0.03949795765208392
52.41986112621359,12.756443963855423,0.03837285091133613
52.41986112621359,12.756586578313254,0.03723380392313545
52.41986112621359,12.756729192771084,0.03609631881931881
52.41986112621359,12.756871807228917,0.03495991917496982
52.41986112621359,12.757014421686748,0.03382639143891001
52.41986112621359,12.757157036144578,0.03269024809897648
52.41986112621359,12.75729965060241,0.0315607880001968
52.41986112621359,12.757442265060241,0.030441072008993066
52.41986112621359,12.757584879518072,0.029330459577880053
52.41986112621359,12.757727493975905,0.028224229669760903
52.41986112621359,12.757870108433735,0.02712609379261067
52.41986112621359,12.758012722891566,0.026047373390273985
52.41986112621359,12.758155337349399,0.024982086317439273
52.41986112621359,12.75829795180723,0.023931307256814097
52.41986112621359,12.758440566265062,0.02289929303313823
52.41986112621359,12.758583180722892,0.0218770919707132
52.41986112621359,12.758725795180723,0.020877995442096037
52.41986112621359,12.758868409638556,0.019901238016090398
52.41986112621359,12.759011024096386,0.01894737960344009
52.41986112621359,12.759153638554217,0.01801718922024273
52.41986112621359,12.75929625301205,0.017112069763573427
52.41986112621359,12.75943886746988,0.0162335776915276
52.41986112621359,12.759581481927711,0.015381850488999581
52.41986112621359,12.759724096385543,0.014559915773062907
52.41986112621359,12.759866710843374,0.01376282582450838
52.41986112621359,12.760009325301205,0.013005690996146433
52.41986112621359,12.760151939759037,0.012273494915443633
52.41986112621359,12.760294554216868,0.011565695580639098
52.41986112621359,12.760437168674699,0.010900775412913025
52.41986112621359,12.760579783132531,0.010266682840528337
52.41986112621359,12.760722397590362,0.00966422474203042
52.41986112621359,12.760865012048193,0.009098794727448182
52.41986112621359,12.761007626506025,0.008573751911839919
52.41986112621359,12.761150240963856,0.008089876964881164
52.41986112621359,12.761292855421688,0.0076503017759413485
52.41986112621359,12.761435469879519,0.0072355684457391985
52.41986112621359,12.76157808433735,0.006862006599782476
52.41986112621359,12.761720698795182,0.0065316049253561406
52.41986112621359,12.761863313253013,0.00623858109406054
52.41986112621359,12.762005927710844,0.00599192775759049
52.41986112621359,12.762148542168676,0.0057827120291160045
52.41986112621359,12.762291156626507,0.005613145687330578
52.41986112621359,12.762433771084337,0.005487080308105771
52.41986112621359,12.76257638554217,0.0054039683828810605
52.41986112621359,12.762719,0.0053578644465428265
52.41995386407767,12.750882,0.06616056402710632
52.41995386407767,12.751024614457831,0.06612465632839923
52.41995386407767,12.751167228915664,0.06603718631701176
52.41995386407767,12.751309843373495,0.06591216535703032
52.41995386407767,12.751452457831325,0.06574123760915265
52.41995386407767,12.751595072289158,0.06552864844094633
52.41995386407767,12.751737686746988,0.0652740729364753
52.41995386407767,12.75188030120482,0.06496889312248676
52.41995386407767,12.752022915662652,0.06462164218069896
52.41995386407767,12.752165530120482,0.06423957983352445
52.41995386407767,12.752308144578313,0.06381812180921716
52.41995386407767,12.752450759036146,0.06335004417774659
52.41995386407767,12.752593373493976,0.06285036785571889
52.41995386407767,12.752735987951809,0.06231194113972099
52.41995386407767,12.75287860240964,0.06173921240336423
52.41995386407767,12.75302121686747,0.06112626074844157
52.41995386407767,12.753163831325303,0.06047328380721255
52.41995386407767,12.753306445783133,0.05978513531202018
52.41995386407767,12.753449060240964,0.05907092245932474
52.41995386407767,12.753591674698797,0.05831733707804181
52.41995386407767,12.753734289156627,0.057530194047755945
52.41995386407767,12.753876903614458,0.05671258504897365
52.41995386407767,12.75401951807229,0.05586979098218057
52.41995386407767,12.754162132530121,0.05499621070232103
52.41995386407767,12.754304746987952,0.054098076254153464
52.41995386407767,12.754447361445784,0.05317262323876632
52.41995386407767,12.754589975903615,0.052223834284402665
52.41995386407767,12.754732590361446,0.05124720152586536
52.41995386407767,12.754875204819278,0.050255291120412555
52.41995386407767,12.755017819277109,0.04923649407368526
52.41995386407767,12.75516043373494,0.04820998553974941
52.41995386407767,12.755303048192772,0.04715927233954354
52.41995386407767,12.755445662650603,0.04609306939966473
52.41995386407767,12.755588277108435,0.045009819988677736
52.41995386407767,12.755730891566266,0.04391173624504684
52.41995386407767,12.755873506024097,0.04280587489226842
52.41995386407767,12.75601612048193,0.041687714725017234
52.41995386407767,12.75615873493976,0.040562277714310674
52.41995386407767,12.75630134939759,0.03943000203881464
52.41995386407767,12.756443963855423,0.03830005385751872
52.41995386407767,12.756586578313254,0.03715615068589063
52.41995386407767,12.756729192771084,0.03601378587118868
52.41995386407767,12.756871807228917,0.03487244974915908
52.41995386407767,12.757014421686748,0.03373398299813282
52.41995386407767,12.757157036144578,0.03259288152893153
52.41995386407767,12.75729965060241,0.03145846615594648
52.41995386407767,12.757442265060241,0.030333834261615927
52.41995386407767,12.757584879518072,0.02921837320857102
52.41995386407767,12.757727493975905,0.028107274838573906
52.41995386407767,12.757870108433735,0.027004323054659413
52.41995386407767,12.758012722891566,0.02592086598476236
52.41995386407767,12.758155337349399,0.024850876629930727
52.41995386407767,12.75829795180723,0.02379544287571312
52.41995386407767,12.758440566265062,0.022758870525650468
52.41995386407767,12.758583180722892,0.021732126932091783
52.41995386407767,12.758725795180723,0.020728569459045325
52.41995386407767,12.758868409638556,0.019747482804037746
52.41995386407767,12.759011024096386,0.018789384346502895
52.41995386407767,12.759153638554217,0.01785500924338975
52.41995386407767,12.75929625301205,0.016945745993728934
52.41995386407767,12.75943886746988,0.01606336206314358
52.41995386407767,12.759581481927711,0.01520781236108352
52.41995386407767,12.759724096385543,0.01438227899927963
52.41995386407767,12.759866710843374,0.013581702895894067
52.41995386407767,12.760009325301205,0.012821250715796435
52.41995386407767,12.760151939759037,0.01208582422228395
52.41995386407767,12.760294554216868,0.01137485353332551
52.41995386407767,12.760437168674699,0.010706946095323907
52.41995386407767,12.760579783132531,0.010069960485563498
52.41995386407767,12.760722397590362,0.00946486851515486
52.41995386407767,12.760865012048193,0.008896912566836756
52.41995386407767,12.761007626506025,0.008369521245350856
52.41995386407767,12.761150240963856,0.007883404458269518
52.41995386407767,12.761292855421688,0.00744189413113664
52.41995386407767,12.761435469879519,0.007025284683166948
52.41995386407767,12.76157808433735,0.006650095666924831
52.41995386407767,12.761720698795182,0.006318224906930886
52.41995386407767,12.761863313253013,0.006023909516226053
52.41995386407767,12.762005927710844,0.005776105324653516
52.41995386407767,12.762148542168676,0.005565952081643147
52.41995386407767,12.762291156626507,0.005395624237345666
52.41995386407767,12.762433771084337,0.005269017027835464
52.41995386407767,12.76257638554217,0.005185503754308303
52.41995386407767,12.762719,0.005139221646548639
52.42004660194175,12.750882,0.06619804737609734
52.42004660194175,12.751024614457831,0.0661620036949534
52.42004660194175,12.751167228915664,0.0660741985398642
52.42004660194175,12.751309843373495,0.06594872958332318
52.42004660194175,12.751452457831325,0.06577704662668277
52.42004660194175,12.751595072289158,0.06556361717703366
52.42004660194175,12.751737686746988,0.06530794000622321
52.42004660194175,12.75188030120482,0.06500151444782357
52.42004660194175,12.752022915662652,0.06465282128183489
52.42004660194175,12.752165530120482,0.06426919477187991
52.42004660194175,12.752308144578313,0.06384594342727003
52.42004660194175,12.752450759036146,0.06337591100267853
52.42004660194175,12.752593373493976,0.06287416290480444
52.42004660194175,12.752735987951809,0.06233353720273406
52.42004660194175,12.75287860240964,0.061758469773719904
52.42004660194175,12.75302121686747,0.06114300453932786
52.42004660194175,12.753163831325303,0.060487340531938036
52.42004660194175,12.753306445783133,0.05979636852183115
52.42004660194175,12.753449060240964,0.059079229447016615
52.42004660194175,12.753591674698797,0.05832255940525009
52.42004660194175,12.753734289156627,0.057532186705084844
52.42004660194175,12.753876903614458,0.05671122761770055
52.42004660194175,12.75401951807229,0.055864970266169114
52.42004660194175,12.754162132530121,0.05498778168831035
52.42004660194175,12.754304746987952,0.05408597032754124
52.42004660194175,12.754447361445784,0.053156692907380204
52.42004660194175,12.754589975903615,0.05220395822596238
52.42004660194175,12.754732590361446,0.051223296691176645
52.42004660194175,12.754875204819278,0.05022725333445803
52.42004660194175,12.755017819277109,0.0492041861236142
52.42004660194175,12.75516043373494,0.04817344076298198
52.42004660194175,12.755303048192772,0.047118322407247254
52.42004660194175,12.755445662650603,0.04604770318688479
52.42004660194175,12.755588277108435,0.04495996090001031
52.42004660194175,12.755730891566266,0.043857324664546574
52.42004660194175,12.755873506024097,0.04274682488521982
52.42004660194175,12.75601612048193,0.04162393991042139
52.42004660194175,12.75615873493976,0.04049373846261788
52.42004660194175,12.75630134939759,0.03935673689852481
52.42004660194175,12.756443963855423,0.03822204708363508
52.42004660194175,12.756586578313254,0.03707338798411766
52.42004660194175,12.756729192771084,0.03592624452198416
52.42004660194175,12.756871807228917,0.03478007344536748
52.42004660194175,12.757014421686748,0.0336367696202325
52.42004660194175,12.757157036144578,0.032490812424948806
52.42004660194175,12.75729965060241,0.031351543979591265
52.42004660194175,12.757442265060241,0.030222097452170173
52.42004660194175,12.757584879518072,0.029101887495112472
52.42004660194175,12.757727493975905,0.027986020999487056
52.42004660194175,12.757870108433735,0.026878352477587394
52.42004660194175,12.758012722891566,0.025790256542792434
52.42004660194175,12.758155337349399,0.024715661618770403
52.42004660194175,12.75829795180723,0.023655668884860905
52.42004660194175,12.758440566265062,0.022614632079868368
52.42004660194175,12.758583180722892,0.02158343925553103
52.42004660194175,12.758725795180723,0.020575512511879963
52.42004660194175,12.758868409638556,0.0195901855751443
52.42004660194175,12.759011024096386,0.01862793400056566
52.42004660194175,12.759153638554217,0.0176894598630331
52.42004660194175,12.75929625301205,0.016776137803823254
52.42004660194175,12.75943886746988,0.01588994178005253
52.42004660194175,12.759581481927711,0.015030647787854234
52.42004660194175,12.759724096385543,0.014201589603321888
52.42004660194175,12.759866710843374,0.013397598460023719
52.42004660194175,12.760009325301205,0.012633896591853162
52.42004660194175,12.760151939759037,0.01189530596356209
52.42004660194175,12.760294554216868,0.011181228818287012
52.42004660194175,12.760437168674699,0.010510395168156158
52.42004660194175,12.760579783132531,0.009870575743827052
52.42004660194175,12.760722397590362,0.009262903715106723
52.42004660194175,12.760865012048193,0.008692473414512703
52.42004660194175,12.761007626506025,0.00816278163419357
52.42004660194175,12.761150240963856,0.007674468410996208
52.42004660194175,12.761292855421688,0.007231062241041372
52.42004660194175,12.761435469879519,0.006812614913160057
52.42004660194175,12.76157808433735,0.006435831675194853
52.42004660194175,12.761720698795182,0.006102521503929603
52.42004660194175,12.761863313253013,0.005806940851440623
52.42004660194175,12.762005927710844,0.005558009087656271
52.42004660194175,12.762148542168676,0.005346937400825168
52.42004660194175,12.762291156626507,0.0051758636007530395
52.42004660194175,12.762433771084337,0.005048725425381756
52.42004660194175,12.76257638554217,0.004964818846106259
52.42004660194175,12.762719,0.0049183622035358
52.42013933980583,12.750882,0.06623869379300024
52.42013933980583,12.751024614457831,0.06620251976686925
52.42013933980583,12.751167228915664,0.0661143930189067
52.42013933980583,12.751309843373495,0.06598849432465326
52.42013933980583,12.751452457831325,0.06581608397512176
52.42013933980583,12.751595072289158,0.06560184669006057
52.42013933980583,12.751737686746988,0.06534510930275501
52.42013933980583,12.75188030120482,0.06503748521931181
52.42013933980583,12.752022915662652,0.06468740432005346
52.42013933980583,12.752165530120482,0.06430227331435598
52.42013933980583,12.752308144578313,0.06387729609190335
52.42013933980583,12.752450759036146,0.06340538263938245
52.42013933980583,12.752593373493976,0.06290164149015917
52.42013933980583,12.752735987951809,0.062358900741808755
52.42013933980583,12.75287860240964,0.06178158413211873
52.42013933980583,12.75302121686747,0.06116370124716136
52.42013933980583,12.753163831325303,0.060505452417857264
52.42013933980583,12.753306445783133,0.0598117645326007
52.42013933980583,12.753449060240964,0.059091811455279745
52.42013933980583,12.753591674698797,0.058332174811806074
52.42013933980583,12.753734289156627,0.0575386956719863
52.42013933980583,12.753876903614458,0.05671451459010256
52.42013933980583,12.75401951807229,0.055864926411862144
52.42013933980583,12.754162132530121,0.054984266917557686
52.42013933980583,12.754304746987952,0.05407891971588885
52.42013933980583,12.754447361445784,0.05314596370356218
52.42013933980583,12.754589975903615,0.05218943349145337
52.42013933980583,12.754732590361446,0.05120489735339603
52.42013933980583,12.754875204819278,0.05020487855827767
52.42013933980583,12.755017819277109,0.049177702854295485
52.42013933980583,12.75516043373494,0.048142883371204134
52.42013933980583,12.755303048192772,0.0470835274007833
52.42013933980583,12.755445662650603,0.046008660869695656
52.42013933980583,12.755588277108435,0.04491659742029798
52.42013933980583,12.755730891566266,0.043809582793835365
52.42013933980583,12.755873506024097,0.042694621685528455
52.42013933980583,12.75601612048193,0.04156719123103628
52.42013933980583,12.75615873493976,0.04043240694408859
52.42013933980583,12.75630134939759,0.03929086062384944
52.42013933980583,12.756443963855423,0.03815161042670052
52.42013933980583,12.756586578313254,0.03699837717960704
52.42013933980583,12.756729192771084,0.03584663792537328
52.42013933980583,12.756871807228917,0.03469581632882579
52.42013933980583,12.757014421686748,0.033547859948336894
52.42013933980583,12.757157036144578,0.032397231580790435
52.42013933980583,12.75729965060241,0.03125329446111799
52.42013933980583,12.757442265060241,0.03011921661848254
52.42013933980583,12.757584879518072,0.028994439371385718
52.42013933980583,12.757727493975905,0.027873986161334952
52.42013933980583,12.757870108433735,0.026761780482493717
52.42013933980583,12.758012722891566,0.025669222733198698
52.42013933980583,12.758155337349399,0.024590197656532982
52.42013933980583,12.75829795180723,0.02352581957395468
52.42013933980583,12.758440566265062,0.02248048884999742
52.42013933980583,12.758583180722892,0.02144501590540304
52.42013933980583,12.758725795180723,0.02043288582730292
52.42013933980583,12.758868409638556,0.01944348035896773
52.42013933980583,12.759011024096386,0.018477234146713872
52.42013933980583,12.759153638554217,0.01753481635694998
52.42013933980583,12.75929625301205,0.01661758841782297
52.42013933980583,12.75943886746988,0.015727725919083575
52.42013933980583,12.759581481927711,0.014864829917831588
52.42013933980583,12.759724096385543,0.01403238216776252
52.42013933980583,12.759866710843374,0.013225107137858749
52.42013933980583,12.760009325301205,0.012458280764010739
52.42013933980583,12.760151939759037,0.011716647229127068
52.42013933980583,12.760294554216868,0.01099958213425403
52.42013933980583,12.760437168674699,0.010325933606885806
52.42013933980583,12.760579783132531,0.009683387522614568
52.42013933980583,12.760722397590362,0.009073234767336113
52.42013933980583,12.760865012048193,0.008500424394709886
52.42013933980583,12.761007626506025,0.007968519720451733
52.42013933980583,12.761150240963856,0.007478092746887717
52.42013933980583,12.761292855421688,0.007032864144016334
52.42013933980583,12.761435469879519,0.0066126483610631625
52.42013933980583,12.76157808433735,0.006234331996132094
52.42013933980583,12.761720698795182,0.005899637558082701
52.42013933980583,12.761863313253013,0.005602840079613017
52.42013933980583,12.762005927710844,0.005352823603281589
52.42013933980583,12.762148542168676,0.005140868712683442
52.42013933980583,12.762291156626507,0.004969076833125028
52.42013933980583,12.762433771084337,0.0048414279978070355
52.42013933980583,12.76257638554217,0.004757142768136209
52.42013933980583,12.762719,0.004710518499427573
52.4202320776699,12.750882,0.06626600075272675
52.4202320776699,12.751024614457831,0.06622969925687697
52.4202320776699,12.751167228915664,0.06614125796960903
52.4202320776699,12.751309843373495,0.06601493894975423
52.4202320776699,12.751452457831325,0.0658418178021694
52.4202320776699,12.751595072289158,0.06562679034629457
52.4202320776699,12.751737686746988,0.06536901657742415
52.4202320776699,12.75188030120482,0.06506022056021271
52.4202320776699,12.752022915662652,0.06470878309796815
52.4202320776699,12.752165530120482,0.064322181125539
52.4202320776699,12.752308144578313,0.06389551621199763
52.4202320776699,12.752450759036146,0.06342176415768508
52.4202320776699,12.752593373493976,0.06291607401393352
52.4202320776699,12.752735987951809,0.06237126556510788
52.4202320776699,12.75287860240964,0.06179174945318419
52.4202320776699,12.75302121686747,0.06117150274378781
52.4202320776699,12.753163831325303,0.06051072683321786
52.4202320776699,12.753306445783133,0.05981438363209508
52.4202320776699,12.753449060240964,0.05909167896115379
52.4202320776699,12.753591674698797,0.05832914184633722
52.4202320776699,12.753734289156627,0.05753262576925397
52.4202320776699,12.753876903614458,0.056705294158394155
52.4202320776699,12.75401951807229,0.05585244928379704
52.4202320776699,12.754162132530121,0.05496839653269308
52.4202320776699,12.754304746987952,0.05405959178933213
52.4202320776699,12.754447361445784,0.05312303918804047
52.4202320776699,12.754589975903615,0.052162798196925736
52.4202320776699,12.754732590361446,0.0511744737262851
52.4202320776699,12.754875204819278,0.050170567850191666
52.4202320776699,12.755017819277109,0.0491393751985857
52.4202320776699,12.75516043373494,0.04810057193944753
52.4202320776699,12.755303048192772,0.0470370726537661
52.4202320776699,12.755445662650603,0.04595805331205649
52.4202320776699,12.755588277108435,0.04486176493233274
52.4202320776699,12.755730891566266,0.04375046931867945
52.4202320776699,12.755873506024097,0.042631146052865186
52.4202320776699,12.75601612048193,0.04149927130575297
52.4202320776699,12.75615873493976,0.04036000619189289
52.4202320776699,12.75630134939759,0.039214016194143525
52.4202320776699,12.756443963855423,0.038070307122499376
52.4202320776699,12.756586578313254,0.03691260121421014
52.4202320776699,12.756729192771084,0.03575636811022832
52.4202320776699,12.756871807228917,0.03460099961102647
52.4202320776699,12.757014421686748,0.03344849416148474
52.4202320776699,12.757157036144578,0.03229329824965777
52.4202320776699,12.75729965060241,0.031144796662483668
52.4202320776699,12.757442265060241,0.03000619013119691
52.4202320776699,12.757584879518072,0.028876947083701907
52.4202320776699,12.757727493975905,0.027752009448934484
52.4202320776699,12.757870108433735,0.026635367787197377
52.4202320776699,12.758012722891566,0.025538447773162033
52.4202320776699,12.758155337349399,0.024455090560979782
52.4202320776699,12.75829795180723,0.023386424477549753
52.4202320776699,12.758440566265062,0.02233689550231033
52.4202320776699,12.758583180722892,0.02129723812837046
52.4202320776699,12.758725795180723,0.02028099826024105
52.4202320776699,12.758868409638556,0.019287605055652895
52.4202320776699,12.759011024096386,0.01831745280055537
52.4202320776699,12.759153638554217,0.017371179101897553
52.4202320776699,12.75929625301205,0.016450132402133697
52.4202320776699,12.75943886746988,0.015556684411603728
52.4202320776699,12.759581481927711,0.014690266627620914
52.4202320776699,12.759724096385543,0.01385450464333939
52.4202320776699,12.759866710843374,0.013044018425385802
52.4202320776699,12.760009325301205,0.012274137122421733
52.4202320776699,12.760151939759037,0.011529528514011352
52.4202320776699,12.760294554216868,0.010809541718642544
52.4202320776699,12.760437168674699,0.010133140843134348
52.4202320776699,12.760579783132531,0.00948792885180148
52.4202320776699,12.760722397590362,0.008875350253559575
52.4202320776699,12.760865012048193,0.008300212556657348
52.4202320776699,12.761007626506025,0.007766144118582256
52.4202320776699,12.761150240963856,0.007273650617970905
52.4202320776699,12.761292855421688,0.006826639812471478
52.4202320776699,12.761435469879519,0.006404695049524423
52.4202320776699,12.76157808433735,0.006024879385624456
52.4202320776699,12.761720698795182,0.005688831275565917
52.4202320776699,12.761863313253013,0.005390844449144018
52.4202320776699,12.762005927710844,0.005139767182841388
52.4202320776699,12.762148542168676,0.00492694870147014
52.4202320776699,12.762291156626507,0.004754454993802949
52.4202320776699,12.762433771084337,0.0046263067749379196
52.4202320776699,12.76257638554217,0.00454165142830596
52.4202320776699,12.762719,0.004494863436586213
52.42032481553398,12.750882,0.06629060490896498
52.42032481553398,12.751024614457831,0.06625418456745817
52.42032481553398,12.751167228915664,0.06616544792231467
52.42032481553398,12.751309843373495,0.06603873521340835
52.42032481553398,12.751452457831325,0.0658649430402279
52.42032481553398,12.751595072289158,0.06564917211897128
52.42032481553398,12.751737686746988,0.06539042013227439
52.42032481553398,12.75188030120482,0.06508051968084422
52.42032481553398,12.752022915662652,0.0647278026402612
52.42032481553398,12.752165530120482,0.06433981446987729
52.42032481553398,12.752308144578313,0.06391155732526678
52.42032481553398,12.752450759036146,0.06343607063495801
52.42032481553398,12.752593373493976,0.06292854348773275
52.42032481553398,12.752735987951809,0.06238178690987756
52.42032481553398,12.75287860240964,0.061800199068434744
52.42032481553398,12.75302121686747,0.06117772482528533
52.42032481553398,12.753163831325303,0.06051456704619304
52.42032481553398,12.753306445783133,0.059815721181381634
52.42032481553398,12.753449060240964,0.05909042464354698
52.42032481553398,12.753591674698797,0.05832515425494001
52.42032481553398,12.753734289156627,0.0575257756219037
52.42032481553398,12.753876903614458,0.05669547454148507
52.42032481553398,12.75401951807229,0.05583956107976794
52.42032481553398,12.754162132530121,0.054952309951730394
52.42032481553398,12.754304746987952,0.05404024762617543
52.42032481553398,12.754447361445784,0.05310030526738106
52.42032481553398,12.754589975903615,0.052136565496848565
52.42032481553398,12.754732590361446,0.05114467014074622
52.42032481553398,12.754875204819278,0.05013709947217684
52.42032481553398,12.755017819277109,0.049102118022402164
52.42032481553398,12.75516043373494,0.048059560894853366
52.42032481553398,12.755303048192772,0.046992154507105185
52.42032481553398,12.755445662650603,0.04590922068763308
52.42032481553398,12.755588277108435,0.0448089493508141
52.42032481553398,12.755730891566266,0.0436936182267528
52.42032481553398,12.755873506024097,0.04257018157462666
52.42032481553398,12.75601612048193,0.04143411406323825
52.42032481553398,12.75615873493976,0.04029062189257154
52.42032481553398,12.75630134939759,0.03914044207049664
52.42032481553398,12.756443963855423,0.03799252859250597
52.42032481553398,12.756586578313254,0.0368306055835275
52.42032481553398,12.756729192771084,0.03567013537197174
52.42032481553398,12.756871807228917,0.034510477694946085
52.42032481553398,12.757014421686748,0.033353681021875796
52.42032481553398,12.757157036144578,0.032194175261637224
52.42032481553398,12.75729965060241,0.03104136626643711
52.42032481553398,12.757442265060241,0.02989848679436094
52.42032481553398,12.757584879518072,0.02876503106485485
52.42032481553398,12.757727493975905,0.027635860976317497
52.42032481553398,12.757870108433735,0.026515032908247856
52.42032481553398,12.758012722891566,0.025413996997476606
52.42032481553398,12.758155337349399,0.024326551630068742
52.42032481553398,12.75829795180723,0.02325383841205272
52.42032481553398,12.758440566265062,0.022200347632935977
52.42032481553398,12.758583180722892,0.0211567395346297
52.42032481553398,12.758725795180723,0.020136619396723465
52.42032481553398,12.758868409638556,0.019139462432871228
52.42032481553398,12.759011024096386,0.01816562337770446
52.42032481553398,12.759153638554217,0.01721570886620532
52.42032481553398,12.75929625301205,0.01629105442390424
52.42032481553398,12.75943886746988,0.015394222739925377
52.42032481553398,12.759581481927711,0.014524479835712437
52.42032481553398,12.759724096385543,0.013685591318874746
52.42032481553398,12.759866710843374,0.012872075520591981
52.42032481553398,12.760009325301205,0.012099312760299803
52.42032481553398,12.760151939759037,0.011351896532417406
52.42032481553398,12.760294554216868,0.010629150267579386
52.42032481553398,12.760437168674699,0.009950150360398596
52.42032481553398,12.760579783132531,0.009302419618416772
52.42032481553398,12.760722397590362,0.008687552058148012
52.42032481553398,12.760865012048193,0.008110216832023896
52.42032481553398,12.761007626506025,0.007574105589381427
52.42032481553398,12.761150240963856,0.0070796588861437425
52.42032481553398,12.761292855421688,0.006630967331858201
52.42032481553398,12.761435469879519,0.006207389051056701
52.42032481553398,12.76157808433735,0.0058261584278728636
52.42032481553398,12.761720698795182,0.005488832495385432
52.42032481553398,12.761863313253013,0.005189722343666155
52.42032481553398,12.762005927710844,0.004937642814871016
52.42032481553398,12.762148542168676,0.0047240087783267486
52.42032481553398,12.762291156626507,0.004550852060792641
52.42032481553398,12.762433771084337,0.0044222327847830804
52.42032481553398,12.76257638554217,0.004337226997810909
52.42032481553398,12.762719,0.004290284415941059
52.42041755339806,12.750882,0.06632120214168816
52.42041755339806,12.751024614457831,0.06628466616383703
52.42041755339806,12.751167228915664,0.06619564255467568
52.42041755339806,12.751309843373495,0.06606854756526599
52.42041755339806,12.751452457831325,0.06589410313515162
52.42041755339806,12.751595072289158,0.06567760958187019
52.42041755339806,12.751737686746988,0.0654179070454936
52.42041755339806,12.75188030120482,0.06510693317910246
52.42041755339806,12.752022915662652,0.06475297292475524
52.42041755339806,12.752165530120482,0.06436363737806816
52.42041755339806,12.752308144578313,0.06393383282176905
52.42041755339806,12.752450759036146,0.06345666076123438
52.42041755339806,12.752593373493976,0.06294734812820454
52.42041755339806,12.752735987951809,0.062398698181808855
52.42041755339806,12.75287860240964,0.061815096480750883
52.42041755339806,12.75302121686747,0.06119045736669463
52.42041755339806,12.753163831325303,0.060524984907315865
52.42041755339806,12.753306445783133,0.0598237067953398
52.42041755339806,12.753449060240964,0.059095891309556475
52.42041755339806,12.753591674698797,0.058327964554915734
52.42041755339806,12.753734289156627,0.05752580363359176
52.42041755339806,12.753876903614458,0.05669261658741289
52.42041755339806,12.75401951807229,0.05583372069913703
52.42041755339806,12.754162132530121,0.05494336098687633
52.42041755339806,12.754304746987952,0.05402813236938459
52.42041755339806,12.754447361445784,0.05308489544457845
52.42041755339806,12.754589975903615,0.052117755409451655
52.42041755339806,12.754732590361446,0.05112238990869027
52.42041755339806,12.754875204819278,0.050111257298978217
52.42041755339806,12.755017819277109,0.04907259347373079
52.42041755339806,12.75516043373494,0.048026387780293195
52.42041755339806,12.755303048192772,0.04695518404362935
52.42041755339806,12.755445662650603,0.045868445756915385
52.42041755339806,12.755588277108435,0.044764303407229505
52.42041755339806,12.755730891566266,0.04364505010128707
52.42041755339806,12.755873506024097,0.042517615627478265
52.42041755339806,12.75601612048193,0.041377472965935795
52.42041755339806,12.75615873493976,0.040229872539648104
52.42041755339806,12.75630134939759,0.03907562067584708
52.42041755339806,12.756443963855423,0.03792362064004373
52.42041755339806,12.756586578313254,0.036757598637259734
52.42041755339806,12.756729192771084,0.03559300983136179
52.42041755339806,12.756871807228917,0.03442918314080559
52.42041755339806,12.757014421686748,0.03326821543886205
52.42041755339806,12.757157036144578,0.03210452055237609
52.42041755339806,12.75729965060241,0.0309475246066621
52.42041755339806,12.757442265060241,0.029800491733994343
52.42041755339806,12.757584879518072,0.02866294134400474
52.42041755339806,12.757727493975905,0.027529657523814668
52.42041755339806,12.757870108433735,0.02640476032004903
52.42041755339806,12.758012722891566,0.025299723648315425
52.42041755339806,12.758155337349399,0.02420830461992656
52.42041755339806,12.75829795180723,0.023131657696184027
52.42041755339806,12.758440566265062,0.022074316160035055
52.42041755339806,12.758583180722892,0.02102686830050089
52.42041755339806,12.758725795180723,0.02000297672348443
52.42041755339806,12.758868409638556,0.01900216118328244
52.42041755339806,12.759011024096386,0.0180247385933075
52.42041755339806,12.759153638554217,0.01707128473050444
52.42041755339806,12.75929625301205,0.01614312350126356
52.42041755339806,12.75943886746988,0.015243002765501397
52.42041755339806,12.759581481927711,0.014370027634110273
52.42041755339806,12.759724096385543,0.013528099911210989
52.42041755339806,12.759866710843374,0.012711639205207131
52.42041755339806,12.760009325301205,0.011936075653210289
52.42041755339806,12.760151939759037,0.011185930462729698
52.42041755339806,12.760294554216868,0.010460502220591774
52.42041755339806,12.760437168674699,0.009778975848336278
52.42041755339806,12.760579783132531,0.00912879653068557
52.42041755339806,12.760722397590362,0.00851170404391936
52.42041755339806,12.760865012048193,0.007932232796835867
52.42041755339806,12.761007626506025,0.007394135688229301
52.42041755339806,12.761150240963856,0.00689779026385093
52.42041755339806,12.761292855421688,0.006447464685287568
52.42041755339806,12.761435469879519,0.006022298625368384
52.42041755339806,12.76157808433735,0.005639692342585947
52.42041755339806,12.761720698795182,0.005301124273790421
52.42041755339806,12.761863313253013,0.00500092278426389
52.42041755339806,12.762005927710844,0.004747868771060548
52.42041755339806,12.762148542168676,0.004533442015067512
52.42041755339806,12.762291156626507,0.004359640760354411
52.42041755339806,12.762433771084337,0.004230563362673434
52.42041755339806,12.76257638554217,0.004145216944964427
52.42041755339806,12.762719,0.004098123981985124
52.42051029126214,12.750882,0.0663402649302632
52.42051029126214,12.751024614457831,0.06630361662013173
52.42051029126214,12.751167228915664,0.06621431438219855
52.42051029126214,12.751309843373495,0.06608684804515425
52.42051029126214,12.751452457831325,0.06591177013440809
52.42051029126214,12.751595072289158,0.065694574622507
52.42051029126214,12.751737686746988,0.06543394905769184
52.42051029126214,12.75188030120482,0.0651219328797212
52.42051029126214,12.752022915662652,0.06476676519374638
52.42051029126214,12.752165530120482,0.06437612135137219
52.42051029126214,12.752308144578313,0.0639448143240313
52.42051029126214,12.752450759036146,0.06346600556344933
52.42051029126214,12.752593373493976,0.06295495900791327
52.42051029126214,12.752735987951809,0.062404470351063446
52.42051029126214,12.75287860240964,0.06181891313338662
52.42051029126214,12.75302121686747,0.06119217188159462
52.42051029126214,12.753163831325303,0.060524451961848406
52.42051029126214,12.753306445783133,0.05982081211324683
52.42051029126214,12.753449060240964,0.05909055069724195
52.42051029126214,12.753591674698797,0.05832004441778142
52.42051029126214,12.753734289156627,0.05751518205465965
52.42051029126214,12.753876903614458,0.05667919264968746
52.42051029126214,12.75401951807229,0.05581740073382791
52.42051029126214,12.754162132530121,0.054924022080967014
52.42051029126214,12.754304746987952,0.05400571851523654
52.42051029126214,12.754447361445784,0.05305928230301503
52.42051029126214,12.754589975903615,0.05208884015671164
52.42051029126214,12.754732590361446,0.051090104781996826
52.42051029126214,12.754875204819278,0.050075512787289035
52.42051029126214,12.755017819277109,0.0490332725057674
52.42051029126214,12.75516043373494,0.04798352351487353
52.42051029126214,12.755303048192772,0.04690863187148985
52.42051029126214,12.755445662650603,0.045818198756403694
52.42051029126214,12.755588277108435,0.04471029683771761
52.42051029126214,12.755730891566266,0.04358723419607798
52.42051029126214,12.755873506024097,0.04245591718652725
52.42051029126214,12.75601612048193,0.04131181650882873
52.42051029126214,12.75615873493976,0.0401602263693223
52.42051029126214,12.75630134939759,0.039002019853476205
52.42051029126214,12.756443963855423,0.03784605083912082
52.42051029126214,12.756586578313254,0.036676047476213156
52.42051029126214,12.756729192771084,0.035507458689587594
52.42051029126214,12.756871807228917,0.03433958297382952
52.42051029126214,12.757014421686748,0.033174564402819226
52.42051029126214,12.757157036144578,0.03200680125373716
52.42051029126214,12.75729965060241,0.03084573887228174
52.42051029126214,12.757442265060241,0.02969467239190203
52.42051029126214,12.757584879518072,0.028553145649545253
52.42051029126214,12.757727493975905,0.027415866649901945
52.42051029126214,12.757870108433735,0.02628701737816888
52.42051029126214,12.758012722891566,0.02517809532629987
52.42051029126214,12.758155337349399,0.024082816859407025
52.42051029126214,12.75829795180723,0.023002349107975266
52.42051029126214,12.758440566265062,0.0219412675659765
52.42051029126214,12.758583180722892,0.020890090077570075
52.42051029126214,12.758725795180723,0.019862535453549424
52.42051029126214,12.758868409638556,0.018858166829971434
52.42051029126214,12.759011024096386,0.017877264053838885
52.42051029126214,12.759153638554217,0.01692037253131288
52.42051029126214,12.75929625301205,0.015988805578269424
52.42051029126214,12.75943886746988,0.015085489935498093
52.42051029126214,12.759581481927711,0.014209375364563834
52.42051029126214,12.759724096385543,0.01336449578696873
52.42051029126214,12.759866710843374,0.012545174471726357
52.42051029126214,12.760009325301205,0.011766890243930628
52.42051029126214,12.760151939759037,0.011014094196261998
52.42051029126214,12.760294554216868,0.010286061014506537
52.42051029126214,12.760437168674699,0.009602080589567252
52.42051029126214,12.760579783132531,0.00894952320236982
52.42051029126214,12.760722397590362,0.008330269501203275
52.42051029126214,12.760865012048193,0.007748723392904574
52.42051029126214,12.761007626506025,0.007208697386092887
52.42051029126214,12.761150240963856,0.006710507654547199
52.42051029126214,12.761292855421688,0.006258594976082524
52.42051029126214,12.761435469879519,0.005831886466000282
52.42051029126214,12.76157808433735,0.005447943363428777
52.42051029126214,12.761720698795182,0.005108168688840692
52.42051029126214,12.761863313253013,0.004806907000343133
52.42051029126214,12.762005927710844,0.0045529068466168545
52.42051029126214,12.762148542168676,0.00433771001182047
52.42051029126214,12.762291156626507,0.004163282499276128
52.42051029126214,12.762433771084337,0.004033759893041081
52.42051029126214,12.76257638554217,0.003948082525169239
52.42051029126214,12.762719,0.00390084372988785
52.42060302912621,12.750882,0.06635931549717863
52.42060302912621,12.751024614457831,0.0663225619983415
52.42060302912621,12.751167228915664,0.06623299734278196
52.42060302912621,12.751309843373495,0.06610518258495603
52.42060302912621,12.751452457831325,0.06592950639197284
52.42060302912621,12.751595072289158,0.06571164975758013
52.42060302912621,12.751737686746988,0.06545015302204986
52.42060302912621,12.75188030120482,0.0651371535896877
52.42060302912621,12.752022915662652,0.06478084636953786
52.42060302912621,12.752165530120482,0.06438896875664002
52.42060302912621,12.752308144578313,0.06395624373129832
52.42060302912621,12.752450759036146,0.06347589062948647
52.42060302912621,12.752593373493976,0.06296320859823021
52.42060302912621,12.752735987951809,0.06241098668930274
52.42060302912621,12.75287860240964,0.06182358592214277
52.42060302912621,12.75302121686747,0.06119486236510861
52.42060302912621,12.753163831325303,0.060525022847470716
52.42060302912621,12.753306445783133,0.059819155535962794
52.42060302912621,12.753449060240964,0.05908658820565774
52.42060302912621,12.753591674698797,0.058313649764665715
52.42060302912621,12.753734289156627,0.057506239850427986
52.42060302912621,12.753876903614458,0.05666760798353049
52.42060302912621,12.75401951807229,0.055803085285858915
52.42060302912621,12.754162132530121,0.054906859943579356
52.42060302912621,12.754304746987952,0.05398565749855355
52.42060302912621,12.754447361445784,0.05303620464387491
52.42060302912621,12.754589975903615,0.05206264803447054
52.42060302912621,12.754732590361446,0.05106073494286093
52.42060302912621,12.754875204819278,0.05004288041903045
52.42060302912621,12.755017819277109,0.048997266393987444
52.42060302912621,12.75516043373494,0.04794417701279856
52.42060302912621,12.755303048192772,0.04686580683167387
52.42060302912621,12.755445662650603,0.045771890052791746
52.42060302912621,12.755588277108435,0.04466044293487618
52.42060302912621,12.755730891566266,0.04353378841250428
52.42060302912621,12.755873506024097,0.04239880930925472
52.42060302912621,12.75601612048193,0.041250974899732375
52.42060302912621,12.75615873493976,0.040095620898675965
52.42060302912621,12.75630134939759,0.03893368519293733
52.42060302912621,12.756443963855423,0.03777397302402862
52.42060302912621,12.756586578313254,0.03660021555184777
52.42060302912621,12.756729192771084,0.0354278548372483
52.42060302912621,12.756871807228917,0.034256159898847435
52.42060302912621,12.757014421686748,0.03308731982930302
52.42060302912621,12.757157036144578,0.03191571799897269
52.42060302912621,12.75729965060241,0.03075081875097726
52.42060302912621,12.757442265060241,0.029595946722416704
52.42060302912621,12.757584879518072,0.028450668962306046
52.42060302912621,12.757727493975905,0.027309620047596496
52.42060302912621,12.757870108433735,0.026177042270029323
52.42060302912621,12.758012722891566,0.025064454873804765
52.42060302912621,12.758155337349399,0.023965534964614413
52.42060302912621,12.75829795180723,0.022881461985156077
52.42060302912621,12.758440566265062,0.02181685207155473
52.42060302912621,12.758583180722892,0.020762155162223822
52.42060302912621,12.758725795180723,0.019731143470161087
52.42060302912621,12.758868409638556,0.018723422420076005
52.42060302912621,12.759011024096386,0.01773923561498523
52.42060302912621,12.759153638554217,0.016779099520573455
52.42060302912621,12.75929625301205,0.015844316463917357
52.42060302912621,12.75943886746988,0.014937986769656459
52.42060302912621,12.759581481927711,0.014058909448858143
52.42060302912621,12.759724096385543,0.013211246152587409
52.42060302912621,12.759866710843374,0.012389226914684371
52.42060302912621,12.760009325301205,0.01160837738674022
52.42060302912621,12.760151939759037,0.010853081281352556
52.42060302912621,12.760294554216868,0.01012258965587373
52.42060302912621,12.760437168674699,0.009436293724567222
52.42060302912621,12.760579783132531,0.008781490807627631
52.42060302912621,12.760722397590362,0.008160198655984234
52.42060302912621,12.760865012048193,0.007576694502711079
52.42060302912621,12.761007626506025,0.007034848383436565
52.42060302912621,12.761150240963856,0.0065349170157610915
52.42060302912621,12.761292855421688,0.006081508101112735
52.42060302912621,12.761435469879519,0.005653343606965669
52.42060302912621,12.76157808433735,0.00526813972858022
52.42060302912621,12.761720698795182,0.00492722672425921
52.42060302912621,12.761863313253013,0.004624964874310815
52.42060302912621,12.762005927710844,0.004370071136242066
52.42060302912621,12.762148542168676,0.0041541477604065975
52.42060302912621,12.762291156626507,0.003979129243465149
52.42060302912621,12.762433771084337,0.003849187016586371
52.42060302912621,12.76257638554217,0.0037631971039568174
52.42060302912621,12.762719,0.0037158208865996478
52.42069576699029,12.750882,0.06638316166522927
52.42069576699029,12.751024614457831,0.06634630731444288
52.42069576699029,12.751167228915664,0.06625649085866776
52.42069576699029,12.751309843373495,0.06612834187295895
52.42069576699029,12.751452457831325,0.06595209091366355
52.42069576699029,12.751595072289158,0.06573359936592879
52.42069576699029,12.751737686746988,0.06547126542385025
52.42069576699029,12.75188030120482,0.06515732148780749
52.42069576699029,12.752022915662652,0.06479991957670649
52.42069576699029,12.752165530120482,0.06440685671704614
52.42069576699029,12.752308144578313,0.06397276907315888
52.42069576699029,12.752450759036146,0.06349093206127444
52.42069576699029,12.752593373493976,0.0629766787311004
52.42069576699029,12.752735987951809,0.06242279193278811
52.42069576699029,12.75287860240964,0.061833620083325325
52.42069576699029,12.75302121686747,0.061202992306661694
52.42069576699029,12.753163831325303,0.060531116669500624
52.42069576699029,12.753306445783133,0.05982310966415102
52.42069576699029,12.753449060240964,0.059088327361919005
52.42069576699029,12.753591674698797,0.05831305272875587
52.42069576699029,12.753734289156627,0.057503195422320734
52.42069576699029,12.753876903614458,0.05666202479517763
52.42069576699029,12.75401951807229,0.05579487915311787
52.42069576699029,12.754162132530121,0.05489591911925446
52.42069576699029,12.754304746987952,0.0539719319595413
52.42069576699029,12.754447361445784,0.05301958093115207
52.42069576699029,12.754589975903615,0.052043032185171936
52.42069576699029,12.754732590361446,0.051038066197372535
52.42069576699029,12.754875204819278,0.05001707712925949
52.42069576699029,12.755017819277109,0.04896822115119835
52.42069576699029,12.75516043373494,0.047911922976472635
52.42069576699029,12.755303048192772,0.046830210637252505
52.42069576699029,12.755445662650603,0.045732946898264584
52.42069576699029,12.755588277108435,0.04461809373744345
52.42069576699029,12.755730891566266,0.04348798867129704
52.42069576699029,12.755873506024097,0.0423494911453807
52.42069576699029,12.75601612048193,0.04119806909867905
52.42069576699029,12.75615873493976,0.04003909872656605
52.42069576699029,12.75630134939759,0.03887358046219022
52.42069576699029,12.756443963855423,0.03771027193065131
52.42069576699029,12.756586578313254,0.03653290736231202
52.42069576699029,12.756729192771084,0.03535692259158556
52.42069576699029,12.756871807228917,0.034181557786780024
52.42069576699029,12.757014421686748,0.033009045707648774
52.42069576699029,12.757157036144578,0.0318337549660489
52.42069576699029,12.75729965060241,0.030665168631806357
52.42069576699029,12.757442265060241,0.02950663984298735
52.42069576699029,12.757584879518072,0.028357758099159993
52.42069576699029,12.757727493975905,0.027213086485696942
52.42069576699029,12.757870108433735,0.026076925780082943
52.42069576699029,12.758012722891566,0.0249608165663808
52.42069576699029,12.758155337349399,0.023858397497669777
52.42069576699029,12.75829795180723,0.022770860344562847
52.42069576699029,12.758440566265062,0.021702860181391923
52.42069576699029,12.758583180722892,0.020644781132327362
52.42069576699029,12.758725795180723,0.019610447153837616
52.42069576699029,12.758868409638556,0.01859950467074549
52.42069576699029,12.759011024096386,0.017612162266411886
52.42069576699029,12.759153638554217,0.016648907871306136
52.42069576699029,12.75929625301205,0.015711033809829134
52.42069576699029,12.75943886746988,0.014801807451821178
52.42069576699029,12.759581481927711,0.013919882816902027
52.42069576699029,12.759724096385543,0.01306954473962392
52.42069576699029,12.759866710843374,0.012244932966490056
52.42069576699029,12.760009325301205,0.011461618714743653
52.42069576699029,12.760151939759037,0.010703920035609722
52.42069576699029,12.760294554216868,0.00997106570695544
52.42069576699029,12.760437168674699,0.009282544416934805
52.42069576699029,12.760579783132531,0.00862558325397117
52.42069576699029,12.760722397590362,0.008002332494585965
52.42069576699029,12.760865012048193,0.007416946418333587
52.42069576699029,12.761007626506025,0.006873351200880338
52.42069576699029,12.761150240963856,0.006371745567083054
52.42069576699029,12.761292855421688,0.005916899145809638
52.42069576699029,12.761435469879519,0.0054873350350369094
52.42069576699029,12.76157808433735,0.005100919239003304
52.42069576699029,12.761720698795182,0.004758912004239661
52.42069576699029,12.761863313253013,0.004455689155530792
52.42069576699029,12.762005927710844,0.004199936396935159
52.42069576699029,12.762148542168676,0.003983314642758974
52.42069576699029,12.762291156626507,0.003807728027426224
52.42069576699029,12.762433771084337,0.003677382487745828
52.42069576699029,12.76257638554217,0.003591091831001974
52.42069576699029,12.762719,0.003543583720344662
52.42078850485437,12.750882,0.06639985727561912
52.42078850485437,12.751024614457831,0.06636290502510954
52.42078850485437,12.751167228915664,0.06627284459760938
52.42078850485437,12.751309843373495,0.06614437111753156
52.42078850485437,12.751452457831325,0.06596756319725225
52.42078850485437,12.751595072289158,0.06574845603557845
52.42078850485437,12.751737686746988,0.06548531100608589
52.42078850485437,12.75188030120482,0.06517045164625755
52.42078850485437,12.752022915662652,0.0648119891046079
52.42078850485437,12.752165530120482,0.06441777747466051
52.42078850485437,12.752308144578313,0.06398236959749475
52.42078850485437,12.752450759036146,0.06349909484635195
52.42078850485437,12.752593373493976,0.06298331882198827
52.42078850485437,12.752735987951809,0.062427818248669505
52.42078850485437,12.75287860240964,0.06183693013801883
52.42078850485437,12.75302121686747,0.06120445657455185
52.42078850485437,12.753163831325303,0.060530607702326045
52.42078850485437,12.753306445783133,0.05982052703481564
52.42078850485437,12.753449060240964,0.05908359813811467
52.42078850485437,12.753591674698797,0.05830605921188574
52.42078850485437,12.753734289156627,0.05749382969372451
52.42078850485437,12.753876903614458,0.05665019848115892
52.42078850485437,12.75401951807229,0.05578051066060839
52.42078850485437,12.754162132530121,0.05487890038234988
52.42078850485437,12.754304746987952,0.05395221400476361
52.42078850485437,12.754447361445784,0.052997053902946414
52.42078850485437,12.754589975903615,0.052017605250448753
52.42078850485437,12.754732590361446,0.05100968077246205
52.42078850485437,12.754875204819278,0.0499856535196692
52.42078850485437,12.755017819277109,0.0489336557787054
52.42078850485437,12.75516043373494,0.047874247029528375
52.42078850485437,12.755303048192772,0.04678929524773754
52.42078850485437,12.755445662650603,0.04568878740659879
52.42078850485437,12.755588277108435,0.044570632875654596
52.42078850485437,12.755730891566266,0.04343718313986861
52.42078850485437,12.755873506024097,0.04229527538430606
52.42078850485437,12.75601612048193,0.04114037616665445
52.42078850485437,12.75615873493976,0.039977900795377566
52.42078850485437,12.75630134939759,0.03880890990674859
52.42078850485437,12.756443963855423,0.037642115124374584
52.42078850485437,12.756586578313254,0.036461253931785335
52.42078850485437,12.756729192771084,0.03528175629665458
52.42078850485437,12.756871807228917,0.03410283452171293
52.42078850485437,12.757014421686748,0.03292676334383487
52.42078850485437,12.757157036144578,0.03174789711148979
52.42078850485437,12.75729965060241,0.030575736901321295
52.42078850485437,12.757442265060241,0.02941366358643025
52.42078850485437,12.757584879518072,0.028261288292108274
52.42078850485437,12.757727493975905,0.027113105293056244
52.42078850485437,12.757870108433735,0.025973471503281526
52.42078850485437,12.758012722891566,0.024853948513067513
52.42078850485437,12.758155337349399,0.023748137722057076
52.42078850485437,12.75829795180723,0.022657242526860154
52.42078850485437,12.758440566265062,0.021585956207271856
52.42078850485437,12.758583180722892,0.02052459887713749
52.42078850485437,12.758725795180723,0.019487044789587203
52.42078850485437,12.758868409638556,0.018472979495751364
52.42078850485437,12.759011024096386,0.017482578225217905
52.42078850485437,12.759153638554217,0.01651630106685943
52.42078850485437,12.75929625301205,0.015575431284735713
52.42078850485437,12.75943886746988,0.014663397039503357
52.42078850485437,12.759581481927711,0.01377871244344584
52.42078850485437,12.759724096385543,0.012925781039122515
52.42078850485437,12.759866710843374,0.012098655971060676
52.42078850485437,12.760009325301205,0.011312952040029918
52.42078850485437,12.760151939759037,0.010552924229359818
52.42078850485437,12.760294554216868,0.009817779688627293
52.42078850485437,12.760437168674699,0.009127101023091916
52.42078850485437,12.760579783132531,0.008468048075340389
52.42078850485437,12.760722397590362,0.007842898565750697
52.42078850485437,12.760865012048193,0.007255688206314486
52.42078850485437,12.761007626506025,0.006710397187871131
52.42078850485437,12.761150240963856,0.006207168548666266
52.42078850485437,12.761292855421688,0.005750928149590826
52.42078850485437,12.761435469879519,0.005320007635384659
52.42078850485437,12.76157808433735,0.004932416567725995
52.42078850485437,12.761720698795182,0.004589348649616154
52.42078850485437,12.761863313253013,0.004285194158499215
52.42078850485437,12.762005927710844,0.004028608766631262
52.42078850485437,12.762148542168676,0.0038113096380468065
52.42078850485437,12.762291156626507,0.0036351725788876348
52.42078850485437,12.762433771084337,0.003504435841042622
52.42078850485437,12.76257638554217,0.0034178537010049826
52.42078850485437,12.762719,0.003370217411816056
52.420881242718444,12.750882,0.06641236581810843
52.420881242718444,12.751024614457831,0.06637532145655003
52.420881242718444,12.751167228915664,0.06628503044820964
52.420881242718444,12.751309843373495,0.06615625135733902
52.420881242718444,12.751452457831325,0.06597891603898451
52.420881242718444,12.751595072289158,0.0657592272540488
52.420881242718444,12.751737686746988,0.06549531469653196
52.420881242718444,12.75188030120482,0.06517958963233991
52.420881242718444,12.752022915662652,0.06482012376446711
52.420881242718444,12.752165530120482,0.06442482617054301
52.420881242718444,12.752308144578313,0.0639881687739567
52.420881242718444,12.752450759036146,0.0635035335364055
52.420881242718444,12.752593373493976,0.06298631712627051
52.420881242718444,12.752735987951809,0.062429290912778664
52.420881242718444,12.75287860240964,0.06183677966579203
52.420881242718444,12.75302121686747,0.06120256081683827
52.420881242718444,12.753163831325303,0.060526845849274875
52.420881242718444,12.753306445783133,0.05981480400137919
52.420881242718444,12.753449060240964,0.05907584563267763
52.420881242718444,12.753591674698797,0.05829616557484463
52.420881242718444,12.753734289156627,0.05748169268741994
52.420881242718444,12.753876903614458,0.05663573437811499
52.420881242718444,12.75401951807229,0.05576364257610401
52.420881242718444,12.754162132530121,0.05485952532860481
52.420881242718444,12.754304746987952,0.053930286695250476
52.420881242718444,12.754447361445784,0.0529724698381821
52.420881242718444,12.754589975903615,0.051990278262471566
52.420881242718444,12.754732590361446,0.05097955545418174
52.420881242718444,12.754875204819278,0.04995265434893892
52.420881242718444,12.755017819277109,0.048897683886143094
52.420881242718444,12.75516043373494,0.04783533363581016
52.420881242718444,12.755303048192772,0.0467473173185044
52.420881242718444,12.755445662650603,0.045643741285585834
52.420881242718444,12.755588277108435,0.04452246421146296
52.420881242718444,12.755730891566266,0.04338585088105146
52.420881242718444,12.755873506024097,0.04224071670465593
52.420881242718444,12.75601612048193,0.04108252718389169
52.420881242718444,12.75615873493976,0.039916735327040924
52.420881242718444,12.75630134939759,0.03874445976642397
52.420881242718444,12.756443963855423,0.037574367110526835
52.420881242718444,12.756586578313254,0.036390198091511367
52.420881242718444,12.756729192771084,0.035207377565602986
52.420881242718444,12.756871807228917,0.03402509008362094
52.420881242718444,12.757014421686748,0.0328456511493343
52.420881242718444,12.757157036144578,0.03166340112455846
52.420881242718444,12.75729965060241,0.03048785863612008
52.420881242718444,12.757442265060241,0.029322431163749347
52.420881242718444,12.757584879518072,0.02816675031712646
52.420881242718444,12.757727493975905,0.027015244188095568
52.420881242718444,12.757870108433735,0.025872323334350508
52.420881242718444,12.758012722891566,0.024749569908431485
52.420881242718444,12.758155337349399,0.02364054888308554
52.420881242718444,12.75829795180723,0.02254647548786417
52.420881242718444,12.758440566265062,0.021472079151488726
52.420881242718444,12.758583180722892,0.020407618393681166
52.420881242718444,12.758725795180723,0.01936701598814869
52.420881242718444,12.758868409638556,0.018349995282426937
52.420881242718444,12.759011024096386,0.017356698981251296
52.420881242718444,12.759153638554217,0.0163875601555077
52.420881242718444,12.75929625301205,0.015443853477413498
52.420881242718444,12.75943886746988,0.01452916154107602
52.420881242718444,12.759581481927711,0.013641863975802459
52.420881242718444,12.759724096385543,0.012786478986576942
52.420881242718444,12.759866710843374,0.011956975354385528
52.420881242718444,12.760009325301205,0.011169010301707388
52.420881242718444,12.760151939759037,0.010406778442158874
52.420881242718444,12.760294554216868,0.009669465619746034
52.420881242718444,12.760437168674699,0.00897674480751014
52.420881242718444,12.760579783132531,0.008315710606702342
52.420881242718444,12.760722397590362,0.007688764165116255
52.420881242718444,12.760865012048193,0.0070998266581461505
52.420881242718444,12.761007626506025,0.006552930243394681
52.420881242718444,12.761150240963856,0.0060481643241251815
52.420881242718444,12.761292855421688,0.005590605092387516
52.420881242718444,12.761435469879519,0.005158399762276066
52.420881242718444,12.76157808433735,0.0047696966201306
52.420881242718444,12.761720698795182,0.004425624681096497
52.420881242718444,12.761863313253013,0.004120588413946616
52.420881242718444,12.762005927710844,0.0038632142189589875
52.420881242718444,12.762148542168676,0.003645274167547123
52.420881242718444,12.762291156626507,0.00346861538670553
52.420881242718444,12.762433771084337,0.0033375084039406035
52.420881242718444,12.76257638554217,0.0032506501428644094
52.420881242718444,12.762719,0.003202892592948089
52.420973980582524,12.750882,0.06642521747832389
52.420973980582524,12.751024614457831,0.06638808476787199
52.420973980582524,12.751167228915664,0.06629757269991174
52.420973980582524,12.751309843373495,0.06616850046739618
52.420973980582524,12.751452457831325,0.06599065950022281
52.420973980582524,12.751595072289158,0.06577041278372966
52.420973980582524,12.751737686746988,0.06550576444823884
52.420973980582524,12.75188030120482,0.06518920963920967
52.420973980582524,12.752022915662652,0.06482878166121828
52.420973980582524,12.752165530120482,0.06443244280145276
52.420973980582524,12.752308144578313,0.06399458735680696
52.420973980582524,12.752450759036146,0.06350864807763369
52.420973980582524,12.752593373493976,0.0629900510087361
52.420973980582524,12.752735987951809,0.06243156203729647
52.420973980582524,12.75287860240964,0.06183749501952333
52.420973980582524,12.75302121686747,0.061201603046309616
52.420973980582524,12.753163831325303,0.06052409913906559
52.420973980582524,12.753306445783133,0.059810176857828794
52.420973980582524,12.753449060240964,0.059069272812081894
52.420973980582524,12.753591674698797,0.058287539827686786
52.420973980582524,12.753734289156627,0.05747091635784131
52.420973980582524,12.753876903614458,0.05662272694636406
52.420973980582524,12.75401951807229,0.05574833016398455
52.420973980582524,12.754162132530121,0.05484180953716747
52.420973980582524,12.754304746987952,0.05391012367799491
52.420973980582524,12.754447361445784,0.05294976000473556
52.420973980582524,12.754589975903615,0.0519649386384956
52.420973980582524,12.754732590361446,0.050951533267427226
52.420973980582524,12.754875204819278,0.04992187688857713
52.420973980582524,12.755017819277109,0.048864056195686595
52.420973980582524,12.75516043373494,0.04779888539016572
52.420973980582524,12.755303048192772,0.04670793079406898
52.420973980582524,12.755445662650603,0.045601412697905776
52.420973980582524,12.755588277108435,0.044477141604337
52.420973980582524,12.755730891566266,0.04333749485778562
52.420973980582524,12.755873506024097,0.04218926714726477
52.420973980582524,12.75601612048193,0.0410279225772547
52.420973980582524,12.75615873493976,0.03985895070438788
52.420973980582524,12.75630134939759,0.03868352555327069
52.420973980582524,12.756443963855423,0.03751027031935456
52.420973980582524,12.756586578313254,0.03632292937253751
52.420973980582524,12.756729192771084,0.035136922365762116
52.420973980582524,12.756871807228917,0.033951407224854235
52.420973980582524,12.757014421686748,0.03276873852173514
52.420973980582524,12.757157036144578,0.031583243519276376
52.420973980582524,12.75729965060241,0.03040445740137747
52.420973980582524,12.757442265060241,0.029235812971797795
52.420973980582524,12.757584879518072,0.028076961736181787
52.420973980582524,12.757727493975905,0.026922268341855415
52.420973980582524,12.757870108433735,0.025776195114789027
52.420973980582524,12.758012722891566,0.024650343566915662
52.420973980582524,12.758155337349399,0.02353824364445231
52.420973980582524,12.75829795180723,0.02244112169060175
52.420973980582524,12.758440566265062,0.02136374270358251
52.420973980582524,12.758583180722892,0.020296305425556653
52.420973980582524,12.758725795180723,0.019252779188133805
52.420973980582524,12.758868409638556,0.018232923515177087
52.420973980582524,12.759011024096386,0.017236850187489026
52.420973980582524,12.759153638554217,0.01626496658764635
52.420973980582524,12.75929625301205,0.015318538839600992
52.420973980582524,12.75943886746988,0.014401297541105258
52.420973980582524,12.759581481927711,0.013511493439103833
52.420973980582524,12.759724096385543,0.012653754766398236
52.420973980582524,12.759866710843374,0.011821969677216897
52.420973980582524,12.760009325301205,0.011031835923564014
52.420973980582524,12.760151939759037,0.010267489850768908
52.420973980582524,12.760294554216868,0.009528097341571274
52.420973980582524,12.760437168674699,0.008833417485776242
52.420973980582524,12.760579783132531,0.008170482869295392
52.420973980582524,12.760722397590362,0.007541812688174282
52.420973980582524,12.760865012048193,0.006951218772037462
52.420973980582524,12.761007626506025,0.006402782247003241
52.420973980582524,12.761150240963856,0.005896541760441999
52.420973980582524,12.761292855421688,0.0054377172539944885
52.420973980582524,12.761435469879519,0.005004279358145278
52.420973980582524,12.76157808433735,0.004614509444472618
52.420973980582524,12.761720698795182,0.004269474183303769
52.420973980582524,12.761863313253013,0.0039635922751703155
52.420973980582524,12.762005927710844,0.0037054617653168222
52.420973980582524,12.762148542168676,0.003486906631648392
52.420973980582524,12.762291156626507,0.003309747440381986
52.420973980582524,12.762433771084337,0.003178285093666724
52.420973980582524,12.76257638554217,0.003091161913514229
52.420973980582524,12.762719,0.00304328800404962
52.4210667184466,12.750882,0.0664368846507579
52.4210667184466,12.751024614457831,0.06639966763461135
52.4210667184466,12.751167228915664,0.06630894467983332
52.4210667184466,12.751309843373495,0.0661795926949625
52.4210667184466,12.751452457831325,0.06600126857728787
52.4210667184466,12.751595072289158,0.06578048853049832
52.4210667184466,12.751737686746988,0.06551513697872469
52.4210667184466,12.75188030120482,0.06519778888775525
52.4210667184466,12.752022915662652,0.06483644142750557
52.4210667184466,12.752165530120482,0.064439107206624
52.4210667184466,12.752308144578313,0.06400010698246467
52.4210667184466,12.752450759036146,0.0635129213305576
52.4210667184466,12.752593373493976,0.06299300423484162
52.4210667184466,12.752735987951809,0.062433117411622954
52.4210667184466,12.75287860240964,0.061837563240205916
52.4210667184466,12.75302121686747,0.06120007212399097
52.4210667184466,12.753163831325303,0.060520858496181384
52.4210667184466,12.753306445783133,0.05980513919642351
52.4210667184466,12.753449060240964,0.05906237549858769
52.4210667184466,12.753591674698797,0.05827868056501135
52.4210667184466,12.753734289156627,0.05746000150976967
52.4210667184466,12.753876903614458,0.05660967970632409
52.4210667184466,12.75401951807229,0.05573308008086489
52.4210667184466,12.754162132530121,0.05482426245780889
52.4210667184466,12.754304746987952,0.0538902380880687
52.4210667184466,12.754447361445784,0.052927440064859936
52.4210667184466,12.754589975903615,0.05194010530162891
52.4210667184466,12.754732590361446,0.050924135981353175
52.4210667184466,12.754875204819278,0.049891846095656334
52.4210667184466,12.755017819277109,0.04883130133722942
52.4210667184466,12.75516043373494,0.04776343513545795
52.4210667184466,12.755303048192772,0.04666967241116393
52.4210667184466,12.755445662650603,0.045560342447461585
52.4210667184466,12.755588277108435,0.04443320962964836
52.4210667184466,12.755730891566266,0.04329066386774291
52.4210667184466,12.755873506024097,0.04213948009392539
52.4210667184466,12.75601612048193,0.04097512023521691
52.4210667184466,12.75615873493976,0.03980310916207906
52.4210667184466,12.75630134939759,0.038624674078162634
52.4210667184466,12.756443963855423,0.03744839648247659
52.4210667184466,12.756586578313254,0.03625802420928168
52.4210667184466,12.756729192771084,0.035068971987839245
52.4210667184466,12.756871807228917,0.0338803722707147
52.4210667184466,12.757014421686748,0.03269461732803972
52.4210667184466,12.757157036144578,0.031506021153118416
52.4210667184466,12.75729965060241,0.03032413545966873
52.4210667184466,12.757442265060241,0.029152416902491426
52.4210667184466,12.757584879518072,0.027990536479110692
52.4210667184466,12.757727493975905,0.02683279732003081
52.4210667184466,12.757870108433735,0.02568371185009658
52.4210667184466,12.758012722891566,0.024554899737235493
52.4210667184466,12.758155337349399,0.023439857585709635
52.4210667184466,12.75829795180723,0.022339822688542503
52.4210667184466,12.758440566265062,0.021259593408723958
52.4210667184466,12.758583180722892,0.020189311966561704
52.4210667184466,12.758725795180723,0.019142991856486293
52.4210667184466,12.758868409638556,0.01812042754506239
52.4210667184466,12.759011024096386,0.017121700667589855
52.4210667184466,12.759153638554217,0.01614719446929807
52.4210667184466,12.75929625301205,0.015198166674438244
52.4210667184466,12.75943886746988,0.014278489525546837
52.4210667184466,12.759581481927711,0.013386290448366901
52.4210667184466,12.759724096385543,0.012526302897840288
52.4210667184466,12.759866710843374,0.011692338062115261
52.4210667184466,12.760009325301205,0.010900132097294946
52.4210667184466,12.760151939759037,0.010133766073065181
52.4210667184466,12.760294554216868,0.009392386160131595
52.4210667184466,12.760437168674699,0.008695834142893976
52.4210667184466,12.760579783132531,0.008031083777563564
52.4210667184466,12.760722397590362,0.007400766504887938
52.4210667184466,12.760865012048193,0.006808589702722797
52.4210667184466,12.761007626506025,0.006258681663577054
52.4210667184466,12.761150240963856,0.005751032306177548
52.4210667184466,12.761292855421688,0.005290998803348027
52.4210667184466,12.761435469879519,0.004856383308070776
52.4210667184466,12.76157808433735,0.004465593670083964
52.4210667184466,12.761720698795182,0.004119637886766741
52.4210667184466,12.761863313253013,0.0038129481394599263
52.4210667184466,12.762005927710844,0.003554094650006049
52.4210667184466,12.762148542168676,0.003334951990210507
52.4210667184466,12.762291156626507,0.003157314701392839
52.4210667184466,12.762433771084337,0.0030255128497143112
52.4210667184466,12.76257638554217,0.0029381364016861904
52.4210667184466,12.762719,0.002890151487813685
52.42115945631068,12.750882,0.06644026965699273
52.42115945631068,12.751024614457831,0.0664029736660459
52.42115945631068,12.751167228915664,0.06631205313615457
52.42115945631068,12.751309843373495,0.06618243886742599
52.42115945631068,12.751452457831325,0.06600366050335618
52.42115945631068,12.751595072289158,0.0657823800673753
52.42115945631068,12.751737686746988,0.06551636745123912
52.42115945631068,12.75188030120482,0.06519827444024623
52.42115945631068,12.752022915662652,0.06483606305432613
52.42115945631068,12.752165530120482,0.06443779435172572
52.42115945631068,12.752308144578313,0.06399771825832944
52.42115945631068,12.752450759036146,0.06350936134083864
52.42115945631068,12.752593373493976,0.06298820457345955
52.42115945631068,12.752735987951809,0.06242700510136599
52.42115945631068,12.75287860240964,0.061830054536899354
52.42115945631068,12.75302121686747,0.06119106187063983
52.42115945631068,12.753163831325303,0.06051024257798106
52.42115945631068,12.753306445783133,0.05979283585507455
52.42115945631068,12.753449060240964,0.059048326163283364
52.42115945631068,12.753591674698797,0.05826278873458865
52.42115945631068,12.753734289156627,0.0574421792979241
52.42115945631068,12.753876903614458,0.05658985498468491
52.42115945631068,12.75401951807229,0.05571118691179027
52.42115945631068,12.754162132530121,0.05480021190953972
52.42115945631068,12.754304746987952,0.053863991599559055
52.42115945631068,12.754447361445784,0.05289890759146952
52.42115945631068,12.754589975903615,0.051909212074139156
52.42115945631068,12.754732590361446,0.050890834939759856
52.42115945631068,12.754875204819278,0.049856071442311245
52.42115945631068,12.755017819277109,0.048792967647987615
52.42115945631068,12.75516043373494,0.04772257062152004
52.42115945631068,12.755303048192772,0.046626170180068975
52.42115945631068,12.755445662650603,0.04551419969957845
52.42115945631068,12.755588277108435,0.044384379576452755
52.42115945631068,12.755730891566266,0.04323911135408946
52.42115945631068,12.755873506024097,0.04208515074050293
52.42115945631068,12.75601612048193,0.040917958146032926
52.42115945631068,12.75615873493976,0.03974309202002574
52.42115945631068,12.75630134939759,0.03856183013784768
52.42115945631068,12.756443963855423,0.037382713894242976
52.42115945631068,12.756586578313254,0.0361894947671463
52.42115945631068,12.756729192771084,0.03499758238079949
52.42115945631068,12.756871807228917,0.03380608502534815
52.42115945631068,12.757014421686748,0.03261743064180136
52.42115945631068,12.757157036144578,0.03142592080661202
52.42115945631068,12.75729965060241,0.03024112286302933
52.42115945631068,12.757442265060241,0.029066516160686062
52.42115945631068,12.757584879518072,0.027901790555527918
52.42115945631068,12.757727493975905,0.026741189902467735
52.42115945631068,12.757870108433735,0.02558927444000242
52.42115945631068,12.758012722891566,0.024457681270265624
52.42115945631068,12.758155337349399,0.023339874681581274
52.42115945631068,12.75829795180723,0.022237102744722518
52.42115945631068,12.758440566265062,0.02115419589096315
52.42115945631068,12.758583180722892,0.020081241888959017
52.42115945631068,12.758725795180723,0.01903229640560255
52.42115945631068,12.758868409638556,0.018007187434645598
52.42115945631068,12.759011024096386,0.017005967543233587
52.42115945631068,12.759153638554217,0.016028996727670653
52.42115945631068,12.75929625301205,0.015077524930200956
52.42115945631068,12.75943886746988,0.014155559196286074
52.42115945631068,12.759581481927711,0.013261109678314969
52.42115945631068,12.759724096385543,0.012399009754032403
52.42115945631068,12.759866710843374,0.01156299743741197
52.42115945631068,12.760009325301205,0.010768845213905004
52.42115945631068,12.760151939759037,0.01000058144313053
52.42115945631068,12.760294554216868,0.009257334157974455
52.42115945631068,12.760437168674699,0.008559022961314592
52.42115945631068,12.760579783132531,0.007892565796966684
52.42115945631068,12.760722397590362,0.00726070154616972
52.42115945631068,12.760865012048193,0.006667037363076602
52.42115945631068,12.761007626506025,0.00611574664581169
52.42115945631068,12.761150240963856,0.005606772649025487
52.42115945631068,12.761292855421688,0.005145604137944525
52.42115945631068,12.761435469879519,0.004709881618572534
52.42115945631068,12.76157808433735,0.004318134094013701
52.42115945631068,12.761720698795182,0.003971313484806584
52.42115945631068,12.761863313253013,0.00366386447863311
52.42115945631068,12.762005927710844,0.0034043312622817944
52.42115945631068,12.762148542168676,0.0031846365574508995
52.42115945631068,12.762291156626507,0.003006549657854798
52.42115945631068,12.762433771084337,0.002874428963636426
52.42115945631068,12.76257638554217,0.002786814408654947
52.42115945631068,12.762719,0.002738725532089075
52.421252194174755,12.750882,0.06644154234510569
52.421252194174755,12.751024614457831,0.06640417278417486
52.421252194174755,12.751167228915664,0.06631306687813668
52.421252194174755,12.751309843373495,0.06618320769943743
52.421252194174755,12.751452457831325,0.06600400298815123
52.421252194174755,12.751595072289158,0.06578225349852353
52.421252194174755,12.751737686746988,0.06551562042980376
52.421252194174755,12.75188030120482,0.06519682843638622
52.421252194174755,12.752022915662652,0.06483380653661817
52.421252194174755,12.752165530120482,0.06443466109131735
52.421252194174755,12.752308144578313,0.06399357509885018
52.421252194174755,12.752450759036146,0.06350411926787228
52.421252194174755,12.752593373493976,0.06298179970231019
52.421252194174755,12.752735987951809,0.06241936929491472
52.421252194174755,12.75287860240964,0.06182110902254968
52.421252194174755,12.75302121686747,0.061180707890778785
52.421252194174755,12.753163831325303,0.06049838263851974
52.421252194174755,12.753306445783133,0.05977939301821985
52.421252194174755,12.753449060240964,0.059033246174120285
52.421252194174755,12.753591674698797,0.05824598073566972
52.421252194174755,12.753734289156627,0.05742356061238171
52.421252194174755,12.753876903614458,0.05656935821365922
52.421252194174755,12.75401951807229,0.05568875002448468
52.421252194174755,12.754162132530121,0.05477575156369241
52.421252194174755,12.754304746987952,0.05383747160365237
52.421252194174755,12.754447361445784,0.05287024339372026
52.421252194174755,12.754589975903615,0.05187833336090331
52.421252194174755,12.754732590361446,0.050857697585220074
52.421252194174755,12.754875204819278,0.04982061362813895
52.421252194174755,12.755017819277109,0.048755108661342014
52.421252194174755,12.75516043373494,0.047682337746778866
52.421252194174755,12.755303048192772,0.04658346254361342
52.421252194174755,12.755445662650603,0.04546901507901459
52.421252194174755,12.755588277108435,0.04433667407022106
52.421252194174755,12.755730891566266,0.043188852171194836
52.421252194174755,12.755873506024097,0.04203228627881151
52.421252194174755,12.75601612048193,0.04086243565759107
52.421252194174755,12.75615873493976,0.03968489062340836
52.421252194174755,12.75630134939759,0.03850097706889696
52.421252194174755,12.756443963855423,0.037319197836938614
52.421252194174755,12.756586578313254,0.03612330789167363
52.421252194174755,12.756729192771084,0.034928712498174606
52.421252194174755,12.756871807228917,0.03373449652510735
52.421252194174755,12.757014421686748,0.03254312181180947
52.421252194174755,12.757157036144578,0.031348877820108124
52.421252194174755,12.75729965060241,0.03016134674489729
52.421252194174755,12.757442265060241,0.028984030131967514
52.421252194174755,12.757584879518072,0.027816634707317114
52.421252194174755,12.757727493975905,0.026653348744589102
52.421252194174755,12.757870108433735,0.025498777563702363
52.421252194174755,12.758012722891566,0.024364574832162585
52.421252194174755,12.758155337349399,0.02324417423155011
52.421252194174755,12.75829795180723,0.022138833876743244
52.421252194174755,12.758440566265062,0.02105341455312267
52.421252194174755,12.758583180722892,0.019977952053282094
52.421252194174755,12.758725795180723,0.01892654224013397
52.421252194174755,12.758868409638556,0.017899045009036198
52.421252194174755,12.759011024096386,0.016895485787490016
52.421252194174755,12.759153638554217,0.015916201289114144
52.421252194174755,12.75929625301205,0.014962434608932118
52.421252194174755,12.75943886746988,0.01403832129583817
52.421252194174755,12.759581481927711,0.01314175975889414
52.421252194174755,12.759724096385543,0.012277678161455922
52.421252194174755,12.759866710843374,0.011439744514009587
52.421252194174755,12.760009325301205,0.010643766543115562
52.421252194174755,12.760151939759037,0.009873722308838082
52.421252194174755,12.760294554216868,0.009128721994710494
52.421252194174755,12.760437168674699,0.008428759654908849
52.421252194174755,12.760579783132531,0.00776069975221404
52.421252194174755,12.760722397590362,0.0071273839551993425
52.421252194174755,12.760865012048193,0.0065323237860288146
52.421252194174755,12.761007626506025,0.005979735352945111
52.421252194174755,12.761150240963856,0.005469517643704751
52.421252194174755,12.761292855421688,0.005007284069874128
52.421252194174755,12.761435469879519,0.004570522271359614
52.421252194174755,12.76157808433735,0.004177875869116318
52.421252194174755,12.761720698795182,0.0038302434620806126
52.421252194174755,12.761863313253013,0.0035220819739604434
52.421252194174755,12.762005927710844,0.0032619106708548827
52.421252194174755,12.762148542168676,0.003041697795759622
52.421252194174755,12.762291156626507,0.002863189024120289
52.421252194174755,12.762433771084337,0.0027307690235927207
52.421252194174755,12.76257638554217,0.002642930850785063
52.421252194174755,12.762719,0.002594743922890213
52.421344932038835,12.750882,0.06644859593503791
52.421344932038835,12.751024614457831,0.0664111565436098
52.421344932038835,12.751167228915664,0.06631987497552318
52.421344932038835,12.751309843373495,0.06618978321034319
52.421344932038835,12.751452457831325,0.0660101740952443
52.421344932038835,12.751595072289158,0.0657879795530017
52.421344932038835,12.751737686746988,0.06552075780915297
52.421344932038835,12.75188030120482,0.06520130273760628
52.421344932038835,12.752022915662652,0.06483751186940005
52.421344932038835,12.752165530120482,0.06443753459254878
52.421344932038835,12.752308144578313,0.06399549070447316
52.421344932038835,12.752450759036146,0.06350499223146874
52.421344932038835,12.752593373493976,0.06298156941369658
52.421344932038835,12.752735987951809,0.06241797119374695
52.421344932038835,12.75287860240964,0.06181846820591681
52.421344932038835,12.75302121686747,0.061176730803398256
52.421344932038835,12.753163831325303,0.060492976409893665
52.421344932038835,12.753306445783133,0.0597724847603913
52.421344932038835,12.753449060240964,0.05902478399753819
52.421344932038835,12.753591674698797,0.05823587891648022
52.421344932038835,12.753734289156627,0.05741174087354215
52.421344932038835,12.753876903614458,0.0565557563364955
52.421344932038835,12.75401951807229,0.0556733073380876
52.421344932038835,12.754162132530121,0.054758388889473514
52.421344932038835,12.754304746987952,0.05381815461318847
52.421344932038835,12.754447361445784,0.052848891863333594
52.421344932038835,12.754589975903615,0.0518548805555702
52.421344932038835,12.754732590361446,0.05083210188020244
52.421344932038835,12.754875204819278,0.04979281622157488
52.421344932038835,12.755017819277109,0.04872503280834644
52.421344932038835,12.75516043373494,0.04765000918752795
52.421344932038835,12.755303048192772,0.04654878561139926
52.421344932038835,12.755445662650603,0.0454319879272265
52.421344932038835,12.755588277108435,0.0442972546787334
52.421344932038835,12.755730891566266,0.04314700955622448
52.421344932038835,12.755873506024097,0.04198797191604
52.421344932038835,12.75601612048193,0.04081559924761537
52.421344932038835,12.75615873493976,0.039635512747339494
52.421344932038835,12.75630134939759,0.03844908320744246
52.421344932038835,12.756443963855423,0.03726477710675109
52.421344932038835,12.756586578313254,0.03606635281806191
52.421344932038835,12.756729192771084,0.03486921137686739
52.421344932038835,12.756871807228917,0.03367241575232381
52.421344932038835,12.757014421686748,0.03247845976467938
52.421344932038835,12.757157036144578,0.03128162149879713
52.421344932038835,12.75729965060241,0.0300914973571512
52.421344932038835,12.757442265060241,0.028911609021933325
52.421344932038835,12.757584879518072,0.027741680118662806
52.421344932038835,12.757727493975905,0.026575846029251313
52.421344932038835,12.757870108433735,0.025418754719314218
52.421344932038835,12.758012722891566,0.02428207609066301
52.421344932038835,12.758155337349399,0.023159214088185914
52.421344932038835,12.75829795180723,0.022051436651147508
52.421344932038835,12.758440566265062,0.0209636333975907
52.421344932038835,12.758583180722892,0.019885790808903483
52.421344932038835,12.758725795180723,0.018832042966185694
52.421344932038835,12.758868409638556,0.017802279618328438
52.421344932038835,12.759011024096386,0.01679650032307596
52.421344932038835,12.759153638554217,0.015815020572812706
52.421344932038835,12.75929625301205,0.014859076697470979
52.421344932038835,12.75943886746988,0.013932925658313937
52.421344932038835,12.759581481927711,0.01303436000982126
52.421344932038835,12.759724096385543,0.012168397767258941
52.421344932038835,12.759866710843374,0.011328641076728275
52.421344932038835,12.760009325301205,0.010530930478009584
52.421344932038835,12.760151939759037,0.009759196696499804
52.421344932038835,12.760294554216868,0.009012533088487328
52.421344932038835,12.760437168674699,0.008311004233968702
52.421344932038835,12.760579783132531,0.007641423972273603
52.421344932038835,12.760722397590362,0.007006730751734492
52.421344932038835,12.760865012048193,0.006410345741487371
52.421344932038835,12.761007626506025,0.0058565261279983375
52.421344932038835,12.761150240963856,0.005345128031519923
52.421344932038835,12.761292855421688,0.004881883650996444
52.421344932038835,12.761435469879519,0.004444135809903179
52.421344932038835,12.76157808433735,0.004050636202984206
52.421344932038835,12.761720698795182,0.0037022337142854733
52.421344932038835,12.761863313253013,0.0033933960803374744
52.421344932038835,12.762005927710844,0.0031326190769776687
52.421344932038835,12.762148542168676,0.0029119145568630624
52.421344932038835,12.762291156626507,0.0027330054787877292
52.421344932038835,12.762433771084337,0.0026003015798240383
52.421344932038835,12.76257638554217,0.0025122511098414884
52.421344932038835,12.762719,0.0024639716212830577
52.421437669902915,12.750882,0.0664565756430325
52.421437669902915,12.751024614457831,0.06641907329144514
52.421437669902915,12.751167228915664,0.06632763198026541
52.421437669902915,12.751309843373495,0.0661973292963565
52.421437669902915,12.751452457831325,0.06601735035807901
52.421437669902915,12.751595072289158,0.06579475065943291
52.421437669902915,12.751737686746988,0.06552699139408358
52.421437669902915,12.75188030120482,0.06520693134885726
52.421437669902915,12.752022915662652,0.06484243873299098
52.421437669902915,12.752165530120482,0.0644417029802561
52.421437669902915,12.752308144578313,0.06399878470824365
52.421437669902915,12.752450759036146,0.06350733474278838
52.421437669902915,12.752593373493976,0.06298290545119015
52.421437669902915,12.752735987951809,0.06241824231253622
52.421437669902915,12.75287860240964,0.06181760670287774
52.421437669902915,12.75302121686747,0.06117465096999677
52.421437669902915,12.753163831325303,0.0604895932473764
52.421437669902915,12.753306445783133,0.059767732015189465
52.421437669902915,12.753449060240964,0.059018615134030596
52.421437669902915,12.753591674698797,0.058228215436545064
52.421437669902915,12.753734289156627,0.05740251087843841
52.421437669902915,12.753876903614458,0.056544901214667875
52.421437669902915,12.75401951807229,0.0556607742304978
52.421437669902915,12.754162132530121,0.054744104717859454
52.421437669902915,12.754304746987952,0.05380208893555519
52.421437669902915,12.754447361445784,0.052830970960913194
52.421437669902915,12.754589975903615,0.05183504295930974
52.421437669902915,12.754732590361446,0.050810310090281786
52.421437669902915,12.754875204819278,0.04976901622545052
52.421437669902915,12.755017819277109,0.04869915375355381
52.421437669902915,12.75516043373494,0.047622076930142344
52.421437669902915,12.755303048192772,0.046518711077417944
52.421437669902915,12.755445662650603,0.04539977020937107
52.421437669902915,12.755588277108435,0.044262855605393545
52.421437669902915,12.755730891566266,0.043110400758066006
52.421437669902915,12.755873506024097,0.04194910840153038
52.421437669902915,12.75601612048193,0.04077443418548576
52.421437669902915,12.75615873493976,0.039592028513314656
52.421437669902915,12.75630134939759,0.0384033043476382
52.421437669902915,12.756443963855423,0.03721669381221188
52.421437669902915,12.756586578313254,0.036015958266267724
52.421437669902915,12.756729192771084,0.03481649477757708
52.421437669902915,12.756871807228917,0.03361734540529599
52.421437669902915,12.757014421686748,0.0324210341875413
52.421437669902915,12.757157036144578,0.031221828266397737
52.421437669902915,12.75729965060241,0.030029337208663423
52.421437669902915,12.757442265060241,0.028847102031254904
52.421437669902915,12.757584879518072,0.02767486176299541
52.421437669902915,12.757727493975905,0.026506702106435
52.421437669902915,12.757870108433735,0.025347310964125867
52.421437669902915,12.758012722891566,0.02420837317237503
52.421437669902915,12.758155337349399,0.023083264750564682
52.421437669902915,12.75829795180723,0.02197326268885281
52.421437669902915,12.758440566265062,0.020883283912964287
52.421437669902915,12.758583180722892,0.019803268687070493
52.421437669902915,12.758725795180723,0.018747386196680257
52.421437669902915,12.758868409638556,0.017715554373056653
52.421437669902915,12.759011024096386,0.016707748894254332
52.421437669902915,12.759153638554217,0.01572426437594812
52.421437669902915,12.75929625301205,0.01476633122561126
52.421437669902915,12.75943886746988,0.013838320213101515
52.421437669902915,12.759581481927711,0.012937924500127311
52.421437669902915,12.759724096385543,0.012070246788797609
52.421437669902915,12.759866710843374,0.011228826935253058
52.421437669902915,12.760009325301205,0.010429536506357844
52.421437669902915,12.760151939759037,0.009656261059732028
52.421437669902915,12.760294554216868,0.008908078499559446
52.421437669902915,12.760437168674699,0.00820511922877351
52.421437669902915,12.760579783132531,0.007534150224185226
52.421437669902915,12.760722397590362,0.006898200423045172
52.421437669902915,12.760865012048193,0.006300605884157794
52.421437669902915,12.761007626506025,0.005745662047353522
52.421437669902915,12.761150240963856,0.00523318529367669
52.421437669902915,12.761292855421688,0.004769019601943873
52.421437669902915,12.761435469879519,0.004330370837725997
52.421437669902915,12.76157808433735,0.0039360926240192586
52.421437669902915,12.761720698795182,0.0035869872817746915
52.421437669902915,12.761863313253013,0.003277532550254838
52.421437669902915,12.762005927710844,0.0030162025216612376
52.421437669902915,12.762148542168676,0.0027950491719263993
52.421437669902915,12.762291156626507,0.0026157741971681815
52.421437669902915,12.762433771084337,0.0024828114711717077
52.421437669902915,12.76257638554217,0.00239456654385842
52.421437669902915,12.762719,0.002346202689947597
52.421530407766994,12.750882,0.06645468146084454
52.421530407766994,12.751024614457831,0.06641711774530742
52.421530407766994,12.751167228915664,0.06632552173862559
52.421530407766994,12.751309843373495,0.06619501436359226
52.421530407766994,12.751452457831325,0.06601467927241987
52.421530407766994,12.751595072289158,0.06579168774984279
52.421530407766994,12.751737686746988,0.06552341037776371
52.421530407766994,12.75188030120482,0.06520276645014668
52.421530407766994,12.752022915662652,0.06483759679361663
52.421530407766994,12.752165530120482,0.0644361284663133
52.421530407766994,12.752308144578313,0.06399236669181979
52.421530407766994,12.752450759036146,0.0634999989299665
52.421530407766994,12.752593373493976,0.06297459798859448
52.421530407766994,12.752735987951809,0.06240890649765049
52.421530407766994,12.75287860240964,0.06180717675339647
52.421530407766994,12.75302121686747,0.061163044152986505
52.421530407766994,12.753163831325303,0.060476728516779106
52.421530407766994,12.753306445783133,0.05975354472073625
52.421530407766994,12.753449060240964,0.0590030602483284
52.421530407766994,12.753591674698797,0.058211217196545186
52.421530407766994,12.753734289156627,0.05738400003874781
52.421530407766994,12.753876903614458,0.05652482111082445
52.421530407766994,12.75401951807229,0.05563907373559177
52.421530407766994,12.754162132530121,0.05472071382420407
52.421530407766994,12.754304746987952,0.053776977326609667
52.421530407766994,12.754447361445784,0.05280406813767882
52.421530407766994,12.754589975903615,0.051806290175447904
52.421530407766994,12.754732590361446,0.050779670770320154
52.421530407766994,12.754875204819278,0.049736437891561805
52.421530407766994,12.755017819277109,0.048664569192895746
52.421530407766994,12.75516043373494,0.047585509202282376
52.421530407766994,12.755303048192772,0.046480075866440484
52.421530407766994,12.755445662650603,0.04535906606844253
52.421530407766994,12.755588277108435,0.04422004550974413
52.421530407766994,12.755730891566266,0.043065457438400616
52.421530407766994,12.755873506024097,0.04190198874673877
52.421530407766994,12.75601612048193,0.040725093731975096
52.421530407766994,12.75615873493976,0.03954044988599179
52.421530407766994,12.75630134939759,0.038349510420807496
52.421530407766994,12.756443963855423,0.03716067533503953
52.421530407766994,12.756586578313254,0.0359577084651347
52.421530407766994,12.756729192771084,0.034756003478191064
52.421530407766994,12.756871807228917,0.033554582715436654
52.421530407766994,12.757014421686748,0.032355998820728
52.421530407766994,12.757157036144578,0.031154508441389547
52.421530407766994,12.75729965060241,0.029959734052358862
52.421530407766994,12.757442265060241,0.028775234642064704
52.421530407766994,12.757584879518072,0.02760076402293219
52.421530407766994,12.757727493975905,0.02643036066159959
52.421530407766994,12.757870108433735,0.02526875091602486
52.421530407766994,12.758012722891566,0.024127632902773394
52.421530407766994,12.758155337349399,0.02300035715963061
52.421530407766994,12.75829795180723,0.021888209030455394
52.421530407766994,12.758440566265062,0.020796131195961284
52.421530407766994,12.758583180722892,0.019714020575139348
52.421530407766994,12.758725795180723,0.01865607933043846
52.421530407766994,12.758868409638556,0.017622252275335017
52.421530407766994,12.759011024096386,0.01661249217792964
52.421530407766994,12.759153638554217,0.015627074630477224
52.421530407766994,12.75929625301205,0.014667224437396348
52.421530407766994,12.75943886746988,0.013737419048122299
52.421530407766994,12.759581481927711,0.01283525860265872
52.421530407766994,12.759724096385543,0.011965925291109361
52.421530407766994,12.759866710843374,0.01112290028960569
52.421530407766994,12.760009325301205,0.01032208491269443
52.421530407766994,12.760151939759037,0.009547321679944754
52.421530407766994,12.760294554216868,0.008797674428200682
52.421530407766994,12.760437168674699,0.008093335540210413
52.421530407766994,12.760579783132531,0.007421027656300681
52.421530407766994,12.760722397590362,0.006783865262394535
52.421530407766994,12.760865012048193,0.0061851041671734715
52.421530407766994,12.761007626506025,0.00562907622105048
52.421530407766994,12.761150240963856,0.005115560231515116
52.421530407766994,12.761292855421688,0.004650504839701837
52.421530407766994,12.761435469879519,0.004210987842227219
52.421530407766994,12.76157808433735,0.003815957989118898
52.421530407766994,12.761720698795182,0.0034661743413350204
52.421530407766994,12.761863313253013,0.0031561245312276224
52.421530407766994,12.762005927710844,0.00289426118028026
52.421530407766994,12.762148542168676,0.0026726748651853946
52.421530407766994,12.762291156626507,0.0024930474978679448
52.421530407766994,12.762433771084337,0.0023598347089465953
52.421530407766994,12.76257638554217,0.0022714029169846562
52.421530407766994,12.762719,0.0022229573626092606
52.42162314563107,12.750882,0.0664624681880166
52.42162314563107,12.751024614457831,0.06642484776602521
52.42162314563107,12.751167228915664,0.06633310896710645
52.42162314563107,12.751309843373495,0.06620241291616331
52.42162314563107,12.751452457831325,0.06602174840788647
52.42162314563107,12.751595072289158,0.0657983948173381
52.42162314563107,12.751737686746988,0.06552963829190915
52.42162314563107,12.75188030120482,0.06520845490290055
52.42162314563107,12.752022915662652,0.06484265930534758
52.42162314563107,12.752165530120482,0.06444051414242899
52.42162314563107,12.752308144578313,0.06399597258577348
52.42162314563107,12.752450759036146,0.06350275630218546
52.42162314563107,12.752593373493976,0.06297645714605961
52.42162314563107,12.752735987951809,0.062409815223329626
52.42162314563107,12.75287860240964,0.061807074470992616
52.42162314563107,12.75302121686747,0.06116185434101652
52.42162314563107,12.753163831325303,0.06047437582084021
52.42162314563107,12.753306445783133,0.05974996972341942
52.42162314563107,12.753449060240964,0.05899822127811318
52.42162314563107,12.753591674698797,0.058205043886482094
52.42162314563107,12.753734289156627,0.057376428249720085
52.42162314563107,12.753876903614458,0.05651579882085387
52.42162314563107,12.75401951807229,0.05562855358730918
52.42162314563107,12.754162132530121,0.054708630944982115
52.42162314563107,12.754304746987952,0.053763303997682386
52.42162314563107,12.754447361445784,0.05278873894573771
52.42162314563107,12.754589975903615,0.051789250302396325
52.42162314563107,12.754732590361446,0.050760886780907746
52.42162314563107,12.754875204819278,0.04971586142077502
52.42162314563107,12.755017819277109,0.04864213777577271
52.42162314563107,12.75516043373494,0.04756124469578553
52.42162314563107,12.755303048192772,0.0464538996003276
52.42162314563107,12.755445662650603,0.045330976718346
52.42162314563107,12.755588277108435,0.044190008934017734
52.42162314563107,12.755730891566266,0.04303344833244092
52.42162314563107,12.755873506024097,0.04186796731289235
52.42162314563107,12.75601612048193,0.04068901846617063
52.42162314563107,12.75615873493976,0.039502304937881955
52.42162314563107,12.75630134939759,0.038309317069683185
52.42162314563107,12.756443963855423,0.03711842440769514
52.42162314563107,12.756586578313254,0.03591339407622394
52.42162314563107,12.756729192771084,0.03470961636992272
52.42162314563107,12.756871807228917,0.03350609506068748
52.42162314563107,12.757014421686748,0.03230540920067777
52.42162314563107,12.757157036144578,0.031101805924655467
52.42162314563107,12.75729965060241,0.029904919160633425
52.42162314563107,12.757442265060241,0.02871832551586506
52.42162314563107,12.757584879518072,0.027541792032120517
52.42162314563107,12.757727493975905,0.026369313172500592
52.42162314563107,12.757870108433735,0.025205650775177457
52.42162314563107,12.758012722891566,0.024062515947160697
52.42162314563107,12.758155337349399,0.02293323523176613
52.42162314563107,12.75829795180723,0.021819101631658476
52.42162314563107,12.758440566265062,0.02072508169652936
52.42162314563107,12.758583180722892,0.019641032123873838
52.42162314563107,12.758725795180723,0.01858118608066075
52.42162314563107,12.758868409638556,0.017545513014419332
52.42162314563107,12.759011024096386,0.01653394458993158
52.42162314563107,12.759153638554217,0.01554673830673502
52.42162314563107,12.75929625301205,0.014585113975171706
52.42162314563107,12.75943886746988,0.013653648495289371
52.42162314563107,12.759581481927711,0.012749855079378142
52.42162314563107,12.759724096385543,0.011878990096469828
52.42162314563107,12.759866710843374,0.011034480137322677
52.42162314563107,12.760009325301205,0.010232253680341186
52.42162314563107,12.760151939759037,0.009456113893204821
52.42162314563107,12.760294554216868,0.00870511146083865
52.42162314563107,12.760437168674699,0.007999495970956632
52.42162314563107,12.760579783132531,0.007325948621278798
52.42162314563107,12.760722397590362,0.006687664149293527
52.42162314563107,12.760865012048193,0.006087823593151149
52.42162314563107,12.761007626506025,0.005530792059674122
52.42162314563107,12.761150240963856,0.0050163138388709914
52.42162314563107,12.761292855421688,0.004550435336621011
52.42162314563107,12.761435469879519,0.004110114650265765
52.42162314563107,12.76157808433735,0.003714389480778615
52.42162314563107,12.761720698795182,0.003363978199707214
52.42162314563107,12.761863313253013,0.0030533775696128043
52.42162314563107,12.762005927710844,0.0027910206780295214
52.42162314563107,12.762148542168676,0.0025690335282819656
52.42162314563107,12.762291156626507,0.0023890797066574146
52.42162314563107,12.762433771084337,0.0022556355640002542
52.42162314563107,12.76257638554217,0.002167030598188429
52.42162314563107,12.762719,0.0021185095479495427
52.421715883495146,12.750882,0.066463583438227
52.421715883495146,12.751024614457831,0.06642591057075767
52.421715883495146,12.751167228915664,0.06633403995055921
52.421715883495146,12.751309843373495,0.06620316998225842
52.421715883495146,12.751452457831325,0.06602220134903972
52.421715883495146,12.751595072289158,0.06579851361257479
52.421715883495146,12.751737686746988,0.06552931526187293
52.421715883495146,12.75188030120482,0.06520763416846356
52.421715883495146,12.752022915662652,0.06484126113650326
52.421715883495146,12.752165530120482,0.06443849141038076
52.421715883495146,12.752308144578313,0.06399323048764864
52.421715883495146,12.752450759036146,0.06349923149891223
52.421715883495146,12.752593373493976,0.06297210390376531
52.421715883495146,12.752735987951809,0.0624045854730699
52.421715883495146,12.75287860240964,0.06180091215204051
52.421715883495146,12.75302121686747,0.061154689392705186
52.421715883495146,12.753163831325303,0.06046613831097404
52.421715883495146,12.753306445783133,0.05974060477397174
52.421715883495146,12.753449060240964,0.05898769073912093
52.421715883495146,12.753591674698797,0.058193283071485566
52.421715883495146,12.753734289156627,0.0573633778815948
52.421715883495146,12.753876903614458,0.056501411093049334
52.421715883495146,12.75401951807229,0.05561278448677031
52.421715883495146,12.754162132530121,0.05469142086991917
52.421715883495146,12.754304746987952,0.05374462735404808
52.421715883495146,12.754447361445784,0.052768535551933754
52.421715883495146,12.754589975903615,0.051767469825691616
52.421715883495146,12.754732590361446,0.050737498480802834
52.421715883495146,12.754875204819278,0.0496908204257175
52.421715883495146,12.755017819277109,0.048615386418537035
52.421715883495146,12.75516043373494,0.04753280320346985
52.421715883495146,12.755303048192772,0.046423695907261864
52.421715883495146,12.755445662650603,0.045299009624016146
52.421715883495146,12.755588277108435,0.044156246964478646
52.421715883495146,12.755730891566266,0.04299786824346497
52.421715883495146,12.755873506024097,0.041830531928190404
52.421715883495146,12.75601612048193,0.04064968997218864
52.421715883495146,12.75615873493976,0.03946106874022375
52.421715883495146,12.75630134939759,0.038266193374844
52.421715883495146,12.756443963855423,0.03707340432355341
52.421715883495146,12.756586578313254,0.035866472169079615
52.421715883495146,12.756729192771084,0.0346607840828459
52.421715883495146,12.756871807228917,0.03345532673229446
52.421715883495146,12.757014421686748,0.032252703658672714
52.421715883495146,12.757157036144578,0.03104715314849796
52.421715883495146,12.75729965060241,0.029848319774393093
52.421715883495146,12.757442265060241,0.02865979626160922
52.421715883495146,12.757584879518072,0.027481362013106313
52.421715883495146,12.757727493975905,0.026306970727832082
52.421715883495146,12.757870108433735,0.025141416946366835
52.421715883495146,12.758012722891566,0.023996424327055718
52.421715883495146,12.758155337349399,0.02286529622058193
52.421715883495146,12.75829795180723,0.02174933343055349
52.421715883495146,12.758440566265062,0.020653524592977885
52.421715883495146,12.758583180722892,0.01956768865515473
52.421715883495146,12.758725795180723,0.01850608767848719
52.421715883495146,12.758868409638556,0.017468714053154994
52.421715883495146,12.759011024096386,0.016455479843350718
52.421715883495146,12.759153638554217,0.015466625650447268
52.421715883495146,12.75929625301205,0.014503366651732866
52.421715883495146,12.75943886746988,0.013570371965249689
52.421715883495146,12.759581481927711,0.012665074177325354
52.421715883495146,12.759724096385543,0.011792798464053253
52.421715883495146,12.759866710843374,0.010946920700562421
52.421715883495146,12.760009325301205,0.010143394826135677
52.421715883495146,12.760151939759037,0.009365987817771457
52.421715883495146,12.760294554216868,0.008613737367104593
52.421715883495146,12.760437168674699,0.00790694617592108
52.421715883495146,12.760579783132531,0.007232257147407349
52.421715883495146,12.760722397590362,0.00659293945257295
52.421715883495146,12.760865012048193,0.005992104835019828
52.421715883495146,12.761007626506025,0.005434148957147679
52.421715883495146,12.761150240963856,0.0049187845087626195
52.421715883495146,12.761292855421688,0.004452148090702107
52.421715883495146,12.761435469879519,0.004011087213629741
52.421715883495146,12.76157808433735,0.0036147215925576067
52.421715883495146,12.761720698795182,0.003263732322846593
52.421715883495146,12.761863313253013,0.0029526248921015463
52.421715883495146,12.762005927710844,0.002689813611093294
52.421715883495146,12.762148542168676,0.0024674573354275166
52.421715883495146,12.762291156626507,0.002287202774537638
52.421715883495146,12.762433771084337,0.0021535455425563416
52.421715883495146,12.76257638554217,0.002064781294344206
52.421715883495146,12.762719,0.0020161906295050516
52.421808621359226,12.750882,0.06645786157571751
52.421808621359226,12.751024614457831,0.0664201413373065
52.421808621359226,12.751167228915664,0.06632815056302635
52.421808621359226,12.751309843373495,0.0661971222703812
52.421808621359226,12.751452457831325,0.06601587625624061
52.421808621359226,12.751595072289158,0.0657918841824369
52.421808621359226,12.751737686746988,0.06552228274549383
52.421808621359226,12.75188030120482,0.06520014770566383
52.421808621359226,12.752022915662652,0.06483324790499174
52.421808621359226,12.752165530120482,0.06442990882164328
52.421808621359226,12.752308144578313,0.06398399160698637
52.421808621359226,12.752450759036146,0.0634892784789716
52.421808621359226,12.752593373493976,0.06296139521577229
52.421808621359226,12.752735987951809,0.062393077515220156
52.421808621359226,12.75287860240964,0.061788554015252156
52.421808621359226,12.75302121686747,0.061141416491945294
52.421808621359226,12.753163831325303,0.060451887227874
52.421808621359226,12.753306445783133,0.059725325556249695
52.421808621359226,12.753449060240964,0.058971348725537234
52.421808621359226,12.753591674698797,0.05817581893661321
52.421808621359226,12.753734289156627,0.05734473800128344
52.421808621359226,12.753876903614458,0.05648155125376259
52.421808621359226,12.75401951807229,0.055591664956497984
52.421808621359226,12.754162132530121,0.05466898723159336
52.421808621359226,12.754304746987952,0.05372085637215083
52.421808621359226,12.754447361445784,0.052743371931572254
52.421808621359226,12.754589975903615,0.05174086744991884
52.421808621359226,12.754732590361446,0.05070942928235306
52.421808621359226,12.754875204819278,0.04966124371957201
52.421808621359226,12.755017819277109,0.04858424918649487
52.421808621359226,12.75516043373494,0.0475001245388421
52.421808621359226,12.755303048192772,0.046389409062124826
52.421808621359226,12.755445662650603,0.04526311400267816
52.421808621359226,12.755588277108435,0.04411871384748787
52.421808621359226,12.755730891566266,0.0429586763774852
52.421808621359226,12.755873506024097,0.04178964754909903
52.421808621359226,12.75601612048193,0.04060707811791298
52.421808621359226,12.75615873493976,0.03941671637085808
52.421808621359226,12.75630134939759,0.03822011860005583
52.421808621359226,12.756443963855423,0.03702559929808577
52.421808621359226,12.756586578313254,0.03581693202826003
52.421808621359226,12.756729192771084,0.03460950120502332
52.421808621359226,12.756871807228917,0.03340227713943235
52.421808621359226,12.757014421686748,0.03219788607474859
52.421808621359226,12.757157036144578,0.030990558337193788
52.421808621359226,12.75729965060241,0.0297899483841354
52.421808621359226,12.757442265060241,0.02859966367733123
52.421808621359226,12.757584879518072,0.027419494679986816
52.421808621359226,12.757727493975905,0.026243357840109897
52.421808621359226,12.757870108433735,0.02507607783130581
52.421808621359226,12.758012722891566,0.023929389573704902
52.421808621359226,12.758155337349399,0.022796575337504194
52.421808621359226,12.75829795180723,0.02167894280561165
52.421808621359226,12.758440566265062,0.020581501101508217
52.421808621359226,12.758583180722892,0.019494034336762677
52.421808621359226,12.758725795180723,0.018430831213431483
52.421808621359226,12.758868409638556,0.017391905432448552
52.421808621359226,12.759011024096386,0.01637715088570243
52.421808621359226,12.759153638554217,0.015386792260470811
52.421808621359226,12.75929625301205,0.014422040670053524
52.421808621359226,12.75943886746988,0.01348764974053932
52.421808621359226,12.759581481927711,0.012580978429348067
52.421808621359226,12.759724096385543,0.011707415236467346
52.421808621359226,12.759866710843374,0.01086028891026916
52.421808621359226,12.760009325301205,0.010055576895771069
52.421808621359226,12.760151939759037,0.009277012834240119
52.421808621359226,12.760294554216868,0.00852362264102752
52.421808621359226,12.760437168674699,0.007815757940011698
52.421808621359226,12.760579783132531,0.007140026397322738
52.421808621359226,12.760722397590362,0.006499765552157779
52.421808621359226,12.760865012048193,0.005898023069729835
52.421808621359226,12.761007626506025,0.005339223290547225
52.421808621359226,12.761150240963856,0.004823049403524713
52.421808621359226,12.761292855421688,0.004355721380853227
52.421808621359226,12.761435469879519,0.0039139844569135215
52.421808621359226,12.76157808433735,0.00351703414520114
52.421808621359226,12.761720698795182,0.003165517185684651
52.421808621359226,12.761863313253013,0.00285394663920472
52.421808621359226,12.762005927710844,0.0025907201745164676
52.421808621359226,12.762148542168676,0.002368026832027215
52.421808621359226,12.762291156626507,0.0021874978671010325
52.421808621359226,12.762433771084337,0.00205364617195591
52.421808621359226,12.76257638554217,0.001964736148037714
52.421808621359226,12.762719,0.0019160820348727622
52.4219013592233,12.750882,0.06645365037177116
52.4219013592233,12.751024614457831,0.06641588904248544
52.4219013592233,12.751167228915664,0.06632379309359278
52.4219013592233,12.751309843373495,0.06619262693003941
52.4219013592233,12.751452457831325,0.06601113660682519
52.4219013592233,12.751595072289158,0.0657868777665484
52.4219013592233,12.751737686746988,0.0655169215018487
52.4219013592233,12.75188030120482,0.06519438725181621
52.4219013592233,12.752022915662652,0.06482702404441519
52.4219013592233,12.752165530120482,0.06442318462351602
52.4219013592233,12.752308144578313,0.06397669013114687
52.4219013592233,12.752450759036146,0.06348134905644792
52.4219013592233,12.752593373493976,0.0629528017386725
52.4219013592233,12.752735987951809,0.06238378211573102
52.4219013592233,12.75287860240964,0.06177851164114409
52.4219013592233,12.75302121686747,0.06113057021761207
52.4219013592233,12.753163831325303,0.06044018127802638
52.4219013592233,12.753306445783133,0.059712715966439026
52.4219013592233,12.753449060240964,0.05895780536189358
52.4219013592233,12.753591674698797,0.05816128956464167
52.4219013592233,12.753734289156627,0.05732917480357201
52.4219013592233,12.753876903614458,0.056464915856529865
52.4219013592233,12.75401951807229,0.05557392272484089
52.4219013592233,12.754162132530121,0.054650089672279314
52.4219013592233,12.754304746987952,0.05370078372945312
52.4219013592233,12.754447361445784,0.05272207520324248
52.4219013592233,12.754589975903615,0.051718305688664014
52.4219013592233,12.754732590361446,0.05068557818857043
52.4219013592233,12.754875204819278,0.04963606708414574
52.4219013592233,12.755017819277109,0.048557699766422324
52.4219013592233,12.75516043373494,0.047472220484902294
52.4219013592233,12.755303048192772,0.046360090579412636
52.4219013592233,12.755445662650603,0.045232381334937774
52.4219013592233,12.755588277108435,0.04408654145151536
52.4219013592233,12.755730891566266,0.042925045662496684
52.4219013592233,12.755873506024097,0.04175452780074888
52.4219013592233,12.75601612048193,0.04057043816561687
52.4219013592233,12.75615873493976,0.0393785446849122
52.4219013592233,12.75630134939759,0.03818043237458817
52.4219013592233,12.756443963855423,0.03698439118482576
52.4219013592233,12.756586578313254,0.03577419803504372
52.4219013592233,12.756729192771084,0.03456523399950191
52.4219013592233,12.756871807228917,0.033356455136894794
52.4219013592233,12.757014421686748,0.03215050829810705
52.4219013592233,12.757157036144578,0.030941615601432382
52.4219013592233,12.75729965060241,0.029739441200273938
52.4219013592233,12.757442265060241,0.028547605520976144
52.4219013592233,12.757584879518072,0.027365909401359363
52.4219013592233,12.757727493975905,0.02618823541170246
52.4219013592233,12.757870108433735,0.02501943530639017
52.4219013592233,12.758012722891566,0.023871253958575152
52.4219013592233,12.758155337349399,0.022736954642690134
52.4219013592233,12.75829795180723,0.02161785149549754
52.4219013592233,12.758440566265062,0.02051897184121839
52.4219013592233,12.758583180722892,0.019430068267295174
52.4219013592233,12.758725795180723,0.01836545353478586
52.4219013592233,12.758868409638556,0.017325160185715307
52.4219013592233,12.759011024096386,0.016309065855837364
52.4219013592233,12.759153638554217,0.015317381066917811
52.4219013592233,12.75929625301205,0.014351312818967291
52.4219013592233,12.75943886746988,0.013415692294132725
52.4219013592233,12.759581481927711,0.01250781055725404
52.4219013592233,12.759724096385543,0.011633113784536112
52.4219013592233,12.759866710843374,0.010784888209602217
52.4219013592233,12.760009325301205,0.009979132364545479
52.4219013592233,12.760151939759037,0.009199549361178307
52.4219013592233,12.760294554216868,0.008445154456841096
52.4219013592233,12.760437168674699,0.007736343586211567
52.4219013592233,12.760579783132531,0.007059692230027344
52.4219013592233,12.760722397590362,0.006418600878257125
52.4219013592233,12.760865012048193,0.005816058053242975
52.4219013592233,12.761007626506025,0.005256514485360737
52.4219013592233,12.761150240963856,0.004739626430484258
52.4219013592233,12.761292855421688,0.004271689744718331
52.4219013592233,12.761435469879519,0.0038293566445262014
52.4219013592233,12.76157808433735,0.003431891195308727
52.4219013592233,12.761720698795182,0.0030799090107806078
52.4219013592233,12.761863313253013,0.0027679304570808645
52.4219013592233,12.762005927710844,0.002504337533421582
52.4219013592233,12.762148542168676,0.0022813473100875676
52.4219013592233,12.762291156626507,0.002100576343242954
52.4219013592233,12.762433771084337,0.00196655344467278
52.4219013592233,12.76257638554217,0.0018775148084303308
52.4219013592233,12.762719,0.0018288049734132786
52.42199409708738,12.750882,0.0664516084321342
52.42199409708738,12.751024614457831,0.06641380873820157
52.42199409708738,12.751167228915664,0.06632161539858973
52.42199409708738,12.751309843373495,0.0661903208993909
52.42199409708738,12.751452457831325,0.06600860503087097
52.42199409708738,12.751595072289158,0.06578409903825104
52.42199409708738,12.751737686746988,0.0655138150596679
52.42199409708738,12.75188030120482,0.06519091206199276
52.42199409708738,12.752022915662652,0.06482312093353614
52.42199409708738,12.752165530120482,0.06441881899733824
52.42199409708738,12.752308144578313,0.06397179079364873
52.42199409708738,12.752450759036146,0.06347586949886344
52.42199409708738,12.752593373493976,0.06294670825129389
52.42199409708738,12.752735987951809,0.0623770392714989
52.42199409708738,12.75287860240964,0.06177107801215017
52.42199409708738,12.75302121686747,0.06112239319732156
52.42199409708738,12.753163831325303,0.060431209533564303
52.42199409708738,12.753306445783133,0.059702908915085465
52.42199409708738,12.753449060240964,0.0589471348756304
52.42199409708738,12.753591674698797,0.05814970743815775
52.42199409708738,12.753734289156627,0.057316637043842024
52.42199409708738,12.753876903614458,0.056451386656763414
52.42199409708738,12.75401951807229,0.055559369960109406
52.42199409708738,12.754162132530121,0.054634468904064114
52.42199409708738,12.754304746987952,0.053684076255336596
52.42199409708738,12.754447361445784,0.05270423585514025
52.42199409708738,12.754589975903615,0.051699296951056774
52.42199409708738,12.754732590361446,0.05066537719064143
52.42199409708738,12.754875204819278,0.04961464055153586
52.42199409708738,12.755017819277109,0.04853500443529961
52.42199409708738,12.75516043373494,0.04744827211701795
52.42199409708738,12.755303048192772,0.04633483504998766
52.42199409708738,12.755445662650603,0.04520581805463019
52.42199409708738,12.755588277108435,0.04405864697250603
52.42199409708738,12.755730891566266,0.04289580295200239
52.42199409708738,12.755873506024097,0.041723908779696325
52.42199409708738,12.75601612048193,0.04053841410492922
52.42199409708738,12.75615873493976,0.0393451048926804
52.42199409708738,12.75630134939759,0.038145592082403444
52.42199409708738,12.756443963855423,0.03694814375724337
52.42199409708738,12.756586578313254,0.03573653936734752
52.42199409708738,12.756729192771084,0.03452615792010207
52.42199409708738,12.756871807228917,0.03331594191543477
52.42199409708738,12.757014421686748,0.03210855699737643
52.42199409708738,12.757157036144578,0.03089821819267954
52.42199409708738,12.75729965060241,0.02969459812207817
52.42199409708738,12.757442265060241,0.028501329155938143
52.42199409708738,12.757584879518072,0.027318221742742427
52.42199409708738,12.757727493975905,0.026139127305571944
52.42199409708738,12.757870108433735,0.02496892236999055
52.42199409708738,12.758012722891566,0.023819361150505737
52.42199409708738,12.758155337349399,0.02268368954692549
52.42199409708738,12.75829795180723,0.021563227578058904
52.42199409708738,12.758440566265062,0.020463019282955613
52.42199409708738,12.758583180722892,0.019372788362973382
52.42199409708738,12.758725795180723,0.01830686942910969
52.42199409708738,12.758868409638556,0.01726531258030075
52.42199409708738,12.759011024096386,0.01624798052055458
52.42199409708738,12.759153638554217,0.015255070523895188
52.42199409708738,12.75929625301205,0.014287786699697722
52.42199409708738,12.75943886746988,0.013351029699883834
52.42199409708738,12.759581481927711,0.012442029613165664
52.42199409708738,12.759724096385543,0.01156628463983872
52.42199409708738,12.759866710843374,0.010717042743360395
52.42199409708738,12.760009325301205,0.00991032149818077
52.42199409708738,12.760151939759037,0.009129796579968798
52.42199409708738,12.760294554216868,0.008374473443166813
52.42199409708738,12.760437168674699,0.007664788290108934
52.42199409708738,12.760579783132531,0.00698728774357071
52.42199409708738,12.760722397590362,0.006345428661497784
52.42199409708738,12.760865012048193,0.005742146577986641
52.42199409708738,12.761007626506025,0.005181915734617314
52.42199409708738,12.761150240963856,0.00466436810032572
52.42199409708738,12.761292855421688,0.004195868202689733
52.42199409708738,12.761435469879519,0.0037529843084288606
52.42199409708738,12.76157808433735,0.0033550427972943945
52.42199409708738,12.761720698795182,0.0030026306593543173
52.42199409708738,12.761863313253013,0.002690275226138971
52.42199409708738,12.762005927710844,0.002426344197883677
52.42199409708738,12.762148542168676,0.002203079344721479
52.42199409708738,12.762291156626507,0.002022084882402472
52.42199409708738,12.762433771084337,0.00188790340695872
52.42199409708738,12.76257638554217,0.0017987457388479794
52.42199409708738,12.762719,0.00174998424480898
52.42208683495146,12.750882,0.06644282482463229
52.42208683495146,12.751024614457831,0.06640499119144565
52.42208683495146,12.751167228915664,0.06631271142314275
52.42208683495146,12.751309843373495,0.06618130340950794
52.42208683495146,12.751452457831325,0.06599938724649541
52.42208683495146,12.751595072289158,0.06577466185369613
52.42208683495146,12.751737686746988,0.06550408680957198
52.42208683495146,12.75188030120482,0.06518085677119051
52.42208683495146,12.752022915662652,0.06481268573604058
52.42208683495146,12.752165530120482,0.0644079732390011
52.42208683495146,12.752308144578313,0.0639604714537802
52.42208683495146,12.752450759036146,0.06346403497886671
52.42208683495146,12.752593373493976,0.06293432885258937
52.42208683495146,12.752735987951809,0.06236408369612939
52.42208683495146,12.75287860240964,0.061757509509401565
52.42208683495146,12.75302121686747,0.061108165474526153
52.42208683495146,12.753163831325303,0.06041627641491749
52.42208683495146,12.753306445783133,0.05968723451198265
52.42208683495146,12.753449060240964,0.05893069435931219
52.42208683495146,12.753591674698797,0.05813245797928177
52.42208683495146,12.753734289156627,0.05729853985684731
52.42208683495146,12.753876903614458,0.0564324101347049
52.42208683495146,12.75401951807229,0.05553948543311461
52.42208683495146,12.754162132530121,0.054613636792401866
52.42208683495146,12.754304746987952,0.05366228015364831
52.42208683495146,12.754447361445784,0.052681435669687915
52.42208683495146,12.754589975903615,0.05167545955344139
52.42208683495146,12.754732590361446,0.05064048220346706
52.42208683495146,12.754875204819278,0.04958865852257674
52.42208683495146,12.755017819277109,0.04850789694505803
52.42208683495146,12.75516043373494,0.04742005351416083
52.42208683495146,12.755303048192772,0.046305456661584254
52.42208683495146,12.755445662650603,0.04517528004725695
52.42208683495146,12.755588277108435,0.04402692851124446
52.42208683495146,12.755730891566266,0.04286288851009562
52.42208683495146,12.755873506024097,0.041689773941284355
52.42208683495146,12.75601612048193,0.04050303315303154
52.42208683495146,12.75615873493976,0.039308468495442075
52.42208683495146,12.75630134939759,0.03810771385642847
52.42208683495146,12.756443963855423,0.03690901802197262
52.42208683495146,12.756586578313254,0.035696162670021535
52.42208683495146,12.756729192771084,0.03448452463497904
52.42208683495146,12.756871807228917,0.03327303448550199
52.42208683495146,12.757014421686748,0.03206437456201269
52.42208683495146,12.757157036144578,0.030852753648738993
52.42208683495146,12.75729965060241,0.029647851971058965
52.42208683495146,12.757442265060241,0.028453312399860316
52.42208683495146,12.757584879518072,0.0272689536856146
52.42208683495146,12.757727493975905,0.02608860002644543
52.42208683495146,12.757870108433735,0.02491714970517457
52.42208683495146,12.758012722891566,0.02376636540700488
52.42208683495146,12.758155337349399,0.02262947719691739
52.42208683495146,12.75829795180723,0.021507810441682824
52.42208683495146,12.758440566265062,0.020406424273900773
52.42208683495146,12.758583180722892,0.01931501649650201
52.42208683495146,12.758725795180723,0.018247941633344346
52.42208683495146,12.758868409638556,0.01720526468554972
52.42208683495146,12.759011024096386,0.016186835439761765
52.42208683495146,12.759153638554217,0.01519283986868633
52.42208683495146,12.75929625301205,0.014224478340235151
52.42208683495146,12.75943886746988,0.013286714229343731
52.42208683495146,12.759581481927711,0.012376723109148545
52.42208683495146,12.759724096385543,0.011500049628451017
52.42208683495146,12.759866710843374,0.01064990736049174
52.42208683495146,12.760009325301205,0.009842331082526832
52.42208683495146,12.760151939759037,0.00906097161585634
52.42208683495146,12.760294554216868,0.008304826080033328
52.42208683495146,12.760437168674699,0.007594366150334982
52.42208683495146,12.760579783132531,0.006916113062963962
52.42208683495146,12.760722397590362,0.006273573778649819
52.42208683495146,12.760865012048193,0.005669636855456165
52.42208683495146,12.761007626506025,0.00510879727797821
52.42208683495146,12.761150240963856,0.004590665059929409
52.42208683495146,12.761292855421688,0.004121666335729061
52.42208683495146,12.761435469879519,0.0036782944484289493
52.42208683495146,12.76157808433735,0.0032799313284723637
52.42208683495146,12.761720698795182,0.0029271383943968634
52.42208683495146,12.761863313253013,0.0026144492441689867
52.42208683495146,12.762005927710844,0.0023502184280653335
52.42208683495146,12.762148542168676,0.002126710279159797
52.42208683495146,12.762291156626507,0.0019455175982405508
52.42208683495146,12.762433771084337,0.0018111960603274311
52.42208683495146,12.76257638554217,0.0017219331963017268
52.42208683495146,12.762719,0.0016731261209880395
52.42217957281554,12.750882,0.0664403512810614
52.42217957281554,12.751024614457831,0.06640248921181803
52.42217957281554,12.751167228915664,0.06631013612248092
52.42217957281554,12.751309843373495,0.06617863237863571
52.42217957281554,12.751452457831325,0.06599654556192161
52.42217957281554,12.751595072289158,0.06577163409835006
52.42217957281554,12.751737686746988,0.0655008113236889
52.42217957281554,12.75188030120482,0.06517730331820522
52.42217957281554,12.752022915662652,0.06480880903187386
52.42217957281554,12.752165530120482,0.06440374773062396
52.42217957281554,12.752308144578313,0.06395584294803378
52.42217957281554,12.752450759036146,0.06345896817255715
52.42217957281554,12.752593373493976,0.06292879882853222
52.42217957281554,12.752735987951809,0.062358064340334675
52.42217957281554,12.75287860240964,0.061750969173283356
52.42217957281554,12.75302121686747,0.061101065015572116
52.42217957281554,12.753163831325303,0.06040857639489858
52.42217957281554,12.753306445783133,0.059678904419680386
52.42217957281554,12.753449060240964,0.058921713424111614
52.42217957281554,12.753591674698797,0.058122789608007396
52.42217957281554,12.753734289156627,0.057288150941750896
52.42217957281554,12.753876903614458,0.056421274089223636
52.42217957281554,12.75401951807229,0.05552757796110984
52.42217957281554,12.754162132530121,0.0546009237535467
52.42217957281554,12.754304746987952,0.05364874805312481
52.42217957281554,12.754447361445784,0.052667050193279503
52.42217957281554,12.754589975903615,0.05166019231452609
52.42217957281554,12.754732590361446,0.05062431574880743
52.42217957281554,12.754875204819278,0.049571567953527323
52.42217957281554,12.755017819277109,0.04848984880884635
52.42217957281554,12.75516043373494,0.04740106127584947
52.42217957281554,12.755303048192772,0.046285478178918184
52.42217957281554,12.755445662650603,0.0451543158786057
52.42217957281554,12.755588277108435,0.04400496070523297
52.42217957281554,12.755730891566266,0.042839903860086376
52.42217957281554,12.755873506024097,0.0416657513700438
52.42217957281554,12.75601612048193,0.040477950210930945
52.42217957281554,12.75615873493976,0.03928231740074335
52.42217957281554,12.75630134939759,0.038080506834366146
52.42217957281554,12.756443963855423,0.036880750392386044
52.42217957281554,12.756586578313254,0.035666831265996124
52.42217957281554,12.756729192771084,0.03445412468129849
52.42217957281554,12.756871807228917,0.033241550548132964
52.42217957281554,12.757014421686748,0.032031805892189166
52.42217957281554,12.757157036144578,0.03081909380157376
52.42217957281554,12.75729965060241,0.029613101232670427
52.42217957281554,12.757442265060241,0.028417480235552232
52.42217957281554,12.757584879518072,0.027232056914391872
52.42217957281554,12.757727493975905,0.026050631399530736
52.42217957281554,12.757870108433735,0.02487812101871021
52.42217957281554,12.758012722891566,0.023726295859925365
52.42217957281554,12.758155337349399,0.02258837184076201
52.42217957281554,12.75829795180723,0.02146567947804577
52.42217957281554,12.758440566265062,0.02036329078833814
52.42217957281554,12.758583180722892,0.019270880862142112
52.42217957281554,12.758725795180723,0.01820282156394292
52.42217957281554,12.758868409638556,0.017159191019149832
52.42217957281554,12.759011024096386,0.016139827750225655
52.42217957281554,12.759153638554217,0.015144907799447983
52.42217957281554,12.75929625301205,0.01417562770976753
52.42217957281554,12.75943886746988,0.013237006185662446
52.42217957281554,12.759581481927711,0.012326171109975139
52.42217957281554,12.759724096385543,0.011448707683430768
52.42217957281554,12.759866710843374,0.010597799137544078
52.42217957281554,12.760009325301205,0.009789495582668183
52.42217957281554,12.760151939759037,0.009007425813941473
52.42217957281554,12.760294554216868,0.008250579609354703
52.42217957281554,12.760437168674699,0.007539459865326897
52.42217957281554,12.760579783132531,0.006860565343131855
52.42217957281554,12.760722397590362,0.006217447058048111
52.42217957281554,12.760865012048193,0.005612952171803467
52.42217957281554,12.761007626506025,0.005051594230248129
52.42217957281554,12.761150240963856,0.004532963821397158
52.42217957281554,12.761292855421688,0.004063540852309162
52.42217957281554,12.761435469879519,0.0036197527456657335
52.42217957281554,12.76157808433735,0.003221030849048045
52.42217957281554,12.761720698795182,0.0028679135151507534
52.42217957281554,12.761863313253013,0.002554940161102817
52.42217957281554,12.762005927710844,0.0022904536698781994
52.42217957281554,12.762148542168676,0.002066738389798419
52.42217957281554,12.762291156626507,0.0018853766043961302
52.42217957281554,12.762433771084337,0.0017509359312414315
52.42217957281554,12.76257638554217,0.001661583355553508
52.42217957281554,12.762719,0.001612737534979927
52.42227231067961,12.750882,0.06644067160967894
52.42227231067961,12.751024614457831,0.0664027841665829
52.42227231067961,12.751167228915664,0.06631036617317515
52.42227231067961,12.751309843373495,0.06617877724186087
52.42227231067961,12.751452457831325,0.06599654007887253
52.42227231067961,12.751595072289158,0.06577146393856698
52.42227231067961,12.751737686746988,0.06550042275592363
52.42227231067961,12.75188030120482,0.06517666892713249
52.42227231067961,12.752022915662652,0.0648078894697001
52.42227231067961,12.752165530120482,0.06440251999412346
52.42227231067961,12.752308144578313,0.06395425975461022
52.42227231067961,12.752450759036146,0.06345699866160351
52.42227231067961,12.752593373493976,0.0629264205254311
52.42227231067961,12.752735987951809,0.062355253542556756
52.42227231067961,12.75287860240964,0.06174769832750092
52.42227231067961,12.75302121686747,0.06109729907626338
52.42227231067961,12.753163831325303,0.06040428095265748
52.42227231067961,12.753306445783133,0.05967405251626799
52.42227231067961,12.753449060240964,0.058916286534663596
52.42227231067961,12.753591674698797,0.058116755432665694
52.42227231067961,12.753734289156627,0.057281480307268505
52.42227231067961,12.753876903614458,0.05641394307199949
52.42227231067961,12.75401951807229,0.0555195651495471
52.42227231067961,12.754162132530121,0.0545921995960397
52.42227231067961,12.754304746987952,0.05363930016512224
52.42227231067961,12.754447361445784,0.05265684849149742
52.42227231067961,12.754589975903615,0.05164921165378014
52.42227231067961,12.754732590361446,0.05061254108605902
52.42227231067961,12.754875204819278,0.049558976987581035
52.42227231067961,12.755017819277109,0.04847641260810987
52.42227231067961,12.75516043373494,0.04738679051007755
52.42227231067961,12.755303048192772,0.046270336691850995
52.42227231067961,12.755445662650603,0.045138303327627124
52.42227231067961,12.755588277108435,0.04398806133635824
52.42227231067961,12.755730891566266,0.04282210643657526
52.42227231067961,12.755873506024097,0.041647037316051363
52.42227231067961,12.75601612048193,0.0404582999938372
52.42227231067961,12.75615873493976,0.03926172413021544
52.42227231067961,12.75630134939759,0.03805898065734321
52.42227231067961,12.756443963855423,0.03685828686383699
52.42227231067961,12.756586578313254,0.03564342778042425
52.42227231067961,12.756729192771084,0.03442977696828714
52.42227231067961,12.756871807228917,0.03321624526316636
52.42227231067961,12.757014421686748,0.03200554250490849
52.42227231067961,12.757157036144578,0.03079186692729257
52.42227231067961,12.75729965060241,0.02958491121755924
52.42227231067961,12.757442265060241,0.02838833522622856
52.42227231067961,12.757584879518072,0.02720197178281216
52.42227231067961,12.757727493975905,0.026019599622109736
52.42227231067961,12.757870108433735,0.024846153410689818
52.42227231067961,12.758012722891566,0.0236934089419487
52.42227231067961,12.758155337349399,0.022554570519747043
52.42227231067961,12.75829795180723,0.021430972694063088
52.42227231067961,12.758440566265062,0.020327698775984265
52.42227231067961,12.758583180722892,0.019234404618255572
52.42227231067961,12.758725795180723,0.018165476101182805
52.42227231067961,12.758868409638556,0.017121003667489875
52.42227231067961,12.759011024096386,0.0161008156223757
52.42227231067961,12.759153638554217,0.015105079206062208
52.42227231067961,12.75929625301205,0.014134988867944434
52.42227231067961,12.75943886746988,0.013195610260182806
52.42227231067961,12.759581481927711,0.012284030003919706
52.42227231067961,12.759724096385543,0.011405868225429668
52.42227231067961,12.759866710843374,0.010554282637030512
52.42227231067961,12.760009325301205,0.009745336090629147
52.42227231067961,12.760151939759037,0.008962638815567317
52.42227231067961,12.760294554216868,0.008205174094145631
52.42227231067961,12.760437168674699,0.007493471737442385
52.42227231067961,12.760579783132531,0.0068140111992009075
52.42227231067961,12.760722397590362,0.006170381477361398
52.42227231067961,12.760865012048193,0.005565394062575357
52.42227231067961,12.761007626506025,0.005003578154613203
52.42227231067961,12.761150240963856,0.004484508280854182
52.42227231067961,12.761292855421688,0.0040147099657655075
52.42227231067961,12.761435469879519,0.0035705547489928036
52.42227231067961,12.76157808433735,0.003171515505859786
52.42227231067961,12.761720698795182,0.002818111602707906
52.42227231067961,12.761863313253013,0.002504887080836229
52.42227231067961,12.762005927710844,0.0022401753000356834
52.42227231067961,12.762148542168676,0.0020162770348067342
52.42227231067961,12.762291156626507,0.001834766408124127
52.42227231067961,12.762433771084337,0.001700220281707925
52.42227231067961,12.76257638554217,0.001610788327301724
52.42227231067961,12.762719,0.0015619080633585986
52.42236504854369,12.750882,0.06643174794146915
52.42236504854369,12.751024614457831,0.06639384011209114
52.42236504854369,12.751167228915664,0.06630136975614737
52.42236504854369,12.751309843373495,0.06616971239975865
52.42236504854369,12.751452457831325,0.06598735318612954
52.42236504854369,12.751595072289158,0.065762144078764
52.42236504854369,12.751737686746988,0.06549092539859325
52.42236504854369,12.75188030120482,0.06516697222530599
52.42236504854369,12.752022915662652,0.06479796132421874
52.42236504854369,12.752165530120482,0.06439234186418066
52.42236504854369,12.752308144578313,0.06394379351066773
52.42236504854369,12.752450759036146,0.0634462187759304
52.42236504854369,12.752593373493976,0.06291530896221989
52.42236504854369,12.752735987951809,0.06234379157299414
52.42236504854369,12.75287860240964,0.061735863241984844
52.42236504854369,12.75302121686747,0.06108506264729818
52.42236504854369,12.753163831325303,0.06039161538913832
52.42236504854369,12.753306445783133,0.05966093612908388
52.42236504854369,12.753449060240964,0.05890270416630151
52.42236504854369,12.753591674698797,0.05810268088872469
52.42236504854369,12.753734289156627,0.05726688972210576
52.42236504854369,12.753876903614458,0.05639881733667496
52.42236504854369,12.75401951807229,0.055503887198023405
52.42236504854369,12.754162132530121,0.05457594508988131
52.42236504854369,12.754304746987952,0.053622459387362154
52.42236504854369,12.754447361445784,0.05263939683269305
52.42236504854369,12.754589975903615,0.051631128717881794
52.42236504854369,12.754732590361446,0.050593814739129994
52.42236504854369,12.754875204819278,0.04953958887324146
52.42236504854369,12.755017819277109,0.04845633936097508
52.42236504854369,12.75516043373494,0.04736604165000911
52.42236504854369,12.755303048192772,0.04624888188997786
52.42236504854369,12.755445662650603,0.04511614307304871
52.42236504854369,12.755588277108435,0.04396518286560838
52.42236504854369,12.755730891566266,0.042798500685953506
52.42236504854369,12.755873506024097,0.04162268901537272
52.42236504854369,12.75601612048193,0.04043319336429841
52.42236504854369,12.75615873493976,0.039235853157124405
52.42236504854369,12.75630134939759,0.03803235456218855
52.42236504854369,12.756443963855423,0.03683090195782268
52.42236504854369,12.756586578313254,0.03561528211324006
52.42236504854369,12.756729192771084,0.034400866807552416
52.42236504854369,12.756871807228917,0.03318655978806111
52.42236504854369,12.757014421686748,0.03197508158885998
52.42236504854369,12.757157036144578,0.030760625718467254
52.42236504854369,12.75729965060241,0.02955288997957453
52.42236504854369,12.757442265060241,0.028355540919630513
52.42236504854369,12.757584879518072,0.027168416610212687
52.42236504854369,12.757727493975905,0.02598527836047776
52.42236504854369,12.757870108433735,0.024811074544538302
52.42236504854369,12.758012722891566,0.023657586060219588
52.42236504854369,12.758155337349399,0.022518007400608175
52.42236504854369,12.75829795180723,0.021393676698467777
52.42236504854369,12.758440566265062,0.02028968633300906
52.42236504854369,12.758583180722892,0.019195676211200677
52.42236504854369,12.758725795180723,0.01812604425246961
52.42236504854369,12.758868409638556,0.017080890512255226
52.42236504854369,12.759011024096386,0.01606003514936261
52.42236504854369,12.759153638554217,0.015063637957211046
52.42236504854369,12.75929625301205,0.014092891340228128
52.42236504854369,12.75943886746988,0.013152900462005578
52.42236504854369,12.759581481927711,0.012240717270232501
52.42236504854369,12.759724096385543,0.011361991211154675
52.42236504854369,12.759866710843374,0.010509858359483013
52.42236504854369,12.760009325301205,0.00970039221121783
52.42236504854369,12.760151939759037,0.008917187665444925
52.42236504854369,12.760294554216868,0.008159222310324406
52.42236504854369,12.760437168674699,0.0074470487596765104
52.42236504854369,12.760579783132531,0.0067671300317765325
52.42236504854369,12.760722397590362,0.006123086907279085
52.42236504854369,12.760865012048193,0.0055177007848472934
52.42236504854369,12.761007626506025,0.004955514564540047
52.42236504854369,12.761150240963856,0.004436088606336834
52.42236504854369,12.761292855421688,0.003965987421066842
52.42236504854369,12.761435469879519,0.003521535260549984
52.42236504854369,12.76157808433735,0.0031222392349334153
52.42236504854369,12.761720698795182,0.0027686036030443945
52.42236504854369,12.761863313253013,0.002455176044371024
52.42236504854369,12.762005927710844,0.002190281642028686
52.42236504854369,12.762148542168676,0.001966235742341788
52.42236504854369,12.762291156626507,0.0017846047590996113
52.42236504854369,12.762433771084337,0.001649973407095532
52.42236504854369,12.76257638554217,0.0015604772804488042
52.42236504854369,12.762719,0.0015115694132846304
52.42245778640777,12.750882,0.0664272732473235
52.42245778640777,12.751024614457831,0.06638934818994999
52.42245778640777,12.751167228915664,0.06629683378006915
52.42245778640777,12.751309843373495,0.06616511837893556
52.42245778640777,12.751452457831325,0.06598265708011185
52.42245778640777,12.751595072289158,0.06575733633834102
52.42245778640777,12.751737686746988,0.06548596955283699
52.42245778640777,12.75188030120482,0.06516184981970224
52.42245778640777,12.752022915662652,0.06479264558510052
52.42245778640777,12.752165530120482,0.06438681705291789
52.42245778640777,12.752308144578313,0.0639380276266805
52.42245778640777,12.752450759036146,0.0634401905835768
52.42245778640777,12.752593373493976,0.06290900338357765
52.42245778640777,12.752735987951809,0.06233719269491393
52.42245778640777,12.75287860240964,0.06172895236809066
52.42245778640777,12.75302121686747,0.061077816129442075
52.42245778640777,12.753163831325303,0.060384009738838104
52.42245778640777,12.753306445783133,0.05965295321495445
52.42245778640777,12.753449060240964,0.05889433137441483
52.42245778640777,12.753591674698797,0.05809389628926494
52.42245778640777,12.753734289156627,0.05725767377742719
52.42245778640777,12.753876903614458,0.05638915370491368
52.42245778640777,12.75401951807229,0.05549376122369466
52.42245778640777,12.754162132530121,0.054565336951236464
52.42245778640777,12.754304746987952,0.05361136041782469
52.42245778640777,12.754447361445784,0.05262778700054334
52.42245778640777,12.754589975903615,0.05161899073627583
52.42245778640777,12.754732590361446,0.05058113847847095
52.42245778640777,12.754875204819278,0.04952635931060129
52.42245778640777,12.755017819277109,0.048442536991502624
52.42245778640777,12.75516043373494,0.04735167376314263
52.42245778640777,12.755303048192772,0.04623392372807076
52.42245778640777,12.755445662650603,0.045100594672813785
52.42245778640777,12.755588277108435,0.0439490338635342
52.42245778640777,12.755730891566266,0.042781743200086514
52.42245778640777,12.755873506024097,0.04160531044892785
52.42245778640777,12.75601612048193,0.04041518087546406
52.42245778640777,12.75615873493976,0.039217202007195
52.42245778640777,12.75630134939759,0.03801307171804552
52.42245778640777,12.756443963855423,0.03681098444641255
52.42245778640777,12.756586578313254,0.03559472821059337
52.42245778640777,12.756729192771084,0.03437967369866437
52.42245778640777,12.756871807228917,0.03316471849281965
52.42245778640777,12.757014421686748,0.031952591628956535
52.42245778640777,12.757157036144578,0.030737483875250642
52.42245778640777,12.75729965060241,0.02952909645879609
52.42245778640777,12.757442265060241,0.028331101396467443
52.42245778640777,12.757584879518072,0.027143340850132352
52.42245778640777,12.757727493975905,0.025959562487098038
52.42245778640777,12.757870108433735,0.024784725543843728
52.42245778640777,12.758012722891566,0.02363061526240348
52.42245778640777,12.758155337349399,0.022490418268581034
52.42245778640777,12.75829795180723,0.021365475131058537
52.42245778640777,12.758440566265062,0.020260886065021428
52.42245778640777,12.758583180722892,0.019166277820138453
52.42245778640777,12.758725795180723,0.01809605827580924
52.42245778640777,12.758868409638556,0.01705033534200768
52.42245778640777,12.759011024096386,0.016028922666743318
52.42245778640777,12.759153638554217,0.015031973695804704
52.42245778640777,12.75929625301205,0.014060679657450361
52.42245778640777,12.75943886746988,0.013120176881210742
52.42245778640777,12.759581481927711,0.012207489824922915
52.42245778640777,12.759724096385543,0.011328291806680811
52.42245778640777,12.759866710843374,0.010475701193672903
52.42245778640777,12.760009325301205,0.009665800440847677
52.42245778640777,12.760151939759037,0.008882171923351116
52.42245778640777,12.760294554216868,0.008123788625562872
52.42245778640777,12.760437168674699,0.007411221490637776
52.42245778640777,12.760579783132531,0.006730920297896757
52.42245778640777,12.760722397590362,0.006086531708872545
52.42245778640777,12.760865012048193,0.005480812892558584
52.42245778640777,12.761007626506025,0.004918317304321878
52.42245778640777,12.761150240963856,0.0043985943278491355
52.42245778640777,12.761292855421688,0.003928239791370988
52.42245778640777,12.761435469879519,0.003483539720068562
52.42245778640777,12.76157808433735,0.0030840293114101705
52.42245778640777,12.761720698795182,0.002730200242881029
52.42245778640777,12.761863313253013,0.0024166028088010265
52.42245778640777,12.762005927710844,0.00215155607636748
52.42245778640777,12.762148542168676,0.0019273865976410188
52.42245778640777,12.762291156626507,0.001745654936846069
52.42245778640777,12.762433771084337,0.001610952374246269
52.42245778640777,12.76257638554217,0.001521402752431786
52.42245778640777,12.762719,0.0014724715313148258
52.42255052427185,12.750882,0.06643076083116238
52.42255052427185,12.751024614457831,0.0663928235552364
52.42255052427185,12.751167228915664,0.06630027786000521
52.42255052427185,12.751309843373495,0.0661685216558891
52.42255052427185,12.751452457831325,0.06598598723314698
52.42255052427185,12.751595072289158,0.06576058683087838
52.42255052427185,12.751737686746988,0.0654891140724827
52.42255052427185,12.75188030120482,0.06516487537016034
52.42255052427185,12.752022915662652,0.06479553288810203
52.42255052427185,12.752165530120482,0.06438955487833053
52.42255052427185,12.752308144578313,0.06394059299718725
52.42255052427185,12.752450759036146,0.06344256868583291
52.42255052427185,12.752593373493976,0.06291118339829758
52.42255052427185,12.752735987951809,0.06233916336931286
52.42255052427185,12.75287860240964,0.06173070042058698
52.42255052427185,12.75302121686747,0.06107932479314172
52.42255052427185,12.753163831325303,0.06038526194006023
52.42255052427185,12.753306445783133,0.05965393576015811
52.42255052427185,12.753449060240964,0.058895035735904315
52.42255052427185,12.753591674698797,0.05809430700175094
52.42255052427185,12.753734289156627,0.05725777622399265
52.42255052427185,12.753876903614458,0.056388936675107706
52.42255052427185,12.75401951807229,0.05549321417071776
52.42255052427185,12.754162132530121,0.05456444553429408
52.42255052427185,12.754304746987952,0.053610118806378795
52.42255052427185,12.754447361445784,0.05262618078977691
52.42255052427185,12.754589975903615,0.05161700754984472
52.42255052427185,12.754732590361446,0.05057877116375355
52.42255052427185,12.754875204819278,0.04952359702743073
52.42255052427185,12.755017819277109,0.04843936550443611
52.42255052427185,12.75516043373494,0.047348098584005245
52.42255052427185,12.755303048192772,0.046229927245698625
52.42255052427185,12.755445662650603,0.04509617693513827
52.42255052427185,12.755588277108435,0.04394418731632877
52.42255052427185,12.755730891566266,0.0427764624046723
52.42255052427185,12.755873506024097,0.04159958604082072
52.42255052427185,12.75601612048193,0.04040900363400088
52.42255052427185,12.75615873493976,0.03921056847617671
52.42255052427185,12.75630134939759,0.03800598747289543
52.42255052427185,12.756443963855423,0.03680344712562755
52.42255052427185,12.756586578313254,0.03558673639099803
52.42255052427185,12.756729192771084,0.03437122553927009
52.42255052427185,12.756871807228917,0.03315580753321784
52.42255052427185,12.757014421686748,0.03194321737239862
52.42255052427185,12.757157036144578,0.030727643693218572
52.42255052427185,12.75729965060241,0.02951879039831994
52.42255052427185,12.757442265060241,0.02832033377810369
52.42255052427185,12.757584879518072,0.027132118705242562
52.42255052427185,12.757727493975905,0.025947882682220157
52.42255052427185,12.757870108433735,0.024772593204989233
52.42255052427185,12.758012722891566,0.02361803891508659
52.42255052427185,12.758155337349399,0.02247740007165213
52.42255052427185,12.75829795180723,0.02135201931908043
52.42255052427185,12.758440566265062,0.020247002507608473
52.42255052427185,12.758583180722892,0.01915196674533061
52.42255052427185,12.758725795180723,0.018081327027501516
52.42255052427185,12.758868409638556,0.017035197196502712
52.42255052427185,12.759011024096386,0.016013386063040307
52.42255052427185,12.759153638554217,0.015016042488412602
52.42255052427185,12.75929625301205,0.014044356428294217
52.42255052427185,12.75943886746988,0.013103487923062745
52.42255052427185,12.759581481927711,0.012190440827145918
52.42255052427185,12.759724096385543,0.011310906022149876
52.42255052427185,12.759866710843374,0.010457988534944253
52.42255052427185,12.760009325301205,0.00964777767859434
52.42255052427185,12.760151939759037,0.008863846507842776
52.42255052427185,12.760294554216868,0.0081051643925448
52.42255052427185,12.760437168674699,0.007392315941977033
52.42255052427185,12.760579783132531,0.006711741145172426
52.42255052427185,12.760722397590362,0.00606710571748657
52.42255052427185,12.760865012048193,0.005461149042326242
52.42255052427185,12.761007626506025,0.0048984322940838565
52.42255052427185,12.761150240963856,0.004378496761266823
52.42255052427185,12.761292855421688,0.0039079613039157204
52.42255052427185,12.761435469879519,0.003463084008250966
52.42255052427185,12.76157808433735,0.003063420596905486
52.42255052427185,12.761720698795182,0.0027094531377438442
52.42255052427185,12.761863313253013,0.002395734511596805
52.42255052427185,12.762005927710844,0.0021305791178677013
52.42255052427185,12.762148542168676,0.0019063212676871735
52.42255052427185,12.762291156626507,0.0017245174526306745
52.42255052427185,12.762433771084337,0.0015897639838388096
52.42255052427185,12.76257638554217,0.0015001762239702857
52.42255052427185,12.762719,0.0014512281568710948
52.42264326213592,12.750882,0.06643518550430273
52.42264326213592,12.751024614457831,0.0663972384564298
52.42264326213592,12.751167228915664,0.06630466874750392
52.42264326213592,12.751309843373495,0.06617288041435024
52.42264326213592,12.751452457831325,0.0659902909965944
52.42264326213592,12.751595072289158,0.06576482972862238
52.42264326213592,12.751737686746988,0.06549327682981297
52.42264326213592,12.75188030120482,0.06516894784180106
52.42264326213592,12.752022915662652,0.06479950065001565
52.42264326213592,12.752165530120482,0.06439340921740522
52.42264326213592,12.752308144578313,0.0639443169449784
52.42264326213592,12.752450759036146,0.06344615077345692
52.42264326213592,12.752593373493976,0.0629146148815712
52.42264326213592,12.752735987951809,0.062342435522194845
52.42264326213592,12.75287860240964,0.06173380311190812
52.42264326213592,12.75302121686747,0.061082245183126264
52.42264326213592,12.753163831325303,0.06038798740200409
52.42264326213592,12.753306445783133,0.05965645624007176
52.42264326213592,12.753449060240964,0.058897344134903794
52.42264326213592,12.753591674698797,0.05809639174970335
52.42264326213592,12.753734289156627,0.05725962643598439
52.42264326213592,12.753876903614458,0.056390543875818884
52.42264326213592,12.75401951807229,0.05549457043230342
52.42264326213592,12.754162132530121,0.05456553978215839
52.42264326213592,12.754304746987952,0.05361094642840672
52.42264326213592,12.754447361445784,0.05262673093741279
52.42264326213592,12.754589975903615,0.05161727104770695
52.42264326213592,12.754732590361446,0.05057874268230395
52.42264326213592,12.754875204819278,0.04952326848175457
52.42264326213592,12.755017819277109,0.048438726703371265
52.42264326213592,12.75516043373494,0.04734715252814581
52.42264326213592,12.755303048192772,0.04622866123251397
52.42264326213592,12.755445662650603,0.04509459048812492
52.42264326213592,12.755588277108435,0.043942274625869755
52.42264326213592,12.755730891566266,0.04277421933432703
52.42264326213592,12.755873506024097,0.04159700616396339
52.42264326213592,12.75601612048193,0.04040608022699592
52.42264326213592,12.75615873493976,0.03920729909559313
52.42264326213592,12.75630134939759,0.038002375172581294
52.42264326213592,12.756443963855423,0.03679949033657791
52.42264326213592,12.756586578313254,0.03558243419865038
52.42264326213592,12.756729192771084,0.03436657636632359
52.42264326213592,12.756871807228917,0.0331508067908684
52.42264326213592,12.757014421686748,0.031937865188110925
52.42264326213592,12.757157036144578,0.03072193843096379
52.42264326213592,12.75729965060241,0.029512732004478008
52.42264326213592,12.757442265060241,0.028313925228949467
52.42264326213592,12.757584879518072,0.027125365247060728
52.42264326213592,12.757727493975905,0.02594078229283623
52.42264326213592,12.757870108433735,0.024765149875885035
52.42264326213592,12.758012722891566,0.02361025837792729
52.42264326213592,12.758155337349399,0.02246928461965144
52.42264326213592,12.75829795180723,0.021343572151248987
52.42264326213592,12.758440566265062,0.02023823069347425
52.42264326213592,12.758583180722892,0.01914287137408737
52.42264326213592,12.758725795180723,0.018071913656599565
52.42264326213592,12.758868409638556,0.017025475492003214
52.42264326213592,12.759011024096386,0.01600336226711822
52.42264326213592,12.759153638554217,0.015005720184124775
52.42264326213592,12.75929625301205,0.014033738449858644
52.42264326213592,12.75943886746988,0.013092592752274838
52.42264326213592,12.759581481927711,0.012179272935473075
52.42264326213592,12.759724096385543,0.011299482019870988
52.42264326213592,12.759866710843374,0.010446316403982595
52.42264326213592,12.760009325301205,0.009635869681610471
52.42264326213592,12.760151939759037,0.008851708425718207
52.42264326213592,12.760294554216868,0.008092800453401945
52.42264326213592,12.760437168674699,0.0073797390013184225
52.42264326213592,12.760579783132531,0.006698957685023068
52.42264326213592,12.760722397590362,0.006054134714232906
52.42264326213592,12.760865012048193,0.0054479977129191165
52.42264326213592,12.761007626506025,0.004885113315786943
52.42264326213592,12.761150240963856,0.004365017339247929
52.42264326213592,12.761292855421688,0.003894344203072081
52.42264326213592,12.761435469879519,0.0034493330816969064
52.42264326213592,12.76157808433735,0.0030495534513544035
52.42264326213592,12.761720698795182,0.002695481309789493
52.42264326213592,12.761863313253013,0.0023816707096926838
52.42264326213592,12.762005927710844,0.002116432902080352
52.42264326213592,12.762148542168676,0.0018921081702018318
52.42264326213592,12.762291156626507,0.0017102498020502722
52.42264326213592,12.762433771084337,0.0015754577826298968
52.42264326213592,12.76257638554217,0.0014858413575500789
52.42264326213592,12.762719,0.0014368807896848112
52.422736,12.750882,0.06643048766144301
52.422736,12.751024614457831,0.06639253593515179
52.422736,12.751167228915664,0.06629995456718546
52.422736,12.751309843373495,0.06616815058697857
52.422736,12.751452457831325,0.0659855341892687
52.422736,12.751595072289158,0.06576004321176528
52.422736,12.751737686746988,0.06548845117372162
52.422736,12.75188030120482,0.06516407802126828
52.422736,12.752022915662652,0.06479457935479999
52.422736,12.752165530120482,0.06438843235177583
52.422736,12.752308144578313,0.06393927622993756
52.422736,12.752450759036146,0.06344104066739005
52.422736,12.752593373493976,0.06290943107672468
52.422736,12.752735987951809,0.062337173558505446
52.422736,12.75287860240964,0.061728458191839766
52.422736,12.75302121686747,0.06107681104038918
52.422736,12.753163831325303,0.060382458213784254
52.422736,12.753306445783133,0.05965082674867429
52.422736,12.753449060240964,0.05889161114690362
52.422736,12.753591674698797,0.058090549688955204
52.422736,12.753734289156627,0.057253669832618086
52.422736,12.753876903614458,0.056384468257831034
52.422736,12.75401951807229,0.05548837216475425
52.422736,12.754162132530121,0.05455921331216958
52.422736,12.754304746987952,0.05360448963903114
52.422736,12.754447361445784,0.0526201385018492
52.422736,12.754589975903615,0.05161053863865046
52.422736,12.754732590361446,0.050571867499675634
52.422736,12.754875204819278,0.0495162462677948
52.422736,12.755017819277109,0.0484315525089681
52.422736,12.75516043373494,0.04733982822159499
52.422736,12.755303048192772,0.046221180394342476
52.422736,12.755445662650603,0.04508695320370737
52.422736,12.755588277108435,0.043934478137984484
52.422736,12.755730891566266,0.042766261345357
52.422736,12.755873506024097,0.04158888350606082
52.422736,12.75601612048193,0.0403977893466331
52.422736,12.75615873493976,0.03919883877455499
52.422736,12.75630134939759,0.03799374715239088
52.422736,12.756443963855423,0.036790694064550766
52.422736,12.756586578313254,0.03557346900633426
52.422736,12.756729192771084,0.03435744167650472
52.422736,12.756871807228917,0.03314150013186345
52.422736,12.757014421686748,0.03192838675377383
52.422736,12.757157036144578,0.03071228722702502
52.422736,12.75729965060241,0.02950290806112462
52.422736,12.757442265060241,0.028303930327954543
52.422736,12.757584879518072,0.027115201841994126
52.422736,12.757727493975905,0.02593044938115513
52.422736,12.757870108433735,0.02475464961511984
52.422736,12.758012722891566,0.023599593138973786
52.422736,12.758155337349399,0.022458455619359278
52.422736,12.75829795180723,0.021332580926603693
52.422736,12.758440566265062,0.020227080742604098
52.422736,12.758583180722892,0.01913156339842022
52.422736,12.758725795180723,0.01806045026142905
52.422736,12.758868409638556,0.017013861545216603
52.422736,12.759011024096386,0.01599160076584189
52.422736,12.759153638554217,0.014993812671571238
52.422736,12.75929625301205,0.014021686198222064
52.422736,12.75943886746988,0.013080405028482962
52.422736,12.759581481927711,0.012166951957892521
52.422736,12.759724096385543,0.011287035998962407
52.422736,12.759866710843374,0.010433749022191319
52.422736,12.760009325301205,0.009623187203188131
52.422736,12.760151939759037,0.008838913469818875
52.422736,12.760294554216868,0.008079894951007995
52.422736,12.760437168674699,0.007366729014796493
52.422736,12.760579783132531,0.0066858466919540935
52.422736,12.760722397590362,0.006040932250894863
52.422736,12.760865012048193,0.005434707296889243
52.422736,12.761007626506025,0.004871740947449955
52.422736,12.761150240963856,0.004351566530448601
52.422736,12.761292855421688,0.003880826478601834
52.422736,12.761435469879519,0.003435749842155493
52.422736,12.76157808433735,0.0030359132249614725
52.422736,12.761720698795182,0.0026817897173282996
52.422736,12.761863313253013,0.0023679342765758893
52.422736,12.762005927710844,0.0021026563836469203
52.422736,12.762148542168676,0.0018782990088445552
52.422736,12.762291156626507,0.0016964138855679804
52.422736,12.762433771084337,0.0015616028489246008
52.422736,12.76257638554217,0.0014719723615884608
52.422736,12.762719,0.0014230056093761916
