latitude,longitude,value
52.413184,12.750882,0.0
52.413184,12.751024614457831,0.0
52.413184,12.751167228915664,0.0
52.413184,12.751309843373495,0.0
52.413184,12.751452457831325,0.0
52.413184,12.751595072289158,0.0
52.413184,12.751737686746988,0.0
52.413184,12.75188030120482,0.0
52.413184,12.752022915662652,0.0
52.413184,12.752165530120482,0.0
52.413184,12.752308144578313,0.0
52.413184,12.752450759036146,0.0
52.413184,12.752593373493976,0.0
52.413184,12.752735987951809,0.0
52.413184,12.75287860240964,0.0
52.413184,12.75302121686747,0.0
52.413184,12.753163831325303,0.0
52.413184,12.753306445783133,0.0
52.413184,12.753449060240964,0.0
52.413184,12.753591674698797,0.0
52.413184,12.753734289156627,0.0
52.413184,12.753876903614458,0.0
52.413184,12.75401951807229,0.0
52.413184,12.754162132530121,0.0
52.413184,12.754304746987952,0.0
52.413184,12.754447361445784,0.0
52.413184,12.754589975903615,0.0
52.413184,12.754732590361446,0.0
52.413184,12.754875204819278,0.0
52.413184,12.755017819277109,0.0
52.413184,12.75516043373494,0.0
52.413184,12.755303048192772,0.0
52.413184,12.755445662650603,0.0
52.413184,12.755588277108435,0.0
52.413184,12.755730891566266,0.0
52.413184,12.755873506024097,0.0
52.413184,12.75601612048193,0.0
52.413184,12.75615873493976,0.0
52.413184,12.75630134939759,0.0
52.413184,12.756443963855423,0.0
52.413184,12.756586578313254,0.0
52.413184,12.756729192771084,0.0
52.413184,12.756871807228917,0.0
52.413184,12.757014421686748,0.0
52.413184,12.757157036144578,0.0
52.413184,12.75729965060241,0.0
52.413184,12.757442265060241,0.0
52.413184,12.757584879518072,0.0
52.413184,12.757727493975905,0.0
52.413184,12.757870108433735,0.0
52.413184,12.758012722891566,0.0
52.413184,12.758155337349399,0.0
52.413184,12.75829795180723,0.0
52.413184,12.758440566265062,0.0
52.413184,12.758583180722892,0.0
52.413184,12.758725795180723,0.0
52.413184,12.758868409638556,0.0
52.413184,12.759011024096386,0.0
52.413184,12.759153638554217,0.0
52.413184,12.75929625301205,0.0
52.413184,12.75943886746988,0.0
52.413184,12.759581481927711,0.0
52.413184,12.759724096385543,0.0
52.413184,12.759866710843374,0.0
52.413184,12.760009325301205,0.0
52.413184,12.760151939759037,0.0
52.413184,12.760294554216868,0.0
52.413184,12.760437168674699,0.00012437713338663003
52.413184,12.760579783132531,0.00105019710162002
52.413184,12.760722397590362,0.001921826505606898
52.413184,12.760865012048193,0.002745282741415481
52.413184,12.761007626506025,0.0035097554916354553
52.413184,12.761150240963856,0.004230734301899262
52.413184,12.761292855421688,0.00488719944149397
52.413184,12.761435469879519,0.0054863641455903086
52.413184,12.76157808433735,0.00602916253681797
52.413184,12.761720698795182,0.0065187675255158305
52.413184,12.761863313253013,0.006942442643764173
52.413184,12.762005927710844,0.00730548254970771
52.413184,12.762148542168676,0.007609425633582314
52.413184,12.762291156626507,0.007860613217533771
52.413184,12.762433771084337,0.008050260160175463
52.413184,12.76257638554217,0.008176493979638674
52.413184,12.762719,0.008234728395843847
52.41327673786408,12.750882,0.0
52.41327673786408,12.751024614457831,0.0
52.41327673786408,12.751167228915664,0.0
52.41327673786408,12.751309843373495,0.0
52.41327673786408,12.751452457831325,0.0
52.41327673786408,12.751595072289158,0.0
52.41327673786408,12.751737686746988,0.0
52.41327673786408,12.75188030120482,0.0
52.41327673786408,12.752022915662652,0.0
52.41327673786408,12.752165530120482,0.0
52.41327673786408,12.752308144578313,0.0
52.41327673786408,12.752450759036146,0.0
52.41327673786408,12.752593373493976,0.0
52.41327673786408,12.752735987951809,0.0
52.41327673786408,12.75287860240964,0.0
52.41327673786408,12.75302121686747,0.0
52.41327673786408,12.753163831325303,0.0
52.41327673786408,12.753306445783133,0.0
52.41327673786408,12.753449060240964,0.0
52.41327673786408,12.753591674698797,0.0
52.41327673786408,12.753734289156627,0.0
52.41327673786408,12.753876903614458,0.0
52.41327673786408,12.75401951807229,0.0
52.41327673786408,12.754162132530121,0.0
52.41327673786408,12.754304746987952,0.0
52.41327673786408,12.754447361445784,0.0
52.41327673786408,12.754589975903615,0.0
52.41327673786408,12.754732590361446,0.0
52.41327673786408,12.754875204819278,0.0
52.41327673786408,12.755017819277109,0.0
52.41327673786408,12.75516043373494,0.0
52.41327673786408,12.755303048192772,0.0
52.41327673786408,12.755445662650603,0.0
52.41327673786408,12.755588277108435,0.0
52.41327673786408,12.755730891566266,0.0
52.41327673786408,12.755873506024097,0.0
52.41327673786408,12.75601612048193,0.0
52.41327673786408,12.75615873493976,0.0
52.41327673786408,12.75630134939759,0.0
52.41327673786408,12.756443963855423,0.0
52.41327673786408,12.756586578313254,0.0
52.41327673786408,12.756729192771084,0.0
52.41327673786408,12.756871807228917,0.0
52.41327673786408,12.757014421686748,0.0
52.41327673786408,12.757157036144578,0.0
52.41327673786408,12.75729965060241,0.0
52.41327673786408,12.757442265060241,0.0
52.41327673786408,12.757584879518072,0.0
52.41327673786408,12.757727493975905,0.0
52.41327673786408,12.757870108433735,0.0
52.41327673786408,12.758012722891566,0.0
52.41327673786408,12.758155337349399,0.0
52.41327673786408,12.75829795180723,0.0
52.41327673786408,12.758440566265062,0.0
52.41327673786408,12.758583180722892,0.0
52.41327673786408,12.758725795180723,0.0
52.41327673786408,12.758868409638556,0.0
52.41327673786408,12.759011024096386,0.0
52.41327673786408,12.759153638554217,0.0
52.41327673786408,12.75929625301205,0.0
52.41327673786408,12.75943886746988,0.0
52.41327673786408,12.759581481927711,0.0
52.41327673786408,12.759724096385543,0.0
52.41327673786408,12.759866710843374,0.0
52.41327673786408,12.760009325301205,0.0
52.41327673786408,12.760151939759037,0.0
52.41327673786408,12.760294554216868,0.0
52.41327673786408,12.760437168674699,0.00013362053195878788
52.41327673786408,12.760579783132531,0.0010593718687622274
52.41327673786408,12.760722397590362,0.0019309380938007797
52.41327673786408,12.760865012048193,0.002754330920499254
52.41327673786408,12.761007626506025,0.003518747914175101
52.41327673786408,12.761150240963856,0.004239668425384025
52.41327673786408,12.761292855421688,0.00489608349442619
52.41327673786408,12.761435469879519,0.005495204309961843
52.41327673786408,12.76157808433735,0.006037963563070011
52.41327673786408,12.761720698795182,0.006527529696772313
52.41327673786408,12.761863313253013,0.006951172912006179
52.41327673786408,12.762005927710844,0.007314186481537676
52.41327673786408,12.762148542168676,0.007618107299572775
52.41327673786408,12.762291156626507,0.007869276713334216
52.41327673786408,12.762433771084337,0.008058908420622792
52.41327673786408,12.76257638554217,0.008185130714070009
52.41327673786408,12.762719,0.008243362312562216
52.41336947572815,12.750882,0.0
52.41336947572815,12.751024614457831,0.0
52.41336947572815,12.751167228915664,0.0
52.41336947572815,12.751309843373495,0.0
52.41336947572815,12.751452457831325,0.0
52.41336947572815,12.751595072289158,0.0
52.41336947572815,12.751737686746988,0.0
52.41336947572815,12.75188030120482,0.0
52.41336947572815,12.752022915662652,0.0
52.41336947572815,12.752165530120482,0.0
52.41336947572815,12.752308144578313,0.0
52.41336947572815,12.752450759036146,0.0
52.41336947572815,12.752593373493976,0.0
52.41336947572815,12.752735987951809,0.0
52.41336947572815,12.75287860240964,0.0
52.41336947572815,12.75302121686747,0.0
52.41336947572815,12.753163831325303,0.0
52.41336947572815,12.753306445783133,0.0
52.41336947572815,12.753449060240964,0.0
52.41336947572815,12.753591674698797,0.0
52.41336947572815,12.753734289156627,0.0
52.41336947572815,12.753876903614458,0.0
52.41336947572815,12.75401951807229,0.0
52.41336947572815,12.754162132530121,0.0
52.41336947572815,12.754304746987952,0.0
52.41336947572815,12.754447361445784,0.0
52.41336947572815,12.754589975903615,0.0
52.41336947572815,12.754732590361446,0.0
52.41336947572815,12.754875204819278,0.0
52.41336947572815,12.755017819277109,0.0
52.41336947572815,12.75516043373494,0.0
52.41336947572815,12.755303048192772,0.0
52.41336947572815,12.755445662650603,0.0
52.41336947572815,12.755588277108435,0.0
52.41336947572815,12.755730891566266,0.0
52.41336947572815,12.755873506024097,0.0
52.41336947572815,12.75601612048193,0.0
52.41336947572815,12.75615873493976,0.0
52.41336947572815,12.75630134939759,0.0
52.41336947572815,12.756443963855423,0.0
52.41336947572815,12.756586578313254,0.0
52.41336947572815,12.756729192771084,0.0
52.41336947572815,12.756871807228917,0.0
52.41336947572815,12.757014421686748,0.0
52.41336947572815,12.757157036144578,0.0
52.41336947572815,12.75729965060241,0.0
52.41336947572815,12.757442265060241,0.0
52.41336947572815,12.757584879518072,0.0
52.41336947572815,12.757727493975905,0.0
52.41336947572815,12.757870108433735,0.0
52.41336947572815,12.758012722891566,0.0
52.41336947572815,12.758155337349399,0.0
52.41336947572815,12.75829795180723,0.0
52.41336947572815,12.758440566265062,0.0
52.41336947572815,12.758583180722892,0.0
52.41336947572815,12.758725795180723,0.0
52.41336947572815,12.758868409638556,0.0
52.41336947572815,12.759011024096386,0.0
52.41336947572815,12.759153638554217,0.0
52.41336947572815,12.75929625301205,0.0
52.41336947572815,12.75943886746988,0.0
52.41336947572815,12.759581481927711,0.0
52.41336947572815,12.759724096385543,0.0
52.41336947572815,12.759866710843374,0.0
52.41336947572815,12.760009325301205,0.0
52.41336947572815,12.760151939759037,0.0
52.41336947572815,12.760294554216868,0.0
52.41336947572815,12.760437168674699,0.00014889794140039107
52.41336947572815,12.760579783132531,0.0010744892164507264
52.41336947572815,12.760722397590362,0.0019459076806643306
52.41336947572815,12.760865012048193,0.002769153664328238
52.41336947572815,12.761007626506025,0.0035334400064000017
52.41336947572815,12.761150240963856,0.004254226051636329
52.41336947572815,12.761292855421688,0.004910523944261192
52.41336947572815,12.761435469879519,0.0055095415151048075
52.41336947572815,12.76157808433735,0.006052208714727161
52.41336947572815,12.761720698795182,0.0065416853901139604
52.41336947572815,12.761863313253013,0.006965253829654034
52.41336947572815,12.762005927710844,0.007328205769776381
52.41336947572815,12.762148542168676,0.007632073931360126
52.41336947572815,12.762291156626507,0.00788320077946238
52.41336947572815,12.762433771084337,0.008072797797099015
52.41336947572815,12.76257638554217,0.00819899344237166
52.41336947572815,12.762719,0.008257217850151544
52.41346221359223,12.750882,0.0
52.41346221359223,12.751024614457831,0.0
52.41346221359223,12.751167228915664,0.0
52.41346221359223,12.751309843373495,0.0
52.41346221359223,12.751452457831325,0.0
52.41346221359223,12.751595072289158,0.0
52.41346221359223,12.751737686746988,0.0
52.41346221359223,12.75188030120482,0.0
52.41346221359223,12.752022915662652,0.0
52.41346221359223,12.752165530120482,0.0
52.41346221359223,12.752308144578313,0.0
52.41346221359223,12.752450759036146,0.0
52.41346221359223,12.752593373493976,0.0
52.41346221359223,12.752735987951809,0.0
52.41346221359223,12.75287860240964,0.0
52.41346221359223,12.75302121686747,0.0
52.41346221359223,12.753163831325303,0.0
52.41346221359223,12.753306445783133,0.0
52.41346221359223,12.753449060240964,0.0
52.41346221359223,12.753591674698797,0.0
52.41346221359223,12.753734289156627,0.0
52.41346221359223,12.753876903614458,0.0
52.41346221359223,12.75401951807229,0.0
52.41346221359223,12.754162132530121,0.0
52.41346221359223,12.754304746987952,0.0
52.41346221359223,12.754447361445784,0.0
52.41346221359223,12.754589975903615,0.0
52.41346221359223,12.754732590361446,0.0
52.41346221359223,12.754875204819278,0.0
52.41346221359223,12.755017819277109,0.0
52.41346221359223,12.75516043373494,0.0
52.41346221359223,12.755303048192772,0.0
52.41346221359223,12.755445662650603,0.0
52.41346221359223,12.755588277108435,0.0
52.41346221359223,12.755730891566266,0.0
52.41346221359223,12.755873506024097,0.0
52.41346221359223,12.75601612048193,0.0
52.41346221359223,12.75615873493976,0.0
52.41346221359223,12.75630134939759,0.0
52.41346221359223,12.756443963855423,0.0
52.41346221359223,12.756586578313254,0.0
52.41346221359223,12.756729192771084,0.0
52.41346221359223,12.756871807228917,0.0
52.41346221359223,12.757014421686748,0.0
52.41346221359223,12.757157036144578,0.0
52.41346221359223,12.75729965060241,0.0
52.41346221359223,12.757442265060241,0.0
52.41346221359223,12.757584879518072,0.0
52.41346221359223,12.757727493975905,0.0
52.41346221359223,12.757870108433735,0.0
52.41346221359223,12.758012722891566,0.0
52.41346221359223,12.758155337349399,0.0
52.41346221359223,12.75829795180723,0.0
52.41346221359223,12.758440566265062,0.0
52.41346221359223,12.758583180722892,0.0
52.41346221359223,12.758725795180723,0.0
52.41346221359223,12.758868409638556,0.0
52.41346221359223,12.759011024096386,0.0
52.41346221359223,12.759153638554217,0.0
52.41346221359223,12.75929625301205,0.0
52.41346221359223,12.75943886746988,0.0
52.41346221359223,12.759581481927711,0.0
52.41346221359223,12.759724096385543,0.0
52.41346221359223,12.759866710843374,0.0
52.41346221359223,12.760009325301205,0.0
52.41346221359223,12.760151939759037,0.0
52.41346221359223,12.760294554216868,0.0
52.41346221359223,12.760437168674699,0.00018554087559974168
52.41346221359223,12.760579783132531,0.0011109003500002635
52.41346221359223,12.760722397590362,0.001982104700788679
52.41346221359223,12.760865012048193,0.0028051376953668293
52.41346221359223,12.761007626506025,0.0035692351539047687
52.41346221359223,12.761150240963856,0.004289826240865514
52.41346221359223,12.761292855421688,0.004945954515036486
52.41346221359223,12.761435469879519,0.0055448231703334756
52.41346221359223,12.76157808433735,0.006087357144184428
52.41346221359223,12.761720698795182,0.006576703683316457
52.41346221359223,12.761863313253013,0.007000163955225119
52.41346221359223,12.762005927710844,0.007363026631864207
52.41346221359223,12.762148542168676,0.0076668184461254835
52.41346221359223,12.762291156626507,0.007917883667404063
52.41346221359223,12.762433771084337,0.00810743002805167
52.41346221359223,12.76257638554217,0.008233587183476256
52.41346221359223,12.762719,0.008291801613678599
52.41355495145631,12.750882,0.0
52.41355495145631,12.751024614457831,0.0
52.41355495145631,12.751167228915664,0.0
52.41355495145631,12.751309843373495,0.0
52.41355495145631,12.751452457831325,0.0
52.41355495145631,12.751595072289158,0.0
52.41355495145631,12.751737686746988,0.0
52.41355495145631,12.75188030120482,0.0
52.41355495145631,12.752022915662652,0.0
52.41355495145631,12.752165530120482,0.0
52.41355495145631,12.752308144578313,0.0
52.41355495145631,12.752450759036146,0.0
52.41355495145631,12.752593373493976,0.0
52.41355495145631,12.752735987951809,0.0
52.41355495145631,12.75287860240964,0.0
52.41355495145631,12.75302121686747,0.0
52.41355495145631,12.753163831325303,0.0
52.41355495145631,12.753306445783133,0.0
52.41355495145631,12.753449060240964,0.0
52.41355495145631,12.753591674698797,0.0
52.41355495145631,12.753734289156627,0.0
52.41355495145631,12.753876903614458,0.0
52.41355495145631,12.75401951807229,0.0
52.41355495145631,12.754162132530121,0.0
52.41355495145631,12.754304746987952,0.0
52.41355495145631,12.754447361445784,0.0
52.41355495145631,12.754589975903615,0.0
52.41355495145631,12.754732590361446,0.0
52.41355495145631,12.754875204819278,0.0
52.41355495145631,12.755017819277109,0.0
52.41355495145631,12.75516043373494,0.0
52.41355495145631,12.755303048192772,0.0
52.41355495145631,12.755445662650603,0.0
52.41355495145631,12.755588277108435,0.0
52.41355495145631,12.755730891566266,0.0
52.41355495145631,12.755873506024097,0.0
52.41355495145631,12.75601612048193,0.0
52.41355495145631,12.75615873493976,0.0
52.41355495145631,12.75630134939759,0.0
52.41355495145631,12.756443963855423,0.0
52.41355495145631,12.756586578313254,0.0
52.41355495145631,12.756729192771084,0.0
52.41355495145631,12.756871807228917,0.0
52.41355495145631,12.757014421686748,0.0
52.41355495145631,12.757157036144578,0.0
52.41355495145631,12.75729965060241,0.0
52.41355495145631,12.757442265060241,0.0
52.41355495145631,12.757584879518072,0.0
52.41355495145631,12.757727493975905,0.0
52.41355495145631,12.757870108433735,0.0
52.41355495145631,12.758012722891566,0.0
52.41355495145631,12.758155337349399,0.0
52.41355495145631,12.75829795180723,0.0
52.41355495145631,12.758440566265062,0.0
52.41355495145631,12.758583180722892,0.0
52.41355495145631,12.758725795180723,0.0
52.41355495145631,12.758868409638556,0.0
52.41355495145631,12.759011024096386,0.0
52.41355495145631,12.759153638554217,0.0
52.41355495145631,12.75929625301205,0.0
52.41355495145631,12.75943886746988,0.0
52.41355495145631,12.759581481927711,0.0
52.41355495145631,12.759724096385543,0.0
52.41355495145631,12.759866710843374,0.0
52.41355495145631,12.760009325301205,0.0
52.41355495145631,12.760151939759037,0.0
52.41355495145631,12.760294554216868,0.0
52.41355495145631,12.760437168674699,0.00022898197798455582
52.41355495145631,12.760579783132531,0.0011540472830150561
52.41355495145631,12.760722397590362,0.002024979673686412
52.41355495145631,12.760865012048193,0.0028477417798174866
52.41355495145631,12.761007626506025,0.0036115990704451697
52.41355495145631,12.761150240963856,0.00433194141483832
52.41355495145631,12.761292855421688,0.00498785357655508
52.41355495145631,12.761435469879519,0.005586532952577934
52.41355495145631,12.76157808433735,0.006128897421562059
52.41355495145631,12.761720698795182,0.006618078009007887
52.41355495145631,12.761863313253013,0.007041400588424949
52.41355495145631,12.762005927710844,0.007404149802755958
52.41355495145631,12.762148542168676,0.007707844689188691
52.41355495145631,12.762291156626507,0.007958831546265956
52.41355495145631,12.762433771084337,0.008148313246414539
52.41355495145631,12.76257638554217,0.0082744211462062
52.41355495145631,12.762719,0.00833262344903661
52.41364768932039,12.750882,0.0
52.41364768932039,12.751024614457831,0.0
52.41364768932039,12.751167228915664,0.0
52.41364768932039,12.751309843373495,0.0
52.41364768932039,12.751452457831325,0.0
52.41364768932039,12.751595072289158,0.0
52.41364768932039,12.751737686746988,0.0
52.41364768932039,12.75188030120482,0.0
52.41364768932039,12.752022915662652,0.0
52.41364768932039,12.752165530120482,0.0
52.41364768932039,12.752308144578313,0.0
52.41364768932039,12.752450759036146,0.0
52.41364768932039,12.752593373493976,0.0
52.41364768932039,12.752735987951809,0.0
52.41364768932039,12.75287860240964,0.0
52.41364768932039,12.75302121686747,0.0
52.41364768932039,12.753163831325303,0.0
52.41364768932039,12.753306445783133,0.0
52.41364768932039,12.753449060240964,0.0
52.41364768932039,12.753591674698797,0.0
52.41364768932039,12.753734289156627,0.0
52.41364768932039,12.753876903614458,0.0
52.41364768932039,12.75401951807229,0.0
52.41364768932039,12.754162132530121,0.0
52.41364768932039,12.754304746987952,0.0
52.41364768932039,12.754447361445784,0.0
52.41364768932039,12.754589975903615,0.0
52.41364768932039,12.754732590361446,0.0
52.41364768932039,12.754875204819278,0.0
52.41364768932039,12.755017819277109,0.0
52.41364768932039,12.75516043373494,0.0
52.41364768932039,12.755303048192772,0.0
52.41364768932039,12.755445662650603,0.0
52.41364768932039,12.755588277108435,0.0
52.41364768932039,12.755730891566266,0.0
52.41364768932039,12.755873506024097,0.0
52.41364768932039,12.75601612048193,0.0
52.41364768932039,12.75615873493976,0.0
52.41364768932039,12.75630134939759,0.0
52.41364768932039,12.756443963855423,0.0
52.41364768932039,12.756586578313254,0.0
52.41364768932039,12.756729192771084,0.0
52.41364768932039,12.756871807228917,0.0
52.41364768932039,12.757014421686748,0.0
52.41364768932039,12.757157036144578,0.0
52.41364768932039,12.75729965060241,0.0
52.41364768932039,12.757442265060241,0.0
52.41364768932039,12.757584879518072,0.0
52.41364768932039,12.757727493975905,0.0
52.41364768932039,12.757870108433735,0.0
52.41364768932039,12.758012722891566,0.0
52.41364768932039,12.758155337349399,0.0
52.41364768932039,12.75829795180723,0.0
52.41364768932039,12.758440566265062,0.0
52.41364768932039,12.758583180722892,0.0
52.41364768932039,12.758725795180723,0.0
52.41364768932039,12.758868409638556,0.0
52.41364768932039,12.759011024096386,0.0
52.41364768932039,12.759153638554217,0.0
52.41364768932039,12.75929625301205,0.0
52.41364768932039,12.75943886746988,0.0
52.41364768932039,12.759581481927711,0.0
52.41364768932039,12.759724096385543,0.0
52.41364768932039,12.759866710843374,0.0
52.41364768932039,12.760009325301205,0.0
52.41364768932039,12.760151939759037,0.0
52.41364768932039,12.760294554216868,0.0
52.41364768932039,12.760437168674699,0.00028288541695024785
52.41364768932039,12.760579783132531,0.001207561941196126
52.41364768932039,12.760722397590362,0.002078134723069315
52.41364768932039,12.760865012048193,0.0029005393769076606
52.41364768932039,12.761007626506025,0.003664079576555468
52.41364768932039,12.761150240963856,0.004384094880352725
52.41364768932039,12.761292855421688,0.005039722398677195
52.41364768932039,12.761435469879519,0.0056381517134395116
52.41364768932039,12.76157808433735,0.006180292166026316
52.41364768932039,12.761720698795182,0.006669254402537612
52.41364768932039,12.761863313253013,0.0070923954531172655
52.41364768932039,12.762005927710844,0.007454995070562702
52.41364768932039,12.762148542168676,0.007758562089081442
52.41364768932039,12.762291156626507,0.008009445355896618
52.41364768932039,12.762433771084337,0.00819884232466091
52.41364768932039,12.76257638554217,0.008324885760750684
52.41364768932039,12.762719,0.008383070926331816
52.413740427184464,12.750882,0.0
52.413740427184464,12.751024614457831,0.0
52.413740427184464,12.751167228915664,0.0
52.413740427184464,12.751309843373495,0.0
52.413740427184464,12.751452457831325,0.0
52.413740427184464,12.751595072289158,0.0
52.413740427184464,12.751737686746988,0.0
52.413740427184464,12.75188030120482,0.0
52.413740427184464,12.752022915662652,0.0
52.413740427184464,12.752165530120482,0.0
52.413740427184464,12.752308144578313,0.0
52.413740427184464,12.752450759036146,0.0
52.413740427184464,12.752593373493976,0.0
52.413740427184464,12.752735987951809,0.0
52.413740427184464,12.75287860240964,0.0
52.413740427184464,12.75302121686747,0.0
52.413740427184464,12.753163831325303,0.0
52.413740427184464,12.753306445783133,0.0
52.413740427184464,12.753449060240964,0.0
52.413740427184464,12.753591674698797,0.0
52.413740427184464,12.753734289156627,0.0
52.413740427184464,12.753876903614458,0.0
52.413740427184464,12.75401951807229,0.0
52.413740427184464,12.754162132530121,0.0
52.413740427184464,12.754304746987952,0.0
52.413740427184464,12.754447361445784,0.0
52.413740427184464,12.754589975903615,0.0
52.413740427184464,12.754732590361446,0.0
52.413740427184464,12.754875204819278,0.0
52.413740427184464,12.755017819277109,0.0
52.413740427184464,12.75516043373494,0.0
52.413740427184464,12.755303048192772,0.0
52.413740427184464,12.755445662650603,0.0
52.413740427184464,12.755588277108435,0.0
52.413740427184464,12.755730891566266,0.0
52.413740427184464,12.755873506024097,0.0
52.413740427184464,12.75601612048193,0.0
52.413740427184464,12.75615873493976,0.0
52.413740427184464,12.75630134939759,0.0
52.413740427184464,12.756443963855423,0.0
52.413740427184464,12.756586578313254,0.0
52.413740427184464,12.756729192771084,0.0
52.413740427184464,12.756871807228917,0.0
52.413740427184464,12.757014421686748,0.0
52.413740427184464,12.757157036144578,0.0
52.413740427184464,12.75729965060241,0.0
52.413740427184464,12.757442265060241,0.0
52.413740427184464,12.757584879518072,0.0
52.413740427184464,12.757727493975905,0.0
52.413740427184464,12.757870108433735,0.0
52.413740427184464,12.758012722891566,0.0
52.413740427184464,12.758155337349399,0.0
52.413740427184464,12.75829795180723,0.0
52.413740427184464,12.758440566265062,0.0
52.413740427184464,12.758583180722892,0.0
52.413740427184464,12.758725795180723,0.0
52.413740427184464,12.758868409638556,0.0
52.413740427184464,12.759011024096386,0.0
52.413740427184464,12.759153638554217,0.0
52.413740427184464,12.75929625301205,0.0
52.413740427184464,12.75943886746988,0.0
52.413740427184464,12.759581481927711,0.0
52.413740427184464,12.759724096385543,0.0
52.413740427184464,12.759866710843374,0.0
52.413740427184464,12.760009325301205,0.0
52.413740427184464,12.760151939759037,0.0
52.413740427184464,12.760294554216868,0.0
52.413740427184464,12.760437168674699,0.0003434870559244855
52.413740427184464,12.760579783132531,0.0012677424734171309
52.413740427184464,12.760722397590362,0.0021379266050243623
52.413740427184464,12.760865012048193,0.002959942608933588
52.413740427184464,12.761007626506025,0.0037231396514208794
52.413740427184464,12.761150240963856,0.004442797742542742
52.413740427184464,12.761292855421688,0.005098115549090511
52.413740427184464,12.761435469879519,0.005696274313094945
52.413740427184464,12.76157808433735,0.006238172513903857
52.413740427184464,12.761720698795182,0.0067268966366057755
52.413740427184464,12.761863313253013,0.007149840642767376
52.413740427184464,12.762005927710844,0.0075122784386715945
52.413740427184464,12.762148542168676,0.007815707051885203
52.413740427184464,12.762291156626507,0.00806647831963106
52.413740427184464,12.762433771084337,0.008255782359407632
52.413740427184464,12.76257638554217,0.008381754402514728
52.413740427184464,12.762719,0.008439922354687004
52.413833165048544,12.750882,0.0
52.413833165048544,12.751024614457831,0.0
52.413833165048544,12.751167228915664,0.0
52.413833165048544,12.751309843373495,0.0
52.413833165048544,12.751452457831325,0.0
52.413833165048544,12.751595072289158,0.0
52.413833165048544,12.751737686746988,0.0
52.413833165048544,12.75188030120482,0.0
52.413833165048544,12.752022915662652,0.0
52.413833165048544,12.752165530120482,0.0
52.413833165048544,12.752308144578313,0.0
52.413833165048544,12.752450759036146,0.0
52.413833165048544,12.752593373493976,0.0
52.413833165048544,12.752735987951809,0.0
52.413833165048544,12.75287860240964,0.0
52.413833165048544,12.75302121686747,0.0
52.413833165048544,12.753163831325303,0.0
52.413833165048544,12.753306445783133,0.0
52.413833165048544,12.753449060240964,0.0
52.413833165048544,12.753591674698797,0.0
52.413833165048544,12.753734289156627,0.0
52.413833165048544,12.753876903614458,0.0
52.413833165048544,12.75401951807229,0.0
52.413833165048544,12.754162132530121,0.0
52.413833165048544,12.754304746987952,0.0
52.413833165048544,12.754447361445784,0.0
52.413833165048544,12.754589975903615,0.0
52.413833165048544,12.754732590361446,0.0
52.413833165048544,12.754875204819278,0.0
52.413833165048544,12.755017819277109,0.0
52.413833165048544,12.75516043373494,0.0
52.413833165048544,12.755303048192772,0.0
52.413833165048544,12.755445662650603,0.0
52.413833165048544,12.755588277108435,0.0
52.413833165048544,12.755730891566266,0.0
52.413833165048544,12.755873506024097,0.0
52.413833165048544,12.75601612048193,0.0
52.413833165048544,12.75615873493976,0.0
52.413833165048544,12.75630134939759,0.0
52.413833165048544,12.756443963855423,0.0
52.413833165048544,12.756586578313254,0.0
52.413833165048544,12.756729192771084,0.0
52.413833165048544,12.756871807228917,0.0
52.413833165048544,12.757014421686748,0.0
52.413833165048544,12.757157036144578,0.0
52.413833165048544,12.75729965060241,0.0
52.413833165048544,12.757442265060241,0.0
52.413833165048544,12.757584879518072,0.0
52.413833165048544,12.757727493975905,0.0
52.413833165048544,12.757870108433735,0.0
52.413833165048544,12.758012722891566,0.0
52.413833165048544,12.758155337349399,0.0
52.413833165048544,12.75829795180723,0.0
52.413833165048544,12.758440566265062,0.0
52.413833165048544,12.758583180722892,0.0
52.413833165048544,12.758725795180723,0.0
52.413833165048544,12.758868409638556,0.0
52.413833165048544,12.759011024096386,0.0
52.413833165048544,12.759153638554217,0.0
52.413833165048544,12.75929625301205,0.0
52.413833165048544,12.75943886746988,0.0
52.413833165048544,12.759581481927711,0.0
52.413833165048544,12.759724096385543,0.0
52.413833165048544,12.759866710843374,0.0
52.413833165048544,12.760009325301205,0.0
52.413833165048544,12.760151939759037,0.0
52.413833165048544,12.760294554216868,0.0
52.413833165048544,12.760437168674699,0.0004168118903524042
52.413833165048544,12.760579783132531,0.0013405743312429224
52.413833165048544,12.760722397590362,0.0022103033284689225
52.413833165048544,12.760865012048193,0.0030318646025588006
52.413833165048544,12.761007626506025,0.0037946597937601016
52.413833165048544,12.761150240963856,0.0045138998030917355
52.413833165048544,12.761292855421688,0.005168855156524444
52.413833165048544,12.761435469879519,0.005766697279628023
52.413833165048544,12.76157808433735,0.0063083118757925934
52.413833165048544,12.761720698795182,0.006796757004001907
52.413833165048544,12.761863313253013,0.007219470553478163
52.413833165048544,12.762005927710844,0.007581719064268867
52.413833165048544,12.762148542168676,0.007884985435373764
52.413833165048544,12.762291156626507,0.008135625359434035
52.413833165048544,12.762433771084337,0.008324820735631408
52.413833165048544,12.76257638554217,0.008450709235901853
52.413833165048544,12.762719,0.008508856917860602
52.413925902912624,12.750882,0.0
52.413925902912624,12.751024614457831,0.0
52.413925902912624,12.751167228915664,0.0
52.413925902912624,12.751309843373495,0.0
52.413925902912624,12.751452457831325,0.0
52.413925902912624,12.751595072289158,0.0
52.413925902912624,12.751737686746988,0.0
52.413925902912624,12.75188030120482,0.0
52.413925902912624,12.752022915662652,0.0
52.413925902912624,12.752165530120482,0.0
52.413925902912624,12.752308144578313,0.0
52.413925902912624,12.752450759036146,0.0
52.413925902912624,12.752593373493976,0.0
52.413925902912624,12.752735987951809,0.0
52.413925902912624,12.75287860240964,0.0
52.413925902912624,12.75302121686747,0.0
52.413925902912624,12.753163831325303,0.0
52.413925902912624,12.753306445783133,0.0
52.413925902912624,12.753449060240964,0.0
52.413925902912624,12.753591674698797,0.0
52.413925902912624,12.753734289156627,0.0
52.413925902912624,12.753876903614458,0.0
52.413925902912624,12.75401951807229,0.0
52.413925902912624,12.754162132530121,0.0
52.413925902912624,12.754304746987952,0.0
52.413925902912624,12.754447361445784,0.0
52.413925902912624,12.754589975903615,0.0
52.413925902912624,12.754732590361446,0.0
52.413925902912624,12.754875204819278,0.0
52.413925902912624,12.755017819277109,0.0
52.413925902912624,12.75516043373494,0.0
52.413925902912624,12.755303048192772,0.0
52.413925902912624,12.755445662650603,0.0
52.413925902912624,12.755588277108435,0.0
52.413925902912624,12.755730891566266,0.0
52.413925902912624,12.755873506024097,0.0
52.413925902912624,12.75601612048193,0.0
52.413925902912624,12.75615873493976,0.0
52.413925902912624,12.75630134939759,0.0
52.413925902912624,12.756443963855423,0.0
52.413925902912624,12.756586578313254,0.0
52.413925902912624,12.756729192771084,0.0
52.413925902912624,12.756871807228917,0.0
52.413925902912624,12.757014421686748,0.0
52.413925902912624,12.757157036144578,0.0
52.413925902912624,12.75729965060241,0.0
52.413925902912624,12.757442265060241,0.0
52.413925902912624,12.757584879518072,0.0
52.413925902912624,12.757727493975905,0.0
52.413925902912624,12.757870108433735,0.0
52.413925902912624,12.758012722891566,0.0
52.413925902912624,12.758155337349399,0.0
52.413925902912624,12.75829795180723,0.0
52.413925902912624,12.758440566265062,0.0
52.413925902912624,12.758583180722892,0.0
52.413925902912624,12.758725795180723,0.0
52.413925902912624,12.758868409638556,0.0
52.413925902912624,12.759011024096386,0.0
52.413925902912624,12.759153638554217,0.0
52.413925902912624,12.75929625301205,0.0
52.413925902912624,12.75943886746988,0.0
52.413925902912624,12.759581481927711,0.0
52.413925902912624,12.759724096385543,0.0
52.413925902912624,12.759866710843374,0.0
52.413925902912624,12.760009325301205,0.0
52.413925902912624,12.760151939759037,0.0
52.413925902912624,12.760294554216868,0.0
52.413925902912624,12.760437168674699,0.0004982490505702998
52.413925902912624,12.760579783132531,0.0014214564038099505
52.413925902912624,12.760722397590362,0.002290673098554961
52.413925902912624,12.760865012048193,0.003111722010993726
52.413925902912624,12.761007626506025,0.0038740646204069038
52.413925902912624,12.761150240963856,0.004592833186540265
52.413925902912624,12.761292855421688,0.005247380302157828
52.413925902912624,12.761435469879519,0.005844866031989658
52.413925902912624,12.76157808433735,0.006386161333315077
52.413925902912624,12.761720698795182,0.006874292029994158
52.413925902912624,12.761863313253013,0.007296745997033761
52.413925902912624,12.762005927710844,0.007658781433145582
52.413925902912624,12.762148542168676,0.007961864915634156
52.413925902912624,12.762291156626507,0.008212356984550837
52.413925902912624,12.762433771084337,0.008401429834224698
52.413925902912624,12.76257638554217,0.008527224308412499
52.413925902912624,12.762719,0.008585349496062312
52.4140186407767,12.750882,0.0
52.4140186407767,12.751024614457831,0.0
52.4140186407767,12.751167228915664,0.0
52.4140186407767,12.751309843373495,0.0
52.4140186407767,12.751452457831325,0.0
52.4140186407767,12.751595072289158,0.0
52.4140186407767,12.751737686746988,0.0
52.4140186407767,12.75188030120482,0.0
52.4140186407767,12.752022915662652,0.0
52.4140186407767,12.752165530120482,0.0
52.4140186407767,12.752308144578313,0.0
52.4140186407767,12.752450759036146,0.0
52.4140186407767,12.752593373493976,0.0
52.4140186407767,12.752735987951809,0.0
52.4140186407767,12.75287860240964,0.0
52.4140186407767,12.75302121686747,0.0
52.4140186407767,12.753163831325303,0.0
52.4140186407767,12.753306445783133,0.0
52.4140186407767,12.753449060240964,0.0
52.4140186407767,12.753591674698797,0.0
52.4140186407767,12.753734289156627,0.0
52.4140186407767,12.753876903614458,0.0
52.4140186407767,12.75401951807229,0.0
52.4140186407767,12.754162132530121,0.0
52.4140186407767,12.754304746987952,0.0
52.4140186407767,12.754447361445784,0.0
52.4140186407767,12.754589975903615,0.0
52.4140186407767,12.754732590361446,0.0
52.4140186407767,12.754875204819278,0.0
52.4140186407767,12.755017819277109,0.0
52.4140186407767,12.75516043373494,0.0
52.4140186407767,12.755303048192772,0.0
52.4140186407767,12.755445662650603,0.0
52.4140186407767,12.755588277108435,0.0
52.4140186407767,12.755730891566266,0.0
52.4140186407767,12.755873506024097,0.0
52.4140186407767,12.75601612048193,0.0
52.4140186407767,12.75615873493976,0.0
52.4140186407767,12.75630134939759,0.0
52.4140186407767,12.756443963855423,0.0
52.4140186407767,12.756586578313254,0.0
52.4140186407767,12.756729192771084,0.0
52.4140186407767,12.756871807228917,0.0
52.4140186407767,12.757014421686748,0.0
52.4140186407767,12.757157036144578,0.0
52.4140186407767,12.75729965060241,0.0
52.4140186407767,12.757442265060241,0.0
52.4140186407767,12.757584879518072,0.0
52.4140186407767,12.757727493975905,0.0
52.4140186407767,12.757870108433735,0.0
52.4140186407767,12.758012722891566,0.0
52.4140186407767,12.758155337349399,0.0
52.4140186407767,12.75829795180723,0.0
52.4140186407767,12.758440566265062,0.0
52.4140186407767,12.758583180722892,0.0
52.4140186407767,12.758725795180723,0.0
52.4140186407767,12.758868409638556,0.0
52.4140186407767,12.759011024096386,0.0
52.4140186407767,12.759153638554217,0.0
52.4140186407767,12.75929625301205,0.0
52.4140186407767,12.75943886746988,0.0
52.4140186407767,12.759581481927711,0.0
52.4140186407767,12.759724096385543,0.0
52.4140186407767,12.759866710843374,0.0
52.4140186407767,12.760009325301205,0.0
52.4140186407767,12.760151939759037,0.0
52.4140186407767,12.760294554216868,0.0
52.4140186407767,12.760437168674699,0.0005920739041021311
52.4140186407767,12.760579783132531,0.0015146408512487497
52.4140186407767,12.760722397590362,0.0023832662701893763
52.4140186407767,12.760865012048193,0.00320372439269875
52.4140186407767,12.761007626506025,0.003965544803226257
52.4140186407767,12.761150240963856,0.004683770995319995
52.4140186407767,12.761292855421688,0.0053378472631836
52.4140186407767,12.761435469879519,0.00593492156131729
52.4140186407767,12.76157808433735,0.006475848449482504
52.4140186407767,12.761720698795182,0.006963617304451208
52.4140186407767,12.761863313253013,0.007385771649243229
52.4140186407767,12.762005927710844,0.007747560769986473
52.4140186407767,12.762148542168676,0.0080504333687034
52.4140186407767,12.762291156626507,0.008300754866281655
52.4140186407767,12.762433771084337,0.008489686759378359
52.4140186407767,12.76257638554217,0.008615373149668912
52.4140186407767,12.762719,0.008673471615696822
52.414111378640776,12.750882,0.0
52.414111378640776,12.751024614457831,0.0
52.414111378640776,12.751167228915664,0.0
52.414111378640776,12.751309843373495,0.0
52.414111378640776,12.751452457831325,0.0
52.414111378640776,12.751595072289158,0.0
52.414111378640776,12.751737686746988,0.0
52.414111378640776,12.75188030120482,0.0
52.414111378640776,12.752022915662652,0.0
52.414111378640776,12.752165530120482,0.0
52.414111378640776,12.752308144578313,0.0
52.414111378640776,12.752450759036146,0.0
52.414111378640776,12.752593373493976,0.0
52.414111378640776,12.752735987951809,0.0
52.414111378640776,12.75287860240964,0.0
52.414111378640776,12.75302121686747,0.0
52.414111378640776,12.753163831325303,0.0
52.414111378640776,12.753306445783133,0.0
52.414111378640776,12.753449060240964,0.0
52.414111378640776,12.753591674698797,0.0
52.414111378640776,12.753734289156627,0.0
52.414111378640776,12.753876903614458,0.0
52.414111378640776,12.75401951807229,0.0
52.414111378640776,12.754162132530121,0.0
52.414111378640776,12.754304746987952,0.0
52.414111378640776,12.754447361445784,0.0
52.414111378640776,12.754589975903615,0.0
52.414111378640776,12.754732590361446,0.0
52.414111378640776,12.754875204819278,0.0
52.414111378640776,12.755017819277109,0.0
52.414111378640776,12.75516043373494,0.0
52.414111378640776,12.755303048192772,0.0
52.414111378640776,12.755445662650603,0.0
52.414111378640776,12.755588277108435,0.0
52.414111378640776,12.755730891566266,0.0
52.414111378640776,12.755873506024097,0.0
52.414111378640776,12.75601612048193,0.0
52.414111378640776,12.75615873493976,0.0
52.414111378640776,12.75630134939759,0.0
52.414111378640776,12.756443963855423,0.0
52.414111378640776,12.756586578313254,0.0
52.414111378640776,12.756729192771084,0.0
52.414111378640776,12.756871807228917,0.0
52.414111378640776,12.757014421686748,0.0
52.414111378640776,12.757157036144578,0.0
52.414111378640776,12.75729965060241,0.0
52.414111378640776,12.757442265060241,0.0
52.414111378640776,12.757584879518072,0.0
52.414111378640776,12.757727493975905,0.0
52.414111378640776,12.757870108433735,0.0
52.414111378640776,12.758012722891566,0.0
52.414111378640776,12.758155337349399,0.0
52.414111378640776,12.75829795180723,0.0
52.414111378640776,12.758440566265062,0.0
52.414111378640776,12.758583180722892,0.0
52.414111378640776,12.758725795180723,0.0
52.414111378640776,12.758868409638556,0.0
52.414111378640776,12.759011024096386,0.0
52.414111378640776,12.759153638554217,0.0
52.414111378640776,12.75929625301205,0.0
52.414111378640776,12.75943886746988,0.0
52.414111378640776,12.759581481927711,0.0
52.414111378640776,12.759724096385543,0.0
52.414111378640776,12.759866710843374,0.0
52.414111378640776,12.760009325301205,0.0
52.414111378640776,12.760151939759037,0.0
52.414111378640776,12.760294554216868,0.0
52.414111378640776,12.760437168674699,0.000698009669894784
52.414111378640776,12.760579783132531,0.0016198260460910951
52.414111378640776,12.760722397590362,0.002487757554598598
52.414111378640776,12.760865012048193,0.0033075245550805545
52.414111378640776,12.761007626506025,0.004068732619490493
52.414111378640776,12.761150240963856,0.004786326278443019
52.414111378640776,12.761292855421688,0.005439852013470631
52.414111378640776,12.761435469879519,0.006036443685789365
52.414111378640776,12.76157808433735,0.006576937923450592
52.414111378640776,12.761720698795182,0.007064284407467461
52.414111378640776,12.761863313253013,0.007486087813353492
52.414111378640776,12.762005927710844,0.00784758807023769
52.414111378640776,12.762148542168676,0.008150213561424216
52.414111378640776,12.762291156626507,0.008400334802378992
52.414111378640776,12.762433771084337,0.00858910263440585
52.414111378640776,12.76257638554217,0.008714663971443264
52.414111378640776,12.762719,0.008772729866899028
52.414204116504855,12.750882,0.0
52.414204116504855,12.751024614457831,0.0
52.414204116504855,12.751167228915664,0.0
52.414204116504855,12.751309843373495,0.0
52.414204116504855,12.751452457831325,0.0
52.414204116504855,12.751595072289158,0.0
52.414204116504855,12.751737686746988,0.0
52.414204116504855,12.75188030120482,0.0
52.414204116504855,12.752022915662652,0.0
52.414204116504855,12.752165530120482,0.0
52.414204116504855,12.752308144578313,0.0
52.414204116504855,12.752450759036146,0.0
52.414204116504855,12.752593373493976,0.0
52.414204116504855,12.752735987951809,0.0
52.414204116504855,12.75287860240964,0.0
52.414204116504855,12.75302121686747,0.0
52.414204116504855,12.753163831325303,0.0
52.414204116504855,12.753306445783133,0.0
52.414204116504855,12.753449060240964,0.0
52.414204116504855,12.753591674698797,0.0
52.414204116504855,12.753734289156627,0.0
52.414204116504855,12.753876903614458,0.0
52.414204116504855,12.75401951807229,0.0
52.414204116504855,12.754162132530121,0.0
52.414204116504855,12.754304746987952,0.0
52.414204116504855,12.754447361445784,0.0
52.414204116504855,12.754589975903615,0.0
52.414204116504855,12.754732590361446,0.0
52.414204116504855,12.754875204819278,0.0
52.414204116504855,12.755017819277109,0.0
52.414204116504855,12.75516043373494,0.0
52.414204116504855,12.755303048192772,0.0
52.414204116504855,12.755445662650603,0.0
52.414204116504855,12.755588277108435,0.0
52.414204116504855,12.755730891566266,0.0
52.414204116504855,12.755873506024097,0.0
52.414204116504855,12.75601612048193,0.0
52.414204116504855,12.75615873493976,0.0
52.414204116504855,12.75630134939759,0.0
52.414204116504855,12.756443963855423,0.0
52.414204116504855,12.756586578313254,0.0
52.414204116504855,12.756729192771084,0.0
52.414204116504855,12.756871807228917,0.0
52.414204116504855,12.757014421686748,0.0
52.414204116504855,12.757157036144578,0.0
52.414204116504855,12.75729965060241,0.0
52.414204116504855,12.757442265060241,0.0
52.414204116504855,12.757584879518072,0.0
52.414204116504855,12.757727493975905,0.0
52.414204116504855,12.757870108433735,0.0
52.414204116504855,12.758012722891566,0.0
52.414204116504855,12.758155337349399,0.0
52.414204116504855,12.75829795180723,0.0
52.414204116504855,12.758440566265062,0.0
52.414204116504855,12.758583180722892,0.0
52.414204116504855,12.758725795180723,0.0
52.414204116504855,12.758868409638556,0.0
52.414204116504855,12.759011024096386,0.0
52.414204116504855,12.759153638554217,0.0
52.414204116504855,12.75929625301205,0.0
52.414204116504855,12.75943886746988,0.0
52.414204116504855,12.759581481927711,0.0
52.414204116504855,12.759724096385543,0.0
52.414204116504855,12.759866710843374,0.0
52.414204116504855,12.760009325301205,0.0
52.414204116504855,12.760151939759037,0.0
52.414204116504855,12.760294554216868,0.0
52.414204116504855,12.760437168674699,0.0008174740230011473
52.414204116504855,12.760579783132531,0.0017384517457432016
52.414204116504855,12.760722397590362,0.002605607236514842
52.414204116504855,12.760865012048193,0.003424602847334589
52.414204116504855,12.761007626506025,0.004185125953320711
52.414204116504855,12.761150240963856,0.004902014183683462
52.414204116504855,12.761292855421688,0.005554924772090112
52.414204116504855,12.761435469879519,0.006150976847514561
52.414204116504855,12.76157808433735,0.006690987636756057
52.414204116504855,12.761720698795182,0.007177862804006326
52.414204116504855,12.761863313253013,0.007599274435425275
52.414204116504855,12.762005927710844,0.00796045168393152
52.414204116504855,12.762148542168676,0.00826280065459012
52.414204116504855,12.762291156626507,0.008512698552587024
52.414204116504855,12.762433771084337,0.00870128317468774
52.414204116504855,12.76257638554217,0.008826705257461707
52.414204116504855,12.762719,0.008884734784221485
52.414296854368935,12.750882,0.0
52.414296854368935,12.751024614457831,0.0
52.414296854368935,12.751167228915664,0.0
52.414296854368935,12.751309843373495,0.0
52.414296854368935,12.751452457831325,0.0
52.414296854368935,12.751595072289158,0.0
52.414296854368935,12.751737686746988,0.0
52.414296854368935,12.75188030120482,0.0
52.414296854368935,12.752022915662652,0.0
52.414296854368935,12.752165530120482,0.0
52.414296854368935,12.752308144578313,0.0
52.414296854368935,12.752450759036146,0.0
52.414296854368935,12.752593373493976,0.0
52.414296854368935,12.752735987951809,0.0
52.414296854368935,12.75287860240964,0.0
52.414296854368935,12.75302121686747,0.0
52.414296854368935,12.753163831325303,0.0
52.414296854368935,12.753306445783133,0.0
52.414296854368935,12.753449060240964,0.0
52.414296854368935,12.753591674698797,0.0
52.414296854368935,12.753734289156627,0.0
52.414296854368935,12.753876903614458,0.0
52.414296854368935,12.75401951807229,0.0
52.414296854368935,12.754162132530121,0.0
52.414296854368935,12.754304746987952,0.0
52.414296854368935,12.754447361445784,0.0
52.414296854368935,12.754589975903615,0.0
52.414296854368935,12.754732590361446,0.0
52.414296854368935,12.754875204819278,0.0
52.414296854368935,12.755017819277109,0.0
52.414296854368935,12.75516043373494,0.0
52.414296854368935,12.755303048192772,0.0
52.414296854368935,12.755445662650603,0.0
52.414296854368935,12.755588277108435,0.0
52.414296854368935,12.755730891566266,0.0
52.414296854368935,12.755873506024097,0.0
52.414296854368935,12.75601612048193,0.0
52.414296854368935,12.75615873493976,0.0
52.414296854368935,12.75630134939759,0.0
52.414296854368935,12.756443963855423,0.0
52.414296854368935,12.756586578313254,0.0
52.414296854368935,12.756729192771084,0.0
52.414296854368935,12.756871807228917,0.0
52.414296854368935,12.757014421686748,0.0
52.414296854368935,12.757157036144578,0.0
52.414296854368935,12.75729965060241,0.0
52.414296854368935,12.757442265060241,0.0
52.414296854368935,12.757584879518072,0.0
52.414296854368935,12.757727493975905,0.0
52.414296854368935,12.757870108433735,0.0
52.414296854368935,12.758012722891566,0.0
52.414296854368935,12.758155337349399,0.0
52.414296854368935,12.75829795180723,0.0
52.414296854368935,12.758440566265062,0.0
52.414296854368935,12.758583180722892,0.0
52.414296854368935,12.758725795180723,0.0
52.414296854368935,12.758868409638556,0.0
52.414296854368935,12.759011024096386,0.0
52.414296854368935,12.759153638554217,0.0
52.414296854368935,12.75929625301205,0.0
52.414296854368935,12.75943886746988,0.0
52.414296854368935,12.759581481927711,0.0
52.414296854368935,12.759724096385543,0.0
52.414296854368935,12.759866710843374,0.0
52.414296854368935,12.760009325301205,0.0
52.414296854368935,12.760151939759037,0.0
52.414296854368935,12.760294554216868,0.0
52.414296854368935,12.760437168674699,0.0009502421414607212
52.414296854368935,12.760579783132531,0.001870324953509863
52.414296854368935,12.760722397590362,0.002736652909256114
52.414296854368935,12.760865012048193,0.0035548251140677138
52.414296854368935,12.761007626506025,0.004314618385718183
52.414296854368935,12.761150240963856,0.005030752418587231
52.414296854368935,12.761292855421688,0.005683006653839032
52.414296854368935,12.761435469879519,0.006278483426133319
52.414296854368935,12.76157808433735,0.006817978729293076
52.414296854368935,12.761720698795182,0.0073043503041463256
52.414296854368935,12.761863313253013,0.007725343717089881
52.414296854368935,12.762005927710844,0.008086176737711961
52.414296854368935,12.762148542168676,0.008388230800550485
52.414296854368935,12.762291156626507,0.008637890352191754
52.414296854368935,12.762433771084337,0.008826279231960336
52.414296854368935,12.76257638554217,0.008951552118615874
52.414296854368935,12.762719,0.00900954315019922
52.41438959223301,12.750882,0.0
52.41438959223301,12.751024614457831,0.0
52.41438959223301,12.751167228915664,0.0
52.41438959223301,12.751309843373495,0.0
52.41438959223301,12.751452457831325,0.0
52.41438959223301,12.751595072289158,0.0
52.41438959223301,12.751737686746988,0.0
52.41438959223301,12.75188030120482,0.0
52.41438959223301,12.752022915662652,0.0
52.41438959223301,12.752165530120482,0.0
52.41438959223301,12.752308144578313,0.0
52.41438959223301,12.752450759036146,0.0
52.41438959223301,12.752593373493976,0.0
52.41438959223301,12.752735987951809,0.0
52.41438959223301,12.75287860240964,0.0
52.41438959223301,12.75302121686747,0.0
52.41438959223301,12.753163831325303,0.0
52.41438959223301,12.753306445783133,0.0
52.41438959223301,12.753449060240964,0.0
52.41438959223301,12.753591674698797,0.0
52.41438959223301,12.753734289156627,0.0
52.41438959223301,12.753876903614458,0.0
52.41438959223301,12.75401951807229,0.0
52.41438959223301,12.754162132530121,0.0
52.41438959223301,12.754304746987952,0.0
52.41438959223301,12.754447361445784,0.0
52.41438959223301,12.754589975903615,0.0
52.41438959223301,12.754732590361446,0.0
52.41438959223301,12.754875204819278,0.0
52.41438959223301,12.755017819277109,0.0
52.41438959223301,12.75516043373494,0.0
52.41438959223301,12.755303048192772,0.0
52.41438959223301,12.755445662650603,0.0
52.41438959223301,12.755588277108435,0.0
52.41438959223301,12.755730891566266,0.0
52.41438959223301,12.755873506024097,0.0
52.41438959223301,12.75601612048193,0.0
52.41438959223301,12.75615873493976,0.0
52.41438959223301,12.75630134939759,0.0
52.41438959223301,12.756443963855423,0.0
52.41438959223301,12.756586578313254,0.0
52.41438959223301,12.756729192771084,0.0
52.41438959223301,12.756871807228917,0.0
52.41438959223301,12.757014421686748,0.0
52.41438959223301,12.757157036144578,0.0
52.41438959223301,12.75729965060241,0.0
52.41438959223301,12.757442265060241,0.0
52.41438959223301,12.757584879518072,0.0
52.41438959223301,12.757727493975905,0.0
52.41438959223301,12.757870108433735,0.0
52.41438959223301,12.758012722891566,0.0
52.41438959223301,12.758155337349399,0.0
52.41438959223301,12.75829795180723,0.0
52.41438959223301,12.758440566265062,0.0
52.41438959223301,12.758583180722892,0.0
52.41438959223301,12.758725795180723,0.0
52.41438959223301,12.758868409638556,0.0
52.41438959223301,12.759011024096386,0.0
52.41438959223301,12.759153638554217,0.0
52.41438959223301,12.75929625301205,0.0
52.41438959223301,12.75943886746988,0.0
52.41438959223301,12.759581481927711,0.0
52.41438959223301,12.759724096385543,0.0
52.41438959223301,12.759866710843374,0.0
52.41438959223301,12.760009325301205,0.0
52.41438959223301,12.760151939759037,0.0
52.41438959223301,12.760294554216868,0.00011190682108258706
52.41438959223301,12.760437168674699,0.0010866980099725528
52.41438959223301,12.760579783132531,0.0020057970238056494
52.41438959223301,12.760722397590362,0.002871214955721924
52.41438959223301,12.760865012048193,0.0036884822724021827
52.41438959223301,12.761007626506025,0.0044474722244409745
52.41438959223301,12.761150240963856,0.005162778572927159
52.41438959223301,12.761292855421688,0.005814311367058565
52.41438959223301,12.761435469879519,0.006409155112060716
52.41438959223301,12.76157808433735,0.006948083318532118
52.41438959223301,12.761720698795182,0.007433901990835767
52.41438959223301,12.761863313253013,0.007854435693267941
52.41438959223301,12.762005927710844,0.008214889932185453
52.41438959223301,12.762148542168676,0.00851661976022964
52.41438959223301,12.762291156626507,0.008766017473583635
52.41438959223301,12.762433771084337,0.00895419148425479
52.41438959223301,12.76257638554217,0.009079300782503921
52.41438959223301,12.762719,0.00913724887453913
52.41448233009709,12.750882,0.0
52.41448233009709,12.751024614457831,0.0
52.41448233009709,12.751167228915664,0.0
52.41448233009709,12.751309843373495,0.0
52.41448233009709,12.751452457831325,0.0
52.41448233009709,12.751595072289158,0.0
52.41448233009709,12.751737686746988,0.0
52.41448233009709,12.75188030120482,0.0
52.41448233009709,12.752022915662652,0.0
52.41448233009709,12.752165530120482,0.0
52.41448233009709,12.752308144578313,0.0
52.41448233009709,12.752450759036146,0.0
52.41448233009709,12.752593373493976,0.0
52.41448233009709,12.752735987951809,0.0
52.41448233009709,12.75287860240964,0.0
52.41448233009709,12.75302121686747,0.0
52.41448233009709,12.753163831325303,0.0
52.41448233009709,12.753306445783133,0.0
52.41448233009709,12.753449060240964,0.0
52.41448233009709,12.753591674698797,0.0
52.41448233009709,12.753734289156627,0.0
52.41448233009709,12.753876903614458,0.0
52.41448233009709,12.75401951807229,0.0
52.41448233009709,12.754162132530121,0.0
52.41448233009709,12.754304746987952,0.0
52.41448233009709,12.754447361445784,0.0
52.41448233009709,12.754589975903615,0.0
52.41448233009709,12.754732590361446,0.0
52.41448233009709,12.754875204819278,0.0
52.41448233009709,12.755017819277109,0.0
52.41448233009709,12.75516043373494,0.0
52.41448233009709,12.755303048192772,0.0
52.41448233009709,12.755445662650603,0.0
52.41448233009709,12.755588277108435,0.0
52.41448233009709,12.755730891566266,0.0
52.41448233009709,12.755873506024097,0.0
52.41448233009709,12.75601612048193,0.0
52.41448233009709,12.75615873493976,0.0
52.41448233009709,12.75630134939759,0.0
52.41448233009709,12.756443963855423,0.0
52.41448233009709,12.756586578313254,0.0
52.41448233009709,12.756729192771084,0.0
52.41448233009709,12.756871807228917,0.0
52.41448233009709,12.757014421686748,0.0
52.41448233009709,12.757157036144578,0.0
52.41448233009709,12.75729965060241,0.0
52.41448233009709,12.757442265060241,0.0
52.41448233009709,12.757584879518072,0.0
52.41448233009709,12.757727493975905,0.0
52.41448233009709,12.757870108433735,0.0
52.41448233009709,12.758012722891566,0.0
52.41448233009709,12.758155337349399,0.0
52.41448233009709,12.75829795180723,0.0
52.41448233009709,12.758440566265062,0.0
52.41448233009709,12.758583180722892,0.0
52.41448233009709,12.758725795180723,0.0
52.41448233009709,12.758868409638556,0.0
52.41448233009709,12.759011024096386,0.0
52.41448233009709,12.759153638554217,0.0
52.41448233009709,12.75929625301205,0.0
52.41448233009709,12.75943886746988,0.0
52.41448233009709,12.759581481927711,0.0
52.41448233009709,12.759724096385543,0.0
52.41448233009709,12.759866710843374,0.0
52.41448233009709,12.760009325301205,0.0
52.41448233009709,12.760151939759037,0.0
52.41448233009709,12.760294554216868,0.0002596078834699437
52.41448233009709,12.760437168674699,0.0012332800569340042
52.41448233009709,12.760579783132531,0.0021513227152926456
52.41448233009709,12.760722397590362,0.003015763289104502
52.41448233009709,12.760865012048193,0.0038320588029622242
52.41448233009709,12.761007626506025,0.004590186318618241
52.41448233009709,12.761150240963856,0.005304603884568576
52.41448233009709,12.761292855421688,0.0059553620032761125
52.41448233009709,12.761435469879519,0.006549526274284297
52.41448233009709,12.76157808433735,0.007087845437539613
52.41448233009709,12.761720698795182,0.007573070496517672
52.41448233009709,12.761863313253013,0.007993110919760012
52.41448233009709,12.762005927710844,0.008353158423615687
52.41448233009709,12.762148542168676,0.008654539998342656
52.41448233009709,12.762291156626507,0.008903656570234807
52.41448233009709,12.762433771084337,0.009091599982423948
52.41448233009709,12.76257638554217,0.009216533660825156
52.41448233009709,12.762719,0.009274435751049012
52.41457506796117,12.750882,0.0
52.41457506796117,12.751024614457831,0.0
52.41457506796117,12.751167228915664,0.0
52.41457506796117,12.751309843373495,0.0
52.41457506796117,12.751452457831325,0.0
52.41457506796117,12.751595072289158,0.0
52.41457506796117,12.751737686746988,0.0
52.41457506796117,12.75188030120482,0.0
52.41457506796117,12.752022915662652,0.0
52.41457506796117,12.752165530120482,0.0
52.41457506796117,12.752308144578313,0.0
52.41457506796117,12.752450759036146,0.0
52.41457506796117,12.752593373493976,0.0
52.41457506796117,12.752735987951809,0.0
52.41457506796117,12.75287860240964,0.0
52.41457506796117,12.75302121686747,0.0
52.41457506796117,12.753163831325303,0.0
52.41457506796117,12.753306445783133,0.0
52.41457506796117,12.753449060240964,0.0
52.41457506796117,12.753591674698797,0.0
52.41457506796117,12.753734289156627,0.0
52.41457506796117,12.753876903614458,0.0
52.41457506796117,12.75401951807229,0.0
52.41457506796117,12.754162132530121,0.0
52.41457506796117,12.754304746987952,0.0
52.41457506796117,12.754447361445784,0.0
52.41457506796117,12.754589975903615,0.0
52.41457506796117,12.754732590361446,0.0
52.41457506796117,12.754875204819278,0.0
52.41457506796117,12.755017819277109,0.0
52.41457506796117,12.75516043373494,0.0
52.41457506796117,12.755303048192772,0.0
52.41457506796117,12.755445662650603,0.0
52.41457506796117,12.755588277108435,0.0
52.41457506796117,12.755730891566266,0.0
52.41457506796117,12.755873506024097,0.0
52.41457506796117,12.75601612048193,0.0
52.41457506796117,12.75615873493976,0.0
52.41457506796117,12.75630134939759,0.0
52.41457506796117,12.756443963855423,0.0
52.41457506796117,12.756586578313254,0.0
52.41457506796117,12.756729192771084,0.0
52.41457506796117,12.756871807228917,0.0
52.41457506796117,12.757014421686748,0.0
52.41457506796117,12.757157036144578,0.0
52.41457506796117,12.75729965060241,0.0
52.41457506796117,12.757442265060241,0.0
52.41457506796117,12.757584879518072,0.0
52.41457506796117,12.757727493975905,0.0
52.41457506796117,12.757870108433735,0.0
52.41457506796117,12.758012722891566,0.0
52.41457506796117,12.758155337349399,0.0
52.41457506796117,12.75829795180723,0.0
52.41457506796117,12.758440566265062,0.0
52.41457506796117,12.758583180722892,0.0
52.41457506796117,12.758725795180723,0.0
52.41457506796117,12.758868409638556,0.0
52.41457506796117,12.759011024096386,0.0
52.41457506796117,12.759153638554217,0.0
52.41457506796117,12.75929625301205,0.0
52.41457506796117,12.75943886746988,0.0
52.41457506796117,12.759581481927711,0.0
52.41457506796117,12.759724096385543,0.0
52.41457506796117,12.759866710843374,0.0
52.41457506796117,12.760009325301205,0.0
52.41457506796117,12.760151939759037,0.0
52.41457506796117,12.760294554216868,0.00041612730676923075
52.41457506796117,12.760437168674699,0.0013886149951827997
52.41457506796117,12.760579783132531,0.0023055391609918307
52.41457506796117,12.760722397590362,0.003168945138115626
52.41457506796117,12.760865012048193,0.003984211969390122
52.41457506796117,12.761007626506025,0.004741426692702121
52.41457506796117,12.761150240963856,0.00545490261015553
52.41457506796117,12.761292855421688,0.006104840277620439
52.41457506796117,12.761435469879519,0.006698285339372933
52.41457506796117,12.76157808433735,0.007235959773885378
52.41457506796117,12.761720698795182,0.0077205560125911555
52.41457506796117,12.761863313253013,0.008140073844708136
52.41457506796117,12.762005927710844,0.00849969104112918
52.41457506796117,12.762148542168676,0.008800703862810488
52.41457506796117,12.762291156626507,0.009049522838729812
52.41457506796117,12.762433771084337,0.009237222115485163
52.41457506796117,12.76257638554217,0.009361969580025649
52.41457506796117,12.762719,0.009419822744081242
52.414667805825246,12.750882,0.0
52.414667805825246,12.751024614457831,0.0
52.414667805825246,12.751167228915664,0.0
52.414667805825246,12.751309843373495,0.0
52.414667805825246,12.751452457831325,0.0
52.414667805825246,12.751595072289158,0.0
52.414667805825246,12.751737686746988,0.0
52.414667805825246,12.75188030120482,0.0
52.414667805825246,12.752022915662652,0.0
52.414667805825246,12.752165530120482,0.0
52.414667805825246,12.752308144578313,0.0
52.414667805825246,12.752450759036146,0.0
52.414667805825246,12.752593373493976,0.0
52.414667805825246,12.752735987951809,0.0
52.414667805825246,12.75287860240964,0.0
52.414667805825246,12.75302121686747,0.0
52.414667805825246,12.753163831325303,0.0
52.414667805825246,12.753306445783133,0.0
52.414667805825246,12.753449060240964,0.0
52.414667805825246,12.753591674698797,0.0
52.414667805825246,12.753734289156627,0.0
52.414667805825246,12.753876903614458,0.0
52.414667805825246,12.75401951807229,0.0
52.414667805825246,12.754162132530121,0.0
52.414667805825246,12.754304746987952,0.0
52.414667805825246,12.754447361445784,0.0
52.414667805825246,12.754589975903615,0.0
52.414667805825246,12.754732590361446,0.0
52.414667805825246,12.754875204819278,0.0
52.414667805825246,12.755017819277109,0.0
52.414667805825246,12.75516043373494,0.0
52.414667805825246,12.755303048192772,0.0
52.414667805825246,12.755445662650603,0.0
52.414667805825246,12.755588277108435,0.0
52.414667805825246,12.755730891566266,0.0
52.414667805825246,12.755873506024097,0.0
52.414667805825246,12.75601612048193,0.0
52.414667805825246,12.75615873493976,0.0
52.414667805825246,12.75630134939759,0.0
52.414667805825246,12.756443963855423,0.0
52.414667805825246,12.756586578313254,0.0
52.414667805825246,12.756729192771084,0.0
52.414667805825246,12.756871807228917,0.0
52.414667805825246,12.757014421686748,0.0
52.414667805825246,12.757157036144578,0.0
52.414667805825246,12.75729965060241,0.0
52.414667805825246,12.757442265060241,0.0
52.414667805825246,12.757584879518072,0.0
52.414667805825246,12.757727493975905,0.0
52.414667805825246,12.757870108433735,0.0
52.414667805825246,12.758012722891566,0.0
52.414667805825246,12.758155337349399,0.0
52.414667805825246,12.75829795180723,0.0
52.414667805825246,12.758440566265062,0.0
52.414667805825246,12.758583180722892,0.0
52.414667805825246,12.758725795180723,0.0
52.414667805825246,12.758868409638556,0.0
52.414667805825246,12.759011024096386,0.0
52.414667805825246,12.759153638554217,0.0
52.414667805825246,12.75929625301205,0.0
52.414667805825246,12.75943886746988,0.0
52.414667805825246,12.759581481927711,0.0
52.414667805825246,12.759724096385543,0.0
52.414667805825246,12.759866710843374,0.0
52.414667805825246,12.760009325301205,0.0
52.414667805825246,12.760151939759037,0.0
52.414667805825246,12.760294554216868,0.000580181194491743
52.414667805825246,12.760437168674699,0.0015513672327264185
52.414667805825246,12.760579783132531,0.002467062786837469
52.414667805825246,12.760722397590362,0.0033293309507413608
52.414667805825246,12.760865012048193,0.004143468471746315
52.414667805825246,12.761007626506025,0.0048996795630446965
52.414667805825246,12.761150240963856,0.005612124030280668
52.414667805825246,12.761292855421688,0.0062611604869145555
52.414667805825246,12.761435469879519,0.006853814583289122
52.414667805825246,12.76157808433735,0.00739077990779536
52.414667805825246,12.761720698795182,0.007874686794257537
52.414667805825246,12.761863313253013,0.008293630806189764
52.414667805825246,12.762005927710844,0.008652774755934345
52.414667805825246,12.762148542168676,0.008953382178074776
52.414667805825246,12.762291156626507,0.009201874126725205
52.414667805825246,12.762433771084337,0.009389306008931265
52.414667805825246,12.76257638554217,0.009513850010679342
52.414667805825246,12.762719,0.009571648926570423
52.41476054368932,12.750882,0.0
52.41476054368932,12.751024614457831,0.0
52.41476054368932,12.751167228915664,0.0
52.41476054368932,12.751309843373495,0.0
52.41476054368932,12.751452457831325,0.0
52.41476054368932,12.751595072289158,0.0
52.41476054368932,12.751737686746988,0.0
52.41476054368932,12.75188030120482,0.0
52.41476054368932,12.752022915662652,0.0
52.41476054368932,12.752165530120482,0.0
52.41476054368932,12.752308144578313,0.0
52.41476054368932,12.752450759036146,0.0
52.41476054368932,12.752593373493976,0.0
52.41476054368932,12.752735987951809,0.0
52.41476054368932,12.75287860240964,0.0
52.41476054368932,12.75302121686747,0.0
52.41476054368932,12.753163831325303,0.0
52.41476054368932,12.753306445783133,0.0
52.41476054368932,12.753449060240964,0.0
52.41476054368932,12.753591674698797,0.0
52.41476054368932,12.753734289156627,0.0
52.41476054368932,12.753876903614458,0.0
52.41476054368932,12.75401951807229,0.0
52.41476054368932,12.754162132530121,0.0
52.41476054368932,12.754304746987952,0.0
52.41476054368932,12.754447361445784,0.0
52.41476054368932,12.754589975903615,0.0
52.41476054368932,12.754732590361446,0.0
52.41476054368932,12.754875204819278,0.0
52.41476054368932,12.755017819277109,0.0
52.41476054368932,12.75516043373494,0.0
52.41476054368932,12.755303048192772,0.0
52.41476054368932,12.755445662650603,0.0
52.41476054368932,12.755588277108435,0.0
52.41476054368932,12.755730891566266,0.0
52.41476054368932,12.755873506024097,0.0
52.41476054368932,12.75601612048193,0.0
52.41476054368932,12.75615873493976,0.0
52.41476054368932,12.75630134939759,0.0
52.41476054368932,12.756443963855423,0.0
52.41476054368932,12.756586578313254,0.0
52.41476054368932,12.756729192771084,0.0
52.41476054368932,12.756871807228917,0.0
52.41476054368932,12.757014421686748,0.0
52.41476054368932,12.757157036144578,0.0
52.41476054368932,12.75729965060241,0.0
52.41476054368932,12.757442265060241,0.0
52.41476054368932,12.757584879518072,0.0
52.41476054368932,12.757727493975905,0.0
52.41476054368932,12.757870108433735,0.0
52.41476054368932,12.758012722891566,0.0
52.41476054368932,12.758155337349399,0.0
52.41476054368932,12.75829795180723,0.0
52.41476054368932,12.758440566265062,0.0
52.41476054368932,12.758583180722892,0.0
52.41476054368932,12.758725795180723,0.0
52.41476054368932,12.758868409638556,0.0
52.41476054368932,12.759011024096386,0.0
52.41476054368932,12.759153638554217,0.0
52.41476054368932,12.75929625301205,0.0
52.41476054368932,12.75943886746988,0.0
52.41476054368932,12.759581481927711,0.0
52.41476054368932,12.759724096385543,0.0
52.41476054368932,12.759866710843374,0.0
52.41476054368932,12.760009325301205,0.0
52.41476054368932,12.760151939759037,0.0
52.41476054368932,12.760294554216868,0.0007583662244259309
52.41476054368932,12.760437168674699,0.001728210215891749
52.41476054368932,12.760579783132531,0.0026426386625275477
52.41476054368932,12.760722397590362,0.003503733961270617
52.41476054368932,12.760865012048193,0.0043167058068361245
52.41476054368932,12.761007626506025,0.005071882323042424
52.41476054368932,12.761150240963856,0.005783261115584016
52.41476054368932,12.761292855421688,0.006431367858203713
52.41476054368932,12.761435469879519,0.007023206714335917
52.41476054368932,12.76157808433735,0.007559441192688484
52.41476054368932,12.761720698795182,0.008042635667548469
52.41476054368932,12.761863313253013,0.008460987548126702
52.41476054368932,12.762005927710844,0.008819643951597069
52.41476054368932,12.762148542168676,0.009119833335678616
52.41476054368932,12.762291156626507,0.00936798792449705
52.41476054368932,12.762433771084337,0.009555143091821577
52.41476054368932,12.76257638554217,0.009679476378801599
52.41476054368932,12.762719,0.009737219798454724
52.4148532815534,12.750882,0.0
52.4148532815534,12.751024614457831,0.0
52.4148532815534,12.751167228915664,0.0
52.4148532815534,12.751309843373495,0.0
52.4148532815534,12.751452457831325,0.0
52.4148532815534,12.751595072289158,0.0
52.4148532815534,12.751737686746988,0.0
52.4148532815534,12.75188030120482,0.0
52.4148532815534,12.752022915662652,0.0
52.4148532815534,12.752165530120482,0.0
52.4148532815534,12.752308144578313,0.0
52.4148532815534,12.752450759036146,0.0
52.4148532815534,12.752593373493976,0.0
52.4148532815534,12.752735987951809,0.0
52.4148532815534,12.75287860240964,0.0
52.4148532815534,12.75302121686747,0.0
52.4148532815534,12.753163831325303,0.0
52.4148532815534,12.753306445783133,0.0
52.4148532815534,12.753449060240964,0.0
52.4148532815534,12.753591674698797,0.0
52.4148532815534,12.753734289156627,0.0
52.4148532815534,12.753876903614458,0.0
52.4148532815534,12.75401951807229,0.0
52.4148532815534,12.754162132530121,0.0
52.4148532815534,12.754304746987952,0.0
52.4148532815534,12.754447361445784,0.0
52.4148532815534,12.754589975903615,0.0
52.4148532815534,12.754732590361446,0.0
52.4148532815534,12.754875204819278,0.0
52.4148532815534,12.755017819277109,0.0
52.4148532815534,12.75516043373494,0.0
52.4148532815534,12.755303048192772,0.0
52.4148532815534,12.755445662650603,0.0
52.4148532815534,12.755588277108435,0.0
52.4148532815534,12.755730891566266,0.0
52.4148532815534,12.755873506024097,0.0
52.4148532815534,12.75601612048193,0.0
52.4148532815534,12.75615873493976,0.0
52.4148532815534,12.75630134939759,0.0
52.4148532815534,12.756443963855423,0.0
52.4148532815534,12.756586578313254,0.0
52.4148532815534,12.756729192771084,0.0
52.4148532815534,12.756871807228917,0.0
52.4148532815534,12.757014421686748,0.0
52.4148532815534,12.757157036144578,0.0
52.4148532815534,12.75729965060241,0.0
52.4148532815534,12.757442265060241,0.0
52.4148532815534,12.757584879518072,0.0
52.4148532815534,12.757727493975905,0.0
52.4148532815534,12.757870108433735,0.0
52.4148532815534,12.758012722891566,0.0
52.4148532815534,12.758155337349399,0.0
52.4148532815534,12.75829795180723,0.0
52.4148532815534,12.758440566265062,0.0
52.4148532815534,12.758583180722892,0.0
52.4148532815534,12.758725795180723,0.0
52.4148532815534,12.758868409638556,0.0
52.4148532815534,12.759011024096386,0.0
52.4148532815534,12.759153638554217,0.0
52.4148532815534,12.75929625301205,0.0
52.4148532815534,12.75943886746988,0.0
52.4148532815534,12.759581481927711,0.0
52.4148532815534,12.759724096385543,0.0
52.4148532815534,12.759866710843374,0.0
52.4148532815534,12.760009325301205,0.0
52.4148532815534,12.760151939759037,0.0
52.4148532815534,12.760294554216868,0.0009411483456539531
52.4148532815534,12.760437168674699,0.0019095321312939352
52.4148532815534,12.760579783132531,0.002822582116326384
52.4148532815534,12.760722397590362,0.003682400548281912
52.4148532815534,12.760865012048193,0.0044941056754865556
52.4148532815534,12.761007626506025,0.005248156142296525
52.4148532815534,12.761150240963856,0.005958378442966193
52.4148532815534,12.761292855421688,0.006605474317569178
52.4148532815534,12.761435469879519,0.007196425845884462
52.4148532815534,12.76157808433735,0.007731864690415825
52.4148532815534,12.761720698795182,0.008214285989433695
52.4148532815534,12.761863313253013,0.00863199388375796
52.4148532815534,12.762005927710844,0.0089901194492653
52.4148532815534,12.762148542168676,0.00928985400228899
52.4148532815534,12.762291156626507,0.009537641551926834
52.4148532815534,12.762433771084337,0.009724496882634485
52.4148532815534,12.76257638554217,0.009848602361732538
52.4148532815534,12.762719,0.009906284195646823
52.41494601941748,12.750882,0.0
52.41494601941748,12.751024614457831,0.0
52.41494601941748,12.751167228915664,0.0
52.41494601941748,12.751309843373495,0.0
52.41494601941748,12.751452457831325,0.0
52.41494601941748,12.751595072289158,0.0
52.41494601941748,12.751737686746988,0.0
52.41494601941748,12.75188030120482,0.0
52.41494601941748,12.752022915662652,0.0
52.41494601941748,12.752165530120482,0.0
52.41494601941748,12.752308144578313,0.0
52.41494601941748,12.752450759036146,0.0
52.41494601941748,12.752593373493976,0.0
52.41494601941748,12.752735987951809,0.0
52.41494601941748,12.75287860240964,0.0
52.41494601941748,12.75302121686747,0.0
52.41494601941748,12.753163831325303,0.0
52.41494601941748,12.753306445783133,0.0
52.41494601941748,12.753449060240964,0.0
52.41494601941748,12.753591674698797,0.0
52.41494601941748,12.753734289156627,0.0
52.41494601941748,12.753876903614458,0.0
52.41494601941748,12.75401951807229,0.0
52.41494601941748,12.754162132530121,0.0
52.41494601941748,12.754304746987952,0.0
52.41494601941748,12.754447361445784,0.0
52.41494601941748,12.754589975903615,0.0
52.41494601941748,12.754732590361446,0.0
52.41494601941748,12.754875204819278,0.0
52.41494601941748,12.755017819277109,0.0
52.41494601941748,12.75516043373494,0.0
52.41494601941748,12.755303048192772,0.0
52.41494601941748,12.755445662650603,0.0
52.41494601941748,12.755588277108435,0.0
52.41494601941748,12.755730891566266,0.0
52.41494601941748,12.755873506024097,0.0
52.41494601941748,12.75601612048193,0.0
52.41494601941748,12.75615873493976,0.0
52.41494601941748,12.75630134939759,0.0
52.41494601941748,12.756443963855423,0.0
52.41494601941748,12.756586578313254,0.0
52.41494601941748,12.756729192771084,0.0
52.41494601941748,12.756871807228917,0.0
52.41494601941748,12.757014421686748,0.0
52.41494601941748,12.757157036144578,0.0
52.41494601941748,12.75729965060241,0.0
52.41494601941748,12.757442265060241,0.0
52.41494601941748,12.757584879518072,0.0
52.41494601941748,12.757727493975905,0.0
52.41494601941748,12.757870108433735,0.0
52.41494601941748,12.758012722891566,0.0
52.41494601941748,12.758155337349399,0.0
52.41494601941748,12.75829795180723,0.0
52.41494601941748,12.758440566265062,0.0
52.41494601941748,12.758583180722892,0.0
52.41494601941748,12.758725795180723,0.0
52.41494601941748,12.758868409638556,0.0
52.41494601941748,12.759011024096386,0.0
52.41494601941748,12.759153638554217,0.0
52.41494601941748,12.75929625301205,0.0
52.41494601941748,12.75943886746988,0.0
52.41494601941748,12.759581481927711,0.0
52.41494601941748,12.759724096385543,0.0
52.41494601941748,12.759866710843374,0.0
52.41494601941748,12.760009325301205,0.0
52.41494601941748,12.760151939759037,0.00012344285356685053
52.41494601941748,12.760294554216868,0.001131520378915808
52.41494601941748,12.760437168674699,0.0020983608250441594
52.41494601941748,12.760579783132531,0.003009953866748026
52.41494601941748,12.760722397590362,0.003868422486516983
52.41494601941748,12.760865012048193,0.00467878898824773
52.41494601941748,12.761007626506025,0.005431649184557396
52.41494601941748,12.761150240963856,0.006140650051379624
52.41494601941748,12.761292855421688,0.006786677700970117
52.41494601941748,12.761435469879519,0.007376691211530172
52.41494601941748,12.76157808433735,0.007911289424540918
52.41494601941748,12.761720698795182,0.008392893973690625
52.41494601941748,12.761863313253013,0.00880992172551133
52.41494601941748,12.762005927710844,0.009167486370688979
52.41494601941748,12.762148542168676,0.009466739784172474
52.41494601941748,12.762291156626507,0.009714139460677562
52.41494601941748,12.762433771084337,0.009900678120071983
52.41494601941748,12.76257638554217,0.010024543009341247
52.41494601941748,12.762719,0.010082159159773611
52.41503875728156,12.750882,0.0
52.41503875728156,12.751024614457831,0.0
52.41503875728156,12.751167228915664,0.0
52.41503875728156,12.751309843373495,0.0
52.41503875728156,12.751452457831325,0.0
52.41503875728156,12.751595072289158,0.0
52.41503875728156,12.751737686746988,0.0
52.41503875728156,12.75188030120482,0.0
52.41503875728156,12.752022915662652,0.0
52.41503875728156,12.752165530120482,0.0
52.41503875728156,12.752308144578313,0.0
52.41503875728156,12.752450759036146,0.0
52.41503875728156,12.752593373493976,0.0
52.41503875728156,12.752735987951809,0.0
52.41503875728156,12.75287860240964,0.0
52.41503875728156,12.75302121686747,0.0
52.41503875728156,12.753163831325303,0.0
52.41503875728156,12.753306445783133,0.0
52.41503875728156,12.753449060240964,0.0
52.41503875728156,12.753591674698797,0.0
52.41503875728156,12.753734289156627,0.0
52.41503875728156,12.753876903614458,0.0
52.41503875728156,12.75401951807229,0.0
52.41503875728156,12.754162132530121,0.0
52.41503875728156,12.754304746987952,0.0
52.41503875728156,12.754447361445784,0.0
52.41503875728156,12.754589975903615,0.0
52.41503875728156,12.754732590361446,0.0
52.41503875728156,12.754875204819278,0.0
52.41503875728156,12.755017819277109,0.0
52.41503875728156,12.75516043373494,0.0
52.41503875728156,12.755303048192772,0.0
52.41503875728156,12.755445662650603,0.0
52.41503875728156,12.755588277108435,0.0
52.41503875728156,12.755730891566266,0.0
52.41503875728156,12.755873506024097,0.0
52.41503875728156,12.75601612048193,0.0
52.41503875728156,12.75615873493976,0.0
52.41503875728156,12.75630134939759,0.0
52.41503875728156,12.756443963855423,0.0
52.41503875728156,12.756586578313254,0.0
52.41503875728156,12.756729192771084,0.0
52.41503875728156,12.756871807228917,0.0
52.41503875728156,12.757014421686748,0.0
52.41503875728156,12.757157036144578,0.0
52.41503875728156,12.75729965060241,0.0
52.41503875728156,12.757442265060241,0.0
52.41503875728156,12.757584879518072,0.0
52.41503875728156,12.757727493975905,0.0
52.41503875728156,12.757870108433735,0.0
52.41503875728156,12.758012722891566,0.0
52.41503875728156,12.758155337349399,0.0
52.41503875728156,12.75829795180723,0.0
52.41503875728156,12.758440566265062,0.0
52.41503875728156,12.758583180722892,0.0
52.41503875728156,12.758725795180723,0.0
52.41503875728156,12.758868409638556,0.0
52.41503875728156,12.759011024096386,0.0
52.41503875728156,12.759153638554217,0.0
52.41503875728156,12.75929625301205,0.0
52.41503875728156,12.75943886746988,0.0
52.41503875728156,12.759581481927711,0.0
52.41503875728156,12.759724096385543,0.0
52.41503875728156,12.759866710843374,0.0
52.41503875728156,12.760009325301205,0.0
52.41503875728156,12.760151939759037,0.0003233790248768926
52.41503875728156,12.760294554216868,0.0013297603795190834
52.41503875728156,12.760437168674699,0.00229497944390448
52.41503875728156,12.760579783132531,0.0032050418856966393
52.41503875728156,12.760722397590362,0.004062092426500581
52.41503875728156,12.760865012048193,0.00487105309725051
52.41503875728156,12.761007626506025,0.005622662580641085
52.41503875728156,12.761150240963856,0.006330380771052031
52.41503875728156,12.761292855421688,0.0069752859189417555
52.41503875728156,12.761435469879519,0.0075643140343133915
52.41503875728156,12.76157808433735,0.008098028517090048
52.41503875728156,12.761720698795182,0.00857877537399375
52.41503875728156,12.761863313253013,0.008995088331497834
52.41503875728156,12.762005927710844,0.009352063453270136
52.41503875728156,12.762148542168676,0.009650811381767405
52.41503875728156,12.762291156626507,0.009897803516630516
52.41503875728156,12.762433771084337,0.010084009489048903
52.41503875728156,12.76257638554217,0.010207621767397323
52.41503875728156,12.762719,0.010265169242539385
52.41513149514563,12.750882,0.0
52.41513149514563,12.751024614457831,0.0
52.41513149514563,12.751167228915664,0.0
52.41513149514563,12.751309843373495,0.0
52.41513149514563,12.751452457831325,0.0
52.41513149514563,12.751595072289158,0.0
52.41513149514563,12.751737686746988,0.0
52.41513149514563,12.75188030120482,0.0
52.41513149514563,12.752022915662652,0.0
52.41513149514563,12.752165530120482,0.0
52.41513149514563,12.752308144578313,0.0
52.41513149514563,12.752450759036146,0.0
52.41513149514563,12.752593373493976,0.0
52.41513149514563,12.752735987951809,0.0
52.41513149514563,12.75287860240964,0.0
52.41513149514563,12.75302121686747,0.0
52.41513149514563,12.753163831325303,0.0
52.41513149514563,12.753306445783133,0.0
52.41513149514563,12.753449060240964,0.0
52.41513149514563,12.753591674698797,0.0
52.41513149514563,12.753734289156627,0.0
52.41513149514563,12.753876903614458,0.0
52.41513149514563,12.75401951807229,0.0
52.41513149514563,12.754162132530121,0.0
52.41513149514563,12.754304746987952,0.0
52.41513149514563,12.754447361445784,0.0
52.41513149514563,12.754589975903615,0.0
52.41513149514563,12.754732590361446,0.0
52.41513149514563,12.754875204819278,0.0
52.41513149514563,12.755017819277109,0.0
52.41513149514563,12.75516043373494,0.0
52.41513149514563,12.755303048192772,0.0
52.41513149514563,12.755445662650603,0.0
52.41513149514563,12.755588277108435,0.0
52.41513149514563,12.755730891566266,0.0
52.41513149514563,12.755873506024097,0.0
52.41513149514563,12.75601612048193,0.0
52.41513149514563,12.75615873493976,0.0
52.41513149514563,12.75630134939759,0.0
52.41513149514563,12.756443963855423,0.0
52.41513149514563,12.756586578313254,0.0
52.41513149514563,12.756729192771084,0.0
52.41513149514563,12.756871807228917,0.0
52.41513149514563,12.757014421686748,0.0
52.41513149514563,12.757157036144578,0.0
52.41513149514563,12.75729965060241,0.0
52.41513149514563,12.757442265060241,0.0
52.41513149514563,12.757584879518072,0.0
52.41513149514563,12.757727493975905,0.0
52.41513149514563,12.757870108433735,0.0
52.41513149514563,12.758012722891566,0.0
52.41513149514563,12.758155337349399,0.0
52.41513149514563,12.75829795180723,0.0
52.41513149514563,12.758440566265062,0.0
52.41513149514563,12.758583180722892,0.0
52.41513149514563,12.758725795180723,0.0
52.41513149514563,12.758868409638556,0.0
52.41513149514563,12.759011024096386,0.0
52.41513149514563,12.759153638554217,0.0
52.41513149514563,12.75929625301205,0.0
52.41513149514563,12.75943886746988,0.0
52.41513149514563,12.759581481927711,0.0
52.41513149514563,12.759724096385543,0.0
52.41513149514563,12.759866710843374,0.0
52.41513149514563,12.760009325301205,0.0
52.41513149514563,12.760151939759037,0.0005336259042807608
52.41513149514563,12.760294554216868,0.0015382234735187177
52.41513149514563,12.760437168674699,0.002501737617120402
52.41513149514563,12.760579783132531,0.003410190518146874
52.41513149514563,12.760722397590362,0.0042657495805116415
52.41513149514563,12.760865012048193,0.0050732321481374194
52.41513149514563,12.761007626506025,0.005823526274835876
52.41513149514563,12.761150240963856,0.0065298963208698
52.41513149514563,12.761292855421688,0.0071736213736402245
52.41513149514563,12.761435469879519,0.007761613049322381
52.41513149514563,12.76157808433735,0.008294398183729235
52.41513149514563,12.761720698795182,0.008774243255000029
52.41513149514563,12.761863313253013,0.009189805020181636
52.41513149514563,12.762005927710844,0.009546160534077551
52.41513149514563,12.762148542168676,0.009844376494435805
52.41513149514563,12.762291156626507,0.010090940207297693
52.41513149514563,12.762433771084337,0.01027679666167847
52.41513149514563,12.76257638554217,0.010400143780222675
52.41513149514563,12.762719,0.010457618518680264
52.41522423300971,12.750882,0.0
52.41522423300971,12.751024614457831,0.0
52.41522423300971,12.751167228915664,0.0
52.41522423300971,12.751309843373495,0.0
52.41522423300971,12.751452457831325,0.0
52.41522423300971,12.751595072289158,0.0
52.41522423300971,12.751737686746988,0.0
52.41522423300971,12.75188030120482,0.0
52.41522423300971,12.752022915662652,0.0
52.41522423300971,12.752165530120482,0.0
52.41522423300971,12.752308144578313,0.0
52.41522423300971,12.752450759036146,0.0
52.41522423300971,12.752593373493976,0.0
52.41522423300971,12.752735987951809,0.0
52.41522423300971,12.75287860240964,0.0
52.41522423300971,12.75302121686747,0.0
52.41522423300971,12.753163831325303,0.0
52.41522423300971,12.753306445783133,0.0
52.41522423300971,12.753449060240964,0.0
52.41522423300971,12.753591674698797,0.0
52.41522423300971,12.753734289156627,0.0
52.41522423300971,12.753876903614458,0.0
52.41522423300971,12.75401951807229,0.0
52.41522423300971,12.754162132530121,0.0
52.41522423300971,12.754304746987952,0.0
52.41522423300971,12.754447361445784,0.0
52.41522423300971,12.754589975903615,0.0
52.41522423300971,12.754732590361446,0.0
52.41522423300971,12.754875204819278,0.0
52.41522423300971,12.755017819277109,0.0
52.41522423300971,12.75516043373494,0.0
52.41522423300971,12.755303048192772,0.0
52.41522423300971,12.755445662650603,0.0
52.41522423300971,12.755588277108435,0.0
52.41522423300971,12.755730891566266,0.0
52.41522423300971,12.755873506024097,0.0
52.41522423300971,12.75601612048193,0.0
52.41522423300971,12.75615873493976,0.0
52.41522423300971,12.75630134939759,0.0
52.41522423300971,12.756443963855423,0.0
52.41522423300971,12.756586578313254,0.0
52.41522423300971,12.756729192771084,0.0
52.41522423300971,12.756871807228917,0.0
52.41522423300971,12.757014421686748,0.0
52.41522423300971,12.757157036144578,0.0
52.41522423300971,12.75729965060241,0.0
52.41522423300971,12.757442265060241,0.0
52.41522423300971,12.757584879518072,0.0
52.41522423300971,12.757727493975905,0.0
52.41522423300971,12.757870108433735,0.0
52.41522423300971,12.758012722891566,0.0
52.41522423300971,12.758155337349399,0.0
52.41522423300971,12.75829795180723,0.0
52.41522423300971,12.758440566265062,0.0
52.41522423300971,12.758583180722892,0.0
52.41522423300971,12.758725795180723,0.0
52.41522423300971,12.758868409638556,0.0
52.41522423300971,12.759011024096386,0.0
52.41522423300971,12.759153638554217,0.0
52.41522423300971,12.75929625301205,0.0
52.41522423300971,12.75943886746988,0.0
52.41522423300971,12.759581481927711,0.0
52.41522423300971,12.759724096385543,0.0
52.41522423300971,12.759866710843374,0.0
52.41522423300971,12.760009325301205,0.0
52.41522423300971,12.760151939759037,0.0007508105374126137
52.41522423300971,12.760294554216868,0.0017535512266483918
52.41522423300971,12.760437168674699,0.002715290599259417
52.41522423300971,12.760579783132531,0.0036220680520580805
52.41522423300971,12.760722397590362,0.004476074404609563
52.41522423300971,12.760865012048193,0.005282018387637912
52.41522423300971,12.761007626506025,0.006030943117239349
52.41522423300971,12.761150240963856,0.006735910011278797
52.41522423300971,12.761292855421688,0.007378406408117712
52.41522423300971,12.761435469879519,0.007965319220024763
52.41522423300971,12.76157808433735,0.008497136864494994
52.41522423300971,12.761720698795182,0.008976043526139212
52.41522423300971,12.761863313253013,0.00939082315793871
52.41522423300971,12.762005927710844,0.009746533500741651
52.41522423300971,12.762148542168676,0.010044195499279754
52.41522423300971,12.762291156626507,0.01029031325952023
52.41522423300971,12.762433771084337,0.010475806033919904
52.41522423300971,12.76257638554217,0.010598877417731757
52.41522423300971,12.762719,0.010656276342827363
52.41531697087379,12.750882,0.0
52.41531697087379,12.751024614457831,0.0
52.41531697087379,12.751167228915664,0.0
52.41531697087379,12.751309843373495,0.0
52.41531697087379,12.751452457831325,0.0
52.41531697087379,12.751595072289158,0.0
52.41531697087379,12.751737686746988,0.0
52.41531697087379,12.75188030120482,0.0
52.41531697087379,12.752022915662652,0.0
52.41531697087379,12.752165530120482,0.0
52.41531697087379,12.752308144578313,0.0
52.41531697087379,12.752450759036146,0.0
52.41531697087379,12.752593373493976,0.0
52.41531697087379,12.752735987951809,0.0
52.41531697087379,12.75287860240964,0.0
52.41531697087379,12.75302121686747,0.0
52.41531697087379,12.753163831325303,0.0
52.41531697087379,12.753306445783133,0.0
52.41531697087379,12.753449060240964,0.0
52.41531697087379,12.753591674698797,0.0
52.41531697087379,12.753734289156627,0.0
52.41531697087379,12.753876903614458,0.0
52.41531697087379,12.75401951807229,0.0
52.41531697087379,12.754162132530121,0.0
52.41531697087379,12.754304746987952,0.0
52.41531697087379,12.754447361445784,0.0
52.41531697087379,12.754589975903615,0.0
52.41531697087379,12.754732590361446,0.0
52.41531697087379,12.754875204819278,0.0
52.41531697087379,12.755017819277109,0.0
52.41531697087379,12.75516043373494,0.0
52.41531697087379,12.755303048192772,0.0
52.41531697087379,12.755445662650603,0.0
52.41531697087379,12.755588277108435,0.0
52.41531697087379,12.755730891566266,0.0
52.41531697087379,12.755873506024097,0.0
52.41531697087379,12.75601612048193,0.0
52.41531697087379,12.75615873493976,0.0
52.41531697087379,12.75630134939759,0.0
52.41531697087379,12.756443963855423,0.0
52.41531697087379,12.756586578313254,0.0
52.41531697087379,12.756729192771084,0.0
52.41531697087379,12.756871807228917,0.0
52.41531697087379,12.757014421686748,0.0
52.41531697087379,12.757157036144578,0.0
52.41531697087379,12.75729965060241,0.0
52.41531697087379,12.757442265060241,0.0
52.41531697087379,12.757584879518072,0.0
52.41531697087379,12.757727493975905,0.0
52.41531697087379,12.757870108433735,0.0
52.41531697087379,12.758012722891566,0.0
52.41531697087379,12.758155337349399,0.0
52.41531697087379,12.75829795180723,0.0
52.41531697087379,12.758440566265062,0.0
52.41531697087379,12.758583180722892,0.0
52.41531697087379,12.758725795180723,0.0
52.41531697087379,12.758868409638556,0.0
52.41531697087379,12.759011024096386,0.0
52.41531697087379,12.759153638554217,0.0
52.41531697087379,12.75929625301205,0.0
52.41531697087379,12.75943886746988,0.0
52.41531697087379,12.759581481927711,0.0
52.41531697087379,12.759724096385543,0.0
52.41531697087379,12.759866710843374,0.0
52.41531697087379,12.760009325301205,0.0
52.41531697087379,12.760151939759037,0.0009752495454800926
52.41531697087379,12.760294554216868,0.0019759710786123336
52.41531697087379,12.760437168674699,0.002935780794404874
52.41531697087379,12.760579783132531,0.003840736483858927
52.41531697087379,12.760722397590362,0.004693052841893789
52.41531697087379,12.760865012048193,0.0054973263341140085
52.41531697087379,12.761007626506025,0.006244761172276851
52.41531697087379,12.761150240963856,0.0069482080478925476
52.41531697087379,12.761292855421688,0.007589370067296363
52.41531697087379,12.761435469879519,0.0081751089021117
52.41531697087379,12.76157808433735,0.008705873502934268
52.41531697087379,12.761720698795182,0.009183762673282345
52.41531697087379,12.761863313253013,0.00959769238651475
52.41531697087379,12.762005927710844,0.009952700690448337
52.41531697087379,12.762148542168676,0.010249760496677715
52.41531697087379,12.762291156626507,0.010495393481632347
52.41531697087379,12.762433771084337,0.01068049244641137
52.41531697087379,12.76257638554217,0.010803266037546945
52.41531697087379,12.762719,0.010860580537180153
52.41540970873786,12.750882,0.0
52.41540970873786,12.751024614457831,0.0
52.41540970873786,12.751167228915664,0.0
52.41540970873786,12.751309843373495,0.0
52.41540970873786,12.751452457831325,0.0
52.41540970873786,12.751595072289158,0.0
52.41540970873786,12.751737686746988,0.0
52.41540970873786,12.75188030120482,0.0
52.41540970873786,12.752022915662652,0.0
52.41540970873786,12.752165530120482,0.0
52.41540970873786,12.752308144578313,0.0
52.41540970873786,12.752450759036146,0.0
52.41540970873786,12.752593373493976,0.0
52.41540970873786,12.752735987951809,0.0
52.41540970873786,12.75287860240964,0.0
52.41540970873786,12.75302121686747,0.0
52.41540970873786,12.753163831325303,0.0
52.41540970873786,12.753306445783133,0.0
52.41540970873786,12.753449060240964,0.0
52.41540970873786,12.753591674698797,0.0
52.41540970873786,12.753734289156627,0.0
52.41540970873786,12.753876903614458,0.0
52.41540970873786,12.75401951807229,0.0
52.41540970873786,12.754162132530121,0.0
52.41540970873786,12.754304746987952,0.0
52.41540970873786,12.754447361445784,0.0
52.41540970873786,12.754589975903615,0.0
52.41540970873786,12.754732590361446,0.0
52.41540970873786,12.754875204819278,0.0
52.41540970873786,12.755017819277109,0.0
52.41540970873786,12.75516043373494,0.0
52.41540970873786,12.755303048192772,0.0
52.41540970873786,12.755445662650603,0.0
52.41540970873786,12.755588277108435,0.0
52.41540970873786,12.755730891566266,0.0
52.41540970873786,12.755873506024097,0.0
52.41540970873786,12.75601612048193,0.0
52.41540970873786,12.75615873493976,0.0
52.41540970873786,12.75630134939759,0.0
52.41540970873786,12.756443963855423,0.0
52.41540970873786,12.756586578313254,0.0
52.41540970873786,12.756729192771084,0.0
52.41540970873786,12.756871807228917,0.0
52.41540970873786,12.757014421686748,0.0
52.41540970873786,12.757157036144578,0.0
52.41540970873786,12.75729965060241,0.0
52.41540970873786,12.757442265060241,0.0
52.41540970873786,12.757584879518072,0.0
52.41540970873786,12.757727493975905,0.0
52.41540970873786,12.757870108433735,0.0
52.41540970873786,12.758012722891566,0.0
52.41540970873786,12.758155337349399,0.0
52.41540970873786,12.75829795180723,0.0
52.41540970873786,12.758440566265062,0.0
52.41540970873786,12.758583180722892,0.0
52.41540970873786,12.758725795180723,0.0
52.41540970873786,12.758868409638556,0.0
52.41540970873786,12.759011024096386,0.0
52.41540970873786,12.759153638554217,0.0
52.41540970873786,12.75929625301205,0.0
52.41540970873786,12.75943886746988,0.0
52.41540970873786,12.759581481927711,0.0
52.41540970873786,12.759724096385543,0.0
52.41540970873786,12.759866710843374,0.0
52.41540970873786,12.760009325301205,0.00016027634125836314
52.41540970873786,12.760151939759037,0.0012073095731598722
52.41540970873786,12.760294554216868,0.002205916960440813
52.41540970873786,12.760437168674699,0.0031637062304136557
52.41540970873786,12.760579783132531,0.004066754505273037
52.41540970873786,12.760722397590362,0.004917300855912837
52.41540970873786,12.760865012048193,0.005719826052341142
52.41540970873786,12.761007626506025,0.006465700609301122
52.41540970873786,12.761150240963856,0.007167557190953956
52.41540970873786,12.761292855421688,0.007807322569010787
52.41540970873786,12.761435469879519,0.008391832197382059
52.41540970873786,12.76157808433735,0.008921493957518518
52.41540970873786,12.761720698795182,0.009398318466874708
52.41540970873786,12.761863313253013,0.009811358686611189
52.41540970873786,12.762005927710844,0.01016563203477091
52.41540970873786,12.762148542168676,0.010462061215203995
52.41540970873786,12.762291156626507,0.010707186658618077
52.41540970873786,12.762433771084337,0.010891873639697708
52.41540970873786,12.76257638554217,0.01101433619917761
52.41540970873786,12.762719,0.01107156187958767
52.41550244660194,12.750882,0.0
52.41550244660194,12.751024614457831,0.0
52.41550244660194,12.751167228915664,0.0
52.41550244660194,12.751309843373495,0.0
52.41550244660194,12.751452457831325,0.0
52.41550244660194,12.751595072289158,0.0
52.41550244660194,12.751737686746988,0.0
52.41550244660194,12.75188030120482,0.0
52.41550244660194,12.752022915662652,0.0
52.41550244660194,12.752165530120482,0.0
52.41550244660194,12.752308144578313,0.0
52.41550244660194,12.752450759036146,0.0
52.41550244660194,12.752593373493976,0.0
52.41550244660194,12.752735987951809,0.0
52.41550244660194,12.75287860240964,0.0
52.41550244660194,12.75302121686747,0.0
52.41550244660194,12.753163831325303,0.0
52.41550244660194,12.753306445783133,0.0
52.41550244660194,12.753449060240964,0.0
52.41550244660194,12.753591674698797,0.0
52.41550244660194,12.753734289156627,0.0
52.41550244660194,12.753876903614458,0.0
52.41550244660194,12.75401951807229,0.0
52.41550244660194,12.754162132530121,0.0
52.41550244660194,12.754304746987952,0.0
52.41550244660194,12.754447361445784,0.0
52.41550244660194,12.754589975903615,0.0
52.41550244660194,12.754732590361446,0.0
52.41550244660194,12.754875204819278,0.0
52.41550244660194,12.755017819277109,0.0
52.41550244660194,12.75516043373494,0.0
52.41550244660194,12.755303048192772,0.0
52.41550244660194,12.755445662650603,0.0
52.41550244660194,12.755588277108435,0.0
52.41550244660194,12.755730891566266,0.0
52.41550244660194,12.755873506024097,0.0
52.41550244660194,12.75601612048193,0.0
52.41550244660194,12.75615873493976,0.0
52.41550244660194,12.75630134939759,0.0
52.41550244660194,12.756443963855423,0.0
52.41550244660194,12.756586578313254,0.0
52.41550244660194,12.756729192771084,0.0
52.41550244660194,12.756871807228917,0.0
52.41550244660194,12.757014421686748,0.0
52.41550244660194,12.757157036144578,0.0
52.41550244660194,12.75729965060241,0.0
52.41550244660194,12.757442265060241,0.0
52.41550244660194,12.757584879518072,0.0
52.41550244660194,12.757727493975905,0.0
52.41550244660194,12.757870108433735,0.0
52.41550244660194,12.758012722891566,0.0
52.41550244660194,12.758155337349399,0.0
52.41550244660194,12.75829795180723,0.0
52.41550244660194,12.758440566265062,0.0
52.41550244660194,12.758583180722892,0.0
52.41550244660194,12.758725795180723,0.0
52.41550244660194,12.758868409638556,0.0
52.41550244660194,12.759011024096386,0.0
52.41550244660194,12.759153638554217,0.0
52.41550244660194,12.75929625301205,0.0
52.41550244660194,12.75943886746988,0.0
52.41550244660194,12.759581481927711,0.0
52.41550244660194,12.759724096385543,0.0
52.41550244660194,12.759866710843374,0.0
52.41550244660194,12.760009325301205,0.00039654981373247566
52.41550244660194,12.760151939759037,0.0014412746283750093
52.41550244660194,12.760294554216868,0.002437684654314653
52.41550244660194,12.760437168674699,0.0033933740497541732
52.41550244660194,12.760579783132531,0.0042944400834372095
52.41550244660194,12.760722397590362,0.005143146160627377
52.41550244660194,12.760865012048193,0.005943854578147959
52.41550244660194,12.761007626506025,0.006688107406643191
52.41550244660194,12.761150240963856,0.007388311827945762
52.41550244660194,12.761292855421688,0.008026625226772888
52.41550244660194,12.761435469879519,0.00860985728758604
52.41550244660194,12.76157808433735,0.009138372819520346
52.41550244660194,12.761720698795182,0.009614090977504777
52.41550244660194,12.761863313253013,0.010026206871489893
52.41550244660194,12.762005927710844,0.010379716244084378
52.41550244660194,12.762148542168676,0.010675489751222107
52.41550244660194,12.762291156626507,0.010920087713365407
52.41550244660194,12.762433771084337,0.011104346709020291
52.41550244660194,12.76257638554217,0.011226485995170527
52.41550244660194,12.762719,0.011283619109495081
52.41559518446602,12.750882,0.0
52.41559518446602,12.751024614457831,0.0
52.41559518446602,12.751167228915664,0.0
52.41559518446602,12.751309843373495,0.0
52.41559518446602,12.751452457831325,0.0
52.41559518446602,12.751595072289158,0.0
52.41559518446602,12.751737686746988,0.0
52.41559518446602,12.75188030120482,0.0
52.41559518446602,12.752022915662652,0.0
52.41559518446602,12.752165530120482,0.0
52.41559518446602,12.752308144578313,0.0
52.41559518446602,12.752450759036146,0.0
52.41559518446602,12.752593373493976,0.0
52.41559518446602,12.752735987951809,0.0
52.41559518446602,12.75287860240964,0.0
52.41559518446602,12.75302121686747,0.0
52.41559518446602,12.753163831325303,0.0
52.41559518446602,12.753306445783133,0.0
52.41559518446602,12.753449060240964,0.0
52.41559518446602,12.753591674698797,0.0
52.41559518446602,12.753734289156627,0.0
52.41559518446602,12.753876903614458,0.0
52.41559518446602,12.75401951807229,0.0
52.41559518446602,12.754162132530121,0.0
52.41559518446602,12.754304746987952,0.0
52.41559518446602,12.754447361445784,0.0
52.41559518446602,12.754589975903615,0.0
52.41559518446602,12.754732590361446,0.0
52.41559518446602,12.754875204819278,0.0
52.41559518446602,12.755017819277109,0.0
52.41559518446602,12.75516043373494,0.0
52.41559518446602,12.755303048192772,0.0
52.41559518446602,12.755445662650603,0.0
52.41559518446602,12.755588277108435,0.0
52.41559518446602,12.755730891566266,0.0
52.41559518446602,12.755873506024097,0.0
52.41559518446602,12.75601612048193,0.0
52.41559518446602,12.75615873493976,0.0
52.41559518446602,12.75630134939759,0.0
52.41559518446602,12.756443963855423,0.0
52.41559518446602,12.756586578313254,0.0
52.41559518446602,12.756729192771084,0.0
52.41559518446602,12.756871807228917,0.0
52.41559518446602,12.757014421686748,0.0
52.41559518446602,12.757157036144578,0.0
52.41559518446602,12.75729965060241,0.0
52.41559518446602,12.757442265060241,0.0
52.41559518446602,12.757584879518072,0.0
52.41559518446602,12.757727493975905,0.0
52.41559518446602,12.757870108433735,0.0
52.41559518446602,12.758012722891566,0.0
52.41559518446602,12.758155337349399,0.0
52.41559518446602,12.75829795180723,0.0
52.41559518446602,12.758440566265062,0.0
52.41559518446602,12.758583180722892,0.0
52.41559518446602,12.758725795180723,0.0
52.41559518446602,12.758868409638556,0.0
52.41559518446602,12.759011024096386,0.0
52.41559518446602,12.759153638554217,0.0
52.41559518446602,12.75929625301205,0.0
52.41559518446602,12.75943886746988,0.0
52.41559518446602,12.759581481927711,0.0
52.41559518446602,12.759724096385543,0.0
52.41559518446602,12.759866710843374,0.0
52.41559518446602,12.760009325301205,0.0006347133478209264
52.41559518446602,12.760151939759037,0.0016770475509852324
52.41559518446602,12.760294554216868,0.0026711818962725726
52.41559518446602,12.760437168674699,0.003624696477704248
52.41559518446602,12.760579783132531,0.004523709619257327
52.41559518446602,12.760722397590362,0.00537051008819696
52.41559518446602,12.760865012048193,0.0061693371195210575
52.41559518446602,12.761007626506025,0.006911910554168625
52.41559518446602,12.761150240963856,0.007610404501134707
52.41559518446602,12.761292855421688,0.008247214277007215
52.41559518446602,12.761435469879519,0.008829123101959362
52.41559518446602,12.76157808433735,0.009356451352912347
52.41559518446602,12.761720698795182,0.009831024138921068
52.41559518446602,12.761863313253013,0.010242182695785553
52.41559518446602,12.762005927710844,0.010594900978336812
52.41559518446602,12.762148542168676,0.010889995211073901
52.41559518446602,12.762291156626507,0.01113404686282956
52.41559518446602,12.762433771084337,0.011317862939322217
52.41559518446602,12.76257638554217,0.011439667613234287
52.41559518446602,12.762719,0.01149670449449416
52.4156879223301,12.750882,0.0
52.4156879223301,12.751024614457831,0.0
52.4156879223301,12.751167228915664,0.0
52.4156879223301,12.751309843373495,0.0
52.4156879223301,12.751452457831325,0.0
52.4156879223301,12.751595072289158,0.0
52.4156879223301,12.751737686746988,0.0
52.4156879223301,12.75188030120482,0.0
52.4156879223301,12.752022915662652,0.0
52.4156879223301,12.752165530120482,0.0
52.4156879223301,12.752308144578313,0.0
52.4156879223301,12.752450759036146,0.0
52.4156879223301,12.752593373493976,0.0
52.4156879223301,12.752735987951809,0.0
52.4156879223301,12.75287860240964,0.0
52.4156879223301,12.75302121686747,0.0
52.4156879223301,12.753163831325303,0.0
52.4156879223301,12.753306445783133,0.0
52.4156879223301,12.753449060240964,0.0
52.4156879223301,12.753591674698797,0.0
52.4156879223301,12.753734289156627,0.0
52.4156879223301,12.753876903614458,0.0
52.4156879223301,12.75401951807229,0.0
52.4156879223301,12.754162132530121,0.0
52.4156879223301,12.754304746987952,0.0
52.4156879223301,12.754447361445784,0.0
52.4156879223301,12.754589975903615,0.0
52.4156879223301,12.754732590361446,0.0
52.4156879223301,12.754875204819278,0.0
52.4156879223301,12.755017819277109,0.0
52.4156879223301,12.75516043373494,0.0
52.4156879223301,12.755303048192772,0.0
52.4156879223301,12.755445662650603,0.0
52.4156879223301,12.755588277108435,0.0
52.4156879223301,12.755730891566266,0.0
52.4156879223301,12.755873506024097,0.0
52.4156879223301,12.75601612048193,0.0
52.4156879223301,12.75615873493976,0.0
52.4156879223301,12.75630134939759,0.0
52.4156879223301,12.756443963855423,0.0
52.4156879223301,12.756586578313254,0.0
52.4156879223301,12.756729192771084,0.0
52.4156879223301,12.756871807228917,0.0
52.4156879223301,12.757014421686748,0.0
52.4156879223301,12.757157036144578,0.0
52.4156879223301,12.75729965060241,0.0
52.4156879223301,12.757442265060241,0.0
52.4156879223301,12.757584879518072,0.0
52.4156879223301,12.757727493975905,0.0
52.4156879223301,12.757870108433735,0.0
52.4156879223301,12.758012722891566,0.0
52.4156879223301,12.758155337349399,0.0
52.4156879223301,12.75829795180723,0.0
52.4156879223301,12.758440566265062,0.0
52.4156879223301,12.758583180722892,0.0
52.4156879223301,12.758725795180723,0.0
52.4156879223301,12.758868409638556,0.0
52.4156879223301,12.759011024096386,0.0
52.4156879223301,12.759153638554217,0.0
52.4156879223301,12.75929625301205,0.0
52.4156879223301,12.75943886746988,0.0
52.4156879223301,12.759581481927711,0.0
52.4156879223301,12.759724096385543,0.0
52.4156879223301,12.759866710843374,0.0
52.4156879223301,12.760009325301205,0.000884663147569474
52.4156879223301,12.760151939759037,0.0019244987542869144
52.4156879223301,12.760294554216868,0.002916254568861307
52.4156879223301,12.760437168674699,0.0038674957647861193
52.4156879223301,12.760579783132531,0.0047643628141862205
52.4156879223301,12.760722397590362,0.0056091705930565415
52.4156879223301,12.760865012048193,0.006406031820891386
52.4156879223301,12.761007626506025,0.007146849007321362
52.4156879223301,12.761150240963856,0.007843557152654518
52.4156879223301,12.761292855421688,0.008478795157089476
52.4156879223301,12.761435469879519,0.009059320398140655
52.4156879223301,12.76157808433735,0.009585407261429545
52.4156879223301,12.761720698795182,0.010058783981414864
52.4156879223301,12.761863313253013,0.010468942154704543
52.4156879223301,12.762005927710844,0.010820833271614315
52.4156879223301,12.762148542168676,0.011115217230820849
52.4156879223301,12.762291156626507,0.011358698079738029
52.4156879223301,12.762433771084337,0.011542051774045877
52.4156879223301,12.76257638554217,0.011663507737677064
52.4156879223301,12.762719,0.01172044322155869
52.41578066019417,12.750882,0.0
52.41578066019417,12.751024614457831,0.0
52.41578066019417,12.751167228915664,0.0
52.41578066019417,12.751309843373495,0.0
52.41578066019417,12.751452457831325,0.0
52.41578066019417,12.751595072289158,0.0
52.41578066019417,12.751737686746988,0.0
52.41578066019417,12.75188030120482,0.0
52.41578066019417,12.752022915662652,0.0
52.41578066019417,12.752165530120482,0.0
52.41578066019417,12.752308144578313,0.0
52.41578066019417,12.752450759036146,0.0
52.41578066019417,12.752593373493976,0.0
52.41578066019417,12.752735987951809,0.0
52.41578066019417,12.75287860240964,0.0
52.41578066019417,12.75302121686747,0.0
52.41578066019417,12.753163831325303,0.0
52.41578066019417,12.753306445783133,0.0
52.41578066019417,12.753449060240964,0.0
52.41578066019417,12.753591674698797,0.0
52.41578066019417,12.753734289156627,0.0
52.41578066019417,12.753876903614458,0.0
52.41578066019417,12.75401951807229,0.0
52.41578066019417,12.754162132530121,0.0
52.41578066019417,12.754304746987952,0.0
52.41578066019417,12.754447361445784,0.0
52.41578066019417,12.754589975903615,0.0
52.41578066019417,12.754732590361446,0.0
52.41578066019417,12.754875204819278,0.0
52.41578066019417,12.755017819277109,0.0
52.41578066019417,12.75516043373494,0.0
52.41578066019417,12.755303048192772,0.0
52.41578066019417,12.755445662650603,0.0
52.41578066019417,12.755588277108435,0.0
52.41578066019417,12.755730891566266,0.0
52.41578066019417,12.755873506024097,0.0
52.41578066019417,12.75601612048193,0.0
52.41578066019417,12.75615873493976,0.0
52.41578066019417,12.75630134939759,0.0
52.41578066019417,12.756443963855423,0.0
52.41578066019417,12.756586578313254,0.0
52.41578066019417,12.756729192771084,0.0
52.41578066019417,12.756871807228917,0.0
52.41578066019417,12.757014421686748,0.0
52.41578066019417,12.757157036144578,0.0
52.41578066019417,12.75729965060241,0.0
52.41578066019417,12.757442265060241,0.0
52.41578066019417,12.757584879518072,0.0
52.41578066019417,12.757727493975905,0.0
52.41578066019417,12.757870108433735,0.0
52.41578066019417,12.758012722891566,0.0
52.41578066019417,12.758155337349399,0.0
52.41578066019417,12.75829795180723,0.0
52.41578066019417,12.758440566265062,0.0
52.41578066019417,12.758583180722892,0.0
52.41578066019417,12.758725795180723,0.0
52.41578066019417,12.758868409638556,0.0
52.41578066019417,12.759011024096386,0.0
52.41578066019417,12.759153638554217,0.0
52.41578066019417,12.75929625301205,0.0
52.41578066019417,12.75943886746988,0.0
52.41578066019417,12.759581481927711,0.0
52.41578066019417,12.759724096385543,0.0
52.41578066019417,12.759866710843374,5.212115570148862e-05
52.41578066019417,12.760009325301205,0.0011369937978214268
52.41578066019417,12.760151939759037,0.0021742607510844315
52.41578066019417,12.760294554216868,0.003163570752694601
52.41578066019417,12.760437168674699,0.004112474706722151
52.41578066019417,12.760579783132531,0.005007135433944538
52.41578066019417,12.760722397590362,0.005849894204062102
52.41578066019417,12.760865012048193,0.00664473447760749
52.41578066019417,12.761007626506025,0.00738374615329723
52.41578066019417,12.761150240963856,0.008078618158293284
52.41578066019417,12.761292855421688,0.008712239947933548
52.41578066019417,12.761435469879519,0.009291342711481153
52.41578066019417,12.76157808433735,0.009816153244833068
52.41578066019417,12.761720698795182,0.010288300008999393
52.41578066019417,12.761863313253013,0.010697429562625666
52.41578066019417,12.762005927710844,0.011048470632770632
52.41578066019417,12.762148542168676,0.011342124152093153
52.41578066019417,12.762291156626507,0.011585017846686745
52.41578066019417,12.762433771084337,0.01176789612564285
52.41578066019417,12.76257638554217,0.011888993420353421
52.41578066019417,12.762719,0.011945824394536444
52.41587339805825,12.750882,0.0
52.41587339805825,12.751024614457831,0.0
52.41587339805825,12.751167228915664,0.0
52.41587339805825,12.751309843373495,0.0
52.41587339805825,12.751452457831325,0.0
52.41587339805825,12.751595072289158,0.0
52.41587339805825,12.751737686746988,0.0
52.41587339805825,12.75188030120482,0.0
52.41587339805825,12.752022915662652,0.0
52.41587339805825,12.752165530120482,0.0
52.41587339805825,12.752308144578313,0.0
52.41587339805825,12.752450759036146,0.0
52.41587339805825,12.752593373493976,0.0
52.41587339805825,12.752735987951809,0.0
52.41587339805825,12.75287860240964,0.0
52.41587339805825,12.75302121686747,0.0
52.41587339805825,12.753163831325303,0.0
52.41587339805825,12.753306445783133,0.0
52.41587339805825,12.753449060240964,0.0
52.41587339805825,12.753591674698797,0.0
52.41587339805825,12.753734289156627,0.0
52.41587339805825,12.753876903614458,0.0
52.41587339805825,12.75401951807229,0.0
52.41587339805825,12.754162132530121,0.0
52.41587339805825,12.754304746987952,0.0
52.41587339805825,12.754447361445784,0.0
52.41587339805825,12.754589975903615,0.0
52.41587339805825,12.754732590361446,0.0
52.41587339805825,12.754875204819278,0.0
52.41587339805825,12.755017819277109,0.0
52.41587339805825,12.75516043373494,0.0
52.41587339805825,12.755303048192772,0.0
52.41587339805825,12.755445662650603,0.0
52.41587339805825,12.755588277108435,0.0
52.41587339805825,12.755730891566266,0.0
52.41587339805825,12.755873506024097,0.0
52.41587339805825,12.75601612048193,0.0
52.41587339805825,12.75615873493976,0.0
52.41587339805825,12.75630134939759,0.0
52.41587339805825,12.756443963855423,0.0
52.41587339805825,12.756586578313254,0.0
52.41587339805825,12.756729192771084,0.0
52.41587339805825,12.756871807228917,0.0
52.41587339805825,12.757014421686748,0.0
52.41587339805825,12.757157036144578,0.0
52.41587339805825,12.75729965060241,0.0
52.41587339805825,12.757442265060241,0.0
52.41587339805825,12.757584879518072,0.0
52.41587339805825,12.757727493975905,0.0
52.41587339805825,12.757870108433735,0.0
52.41587339805825,12.758012722891566,0.0
52.41587339805825,12.758155337349399,0.0
52.41587339805825,12.75829795180723,0.0
52.41587339805825,12.758440566265062,0.0
52.41587339805825,12.758583180722892,0.0
52.41587339805825,12.758725795180723,0.0
52.41587339805825,12.758868409638556,0.0
52.41587339805825,12.759011024096386,0.0
52.41587339805825,12.759153638554217,0.0
52.41587339805825,12.75929625301205,0.0
52.41587339805825,12.75943886746988,0.0
52.41587339805825,12.759581481927711,0.0
52.41587339805825,12.759724096385543,0.0
52.41587339805825,12.759866710843374,0.0003201515851047384
52.41587339805825,12.760009325301205,0.001402289007185533
52.41587339805825,12.760151939759037,0.002436870548920519
52.41587339805825,12.760294554216868,0.003423623518820505
52.41587339805825,12.760437168674699,0.0043700838016831715
52.41587339805825,12.760579783132531,0.005262438089535899
52.41587339805825,12.760722397590362,0.00610305354707426
52.41587339805825,12.760865012048193,0.006895782264603098
52.41587339805825,12.761007626506025,0.007632905681909726
52.41587339805825,12.761150240963856,0.00832586048808652
52.41587339805825,12.761292855421688,0.008957792997245431
52.41587339805825,12.761435469879519,0.009535407896721412
52.41587339805825,12.76157808433735,0.010058883403542013
52.41587339805825,12.761720698795182,0.010529745496499255
52.41587339805825,12.761863313253013,0.010937799792825931
52.41587339805825,12.762005927710844,0.011287951838938545
52.41587339805825,12.762148542168676,0.011580841579743248
52.41587339805825,12.762291156626507,0.011823121356663292
52.41587339805825,12.762433771084337,0.012005503636550865
52.41587339805825,12.76257638554217,0.012126227093443378
52.41587339805825,12.762719,0.012182948021738004
52.41596613592233,12.750882,0.0
52.41596613592233,12.751024614457831,0.0
52.41596613592233,12.751167228915664,0.0
52.41596613592233,12.751309843373495,0.0
52.41596613592233,12.751452457831325,0.0
52.41596613592233,12.751595072289158,0.0
52.41596613592233,12.751737686746988,0.0
52.41596613592233,12.75188030120482,0.0
52.41596613592233,12.752022915662652,0.0
52.41596613592233,12.752165530120482,0.0
52.41596613592233,12.752308144578313,0.0
52.41596613592233,12.752450759036146,0.0
52.41596613592233,12.752593373493976,0.0
52.41596613592233,12.752735987951809,0.0
52.41596613592233,12.75287860240964,0.0
52.41596613592233,12.75302121686747,0.0
52.41596613592233,12.753163831325303,0.0
52.41596613592233,12.753306445783133,0.0
52.41596613592233,12.753449060240964,0.0
52.41596613592233,12.753591674698797,0.0
52.41596613592233,12.753734289156627,0.0
52.41596613592233,12.753876903614458,0.0
52.41596613592233,12.75401951807229,0.0
52.41596613592233,12.754162132530121,0.0
52.41596613592233,12.754304746987952,0.0
52.41596613592233,12.754447361445784,0.0
52.41596613592233,12.754589975903615,0.0
52.41596613592233,12.754732590361446,0.0
52.41596613592233,12.754875204819278,0.0
52.41596613592233,12.755017819277109,0.0
52.41596613592233,12.75516043373494,0.0
52.41596613592233,12.755303048192772,0.0
52.41596613592233,12.755445662650603,0.0
52.41596613592233,12.755588277108435,0.0
52.41596613592233,12.755730891566266,0.0
52.41596613592233,12.755873506024097,0.0
52.41596613592233,12.75601612048193,0.0
52.41596613592233,12.75615873493976,0.0
52.41596613592233,12.75630134939759,0.0
52.41596613592233,12.756443963855423,0.0
52.41596613592233,12.756586578313254,0.0
52.41596613592233,12.756729192771084,0.0
52.41596613592233,12.756871807228917,0.0
52.41596613592233,12.757014421686748,0.0
52.41596613592233,12.757157036144578,0.0
52.41596613592233,12.75729965060241,0.0
52.41596613592233,12.757442265060241,0.0
52.41596613592233,12.757584879518072,0.0
52.41596613592233,12.757727493975905,0.0
52.41596613592233,12.757870108433735,0.0
52.41596613592233,12.758012722891566,0.0
52.41596613592233,12.758155337349399,0.0
52.41596613592233,12.75829795180723,0.0
52.41596613592233,12.758440566265062,0.0
52.41596613592233,12.758583180722892,0.0
52.41596613592233,12.758725795180723,0.0
52.41596613592233,12.758868409638556,0.0
52.41596613592233,12.759011024096386,0.0
52.41596613592233,12.759153638554217,0.0
52.41596613592233,12.75929625301205,0.0
52.41596613592233,12.75943886746988,0.0
52.41596613592233,12.759581481927711,0.0
52.41596613592233,12.759724096385543,0.0
52.41596613592233,12.759866710843374,0.0005921877744545501
52.41596613592233,12.760009325301205,0.001671436119398517
52.41596613592233,12.760151939759037,0.002703182644671547
52.41596613592233,12.760294554216868,0.0036872359005496957
52.41596613592233,12.760437168674699,0.004631116340908415
52.41596613592233,12.760579783132531,0.005521035523227206
52.41596613592233,12.760722397590362,0.006359387117322868
52.41596613592233,12.760865012048193,0.0071498880934693
52.41596613592233,12.761007626506025,0.00788501717063384
52.41596613592233,12.761150240963856,0.00857595265671322
52.41596613592233,12.761292855421688,0.009206102979975112
52.41596613592233,12.761435469879519,0.009782146701933581
52.41596613592233,12.76157808433735,0.010304212267609143
52.41596613592233,12.761720698795182,0.010773720431417359
52.41596613592233,12.761863313253013,0.011180640059378598
52.41596613592233,12.762005927710844,0.01152985304772173
52.41596613592233,12.762148542168676,0.011821935981143429
52.41596613592233,12.762291156626507,0.012063567760707074
52.41596613592233,12.762433771084337,0.012245427379249661
52.41596613592233,12.76257638554217,0.012365758069294675
52.41596613592233,12.762719,0.012422361365350887
52.41605887378641,12.750882,0.0
52.41605887378641,12.751024614457831,0.0
52.41605887378641,12.751167228915664,0.0
52.41605887378641,12.751309843373495,0.0
52.41605887378641,12.751452457831325,0.0
52.41605887378641,12.751595072289158,0.0
52.41605887378641,12.751737686746988,0.0
52.41605887378641,12.75188030120482,0.0
52.41605887378641,12.752022915662652,0.0
52.41605887378641,12.752165530120482,0.0
52.41605887378641,12.752308144578313,0.0
52.41605887378641,12.752450759036146,0.0
52.41605887378641,12.752593373493976,0.0
52.41605887378641,12.752735987951809,0.0
52.41605887378641,12.75287860240964,0.0
52.41605887378641,12.75302121686747,0.0
52.41605887378641,12.753163831325303,0.0
52.41605887378641,12.753306445783133,0.0
52.41605887378641,12.753449060240964,0.0
52.41605887378641,12.753591674698797,0.0
52.41605887378641,12.753734289156627,0.0
52.41605887378641,12.753876903614458,0.0
52.41605887378641,12.75401951807229,0.0
52.41605887378641,12.754162132530121,0.0
52.41605887378641,12.754304746987952,0.0
52.41605887378641,12.754447361445784,0.0
52.41605887378641,12.754589975903615,0.0
52.41605887378641,12.754732590361446,0.0
52.41605887378641,12.754875204819278,0.0
52.41605887378641,12.755017819277109,0.0
52.41605887378641,12.75516043373494,0.0
52.41605887378641,12.755303048192772,0.0
52.41605887378641,12.755445662650603,0.0
52.41605887378641,12.755588277108435,0.0
52.41605887378641,12.755730891566266,0.0
52.41605887378641,12.755873506024097,0.0
52.41605887378641,12.75601612048193,0.0
52.41605887378641,12.75615873493976,0.0
52.41605887378641,12.75630134939759,0.0
52.41605887378641,12.756443963855423,0.0
52.41605887378641,12.756586578313254,0.0
52.41605887378641,12.756729192771084,0.0
52.41605887378641,12.756871807228917,0.0
52.41605887378641,12.757014421686748,0.0
52.41605887378641,12.757157036144578,0.0
52.41605887378641,12.75729965060241,0.0
52.41605887378641,12.757442265060241,0.0
52.41605887378641,12.757584879518072,0.0
52.41605887378641,12.757727493975905,0.0
52.41605887378641,12.757870108433735,0.0
52.41605887378641,12.758012722891566,0.0
52.41605887378641,12.758155337349399,0.0
52.41605887378641,12.75829795180723,0.0
52.41605887378641,12.758440566265062,0.0
52.41605887378641,12.758583180722892,0.0
52.41605887378641,12.758725795180723,0.0
52.41605887378641,12.758868409638556,0.0
52.41605887378641,12.759011024096386,0.0
52.41605887378641,12.759153638554217,0.0
52.41605887378641,12.75929625301205,0.0
52.41605887378641,12.75943886746988,0.0
52.41605887378641,12.759581481927711,0.0
52.41605887378641,12.759724096385543,0.0
52.41605887378641,12.759866710843374,0.0008811667068674024
52.41605887378641,12.760009325301205,0.0019574715747973878
52.41605887378641,12.760151939759037,0.0029863297341697903
52.41605887378641,12.760294554216868,0.003967632326225311
52.41605887378641,12.760437168674699,0.00490888420714624
52.41605887378641,12.760579783132531,0.005796322277733522
52.41605887378641,12.760722397590362,0.006632367342652223
52.41605887378641,12.760865012048193,0.007420598836762601
52.41605887378641,12.761007626506025,0.008153696075454665
52.41605887378641,12.761150240963856,0.008842573218739902
52.41605887378641,12.761292855421688,0.009470907395098161
52.41605887378641,12.761435469879519,0.010045350456928769
52.41605887378641,12.76157808433735,0.01056597919221669
52.41605887378641,12.761720698795182,0.011034107404206888
52.41605887378641,12.761863313253013,0.011439871003858036
52.41605887378641,12.762005927710844,0.01178812754991254
52.41605887378641,12.762148542168676,0.012079388093344696
52.41605887378641,12.762291156626507,0.01232035959190297
52.41605887378641,12.762433771084337,0.012501686589435476
52.41605887378641,12.76257638554217,0.012621616799976578
52.41605887378641,12.762719,0.0126781000818303
52.416151611650484,12.750882,0.0
52.416151611650484,12.751024614457831,0.0
52.416151611650484,12.751167228915664,0.0
52.416151611650484,12.751309843373495,0.0
52.416151611650484,12.751452457831325,0.0
52.416151611650484,12.751595072289158,0.0
52.416151611650484,12.751737686746988,0.0
52.416151611650484,12.75188030120482,0.0
52.416151611650484,12.752022915662652,0.0
52.416151611650484,12.752165530120482,0.0
52.416151611650484,12.752308144578313,0.0
52.416151611650484,12.752450759036146,0.0
52.416151611650484,12.752593373493976,0.0
52.416151611650484,12.752735987951809,0.0
52.416151611650484,12.75287860240964,0.0
52.416151611650484,12.75302121686747,0.0
52.416151611650484,12.753163831325303,0.0
52.416151611650484,12.753306445783133,0.0
52.416151611650484,12.753449060240964,0.0
52.416151611650484,12.753591674698797,0.0
52.416151611650484,12.753734289156627,0.0
52.416151611650484,12.753876903614458,0.0
52.416151611650484,12.75401951807229,0.0
52.416151611650484,12.754162132530121,0.0
52.416151611650484,12.754304746987952,0.0
52.416151611650484,12.754447361445784,0.0
52.416151611650484,12.754589975903615,0.0
52.416151611650484,12.754732590361446,0.0
52.416151611650484,12.754875204819278,0.0
52.416151611650484,12.755017819277109,0.0
52.416151611650484,12.75516043373494,0.0
52.416151611650484,12.755303048192772,0.0
52.416151611650484,12.755445662650603,0.0
52.416151611650484,12.755588277108435,0.0
52.416151611650484,12.755730891566266,0.0
52.416151611650484,12.755873506024097,0.0
52.416151611650484,12.75601612048193,0.0
52.416151611650484,12.75615873493976,0.0
52.416151611650484,12.75630134939759,0.0
52.416151611650484,12.756443963855423,0.0
52.416151611650484,12.756586578313254,0.0
52.416151611650484,12.756729192771084,0.0
52.416151611650484,12.756871807228917,0.0
52.416151611650484,12.757014421686748,0.0
52.416151611650484,12.757157036144578,0.0
52.416151611650484,12.75729965060241,0.0
52.416151611650484,12.757442265060241,0.0
52.416151611650484,12.757584879518072,0.0
52.416151611650484,12.757727493975905,0.0
52.416151611650484,12.757870108433735,0.0
52.416151611650484,12.758012722891566,0.0
52.416151611650484,12.758155337349399,0.0
52.416151611650484,12.75829795180723,0.0
52.416151611650484,12.758440566265062,0.0
52.416151611650484,12.758583180722892,0.0
52.416151611650484,12.758725795180723,0.0
52.416151611650484,12.758868409638556,0.0
52.416151611650484,12.759011024096386,0.0
52.416151611650484,12.759153638554217,0.0
52.416151611650484,12.75929625301205,0.0
52.416151611650484,12.75943886746988,0.0
52.416151611650484,12.759581481927711,0.0
52.416151611650484,12.759724096385543,5.198313270814159e-05
52.416151611650484,12.759866710843374,0.0011654395937124983
52.416151611650484,12.760009325301205,0.0022386401477588755
52.416151611650484,12.760151939759037,0.003264454270442446
52.416151611650484,12.760294554216868,0.004242857515684235
52.416151611650484,12.760437168674699,0.005181338935620343
52.416151611650484,12.760579783132531,0.006066161740942183
52.416151611650484,12.760722397590362,0.006899774117558273
52.416151611650484,12.760865012048193,0.007685615358621157
52.416151611650484,12.761007626506025,0.008416569788623967
52.416151611650484,12.761150240963856,0.009103282313213291
52.416151611650484,12.761292855421688,0.009729703294096888
52.416151611650484,12.761435469879519,0.010302458565743607
52.416151611650484,12.76157808433735,0.010821572341072236
52.416151611650484,12.761720698795182,0.011288248685722826
52.416151611650484,12.761863313253013,0.011692794575949444
52.416151611650484,12.762005927710844,0.012040042347736013
52.416151611650484,12.762148542168676,0.012330436030180216
52.416151611650484,12.762291156626507,0.012570711914426148
52.416151611650484,12.762433771084337,0.012751479049827794
52.416151611650484,12.76257638554217,0.012870989564580913
52.416151611650484,12.762719,0.012927344652153751
52.416244349514564,12.750882,0.0
52.416244349514564,12.751024614457831,0.0
52.416244349514564,12.751167228915664,0.0
52.416244349514564,12.751309843373495,0.0
52.416244349514564,12.751452457831325,0.0
52.416244349514564,12.751595072289158,0.0
52.416244349514564,12.751737686746988,0.0
52.416244349514564,12.75188030120482,0.0
52.416244349514564,12.752022915662652,0.0
52.416244349514564,12.752165530120482,0.0
52.416244349514564,12.752308144578313,0.0
52.416244349514564,12.752450759036146,0.0
52.416244349514564,12.752593373493976,0.0
52.416244349514564,12.752735987951809,0.0
52.416244349514564,12.75287860240964,0.0
52.416244349514564,12.75302121686747,0.0
52.416244349514564,12.753163831325303,0.0
52.416244349514564,12.753306445783133,0.0
52.416244349514564,12.753449060240964,0.0
52.416244349514564,12.753591674698797,0.0
52.416244349514564,12.753734289156627,0.0
52.416244349514564,12.753876903614458,0.0
52.416244349514564,12.75401951807229,0.0
52.416244349514564,12.754162132530121,0.0
52.416244349514564,12.754304746987952,0.0
52.416244349514564,12.754447361445784,0.0
52.416244349514564,12.754589975903615,0.0
52.416244349514564,12.754732590361446,0.0
52.416244349514564,12.754875204819278,0.0
52.416244349514564,12.755017819277109,0.0
52.416244349514564,12.75516043373494,0.0
52.416244349514564,12.755303048192772,0.0
52.416244349514564,12.755445662650603,0.0
52.416244349514564,12.755588277108435,0.0
52.416244349514564,12.755730891566266,0.0
52.416244349514564,12.755873506024097,0.0
52.416244349514564,12.75601612048193,0.0
52.416244349514564,12.75615873493976,0.0
52.416244349514564,12.75630134939759,0.0
52.416244349514564,12.756443963855423,0.0
52.416244349514564,12.756586578313254,0.0
52.416244349514564,12.756729192771084,0.0
52.416244349514564,12.756871807228917,0.0
52.416244349514564,12.757014421686748,0.0
52.416244349514564,12.757157036144578,0.0
52.416244349514564,12.75729965060241,0.0
52.416244349514564,12.757442265060241,0.0
52.416244349514564,12.757584879518072,0.0
52.416244349514564,12.757727493975905,0.0
52.416244349514564,12.757870108433735,0.0
52.416244349514564,12.758012722891566,0.0
52.416244349514564,12.758155337349399,0.0
52.416244349514564,12.75829795180723,0.0
52.416244349514564,12.758440566265062,0.0
52.416244349514564,12.758583180722892,0.0
52.416244349514564,12.758725795180723,0.0
52.416244349514564,12.758868409638556,0.0
52.416244349514564,12.759011024096386,0.0
52.416244349514564,12.759153638554217,0.0
52.416244349514564,12.75929625301205,0.0
52.416244349514564,12.75943886746988,0.0
52.416244349514564,12.759581481927711,0.0
52.416244349514564,12.759724096385543,0.00034836988816786506
52.416244349514564,12.759866710843374,0.0014584799939737665
52.416244349514564,12.760009325301205,0.0025284858882552537
52.416244349514564,12.760151939759037,0.0035511684957718285
52.416244349514564,12.760294554216868,0.004526588287748772
52.416244349514564,12.760437168674699,0.005462219000075314
52.416244349514564,12.760579783132531,0.006344350890001969
52.416244349514564,12.760722397590362,0.007175459435037659
52.416244349514564,12.760865012048193,0.007958841762657745
52.416244349514564,12.761007626506025,0.008687591135548999
52.416244349514564,12.761150240963856,0.009372077427327074
52.416244349514564,12.761292855421688,0.009996529784046101
52.416244349514564,12.761435469879519,0.010567548012702668
52.416244349514564,12.76157808433735,0.011085102387190415
52.416244349514564,12.761720698795182,0.0115502855800045
52.416244349514564,12.761863313253013,0.011953578669929233
52.416244349514564,12.762005927710844,0.012299788468911986
52.416244349514564,12.762148542168676,0.01258928968157036
52.416244349514564,12.762291156626507,0.012828849686984611
52.416244349514564,12.762433771084337,0.013009040923902308
52.416244349514564,12.76257638554217,0.013128119830693232
52.416244349514564,12.762719,0.013184342540001812
52.41633708737864,12.750882,0.0
52.41633708737864,12.751024614457831,0.0
52.41633708737864,12.751167228915664,0.0
52.41633708737864,12.751309843373495,0.0
52.41633708737864,12.751452457831325,0.0
52.41633708737864,12.751595072289158,0.0
52.41633708737864,12.751737686746988,0.0
52.41633708737864,12.75188030120482,0.0
52.41633708737864,12.752022915662652,0.0
52.41633708737864,12.752165530120482,0.0
52.41633708737864,12.752308144578313,0.0
52.41633708737864,12.752450759036146,0.0
52.41633708737864,12.752593373493976,0.0
52.41633708737864,12.752735987951809,0.0
52.41633708737864,12.75287860240964,0.0
52.41633708737864,12.75302121686747,0.0
52.41633708737864,12.753163831325303,0.0
52.41633708737864,12.753306445783133,0.0
52.41633708737864,12.753449060240964,0.0
52.41633708737864,12.753591674698797,0.0
52.41633708737864,12.753734289156627,0.0
52.41633708737864,12.753876903614458,0.0
52.41633708737864,12.75401951807229,0.0
52.41633708737864,12.754162132530121,0.0
52.41633708737864,12.754304746987952,0.0
52.41633708737864,12.754447361445784,0.0
52.41633708737864,12.754589975903615,0.0
52.41633708737864,12.754732590361446,0.0
52.41633708737864,12.754875204819278,0.0
52.41633708737864,12.755017819277109,0.0
52.41633708737864,12.75516043373494,0.0
52.41633708737864,12.755303048192772,0.0
52.41633708737864,12.755445662650603,0.0
52.41633708737864,12.755588277108435,0.0
52.41633708737864,12.755730891566266,0.0
52.41633708737864,12.755873506024097,0.0
52.41633708737864,12.75601612048193,0.0
52.41633708737864,12.75615873493976,0.0
52.41633708737864,12.75630134939759,0.0
52.41633708737864,12.756443963855423,0.0
52.41633708737864,12.756586578313254,0.0
52.41633708737864,12.756729192771084,0.0
52.41633708737864,12.756871807228917,0.0
52.41633708737864,12.757014421686748,0.0
52.41633708737864,12.757157036144578,0.0
52.41633708737864,12.75729965060241,0.0
52.41633708737864,12.757442265060241,0.0
52.41633708737864,12.757584879518072,0.0
52.41633708737864,12.757727493975905,0.0
52.41633708737864,12.757870108433735,0.0
52.41633708737864,12.758012722891566,0.0
52.41633708737864,12.758155337349399,0.0
52.41633708737864,12.75829795180723,0.0
52.41633708737864,12.758440566265062,0.0
52.41633708737864,12.758583180722892,0.0
52.41633708737864,12.758725795180723,0.0
52.41633708737864,12.758868409638556,0.0
52.41633708737864,12.759011024096386,0.0
52.41633708737864,12.759153638554217,0.0
52.41633708737864,12.75929625301205,0.0
52.41633708737864,12.75943886746988,0.0
52.41633708737864,12.759581481927711,0.0
52.41633708737864,12.759724096385543,0.0006408305712907502
52.41633708737864,12.759866710843374,0.0017474797244476526
52.41633708737864,12.760009325301205,0.0028141811647932778
52.41633708737864,12.760151939759037,0.0038336254484830252
52.41633708737864,12.760294554216868,0.00480596030727978
52.41633708737864,12.760437168674699,0.005738643094583035
52.41633708737864,12.760579783132531,0.006617992406237863
52.41633708737864,12.760722397590362,0.0074465110078168716
52.41633708737864,12.760865012048193,0.008227351882519092
52.41633708737864,12.761007626506025,0.00895382068201699
52.41633708737864,12.761150240963856,0.009636007417654552
52.41633708737864,12.761292855421688,0.010258424371492571
52.41633708737864,12.761435469879519,0.010827646184425967
52.41633708737864,12.76157808433735,0.011343587346430225
52.41633708737864,12.761720698795182,0.011807227699760997
52.41633708737864,12.761863313253013,0.012209225516780126
52.41633708737864,12.762005927710844,0.012554361921591638
52.41633708737864,12.762148542168676,0.012842940250986704
52.41633708737864,12.762291156626507,0.013081759965952545
52.41633708737864,12.762433771084337,0.013261356600390014
52.41633708737864,12.76257638554217,0.013379990097809548
52.41633708737864,12.762719,0.013436075212009785
52.416429825242716,12.750882,0.0
52.416429825242716,12.751024614457831,0.0
52.416429825242716,12.751167228915664,0.0
52.416429825242716,12.751309843373495,0.0
52.416429825242716,12.751452457831325,0.0
52.416429825242716,12.751595072289158,0.0
52.416429825242716,12.751737686746988,0.0
52.416429825242716,12.75188030120482,0.0
52.416429825242716,12.752022915662652,0.0
52.416429825242716,12.752165530120482,0.0
52.416429825242716,12.752308144578313,0.0
52.416429825242716,12.752450759036146,0.0
52.416429825242716,12.752593373493976,0.0
52.416429825242716,12.752735987951809,0.0
52.416429825242716,12.75287860240964,0.0
52.416429825242716,12.75302121686747,0.0
52.416429825242716,12.753163831325303,0.0
52.416429825242716,12.753306445783133,0.0
52.416429825242716,12.753449060240964,0.0
52.416429825242716,12.753591674698797,0.0
52.416429825242716,12.753734289156627,0.0
52.416429825242716,12.753876903614458,0.0
52.416429825242716,12.75401951807229,0.0
52.416429825242716,12.754162132530121,0.0
52.416429825242716,12.754304746987952,0.0
52.416429825242716,12.754447361445784,0.0
52.416429825242716,12.754589975903615,0.0
52.416429825242716,12.754732590361446,0.0
52.416429825242716,12.754875204819278,0.0
52.416429825242716,12.755017819277109,0.0
52.416429825242716,12.75516043373494,0.0
52.416429825242716,12.755303048192772,0.0
52.416429825242716,12.755445662650603,0.0
52.416429825242716,12.755588277108435,0.0
52.416429825242716,12.755730891566266,0.0
52.416429825242716,12.755873506024097,0.0
52.416429825242716,12.75601612048193,0.0
52.416429825242716,12.75615873493976,0.0
52.416429825242716,12.75630134939759,0.0
52.416429825242716,12.756443963855423,0.0
52.416429825242716,12.756586578313254,0.0
52.416429825242716,12.756729192771084,0.0
52.416429825242716,12.756871807228917,0.0
52.416429825242716,12.757014421686748,0.0
52.416429825242716,12.757157036144578,0.0
52.416429825242716,12.75729965060241,0.0
52.416429825242716,12.757442265060241,0.0
52.416429825242716,12.757584879518072,0.0
52.416429825242716,12.757727493975905,0.0
52.416429825242716,12.757870108433735,0.0
52.416429825242716,12.758012722891566,0.0
52.416429825242716,12.758155337349399,0.0
52.416429825242716,12.75829795180723,0.0
52.416429825242716,12.758440566265062,0.0
52.416429825242716,12.758583180722892,0.0
52.416429825242716,12.758725795180723,0.0
52.416429825242716,12.758868409638556,0.0
52.416429825242716,12.759011024096386,0.0
52.416429825242716,12.759153638554217,0.0
52.416429825242716,12.75929625301205,0.0
52.416429825242716,12.75943886746988,0.0
52.416429825242716,12.759581481927711,0.0
52.416429825242716,12.759724096385543,0.0009452384711388997
52.416429825242716,12.759866710843374,0.0020483624809265726
52.416429825242716,12.760009325301205,0.0031116979513068394
52.416429825242716,12.760151939759037,0.004127843975887438
52.416429825242716,12.760294554216868,0.005097036726205984
52.416429825242716,12.760437168674699,0.006026716907099703
52.416429825242716,12.760579783132531,0.0069032322274529745
52.416429825242716,12.760722397590362,0.007729112602223418
52.416429825242716,12.760865012048193,0.008507364671877212
52.416429825242716,12.761007626506025,0.009231510396334807
52.416429825242716,12.761150240963856,0.009911355174590757
52.416429825242716,12.761292855421688,0.01053169861808547
52.416429825242716,12.761435469879519,0.0110990902794797
52.416429825242716,12.76157808433735,0.011613388401585538
52.416429825242716,12.761720698795182,0.012075457093112734
52.416429825242716,12.761863313253013,0.012476135981054463
52.416429825242716,12.762005927710844,0.012820179172851975
52.416429825242716,12.762148542168676,0.013107817300301656
52.416429825242716,12.762291156626507,0.013345883123244976
52.416429825242716,12.762433771084337,0.013524874353558834
52.416429825242716,12.76257638554217,0.013643054340394338
52.416429825242716,12.762719,0.01369899854857803
52.416522563106795,12.750882,0.0
52.416522563106795,12.751024614457831,0.0
52.416522563106795,12.751167228915664,0.0
52.416522563106795,12.751309843373495,0.0
52.416522563106795,12.751452457831325,0.0
52.416522563106795,12.751595072289158,0.0
52.416522563106795,12.751737686746988,0.0
52.416522563106795,12.75188030120482,0.0
52.416522563106795,12.752022915662652,0.0
52.416522563106795,12.752165530120482,0.0
52.416522563106795,12.752308144578313,0.0
52.416522563106795,12.752450759036146,0.0
52.416522563106795,12.752593373493976,0.0
52.416522563106795,12.752735987951809,0.0
52.416522563106795,12.75287860240964,0.0
52.416522563106795,12.75302121686747,0.0
52.416522563106795,12.753163831325303,0.0
52.416522563106795,12.753306445783133,0.0
52.416522563106795,12.753449060240964,0.0
52.416522563106795,12.753591674698797,0.0
52.416522563106795,12.753734289156627,0.0
52.416522563106795,12.753876903614458,0.0
52.416522563106795,12.75401951807229,0.0
52.416522563106795,12.754162132530121,0.0
52.416522563106795,12.754304746987952,0.0
52.416522563106795,12.754447361445784,0.0
52.416522563106795,12.754589975903615,0.0
52.416522563106795,12.754732590361446,0.0
52.416522563106795,12.754875204819278,0.0
52.416522563106795,12.755017819277109,0.0
52.416522563106795,12.75516043373494,0.0
52.416522563106795,12.755303048192772,0.0
52.416522563106795,12.755445662650603,0.0
52.416522563106795,12.755588277108435,0.0
52.416522563106795,12.755730891566266,0.0
52.416522563106795,12.755873506024097,0.0
52.416522563106795,12.75601612048193,0.0
52.416522563106795,12.75615873493976,0.0
52.416522563106795,12.75630134939759,0.0
52.416522563106795,12.756443963855423,0.0
52.416522563106795,12.756586578313254,0.0
52.416522563106795,12.756729192771084,0.0
52.416522563106795,12.756871807228917,0.0
52.416522563106795,12.757014421686748,0.0
52.416522563106795,12.757157036144578,0.0
52.416522563106795,12.75729965060241,0.0
52.416522563106795,12.757442265060241,0.0
52.416522563106795,12.757584879518072,0.0
52.416522563106795,12.757727493975905,0.0
52.416522563106795,12.757870108433735,0.0
52.416522563106795,12.758012722891566,0.0
52.416522563106795,12.758155337349399,0.0
52.416522563106795,12.75829795180723,0.0
52.416522563106795,12.758440566265062,0.0
52.416522563106795,12.758583180722892,0.0
52.416522563106795,12.758725795180723,0.0
52.416522563106795,12.758868409638556,0.0
52.416522563106795,12.759011024096386,0.0
52.416522563106795,12.759153638554217,0.0
52.416522563106795,12.75929625301205,0.0
52.416522563106795,12.75943886746988,0.0
52.416522563106795,12.759581481927711,0.00010683749612422789
52.416522563106795,12.759724096385543,0.0012427916984736904
52.416522563106795,12.759866710843374,0.0023422044678344574
52.416522563106795,12.760009325301205,0.0034019954152765385
52.416522563106795,12.760151939759037,0.004414670596739322
52.416522563106795,12.760294554216868,0.005380555962534664
52.416522563106795,12.760437168674699,0.0063070761564673035
52.416522563106795,12.760579783132531,0.007180608857519011
52.416522563106795,12.760722397590362,0.00800371084131455
52.416522563106795,12.760865012048193,0.008779240829894858
52.416522563106795,12.761007626506025,0.00950094044763956
52.416522563106795,12.761150240963856,0.010178326019047432
52.416522563106795,12.761292855421688,0.010796488883494073
52.416522563106795,12.761435469879519,0.011361954098917958
52.416522563106795,12.76157808433735,0.011874521906805522
52.416522563106795,12.761720698795182,0.012334939764794169
52.416522563106795,12.761863313253013,0.012734230773626582
52.416522563106795,12.762005927710844,0.013077122612071907
52.416522563106795,12.762148542168676,0.013363771101048416
52.416522563106795,12.762291156626507,0.013601043465658408
52.416522563106795,12.762433771084337,0.013779399217459729
52.416522563106795,12.76257638554217,0.013897104187113133
52.416522563106795,12.762719,0.01395289834490444
52.416615300970875,12.750882,0.0
52.416615300970875,12.751024614457831,0.0
52.416615300970875,12.751167228915664,0.0
52.416615300970875,12.751309843373495,0.0
52.416615300970875,12.751452457831325,0.0
52.416615300970875,12.751595072289158,0.0
52.416615300970875,12.751737686746988,0.0
52.416615300970875,12.75188030120482,0.0
52.416615300970875,12.752022915662652,0.0
52.416615300970875,12.752165530120482,0.0
52.416615300970875,12.752308144578313,0.0
52.416615300970875,12.752450759036146,0.0
52.416615300970875,12.752593373493976,0.0
52.416615300970875,12.752735987951809,0.0
52.416615300970875,12.75287860240964,0.0
52.416615300970875,12.75302121686747,0.0
52.416615300970875,12.753163831325303,0.0
52.416615300970875,12.753306445783133,0.0
52.416615300970875,12.753449060240964,0.0
52.416615300970875,12.753591674698797,0.0
52.416615300970875,12.753734289156627,0.0
52.416615300970875,12.753876903614458,0.0
52.416615300970875,12.75401951807229,0.0
52.416615300970875,12.754162132530121,0.0
52.416615300970875,12.754304746987952,0.0
52.416615300970875,12.754447361445784,0.0
52.416615300970875,12.754589975903615,0.0
52.416615300970875,12.754732590361446,0.0
52.416615300970875,12.754875204819278,0.0
52.416615300970875,12.755017819277109,0.0
52.416615300970875,12.75516043373494,0.0
52.416615300970875,12.755303048192772,0.0
52.416615300970875,12.755445662650603,0.0
52.416615300970875,12.755588277108435,0.0
52.416615300970875,12.755730891566266,0.0
52.416615300970875,12.755873506024097,0.0
52.416615300970875,12.75601612048193,0.0
52.416615300970875,12.75615873493976,0.0
52.416615300970875,12.75630134939759,0.0
52.416615300970875,12.756443963855423,0.0
52.416615300970875,12.756586578313254,0.0
52.416615300970875,12.756729192771084,0.0
52.416615300970875,12.756871807228917,0.0
52.416615300970875,12.757014421686748,0.0
52.416615300970875,12.757157036144578,0.0
52.416615300970875,12.75729965060241,0.0
52.416615300970875,12.757442265060241,0.0
52.416615300970875,12.757584879518072,0.0
52.416615300970875,12.757727493975905,0.0
52.416615300970875,12.757870108433735,0.0
52.416615300970875,12.758012722891566,0.0
52.416615300970875,12.758155337349399,0.0
52.416615300970875,12.75829795180723,0.0
52.416615300970875,12.758440566265062,0.0
52.416615300970875,12.758583180722892,0.0
52.416615300970875,12.758725795180723,0.0
52.416615300970875,12.758868409638556,0.0
52.416615300970875,12.759011024096386,0.0
52.416615300970875,12.759153638554217,0.0
52.416615300970875,12.75929625301205,0.0
52.416615300970875,12.75943886746988,0.0
52.416615300970875,12.759581481927711,0.0004262367530507294
52.416615300970875,12.759724096385543,0.0015581030663991543
52.416615300970875,12.759866710843374,0.002653670012194161
52.416615300970875,12.760009325301205,0.0037097871313514345
52.416615300970875,12.760151939759037,0.004718866681241725
52.416615300970875,12.760294554216868,0.005681325710841816
52.416615300970875,12.760437168674699,0.006604572328331401
52.416615300970875,12.760579783132531,0.007475015067404937
52.416615300970875,12.760722397590362,0.008295237421987628
52.416615300970875,12.760865012048193,0.009067948656045046
52.416615300970875,12.761007626506025,0.009787113477694433
52.416615300970875,12.761150240963856,0.010461954523815122
52.416615300970875,12.761292855421688,0.011077858652320513
52.416615300970875,12.761435469879519,0.01164132735186275
52.416615300970875,12.76157808433735,0.012152101947972917
52.416615300970875,12.761720698795182,0.012610811202952547
52.416615300970875,12.761863313253013,0.013008664691213862
52.416615300970875,12.762005927710844,0.0133503634328773
52.416615300970875,12.762148542168676,0.013635986140213207
52.416615300970875,12.762291156626507,0.013872436585292504
52.416615300970875,12.762433771084337,0.014050134870253347
52.416615300970875,12.76257638554217,0.014167349268724956
52.416615300970875,12.762719,0.014222986985866317
52.416708038834955,12.750882,0.0
52.416708038834955,12.751024614457831,0.0
52.416708038834955,12.751167228915664,0.0
52.416708038834955,12.751309843373495,0.0
52.416708038834955,12.751452457831325,0.0
52.416708038834955,12.751595072289158,0.0
52.416708038834955,12.751737686746988,0.0
52.416708038834955,12.75188030120482,0.0
52.416708038834955,12.752022915662652,0.0
52.416708038834955,12.752165530120482,0.0
52.416708038834955,12.752308144578313,0.0
52.416708038834955,12.752450759036146,0.0
52.416708038834955,12.752593373493976,0.0
52.416708038834955,12.752735987951809,0.0
52.416708038834955,12.75287860240964,0.0
52.416708038834955,12.75302121686747,0.0
52.416708038834955,12.753163831325303,0.0
52.416708038834955,12.753306445783133,0.0
52.416708038834955,12.753449060240964,0.0
52.416708038834955,12.753591674698797,0.0
52.416708038834955,12.753734289156627,0.0
52.416708038834955,12.753876903614458,0.0
52.416708038834955,12.75401951807229,0.0
52.416708038834955,12.754162132530121,0.0
52.416708038834955,12.754304746987952,0.0
52.416708038834955,12.754447361445784,0.0
52.416708038834955,12.754589975903615,0.0
52.416708038834955,12.754732590361446,0.0
52.416708038834955,12.754875204819278,0.0
52.416708038834955,12.755017819277109,0.0
52.416708038834955,12.75516043373494,0.0
52.416708038834955,12.755303048192772,0.0
52.416708038834955,12.755445662650603,0.0
52.416708038834955,12.755588277108435,0.0
52.416708038834955,12.755730891566266,0.0
52.416708038834955,12.755873506024097,0.0
52.416708038834955,12.75601612048193,0.0
52.416708038834955,12.75615873493976,0.0
52.416708038834955,12.75630134939759,0.0
52.416708038834955,12.756443963855423,0.0
52.416708038834955,12.756586578313254,0.0
52.416708038834955,12.756729192771084,0.0
52.416708038834955,12.756871807228917,0.0
52.416708038834955,12.757014421686748,0.0
52.416708038834955,12.757157036144578,0.0
52.416708038834955,12.75729965060241,0.0
52.416708038834955,12.757442265060241,0.0
52.416708038834955,12.757584879518072,0.0
52.416708038834955,12.757727493975905,0.0
52.416708038834955,12.757870108433735,0.0
52.416708038834955,12.758012722891566,0.0
52.416708038834955,12.758155337349399,0.0
52.416708038834955,12.75829795180723,0.0
52.416708038834955,12.758440566265062,0.0
52.416708038834955,12.758583180722892,0.0
52.416708038834955,12.758725795180723,0.0
52.416708038834955,12.758868409638556,0.0
52.416708038834955,12.759011024096386,0.0
52.416708038834955,12.759153638554217,0.0
52.416708038834955,12.75929625301205,0.0
52.416708038834955,12.75943886746988,0.0
52.416708038834955,12.759581481927711,0.0007462561837567458
52.416708038834955,12.759724096385543,0.0018739799554361057
52.416708038834955,12.759866710843374,0.0029656497244270694
52.416708038834955,12.760009325301205,0.004018044264315064
52.416708038834955,12.760151939759037,0.005023480270892956
52.416708038834955,12.760294554216868,0.00598246698963131
52.416708038834955,12.760437168674699,0.006902395963753041
52.416708038834955,12.760579783132531,0.007769707352265252
52.416708038834955,12.760722397590362,0.008587011266360196
52.416708038834955,12.760865012048193,0.009356866068709975
52.416708038834955,12.761007626506025,0.01007346205552536
52.416708038834955,12.761150240963856,0.01074572425491883
52.416708038834955,12.761292855421688,0.011359338945263857
52.416708038834955,12.761435469879519,0.011920784465453376
52.416708038834955,12.76157808433735,0.012429741669491765
52.416708038834955,12.761720698795182,0.012886719344843733
52.416708038834955,12.761863313253013,0.013283116271033357
52.416708038834955,12.762005927710844,0.013623606123044881
52.416708038834955,12.762148542168676,0.01390818885059452
52.416708038834955,12.762291156626507,0.014143806223895421
52.416708038834955,12.762433771084337,0.014320838208658098
52.416708038834955,12.76257638554217,0.014437555297864238
52.416708038834955,12.762719,0.014493034245625806
52.41680077669903,12.750882,0.0
52.41680077669903,12.751024614457831,0.0
52.41680077669903,12.751167228915664,0.0
52.41680077669903,12.751309843373495,0.0
52.41680077669903,12.751452457831325,0.0
52.41680077669903,12.751595072289158,0.0
52.41680077669903,12.751737686746988,0.0
52.41680077669903,12.75188030120482,0.0
52.41680077669903,12.752022915662652,0.0
52.41680077669903,12.752165530120482,0.0
52.41680077669903,12.752308144578313,0.0
52.41680077669903,12.752450759036146,0.0
52.41680077669903,12.752593373493976,0.0
52.41680077669903,12.752735987951809,0.0
52.41680077669903,12.75287860240964,0.0
52.41680077669903,12.75302121686747,0.0
52.41680077669903,12.753163831325303,0.0
52.41680077669903,12.753306445783133,0.0
52.41680077669903,12.753449060240964,0.0
52.41680077669903,12.753591674698797,0.0
52.41680077669903,12.753734289156627,0.0
52.41680077669903,12.753876903614458,0.0
52.41680077669903,12.75401951807229,0.0
52.41680077669903,12.754162132530121,0.0
52.41680077669903,12.754304746987952,0.0
52.41680077669903,12.754447361445784,0.0
52.41680077669903,12.754589975903615,0.0
52.41680077669903,12.754732590361446,0.0
52.41680077669903,12.754875204819278,0.0
52.41680077669903,12.755017819277109,0.0
52.41680077669903,12.75516043373494,0.0
52.41680077669903,12.755303048192772,0.0
52.41680077669903,12.755445662650603,0.0
52.41680077669903,12.755588277108435,0.0
52.41680077669903,12.755730891566266,0.0
52.41680077669903,12.755873506024097,0.0
52.41680077669903,12.75601612048193,0.0
52.41680077669903,12.75615873493976,0.0
52.41680077669903,12.75630134939759,0.0
52.41680077669903,12.756443963855423,0.0
52.41680077669903,12.756586578313254,0.0
52.41680077669903,12.756729192771084,0.0
52.41680077669903,12.756871807228917,0.0
52.41680077669903,12.757014421686748,0.0
52.41680077669903,12.757157036144578,0.0
52.41680077669903,12.75729965060241,0.0
52.41680077669903,12.757442265060241,0.0
52.41680077669903,12.757584879518072,0.0
52.41680077669903,12.757727493975905,0.0
52.41680077669903,12.757870108433735,0.0
52.41680077669903,12.758012722891566,0.0
52.41680077669903,12.758155337349399,0.0
52.41680077669903,12.75829795180723,0.0
52.41680077669903,12.758440566265062,0.0
52.41680077669903,12.758583180722892,0.0
52.41680077669903,12.758725795180723,0.0
52.41680077669903,12.758868409638556,0.0
52.41680077669903,12.759011024096386,0.0
52.41680077669903,12.759153638554217,0.0
52.41680077669903,12.75929625301205,0.0
52.41680077669903,12.75943886746988,0.0
52.41680077669903,12.759581481927711,0.001063134845486851
52.41680077669903,12.759724096385543,0.0021865806882244
52.41680077669903,12.759866710843374,0.0032742240039258658
52.41680077669903,12.760009325301205,0.004322771839746804
52.41680077669903,12.760151939759037,0.00532444452416995
52.41680077669903,12.760294554216868,0.006279844545633291
52.41680077669903,12.760437168674699,0.007196346661605518
52.41680077669903,12.760579783132531,0.008060423657906277
52.41680077669903,12.760722397590362,0.008874712119269037
52.41680077669903,12.760865012048193,0.009641617754671034
52.41680077669903,12.761007626506025,0.010355559682028021
52.41680077669903,12.761150240963856,0.011025161746620538
52.41680077669903,12.761292855421688,0.011636412023090261
52.41680077669903,12.761435469879519,0.012195767337018121
52.41680077669903,12.76157808433735,0.012702846546989789
52.41680077669903,12.761720698795182,0.013158037466894253
52.41680077669903,12.761863313253013,0.013552929978478576
52.41680077669903,12.762005927710844,0.013892170978553064
52.41680077669903,12.762148542168676,0.014175679196497527
52.41680077669903,12.762291156626507,0.014410436121868146
52.41680077669903,12.762433771084337,0.014586780843344336
52.41680077669903,12.76257638554217,0.01470298575879566
52.41680077669903,12.762719,0.014758299447238844
52.41689351456311,12.750882,0.0
52.41689351456311,12.751024614457831,0.0
52.41689351456311,12.751167228915664,0.0
52.41689351456311,12.751309843373495,0.0
52.41689351456311,12.751452457831325,0.0
52.41689351456311,12.751595072289158,0.0
52.41689351456311,12.751737686746988,0.0
52.41689351456311,12.75188030120482,0.0
52.41689351456311,12.752022915662652,0.0
52.41689351456311,12.752165530120482,0.0
52.41689351456311,12.752308144578313,0.0
52.41689351456311,12.752450759036146,0.0
52.41689351456311,12.752593373493976,0.0
52.41689351456311,12.752735987951809,0.0
52.41689351456311,12.75287860240964,0.0
52.41689351456311,12.75302121686747,0.0
52.41689351456311,12.753163831325303,0.0
52.41689351456311,12.753306445783133,0.0
52.41689351456311,12.753449060240964,0.0
52.41689351456311,12.753591674698797,0.0
52.41689351456311,12.753734289156627,0.0
52.41689351456311,12.753876903614458,0.0
52.41689351456311,12.75401951807229,0.0
52.41689351456311,12.754162132530121,0.0
52.41689351456311,12.754304746987952,0.0
52.41689351456311,12.754447361445784,0.0
52.41689351456311,12.754589975903615,0.0
52.41689351456311,12.754732590361446,0.0
52.41689351456311,12.754875204819278,0.0
52.41689351456311,12.755017819277109,0.0
52.41689351456311,12.75516043373494,0.0
52.41689351456311,12.755303048192772,0.0
52.41689351456311,12.755445662650603,0.0
52.41689351456311,12.755588277108435,0.0
52.41689351456311,12.755730891566266,0.0
52.41689351456311,12.755873506024097,0.0
52.41689351456311,12.75601612048193,0.0
52.41689351456311,12.75615873493976,0.0
52.41689351456311,12.75630134939759,0.0
52.41689351456311,12.756443963855423,0.0
52.41689351456311,12.756586578313254,0.0
52.41689351456311,12.756729192771084,0.0
52.41689351456311,12.756871807228917,0.0
52.41689351456311,12.757014421686748,0.0
52.41689351456311,12.757157036144578,0.0
52.41689351456311,12.75729965060241,0.0
52.41689351456311,12.757442265060241,0.0
52.41689351456311,12.757584879518072,0.0
52.41689351456311,12.757727493975905,0.0
52.41689351456311,12.757870108433735,0.0
52.41689351456311,12.758012722891566,0.0
52.41689351456311,12.758155337349399,0.0
52.41689351456311,12.75829795180723,0.0
52.41689351456311,12.758440566265062,0.0
52.41689351456311,12.758583180722892,0.0
52.41689351456311,12.758725795180723,0.0
52.41689351456311,12.758868409638556,0.0
52.41689351456311,12.759011024096386,0.0
52.41689351456311,12.759153638554217,0.0
52.41689351456311,12.75929625301205,0.0
52.41689351456311,12.75943886746988,0.00022980288236346125
52.41689351456311,12.759581481927711,0.0013903391751481312
52.41689351456311,12.759724096385543,0.002509427483306616
52.41689351456311,12.759866710843374,0.00359296857618289
52.41689351456311,12.760009325301205,0.004637597239786449
52.41689351456311,12.760151939759037,0.005635436428339651
52.41689351456311,12.760294554216868,0.006587182513041888
52.41689351456311,12.760437168674699,0.007500193383110233
52.41689351456311,12.760579783132531,0.008360975197881705
52.41689351456311,12.760722397590362,0.009172191231123452
52.41689351456311,12.760865012048193,0.009936093196162406
52.41689351456311,12.761007626506025,0.010647331073688373
52.41689351456311,12.761150240963856,0.011314224188595476
52.41689351456311,12.761292855421688,0.01192306593261248
52.41689351456311,12.761435469879519,0.012480291334886498
52.41689351456311,12.76157808433735,0.012985457259320177
52.41689351456311,12.761720698795182,0.013438828488240429
52.41689351456311,12.761863313253013,0.013832188695409895
52.41689351456311,12.762005927710844,0.014170157610877537
52.41689351456311,12.762148542168676,0.014452571250092021
52.41689351456311,12.762291156626507,0.014686451937445999
52.41689351456311,12.762433771084337,0.014862097004187308
52.41689351456311,12.76257638554217,0.014977780537382385
52.41689351456311,12.762719,0.015032925148861577
52.416986252427186,12.750882,0.0
52.416986252427186,12.751024614457831,0.0
52.416986252427186,12.751167228915664,0.0
52.416986252427186,12.751309843373495,0.0
52.416986252427186,12.751452457831325,0.0
52.416986252427186,12.751595072289158,0.0
52.416986252427186,12.751737686746988,0.0
52.416986252427186,12.75188030120482,0.0
52.416986252427186,12.752022915662652,0.0
52.416986252427186,12.752165530120482,0.0
52.416986252427186,12.752308144578313,0.0
52.416986252427186,12.752450759036146,0.0
52.416986252427186,12.752593373493976,0.0
52.416986252427186,12.752735987951809,0.0
52.416986252427186,12.75287860240964,0.0
52.416986252427186,12.75302121686747,0.0
52.416986252427186,12.753163831325303,0.0
52.416986252427186,12.753306445783133,0.0
52.416986252427186,12.753449060240964,0.0
52.416986252427186,12.753591674698797,0.0
52.416986252427186,12.753734289156627,0.0
52.416986252427186,12.753876903614458,0.0
52.416986252427186,12.75401951807229,0.0
52.416986252427186,12.754162132530121,0.0
52.416986252427186,12.754304746987952,0.0
52.416986252427186,12.754447361445784,0.0
52.416986252427186,12.754589975903615,0.0
52.416986252427186,12.754732590361446,0.0
52.416986252427186,12.754875204819278,0.0
52.416986252427186,12.755017819277109,0.0
52.416986252427186,12.75516043373494,0.0
52.416986252427186,12.755303048192772,0.0
52.416986252427186,12.755445662650603,0.0
52.416986252427186,12.755588277108435,0.0
52.416986252427186,12.755730891566266,0.0
52.416986252427186,12.755873506024097,0.0
52.416986252427186,12.75601612048193,0.0
52.416986252427186,12.75615873493976,0.0
52.416986252427186,12.75630134939759,0.0
52.416986252427186,12.756443963855423,0.0
52.416986252427186,12.756586578313254,0.0
52.416986252427186,12.756729192771084,0.0
52.416986252427186,12.756871807228917,0.0
52.416986252427186,12.757014421686748,0.0
52.416986252427186,12.757157036144578,0.0
52.416986252427186,12.75729965060241,0.0
52.416986252427186,12.757442265060241,0.0
52.416986252427186,12.757584879518072,0.0
52.416986252427186,12.757727493975905,0.0
52.416986252427186,12.757870108433735,0.0
52.416986252427186,12.758012722891566,0.0
52.416986252427186,12.758155337349399,0.0
52.416986252427186,12.75829795180723,0.0
52.416986252427186,12.758440566265062,0.0
52.416986252427186,12.758583180722892,0.0
52.416986252427186,12.758725795180723,0.0
52.416986252427186,12.758868409638556,0.0
52.416986252427186,12.759011024096386,0.0
52.416986252427186,12.759153638554217,0.0
52.416986252427186,12.75929625301205,0.0
52.416986252427186,12.75943886746988,0.0005633021965711395
52.416986252427186,12.759581481927711,0.001719273453355907
52.416986252427186,12.759724096385543,0.002833866012241079
52.416986252427186,12.759866710843374,0.003913172309263538
52.416986252427186,12.760009325301205,0.004953754753335915
52.416986252427186,12.760151939759037,0.0059476379962762095
52.416986252427186,12.760294554216868,0.006895612875606111
52.416986252427186,12.760437168674699,0.007805020701658085
52.416986252427186,12.760579783132531,0.008662401912350046
52.416986252427186,12.760722397590362,0.009470445639677834
52.416986252427186,12.760865012048193,0.010231249622863155
52.416986252427186,12.761007626506025,0.01093969601909568
52.416986252427186,12.761150240963856,0.01160379706060303
52.416986252427186,12.761292855421688,0.012210153633451735
52.416986252427186,12.761435469879519,0.012765180483056384
52.416986252427186,12.76157808433735,0.013268370988472075
52.416986252427186,12.761720698795182,0.013719865796814522
52.416986252427186,12.761863313253013,0.014111645006071257
52.416986252427186,12.762005927710844,0.014448300496310525
52.416986252427186,12.762148542168676,0.014729583964029333
52.416986252427186,12.762291156626507,0.014962560229294293
52.416986252427186,12.762433771084337,0.015137484264847127
52.416986252427186,12.76257638554217,0.01525263139307683
52.416986252427186,12.762719,0.015307600297407535
52.417078990291266,12.750882,0.0
52.417078990291266,12.751024614457831,0.0
52.417078990291266,12.751167228915664,0.0
52.417078990291266,12.751309843373495,0.0
52.417078990291266,12.751452457831325,0.0
52.417078990291266,12.751595072289158,0.0
52.417078990291266,12.751737686746988,0.0
52.417078990291266,12.75188030120482,0.0
52.417078990291266,12.752022915662652,0.0
52.417078990291266,12.752165530120482,0.0
52.417078990291266,12.752308144578313,0.0
52.417078990291266,12.752450759036146,0.0
52.417078990291266,12.752593373493976,0.0
52.417078990291266,12.752735987951809,0.0
52.417078990291266,12.75287860240964,0.0
52.417078990291266,12.75302121686747,0.0
52.417078990291266,12.753163831325303,0.0
52.417078990291266,12.753306445783133,0.0
52.417078990291266,12.753449060240964,0.0
52.417078990291266,12.753591674698797,0.0
52.417078990291266,12.753734289156627,0.0
52.417078990291266,12.753876903614458,0.0
52.417078990291266,12.75401951807229,0.0
52.417078990291266,12.754162132530121,0.0
52.417078990291266,12.754304746987952,0.0
52.417078990291266,12.754447361445784,0.0
52.417078990291266,12.754589975903615,0.0
52.417078990291266,12.754732590361446,0.0
52.417078990291266,12.754875204819278,0.0
52.417078990291266,12.755017819277109,0.0
52.417078990291266,12.75516043373494,0.0
52.417078990291266,12.755303048192772,0.0
52.417078990291266,12.755445662650603,0.0
52.417078990291266,12.755588277108435,0.0
52.417078990291266,12.755730891566266,0.0
52.417078990291266,12.755873506024097,0.0
52.417078990291266,12.75601612048193,0.0
52.417078990291266,12.75615873493976,0.0
52.417078990291266,12.75630134939759,0.0
52.417078990291266,12.756443963855423,0.0
52.417078990291266,12.756586578313254,0.0
52.417078990291266,12.756729192771084,0.0
52.417078990291266,12.756871807228917,0.0
52.417078990291266,12.757014421686748,0.0
52.417078990291266,12.757157036144578,0.0
52.417078990291266,12.75729965060241,0.0
52.417078990291266,12.757442265060241,0.0
52.417078990291266,12.757584879518072,0.0
52.417078990291266,12.757727493975905,0.0
52.417078990291266,12.757870108433735,0.0
52.417078990291266,12.758012722891566,0.0
52.417078990291266,12.758155337349399,0.0
52.417078990291266,12.75829795180723,0.0
52.417078990291266,12.758440566265062,0.0
52.417078990291266,12.758583180722892,0.0
52.417078990291266,12.758725795180723,0.0
52.417078990291266,12.758868409638556,0.0
52.417078990291266,12.759011024096386,0.0
52.417078990291266,12.759153638554217,0.0
52.417078990291266,12.75929625301205,0.0
52.417078990291266,12.75943886746988,0.00089493127543455
52.417078990291266,12.759581481927711,0.002046197831743913
52.417078990291266,12.759724096385543,0.003156159354165684
52.417078990291266,12.759866710843374,0.004231101249711737
52.417078990291266,12.760009325301205,0.005267513215711299
52.417078990291266,12.760151939759037,0.006257320389540555
52.417078990291266,12.760294554216868,0.007201409303687575
52.417078990291266,12.760437168674699,0.00810710445896907
52.417078990291266,12.760579783132531,0.00896098189975968
52.417078990291266,12.760722397590362,0.009765755693818774
52.417078990291266,12.760865012048193,0.010523368686709032
52.417078990291266,12.761007626506025,0.011228938183355481
52.417078990291266,12.761150240963856,0.011890165569367195
52.417078990291266,12.761292855421688,0.01249396255426859
52.417078990291266,12.761435469879519,0.013046723489632584
52.417078990291266,12.76157808433735,0.013547877964579805
52.417078990291266,12.761720698795182,0.01399744128015973
52.417078990291266,12.761863313253013,0.014387591726472911
52.417078990291266,12.762005927710844,0.014722893493673665
52.417078990291266,12.762148542168676,0.01500301218121184
52.417078990291266,12.762291156626507,0.015235056399684642
52.417078990291266,12.762433771084337,0.015409238435279315
52.417078990291266,12.76257638554217,0.015523834177790078
52.417078990291266,12.762719,0.015578620761257048
52.41717172815534,12.750882,0.0
52.41717172815534,12.751024614457831,0.0
52.41717172815534,12.751167228915664,0.0
52.41717172815534,12.751309843373495,0.0
52.41717172815534,12.751452457831325,0.0
52.41717172815534,12.751595072289158,0.0
52.41717172815534,12.751737686746988,0.0
52.41717172815534,12.75188030120482,0.0
52.41717172815534,12.752022915662652,0.0
52.41717172815534,12.752165530120482,0.0
52.41717172815534,12.752308144578313,0.0
52.41717172815534,12.752450759036146,0.0
52.41717172815534,12.752593373493976,0.0
52.41717172815534,12.752735987951809,0.0
52.41717172815534,12.75287860240964,0.0
52.41717172815534,12.75302121686747,0.0
52.41717172815534,12.753163831325303,0.0
52.41717172815534,12.753306445783133,0.0
52.41717172815534,12.753449060240964,0.0
52.41717172815534,12.753591674698797,0.0
52.41717172815534,12.753734289156627,0.0
52.41717172815534,12.753876903614458,0.0
52.41717172815534,12.75401951807229,0.0
52.41717172815534,12.754162132530121,0.0
52.41717172815534,12.754304746987952,0.0
52.41717172815534,12.754447361445784,0.0
52.41717172815534,12.754589975903615,0.0
52.41717172815534,12.754732590361446,0.0
52.41717172815534,12.754875204819278,0.0
52.41717172815534,12.755017819277109,0.0
52.41717172815534,12.75516043373494,0.0
52.41717172815534,12.755303048192772,0.0
52.41717172815534,12.755445662650603,0.0
52.41717172815534,12.755588277108435,0.0
52.41717172815534,12.755730891566266,0.0
52.41717172815534,12.755873506024097,0.0
52.41717172815534,12.75601612048193,0.0
52.41717172815534,12.75615873493976,0.0
52.41717172815534,12.75630134939759,0.0
52.41717172815534,12.756443963855423,0.0
52.41717172815534,12.756586578313254,0.0
52.41717172815534,12.756729192771084,0.0
52.41717172815534,12.756871807228917,0.0
52.41717172815534,12.757014421686748,0.0
52.41717172815534,12.757157036144578,0.0
52.41717172815534,12.75729965060241,0.0
52.41717172815534,12.757442265060241,0.0
52.41717172815534,12.757584879518072,0.0
52.41717172815534,12.757727493975905,0.0
52.41717172815534,12.757870108433735,0.0
52.41717172815534,12.758012722891566,0.0
52.41717172815534,12.758155337349399,0.0
52.41717172815534,12.75829795180723,0.0
52.41717172815534,12.758440566265062,0.0
52.41717172815534,12.758583180722892,0.0
52.41717172815534,12.758725795180723,0.0
52.41717172815534,12.758868409638556,0.0
52.41717172815534,12.759011024096386,0.0
52.41717172815534,12.759153638554217,0.0
52.41717172815534,12.75929625301205,4.186041136594772e-05
52.41717172815534,12.75943886746988,0.001229343185013769
52.41717172815534,12.759581481927711,0.0023757758697891124
52.41717172815534,12.759724096385543,0.0034809804880087843
52.41717172815534,12.759866710843374,0.004551437202236469
52.41717172815534,12.760009325301205,0.0055835625752357395
52.41717172815534,12.760151939759037,0.006569182066301844
52.41717172815534,12.760294554216868,0.007509278155300797
52.41717172815534,12.760437168674699,0.008411158691407926
52.41717172815534,12.760579783132531,0.00926143591263928
52.41717172815534,12.760722397590362,0.010062848893348793
52.41717172815534,12.760865012048193,0.01081718465097529
52.41717172815534,12.761007626506025,0.011519797393398614
52.41717172815534,12.761150240963856,0.01217807578716038
52.41717172815534,12.761292855421688,0.01277924356904879
52.41717172815534,12.761435469879519,0.013329675926526827
52.41717172815534,12.76157808433735,0.013828737809610681
52.41717172815534,12.761720698795182,0.014276318363210997
52.41717172815534,12.761863313253013,0.014664795956270363
52.41717172815534,12.762005927710844,0.014998706640418635
52.41717172815534,12.762148542168676,0.015277628479168463
52.41717172815534,12.762291156626507,0.01550871526911075
52.41717172815534,12.762433771084337,0.015682136150780096
52.41717172815534,12.76257638554217,0.015796167018051463
52.41717172815534,12.762719,0.015850764997366103
52.41726446601942,12.750882,0.0
52.41726446601942,12.751024614457831,0.0
52.41726446601942,12.751167228915664,0.0
52.41726446601942,12.751309843373495,0.0
52.41726446601942,12.751452457831325,0.0
52.41726446601942,12.751595072289158,0.0
52.41726446601942,12.751737686746988,0.0
52.41726446601942,12.75188030120482,0.0
52.41726446601942,12.752022915662652,0.0
52.41726446601942,12.752165530120482,0.0
52.41726446601942,12.752308144578313,0.0
52.41726446601942,12.752450759036146,0.0
52.41726446601942,12.752593373493976,0.0
52.41726446601942,12.752735987951809,0.0
52.41726446601942,12.75287860240964,0.0
52.41726446601942,12.75302121686747,0.0
52.41726446601942,12.753163831325303,0.0
52.41726446601942,12.753306445783133,0.0
52.41726446601942,12.753449060240964,0.0
52.41726446601942,12.753591674698797,0.0
52.41726446601942,12.753734289156627,0.0
52.41726446601942,12.753876903614458,0.0
52.41726446601942,12.75401951807229,0.0
52.41726446601942,12.754162132530121,0.0
52.41726446601942,12.754304746987952,0.0
52.41726446601942,12.754447361445784,0.0
52.41726446601942,12.754589975903615,0.0
52.41726446601942,12.754732590361446,0.0
52.41726446601942,12.754875204819278,0.0
52.41726446601942,12.755017819277109,0.0
52.41726446601942,12.75516043373494,0.0
52.41726446601942,12.755303048192772,0.0
52.41726446601942,12.755445662650603,0.0
52.41726446601942,12.755588277108435,0.0
52.41726446601942,12.755730891566266,0.0
52.41726446601942,12.755873506024097,0.0
52.41726446601942,12.75601612048193,0.0
52.41726446601942,12.75615873493976,0.0
52.41726446601942,12.75630134939759,0.0
52.41726446601942,12.756443963855423,0.0
52.41726446601942,12.756586578313254,0.0
52.41726446601942,12.756729192771084,0.0
52.41726446601942,12.756871807228917,0.0
52.41726446601942,12.757014421686748,0.0
52.41726446601942,12.757157036144578,0.0
52.41726446601942,12.75729965060241,0.0
52.41726446601942,12.757442265060241,0.0
52.41726446601942,12.757584879518072,0.0
52.41726446601942,12.757727493975905,0.0
52.41726446601942,12.757870108433735,0.0
52.41726446601942,12.758012722891566,0.0
52.41726446601942,12.758155337349399,0.0
52.41726446601942,12.75829795180723,0.0
52.41726446601942,12.758440566265062,0.0
52.41726446601942,12.758583180722892,0.0
52.41726446601942,12.758725795180723,0.0
52.41726446601942,12.758868409638556,0.0
52.41726446601942,12.759011024096386,0.0
52.41726446601942,12.759153638554217,0.0
52.41726446601942,12.75929625301205,0.00038445912147645235
52.41726446601942,12.75943886746988,0.0015669553921850883
52.41726446601942,12.759581481927711,0.0027084801246923555
52.41726446601942,12.759724096385543,0.003808855865097072
52.41726446601942,12.759866710843374,0.004874758600415127
52.41726446601942,12.760009325301205,0.005902531956413236
52.41726446601942,12.760151939759037,0.0068839003718796175
52.41726446601942,12.760294554216868,0.007819942895752979
52.41726446601942,12.760437168674699,0.00871795091637051
52.41726446601942,12.760579783132531,0.009564572927490883
52.41726446601942,12.760722397590362,0.010362573552640022
52.41726446601942,12.760865012048193,0.011113582822097106
52.41726446601942,12.761007626506025,0.011813193667799836
52.41726446601942,12.761150240963856,0.012468479695319827
52.41726446601942,12.761292855421688,0.013066978263620197
52.41726446601942,12.761435469879519,0.013615046445861295
52.41726446601942,12.76157808433735,0.014111983555253206
52.41726446601942,12.761720698795182,0.014557551800948669
52.41726446601942,12.761863313253013,0.014944331368040666
52.41726446601942,12.762005927710844,0.015276829697480903
52.41726446601942,12.762148542168676,0.015554535910424504
52.41726446601942,12.762291156626507,0.015784650923561336
52.41726446601942,12.762433771084337,0.015957299095805733
52.41726446601942,12.76257638554217,0.016070756826310175
52.41726446601942,12.762719,0.016125162658171398
52.4173572038835,12.750882,0.0
52.4173572038835,12.751024614457831,0.0
52.4173572038835,12.751167228915664,0.0
52.4173572038835,12.751309843373495,0.0
52.4173572038835,12.751452457831325,0.0
52.4173572038835,12.751595072289158,0.0
52.4173572038835,12.751737686746988,0.0
52.4173572038835,12.75188030120482,0.0
52.4173572038835,12.752022915662652,0.0
52.4173572038835,12.752165530120482,0.0
52.4173572038835,12.752308144578313,0.0
52.4173572038835,12.752450759036146,0.0
52.4173572038835,12.752593373493976,0.0
52.4173572038835,12.752735987951809,0.0
52.4173572038835,12.75287860240964,0.0
52.4173572038835,12.75302121686747,0.0
52.4173572038835,12.753163831325303,0.0
52.4173572038835,12.753306445783133,0.0
52.4173572038835,12.753449060240964,0.0
52.4173572038835,12.753591674698797,0.0
52.4173572038835,12.753734289156627,0.0
52.4173572038835,12.753876903614458,0.0
52.4173572038835,12.75401951807229,0.0
52.4173572038835,12.754162132530121,0.0
52.4173572038835,12.754304746987952,0.0
52.4173572038835,12.754447361445784,0.0
52.4173572038835,12.754589975903615,0.0
52.4173572038835,12.754732590361446,0.0
52.4173572038835,12.754875204819278,0.0
52.4173572038835,12.755017819277109,0.0
52.4173572038835,12.75516043373494,0.0
52.4173572038835,12.755303048192772,0.0
52.4173572038835,12.755445662650603,0.0
52.4173572038835,12.755588277108435,0.0
52.4173572038835,12.755730891566266,0.0
52.4173572038835,12.755873506024097,0.0
52.4173572038835,12.75601612048193,0.0
52.4173572038835,12.75615873493976,0.0
52.4173572038835,12.75630134939759,0.0
52.4173572038835,12.756443963855423,0.0
52.4173572038835,12.756586578313254,0.0
52.4173572038835,12.756729192771084,0.0
52.4173572038835,12.756871807228917,0.0
52.4173572038835,12.757014421686748,0.0
52.4173572038835,12.757157036144578,0.0
52.4173572038835,12.75729965060241,0.0
52.4173572038835,12.757442265060241,0.0
52.4173572038835,12.757584879518072,0.0
52.4173572038835,12.757727493975905,0.0
52.4173572038835,12.757870108433735,0.0
52.4173572038835,12.758012722891566,0.0
52.4173572038835,12.758155337349399,0.0
52.4173572038835,12.75829795180723,0.0
52.4173572038835,12.758440566265062,0.0
52.4173572038835,12.758583180722892,0.0
52.4173572038835,12.758725795180723,0.0
52.4173572038835,12.758868409638556,0.0
52.4173572038835,12.759011024096386,0.0
52.4173572038835,12.759153638554217,0.0
52.4173572038835,12.75929625301205,0.0007280371394496454
52.4173572038835,12.75943886746988,0.001905447359809206
52.4173572038835,12.759581481927711,0.003041967117332559
52.4173572038835,12.759724096385543,0.004137419236977177
52.4173572038835,12.759866710843374,0.005198677711481449
52.4173572038835,12.760009325301205,0.006222011619459804
52.4173572038835,12.760151939759037,0.007199045008665257
52.4173572038835,12.760294554216868,0.008130953614399684
52.4173572038835,12.760437168674699,0.009025012183678478
52.4173572038835,12.760579783132531,0.00986790694548622
52.4173572038835,12.760722397590362,0.010662426633255279
52.4173572038835,12.760865012048193,0.01141004438803235
52.4173572038835,12.761007626506025,0.012106593244105034
52.4173572038835,12.761150240963856,0.012758829573840978
52.4173572038835,12.761292855421688,0.013354606062266272
52.4173572038835,12.761435469879519,0.013900262804414962
52.4173572038835,12.76157808433735,0.014395032340587826
52.4173572038835,12.761720698795182,0.014838549657918329
52.4173572038835,12.761863313253013,0.015223597759247098
52.4173572038835,12.762005927710844,0.015554655663700533
52.4173572038835,12.762148542168676,0.015831121833008468
52.4173572038835,12.762291156626507,0.016060245631827404
52.4173572038835,12.762433771084337,0.01623210678061511
52.4173572038835,12.76257638554217,0.016344981018233985
52.4173572038835,12.762719,0.016399189971283517
52.41744994174757,12.750882,0.0
52.41744994174757,12.751024614457831,0.0
52.41744994174757,12.751167228915664,0.0
52.41744994174757,12.751309843373495,0.0
52.41744994174757,12.751452457831325,0.0
52.41744994174757,12.751595072289158,0.0
52.41744994174757,12.751737686746988,0.0
52.41744994174757,12.75188030120482,0.0
52.41744994174757,12.752022915662652,0.0
52.41744994174757,12.752165530120482,0.0
52.41744994174757,12.752308144578313,0.0
52.41744994174757,12.752450759036146,0.0
52.41744994174757,12.752593373493976,0.0
52.41744994174757,12.752735987951809,0.0
52.41744994174757,12.75287860240964,0.0
52.41744994174757,12.75302121686747,0.0
52.41744994174757,12.753163831325303,0.0
52.41744994174757,12.753306445783133,0.0
52.41744994174757,12.753449060240964,0.0
52.41744994174757,12.753591674698797,0.0
52.41744994174757,12.753734289156627,0.0
52.41744994174757,12.753876903614458,0.0
52.41744994174757,12.75401951807229,0.0
52.41744994174757,12.754162132530121,0.0
52.41744994174757,12.754304746987952,0.0
52.41744994174757,12.754447361445784,0.0
52.41744994174757,12.754589975903615,0.0
52.41744994174757,12.754732590361446,0.0
52.41744994174757,12.754875204819278,0.0
52.41744994174757,12.755017819277109,0.0
52.41744994174757,12.75516043373494,0.0
52.41744994174757,12.755303048192772,0.0
52.41744994174757,12.755445662650603,0.0
52.41744994174757,12.755588277108435,0.0
52.41744994174757,12.755730891566266,0.0
52.41744994174757,12.755873506024097,0.0
52.41744994174757,12.75601612048193,0.0
52.41744994174757,12.75615873493976,0.0
52.41744994174757,12.75630134939759,0.0
52.41744994174757,12.756443963855423,0.0
52.41744994174757,12.756586578313254,0.0
52.41744994174757,12.756729192771084,0.0
52.41744994174757,12.756871807228917,0.0
52.41744994174757,12.757014421686748,0.0
52.41744994174757,12.757157036144578,0.0
52.41744994174757,12.75729965060241,0.0
52.41744994174757,12.757442265060241,0.0
52.41744994174757,12.757584879518072,0.0
52.41744994174757,12.757727493975905,0.0
52.41744994174757,12.757870108433735,0.0
52.41744994174757,12.758012722891566,0.0
52.41744994174757,12.758155337349399,0.0
52.41744994174757,12.75829795180723,0.0
52.41744994174757,12.758440566265062,0.0
52.41744994174757,12.758583180722892,0.0
52.41744994174757,12.758725795180723,0.0
52.41744994174757,12.758868409638556,0.0
52.41744994174757,12.759011024096386,0.0
52.41744994174757,12.759153638554217,0.0
52.41744994174757,12.75929625301205,0.0010646098120776163
52.41744994174757,12.75943886746988,0.0022368119593568093
52.41744994174757,12.759581481927711,0.003368207830380266
52.41744994174757,12.759724096385543,0.004458621099509054
52.41744994174757,12.759866710843374,0.005515124376146308
52.41744994174757,12.760009325301205,0.00653391269449087
52.41744994174757,12.760151939759037,0.007506508818709097
52.41744994174757,12.760294554216868,0.00843418551236549
52.41744994174757,12.760437168674699,0.009324201380187143
52.41744994174757,12.760579783132531,0.010163280584001321
52.41744994174757,12.760722397590362,0.010954235844477592
52.41744994174757,12.760865012048193,0.011698383198083593
52.41744994174757,12.761007626506025,0.01239179697807741
52.41744994174757,12.761150240963856,0.01304091501214581
52.41744994174757,12.761292855421688,0.013633905619342662
52.41744994174757,12.761435469879519,0.014177093198707018
52.41744994174757,12.76157808433735,0.014669643479428212
52.41744994174757,12.761720698795182,0.0151110631071185
52.41744994174757,12.761863313253013,0.015494338971313488
52.41744994174757,12.762005927710844,0.01582392228681176
52.41744994174757,12.762148542168676,0.01609911869057664
52.41744994174757,12.762291156626507,0.016327227926274702
52.41744994174757,12.762433771084337,0.016498284385236588
52.41744994174757,12.76257638554217,0.01661056271895543
52.41744994174757,12.762719,0.01666456887051926
52.41754267961165,12.750882,0.0
52.41754267961165,12.751024614457831,0.0
52.41754267961165,12.751167228915664,0.0
52.41754267961165,12.751309843373495,0.0
52.41754267961165,12.751452457831325,0.0
52.41754267961165,12.751595072289158,0.0
52.41754267961165,12.751737686746988,0.0
52.41754267961165,12.75188030120482,0.0
52.41754267961165,12.752022915662652,0.0
52.41754267961165,12.752165530120482,0.0
52.41754267961165,12.752308144578313,0.0
52.41754267961165,12.752450759036146,0.0
52.41754267961165,12.752593373493976,0.0
52.41754267961165,12.752735987951809,0.0
52.41754267961165,12.75287860240964,0.0
52.41754267961165,12.75302121686747,0.0
52.41754267961165,12.753163831325303,0.0
52.41754267961165,12.753306445783133,0.0
52.41754267961165,12.753449060240964,0.0
52.41754267961165,12.753591674698797,0.0
52.41754267961165,12.753734289156627,0.0
52.41754267961165,12.753876903614458,0.0
52.41754267961165,12.75401951807229,0.0
52.41754267961165,12.754162132530121,0.0
52.41754267961165,12.754304746987952,0.0
52.41754267961165,12.754447361445784,0.0
52.41754267961165,12.754589975903615,0.0
52.41754267961165,12.754732590361446,0.0
52.41754267961165,12.754875204819278,0.0
52.41754267961165,12.755017819277109,0.0
52.41754267961165,12.75516043373494,0.0
52.41754267961165,12.755303048192772,0.0
52.41754267961165,12.755445662650603,0.0
52.41754267961165,12.755588277108435,0.0
52.41754267961165,12.755730891566266,0.0
52.41754267961165,12.755873506024097,0.0
52.41754267961165,12.75601612048193,0.0
52.41754267961165,12.75615873493976,0.0
52.41754267961165,12.75630134939759,0.0
52.41754267961165,12.756443963855423,0.0
52.41754267961165,12.756586578313254,0.0
52.41754267961165,12.756729192771084,0.0
52.41754267961165,12.756871807228917,0.0
52.41754267961165,12.757014421686748,0.0
52.41754267961165,12.757157036144578,0.0
52.41754267961165,12.75729965060241,0.0
52.41754267961165,12.757442265060241,0.0
52.41754267961165,12.757584879518072,0.0
52.41754267961165,12.757727493975905,0.0
52.41754267961165,12.757870108433735,0.0
52.41754267961165,12.758012722891566,0.0
52.41754267961165,12.758155337349399,0.0
52.41754267961165,12.75829795180723,0.0
52.41754267961165,12.758440566265062,0.0
52.41754267961165,12.758583180722892,0.0
52.41754267961165,12.758725795180723,0.0
52.41754267961165,12.758868409638556,0.0
52.41754267961165,12.759011024096386,0.0
52.41754267961165,12.759153638554217,0.00021596798341221718
52.41754267961165,12.75929625301205,0.0014123611119809722
52.41754267961165,12.75943886746988,0.0025792443739333475
52.41754267961165,12.759581481927711,0.0037054088820239386
52.41754267961165,12.759724096385543,0.004790679049501265
52.41754267961165,12.759866710843374,0.005842326837836706
52.41754267961165,12.760009325301205,0.006856473198794949
52.41754267961165,12.760151939759037,0.007824539174292615
52.41754267961165,12.760294554216868,0.00874789507820294
52.41754267961165,12.760437168674699,0.009633783364474208
52.41754267961165,12.760579783132531,0.010468967066075878
52.41754267961165,12.760722397590362,0.011256282064211136
52.41754267961165,12.760865012048193,0.011996887601640381
52.41754267961165,12.761007626506025,0.012687099886289733
52.41754267961165,12.761150240963856,0.013333036810252512
52.41754267961165,12.761292855421688,0.013923183667887975
52.41754267961165,12.761435469879519,0.014463850206720148
52.41754267961165,12.76157808433735,0.014954133787887194
52.41754267961165,12.761720698795182,0.015393413120873983
52.41754267961165,12.761863313253013,0.01577487986160045
52.41754267961165,12.762005927710844,0.0161029571467596
52.41754267961165,12.762148542168676,0.01637685696846471
52.41754267961165,12.762291156626507,0.01660393030966632
52.41754267961165,12.762433771084337,0.016774166151823304
52.41754267961165,12.76257638554217,0.01688583714907626
52.41754267961165,12.762719,0.016939635230469353
52.41763541747573,12.750882,0.0
52.41763541747573,12.751024614457831,0.0
52.41763541747573,12.751167228915664,0.0
52.41763541747573,12.751309843373495,0.0
52.41763541747573,12.751452457831325,0.0
52.41763541747573,12.751595072289158,0.0
52.41763541747573,12.751737686746988,0.0
52.41763541747573,12.75188030120482,0.0
52.41763541747573,12.752022915662652,0.0
52.41763541747573,12.752165530120482,0.0
52.41763541747573,12.752308144578313,0.0
52.41763541747573,12.752450759036146,0.0
52.41763541747573,12.752593373493976,0.0
52.41763541747573,12.752735987951809,0.0
52.41763541747573,12.75287860240964,0.0
52.41763541747573,12.75302121686747,0.0
52.41763541747573,12.753163831325303,0.0
52.41763541747573,12.753306445783133,0.0
52.41763541747573,12.753449060240964,0.0
52.41763541747573,12.753591674698797,0.0
52.41763541747573,12.753734289156627,0.0
52.41763541747573,12.753876903614458,0.0
52.41763541747573,12.75401951807229,0.0
52.41763541747573,12.754162132530121,0.0
52.41763541747573,12.754304746987952,0.0
52.41763541747573,12.754447361445784,0.0
52.41763541747573,12.754589975903615,0.0
52.41763541747573,12.754732590361446,0.0
52.41763541747573,12.754875204819278,0.0
52.41763541747573,12.755017819277109,0.0
52.41763541747573,12.75516043373494,0.0
52.41763541747573,12.755303048192772,0.0
52.41763541747573,12.755445662650603,0.0
52.41763541747573,12.755588277108435,0.0
52.41763541747573,12.755730891566266,0.0
52.41763541747573,12.755873506024097,0.0
52.41763541747573,12.75601612048193,0.0
52.41763541747573,12.75615873493976,0.0
52.41763541747573,12.75630134939759,0.0
52.41763541747573,12.756443963855423,0.0
52.41763541747573,12.756586578313254,0.0
52.41763541747573,12.756729192771084,0.0
52.41763541747573,12.756871807228917,0.0
52.41763541747573,12.757014421686748,0.0
52.41763541747573,12.757157036144578,0.0
52.41763541747573,12.75729965060241,0.0
52.41763541747573,12.757442265060241,0.0
52.41763541747573,12.757584879518072,0.0
52.41763541747573,12.757727493975905,0.0
52.41763541747573,12.757870108433735,0.0
52.41763541747573,12.758012722891566,0.0
52.41763541747573,12.758155337349399,0.0
52.41763541747573,12.75829795180723,0.0
52.41763541747573,12.758440566265062,0.0
52.41763541747573,12.758583180722892,0.0
52.41763541747573,12.758725795180723,0.0
52.41763541747573,12.758868409638556,0.0
52.41763541747573,12.759011024096386,0.0
52.41763541747573,12.759153638554217,0.0005601230262728949
52.41763541747573,12.75929625301205,0.001750935914123274
52.41763541747573,12.75943886746988,0.002912434525388167
52.41763541747573,12.759581481927711,0.00403330324640317
52.41763541747573,12.759724096385543,0.005113367856832572
52.41763541747573,12.759866710843374,0.006160100437556937
52.41763541747573,12.760009325301205,0.007169547426708143
52.41763541747573,12.760151939759037,0.008133027809148865
52.41763541747573,12.760294554216868,0.009052010118370618
52.41763541747573,12.760437168674699,0.009933720406285977
52.41763541747573,12.760579783132531,0.010764961271126668
52.41763541747573,12.760722397590362,0.011548591149362863
52.41763541747573,12.760865012048193,0.012285612252001143
52.41763541747573,12.761007626506025,0.012972583759386987
52.41763541747573,12.761150240963856,0.013615302387783586
52.41763541747573,12.761292855421688,0.014202570460210054
52.41763541747573,12.761435469879519,0.014740684803261956
52.41763541747573,12.76157808433735,0.01522867380338354
52.41763541747573,12.761720698795182,0.015665787311372775
52.41763541747573,12.761863313253013,0.01604542319152273
52.41763541747573,12.762005927710844,0.01637197632428645
52.41763541747573,12.762148542168676,0.016644563428265882
52.41763541747573,12.762291156626507,0.01687058821430971
52.41763541747573,12.762433771084337,0.01703999397847744
52.41763541747573,12.76257638554217,0.017151050722853906
52.41763541747573,12.762719,0.017204637702012013
52.41772815533981,12.750882,0.0
52.41772815533981,12.751024614457831,0.0
52.41772815533981,12.751167228915664,0.0
52.41772815533981,12.751309843373495,0.0
52.41772815533981,12.751452457831325,0.0
52.41772815533981,12.751595072289158,0.0
52.41772815533981,12.751737686746988,0.0
52.41772815533981,12.75188030120482,0.0
52.41772815533981,12.752022915662652,0.0
52.41772815533981,12.752165530120482,0.0
52.41772815533981,12.752308144578313,0.0
52.41772815533981,12.752450759036146,0.0
52.41772815533981,12.752593373493976,0.0
52.41772815533981,12.752735987951809,0.0
52.41772815533981,12.75287860240964,0.0
52.41772815533981,12.75302121686747,0.0
52.41772815533981,12.753163831325303,0.0
52.41772815533981,12.753306445783133,0.0
52.41772815533981,12.753449060240964,0.0
52.41772815533981,12.753591674698797,0.0
52.41772815533981,12.753734289156627,0.0
52.41772815533981,12.753876903614458,0.0
52.41772815533981,12.75401951807229,0.0
52.41772815533981,12.754162132530121,0.0
52.41772815533981,12.754304746987952,0.0
52.41772815533981,12.754447361445784,0.0
52.41772815533981,12.754589975903615,0.0
52.41772815533981,12.754732590361446,0.0
52.41772815533981,12.754875204819278,0.0
52.41772815533981,12.755017819277109,0.0
52.41772815533981,12.75516043373494,0.0
52.41772815533981,12.755303048192772,0.0
52.41772815533981,12.755445662650603,0.0
52.41772815533981,12.755588277108435,0.0
52.41772815533981,12.755730891566266,0.0
52.41772815533981,12.755873506024097,0.0
52.41772815533981,12.75601612048193,0.0
52.41772815533981,12.75615873493976,0.0
52.41772815533981,12.75630134939759,0.0
52.41772815533981,12.756443963855423,0.0
52.41772815533981,12.756586578313254,0.0
52.41772815533981,12.756729192771084,0.0
52.41772815533981,12.756871807228917,0.0
52.41772815533981,12.757014421686748,0.0
52.41772815533981,12.757157036144578,0.0
52.41772815533981,12.75729965060241,0.0
52.41772815533981,12.757442265060241,0.0
52.41772815533981,12.757584879518072,0.0
52.41772815533981,12.757727493975905,0.0
52.41772815533981,12.757870108433735,0.0
52.41772815533981,12.758012722891566,0.0
52.41772815533981,12.758155337349399,0.0
52.41772815533981,12.75829795180723,0.0
52.41772815533981,12.758440566265062,0.0
52.41772815533981,12.758583180722892,0.0
52.41772815533981,12.758725795180723,0.0
52.41772815533981,12.758868409638556,0.0
52.41772815533981,12.759011024096386,0.0
52.41772815533981,12.759153638554217,0.0009122459867475815
52.41772815533981,12.75929625301205,0.0020973580547009145
52.41772815533981,12.75943886746988,0.0032533551624687046
52.41772815533981,12.759581481927711,0.004368814968312282
52.41772815533981,12.759724096385543,0.005443564467809572
52.41772815533981,12.759866710843374,0.0064852762914903075
52.41772815533981,12.760009325301205,0.007489922350970752
52.41772815533981,12.760151939759037,0.008448719819085671
52.41772815533981,12.760294554216868,0.009363235136344631
52.41772815533981,12.760437168674699,0.010240678494063057
52.41772815533981,12.760579783132531,0.011067892265237429
52.41772815533981,12.760722397590362,0.011847757391791662
52.41772815533981,12.760865012048193,0.012581118978403007
52.41772815533981,12.761007626506025,0.013264779798900238
52.41772815533981,12.761150240963856,0.01390421474522676
52.41772815533981,12.761292855421688,0.014488543550182602
52.41772815533981,12.761435469879519,0.01502405073384664
52.41772815533981,12.76157808433735,0.015509695541468766
52.41772815533981,12.761720698795182,0.015944598659484305
52.41772815533981,12.761863313253013,0.01632236499640095
52.41772815533981,12.762005927710844,0.01664736096434946
52.41772815533981,12.762148542168676,0.016918607180518727
52.41772815533981,12.762291156626507,0.017143561387797993
52.41772815533981,12.762433771084337,0.017312120102030287
52.41772815533981,12.76257638554217,0.01742255109057215
52.41772815533981,12.762719,0.017475920924536398
52.41782089320388,12.750882,0.0
52.41782089320388,12.751024614457831,0.0
52.41782089320388,12.751167228915664,0.0
52.41782089320388,12.751309843373495,0.0
52.41782089320388,12.751452457831325,0.0
52.41782089320388,12.751595072289158,0.0
52.41782089320388,12.751737686746988,0.0
52.41782089320388,12.75188030120482,0.0
52.41782089320388,12.752022915662652,0.0
52.41782089320388,12.752165530120482,0.0
52.41782089320388,12.752308144578313,0.0
52.41782089320388,12.752450759036146,0.0
52.41782089320388,12.752593373493976,0.0
52.41782089320388,12.752735987951809,0.0
52.41782089320388,12.75287860240964,0.0
52.41782089320388,12.75302121686747,0.0
52.41782089320388,12.753163831325303,0.0
52.41782089320388,12.753306445783133,0.0
52.41782089320388,12.753449060240964,0.0
52.41782089320388,12.753591674698797,0.0
52.41782089320388,12.753734289156627,0.0
52.41782089320388,12.753876903614458,0.0
52.41782089320388,12.75401951807229,0.0
52.41782089320388,12.754162132530121,0.0
52.41782089320388,12.754304746987952,0.0
52.41782089320388,12.754447361445784,0.0
52.41782089320388,12.754589975903615,0.0
52.41782089320388,12.754732590361446,0.0
52.41782089320388,12.754875204819278,0.0
52.41782089320388,12.755017819277109,0.0
52.41782089320388,12.75516043373494,0.0
52.41782089320388,12.755303048192772,0.0
52.41782089320388,12.755445662650603,0.0
52.41782089320388,12.755588277108435,0.0
52.41782089320388,12.755730891566266,0.0
52.41782089320388,12.755873506024097,0.0
52.41782089320388,12.75601612048193,0.0
52.41782089320388,12.75615873493976,0.0
52.41782089320388,12.75630134939759,0.0
52.41782089320388,12.756443963855423,0.0
52.41782089320388,12.756586578313254,0.0
52.41782089320388,12.756729192771084,0.0
52.41782089320388,12.756871807228917,0.0
52.41782089320388,12.757014421686748,0.0
52.41782089320388,12.757157036144578,0.0
52.41782089320388,12.75729965060241,0.0
52.41782089320388,12.757442265060241,0.0
52.41782089320388,12.757584879518072,0.0
52.41782089320388,12.757727493975905,0.0
52.41782089320388,12.757870108433735,0.0
52.41782089320388,12.758012722891566,0.0
52.41782089320388,12.758155337349399,0.0
52.41782089320388,12.75829795180723,0.0
52.41782089320388,12.758440566265062,0.0
52.41782089320388,12.758583180722892,0.0
52.41782089320388,12.758725795180723,0.0
52.41782089320388,12.758868409638556,0.0
52.41782089320388,12.759011024096386,5.541190519344798e-05
52.41782089320388,12.759153638554217,0.0012633003211277554
52.41782089320388,12.75929625301205,0.0024425742580328463
52.41782089320388,12.75943886746988,0.0035929364820597477
52.41782089320388,12.759581481927711,0.004702857694880702
52.41782089320388,12.759724096385543,0.005772166382944031
52.41782089320388,12.759866710843374,0.0068087365667416685
52.41782089320388,12.760009325301205,0.0078084657427402795
52.41782089320388,12.760151939759037,0.008762469018132012
52.41782089320388,12.760294554216868,0.009672410595412894
52.41782089320388,12.760437168674699,0.010545484943953678
52.41782089320388,12.760579783132531,0.011368575352783681
52.41782089320388,12.760722397590362,0.01214458439516538
52.41782089320388,12.760865012048193,0.012874201079636969
52.41782089320388,12.761007626506025,0.013554471662761266
52.41782089320388,12.761150240963856,0.014190548404930791
52.41782089320388,12.761292855421688,0.014771868892836201
52.41782089320388,12.761435469879519,0.015304706662434032
52.41782089320388,12.76157808433735,0.015787950792449938
52.41782089320388,12.761720698795182,0.01622059320495233
52.41782089320388,12.761863313253013,0.016596445738587214
52.41782089320388,12.762005927710844,0.01691984731198326
52.41782089320388,12.762148542168676,0.0171897202744328
52.41782089320388,12.762291156626507,0.017413578183666033
52.41782089320388,12.762433771084337,0.01758127081718279
52.41782089320388,12.76257638554217,0.017691062893472435
52.41782089320388,12.762719,0.017744209329909156
52.41791363106796,12.750882,0.0
52.41791363106796,12.751024614457831,0.0
52.41791363106796,12.751167228915664,0.0
52.41791363106796,12.751309843373495,0.0
52.41791363106796,12.751452457831325,0.0
52.41791363106796,12.751595072289158,0.0
52.41791363106796,12.751737686746988,0.0
52.41791363106796,12.75188030120482,0.0
52.41791363106796,12.752022915662652,0.0
52.41791363106796,12.752165530120482,0.0
52.41791363106796,12.752308144578313,0.0
52.41791363106796,12.752450759036146,0.0
52.41791363106796,12.752593373493976,0.0
52.41791363106796,12.752735987951809,0.0
52.41791363106796,12.75287860240964,0.0
52.41791363106796,12.75302121686747,0.0
52.41791363106796,12.753163831325303,0.0
52.41791363106796,12.753306445783133,0.0
52.41791363106796,12.753449060240964,0.0
52.41791363106796,12.753591674698797,0.0
52.41791363106796,12.753734289156627,0.0
52.41791363106796,12.753876903614458,0.0
52.41791363106796,12.75401951807229,0.0
52.41791363106796,12.754162132530121,0.0
52.41791363106796,12.754304746987952,0.0
52.41791363106796,12.754447361445784,0.0
52.41791363106796,12.754589975903615,0.0
52.41791363106796,12.754732590361446,0.0
52.41791363106796,12.754875204819278,0.0
52.41791363106796,12.755017819277109,0.0
52.41791363106796,12.75516043373494,0.0
52.41791363106796,12.755303048192772,0.0
52.41791363106796,12.755445662650603,0.0
52.41791363106796,12.755588277108435,0.0
52.41791363106796,12.755730891566266,0.0
52.41791363106796,12.755873506024097,0.0
52.41791363106796,12.75601612048193,0.0
52.41791363106796,12.75615873493976,0.0
52.41791363106796,12.75630134939759,0.0
52.41791363106796,12.756443963855423,0.0
52.41791363106796,12.756586578313254,0.0
52.41791363106796,12.756729192771084,0.0
52.41791363106796,12.756871807228917,0.0
52.41791363106796,12.757014421686748,0.0
52.41791363106796,12.757157036144578,0.0
52.41791363106796,12.75729965060241,0.0
52.41791363106796,12.757442265060241,0.0
52.41791363106796,12.757584879518072,0.0
52.41791363106796,12.757727493975905,0.0
52.41791363106796,12.757870108433735,0.0
52.41791363106796,12.758012722891566,0.0
52.41791363106796,12.758155337349399,0.0
52.41791363106796,12.75829795180723,0.0
52.41791363106796,12.758440566265062,0.0
52.41791363106796,12.758583180722892,0.0
52.41791363106796,12.758725795180723,0.0
52.41791363106796,12.758868409638556,0.0
52.41791363106796,12.759011024096386,0.0004185680253956086
52.41791363106796,12.759153638554217,0.0016204689032951723
52.41791363106796,12.75929625301205,0.002793887969994793
52.41791363106796,12.75943886746988,0.003938599233145108
52.41791363106796,12.759581481927711,0.005042966275572627
52.41791363106796,12.759724096385543,0.006106818744252854
52.41791363106796,12.759866710843374,0.007138232208076098
52.41791363106796,12.760009325301205,0.00813303008914841
52.41791363106796,12.760151939759037,0.009082225636387017
52.41791363106796,12.760294554216868,0.009987580476359654
52.41791363106796,12.760437168674699,0.010856273006469644
52.41791363106796,12.760579783132531,0.01167522824035753
52.41791363106796,12.760722397590362,0.012447369705401926
52.41791363106796,12.760865012048193,0.013173230820249165
52.41791363106796,12.761007626506025,0.013850101070094871
52.41791363106796,12.761150240963856,0.014482810491771754
52.41791363106796,12.761292855421688,0.015061113230882899
52.41791363106796,12.761435469879519,0.015591273297508923
52.41791363106796,12.76157808433735,0.016072109517487467
52.41791363106796,12.761720698795182,0.016502484651968248
52.41791363106796,12.761863313253013,0.016876417846573254
52.41791363106796,12.762005927710844,0.017198220350618732
52.41791363106796,12.762148542168676,0.01746671555395117
52.41791363106796,12.762291156626507,0.017689474070296817
52.41791363106796,12.762433771084337,0.01785629840144235
52.41791363106796,12.76257638554217,0.017965449842504484
52.41791363106796,12.762719,0.018018371752462195
52.41800636893204,12.750882,0.0
52.41800636893204,12.751024614457831,0.0
52.41800636893204,12.751167228915664,0.0
52.41800636893204,12.751309843373495,0.0
52.41800636893204,12.751452457831325,0.0
52.41800636893204,12.751595072289158,0.0
52.41800636893204,12.751737686746988,0.0
52.41800636893204,12.75188030120482,0.0
52.41800636893204,12.752022915662652,0.0
52.41800636893204,12.752165530120482,0.0
52.41800636893204,12.752308144578313,0.0
52.41800636893204,12.752450759036146,0.0
52.41800636893204,12.752593373493976,0.0
52.41800636893204,12.752735987951809,0.0
52.41800636893204,12.75287860240964,0.0
52.41800636893204,12.75302121686747,0.0
52.41800636893204,12.753163831325303,0.0
52.41800636893204,12.753306445783133,0.0
52.41800636893204,12.753449060240964,0.0
52.41800636893204,12.753591674698797,0.0
52.41800636893204,12.753734289156627,0.0
52.41800636893204,12.753876903614458,0.0
52.41800636893204,12.75401951807229,0.0
52.41800636893204,12.754162132530121,0.0
52.41800636893204,12.754304746987952,0.0
52.41800636893204,12.754447361445784,0.0
52.41800636893204,12.754589975903615,0.0
52.41800636893204,12.754732590361446,0.0
52.41800636893204,12.754875204819278,0.0
52.41800636893204,12.755017819277109,0.0
52.41800636893204,12.75516043373494,0.0
52.41800636893204,12.755303048192772,0.0
52.41800636893204,12.755445662650603,0.0
52.41800636893204,12.755588277108435,0.0
52.41800636893204,12.755730891566266,0.0
52.41800636893204,12.755873506024097,0.0
52.41800636893204,12.75601612048193,0.0
52.41800636893204,12.75615873493976,0.0
52.41800636893204,12.75630134939759,0.0
52.41800636893204,12.756443963855423,0.0
52.41800636893204,12.756586578313254,0.0
52.41800636893204,12.756729192771084,0.0
52.41800636893204,12.756871807228917,0.0
52.41800636893204,12.757014421686748,0.0
52.41800636893204,12.757157036144578,0.0
52.41800636893204,12.75729965060241,0.0
52.41800636893204,12.757442265060241,0.0
52.41800636893204,12.757584879518072,0.0
52.41800636893204,12.757727493975905,0.0
52.41800636893204,12.757870108433735,0.0
52.41800636893204,12.758012722891566,0.0
52.41800636893204,12.758155337349399,0.0
52.41800636893204,12.75829795180723,0.0
52.41800636893204,12.758440566265062,0.0
52.41800636893204,12.758583180722892,0.0
52.41800636893204,12.758725795180723,0.0
52.41800636893204,12.758868409638556,0.0
52.41800636893204,12.759011024096386,0.0007646328149718551
52.41800636893204,12.759153638554217,0.0019604604775317522
52.41800636893204,12.75929625301205,0.003127940951320865
52.41800636893204,12.75943886746988,0.0042669202897099995
52.41800636893204,12.759581481927711,0.005365654689673542
52.41800636893204,12.759724096385543,0.006423975019808002
52.41800636893204,12.759866710843374,0.007450158547420545
52.41800636893204,12.760009325301205,0.00843995492326462
52.41800636893204,12.760151939759037,0.009384275049612811
52.41800636893204,12.760294554216868,0.01028497820179184
52.41800636893204,12.760437168674699,0.011149227119971229
52.41800636893204,12.760579783132531,0.011963988568621178
52.41800636893204,12.760722397590362,0.012732207101072469
52.41800636893204,12.760865012048193,0.013454260646354434
52.41800636893204,12.761007626506025,0.014127682010644665
52.41800636893204,12.761150240963856,0.014756978934891609
52.41800636893204,12.761292855421688,0.015332221862038588
52.41800636893204,12.761435469879519,0.01585966617346218
52.41800636893204,12.76157808433735,0.01633805976777575
52.41800636893204,12.761720698795182,0.016766136723126615
52.41800636893204,12.761863313253013,0.01713812384955834
52.41800636893204,12.762005927710844,0.017458304855352963
52.41800636893204,12.762148542168676,0.01772540293861993
52.41800636893204,12.762291156626507,0.017947046703538715
52.41800636893204,12.762433771084337,0.01811299121912941
52.41800636893204,12.76257638554217,0.018221493891784905
52.41800636893204,12.762719,0.018274187247871186
52.41809910679612,12.750882,0.0
52.41809910679612,12.751024614457831,0.0
52.41809910679612,12.751167228915664,0.0
52.41809910679612,12.751309843373495,0.0
52.41809910679612,12.751452457831325,0.0
52.41809910679612,12.751595072289158,0.0
52.41809910679612,12.751737686746988,0.0
52.41809910679612,12.75188030120482,0.0
52.41809910679612,12.752022915662652,0.0
52.41809910679612,12.752165530120482,0.0
52.41809910679612,12.752308144578313,0.0
52.41809910679612,12.752450759036146,0.0
52.41809910679612,12.752593373493976,0.0
52.41809910679612,12.752735987951809,0.0
52.41809910679612,12.75287860240964,0.0
52.41809910679612,12.75302121686747,0.0
52.41809910679612,12.753163831325303,0.0
52.41809910679612,12.753306445783133,0.0
52.41809910679612,12.753449060240964,0.0
52.41809910679612,12.753591674698797,0.0
52.41809910679612,12.753734289156627,0.0
52.41809910679612,12.753876903614458,0.0
52.41809910679612,12.75401951807229,0.0
52.41809910679612,12.754162132530121,0.0
52.41809910679612,12.754304746987952,0.0
52.41809910679612,12.754447361445784,0.0
52.41809910679612,12.754589975903615,0.0
52.41809910679612,12.754732590361446,0.0
52.41809910679612,12.754875204819278,0.0
52.41809910679612,12.755017819277109,0.0
52.41809910679612,12.75516043373494,0.0
52.41809910679612,12.755303048192772,0.0
52.41809910679612,12.755445662650603,0.0
52.41809910679612,12.755588277108435,0.0
52.41809910679612,12.755730891566266,0.0
52.41809910679612,12.755873506024097,0.0
52.41809910679612,12.75601612048193,0.0
52.41809910679612,12.75615873493976,0.0
52.41809910679612,12.75630134939759,0.0
52.41809910679612,12.756443963855423,0.0
52.41809910679612,12.756586578313254,0.0
52.41809910679612,12.756729192771084,0.0
52.41809910679612,12.756871807228917,0.0
52.41809910679612,12.757014421686748,0.0
52.41809910679612,12.757157036144578,0.0
52.41809910679612,12.75729965060241,0.0
52.41809910679612,12.757442265060241,0.0
52.41809910679612,12.757584879518072,0.0
52.41809910679612,12.757727493975905,0.0
52.41809910679612,12.757870108433735,0.0
52.41809910679612,12.758012722891566,0.0
52.41809910679612,12.758155337349399,0.0
52.41809910679612,12.75829795180723,0.0
52.41809910679612,12.758440566265062,0.0
52.41809910679612,12.758583180722892,0.0
52.41809910679612,12.758725795180723,0.0
52.41809910679612,12.758868409638556,0.0
52.41809910679612,12.759011024096386,0.0011175320324237252
52.41809910679612,12.759153638554217,0.0023072117422312105
52.41809910679612,12.75929625301205,0.0034686809820859456
52.41809910679612,12.75943886746988,0.004601857562891451
52.41809910679612,12.759581481927711,0.005694890851194519
52.41809910679612,12.759724096385543,0.006747612993764873
52.41809910679612,12.759866710843374,0.007768502606226354
52.41809910679612,12.760009325301205,0.008753235784352822
52.41809910679612,12.760151939759037,0.009692621639119034
52.41809910679612,12.760294554216868,0.010588616939796597
52.41809910679612,12.760437168674699,0.011448368611858469
52.41809910679612,12.760579783132531,0.012258886063837116
52.41809910679612,12.760722397590362,0.013023133570124202
52.41809910679612,12.760865012048193,0.013741334837793476
52.41809910679612,12.761007626506025,0.014411265464213462
52.41809910679612,12.761150240963856,0.01503711104521483
52.41809910679612,12.761292855421688,0.015609257356789497
52.41809910679612,12.761435469879519,0.01613395270455953
52.41809910679612,12.76157808433735,0.01660987407958962
52.41809910679612,12.761720698795182,0.01703562641094969
52.41809910679612,12.761863313253013,0.017405644087865657
52.41809910679612,12.762005927710844,0.01772418384221607
52.41809910679612,12.762148542168676,0.017989867563135552
52.41809910679612,12.762291156626507,0.01821038308213236
52.41809910679612,12.762433771084337,0.018375437701633697
52.41809910679612,12.76257638554217,0.01848328495279185
52.41809910679612,12.762719,0.01853574585577158
52.41819184466019,12.750882,0.0
52.41819184466019,12.751024614457831,0.0
52.41819184466019,12.751167228915664,0.0
52.41819184466019,12.751309843373495,0.0
52.41819184466019,12.751452457831325,0.0
52.41819184466019,12.751595072289158,0.0
52.41819184466019,12.751737686746988,0.0
52.41819184466019,12.75188030120482,0.0
52.41819184466019,12.752022915662652,0.0
52.41819184466019,12.752165530120482,0.0
52.41819184466019,12.752308144578313,0.0
52.41819184466019,12.752450759036146,0.0
52.41819184466019,12.752593373493976,0.0
52.41819184466019,12.752735987951809,0.0
52.41819184466019,12.75287860240964,0.0
52.41819184466019,12.75302121686747,0.0
52.41819184466019,12.753163831325303,0.0
52.41819184466019,12.753306445783133,0.0
52.41819184466019,12.753449060240964,0.0
52.41819184466019,12.753591674698797,0.0
52.41819184466019,12.753734289156627,0.0
52.41819184466019,12.753876903614458,0.0
52.41819184466019,12.75401951807229,0.0
52.41819184466019,12.754162132530121,0.0
52.41819184466019,12.754304746987952,0.0
52.41819184466019,12.754447361445784,0.0
52.41819184466019,12.754589975903615,0.0
52.41819184466019,12.754732590361446,0.0
52.41819184466019,12.754875204819278,0.0
52.41819184466019,12.755017819277109,0.0
52.41819184466019,12.75516043373494,0.0
52.41819184466019,12.755303048192772,0.0
52.41819184466019,12.755445662650603,0.0
52.41819184466019,12.755588277108435,0.0
52.41819184466019,12.755730891566266,0.0
52.41819184466019,12.755873506024097,0.0
52.41819184466019,12.75601612048193,0.0
52.41819184466019,12.75615873493976,0.0
52.41819184466019,12.75630134939759,0.0
52.41819184466019,12.756443963855423,0.0
52.41819184466019,12.756586578313254,0.0
52.41819184466019,12.756729192771084,0.0
52.41819184466019,12.756871807228917,0.0
52.41819184466019,12.757014421686748,0.0
52.41819184466019,12.757157036144578,0.0
52.41819184466019,12.75729965060241,0.0
52.41819184466019,12.757442265060241,0.0
52.41819184466019,12.757584879518072,0.0
52.41819184466019,12.757727493975905,0.0
52.41819184466019,12.757870108433735,0.0
52.41819184466019,12.758012722891566,0.0
52.41819184466019,12.758155337349399,0.0
52.41819184466019,12.75829795180723,0.0
52.41819184466019,12.758440566265062,0.0
52.41819184466019,12.758583180722892,0.0
52.41819184466019,12.758725795180723,0.0
52.41819184466019,12.758868409638556,0.0002489688558390893
52.41819184466019,12.759011024096386,0.001467657200270994
52.41819184466019,12.759153638554217,0.0026511293240452476
52.41819184466019,12.75929625301205,0.0038065292754925102
52.41819184466019,12.75943886746988,0.004933847168126596
52.41819184466019,12.759581481927711,0.006021124662560293
52.41819184466019,12.759724096385543,0.0070681961398008615
52.41819184466019,12.759866710843374,0.008083741088360042
52.41819184466019,12.760009325301205,0.0090633621477115
52.41819184466019,12.760151939759037,0.00999776708020407
52.41819184466019,12.760294554216868,0.010889009382497598
52.41819184466019,12.760437168674699,0.01174422086764475
52.41819184466019,12.760579783132531,0.012550453608159547
52.41819184466019,12.760722397590362,0.013310691439291814
52.41819184466019,12.760865012048193,0.014025004611066266
52.41819184466019,12.761007626506025,0.014691410580955026
52.41819184466019,12.761150240963856,0.015313773837979378
52.41819184466019,12.761292855421688,0.0158827946900653
52.41819184466019,12.761435469879519,0.016404714387890876
52.41819184466019,12.76157808433735,0.016878139548683658
52.41819184466019,12.761720698795182,0.01730154605318089
52.41819184466019,12.761863313253013,0.017669576085126502
52.41819184466019,12.762005927710844,0.0179864588413001
52.41819184466019,12.762148542168676,0.018250714348352935
52.41819184466019,12.762291156626507,0.018470090811973816
52.41819184466019,12.762433771084337,0.018634247846926136
52.41819184466019,12.76257638554217,0.01874143406177621
52.41819184466019,12.762719,0.01879365959738296
52.41828458252427,12.750882,0.0
52.41828458252427,12.751024614457831,0.0
52.41828458252427,12.751167228915664,0.0
52.41828458252427,12.751309843373495,0.0
52.41828458252427,12.751452457831325,0.0
52.41828458252427,12.751595072289158,0.0
52.41828458252427,12.751737686746988,0.0
52.41828458252427,12.75188030120482,0.0
52.41828458252427,12.752022915662652,0.0
52.41828458252427,12.752165530120482,0.0
52.41828458252427,12.752308144578313,0.0
52.41828458252427,12.752450759036146,0.0
52.41828458252427,12.752593373493976,0.0
52.41828458252427,12.752735987951809,0.0
52.41828458252427,12.75287860240964,0.0
52.41828458252427,12.75302121686747,0.0
52.41828458252427,12.753163831325303,0.0
52.41828458252427,12.753306445783133,0.0
52.41828458252427,12.753449060240964,0.0
52.41828458252427,12.753591674698797,0.0
52.41828458252427,12.753734289156627,0.0
52.41828458252427,12.753876903614458,0.0
52.41828458252427,12.75401951807229,0.0
52.41828458252427,12.754162132530121,0.0
52.41828458252427,12.754304746987952,0.0
52.41828458252427,12.754447361445784,0.0
52.41828458252427,12.754589975903615,0.0
52.41828458252427,12.754732590361446,0.0
52.41828458252427,12.754875204819278,0.0
52.41828458252427,12.755017819277109,0.0
52.41828458252427,12.75516043373494,0.0
52.41828458252427,12.755303048192772,0.0
52.41828458252427,12.755445662650603,0.0
52.41828458252427,12.755588277108435,0.0
52.41828458252427,12.755730891566266,0.0
52.41828458252427,12.755873506024097,0.0
52.41828458252427,12.75601612048193,0.0
52.41828458252427,12.75615873493976,0.0
52.41828458252427,12.75630134939759,0.0
52.41828458252427,12.756443963855423,0.0
52.41828458252427,12.756586578313254,0.0
52.41828458252427,12.756729192771084,0.0
52.41828458252427,12.756871807228917,0.0
52.41828458252427,12.757014421686748,0.0
52.41828458252427,12.757157036144578,0.0
52.41828458252427,12.75729965060241,0.0
52.41828458252427,12.757442265060241,0.0
52.41828458252427,12.757584879518072,0.0
52.41828458252427,12.757727493975905,0.0
52.41828458252427,12.757870108433735,0.0
52.41828458252427,12.758012722891566,0.0
52.41828458252427,12.758155337349399,0.0
52.41828458252427,12.75829795180723,0.0
52.41828458252427,12.758440566265062,0.0
52.41828458252427,12.758583180722892,0.0
52.41828458252427,12.758725795180723,0.0
52.41828458252427,12.758868409638556,0.0006063218713523114
52.41828458252427,12.759011024096386,0.0018186085218433127
52.41828458252427,12.759153638554217,0.0029957737244493635
52.41828458252427,12.75929625301205,0.004145008118108395
52.41828458252427,12.75943886746988,0.005266373477107738
52.41828458252427,12.759581481927711,0.006347804644339125
52.41828458252427,12.759724096385543,0.007389138165624035
52.41828458252427,12.759866710843374,0.008399253340591675
52.41828458252427,12.760009325301205,0.00937368046442233
52.41828458252427,12.760151939759037,0.01030302628471373
52.41828458252427,12.760294554216868,0.011189440923195345
52.41828458252427,12.760437168674699,0.012040040912059125
52.41828458252427,12.760579783132531,0.012841921732896226
52.41828458252427,12.760722397590362,0.013598085753382363
52.41828458252427,12.760865012048193,0.014308451187379253
52.41828458252427,12.761007626506025,0.014971276419271182
52.41828458252427,12.761150240963856,0.015590106032259559
52.41828458252427,12.761292855421688,0.01615595279343949
52.41828458252427,12.761435469879519,0.016675052909490146
52.41828458252427,12.76157808433735,0.01714594174047545
52.41828458252427,12.761720698795182,0.01756696718588735
52.41828458252427,12.761863313253013,0.017932978426787944
52.41828458252427,12.762005927710844,0.018248177398887132
52.41828458252427,12.762148542168676,0.018510981791549766
52.41828458252427,12.762291156626507,0.018729201387426016
52.41828458252427,12.762433771084337,0.018892447820066938
52.41828458252427,12.76257638554217,0.018998964080563764
52.41828458252427,12.762719,0.019050949413546275
52.41837732038835,12.750882,0.0
52.41837732038835,12.751024614457831,0.0
52.41837732038835,12.751167228915664,0.0
52.41837732038835,12.751309843373495,0.0
52.41837732038835,12.751452457831325,0.0
52.41837732038835,12.751595072289158,0.0
52.41837732038835,12.751737686746988,0.0
52.41837732038835,12.75188030120482,0.0
52.41837732038835,12.752022915662652,0.0
52.41837732038835,12.752165530120482,0.0
52.41837732038835,12.752308144578313,0.0
52.41837732038835,12.752450759036146,0.0
52.41837732038835,12.752593373493976,0.0
52.41837732038835,12.752735987951809,0.0
52.41837732038835,12.75287860240964,0.0
52.41837732038835,12.75302121686747,0.0
52.41837732038835,12.753163831325303,0.0
52.41837732038835,12.753306445783133,0.0
52.41837732038835,12.753449060240964,0.0
52.41837732038835,12.753591674698797,0.0
52.41837732038835,12.753734289156627,0.0
52.41837732038835,12.753876903614458,0.0
52.41837732038835,12.75401951807229,0.0
52.41837732038835,12.754162132530121,0.0
52.41837732038835,12.754304746987952,0.0
52.41837732038835,12.754447361445784,0.0
52.41837732038835,12.754589975903615,0.0
52.41837732038835,12.754732590361446,0.0
52.41837732038835,12.754875204819278,0.0
52.41837732038835,12.755017819277109,0.0
52.41837732038835,12.75516043373494,0.0
52.41837732038835,12.755303048192772,0.0
52.41837732038835,12.755445662650603,0.0
52.41837732038835,12.755588277108435,0.0
52.41837732038835,12.755730891566266,0.0
52.41837732038835,12.755873506024097,0.0
52.41837732038835,12.75601612048193,0.0
52.41837732038835,12.75615873493976,0.0
52.41837732038835,12.75630134939759,0.0
52.41837732038835,12.756443963855423,0.0
52.41837732038835,12.756586578313254,0.0
52.41837732038835,12.756729192771084,0.0
52.41837732038835,12.756871807228917,0.0
52.41837732038835,12.757014421686748,0.0
52.41837732038835,12.757157036144578,0.0
52.41837732038835,12.75729965060241,0.0
52.41837732038835,12.757442265060241,0.0
52.41837732038835,12.757584879518072,0.0
52.41837732038835,12.757727493975905,0.0
52.41837732038835,12.757870108433735,0.0
52.41837732038835,12.758012722891566,0.0
52.41837732038835,12.758155337349399,0.0
52.41837732038835,12.75829795180723,0.0
52.41837732038835,12.758440566265062,0.0
52.41837732038835,12.758583180722892,0.0
52.41837732038835,12.758725795180723,0.0
52.41837732038835,12.758868409638556,0.0009601658521846031
52.41837732038835,12.759011024096386,0.0021659629345652433
52.41837732038835,12.759153638554217,0.003336735336457944
52.41837732038835,12.75929625301205,0.004479720714137721
52.41837732038835,12.75943886746988,0.005595052254468814
52.41837732038835,12.759581481927711,0.006670558739324381
52.41837732038835,12.759724096385543,0.007706078845517147
52.41837732038835,12.759866710843374,0.008710691450090789
52.41837732038835,12.760009325301205,0.009679854334386616
52.41837732038835,12.760151939759037,0.010604074176169627
52.41837732038835,12.760294554216868,0.011485596666412301
52.41837732038835,12.760437168674699,0.012331523878851535
52.41837732038835,12.760579783132531,0.013128994665363077
52.41837732038835,12.760722397590362,0.013881029569894041
52.41837732038835,12.760865012048193,0.014587395636742767
52.41837732038835,12.761007626506025,0.015246591860495063
52.41837732038835,12.761150240963856,0.01586184364573173
52.41837732038835,12.761292855421688,0.016424475008291896
52.41837732038835,12.761435469879519,0.016940717878540634
52.41837732038835,12.76157808433735,0.017409036338640247
52.41837732038835,12.761720698795182,0.01782765084841877
52.41837732038835,12.761863313253013,0.018191616903638158
52.41837732038835,12.762005927710844,0.01850510978551983
52.41837732038835,12.762148542168676,0.018766443776704268
52.41837732038835,12.762291156626507,0.018983491181104938
52.41837732038835,12.762433771084337,0.019145815560455928
52.41837732038835,12.76257638554217,0.01925165429713441
52.41837732038835,12.762719,0.019303395037960046
52.41847005825243,12.750882,0.0
52.41847005825243,12.751024614457831,0.0
52.41847005825243,12.751167228915664,0.0
52.41847005825243,12.751309843373495,0.0
52.41847005825243,12.751452457831325,0.0
52.41847005825243,12.751595072289158,0.0
52.41847005825243,12.751737686746988,0.0
52.41847005825243,12.75188030120482,0.0
52.41847005825243,12.752022915662652,0.0
52.41847005825243,12.752165530120482,0.0
52.41847005825243,12.752308144578313,0.0
52.41847005825243,12.752450759036146,0.0
52.41847005825243,12.752593373493976,0.0
52.41847005825243,12.752735987951809,0.0
52.41847005825243,12.75287860240964,0.0
52.41847005825243,12.75302121686747,0.0
52.41847005825243,12.753163831325303,0.0
52.41847005825243,12.753306445783133,0.0
52.41847005825243,12.753449060240964,0.0
52.41847005825243,12.753591674698797,0.0
52.41847005825243,12.753734289156627,0.0
52.41847005825243,12.753876903614458,0.0
52.41847005825243,12.75401951807229,0.0
52.41847005825243,12.754162132530121,0.0
52.41847005825243,12.754304746987952,0.0
52.41847005825243,12.754447361445784,0.0
52.41847005825243,12.754589975903615,0.0
52.41847005825243,12.754732590361446,0.0
52.41847005825243,12.754875204819278,0.0
52.41847005825243,12.755017819277109,0.0
52.41847005825243,12.75516043373494,0.0
52.41847005825243,12.755303048192772,0.0
52.41847005825243,12.755445662650603,0.0
52.41847005825243,12.755588277108435,0.0
52.41847005825243,12.755730891566266,0.0
52.41847005825243,12.755873506024097,0.0
52.41847005825243,12.75601612048193,0.0
52.41847005825243,12.75615873493976,0.0
52.41847005825243,12.75630134939759,0.0
52.41847005825243,12.756443963855423,0.0
52.41847005825243,12.756586578313254,0.0
52.41847005825243,12.756729192771084,0.0
52.41847005825243,12.756871807228917,0.0
52.41847005825243,12.757014421686748,0.0
52.41847005825243,12.757157036144578,0.0
52.41847005825243,12.75729965060241,0.0
52.41847005825243,12.757442265060241,0.0
52.41847005825243,12.757584879518072,0.0
52.41847005825243,12.757727493975905,0.0
52.41847005825243,12.757870108433735,0.0
52.41847005825243,12.758012722891566,0.0
52.41847005825243,12.758155337349399,0.0
52.41847005825243,12.75829795180723,0.0
52.41847005825243,12.758440566265062,0.0
52.41847005825243,12.758583180722892,0.0
52.41847005825243,12.758725795180723,8.945048566174826e-05
52.41847005825243,12.758868409638556,0.0013092978586124217
52.41847005825243,12.759011024096386,0.002508596012067931
52.41847005825243,12.759153638554217,0.0036729660678714686
52.41847005825243,12.75929625301205,0.00480969339585669
52.41847005825243,12.75943886746988,0.005918982391390675
52.41847005825243,12.759581481927711,0.006988556169255851
52.41847005825243,12.759724096385543,0.00801825526105732
52.41847005825243,12.759866710843374,0.009017357276307517
52.41847005825243,12.760009325301205,0.009981248312975137
52.41847005825243,12.760151939759037,0.010900334864394581
52.41847005825243,12.760294554216868,0.011776958353337641
52.41847005825243,12.760437168674699,0.012618206030360055
52.41847005825243,12.760579783132531,0.013411260733800796
52.41847005825243,12.760722397590362,0.014159160311965076
52.41847005825243,12.760865012048193,0.014861521899629443
52.41847005825243,12.761007626506025,0.015517083605031947
52.41847005825243,12.761150240963856,0.01612875390339943
52.41847005825243,12.761292855421688,0.01668816483672569
52.41847005825243,12.761435469879519,0.017201546057520636
52.41847005825243,12.76157808433735,0.01766728996526168
52.41847005825243,12.761720698795182,0.018083490564802913
52.41847005825243,12.761863313253013,0.018445408672773014
52.41847005825243,12.762005927710844,0.018757193065502213
52.41847005825243,12.762148542168676,0.019017054144818368
52.41847005825243,12.762291156626507,0.019232927817908016
52.41847005825243,12.762433771084337,0.019394329289580535
52.41847005825243,12.76257638554217,0.019499489600759964
52.41847005825243,12.762719,0.019550984932627122
52.418562796116504,12.750882,0.0
52.418562796116504,12.751024614457831,0.0
52.418562796116504,12.751167228915664,0.0
52.418562796116504,12.751309843373495,0.0
52.418562796116504,12.751452457831325,0.0
52.418562796116504,12.751595072289158,0.0
52.418562796116504,12.751737686746988,0.0
52.418562796116504,12.75188030120482,0.0
52.418562796116504,12.752022915662652,0.0
52.418562796116504,12.752165530120482,0.0
52.418562796116504,12.752308144578313,0.0
52.418562796116504,12.752450759036146,0.0
52.418562796116504,12.752593373493976,0.0
52.418562796116504,12.752735987951809,0.0
52.418562796116504,12.75287860240964,0.0
52.418562796116504,12.75302121686747,0.0
52.418562796116504,12.753163831325303,0.0
52.418562796116504,12.753306445783133,0.0
52.418562796116504,12.753449060240964,0.0
52.418562796116504,12.753591674698797,0.0
52.418562796116504,12.753734289156627,0.0
52.418562796116504,12.753876903614458,0.0
52.418562796116504,12.75401951807229,0.0
52.418562796116504,12.754162132530121,0.0
52.418562796116504,12.754304746987952,0.0
52.418562796116504,12.754447361445784,0.0
52.418562796116504,12.754589975903615,0.0
52.418562796116504,12.754732590361446,0.0
52.418562796116504,12.754875204819278,0.0
52.418562796116504,12.755017819277109,0.0
52.418562796116504,12.75516043373494,0.0
52.418562796116504,12.755303048192772,0.0
52.418562796116504,12.755445662650603,0.0
52.418562796116504,12.755588277108435,0.0
52.418562796116504,12.755730891566266,0.0
52.418562796116504,12.755873506024097,0.0
52.418562796116504,12.75601612048193,0.0
52.418562796116504,12.75615873493976,0.0
52.418562796116504,12.75630134939759,0.0
52.418562796116504,12.756443963855423,0.0
52.418562796116504,12.756586578313254,0.0
52.418562796116504,12.756729192771084,0.0
52.418562796116504,12.756871807228917,0.0
52.418562796116504,12.757014421686748,0.0
52.418562796116504,12.757157036144578,0.0
52.418562796116504,12.75729965060241,0.0
52.418562796116504,12.757442265060241,0.0
52.418562796116504,12.757584879518072,0.0
52.418562796116504,12.757727493975905,0.0
52.418562796116504,12.757870108433735,0.0
52.418562796116504,12.758012722891566,0.0
52.418562796116504,12.758155337349399,0.0
52.418562796116504,12.75829795180723,0.0
52.418562796116504,12.758440566265062,0.0
52.418562796116504,12.758583180722892,0.0
52.418562796116504,12.758725795180723,0.00044468067707159435
52.418562796116504,12.758868409638556,0.001657845436368665
52.418562796116504,12.759011024096386,0.002850587718952957
52.418562796116504,12.759153638554217,0.004008499924786496
52.418562796116504,12.75929625301205,0.005138915246973779
52.418562796116504,12.75943886746988,0.006242108878289521
52.418562796116504,12.759581481927711,0.007305698851297901
52.418562796116504,12.759724096385543,0.008329528414505693
52.418562796116504,12.759866710843374,0.009323072501570589
52.418562796116504,12.760009325301205,0.010281645818313527
52.418562796116504,12.760151939759037,0.011195555861218967
52.418562796116504,12.760294554216868,0.012067238503277233
52.418562796116504,12.760437168674699,0.012903767008950526
52.418562796116504,12.760579783132531,0.013692368086924917
52.418562796116504,12.760722397590362,0.014436096230033184
52.418562796116504,12.760865012048193,0.015134420613862824
52.418562796116504,12.761007626506025,0.015786316518003933
52.418562796116504,12.761150240963856,0.016394376740249527
52.418562796116504,12.761292855421688,0.016950540377593037
52.418562796116504,12.761435469879519,0.017461035317379543
52.418562796116504,12.76157808433735,0.017924182180443636
52.418562796116504,12.761720698795182,0.018337949574034368
52.418562796116504,12.761863313253013,0.018697802412732757
52.418562796116504,12.762005927710844,0.019007863516559653
52.418562796116504,12.762148542168676,0.019266238886223447
52.418562796116504,12.762291156626507,0.01948092892695346
52.418562796116504,12.762433771084337,0.01964140009071432
52.418562796116504,12.76257638554217,0.019745877344104823
52.418562796116504,12.762719,0.019797124295252825
52.41865553398058,12.750882,0.0
52.41865553398058,12.751024614457831,0.0
52.41865553398058,12.751167228915664,0.0
52.41865553398058,12.751309843373495,0.0
52.41865553398058,12.751452457831325,0.0
52.41865553398058,12.751595072289158,0.0
52.41865553398058,12.751737686746988,0.0
52.41865553398058,12.75188030120482,0.0
52.41865553398058,12.752022915662652,0.0
52.41865553398058,12.752165530120482,0.0
52.41865553398058,12.752308144578313,0.0
52.41865553398058,12.752450759036146,0.0
52.41865553398058,12.752593373493976,0.0
52.41865553398058,12.752735987951809,0.0
52.41865553398058,12.75287860240964,0.0
52.41865553398058,12.75302121686747,0.0
52.41865553398058,12.753163831325303,0.0
52.41865553398058,12.753306445783133,0.0
52.41865553398058,12.753449060240964,0.0
52.41865553398058,12.753591674698797,0.0
52.41865553398058,12.753734289156627,0.0
52.41865553398058,12.753876903614458,0.0
52.41865553398058,12.75401951807229,0.0
52.41865553398058,12.754162132530121,0.0
52.41865553398058,12.754304746987952,0.0
52.41865553398058,12.754447361445784,0.0
52.41865553398058,12.754589975903615,0.0
52.41865553398058,12.754732590361446,0.0
52.41865553398058,12.754875204819278,0.0
52.41865553398058,12.755017819277109,0.0
52.41865553398058,12.75516043373494,0.0
52.41865553398058,12.755303048192772,0.0
52.41865553398058,12.755445662650603,0.0
52.41865553398058,12.755588277108435,0.0
52.41865553398058,12.755730891566266,0.0
52.41865553398058,12.755873506024097,0.0
52.41865553398058,12.75601612048193,0.0
52.41865553398058,12.75615873493976,0.0
52.41865553398058,12.75630134939759,0.0
52.41865553398058,12.756443963855423,0.0
52.41865553398058,12.756586578313254,0.0
52.41865553398058,12.756729192771084,0.0
52.41865553398058,12.756871807228917,0.0
52.41865553398058,12.757014421686748,0.0
52.41865553398058,12.757157036144578,0.0
52.41865553398058,12.75729965060241,0.0
52.41865553398058,12.757442265060241,0.0
52.41865553398058,12.757584879518072,0.0
52.41865553398058,12.757727493975905,0.0
52.41865553398058,12.757870108433735,0.0
52.41865553398058,12.758012722891566,0.0
52.41865553398058,12.758155337349399,0.0
52.41865553398058,12.75829795180723,0.0
52.41865553398058,12.758440566265062,0.0
52.41865553398058,12.758583180722892,0.0
52.41865553398058,12.758725795180723,0.0007977929320159456
52.41865553398058,12.758868409638556,0.0020042108452821682
52.41865553398058,12.759011024096386,0.0031903354314405273
52.41865553398058,12.759153638554217,0.004341729158216979
52.41865553398058,12.75929625301205,0.005465773547722744
52.41865553398058,12.75943886746988,0.006562814550127307
52.41865553398058,12.759581481927711,0.007620365759689187
52.41865553398058,12.759724096385543,0.008638272964511137
52.41865553398058,12.759866710843374,0.009626207505699941
52.41865553398058,12.760009325301205,0.010579412826487063
52.41865553398058,12.760151939759037,0.01148809889623305
52.41865553398058,12.760294554216868,0.01235479526273179
52.41865553398058,12.760437168674699,0.013186561187718892
52.41865553398058,12.760579783132531,0.01397066797901443
52.41865553398058,12.760722397590362,0.01471018549775837
52.41865553398058,12.760865012048193,0.015404436589813844
52.41865553398058,12.761007626506025,0.016052632343578833
52.41865553398058,12.761150240963856,0.016657052359342124
52.41865553398058,12.761292855421688,0.01720993960613872
52.41865553398058,12.761435469879519,0.017717521338701848
52.41865553398058,12.76157808433735,0.018178047131844392
52.41865553398058,12.761720698795182,0.018589360553448193
52.41865553398058,12.761863313253013,0.018947129419570607
52.41865553398058,12.762005927710844,0.01925545130723788
52.41865553398058,12.762148542168676,0.019512327188816153
52.41865553398058,12.762291156626507,0.01972582256907701
52.41865553398058,12.762433771084337,0.019885356106112015
52.41865553398058,12.76257638554217,0.019989145379622222
52.41865553398058,12.762719,0.020040140612768445
52.41874827184466,12.750882,0.0
52.41874827184466,12.751024614457831,0.0
52.41874827184466,12.751167228915664,0.0
52.41874827184466,12.751309843373495,0.0
52.41874827184466,12.751452457831325,0.0
52.41874827184466,12.751595072289158,0.0
52.41874827184466,12.751737686746988,0.0
52.41874827184466,12.75188030120482,0.0
52.41874827184466,12.752022915662652,0.0
52.41874827184466,12.752165530120482,0.0
52.41874827184466,12.752308144578313,0.0
52.41874827184466,12.752450759036146,0.0
52.41874827184466,12.752593373493976,0.0
52.41874827184466,12.752735987951809,0.0
52.41874827184466,12.75287860240964,0.0
52.41874827184466,12.75302121686747,0.0
52.41874827184466,12.753163831325303,0.0
52.41874827184466,12.753306445783133,0.0
52.41874827184466,12.753449060240964,0.0
52.41874827184466,12.753591674698797,0.0
52.41874827184466,12.753734289156627,0.0
52.41874827184466,12.753876903614458,0.0
52.41874827184466,12.75401951807229,0.0
52.41874827184466,12.754162132530121,0.0
52.41874827184466,12.754304746987952,0.0
52.41874827184466,12.754447361445784,0.0
52.41874827184466,12.754589975903615,0.0
52.41874827184466,12.754732590361446,0.0
52.41874827184466,12.754875204819278,0.0
52.41874827184466,12.755017819277109,0.0
52.41874827184466,12.75516043373494,0.0
52.41874827184466,12.755303048192772,0.0
52.41874827184466,12.755445662650603,0.0
52.41874827184466,12.755588277108435,0.0
52.41874827184466,12.755730891566266,0.0
52.41874827184466,12.755873506024097,0.0
52.41874827184466,12.75601612048193,0.0
52.41874827184466,12.75615873493976,0.0
52.41874827184466,12.75630134939759,0.0
52.41874827184466,12.756443963855423,0.0
52.41874827184466,12.756586578313254,0.0
52.41874827184466,12.756729192771084,0.0
52.41874827184466,12.756871807228917,0.0
52.41874827184466,12.757014421686748,0.0
52.41874827184466,12.757157036144578,0.0
52.41874827184466,12.75729965060241,0.0
52.41874827184466,12.757442265060241,0.0
52.41874827184466,12.757584879518072,0.0
52.41874827184466,12.757727493975905,0.0
52.41874827184466,12.757870108433735,0.0
52.41874827184466,12.758012722891566,0.0
52.41874827184466,12.758155337349399,0.0
52.41874827184466,12.75829795180723,0.0
52.41874827184466,12.758440566265062,0.0
52.41874827184466,12.758583180722892,0.0
52.41874827184466,12.758725795180723,0.0011498793726611792
52.41874827184466,12.758868409638556,0.002349517728718697
52.41874827184466,12.759011024096386,0.003528993300018367
52.41874827184466,12.759153638554217,0.004673837942175171
52.41874827184466,12.75929625301205,0.005791481862575875
52.41874827184466,12.75943886746988,0.006882341441175098
52.41874827184466,12.759581481927711,0.007933826353000144
52.41874827184466,12.759724096385543,0.00894578531293344
52.41874827184466,12.759866710843374,0.00992808428971626
52.41874827184466,12.760009325301205,0.010875896838906867
52.41874827184466,12.760151939759037,0.011779335728806037
52.41874827184466,12.760294554216868,0.01264102359852209
52.41874827184466,12.760437168674699,0.013468005764352867
52.41874827184466,12.760579783132531,0.014247597736274131
52.41874827184466,12.760722397590362,0.014982884998256668
52.41874827184466,12.760865012048193,0.015673045862453324
52.41874827184466,12.761007626506025,0.016317524455396717
52.41874827184466,12.761150240963856,0.016918289979454278
52.41874827184466,12.761292855421688,0.017467886199863218
52.41874827184466,12.761435469879519,0.017972541482778763
52.41874827184466,12.76157808433735,0.01843043387735737
52.41874827184466,12.761720698795182,0.01883928313224753
52.41874827184466,12.761863313253013,0.019194959053565074
52.41874827184466,12.762005927710844,0.01950153379584084
52.41874827184466,12.762148542168676,0.0197569032804008
52.41874827184466,12.762291156626507,0.01996919880569349
52.41874827184466,12.762433771084337,0.020127790988490372
52.41874827184466,12.76257638554217,0.020230890139860586
52.41874827184466,12.762719,0.020281631983655957
52.418841009708736,12.750882,0.0
52.418841009708736,12.751024614457831,0.0
52.418841009708736,12.751167228915664,0.0
52.418841009708736,12.751309843373495,0.0
52.418841009708736,12.751452457831325,0.0
52.418841009708736,12.751595072289158,0.0
52.418841009708736,12.751737686746988,0.0
52.418841009708736,12.75188030120482,0.0
52.418841009708736,12.752022915662652,0.0
52.418841009708736,12.752165530120482,0.0
52.418841009708736,12.752308144578313,0.0
52.418841009708736,12.752450759036146,0.0
52.418841009708736,12.752593373493976,0.0
52.418841009708736,12.752735987951809,0.0
52.418841009708736,12.75287860240964,0.0
52.418841009708736,12.75302121686747,0.0
52.418841009708736,12.753163831325303,0.0
52.418841009708736,12.753306445783133,0.0
52.418841009708736,12.753449060240964,0.0
52.418841009708736,12.753591674698797,0.0
52.418841009708736,12.753734289156627,0.0
52.418841009708736,12.753876903614458,0.0
52.418841009708736,12.75401951807229,0.0
52.418841009708736,12.754162132530121,0.0
52.418841009708736,12.754304746987952,0.0
52.418841009708736,12.754447361445784,0.0
52.418841009708736,12.754589975903615,0.0
52.418841009708736,12.754732590361446,0.0
52.418841009708736,12.754875204819278,0.0
52.418841009708736,12.755017819277109,0.0
52.418841009708736,12.75516043373494,0.0
52.418841009708736,12.755303048192772,0.0
52.418841009708736,12.755445662650603,0.0
52.418841009708736,12.755588277108435,0.0
52.418841009708736,12.755730891566266,0.0
52.418841009708736,12.755873506024097,0.0
52.418841009708736,12.75601612048193,0.0
52.418841009708736,12.75615873493976,0.0
52.418841009708736,12.75630134939759,0.0
52.418841009708736,12.756443963855423,0.0
52.418841009708736,12.756586578313254,0.0
52.418841009708736,12.756729192771084,0.0
52.418841009708736,12.756871807228917,0.0
52.418841009708736,12.757014421686748,0.0
52.418841009708736,12.757157036144578,0.0
52.418841009708736,12.75729965060241,0.0
52.418841009708736,12.757442265060241,0.0
52.418841009708736,12.757584879518072,0.0
52.418841009708736,12.757727493975905,0.0
52.418841009708736,12.757870108433735,0.0
52.418841009708736,12.758012722891566,0.0
52.418841009708736,12.758155337349399,0.0
52.418841009708736,12.75829795180723,0.0
52.418841009708736,12.758440566265062,0.0
52.418841009708736,12.758583180722892,0.000272791145808457
52.418841009708736,12.758725795180723,0.0014936815913314857
52.418841009708736,12.758868409638556,0.002686532498951958
52.418841009708736,12.759011024096386,0.0038593515634108887
52.418841009708736,12.759153638554217,0.004997639834437256
52.418841009708736,12.75929625301205,0.006108876653034312
52.418841009708736,12.75943886746988,0.007193547789563989
52.418841009708736,12.759581481927711,0.008238960593523003
52.418841009708736,12.759724096385543,0.009244966348019629
52.418841009708736,12.759866710843374,0.010221624197701208
52.418841009708736,12.760009325301205,0.011164038348830747
52.418841009708736,12.760151939759037,0.012062225415237897
52.418841009708736,12.760294554216868,0.012918899839396264
52.418841009708736,12.760437168674699,0.013741093587018176
52.418841009708736,12.760579783132531,0.014516166970696725
52.418841009708736,12.760722397590362,0.01524721918977985
52.418841009708736,12.760865012048193,0.015933286395575147
52.418841009708736,12.761007626506025,0.016574044078601767
52.418841009708736,12.761150240963856,0.017171153024143078
52.418841009708736,12.761292855421688,0.017717455465656545
52.418841009708736,12.761435469879519,0.01821918131442743
52.418841009708736,12.76157808433735,0.018674437420358743
52.418841009708736,12.761720698795182,0.0190808210556836
52.418841009708736,12.761863313253013,0.019434402543260745
52.418841009708736,12.762005927710844,0.019739228208969534
52.418841009708736,12.762148542168676,0.019993089799522266
52.418841009708736,12.762291156626507,0.0202041843429481
52.418841009708736,12.762433771084337,0.02036183498463352
52.418841009708736,12.76257638554217,0.020464243806767715
52.418841009708736,12.762719,0.020514731095475046
52.418933747572815,12.750882,0.0
52.418933747572815,12.751024614457831,0.0
52.418933747572815,12.751167228915664,0.0
52.418933747572815,12.751309843373495,0.0
52.418933747572815,12.751452457831325,0.0
52.418933747572815,12.751595072289158,0.0
52.418933747572815,12.751737686746988,0.0
52.418933747572815,12.75188030120482,0.0
52.418933747572815,12.752022915662652,0.0
52.418933747572815,12.752165530120482,0.0
52.418933747572815,12.752308144578313,0.0
52.418933747572815,12.752450759036146,0.0
52.418933747572815,12.752593373493976,0.0
52.418933747572815,12.752735987951809,0.0
52.418933747572815,12.75287860240964,0.0
52.418933747572815,12.75302121686747,0.0
52.418933747572815,12.753163831325303,0.0
52.418933747572815,12.753306445783133,0.0
52.418933747572815,12.753449060240964,0.0
52.418933747572815,12.753591674698797,0.0
52.418933747572815,12.753734289156627,0.0
52.418933747572815,12.753876903614458,0.0
52.418933747572815,12.75401951807229,0.0
52.418933747572815,12.754162132530121,0.0
52.418933747572815,12.754304746987952,0.0
52.418933747572815,12.754447361445784,0.0
52.418933747572815,12.754589975903615,0.0
52.418933747572815,12.754732590361446,0.0
52.418933747572815,12.754875204819278,0.0
52.418933747572815,12.755017819277109,0.0
52.418933747572815,12.75516043373494,0.0
52.418933747572815,12.755303048192772,0.0
52.418933747572815,12.755445662650603,0.0
52.418933747572815,12.755588277108435,0.0
52.418933747572815,12.755730891566266,0.0
52.418933747572815,12.755873506024097,0.0
52.418933747572815,12.75601612048193,0.0
52.418933747572815,12.75615873493976,0.0
52.418933747572815,12.75630134939759,0.0
52.418933747572815,12.756443963855423,0.0
52.418933747572815,12.756586578313254,0.0
52.418933747572815,12.756729192771084,0.0
52.418933747572815,12.756871807228917,0.0
52.418933747572815,12.757014421686748,0.0
52.418933747572815,12.757157036144578,0.0
52.418933747572815,12.75729965060241,0.0
52.418933747572815,12.757442265060241,0.0
52.418933747572815,12.757584879518072,0.0
52.418933747572815,12.757727493975905,0.0
52.418933747572815,12.757870108433735,0.0
52.418933747572815,12.758012722891566,0.0
52.418933747572815,12.758155337349399,0.0
52.418933747572815,12.75829795180723,0.0
52.418933747572815,12.758440566265062,0.0
52.418933747572815,12.758583180722892,0.0006176910671619393
52.418933747572815,12.758725795180723,0.0018316138951800145
52.418933747572815,12.758868409638556,0.0030177008257065516
52.418933747572815,12.759011024096386,0.00418388675139621
52.418933747572815,12.759153638554217,0.0053156419992619625
52.418933747572815,12.75929625301205,0.00642049415512755
52.418933747572815,12.75943886746988,0.00749899874708624
52.418933747572815,12.759581481927711,0.008538361177003906
52.418933747572815,12.759724096385543,0.009538435257370031
52.418933747572815,12.759866710843374,0.010509471859568412
52.418933747572815,12.760009325301205,0.011446506390145134
52.418933747572815,12.760151939759037,0.012339460471682573
52.418933747572815,12.760294554216868,0.013191139229723871
52.418933747572815,12.760437168674699,0.014008561325969535
52.418933747572815,12.760579783132531,0.014779132235266133
52.418933747572815,12.760722397590362,0.015505964388356398
52.418933747572815,12.760865012048193,0.016187952964696085
52.418933747572815,12.761007626506025,0.01682500317800816
52.418933747572815,12.761150240963856,0.017418469932520157
52.418933747572815,12.761292855421688,0.01796149008828939
52.418933747572815,12.761435469879519,0.01846029634565417
52.418933747572815,12.76157808433735,0.01891292534745106
52.418933747572815,12.761720698795182,0.01931685277548075
52.418933747572815,12.761863313253013,0.01966834739727557
52.418933747572815,12.762005927710844,0.01997143069330461
52.418933747572815,12.762148542168676,0.020223789270084877
52.418933747572815,12.762291156626507,0.020433687125786158
52.418933747572815,12.762433771084337,0.020590399751620202
52.418933747572815,12.76257638554217,0.020692120970486724
52.418933747572815,12.762719,0.020742354215554086
52.419026485436895,12.750882,0.0
52.419026485436895,12.751024614457831,0.0
52.419026485436895,12.751167228915664,0.0
52.419026485436895,12.751309843373495,0.0
52.419026485436895,12.751452457831325,0.0
52.419026485436895,12.751595072289158,0.0
52.419026485436895,12.751737686746988,0.0
52.419026485436895,12.75188030120482,0.0
52.419026485436895,12.752022915662652,0.0
52.419026485436895,12.752165530120482,0.0
52.419026485436895,12.752308144578313,0.0
52.419026485436895,12.752450759036146,0.0
52.419026485436895,12.752593373493976,0.0
52.419026485436895,12.752735987951809,0.0
52.419026485436895,12.75287860240964,0.0
52.419026485436895,12.75302121686747,0.0
52.419026485436895,12.753163831325303,0.0
52.419026485436895,12.753306445783133,0.0
52.419026485436895,12.753449060240964,0.0
52.419026485436895,12.753591674698797,0.0
52.419026485436895,12.753734289156627,0.0
52.419026485436895,12.753876903614458,0.0
52.419026485436895,12.75401951807229,0.0
52.419026485436895,12.754162132530121,0.0
52.419026485436895,12.754304746987952,0.0
52.419026485436895,12.754447361445784,0.0
52.419026485436895,12.754589975903615,0.0
52.419026485436895,12.754732590361446,0.0
52.419026485436895,12.754875204819278,0.0
52.419026485436895,12.755017819277109,0.0
52.419026485436895,12.75516043373494,0.0
52.419026485436895,12.755303048192772,0.0
52.419026485436895,12.755445662650603,0.0
52.419026485436895,12.755588277108435,0.0
52.419026485436895,12.755730891566266,0.0
52.419026485436895,12.755873506024097,0.0
52.419026485436895,12.75601612048193,0.0
52.419026485436895,12.75615873493976,0.0
52.419026485436895,12.75630134939759,0.0
52.419026485436895,12.756443963855423,0.0
52.419026485436895,12.756586578313254,0.0
52.419026485436895,12.756729192771084,0.0
52.419026485436895,12.756871807228917,0.0
52.419026485436895,12.757014421686748,0.0
52.419026485436895,12.757157036144578,0.0
52.419026485436895,12.75729965060241,0.0
52.419026485436895,12.757442265060241,0.0
52.419026485436895,12.757584879518072,0.0
52.419026485436895,12.757727493975905,0.0
52.419026485436895,12.757870108433735,0.0
52.419026485436895,12.758012722891566,0.0
52.419026485436895,12.758155337349399,0.0
52.419026485436895,12.75829795180723,0.0
52.419026485436895,12.758440566265062,0.0
52.419026485436895,12.758583180722892,0.000964288883958369
52.419026485436895,12.758725795180723,0.0021712235203746877
52.419026485436895,12.758868409638556,0.003350525707030443
52.419026485436895,12.759011024096386,0.004510059088271671
52.419026485436895,12.759153638554217,0.005635262086961874
52.419026485436895,12.75929625301205,0.006733711352667423
52.419026485436895,12.75943886746988,0.007806031277723282
52.419026485436895,12.759581481927711,0.008839326606146064
52.419026485436895,12.759724096385543,0.009833453857028423
52.419026485436895,12.759866710843374,0.010798853546457703
52.419026485436895,12.760009325301205,0.01173049332516225
52.419026485436895,12.760151939759037,0.012618200586611391
52.419026485436895,12.760294554216868,0.013464870187970532
52.419026485436895,12.760437168674699,0.014277508071086117
52.419026485436895,12.760579783132531,0.015043564140808654
52.419026485436895,12.760722397590362,0.015766163970043413
52.419026485436895,12.760865012048193,0.016444064062347302
52.419026485436895,12.761007626506025,0.017077395977083038
52.419026485436895,12.761150240963856,0.017667212966879113
52.419026485436895,12.761292855421688,0.01820694255394332
52.419026485436895,12.761435469879519,0.01870282133797446
52.419026485436895,12.76157808433735,0.019152815637854596
52.419026485436895,12.761720698795182,0.019554281250426502
52.419026485436895,12.761863313253013,0.019903683546178524
52.419026485436895,12.762005927710844,0.02020501934163202
52.419026485436895,12.762148542168676,0.02045587073069107
52.419026485436895,12.762291156626507,0.020664568883083725
52.419026485436895,12.762433771084337,0.020820341713375365
52.419026485436895,12.76257638554217,0.02092137458044279
52.419026485436895,12.762719,0.02097135214587804
52.419119223300974,12.750882,0.0
52.419119223300974,12.751024614457831,0.0
52.419119223300974,12.751167228915664,0.0
52.419119223300974,12.751309843373495,0.0
52.419119223300974,12.751452457831325,0.0
52.419119223300974,12.751595072289158,0.0
52.419119223300974,12.751737686746988,0.0
52.419119223300974,12.75188030120482,0.0
52.419119223300974,12.752022915662652,0.0
52.419119223300974,12.752165530120482,0.0
52.419119223300974,12.752308144578313,0.0
52.419119223300974,12.752450759036146,0.0
52.419119223300974,12.752593373493976,0.0
52.419119223300974,12.752735987951809,0.0
52.419119223300974,12.75287860240964,0.0
52.419119223300974,12.75302121686747,0.0
52.419119223300974,12.753163831325303,0.0
52.419119223300974,12.753306445783133,0.0
52.419119223300974,12.753449060240964,0.0
52.419119223300974,12.753591674698797,0.0
52.419119223300974,12.753734289156627,0.0
52.419119223300974,12.753876903614458,0.0
52.419119223300974,12.75401951807229,0.0
52.419119223300974,12.754162132530121,0.0
52.419119223300974,12.754304746987952,0.0
52.419119223300974,12.754447361445784,0.0
52.419119223300974,12.754589975903615,0.0
52.419119223300974,12.754732590361446,0.0
52.419119223300974,12.754875204819278,0.0
52.419119223300974,12.755017819277109,0.0
52.419119223300974,12.75516043373494,0.0
52.419119223300974,12.755303048192772,0.0
52.419119223300974,12.755445662650603,0.0
52.419119223300974,12.755588277108435,0.0
52.419119223300974,12.755730891566266,0.0
52.419119223300974,12.755873506024097,0.0
52.419119223300974,12.75601612048193,0.0
52.419119223300974,12.75615873493976,0.0
52.419119223300974,12.75630134939759,0.0
52.419119223300974,12.756443963855423,0.0
52.419119223300974,12.756586578313254,0.0
52.419119223300974,12.756729192771084,0.0
52.419119223300974,12.756871807228917,0.0
52.419119223300974,12.757014421686748,0.0
52.419119223300974,12.757157036144578,0.0
52.419119223300974,12.75729965060241,0.0
52.419119223300974,12.757442265060241,0.0
52.419119223300974,12.757584879518072,0.0
52.419119223300974,12.757727493975905,0.0
52.419119223300974,12.757870108433735,0.0
52.419119223300974,12.758012722891566,0.0
52.419119223300974,12.758155337349399,0.0
52.419119223300974,12.75829795180723,0.0
52.419119223300974,12.758440566265062,7.811052663231994e-05
52.419119223300974,12.758583180722892,0.0013040885481375442
52.419119223300974,12.758725795180723,0.0025040132250590333
52.419119223300974,12.758868409638556,0.0036765089853153955
52.419119223300974,12.759011024096386,0.004829368763118832
52.419119223300974,12.759153638554217,0.005947999273388587
52.419119223300974,12.75929625301205,0.00704002625100025
52.419119223300974,12.75943886746988,0.00810614222972943
52.419119223300974,12.759581481927711,0.009133352417473742
52.419119223300974,12.759724096385543,0.010121516230349209
52.419119223300974,12.759866710843374,0.011081261518993257
52.419119223300974,12.760009325301205,0.01200748945286402
52.419119223300974,12.760151939759037,0.012889934469712086
52.419119223300974,12.760294554216868,0.013731580100175141
52.419119223300974,12.760437168674699,0.014539419396093857
52.419119223300974,12.760579783132531,0.015300947181846674
52.419119223300974,12.760722397590362,0.01601930130940124
52.419119223300974,12.760865012048193,0.016693101802333576
52.419119223300974,12.761007626506025,0.017322703952712123
52.419119223300974,12.761150240963856,0.01790886250483331
52.419119223300974,12.761292855421688,0.01844529226234377
52.419119223300974,12.761435469879519,0.01893823458266096
52.419119223300974,12.76157808433735,0.019385586083809362
52.419119223300974,12.761720698795182,0.019784583860756946
52.419119223300974,12.761863313253013,0.02013188780885365
52.419119223300974,12.762005927710844,0.02043147067964319
52.419119223300974,12.762148542168676,0.02068080983982413
52.419119223300974,12.762291156626507,0.02088830444503688
52.419119223300974,12.762433771084337,0.021043135444858436
52.419119223300974,12.76257638554217,0.021143478856614314
52.419119223300974,12.762719,0.02119319934817287
52.41921196116505,12.750882,0.0
52.41921196116505,12.751024614457831,0.0
52.41921196116505,12.751167228915664,0.0
52.41921196116505,12.751309843373495,0.0
52.41921196116505,12.751452457831325,0.0
52.41921196116505,12.751595072289158,0.0
52.41921196116505,12.751737686746988,0.0
52.41921196116505,12.75188030120482,0.0
52.41921196116505,12.752022915662652,0.0
52.41921196116505,12.752165530120482,0.0
52.41921196116505,12.752308144578313,0.0
52.41921196116505,12.752450759036146,0.0
52.41921196116505,12.752593373493976,0.0
52.41921196116505,12.752735987951809,0.0
52.41921196116505,12.75287860240964,0.0
52.41921196116505,12.75302121686747,0.0
52.41921196116505,12.753163831325303,0.0
52.41921196116505,12.753306445783133,0.0
52.41921196116505,12.753449060240964,0.0
52.41921196116505,12.753591674698797,0.0
52.41921196116505,12.753734289156627,0.0
52.41921196116505,12.753876903614458,0.0
52.41921196116505,12.75401951807229,0.0
52.41921196116505,12.754162132530121,0.0
52.41921196116505,12.754304746987952,0.0
52.41921196116505,12.754447361445784,0.0
52.41921196116505,12.754589975903615,0.0
52.41921196116505,12.754732590361446,0.0
52.41921196116505,12.754875204819278,0.0
52.41921196116505,12.755017819277109,0.0
52.41921196116505,12.75516043373494,0.0
52.41921196116505,12.755303048192772,0.0
52.41921196116505,12.755445662650603,0.0
52.41921196116505,12.755588277108435,0.0
52.41921196116505,12.755730891566266,0.0
52.41921196116505,12.755873506024097,0.0
52.41921196116505,12.75601612048193,0.0
52.41921196116505,12.75615873493976,0.0
52.41921196116505,12.75630134939759,0.0
52.41921196116505,12.756443963855423,0.0
52.41921196116505,12.756586578313254,0.0
52.41921196116505,12.756729192771084,0.0
52.41921196116505,12.756871807228917,0.0
52.41921196116505,12.757014421686748,0.0
52.41921196116505,12.757157036144578,0.0
52.41921196116505,12.75729965060241,0.0
52.41921196116505,12.757442265060241,0.0
52.41921196116505,12.757584879518072,0.0
52.41921196116505,12.757727493975905,0.0
52.41921196116505,12.757870108433735,0.0
52.41921196116505,12.758012722891566,0.0
52.41921196116505,12.758155337349399,0.0
52.41921196116505,12.75829795180723,0.0
52.41921196116505,12.758440566265062,0.0004153315617220748
52.41921196116505,12.758583180722892,0.0016342908318384489
52.41921196116505,12.758725795180723,0.0028272307571144354
52.41921196116505,12.758868409638556,0.003992943489401421
52.41921196116505,12.759011024096386,0.005139153378960973
52.41921196116505,12.759153638554217,0.006251234550780098
52.41921196116505,12.75929625301205,0.007336862201191634
52.41921196116505,12.75943886746988,0.008396796251734511
52.41921196116505,12.759581481927711,0.00941794356982075
52.41921196116505,12.759724096385543,0.010400166463602579
52.41921196116505,12.759866710843374,0.011354277814616754
52.41921196116505,12.760009325301205,0.012275113175417442
52.41921196116505,12.760151939759037,0.01315231543479937
52.41921196116505,12.760294554216868,0.013988955280350627
52.41921196116505,12.760437168674699,0.014792013838322762
52.41921196116505,12.760579783132531,0.015549030238319283
52.41921196116505,12.760722397590362,0.01626315363713613
52.41921196116505,12.760865012048193,0.016932869905652514
52.41921196116505,12.761007626506025,0.01755875536147944
52.41921196116505,12.761150240963856,0.01814127021149225
52.41921196116505,12.761292855421688,0.018674412032362447
52.41921196116505,12.761435469879519,0.01916442819608473
52.41921196116505,12.76157808433735,0.01960914596193301
52.41921196116505,12.761720698795182,0.02000568546946225
52.41921196116505,12.761863313253013,0.020350898672015193
52.41921196116505,12.762005927710844,0.020648734838550772
52.41921196116505,12.762148542168676,0.02089656725047854
52.41921196116505,12.762291156626507,0.02110286297087033
52.41921196116505,12.762433771084337,0.0212567559600331
52.41921196116505,12.76257638554217,0.021356413036273874
52.41921196116505,12.762719,0.021405876379342954
52.41930469902913,12.750882,0.0
52.41930469902913,12.751024614457831,0.0
52.41930469902913,12.751167228915664,0.0
52.41930469902913,12.751309843373495,0.0
52.41930469902913,12.751452457831325,0.0
52.41930469902913,12.751595072289158,0.0
52.41930469902913,12.751737686746988,0.0
52.41930469902913,12.75188030120482,0.0
52.41930469902913,12.752022915662652,0.0
52.41930469902913,12.752165530120482,0.0
52.41930469902913,12.752308144578313,0.0
52.41930469902913,12.752450759036146,0.0
52.41930469902913,12.752593373493976,0.0
52.41930469902913,12.752735987951809,0.0
52.41930469902913,12.75287860240964,0.0
52.41930469902913,12.75302121686747,0.0
52.41930469902913,12.753163831325303,0.0
52.41930469902913,12.753306445783133,0.0
52.41930469902913,12.753449060240964,0.0
52.41930469902913,12.753591674698797,0.0
52.41930469902913,12.753734289156627,0.0
52.41930469902913,12.753876903614458,0.0
52.41930469902913,12.75401951807229,0.0
52.41930469902913,12.754162132530121,0.0
52.41930469902913,12.754304746987952,0.0
52.41930469902913,12.754447361445784,0.0
52.41930469902913,12.754589975903615,0.0
52.41930469902913,12.754732590361446,0.0
52.41930469902913,12.754875204819278,0.0
52.41930469902913,12.755017819277109,0.0
52.41930469902913,12.75516043373494,0.0
52.41930469902913,12.755303048192772,0.0
52.41930469902913,12.755445662650603,0.0
52.41930469902913,12.755588277108435,0.0
52.41930469902913,12.755730891566266,0.0
52.41930469902913,12.755873506024097,0.0
52.41930469902913,12.75601612048193,0.0
52.41930469902913,12.75615873493976,0.0
52.41930469902913,12.75630134939759,0.0
52.41930469902913,12.756443963855423,0.0
52.41930469902913,12.756586578313254,0.0
52.41930469902913,12.756729192771084,0.0
52.41930469902913,12.756871807228917,0.0
52.41930469902913,12.757014421686748,0.0
52.41930469902913,12.757157036144578,0.0
52.41930469902913,12.75729965060241,0.0
52.41930469902913,12.757442265060241,0.0
52.41930469902913,12.757584879518072,0.0
52.41930469902913,12.757727493975905,0.0
52.41930469902913,12.757870108433735,0.0
52.41930469902913,12.758012722891566,0.0
52.41930469902913,12.758155337349399,0.0
52.41930469902913,12.75829795180723,0.0
52.41930469902913,12.758440566265062,0.0007505732787781673
52.41930469902913,12.758583180722892,0.0019625450509605687
52.41930469902913,12.758725795180723,0.0031485321475214455
52.41930469902913,12.758868409638556,0.00430749189797729
52.41930469902913,12.759011024096386,0.005447081949663107
52.41930469902913,12.759153638554217,0.00655264373988086
52.41930469902913,12.75929625301205,0.007631901454200847
52.41930469902913,12.75943886746988,0.00868568195404488
52.41930469902913,12.759581481927711,0.00970079475850984
52.41930469902913,12.759724096385543,0.010677105598896442
52.41930469902913,12.759866710843374,0.011625609430504084
52.41930469902913,12.760009325301205,0.012541077309960447
52.41930469902913,12.760151939759037,0.013413061690249249
52.41930469902913,12.760294554216868,0.01424471945783655
52.41930469902913,12.760437168674699,0.015043019734582858
52.41930469902913,12.760579783132531,0.015795545902576896
52.41930469902913,12.760722397590362,0.016505458187891432
52.41930469902913,12.760865012048193,0.017171110301402302
52.41930469902913,12.761007626506025,0.017793296666857458
52.41930469902913,12.761150240963856,0.018372186500698762
52.41930469902913,12.761292855421688,0.018902056279043157
52.41930469902913,12.761435469879519,0.019389159969980193
52.41930469902913,12.76157808433735,0.01983125631406063
52.41930469902913,12.761720698795182,0.020225350145455727
52.41930469902913,12.761863313253013,0.02056848302031092
52.41930469902913,12.762005927710844,0.020864580976382968
52.41930469902913,12.762148542168676,0.021110913736881162
52.41930469902913,12.762291156626507,0.021316016235526904
52.41930469902913,12.762433771084337,0.021468976017651756
52.41930469902913,12.76257638554217,0.02156795055302789
52.41930469902913,12.762719,0.021617157685519
52.419397436893206,12.750882,0.0
52.419397436893206,12.751024614457831,0.0
52.419397436893206,12.751167228915664,0.0
52.419397436893206,12.751309843373495,0.0
52.419397436893206,12.751452457831325,0.0
52.419397436893206,12.751595072289158,0.0
52.419397436893206,12.751737686746988,0.0
52.419397436893206,12.75188030120482,0.0
52.419397436893206,12.752022915662652,0.0
52.419397436893206,12.752165530120482,0.0
52.419397436893206,12.752308144578313,0.0
52.419397436893206,12.752450759036146,0.0
52.419397436893206,12.752593373493976,0.0
52.419397436893206,12.752735987951809,0.0
52.419397436893206,12.75287860240964,0.0
52.419397436893206,12.75302121686747,0.0
52.419397436893206,12.753163831325303,0.0
52.419397436893206,12.753306445783133,0.0
52.419397436893206,12.753449060240964,0.0
52.419397436893206,12.753591674698797,0.0
52.419397436893206,12.753734289156627,0.0
52.419397436893206,12.753876903614458,0.0
52.419397436893206,12.75401951807229,0.0
52.419397436893206,12.754162132530121,0.0
52.419397436893206,12.754304746987952,0.0
52.419397436893206,12.754447361445784,0.0
52.419397436893206,12.754589975903615,0.0
52.419397436893206,12.754732590361446,0.0
52.419397436893206,12.754875204819278,0.0
52.419397436893206,12.755017819277109,0.0
52.419397436893206,12.75516043373494,0.0
52.419397436893206,12.755303048192772,0.0
52.419397436893206,12.755445662650603,0.0
52.419397436893206,12.755588277108435,0.0
52.419397436893206,12.755730891566266,0.0
52.419397436893206,12.755873506024097,0.0
52.419397436893206,12.75601612048193,0.0
52.419397436893206,12.75615873493976,0.0
52.419397436893206,12.75630134939759,0.0
52.419397436893206,12.756443963855423,0.0
52.419397436893206,12.756586578313254,0.0
52.419397436893206,12.756729192771084,0.0
52.419397436893206,12.756871807228917,0.0
52.419397436893206,12.757014421686748,0.0
52.419397436893206,12.757157036144578,0.0
52.419397436893206,12.75729965060241,0.0
52.419397436893206,12.757442265060241,0.0
52.419397436893206,12.757584879518072,0.0
52.419397436893206,12.757727493975905,0.0
52.419397436893206,12.757870108433735,0.0
52.419397436893206,12.758012722891566,0.0
52.419397436893206,12.758155337349399,0.0
52.419397436893206,12.75829795180723,0.0
52.419397436893206,12.758440566265062,0.0010868735167365185
52.419397436893206,12.758583180722892,0.0022917995572008625
52.419397436893206,12.758725795180723,0.0034707778487109864
52.419397436893206,12.758868409638556,0.0046229290635660045
52.419397436893206,12.759011024096386,0.005755845428773113
52.419397436893206,12.759153638554217,0.006854835659999875
52.419397436893206,12.75929625301205,0.007927673416906566
52.419397436893206,12.75943886746988,0.00897525095421798
52.419397436893206,12.759581481927711,0.009984282284092186
52.419397436893206,12.759724096385543,0.010954636484461816
52.419397436893206,12.759866710843374,0.011897488450094026
52.419397436893206,12.760009325301205,0.012807545547013816
52.419397436893206,12.760151939759037,0.013674272218049427
52.419397436893206,12.760294554216868,0.014500909365153965
52.419397436893206,12.760437168674699,0.015294414544110865
52.419397436893206,12.760579783132531,0.01604241604826482
52.419397436893206,12.760722397590362,0.016748083714535705
52.419397436893206,12.760865012048193,0.017409641867073063
52.419397436893206,12.761007626506025,0.01802810008560688
52.419397436893206,12.761150240963856,0.018603340643353134
52.419397436893206,12.761292855421688,0.019129914382438988
52.419397436893206,12.761435469879519,0.019614082624443203
52.419397436893206,12.76157808433735,0.020053536674688177
52.419397436893206,12.761720698795182,0.020445168046915436
52.419397436893206,12.761863313253013,0.02078620481136499
52.419397436893206,12.762005927710844,0.021080550444109898
52.419397436893206,12.762148542168676,0.021325371762089027
52.419397436893206,12.762291156626507,0.021529271691025493
52.419397436893206,12.762433771084337,0.02168129211883646
52.419397436893206,12.76257638554217,0.02177958056167214
52.419397436893206,12.762719,0.021828528108593162
52.419490174757286,12.750882,0.0
52.419490174757286,12.751024614457831,0.0
52.419490174757286,12.751167228915664,0.0
52.419490174757286,12.751309843373495,0.0
52.419490174757286,12.751452457831325,0.0
52.419490174757286,12.751595072289158,0.0
52.419490174757286,12.751737686746988,0.0
52.419490174757286,12.75188030120482,0.0
52.419490174757286,12.752022915662652,0.0
52.419490174757286,12.752165530120482,0.0
52.419490174757286,12.752308144578313,0.0
52.419490174757286,12.752450759036146,0.0
52.419490174757286,12.752593373493976,0.0
52.419490174757286,12.752735987951809,0.0
52.419490174757286,12.75287860240964,0.0
52.419490174757286,12.75302121686747,0.0
52.419490174757286,12.753163831325303,0.0
52.419490174757286,12.753306445783133,0.0
52.419490174757286,12.753449060240964,0.0
52.419490174757286,12.753591674698797,0.0
52.419490174757286,12.753734289156627,0.0
52.419490174757286,12.753876903614458,0.0
52.419490174757286,12.75401951807229,0.0
52.419490174757286,12.754162132530121,0.0
52.419490174757286,12.754304746987952,0.0
52.419490174757286,12.754447361445784,0.0
52.419490174757286,12.754589975903615,0.0
52.419490174757286,12.754732590361446,0.0
52.419490174757286,12.754875204819278,0.0
52.419490174757286,12.755017819277109,0.0
52.419490174757286,12.75516043373494,0.0
52.419490174757286,12.755303048192772,0.0
52.419490174757286,12.755445662650603,0.0
52.419490174757286,12.755588277108435,0.0
52.419490174757286,12.755730891566266,0.0
52.419490174757286,12.755873506024097,0.0
52.419490174757286,12.75601612048193,0.0
52.419490174757286,12.75615873493976,0.0
52.419490174757286,12.75630134939759,0.0
52.419490174757286,12.756443963855423,0.0
52.419490174757286,12.756586578313254,0.0
52.419490174757286,12.756729192771084,0.0
52.419490174757286,12.756871807228917,0.0
52.419490174757286,12.757014421686748,0.0
52.419490174757286,12.757157036144578,0.0
52.419490174757286,12.75729965060241,0.0
52.419490174757286,12.757442265060241,0.0
52.419490174757286,12.757584879518072,0.0
52.419490174757286,12.757727493975905,0.0
52.419490174757286,12.757870108433735,0.0
52.419490174757286,12.758012722891566,0.0
52.419490174757286,12.758155337349399,0.0
52.419490174757286,12.75829795180723,0.0001935704438610856
52.419490174757286,12.758440566265062,0.001414769846881549
52.419490174757286,12.758583180722892,0.002612721405705582
52.419490174757286,12.758725795180723,0.0037847621552797254
52.419490174757286,12.758868409638556,0.004930173508583911
52.419490174757286,12.759011024096386,0.006056484104776245
52.419490174757286,12.759153638554217,0.007148969254937408
52.419490174757286,12.75929625301205,0.008215451955130104
52.419490174757286,12.75943886746988,0.009256889380602625
52.419490174757286,12.759581481927711,0.010259901285030116
52.419490174757286,12.759724096385543,0.011224359718956073
52.419490174757286,12.759866710843374,0.012161617275147018
52.419490174757286,12.760009325301205,0.013066318893558287
52.419490174757286,12.760151939759037,0.013927841627396622
52.419490174757286,12.760294554216868,0.014749509189713737
52.419490174757286,12.760437168674699,0.015538268115580081
52.419490174757286,12.760579783132531,0.01628179096264942
52.419490174757286,12.760722397590362,0.01698325666919123
52.419490174757286,12.760865012048193,0.017640762813743792
52.419490174757286,12.761007626506025,0.018255530226382672
52.419490174757286,12.761150240963856,0.018827159590064618
52.419490174757286,12.761292855421688,0.019350470952121238
52.419490174757286,12.761435469879519,0.01983173363698154
52.419490174757286,12.76157808433735,0.020268572291499354
52.419490174757286,12.761720698795182,0.020657766385393433
52.419490174757286,12.761863313253013,0.020996728682415967
52.419490174757286,12.762005927710844,0.021289339921672285
52.419490174757286,12.762148542168676,0.021532665067548154
52.419490174757286,12.762291156626507,0.021735374781755024
52.419490174757286,12.762433771084337,0.021886466078076598
52.419490174757286,12.76257638554217,0.02198407550178145
52.419490174757286,12.762719,0.022032765965358383
52.41958291262136,12.750882,0.0
52.41958291262136,12.751024614457831,0.0
52.41958291262136,12.751167228915664,0.0
52.41958291262136,12.751309843373495,0.0
52.41958291262136,12.751452457831325,0.0
52.41958291262136,12.751595072289158,0.0
52.41958291262136,12.751737686746988,0.0
52.41958291262136,12.75188030120482,0.0
52.41958291262136,12.752022915662652,0.0
52.41958291262136,12.752165530120482,0.0
52.41958291262136,12.752308144578313,0.0
52.41958291262136,12.752450759036146,0.0
52.41958291262136,12.752593373493976,0.0
52.41958291262136,12.752735987951809,0.0
52.41958291262136,12.75287860240964,0.0
52.41958291262136,12.75302121686747,0.0
52.41958291262136,12.753163831325303,0.0
52.41958291262136,12.753306445783133,0.0
52.41958291262136,12.753449060240964,0.0
52.41958291262136,12.753591674698797,0.0
52.41958291262136,12.753734289156627,0.0
52.41958291262136,12.753876903614458,0.0
52.41958291262136,12.75401951807229,0.0
52.41958291262136,12.754162132530121,0.0
52.41958291262136,12.754304746987952,0.0
52.41958291262136,12.754447361445784,0.0
52.41958291262136,12.754589975903615,0.0
52.41958291262136,12.754732590361446,0.0
52.41958291262136,12.754875204819278,0.0
52.41958291262136,12.755017819277109,0.0
52.41958291262136,12.75516043373494,0.0
52.41958291262136,12.755303048192772,0.0
52.41958291262136,12.755445662650603,0.0
52.41958291262136,12.755588277108435,0.0
52.41958291262136,12.755730891566266,0.0
52.41958291262136,12.755873506024097,0.0
52.41958291262136,12.75601612048193,0.0
52.41958291262136,12.75615873493976,0.0
52.41958291262136,12.75630134939759,0.0
52.41958291262136,12.756443963855423,0.0
52.41958291262136,12.756586578313254,0.0
52.41958291262136,12.756729192771084,0.0
52.41958291262136,12.756871807228917,0.0
52.41958291262136,12.757014421686748,0.0
52.41958291262136,12.757157036144578,0.0
52.41958291262136,12.75729965060241,0.0
52.41958291262136,12.757442265060241,0.0
52.41958291262136,12.757584879518072,0.0
52.41958291262136,12.757727493975905,0.0
52.41958291262136,12.757870108433735,0.0
52.41958291262136,12.758012722891566,0.0
52.41958291262136,12.758155337349399,0.0
52.41958291262136,12.75829795180723,0.0005238245823088574
52.41958291262136,12.758440566265062,0.0017380327604768634
52.41958291262136,12.758583180722892,0.0029291086058817993
52.41958291262136,12.758725795180723,0.004094310152704872
52.41958291262136,12.758868409638556,0.005233076582091535
52.41958291262136,12.759011024096386,0.0063528748042024534
52.41958291262136,12.759153638554217,0.0074389468789739874
52.41958291262136,12.75929625301205,0.00849916444380583
52.41958291262136,12.75943886746988,0.009534548468980403
52.41958291262136,12.759581481927711,0.01053162624602479
52.41958291262136,12.759724096385543,0.011490273026677697
52.41958291262136,12.759866710843374,0.012422015309076082
52.41958291262136,12.760009325301205,0.01332143702424482
52.41958291262136,12.760151939759037,0.014177829480163846
52.41958291262136,12.760294554216868,0.014994598094715216
52.41958291262136,12.760437168674699,0.01577867813435894
52.41958291262136,12.760579783132531,0.016517786048123023
52.41958291262136,12.760722397590362,0.017215109131672096
52.41958291262136,12.760865012048193,0.01786862100467204
52.41958291262136,12.761007626506025,0.01847975035613354
52.41958291262136,12.761150240963856,0.019047820373954097
52.41958291262136,12.761292855421688,0.019567915059236544
52.41958291262136,12.761435469879519,0.020046313266044762
52.41958291262136,12.76157808433735,0.020480573055136047
52.41958291262136,12.761720698795182,0.02086736465233577
52.41958291262136,12.761863313253013,0.021204281853340404
52.41958291262136,12.762005927710844,0.02149518341677742
52.41958291262136,12.762148542168676,0.021737033456322837
52.41958291262136,12.762291156626507,0.021938569910501214
52.41958291262136,12.762433771084337,0.02208874533822798
52.41958291262136,12.76257638554217,0.022185685477923496
52.41958291262136,12.762719,0.022234122276175553
52.41967565048544,12.750882,0.0
52.41967565048544,12.751024614457831,0.0
52.41967565048544,12.751167228915664,0.0
52.41967565048544,12.751309843373495,0.0
52.41967565048544,12.751452457831325,0.0
52.41967565048544,12.751595072289158,0.0
52.41967565048544,12.751737686746988,0.0
52.41967565048544,12.75188030120482,0.0
52.41967565048544,12.752022915662652,0.0
52.41967565048544,12.752165530120482,0.0
52.41967565048544,12.752308144578313,0.0
52.41967565048544,12.752450759036146,0.0
52.41967565048544,12.752593373493976,0.0
52.41967565048544,12.752735987951809,0.0
52.41967565048544,12.75287860240964,0.0
52.41967565048544,12.75302121686747,0.0
52.41967565048544,12.753163831325303,0.0
52.41967565048544,12.753306445783133,0.0
52.41967565048544,12.753449060240964,0.0
52.41967565048544,12.753591674698797,0.0
52.41967565048544,12.753734289156627,0.0
52.41967565048544,12.753876903614458,0.0
52.41967565048544,12.75401951807229,0.0
52.41967565048544,12.754162132530121,0.0
52.41967565048544,12.754304746987952,0.0
52.41967565048544,12.754447361445784,0.0
52.41967565048544,12.754589975903615,0.0
52.41967565048544,12.754732590361446,0.0
52.41967565048544,12.754875204819278,0.0
52.41967565048544,12.755017819277109,0.0
52.41967565048544,12.75516043373494,0.0
52.41967565048544,12.755303048192772,0.0
52.41967565048544,12.755445662650603,0.0
52.41967565048544,12.755588277108435,0.0
52.41967565048544,12.755730891566266,0.0
52.41967565048544,12.755873506024097,0.0
52.41967565048544,12.75601612048193,0.0
52.41967565048544,12.75615873493976,0.0
52.41967565048544,12.75630134939759,0.0
52.41967565048544,12.756443963855423,0.0
52.41967565048544,12.756586578313254,0.0
52.41967565048544,12.756729192771084,0.0
52.41967565048544,12.756871807228917,0.0
52.41967565048544,12.757014421686748,0.0
52.41967565048544,12.757157036144578,0.0
52.41967565048544,12.75729965060241,0.0
52.41967565048544,12.757442265060241,0.0
52.41967565048544,12.757584879518072,0.0
52.41967565048544,12.757727493975905,0.0
52.41967565048544,12.757870108433735,0.0
52.41967565048544,12.758012722891566,0.0
52.41967565048544,12.758155337349399,0.0
52.41967565048544,12.75829795180723,0.0008351759155105984
52.41967565048544,12.758440566265062,0.0020424037739551525
52.41967565048544,12.758583180722892,0.0032266147744560505
52.41967565048544,12.758725795180723,0.004384988952137634
52.41967565048544,12.758868409638556,0.005517121525639983
52.41967565048544,12.759011024096386,0.0066304184286269585
52.41967565048544,12.759153638554217,0.007710089209995083
52.41967565048544,12.75929625301205,0.008764053512319347
52.41967565048544,12.75943886746988,0.00979339505325492
52.41967565048544,12.759581481927711,0.01078455049139128
52.41967565048544,12.759724096385543,0.011737398106609967
52.41967565048544,12.759866710843374,0.012663636008263077
52.41967565048544,12.760009325301205,0.013557787560716145
52.41967565048544,12.760151939759037,0.014409060602845634
52.41967565048544,12.760294554216868,0.015220939969162474
52.41967565048544,12.760437168674699,0.016000350733504906
52.41967565048544,12.760579783132531,0.0167350524846812
52.41967565048544,12.760722397590362,0.017428240569025918
52.41967565048544,12.760865012048193,0.01807776734395177
52.41967565048544,12.761007626506025,0.01868526520415261
52.41967565048544,12.761150240963856,0.01924978540317761
52.41967565048544,12.761292855421688,0.019766670791753392
52.41967565048544,12.761435469879519,0.020242210206640823
52.41967565048544,12.76157808433735,0.020673896188662323
52.41967565048544,12.761720698795182,0.02105829165688559
52.41967565048544,12.761863313253013,0.02139316829509562
52.41967565048544,12.762005927710844,0.021682363353115977
52.41967565048544,12.762148542168676,0.021922741100074267
52.41967565048544,12.762291156626507,0.02212310676863789
52.41967565048544,12.762433771084337,0.022272368464028035
52.41967565048544,12.76257638554217,0.022368641911659222
52.41967565048544,12.762719,0.022416824656091603
52.41976838834952,12.750882,0.0
52.41976838834952,12.751024614457831,0.0
52.41976838834952,12.751167228915664,0.0
52.41976838834952,12.751309843373495,0.0
52.41976838834952,12.751452457831325,0.0
52.41976838834952,12.751595072289158,0.0
52.41976838834952,12.751737686746988,0.0
52.41976838834952,12.75188030120482,0.0
52.41976838834952,12.752022915662652,0.0
52.41976838834952,12.752165530120482,0.0
52.41976838834952,12.752308144578313,0.0
52.41976838834952,12.752450759036146,0.0
52.41976838834952,12.752593373493976,0.0
52.41976838834952,12.752735987951809,0.0
52.41976838834952,12.75287860240964,0.0
52.41976838834952,12.75302121686747,0.0
52.41976838834952,12.753163831325303,0.0
52.41976838834952,12.753306445783133,0.0
52.41976838834952,12.753449060240964,0.0
52.41976838834952,12.753591674698797,0.0
52.41976838834952,12.753734289156627,0.0
52.41976838834952,12.753876903614458,0.0
52.41976838834952,12.75401951807229,0.0
52.41976838834952,12.754162132530121,0.0
52.41976838834952,12.754304746987952,0.0
52.41976838834952,12.754447361445784,0.0
52.41976838834952,12.754589975903615,0.0
52.41976838834952,12.754732590361446,0.0
52.41976838834952,12.754875204819278,0.0
52.41976838834952,12.755017819277109,0.0
52.41976838834952,12.75516043373494,0.0
52.41976838834952,12.755303048192772,0.0
52.41976838834952,12.755445662650603,0.0
52.41976838834952,12.755588277108435,0.0
52.41976838834952,12.755730891566266,0.0
52.41976838834952,12.755873506024097,0.0
52.41976838834952,12.75601612048193,0.0
52.41976838834952,12.75615873493976,0.0
52.41976838834952,12.75630134939759,0.0
52.41976838834952,12.756443963855423,0.0
52.41976838834952,12.756586578313254,0.0
52.41976838834952,12.756729192771084,0.0
52.41976838834952,12.756871807228917,0.0
52.41976838834952,12.757014421686748,0.0
52.41976838834952,12.757157036144578,0.0
52.41976838834952,12.75729965060241,0.0
52.41976838834952,12.757442265060241,0.0
52.41976838834952,12.757584879518072,0.0
52.41976838834952,12.757727493975905,0.0
52.41976838834952,12.757870108433735,0.0
52.41976838834952,12.758012722891566,0.0
52.41976838834952,12.758155337349399,0.0
52.41976838834952,12.75829795180723,0.0011463268527213358
52.41976838834952,12.758440566265062,0.002346711965213546
52.41976838834952,12.758583180722892,0.003524193626180488
52.41976838834952,12.758725795180723,0.0046758746927198155
52.41976838834952,12.758868409638556,0.00580150386752045
52.41976838834952,12.759011024096386,0.00690842781004092
52.41976838834952,12.759153638554217,0.007981822808681264
52.41976838834952,12.75929625301205,0.009029656473556875
52.41976838834952,12.75943886746988,0.010053074248997821
52.41976838834952,12.759581481927711,0.011038423305254645
52.41976838834952,12.759724096385543,0.011985585718596732
52.41976838834952,12.759866710843374,0.01290642674923263
52.41976838834952,12.760009325301205,0.013795411734108465
52.41976838834952,12.760151939759037,0.014641665692030912
52.41976838834952,12.760294554216868,0.015448751691301789
52.41976838834952,12.760437168674699,0.01622358442292811
52.41976838834952,12.760579783132531,0.01695396666496911
52.41976838834952,12.760722397590362,0.017643100911331987
52.41976838834952,12.760865012048193,0.018288720628955476
52.41976838834952,12.761007626506025,0.01889265848256437
52.41976838834952,12.761150240963856,0.01945369824958912
52.41976838834952,12.761292855421688,0.01996743655450018
52.41976838834952,12.761435469879519,0.020440172683848266
52.41976838834952,12.76157808433735,0.020869335030759974
52.41976838834952,12.761720698795182,0.02125138116866749
52.41976838834952,12.761863313253013,0.021584257104728923
52.41976838834952,12.762005927710844,0.021871779243329753
52.41976838834952,12.762148542168676,0.02211071317314072
52.41976838834952,12.762291156626507,0.022309931056358617
52.41976838834952,12.762433771084337,0.02245829715188212
52.41976838834952,12.76257638554217,0.02255391658952213
52.41976838834952,12.762719,0.022601850002012067
52.41986112621359,12.750882,0.0
52.41986112621359,12.751024614457831,0.0
52.41986112621359,12.751167228915664,0.0
52.41986112621359,12.751309843373495,0.0
52.41986112621359,12.751452457831325,0.0
52.41986112621359,12.751595072289158,0.0
52.41986112621359,12.751737686746988,0.0
52.41986112621359,12.75188030120482,0.0
52.41986112621359,12.752022915662652,0.0
52.41986112621359,12.752165530120482,0.0
52.41986112621359,12.752308144578313,0.0
52.41986112621359,12.752450759036146,0.0
52.41986112621359,12.752593373493976,0.0
52.41986112621359,12.752735987951809,0.0
52.41986112621359,12.75287860240964,0.0
52.41986112621359,12.75302121686747,0.0
52.41986112621359,12.753163831325303,0.0
52.41986112621359,12.753306445783133,0.0
52.41986112621359,12.753449060240964,0.0
52.41986112621359,12.753591674698797,0.0
52.41986112621359,12.753734289156627,0.0
52.41986112621359,12.753876903614458,0.0
52.41986112621359,12.75401951807229,0.0
52.41986112621359,12.754162132530121,0.0
52.41986112621359,12.754304746987952,0.0
52.41986112621359,12.754447361445784,0.0
52.41986112621359,12.754589975903615,0.0
52.41986112621359,12.754732590361446,0.0
52.41986112621359,12.754875204819278,0.0
52.41986112621359,12.755017819277109,0.0
52.41986112621359,12.75516043373494,0.0
52.41986112621359,12.755303048192772,0.0
52.41986112621359,12.755445662650603,0.0
52.41986112621359,12.755588277108435,0.0
52.41986112621359,12.755730891566266,0.0
52.41986112621359,12.755873506024097,0.0
52.41986112621359,12.75601612048193,0.0
52.41986112621359,12.75615873493976,0.0
52.41986112621359,12.75630134939759,0.0
52.41986112621359,12.756443963855423,0.0
52.41986112621359,12.756586578313254,0.0
52.41986112621359,12.756729192771084,0.0
52.41986112621359,12.756871807228917,0.0
52.41986112621359,12.757014421686748,0.0
52.41986112621359,12.757157036144578,0.0
52.41986112621359,12.75729965060241,0.0
52.41986112621359,12.757442265060241,0.0
52.41986112621359,12.757584879518072,0.0
52.41986112621359,12.757727493975905,0.0
52.41986112621359,12.757870108433735,0.0
52.41986112621359,12.758012722891566,0.0
52.41986112621359,12.758155337349399,0.00024151694863859714
52.41986112621359,12.75829795180723,0.001454307300968084
52.41986112621359,12.758440566265062,0.002647866014308763
52.41986112621359,12.758583180722892,0.00381863444552194
52.41986112621359,12.758725795180723,0.004963640397553303
52.41986112621359,12.758868409638556,0.006082782666136877
52.41986112621359,12.759011024096386,0.007183350052081276
52.41986112621359,12.759153638554217,0.008250486422692533
52.41986112621359,12.75929625301205,0.009292206668515463
52.41986112621359,12.75943886746988,0.010309716544432596
52.41986112621359,12.759581481927711,0.011289276021153254
52.41986112621359,12.759724096385543,0.012230770819426157
52.41986112621359,12.759866710843374,0.013146230288215476
52.41986112621359,12.760009325301205,0.01403006251758086
52.41986112621359,12.760151939759037,0.014871312234797816
52.41986112621359,12.760294554216868,0.015673618810671072
52.41986112621359,12.760437168674699,0.016443887361720706
52.41986112621359,12.760579783132531,0.017169962707096528
52.41986112621359,12.760722397590362,0.017855054043505944
52.41986112621359,12.760865012048193,0.01849677966829212
52.41986112621359,12.761007626506025,0.01909716715649038
52.41986112621359,12.761150240963856,0.019654739250402353
52.41986112621359,12.761292855421688,0.0201653405733064
52.41986112621359,12.761435469879519,0.02063528178236748
52.41986112621359,12.76157808433735,0.021061927640355412
52.41986112621359,12.761720698795182,0.02144163274275423
52.41986112621359,12.761863313253013,0.021772514294986407
52.41986112621359,12.762005927710844,0.02205836833997868
52.41986112621359,12.762148542168676,0.022295862823555813
52.41986112621359,12.762291156626507,0.022493936136436687
52.41986112621359,12.762433771084337,0.02264141012068524
52.41986112621359,12.76257638554217,0.022736379027611844
52.41986112621359,12.762719,0.022784063028707675
52.41995386407767,12.750882,0.0
52.41995386407767,12.751024614457831,0.0
52.41995386407767,12.751167228915664,0.0
52.41995386407767,12.751309843373495,0.0
52.41995386407767,12.751452457831325,0.0
52.41995386407767,12.751595072289158,0.0
52.41995386407767,12.751737686746988,0.0
52.41995386407767,12.75188030120482,0.0
52.41995386407767,12.752022915662652,0.0
52.41995386407767,12.752165530120482,0.0
52.41995386407767,12.752308144578313,0.0
52.41995386407767,12.752450759036146,0.0
52.41995386407767,12.752593373493976,0.0
52.41995386407767,12.752735987951809,0.0
52.41995386407767,12.75287860240964,0.0
52.41995386407767,12.75302121686747,0.0
52.41995386407767,12.753163831325303,0.0
52.41995386407767,12.753306445783133,0.0
52.41995386407767,12.753449060240964,0.0
52.41995386407767,12.753591674698797,0.0
52.41995386407767,12.753734289156627,0.0
52.41995386407767,12.753876903614458,0.0
52.41995386407767,12.75401951807229,0.0
52.41995386407767,12.754162132530121,0.0
52.41995386407767,12.754304746987952,0.0
52.41995386407767,12.754447361445784,0.0
52.41995386407767,12.754589975903615,0.0
52.41995386407767,12.754732590361446,0.0
52.41995386407767,12.754875204819278,0.0
52.41995386407767,12.755017819277109,0.0
52.41995386407767,12.75516043373494,0.0
52.41995386407767,12.755303048192772,0.0
52.41995386407767,12.755445662650603,0.0
52.41995386407767,12.755588277108435,0.0
52.41995386407767,12.755730891566266,0.0
52.41995386407767,12.755873506024097,0.0
52.41995386407767,12.75601612048193,0.0
52.41995386407767,12.75615873493976,0.0
52.41995386407767,12.75630134939759,0.0
52.41995386407767,12.756443963855423,0.0
52.41995386407767,12.756586578313254,0.0
52.41995386407767,12.756729192771084,0.0
52.41995386407767,12.756871807228917,0.0
52.41995386407767,12.757014421686748,0.0
52.41995386407767,12.757157036144578,0.0
52.41995386407767,12.75729965060241,0.0
52.41995386407767,12.757442265060241,0.0
52.41995386407767,12.757584879518072,0.0
52.41995386407767,12.757727493975905,0.0
52.41995386407767,12.757870108433735,0.0
52.41995386407767,12.758012722891566,0.0
52.41995386407767,12.758155337349399,0.0005486850668651746
52.41995386407767,12.75829795180723,0.0017546470473068197
52.41995386407767,12.758440566265062,0.00294147147872874
52.41995386407767,12.758583180722892,0.004105617124117215
52.41995386407767,12.758725795180723,0.005244038444298948
52.41995386407767,12.758868409638556,0.006356780993705246
52.41995386407767,12.759011024096386,0.007451077811728766
52.41995386407767,12.759153638554217,0.008512040164080819
52.41995386407767,12.75929625301205,0.00954773017892845
52.41995386407767,12.75943886746988,0.01055941249290247
52.41995386407767,12.759581481927711,0.011533261492174436
52.41995386407767,12.759724096385543,0.012469166487542385
52.41995386407767,12.759866710843374,0.013379317708649828
52.41995386407767,12.760009325301205,0.014258067209960573
52.41995386407767,12.760151939759037,0.015094381398247715
52.41995386407767,12.760294554216868,0.01589197427804267
52.41995386407767,12.760437168674699,0.016657741140029905
52.41995386407767,12.760579783132531,0.017379568585678053
52.41995386407767,12.760722397590362,0.018060672396177646
52.41995386407767,12.760865012048193,0.0186985573900693
52.41995386407767,12.761007626506025,0.019295442961282636
52.41995386407767,12.761150240963856,0.01984959621755455
52.41995386407767,12.761292855421688,0.020357103820511355
52.41995386407767,12.761435469879519,0.020824287963760242
52.41995386407767,12.76157808433735,0.021248452060332684
52.41995386407767,12.761720698795182,0.02162584883727456
52.41995386407767,12.761863313253013,0.021954763465408214
52.41995386407767,12.762005927710844,0.022238972259604525
52.41995386407767,12.762148542168676,0.022475046645661
52.41995386407767,12.762291156626507,0.022671991080004984
52.41995386407767,12.762433771084337,0.022818585960153993
52.41995386407767,12.76257638554217,0.022912913505446823
52.41995386407767,12.762719,0.0229603509096756
52.42004660194175,12.750882,0.0
52.42004660194175,12.751024614457831,0.0
52.42004660194175,12.751167228915664,0.0
52.42004660194175,12.751309843373495,0.0
52.42004660194175,12.751452457831325,0.0
52.42004660194175,12.751595072289158,0.0
52.42004660194175,12.751737686746988,0.0
52.42004660194175,12.75188030120482,0.0
52.42004660194175,12.752022915662652,0.0
52.42004660194175,12.752165530120482,0.0
52.42004660194175,12.752308144578313,0.0
52.42004660194175,12.752450759036146,0.0
52.42004660194175,12.752593373493976,0.0
52.42004660194175,12.752735987951809,0.0
52.42004660194175,12.75287860240964,0.0
52.42004660194175,12.75302121686747,0.0
52.42004660194175,12.753163831325303,0.0
52.42004660194175,12.753306445783133,0.0
52.42004660194175,12.753449060240964,0.0
52.42004660194175,12.753591674698797,0.0
52.42004660194175,12.753734289156627,0.0
52.42004660194175,12.753876903614458,0.0
52.42004660194175,12.75401951807229,0.0
52.42004660194175,12.754162132530121,0.0
52.42004660194175,12.754304746987952,0.0
52.42004660194175,12.754447361445784,0.0
52.42004660194175,12.754589975903615,0.0
52.42004660194175,12.754732590361446,0.0
52.42004660194175,12.754875204819278,0.0
52.42004660194175,12.755017819277109,0.0
52.42004660194175,12.75516043373494,0.0
52.42004660194175,12.755303048192772,0.0
52.42004660194175,12.755445662650603,0.0
52.42004660194175,12.755588277108435,0.0
52.42004660194175,12.755730891566266,0.0
52.42004660194175,12.755873506024097,0.0
52.42004660194175,12.75601612048193,0.0
52.42004660194175,12.75615873493976,0.0
52.42004660194175,12.75630134939759,0.0
52.42004660194175,12.756443963855423,0.0
52.42004660194175,12.756586578313254,0.0
52.42004660194175,12.756729192771084,0.0
52.42004660194175,12.756871807228917,0.0
52.42004660194175,12.757014421686748,0.0
52.42004660194175,12.757157036144578,0.0
52.42004660194175,12.75729965060241,0.0
52.42004660194175,12.757442265060241,0.0
52.42004660194175,12.757584879518072,0.0
52.42004660194175,12.757727493975905,0.0
52.42004660194175,12.757870108433735,0.0
52.42004660194175,12.758012722891566,0.0
52.42004660194175,12.758155337349399,0.0008511202731212131
52.42004660194175,12.75829795180723,0.0020503600945439293
52.42004660194175,12.758440566265062,0.003230554828084776
52.42004660194175,12.758583180722892,0.004388180623050842
52.42004660194175,12.758725795180723,0.005520119985529282
52.42004660194175,12.758868409638556,0.0066265623351170755
52.42004660194175,12.759011024096386,0.007714686684419209
52.42004660194175,12.759153638554217,0.00876957169195814
52.42004660194175,12.75929625301205,0.009799325390232864
52.42004660194175,12.75943886746988,0.010805270803038246
52.42004660194175,12.759581481927711,0.01177349878721426
52.42004660194175,12.759724096385543,0.012703902259375396
52.42004660194175,12.759866710843374,0.013608828179298002
52.42004660194175,12.760009325301205,0.014482574568286066
52.42004660194175,12.760151939759037,0.015314030688910714
52.42004660194175,12.760294554216868,0.016106983636744798
52.42004660194175,12.760437168674699,0.016868319194012202
52.42004660194175,12.760579783132531,0.017585965120540316
52.42004660194175,12.760722397590362,0.01826314307612063
52.42004660194175,12.760865012048193,0.01889724836770107
52.42004660194175,12.761007626506025,0.01949068676698913
52.42004660194175,12.761150240963856,0.020041475648882645
52.42004660194175,12.761292855421688,0.02054593778965038
52.42004660194175,12.761435469879519,0.0210104079340001
52.42004660194175,12.76157808433735,0.02143212845227642
52.42004660194175,12.761720698795182,0.02180725344296587
52.42004660194175,12.761863313253013,0.022134232239979172
52.42004660194175,12.762005927710844,0.022416821687430012
52.42004660194175,12.762148542168676,0.022651498094655075
52.42004660194175,12.762291156626507,0.02284733146177748
52.42004660194175,12.762433771084337,0.02299306088792822
52.42004660194175,12.76257638554217,0.023086757647796274
52.42004660194175,12.762719,0.023133952049932065
52.42013933980583,12.750882,0.0
52.42013933980583,12.751024614457831,0.0
52.42013933980583,12.751167228915664,0.0
52.42013933980583,12.751309843373495,0.0
52.42013933980583,12.751452457831325,0.0
52.42013933980583,12.751595072289158,0.0
52.42013933980583,12.751737686746988,0.0
52.42013933980583,12.75188030120482,0.0
52.42013933980583,12.752022915662652,0.0
52.42013933980583,12.752165530120482,0.0
52.42013933980583,12.752308144578313,0.0
52.42013933980583,12.752450759036146,0.0
52.42013933980583,12.752593373493976,0.0
52.42013933980583,12.752735987951809,0.0
52.42013933980583,12.75287860240964,0.0
52.42013933980583,12.75302121686747,0.0
52.42013933980583,12.753163831325303,0.0
52.42013933980583,12.753306445783133,0.0
52.42013933980583,12.753449060240964,0.0
52.42013933980583,12.753591674698797,0.0
52.42013933980583,12.753734289156627,0.0
52.42013933980583,12.753876903614458,0.0
52.42013933980583,12.75401951807229,0.0
52.42013933980583,12.754162132530121,0.0
52.42013933980583,12.754304746987952,0.0
52.42013933980583,12.754447361445784,0.0
52.42013933980583,12.754589975903615,0.0
52.42013933980583,12.754732590361446,0.0
52.42013933980583,12.754875204819278,0.0
52.42013933980583,12.755017819277109,0.0
52.42013933980583,12.75516043373494,0.0
52.42013933980583,12.755303048192772,0.0
52.42013933980583,12.755445662650603,0.0
52.42013933980583,12.755588277108435,0.0
52.42013933980583,12.755730891566266,0.0
52.42013933980583,12.755873506024097,0.0
52.42013933980583,12.75601612048193,0.0
52.42013933980583,12.75615873493976,0.0
52.42013933980583,12.75630134939759,0.0
52.42013933980583,12.756443963855423,0.0
52.42013933980583,12.756586578313254,0.0
52.42013933980583,12.756729192771084,0.0
52.42013933980583,12.756871807228917,0.0
52.42013933980583,12.757014421686748,0.0
52.42013933980583,12.757157036144578,0.0
52.42013933980583,12.75729965060241,0.0
52.42013933980583,12.757442265060241,0.0
52.42013933980583,12.757584879518072,0.0
52.42013933980583,12.757727493975905,0.0
52.42013933980583,12.757870108433735,0.0
52.42013933980583,12.758012722891566,0.0
52.42013933980583,12.758155337349399,0.00113708979801075
52.42013933980583,12.75829795180723,0.002329734217932554
52.42013933980583,12.758440566265062,0.003503424203659309
52.42013933980583,12.758583180722892,0.004654653313270633
52.42013933980583,12.758725795180723,0.005780233180082391
52.42013933980583,12.758868409638556,0.006880493978391772
52.42013933980583,12.759011024096386,0.007962562217489179
52.42013933980583,12.759153638554217,0.009011484118737022
52.42013933980583,12.75929625301205,0.010035413853983623
52.42013933980583,12.75943886746988,0.011035730531115914
52.42013933980583,12.759581481927711,0.011998443821696009
52.42013933980583,12.759724096385543,0.012923450021020891
52.42013933980583,12.759866710843374,0.013823249212136051
52.42013933980583,12.760009325301205,0.014692086728857866
52.42013933980583,12.760151939759037,0.015518776556899509
52.42013933980583,12.760294554216868,0.016307176916327992
52.42013933980583,12.760437168674699,0.017064164943364935
52.42013933980583,12.760579783132531,0.01777770866451238
52.42013933980583,12.760722397590362,0.018451034575728123
52.42013933980583,12.760865012048193,0.01908143166629535
52.42013933980583,12.761007626506025,0.019671487802771524
52.42013933980583,12.761150240963856,0.020218976751403665
52.42013933980583,12.761292855421688,0.020720451236093708
52.42013933980583,12.761435469879519,0.021182258329111272
52.42013933980583,12.76157808433735,0.02160158114795138
52.42013933980583,12.761720698795182,0.021974477803949267
52.42013933980583,12.761863313253013,0.022299557393958766
52.42013933980583,12.762005927710844,0.022580557668939977
52.42013933980583,12.762148542168676,0.02281386230856739
52.42013933980583,12.762291156626507,0.023008605512829034
52.42013933980583,12.762433771084337,0.0231534862550703
52.42013933980583,12.76257638554217,0.023246564443251357
52.42013933980583,12.762719,0.02329351984926531
52.4202320776699,12.750882,0.0
52.4202320776699,12.751024614457831,0.0
52.4202320776699,12.751167228915664,0.0
52.4202320776699,12.751309843373495,0.0
52.4202320776699,12.751452457831325,0.0
52.4202320776699,12.751595072289158,0.0
52.4202320776699,12.751737686746988,0.0
52.4202320776699,12.75188030120482,0.0
52.4202320776699,12.752022915662652,0.0
52.4202320776699,12.752165530120482,0.0
52.4202320776699,12.752308144578313,0.0
52.4202320776699,12.752450759036146,0.0
52.4202320776699,12.752593373493976,0.0
52.4202320776699,12.752735987951809,0.0
52.4202320776699,12.75287860240964,0.0
52.4202320776699,12.75302121686747,0.0
52.4202320776699,12.753163831325303,0.0
52.4202320776699,12.753306445783133,0.0
52.4202320776699,12.753449060240964,0.0
52.4202320776699,12.753591674698797,0.0
52.4202320776699,12.753734289156627,0.0
52.4202320776699,12.753876903614458,0.0
52.4202320776699,12.75401951807229,0.0
52.4202320776699,12.754162132530121,0.0
52.4202320776699,12.754304746987952,0.0
52.4202320776699,12.754447361445784,0.0
52.4202320776699,12.754589975903615,0.0
52.4202320776699,12.754732590361446,0.0
52.4202320776699,12.754875204819278,0.0
52.4202320776699,12.755017819277109,0.0
52.4202320776699,12.75516043373494,0.0
52.4202320776699,12.755303048192772,0.0
52.4202320776699,12.755445662650603,0.0
52.4202320776699,12.755588277108435,0.0
52.4202320776699,12.755730891566266,0.0
52.4202320776699,12.755873506024097,0.0
52.4202320776699,12.75601612048193,0.0
52.4202320776699,12.75615873493976,0.0
52.4202320776699,12.75630134939759,0.0
52.4202320776699,12.756443963855423,0.0
52.4202320776699,12.756586578313254,0.0
52.4202320776699,12.756729192771084,0.0
52.4202320776699,12.756871807228917,0.0
52.4202320776699,12.757014421686748,0.0
52.4202320776699,12.757157036144578,0.0
52.4202320776699,12.75729965060241,0.0
52.4202320776699,12.757442265060241,0.0
52.4202320776699,12.757584879518072,0.0
52.4202320776699,12.757727493975905,0.0
52.4202320776699,12.757870108433735,0.0
52.4202320776699,12.758012722891566,0.00022640405484977873
52.4202320776699,12.758155337349399,0.0014309149292541133
52.4202320776699,12.75829795180723,0.002617082944147027
52.4202320776699,12.758440566265062,0.003784385378324923
52.4202320776699,12.758583180722892,0.00492933296673179
52.4202320776699,12.758725795180723,0.006048668453140102
52.4202320776699,12.758868409638556,0.007142859018483719
52.4202320776699,12.759011024096386,0.008218980720430832
52.4202320776699,12.759153638554217,0.009262047910295423
52.4202320776699,12.75929625301205,0.010280259243437046
52.4202320776699,12.75943886746988,0.011275049180330742
52.4202320776699,12.759581481927711,0.0122323479378212
52.4202320776699,12.759724096385543,0.013152055439070562
52.4202320776699,12.759866710843374,0.014046820916042686
52.4202320776699,12.760009325301205,0.014910838212658824
52.4202320776699,12.760151939759037,0.01573284838020382
52.4202320776699,12.760294554216868,0.01651677893288975
52.4202320776699,12.760437168674699,0.01726949823719401
52.4202320776699,12.760579783132531,0.017979014228984187
52.4202320776699,12.760722397590362,0.018648557937035584
52.4202320776699,12.760865012048193,0.019275314770993656
52.4202320776699,12.761007626506025,0.0198620498038635
52.4202320776699,12.761150240963856,0.020406299926580475
52.4202320776699,12.761292855421688,0.020904840950244485
52.4202320776699,12.761435469879519,0.021364033289522976
52.4202320776699,12.76157808433735,0.02178100179950091
52.4202320776699,12.761720698795182,0.022151710984030827
52.4202320776699,12.761863313253013,0.022474925760196583
52.4202320776699,12.762005927710844,0.02275436591637443
52.4202320776699,12.762148542168676,0.02298632365128677
52.4202320776699,12.762291156626507,0.02317999659776037
52.4202320776699,12.762433771084337,0.023324044157260637
52.4202320776699,12.76257638554217,0.023416515404902624
52.4202320776699,12.762719,0.023463235979606298
52.42032481553398,12.750882,0.0
52.42032481553398,12.751024614457831,0.0
52.42032481553398,12.751167228915664,0.0
52.42032481553398,12.751309843373495,0.0
52.42032481553398,12.751452457831325,0.0
52.42032481553398,12.751595072289158,0.0
52.42032481553398,12.751737686746988,0.0
52.42032481553398,12.75188030120482,0.0
52.42032481553398,12.752022915662652,0.0
52.42032481553398,12.752165530120482,0.0
52.42032481553398,12.752308144578313,0.0
52.42032481553398,12.752450759036146,0.0
52.42032481553398,12.752593373493976,0.0
52.42032481553398,12.752735987951809,0.0
52.42032481553398,12.75287860240964,0.0
52.42032481553398,12.75302121686747,0.0
52.42032481553398,12.753163831325303,0.0
52.42032481553398,12.753306445783133,0.0
52.42032481553398,12.753449060240964,0.0
52.42032481553398,12.753591674698797,0.0
52.42032481553398,12.753734289156627,0.0
52.42032481553398,12.753876903614458,0.0
52.42032481553398,12.75401951807229,0.0
52.42032481553398,12.754162132530121,0.0
52.42032481553398,12.754304746987952,0.0
52.42032481553398,12.754447361445784,0.0
52.42032481553398,12.754589975903615,0.0
52.42032481553398,12.754732590361446,0.0
52.42032481553398,12.754875204819278,0.0
52.42032481553398,12.755017819277109,0.0
52.42032481553398,12.75516043373494,0.0
52.42032481553398,12.755303048192772,0.0
52.42032481553398,12.755445662650603,0.0
52.42032481553398,12.755588277108435,0.0
52.42032481553398,12.755730891566266,0.0
52.42032481553398,12.755873506024097,0.0
52.42032481553398,12.75601612048193,0.0
52.42032481553398,12.75615873493976,0.0
52.42032481553398,12.75630134939759,0.0
52.42032481553398,12.756443963855423,0.0
52.42032481553398,12.756586578313254,0.0
52.42032481553398,12.756729192771084,0.0
52.42032481553398,12.756871807228917,0.0
52.42032481553398,12.757014421686748,0.0
52.42032481553398,12.757157036144578,0.0
52.42032481553398,12.75729965060241,0.0
52.42032481553398,12.757442265060241,0.0
52.42032481553398,12.757584879518072,0.0
52.42032481553398,12.757727493975905,0.0
52.42032481553398,12.757870108433735,0.0
52.42032481553398,12.758012722891566,0.0005053257448311317
52.42032481553398,12.758155337349399,0.0017034178841429243
52.42032481553398,12.75829795180723,0.0028832032723394617
52.42032481553398,12.758440566265062,0.00404421047502294
52.42032481553398,12.758583180722892,0.005182967729671646
52.42032481553398,12.758725795180723,0.006296150470513597
52.42032481553398,12.758868409638556,0.007384359267799331
52.42032481553398,12.759011024096386,0.008454621386326031
52.42032481553398,12.759153638554217,0.009491919461015182
52.42032481553398,12.75929625301205,0.010504496580414075
52.42032481553398,12.75943886746988,0.01149384087566096
52.42032481553398,12.759581481927711,0.012445805085715281
52.42032481553398,12.759724096385543,0.013360293479101438
52.42032481553398,12.759866710843374,0.014250099587059242
52.42032481553398,12.760009325301205,0.015109367731614812
52.42032481553398,12.760151939759037,0.015926768158767306
52.42032481553398,12.760294554216868,0.016706295361444384
52.42032481553398,12.760437168674699,0.0174548098047347
52.42032481553398,12.760579783132531,0.018160357849140975
52.42032481553398,12.760722397590362,0.018826175054582315
52.42032481553398,12.760865012048193,0.019449346569952994
52.42032481553398,12.761007626506025,0.020032809274243796
52.42032481553398,12.761150240963856,0.02057387034286721
52.42032481553398,12.761292855421688,0.021069522148699348
52.42032481553398,12.761435469879519,0.02152613868306161
52.42032481553398,12.76157808433735,0.02194078778263192
52.42032481553398,12.761720698795182,0.02230934290243205
52.42032481553398,12.761863313253013,0.02263072071479586
52.42032481553398,12.762005927710844,0.022908623520807164
52.42032481553398,12.762148542168676,0.02313925435403975
52.42032481553398,12.762291156626507,0.023331872888917866
52.42032481553398,12.762433771084337,0.023475100314014834
52.42032481553398,12.76257638554217,0.023566974528559465
52.42032481553398,12.762719,0.023613463035067683
52.42041755339806,12.750882,0.0
52.42041755339806,12.751024614457831,0.0
52.42041755339806,12.751167228915664,0.0
52.42041755339806,12.751309843373495,0.0
52.42041755339806,12.751452457831325,0.0
52.42041755339806,12.751595072289158,0.0
52.42041755339806,12.751737686746988,0.0
52.42041755339806,12.75188030120482,0.0
52.42041755339806,12.752022915662652,0.0
52.42041755339806,12.752165530120482,0.0
52.42041755339806,12.752308144578313,0.0
52.42041755339806,12.752450759036146,0.0
52.42041755339806,12.752593373493976,0.0
52.42041755339806,12.752735987951809,0.0
52.42041755339806,12.75287860240964,0.0
52.42041755339806,12.75302121686747,0.0
52.42041755339806,12.753163831325303,0.0
52.42041755339806,12.753306445783133,0.0
52.42041755339806,12.753449060240964,0.0
52.42041755339806,12.753591674698797,0.0
52.42041755339806,12.753734289156627,0.0
52.42041755339806,12.753876903614458,0.0
52.42041755339806,12.75401951807229,0.0
52.42041755339806,12.754162132530121,0.0
52.42041755339806,12.754304746987952,0.0
52.42041755339806,12.754447361445784,0.0
52.42041755339806,12.754589975903615,0.0
52.42041755339806,12.754732590361446,0.0
52.42041755339806,12.754875204819278,0.0
52.42041755339806,12.755017819277109,0.0
52.42041755339806,12.75516043373494,0.0
52.42041755339806,12.755303048192772,0.0
52.42041755339806,12.755445662650603,0.0
52.42041755339806,12.755588277108435,0.0
52.42041755339806,12.755730891566266,0.0
52.42041755339806,12.755873506024097,0.0
52.42041755339806,12.75601612048193,0.0
52.42041755339806,12.75615873493976,0.0
52.42041755339806,12.75630134939759,0.0
52.42041755339806,12.756443963855423,0.0
52.42041755339806,12.756586578313254,0.0
52.42041755339806,12.756729192771084,0.0
52.42041755339806,12.756871807228917,0.0
52.42041755339806,12.757014421686748,0.0
52.42041755339806,12.757157036144578,0.0
52.42041755339806,12.75729965060241,0.0
52.42041755339806,12.757442265060241,0.0
52.42041755339806,12.757584879518072,0.0
52.42041755339806,12.757727493975905,0.0
52.42041755339806,12.757870108433735,0.0
52.42041755339806,12.758012722891566,0.0007791834282041242
52.42041755339806,12.758155337349399,0.00197098632232937
52.42041755339806,12.75829795180723,0.003144518267972865
52.42041755339806,12.758440566265062,0.0042993581256924865
52.42041755339806,12.758583180722892,0.005432050294979273
52.42041755339806,12.758725795180723,0.0065392054925146
52.42041755339806,12.758868409638556,0.007621553657421993
52.42041755339806,12.759011024096386,0.008686075011199744
52.42041755339806,12.759153638554217,0.009717721422465637
52.42041755339806,12.75929625301205,0.010724779121107511
52.42041755339806,12.75943886746988,0.011708788386357466
52.42041755339806,12.759581481927711,0.012655527254147224
52.42041755339806,12.759724096385543,0.013564903329619382
52.42041755339806,12.759866710843374,0.01444985106191063
52.42041755339806,12.760009325301205,0.01530446635166223
52.42041755339806,12.760151939759037,0.016117351350268073
52.42041755339806,12.760294554216868,0.016892565246246563
52.42041755339806,12.760437168674699,0.01763696031221845
52.42041755339806,12.760579783132531,0.018338621379025057
52.42041755339806,12.760722397590362,0.019000787494869754
52.42041755339806,12.760865012048193,0.019620447065316883
52.42041755339806,12.761007626506025,0.0202007043335261
52.42041755339806,12.761150240963856,0.020738642428371826
52.42041755339806,12.761292855421688,0.021231464232572182
52.42041755339806,12.761435469879519,0.0216855572879994
52.42041755339806,12.76157808433735,0.022097934248332462
52.42041755339806,12.761720698795182,0.022464379971482498
52.42041755339806,12.761863313253013,0.022783958651749602
52.42041755339806,12.762005927710844,0.02306035555945886
52.42041755339806,12.762148542168676,0.023289686287156913
52.42041755339806,12.762291156626507,0.02348127187241878
52.42041755339806,12.762433771084337,0.023623695992411792
52.42041755339806,12.76257638554217,0.023714985905789077
52.42041755339806,12.762719,0.023761246623832884
52.42051029126214,12.750882,0.0
52.42051029126214,12.751024614457831,0.0
52.42051029126214,12.751167228915664,0.0
52.42051029126214,12.751309843373495,0.0
52.42051029126214,12.751452457831325,0.0
52.42051029126214,12.751595072289158,0.0
52.42051029126214,12.751737686746988,0.0
52.42051029126214,12.75188030120482,0.0
52.42051029126214,12.752022915662652,0.0
52.42051029126214,12.752165530120482,0.0
52.42051029126214,12.752308144578313,0.0
52.42051029126214,12.752450759036146,0.0
52.42051029126214,12.752593373493976,0.0
52.42051029126214,12.752735987951809,0.0
52.42051029126214,12.75287860240964,0.0
52.42051029126214,12.75302121686747,0.0
52.42051029126214,12.753163831325303,0.0
52.42051029126214,12.753306445783133,0.0
52.42051029126214,12.753449060240964,0.0
52.42051029126214,12.753591674698797,0.0
52.42051029126214,12.753734289156627,0.0
52.42051029126214,12.753876903614458,0.0
52.42051029126214,12.75401951807229,0.0
52.42051029126214,12.754162132530121,0.0
52.42051029126214,12.754304746987952,0.0
52.42051029126214,12.754447361445784,0.0
52.42051029126214,12.754589975903615,0.0
52.42051029126214,12.754732590361446,0.0
52.42051029126214,12.754875204819278,0.0
52.42051029126214,12.755017819277109,0.0
52.42051029126214,12.75516043373494,0.0
52.42051029126214,12.755303048192772,0.0
52.42051029126214,12.755445662650603,0.0
52.42051029126214,12.755588277108435,0.0
52.42051029126214,12.755730891566266,0.0
52.42051029126214,12.755873506024097,0.0
52.42051029126214,12.75601612048193,0.0
52.42051029126214,12.75615873493976,0.0
52.42051029126214,12.75630134939759,0.0
52.42051029126214,12.756443963855423,0.0
52.42051029126214,12.756586578313254,0.0
52.42051029126214,12.756729192771084,0.0
52.42051029126214,12.756871807228917,0.0
52.42051029126214,12.757014421686748,0.0
52.42051029126214,12.757157036144578,0.0
52.42051029126214,12.75729965060241,0.0
52.42051029126214,12.757442265060241,0.0
52.42051029126214,12.757584879518072,0.0
52.42051029126214,12.757727493975905,0.0
52.42051029126214,12.757870108433735,0.0
52.42051029126214,12.758012722891566,0.001048915690363729
52.42051029126214,12.758155337349399,0.002234656580149359
52.42051029126214,12.75829795180723,0.0034021607935242346
52.42051029126214,12.758440566265062,0.00455105545100817
52.42051029126214,12.758583180722892,0.005677901205728409
52.42051029126214,12.758725795180723,0.006779245612716302
52.42051029126214,12.758868409638556,0.007855943689768812
52.42051029126214,12.759011024096386,0.008914931047302434
52.42051029126214,12.759153638554217,0.009941128878958405
52.42051029126214,12.75929625301205,0.010942865249513751
52.42051029126214,12.75943886746988,0.011921731347028723
52.42051029126214,12.759581481927711,0.01286343234408997
52.42051029126214,12.759724096385543,0.013767879405449534
52.42051029126214,12.759866710843374,0.01464814339498795
52.42051029126214,12.760009325301205,0.01549827318342983
52.42051029126214,12.760151939759037,0.016306804912326736
52.42051029126214,12.760294554216868,0.017077859869722663
52.42051029126214,12.760437168674699,0.017818283366942498
52.42051029126214,12.760579783132531,0.018516197091014222
52.42051029126214,12.760722397590362,0.01917484329937056
52.42051029126214,12.760865012048193,0.019791116926544117
52.42051029126214,12.761007626506025,0.02036828391135735
52.42051029126214,12.761150240963856,0.020903210794089435
52.42051029126214,12.761292855421688,0.021393303293100532
52.42051029126214,12.761435469879519,0.02184496337814167
52.42051029126214,12.76157808433735,0.022255149292419625
52.42051029126214,12.761720698795182,0.022619561076611103
52.42051029126214,12.761863313253013,0.02293740513257953
52.42051029126214,12.762005927710844,0.023212350400908653
52.42051029126214,12.762148542168676,0.023440427677570624
52.42051029126214,12.762291156626507,0.023631017709326813
52.42051029126214,12.762433771084337,0.023772667537341096
52.42051029126214,12.76257638554217,0.023863393761467705
52.42051029126214,12.762719,0.023909434828420006
52.42060302912621,12.750882,0.0
52.42060302912621,12.751024614457831,0.0
52.42060302912621,12.751167228915664,0.0
52.42060302912621,12.751309843373495,0.0
52.42060302912621,12.751452457831325,0.0
52.42060302912621,12.751595072289158,0.0
52.42060302912621,12.751737686746988,0.0
52.42060302912621,12.75188030120482,0.0
52.42060302912621,12.752022915662652,0.0
52.42060302912621,12.752165530120482,0.0
52.42060302912621,12.752308144578313,0.0
52.42060302912621,12.752450759036146,0.0
52.42060302912621,12.752593373493976,0.0
52.42060302912621,12.752735987951809,0.0
52.42060302912621,12.75287860240964,0.0
52.42060302912621,12.75302121686747,0.0
52.42060302912621,12.753163831325303,0.0
52.42060302912621,12.753306445783133,0.0
52.42060302912621,12.753449060240964,0.0
52.42060302912621,12.753591674698797,0.0
52.42060302912621,12.753734289156627,0.0
52.42060302912621,12.753876903614458,0.0
52.42060302912621,12.75401951807229,0.0
52.42060302912621,12.754162132530121,0.0
52.42060302912621,12.754304746987952,0.0
52.42060302912621,12.754447361445784,0.0
52.42060302912621,12.754589975903615,0.0
52.42060302912621,12.754732590361446,0.0
52.42060302912621,12.754875204819278,0.0
52.42060302912621,12.755017819277109,0.0
52.42060302912621,12.75516043373494,0.0
52.42060302912621,12.755303048192772,0.0
52.42060302912621,12.755445662650603,0.0
52.42060302912621,12.755588277108435,0.0
52.42060302912621,12.755730891566266,0.0
52.42060302912621,12.755873506024097,0.0
52.42060302912621,12.75601612048193,0.0
52.42060302912621,12.75615873493976,0.0
52.42060302912621,12.75630134939759,0.0
52.42060302912621,12.756443963855423,0.0
52.42060302912621,12.756586578313254,0.0
52.42060302912621,12.756729192771084,0.0
52.42060302912621,12.756871807228917,0.0
52.42060302912621,12.757014421686748,0.0
52.42060302912621,12.757157036144578,0.0
52.42060302912621,12.75729965060241,0.0
52.42060302912621,12.757442265060241,0.0
52.42060302912621,12.757584879518072,0.0
52.42060302912621,12.757727493975905,0.0
52.42060302912621,12.757870108433735,0.00010767628656264787
52.42060302912621,12.758012722891566,0.0013011651307011617
52.42060302912621,12.758155337349399,0.0024809534454920657
52.42060302912621,12.75829795180723,0.0036425395582148764
52.42060302912621,12.758440566265062,0.00478559742527828
52.42060302912621,12.758583180722892,0.005906703475704047
52.42060302912621,12.758725795180723,0.007002344211727568
52.42060302912621,12.758868409638556,0.008073496003576805
52.42060302912621,12.759011024096386,0.009127051100326905
52.42060302912621,12.759153638554217,0.010147901078248584
52.42060302912621,12.75929625301205,0.011144414688327543
52.42060302912621,12.75943886746988,0.012118232641095327
52.42060302912621,12.759581481927711,0.01305498946586072
52.42060302912621,12.759724096385543,0.013954600265706992
52.42060302912621,12.759866710843374,0.014830267410783651
52.42060302912621,12.760009325301205,0.015675994843612817
52.42060302912621,12.760151939759037,0.016480254469998304
52.42060302912621,12.760294554216868,0.017247228450072843
52.42060302912621,12.760437168674699,0.017983754477542784
52.42060302912621,12.760579783132531,0.01867799086700772
52.42060302912621,12.760722397590362,0.019333182729195007
52.42060302912621,12.760865012048193,0.01994613451385993
52.42060302912621,12.761007626506025,0.020520268623837514
52.42060302912621,12.761150240963856,0.02105224235086547
52.42060302912621,12.761292855421688,0.021539657801448075
52.42060302912621,12.761435469879519,0.02198893014946506
52.42060302912621,12.76157808433735,0.022396966192195902
52.42060302912621,12.761720698795182,0.02275938279275093
52.42060302912621,12.761863313253013,0.023075525077722956
52.42060302912621,12.762005927710844,0.02334904565785438
52.42060302912621,12.762148542168676,0.023575893099406296
52.42060302912621,12.762291156626507,0.023765506032100866
52.42060302912621,12.762433771084337,0.02390639636764959
52.42060302912621,12.76257638554217,0.023996570175443512
52.42060302912621,12.762719,0.024042395512369735
52.42069576699029,12.750882,0.0
52.42069576699029,12.751024614457831,0.0
52.42069576699029,12.751167228915664,0.0
52.42069576699029,12.751309843373495,0.0
52.42069576699029,12.751452457831325,0.0
52.42069576699029,12.751595072289158,0.0
52.42069576699029,12.751737686746988,0.0
52.42069576699029,12.75188030120482,0.0
52.42069576699029,12.752022915662652,0.0
52.42069576699029,12.752165530120482,0.0
52.42069576699029,12.752308144578313,0.0
52.42069576699029,12.752450759036146,0.0
52.42069576699029,12.752593373493976,0.0
52.42069576699029,12.752735987951809,0.0
52.42069576699029,12.75287860240964,0.0
52.42069576699029,12.75302121686747,0.0
52.42069576699029,12.753163831325303,0.0
52.42069576699029,12.753306445783133,0.0
52.42069576699029,12.753449060240964,0.0
52.42069576699029,12.753591674698797,0.0
52.42069576699029,12.753734289156627,0.0
52.42069576699029,12.753876903614458,0.0
52.42069576699029,12.75401951807229,0.0
52.42069576699029,12.754162132530121,0.0
52.42069576699029,12.754304746987952,0.0
52.42069576699029,12.754447361445784,0.0
52.42069576699029,12.754589975903615,0.0
52.42069576699029,12.754732590361446,0.0
52.42069576699029,12.754875204819278,0.0
52.42069576699029,12.755017819277109,0.0
52.42069576699029,12.75516043373494,0.0
52.42069576699029,12.755303048192772,0.0
52.42069576699029,12.755445662650603,0.0
52.42069576699029,12.755588277108435,0.0
52.42069576699029,12.755730891566266,0.0
52.42069576699029,12.755873506024097,0.0
52.42069576699029,12.75601612048193,0.0
52.42069576699029,12.75615873493976,0.0
52.42069576699029,12.75630134939759,0.0
52.42069576699029,12.756443963855423,0.0
52.42069576699029,12.756586578313254,0.0
52.42069576699029,12.756729192771084,0.0
52.42069576699029,12.756871807228917,0.0
52.42069576699029,12.757014421686748,0.0
52.42069576699029,12.757157036144578,0.0
52.42069576699029,12.75729965060241,0.0
52.42069576699029,12.757442265060241,0.0
52.42069576699029,12.757584879518072,0.0
52.42069576699029,12.757727493975905,0.0
52.42069576699029,12.757870108433735,0.0003639454159929884
52.42069576699029,12.758012722891566,0.0015515240544419287
52.42069576699029,12.758155337349399,0.002725491681323948
52.42069576699029,12.75829795180723,0.003881291279246541
52.42069576699029,12.758440566265062,0.005018642182727141
52.42069576699029,12.758583180722892,0.006134136240039553
52.42069576699029,12.758725795180723,0.007224200842848971
52.42069576699029,12.758868409638556,0.008289929881124104
52.42069576699029,12.759011024096386,0.009338173967407097
52.42069576699029,12.759153638554217,0.01035379579892875
52.42069576699029,12.75929625301205,0.01134520405229311
52.42069576699029,12.75943886746988,0.01231408670694459
52.42069576699029,12.759581481927711,0.013246010869074254
52.42069576699029,12.759724096385543,0.014140894722358676
52.42069576699029,12.759866710843374,0.01501206822806094
52.42069576699029,12.760009325301205,0.01585349188849874
52.42069576699029,12.760151939759037,0.016653575869197034
52.42069576699029,12.760294554216868,0.017416560723154173
52.42069576699029,12.760437168674699,0.018149277385507978
52.42069576699029,12.760579783132531,0.018839919365572052
52.42069576699029,12.760722397590362,0.019491734120833687
52.42069576699029,12.760865012048193,0.02010143969642891
52.42069576699029,12.761007626506025,0.020672609034920287
52.42069576699029,12.761150240963856,0.021201697410300827
52.42069576699029,12.761292855421688,0.021686496108659643
52.42069576699029,12.761435469879519,0.022133434501048148
52.42069576699029,12.76157808433735,0.022539368698861143
52.42069576699029,12.761720698795182,0.02289983586712322
52.42069576699029,12.761863313253013,0.0232143144926193
52.42069576699029,12.762005927710844,0.023486442210398834
52.42069576699029,12.762148542168676,0.023712087067209904
52.42069576699029,12.762291156626507,0.023900744713818096
52.42069576699029,12.762433771084337,0.024040893261331388
52.42069576699029,12.76257638554217,0.024130527831060657
52.42069576699029,12.762719,0.024176141655168692
52.42078850485437,12.750882,0.0
52.42078850485437,12.751024614457831,0.0
52.42078850485437,12.751167228915664,0.0
52.42078850485437,12.751309843373495,0.0
52.42078850485437,12.751452457831325,0.0
52.42078850485437,12.751595072289158,0.0
52.42078850485437,12.751737686746988,0.0
52.42078850485437,12.75188030120482,0.0
52.42078850485437,12.752022915662652,0.0
52.42078850485437,12.752165530120482,0.0
52.42078850485437,12.752308144578313,0.0
52.42078850485437,12.752450759036146,0.0
52.42078850485437,12.752593373493976,0.0
52.42078850485437,12.752735987951809,0.0
52.42078850485437,12.75287860240964,0.0
52.42078850485437,12.75302121686747,0.0
52.42078850485437,12.753163831325303,0.0
52.42078850485437,12.753306445783133,0.0
52.42078850485437,12.753449060240964,0.0
52.42078850485437,12.753591674698797,0.0
52.42078850485437,12.753734289156627,0.0
52.42078850485437,12.753876903614458,0.0
52.42078850485437,12.75401951807229,0.0
52.42078850485437,12.754162132530121,0.0
52.42078850485437,12.754304746987952,0.0
52.42078850485437,12.754447361445784,0.0
52.42078850485437,12.754589975903615,0.0
52.42078850485437,12.754732590361446,0.0
52.42078850485437,12.754875204819278,0.0
52.42078850485437,12.755017819277109,0.0
52.42078850485437,12.75516043373494,0.0
52.42078850485437,12.755303048192772,0.0
52.42078850485437,12.755445662650603,0.0
52.42078850485437,12.755588277108435,0.0
52.42078850485437,12.755730891566266,0.0
52.42078850485437,12.755873506024097,0.0
52.42078850485437,12.75601612048193,0.0
52.42078850485437,12.75615873493976,0.0
52.42078850485437,12.75630134939759,0.0
52.42078850485437,12.756443963855423,0.0
52.42078850485437,12.756586578313254,0.0
52.42078850485437,12.756729192771084,0.0
52.42078850485437,12.756871807228917,0.0
52.42078850485437,12.757014421686748,0.0
52.42078850485437,12.757157036144578,0.0
52.42078850485437,12.75729965060241,0.0
52.42078850485437,12.757442265060241,0.0
52.42078850485437,12.757584879518072,0.0
52.42078850485437,12.757727493975905,0.0
52.42078850485437,12.757870108433735,0.0006058485608106509
52.42078850485437,12.758012722891566,0.0017877574147145362
52.42078850485437,12.758155337349399,0.0029561414008958133
52.42078850485437,12.75829795180723,0.004106390027903032
52.42078850485437,12.758440566265062,0.005238265957332241
52.42078850485437,12.758583180722892,0.006348376038336507
52.42078850485437,12.758725795180723,0.007433090888598282
52.42078850485437,12.758868409638556,0.008493617203346142
52.42078850485437,12.759011024096386,0.009536766219096965
52.42078850485437,12.759153638554217,0.010547372051262726
52.42078850485437,12.75929625301205,0.011533881620642256
52.42078850485437,12.75943886746988,0.012498029147017435
52.42078850485437,12.759581481927711,0.013425316068002993
52.42078850485437,12.759724096385543,0.01431566446065672
52.42078850485437,12.759866710843374,0.015182526589970805
52.42078850485437,12.760009325301205,0.016019821171379827
52.42078850485437,12.760151939759037,0.016815898643892352
52.42078850485437,12.760294554216868,0.017575056115778923
52.42078850485437,12.760437168674699,0.018304117950445307
52.42078850485437,12.760579783132531,0.018991311186819362
52.42078850485437,12.760722397590362,0.01963988548670685
52.42078850485437,12.760865012048193,0.020246476176398083
52.42078850485437,12.761007626506025,0.020814800644515904
52.42078850485437,12.761150240963856,0.021341120191277388
52.42078850485437,12.761292855421688,0.021823407752146314
52.42078850485437,12.761435469879519,0.0222681068599687
52.42078850485437,12.76157808433735,0.022672024612523302
52.42078850485437,12.761720698795182,0.023030620968956632
52.42078850485437,12.761863313253013,0.0233435035820685
52.42078850485437,12.762005927710844,0.02361429539571607
52.42078850485437,12.762148542168676,0.023838786359089627
52.42078850485437,12.762291156626507,0.024026527583575125
52.42078850485437,12.762433771084337,0.024165964092889992
52.42078850485437,12.76257638554217,0.024255080852573663
52.42078850485437,12.762719,0.02430049178532536
52.420881242718444,12.750882,0.0
52.420881242718444,12.751024614457831,0.0
52.420881242718444,12.751167228915664,0.0
52.420881242718444,12.751309843373495,0.0
52.420881242718444,12.751452457831325,0.0
52.420881242718444,12.751595072289158,0.0
52.420881242718444,12.751737686746988,0.0
52.420881242718444,12.75188030120482,0.0
52.420881242718444,12.752022915662652,0.0
52.420881242718444,12.752165530120482,0.0
52.420881242718444,12.752308144578313,0.0
52.420881242718444,12.752450759036146,0.0
52.420881242718444,12.752593373493976,0.0
52.420881242718444,12.752735987951809,0.0
52.420881242718444,12.75287860240964,0.0
52.420881242718444,12.75302121686747,0.0
52.420881242718444,12.753163831325303,0.0
52.420881242718444,12.753306445783133,0.0
52.420881242718444,12.753449060240964,0.0
52.420881242718444,12.753591674698797,0.0
52.420881242718444,12.753734289156627,0.0
52.420881242718444,12.753876903614458,0.0
52.420881242718444,12.75401951807229,0.0
52.420881242718444,12.754162132530121,0.0
52.420881242718444,12.754304746987952,0.0
52.420881242718444,12.754447361445784,0.0
52.420881242718444,12.754589975903615,0.0
52.420881242718444,12.754732590361446,0.0
52.420881242718444,12.754875204819278,0.0
52.420881242718444,12.755017819277109,0.0
52.420881242718444,12.75516043373494,0.0
52.420881242718444,12.755303048192772,0.0
52.420881242718444,12.755445662650603,0.0
52.420881242718444,12.755588277108435,0.0
52.420881242718444,12.755730891566266,0.0
52.420881242718444,12.755873506024097,0.0
52.420881242718444,12.75601612048193,0.0
52.420881242718444,12.75615873493976,0.0
52.420881242718444,12.75630134939759,0.0
52.420881242718444,12.756443963855423,0.0
52.420881242718444,12.756586578313254,0.0
52.420881242718444,12.756729192771084,0.0
52.420881242718444,12.756871807228917,0.0
52.420881242718444,12.757014421686748,0.0
52.420881242718444,12.757157036144578,0.0
52.420881242718444,12.75729965060241,0.0
52.420881242718444,12.757442265060241,0.0
52.420881242718444,12.757584879518072,0.0
52.420881242718444,12.757727493975905,0.0
52.420881242718444,12.757870108433735,0.000841114410688753
52.420881242718444,12.758012722891566,0.0020175086115592177
52.420881242718444,12.758155337349399,0.0031804612354407093
52.420881242718444,12.75829795180723,0.004325310801307232
52.420881242718444,12.758440566265062,0.0054518617903566696
52.420881242718444,12.758583180722892,0.006556735336693528
52.420881242718444,12.758725795180723,0.007636247418586224
52.420881242718444,12.758868409638556,0.00869171372630514
52.420881242718444,12.759011024096386,0.009729907167855784
52.420881242718444,12.759153638554217,0.010735634565759182
52.420881242718444,12.75929625301205,0.011717380339774357
52.420881242718444,12.75943886746988,0.012676922521977486
52.420881242718444,12.759581481927711,0.01359970009629035
52.420881242718444,12.759724096385543,0.014485638729241693
52.420881242718444,12.759866710843374,0.015348307853534904
52.420881242718444,12.760009325301205,0.016181586232314034
52.420881242718444,12.760151939759037,0.016973767538134298
52.420881242718444,12.760294554216868,0.017729202782148228
52.420881242718444,12.760437168674699,0.018454710179483243
52.420881242718444,12.760579783132531,0.019138549326412423
52.420881242718444,12.760722397590362,0.019783972147945885
52.420881242718444,12.760865012048193,0.020387533847764004
52.420881242718444,12.761007626506025,0.020953091693515637
52.420881242718444,12.761150240963856,0.021476719958248316
52.420881242718444,12.761292855421688,0.02195656574423939
52.420881242718444,12.761435469879519,0.022399086683159385
52.420881242718444,12.76157808433735,0.02280104262452825
52.420881242718444,12.761720698795182,0.023157820560174756
52.420881242718444,12.761863313253013,0.023469150826920082
52.420881242718444,12.762005927710844,0.02373864299749187
52.420881242718444,12.762148542168676,0.023962011753290505
52.420881242718444,12.762291156626507,0.02414886180238688
52.420881242718444,12.762433771084337,0.02428760591975363
52.420881242718444,12.76257638554217,0.02437621979340677
52.420881242718444,12.762719,0.024421433086385804
52.420973980582524,12.750882,0.0
52.420973980582524,12.751024614457831,0.0
52.420973980582524,12.751167228915664,0.0
52.420973980582524,12.751309843373495,0.0
52.420973980582524,12.751452457831325,0.0
52.420973980582524,12.751595072289158,0.0
52.420973980582524,12.751737686746988,0.0
52.420973980582524,12.75188030120482,0.0
52.420973980582524,12.752022915662652,0.0
52.420973980582524,12.752165530120482,0.0
52.420973980582524,12.752308144578313,0.0
52.420973980582524,12.752450759036146,0.0
52.420973980582524,12.752593373493976,0.0
52.420973980582524,12.752735987951809,0.0
52.420973980582524,12.75287860240964,0.0
52.420973980582524,12.75302121686747,0.0
52.420973980582524,12.753163831325303,0.0
52.420973980582524,12.753306445783133,0.0
52.420973980582524,12.753449060240964,0.0
52.420973980582524,12.753591674698797,0.0
52.420973980582524,12.753734289156627,0.0
52.420973980582524,12.753876903614458,0.0
52.420973980582524,12.75401951807229,0.0
52.420973980582524,12.754162132530121,0.0
52.420973980582524,12.754304746987952,0.0
52.420973980582524,12.754447361445784,0.0
52.420973980582524,12.754589975903615,0.0
52.420973980582524,12.754732590361446,0.0
52.420973980582524,12.754875204819278,0.0
52.420973980582524,12.755017819277109,0.0
52.420973980582524,12.75516043373494,0.0
52.420973980582524,12.755303048192772,0.0
52.420973980582524,12.755445662650603,0.0
52.420973980582524,12.755588277108435,0.0
52.420973980582524,12.755730891566266,0.0
52.420973980582524,12.755873506024097,0.0
52.420973980582524,12.75601612048193,0.0
52.420973980582524,12.75615873493976,0.0
52.420973980582524,12.75630134939759,0.0
52.420973980582524,12.756443963855423,0.0
52.420973980582524,12.756586578313254,0.0
52.420973980582524,12.756729192771084,0.0
52.420973980582524,12.756871807228917,0.0
52.420973980582524,12.757014421686748,0.0
52.420973980582524,12.757157036144578,0.0
52.420973980582524,12.75729965060241,0.0
52.420973980582524,12.757442265060241,0.0
52.420973980582524,12.757584879518072,0.0
52.420973980582524,12.757727493975905,0.0
52.420973980582524,12.757870108433735,0.0010655959855817672
52.420973980582524,12.758012722891566,0.002236620326362463
52.420973980582524,12.758155337349399,0.0033942839405937592
52.420973980582524,12.75829795180723,0.004533876742388552
52.420973980582524,12.758440566265062,0.005655243047068093
52.420973980582524,12.758583180722892,0.006755018167864673
52.420973980582524,12.758725795180723,0.007829465424844305
52.420973980582524,12.758868409638556,0.008880005535681478
52.420973980582524,12.759011024096386,0.009913374799782245
52.420973980582524,12.759153638554217,0.010914353499506492
52.420973980582524,12.75929625301205,0.011891462524059182
52.420973980582524,12.75943886746988,0.012846521824744191
52.420973980582524,12.759581481927711,0.013764910481821699
52.420973980582524,12.759724096385543,0.014646557727606972
52.420973980582524,12.759866710843374,0.015505145445883339
52.420973980582524,12.760009325301205,0.016334514666021493
52.420973980582524,12.760151939759037,0.017122904238448474
52.420973980582524,12.760294554216868,0.017874716946426398
52.420973980582524,12.760437168674699,0.018596764916858223
52.420973980582524,12.760579783132531,0.019277339765034564
52.420973980582524,12.760722397590362,0.019919694785099945
52.420973980582524,12.760865012048193,0.020520309376430717
52.420973980582524,12.761007626506025,0.02108317382095498
52.420973980582524,12.761150240963856,0.021604183932782163
52.420973980582524,12.761292855421688,0.022081653856972385
52.420973980582524,12.761435469879519,0.022522054932989463
52.420973980582524,12.76157808433735,0.0229221017728296
52.420973980582524,12.761720698795182,0.02327711062879877
52.420973980582524,12.761863313253013,0.023586930198388253
52.420973980582524,12.762005927710844,0.023855157026499277
52.420973980582524,12.762148542168676,0.024077433614606146
52.420973980582524,12.762291156626507,0.024263416326673053
52.420973980582524,12.762433771084337,0.024401487256630734
52.420973980582524,12.76257638554217,0.02448961230821419
52.420973980582524,12.762719,0.024534632593629695
52.4210667184466,12.750882,0.0
52.4210667184466,12.751024614457831,0.0
52.4210667184466,12.751167228915664,0.0
52.4210667184466,12.751309843373495,0.0
52.4210667184466,12.751452457831325,0.0
52.4210667184466,12.751595072289158,0.0
52.4210667184466,12.751737686746988,0.0
52.4210667184466,12.75188030120482,0.0
52.4210667184466,12.752022915662652,0.0
52.4210667184466,12.752165530120482,0.0
52.4210667184466,12.752308144578313,0.0
52.4210667184466,12.752450759036146,0.0
52.4210667184466,12.752593373493976,0.0
52.4210667184466,12.752735987951809,0.0
52.4210667184466,12.75287860240964,0.0
52.4210667184466,12.75302121686747,0.0
52.4210667184466,12.753163831325303,0.0
52.4210667184466,12.753306445783133,0.0
52.4210667184466,12.753449060240964,0.0
52.4210667184466,12.753591674698797,0.0
52.4210667184466,12.753734289156627,0.0
52.4210667184466,12.753876903614458,0.0
52.4210667184466,12.75401951807229,0.0
52.4210667184466,12.754162132530121,0.0
52.4210667184466,12.754304746987952,0.0
52.4210667184466,12.754447361445784,0.0
52.4210667184466,12.754589975903615,0.0
52.4210667184466,12.754732590361446,0.0
52.4210667184466,12.754875204819278,0.0
52.4210667184466,12.755017819277109,0.0
52.4210667184466,12.75516043373494,0.0
52.4210667184466,12.755303048192772,0.0
52.4210667184466,12.755445662650603,0.0
52.4210667184466,12.755588277108435,0.0
52.4210667184466,12.755730891566266,0.0
52.4210667184466,12.755873506024097,0.0
52.4210667184466,12.75601612048193,0.0
52.4210667184466,12.75615873493976,0.0
52.4210667184466,12.75630134939759,0.0
52.4210667184466,12.756443963855423,0.0
52.4210667184466,12.756586578313254,0.0
52.4210667184466,12.756729192771084,0.0
52.4210667184466,12.756871807228917,0.0
52.4210667184466,12.757014421686748,0.0
52.4210667184466,12.757157036144578,0.0
52.4210667184466,12.75729965060241,0.0
52.4210667184466,12.757442265060241,0.0
52.4210667184466,12.757584879518072,0.0
52.4210667184466,12.757727493975905,0.00011210702312237746
52.4210667184466,12.757870108433735,0.0012881212949031988
52.4210667184466,12.758012722891566,0.002454038131426209
52.4210667184466,12.758155337349399,0.003606671382103059
52.4210667184466,12.75829795180723,0.0047412642384852665
52.4210667184466,12.758440566265062,0.005857699117998265
52.4210667184466,12.758583180722892,0.006952625061059519
52.4210667184466,12.758725795180723,0.008022254796363775
52.4210667184466,12.758868409638556,0.009068109094175866
52.4210667184466,12.759011024096386,0.010096889720843043
52.4210667184466,12.759153638554217,0.011093351305822062
52.4210667184466,12.75929625301205,0.012066049581708422
52.4210667184466,12.75943886746988,0.01301684481440202
52.4210667184466,12.759581481927711,0.013931058542319803
52.4210667184466,12.759724096385543,0.014808623380877801
52.4210667184466,12.759866710843374,0.015663328752206017
52.4210667184466,12.760009325301205,0.016488979621453407
52.4210667184466,12.760151939759037,0.01727376224871576
52.4210667184466,12.760294554216868,0.0180221287658587
52.4210667184466,12.760437168674699,0.018740885862041878
52.4210667184466,12.760579783132531,0.019418355379830905
52.4210667184466,12.760722397590362,0.020057792372156023
52.4210667184466,12.760865012048193,0.0206556032534959
52.4210667184466,12.761007626506025,0.02121590591319803
52.4210667184466,12.761150240963856,0.021734425138339467
52.4210667184466,12.761292855421688,0.0222096345561305
52.4210667184466,12.761435469879519,0.02264801887748745
52.4210667184466,12.76157808433735,0.023046249641263606
52.4210667184466,12.761720698795182,0.023399575311551603
52.4210667184466,12.761863313253013,0.023707958023627865
52.4210667184466,12.762005927710844,0.023974981642997703
52.4210667184466,12.762148542168676,0.024196219215636194
52.4210667184466,12.762291156626507,0.02438137673422147
52.4210667184466,12.762433771084337,0.024518807245076386
52.4210667184466,12.76257638554217,0.02460646726430637
52.4210667184466,12.762719,0.02465130400013619
52.42115945631068,12.750882,0.0
52.42115945631068,12.751024614457831,0.0
52.42115945631068,12.751167228915664,0.0
52.42115945631068,12.751309843373495,0.0
52.42115945631068,12.751452457831325,0.0
52.42115945631068,12.751595072289158,0.0
52.42115945631068,12.751737686746988,0.0
52.42115945631068,12.75188030120482,0.0
52.42115945631068,12.752022915662652,0.0
52.42115945631068,12.752165530120482,0.0
52.42115945631068,12.752308144578313,0.0
52.42115945631068,12.752450759036146,0.0
52.42115945631068,12.752593373493976,0.0
52.42115945631068,12.752735987951809,0.0
52.42115945631068,12.75287860240964,0.0
52.42115945631068,12.75302121686747,0.0
52.42115945631068,12.753163831325303,0.0
52.42115945631068,12.753306445783133,0.0
52.42115945631068,12.753449060240964,0.0
52.42115945631068,12.753591674698797,0.0
52.42115945631068,12.753734289156627,0.0
52.42115945631068,12.753876903614458,0.0
52.42115945631068,12.75401951807229,0.0
52.42115945631068,12.754162132530121,0.0
52.42115945631068,12.754304746987952,0.0
52.42115945631068,12.754447361445784,0.0
52.42115945631068,12.754589975903615,0.0
52.42115945631068,12.754732590361446,0.0
52.42115945631068,12.754875204819278,0.0
52.42115945631068,12.755017819277109,0.0
52.42115945631068,12.75516043373494,0.0
52.42115945631068,12.755303048192772,0.0
52.42115945631068,12.755445662650603,0.0
52.42115945631068,12.755588277108435,0.0
52.42115945631068,12.755730891566266,0.0
52.42115945631068,12.755873506024097,0.0
52.42115945631068,12.75601612048193,0.0
52.42115945631068,12.75615873493976,0.0
52.42115945631068,12.75630134939759,0.0
52.42115945631068,12.756443963855423,0.0
52.42115945631068,12.756586578313254,0.0
52.42115945631068,12.756729192771084,0.0
52.42115945631068,12.756871807228917,0.0
52.42115945631068,12.757014421686748,0.0
52.42115945631068,12.757157036144578,0.0
52.42115945631068,12.75729965060241,0.0
52.42115945631068,12.757442265060241,0.0
52.42115945631068,12.757584879518072,0.0
52.42115945631068,12.757727493975905,0.0003215631068012948
52.42115945631068,12.757870108433735,0.0014926721193822571
52.42115945631068,12.758012722891566,0.002653701471798534
52.42115945631068,12.758155337349399,0.0038015211597022124
52.42115945631068,12.75829795180723,0.0049313297102180995
52.42115945631068,12.758440566265062,0.006043045781431614
52.42115945631068,12.758583180722892,0.0071333313216422126
52.42115945631068,12.758725795180723,0.008198351769418993
52.42115945631068,12.758868409638556,0.009239722447643907
52.42115945631068,12.759011024096386,0.010264112823378342
52.42115945631068,12.759153638554217,0.011256252597456029
52.42115945631068,12.75929625301205,0.012224731107706588
52.42115945631068,12.75943886746988,0.013171446499933263
52.42115945631068,12.759581481927711,0.014081665971815883
52.42115945631068,12.759724096385543,0.014955325318811302
52.42115945631068,12.759866710843374,0.015806316501657994
52.42115945631068,12.760009325301205,0.01662840965125854
52.42115945631068,12.760151939759037,0.01740974145888147
52.42115945631068,12.760294554216868,0.018154811263022937
52.42115945631068,12.760437168674699,0.01887042012354124
52.42115945631068,12.760579783132531,0.019544919025839002
52.42115945631068,12.760722397590362,0.020181563925510185
52.42115945631068,12.760865012048193,0.02077669288654909
52.42115945631068,12.761007626506025,0.021334544631829037
52.42115945631068,12.761150240963856,0.021850681429354462
52.42115945631068,12.761292855421688,0.022323728460701034
52.42115945631068,12.761435469879519,0.022760183598356933
52.42115945631068,12.76157808433735,0.023156676820190344
52.42115945631068,12.761720698795182,0.02350839237581665
52.42115945631068,12.761863313253013,0.023815400949182747
52.42115945631068,12.762005927710844,0.02408127364797981
52.42115945631068,12.762148542168676,0.024301517122454378
52.42115945631068,12.762291156626507,0.024485885520172147
52.42115945631068,12.762433771084337,0.02462270380561316
52.42115945631068,12.76257638554217,0.02470991919627852
52.42115945631068,12.762719,0.0247545801215832
52.421252194174755,12.750882,0.0
52.421252194174755,12.751024614457831,0.0
52.421252194174755,12.751167228915664,0.0
52.421252194174755,12.751309843373495,0.0
52.421252194174755,12.751452457831325,0.0
52.421252194174755,12.751595072289158,0.0
52.421252194174755,12.751737686746988,0.0
52.421252194174755,12.75188030120482,0.0
52.421252194174755,12.752022915662652,0.0
52.421252194174755,12.752165530120482,0.0
52.421252194174755,12.752308144578313,0.0
52.421252194174755,12.752450759036146,0.0
52.421252194174755,12.752593373493976,0.0
52.421252194174755,12.752735987951809,0.0
52.421252194174755,12.75287860240964,0.0
52.421252194174755,12.75302121686747,0.0
52.421252194174755,12.753163831325303,0.0
52.421252194174755,12.753306445783133,0.0
52.421252194174755,12.753449060240964,0.0
52.421252194174755,12.753591674698797,0.0
52.421252194174755,12.753734289156627,0.0
52.421252194174755,12.753876903614458,0.0
52.421252194174755,12.75401951807229,0.0
52.421252194174755,12.754162132530121,0.0
52.421252194174755,12.754304746987952,0.0
52.421252194174755,12.754447361445784,0.0
52.421252194174755,12.754589975903615,0.0
52.421252194174755,12.754732590361446,0.0
52.421252194174755,12.754875204819278,0.0
52.421252194174755,12.755017819277109,0.0
52.421252194174755,12.75516043373494,0.0
52.421252194174755,12.755303048192772,0.0
52.421252194174755,12.755445662650603,0.0
52.421252194174755,12.755588277108435,0.0
52.421252194174755,12.755730891566266,0.0
52.421252194174755,12.755873506024097,0.0
52.421252194174755,12.75601612048193,0.0
52.421252194174755,12.75615873493976,0.0
52.421252194174755,12.75630134939759,0.0
52.421252194174755,12.756443963855423,0.0
52.421252194174755,12.756586578313254,0.0
52.421252194174755,12.756729192771084,0.0
52.421252194174755,12.756871807228917,0.0
52.421252194174755,12.757014421686748,0.0
52.421252194174755,12.757157036144578,0.0
52.421252194174755,12.75729965060241,0.0
52.421252194174755,12.757442265060241,0.0
52.421252194174755,12.757584879518072,0.0
52.421252194174755,12.757727493975905,0.0005243320934514651
52.421252194174755,12.757870108433735,0.0016907594983732403
52.421252194174755,12.758012722891566,0.0028471242142148415
52.421252194174755,12.758155337349399,0.003990349387084601
52.421252194174755,12.75829795180723,0.005115591398549298
52.421252194174755,12.758440566265062,0.006222803778713709
52.421252194174755,12.758583180722892,0.007308660685468125
52.421252194174755,12.758725795180723,0.008369281702073406
52.421252194174755,12.758868409638556,0.00940637276552235
52.421252194174755,12.759011024096386,0.010426572894626503
52.421252194174755,12.759153638554217,0.0114145876554623
52.421252194174755,12.75929625301205,0.012379038359777467
52.421252194174755,12.75943886746988,0.013321859809340059
52.421252194174755,12.759581481927711,0.014228266956714973
52.421252194174755,12.759724096385543,0.015098198956633852
52.421252194174755,12.759866710843374,0.01594564510559772
52.421252194174755,12.760009325301205,0.016764342700718374
52.421252194174755,12.760151939759037,0.017542381278617458
52.421252194174755,12.760294554216868,0.018284304508601468
52.421252194174755,12.760437168674699,0.01899690863073505
52.421252194174755,12.760579783132531,0.01966857247583617
52.421252194174755,12.760722397590362,0.020302552684873843
52.421252194174755,12.760865012048193,0.020895122020256136
52.421252194174755,12.761007626506025,0.021450634643515407
52.421252194174755,12.761150240963856,0.021964498020934732
52.421252194174755,12.761292855421688,0.02243548128251493
52.421252194174755,12.761435469879519,0.022870094853374413
52.421252194174755,12.76157808433735,0.023264929604418415
52.421252194174755,12.761720698795182,0.02361510860205706
52.421252194174755,12.761863313253013,0.023920805263322683
52.421252194174755,12.762005927710844,0.024185579186608103
52.421252194174755,12.762148542168676,0.024404873765539337
52.421252194174755,12.762291156626507,0.024588488805341167
52.421252194174755,12.762433771084337,0.024724722670163235
52.421252194174755,12.76257638554217,0.024811513793776052
52.421252194174755,12.762719,0.024856006642877262
52.421344932038835,12.750882,0.0
52.421344932038835,12.751024614457831,0.0
52.421344932038835,12.751167228915664,0.0
52.421344932038835,12.751309843373495,0.0
52.421344932038835,12.751452457831325,0.0
52.421344932038835,12.751595072289158,0.0
52.421344932038835,12.751737686746988,0.0
52.421344932038835,12.75188030120482,0.0
52.421344932038835,12.752022915662652,0.0
52.421344932038835,12.752165530120482,0.0
52.421344932038835,12.752308144578313,0.0
52.421344932038835,12.752450759036146,0.0
52.421344932038835,12.752593373493976,0.0
52.421344932038835,12.752735987951809,0.0
52.421344932038835,12.75287860240964,0.0
52.421344932038835,12.75302121686747,0.0
52.421344932038835,12.753163831325303,0.0
52.421344932038835,12.753306445783133,0.0
52.421344932038835,12.753449060240964,0.0
52.421344932038835,12.753591674698797,0.0
52.421344932038835,12.753734289156627,0.0
52.421344932038835,12.753876903614458,0.0
52.421344932038835,12.75401951807229,0.0
52.421344932038835,12.754162132530121,0.0
52.421344932038835,12.754304746987952,0.0
52.421344932038835,12.754447361445784,0.0
52.421344932038835,12.754589975903615,0.0
52.421344932038835,12.754732590361446,0.0
52.421344932038835,12.754875204819278,0.0
52.421344932038835,12.755017819277109,0.0
52.421344932038835,12.75516043373494,0.0
52.421344932038835,12.755303048192772,0.0
52.421344932038835,12.755445662650603,0.0
52.421344932038835,12.755588277108435,0.0
52.421344932038835,12.755730891566266,0.0
52.421344932038835,12.755873506024097,0.0
52.421344932038835,12.75601612048193,0.0
52.421344932038835,12.75615873493976,0.0
52.421344932038835,12.75630134939759,0.0
52.421344932038835,12.756443963855423,0.0
52.421344932038835,12.756586578313254,0.0
52.421344932038835,12.756729192771084,0.0
52.421344932038835,12.756871807228917,0.0
52.421344932038835,12.757014421686748,0.0
52.421344932038835,12.757157036144578,0.0
52.421344932038835,12.75729965060241,0.0
52.421344932038835,12.757442265060241,0.0
52.421344932038835,12.757584879518072,0.0
52.421344932038835,12.757727493975905,0.000719376250486941
52.421344932038835,12.757870108433735,0.0018813340177615961
52.421344932038835,12.758012722891566,0.0030332452004258065
52.421344932038835,12.758155337349399,0.00417208384587318
52.421344932038835,12.75829795180723,0.005292966465111875
52.421344932038835,12.758440566265062,0.00639587918928229
52.421344932038835,12.758583180722892,0.007477508250854111
52.421344932038835,12.758725795180723,0.008533929918311676
52.421344932038835,12.758868409638556,0.009566935407068858
52.421344932038835,12.759011024096386,0.010583135665021053
52.421344932038835,12.759153638554217,0.011567213199778692
52.421344932038835,12.75929625301205,0.012527819031607497
52.421344932038835,12.75943886746988,0.01346692338979947
52.421344932038835,12.759581481927711,0.014369691970607286
52.421344932038835,12.759724096385543,0.015236066698947285
52.421344932038835,12.759866710843374,0.016080128824635366
52.421344932038835,12.760009325301205,0.016895585007031144
52.421344932038835,12.760151939759037,0.01767048009664106
52.421344932038835,12.760294554216868,0.018409399885153322
52.421344932038835,12.760437168674699,0.019119135802641723
52.421344932038835,12.760579783132531,0.0197880934260635
52.421344932038835,12.760722397590362,0.020419529509014836
52.421344932038835,12.760865012048193,0.021009656113628202
52.421344932038835,12.761007626506025,0.021562935769356136
52.421344932038835,12.761150240963856,0.02207463001531138
52.421344932038835,12.761292855421688,0.022543643515228636
52.421344932038835,12.761435469879519,0.022976499463373025
52.421344932038835,12.76157808433735,0.023369750734386675
52.421344932038835,12.761720698795182,0.023718463473143978
52.421344932038835,12.761863313253013,0.024022907934011718
52.421344932038835,12.762005927710844,0.02428663281988891
52.421344932038835,12.762148542168676,0.024505021858377534
52.421344932038835,12.762291156626507,0.024687917955962972
52.421344932038835,12.762433771084337,0.02482359400768106
52.421344932038835,12.76257638554217,0.024909980516052845
52.421344932038835,12.762719,0.02495431280871308
52.421437669902915,12.750882,0.0
52.421437669902915,12.751024614457831,0.0
52.421437669902915,12.751167228915664,0.0
52.421437669902915,12.751309843373495,0.0
52.421437669902915,12.751452457831325,0.0
52.421437669902915,12.751595072289158,0.0
52.421437669902915,12.751737686746988,0.0
52.421437669902915,12.75188030120482,0.0
52.421437669902915,12.752022915662652,0.0
52.421437669902915,12.752165530120482,0.0
52.421437669902915,12.752308144578313,0.0
52.421437669902915,12.752450759036146,0.0
52.421437669902915,12.752593373493976,0.0
52.421437669902915,12.752735987951809,0.0
52.421437669902915,12.75287860240964,0.0
52.421437669902915,12.75302121686747,0.0
52.421437669902915,12.753163831325303,0.0
52.421437669902915,12.753306445783133,0.0
52.421437669902915,12.753449060240964,0.0
52.421437669902915,12.753591674698797,0.0
52.421437669902915,12.753734289156627,0.0
52.421437669902915,12.753876903614458,0.0
52.421437669902915,12.75401951807229,0.0
52.421437669902915,12.754162132530121,0.0
52.421437669902915,12.754304746987952,0.0
52.421437669902915,12.754447361445784,0.0
52.421437669902915,12.754589975903615,0.0
52.421437669902915,12.754732590361446,0.0
52.421437669902915,12.754875204819278,0.0
52.421437669902915,12.755017819277109,0.0
52.421437669902915,12.75516043373494,0.0
52.421437669902915,12.755303048192772,0.0
52.421437669902915,12.755445662650603,0.0
52.421437669902915,12.755588277108435,0.0
52.421437669902915,12.755730891566266,0.0
52.421437669902915,12.755873506024097,0.0
52.421437669902915,12.75601612048193,0.0
52.421437669902915,12.75615873493976,0.0
52.421437669902915,12.75630134939759,0.0
52.421437669902915,12.756443963855423,0.0
52.421437669902915,12.756586578313254,0.0
52.421437669902915,12.756729192771084,0.0
52.421437669902915,12.756871807228917,0.0
52.421437669902915,12.757014421686748,0.0
52.421437669902915,12.757157036144578,0.0
52.421437669902915,12.75729965060241,0.0
52.421437669902915,12.757442265060241,0.0
52.421437669902915,12.757584879518072,0.0
52.421437669902915,12.757727493975905,0.0008942494170185228
52.421437669902915,12.757870108433735,0.0020519911512492614
52.421437669902915,12.758012722891566,0.0031997014815380934
52.421437669902915,12.758155337349399,0.004334402544770014
52.421437669902915,12.75829795180723,0.005451173558225839
52.421437669902915,12.758440566265062,0.006550030999938021
52.421437669902915,12.758583180722892,0.007627672150098023
52.421437669902915,12.758725795180723,0.008680132836596254
52.421437669902915,12.758868409638556,0.009709284870210388
52.421437669902915,12.759011024096386,0.010721712298698342
52.421437669902915,12.759153638554217,0.011702075754198366
52.421437669902915,12.75929625301205,0.012659055645353265
52.421437669902915,12.75943886746988,0.013594654108871462
52.421437669902915,12.759581481927711,0.014493990740688575
52.421437669902915,12.759724096385543,0.015357010337702532
52.421437669902915,12.759866710843374,0.016197881047007097
52.421437669902915,12.760009325301205,0.017010279962653894
52.421437669902915,12.760151939759037,0.01778221022234751
52.421437669902915,12.760294554216868,0.01851829732061326
52.421437669902915,12.760437168674699,0.01922532816093683
52.421437669902915,12.760579783132531,0.019891733364783504
52.421437669902915,12.760722397590362,0.020520770151489454
52.421437669902915,12.760865012048193,0.021108592985832078
52.421437669902915,12.761007626506025,0.021659766588286
52.421437669902915,12.761150240963856,0.022169415078486365
52.421437669902915,12.761292855421688,0.022636570865756246
52.421437669902915,12.761435469879519,0.023067769006950387
52.421437669902915,12.76157808433735,0.02345952698548523
52.421437669902915,12.761720698795182,0.023806856955048132
52.421437669902915,12.761863313253013,0.02411012048086968
52.421437669902915,12.762005927710844,0.024372856028692724
52.421437669902915,12.762148542168676,0.024590390766032304
52.421437669902915,12.762291156626507,0.02477260862145496
52.421437669902915,12.762433771084337,0.024907758868931942
52.421437669902915,12.76257638554217,0.02499376363405028
52.421437669902915,12.762719,0.02503794429819215
52.421530407766994,12.750882,0.0
52.421530407766994,12.751024614457831,0.0
52.421530407766994,12.751167228915664,0.0
52.421530407766994,12.751309843373495,0.0
52.421530407766994,12.751452457831325,0.0
52.421530407766994,12.751595072289158,0.0
52.421530407766994,12.751737686746988,0.0
52.421530407766994,12.75188030120482,0.0
52.421530407766994,12.752022915662652,0.0
52.421530407766994,12.752165530120482,0.0
52.421530407766994,12.752308144578313,0.0
52.421530407766994,12.752450759036146,0.0
52.421530407766994,12.752593373493976,0.0
52.421530407766994,12.752735987951809,0.0
52.421530407766994,12.75287860240964,0.0
52.421530407766994,12.75302121686747,0.0
52.421530407766994,12.753163831325303,0.0
52.421530407766994,12.753306445783133,0.0
52.421530407766994,12.753449060240964,0.0
52.421530407766994,12.753591674698797,0.0
52.421530407766994,12.753734289156627,0.0
52.421530407766994,12.753876903614458,0.0
52.421530407766994,12.75401951807229,0.0
52.421530407766994,12.754162132530121,0.0
52.421530407766994,12.754304746987952,0.0
52.421530407766994,12.754447361445784,0.0
52.421530407766994,12.754589975903615,0.0
52.421530407766994,12.754732590361446,0.0
52.421530407766994,12.754875204819278,0.0
52.421530407766994,12.755017819277109,0.0
52.421530407766994,12.75516043373494,0.0
52.421530407766994,12.755303048192772,0.0
52.421530407766994,12.755445662650603,0.0
52.421530407766994,12.755588277108435,0.0
52.421530407766994,12.755730891566266,0.0
52.421530407766994,12.755873506024097,0.0
52.421530407766994,12.75601612048193,0.0
52.421530407766994,12.75615873493976,0.0
52.421530407766994,12.75630134939759,0.0
52.421530407766994,12.756443963855423,0.0
52.421530407766994,12.756586578313254,0.0
52.421530407766994,12.756729192771084,0.0
52.421530407766994,12.756871807228917,0.0
52.421530407766994,12.757014421686748,0.0
52.421530407766994,12.757157036144578,0.0
52.421530407766994,12.75729965060241,0.0
52.421530407766994,12.757442265060241,0.0
52.421530407766994,12.757584879518072,0.0
52.421530407766994,12.757727493975905,0.0010609556830039673
52.421530407766994,12.757870108433735,0.0022146976249395912
52.421530407766994,12.758012722891566,0.0033584227711252763
52.421530407766994,12.758155337349399,0.004489198626935118
52.421530407766994,12.75829795180723,0.005602069148034499
52.421530407766994,12.758440566265062,0.006697079670768094
52.421530407766994,12.758583180722892,0.007770937924533795
52.421530407766994,12.758725795180723,0.00881964194423025
52.421530407766994,12.758868409638556,0.009845138862817814
52.421530407766994,12.759011024096386,0.010853987733297918
52.421530407766994,12.759153638554217,0.011830828918697835
52.421530407766994,12.75929625301205,0.012784369567909272
52.421530407766994,12.75943886746988,0.013716642877139432
52.421530407766994,12.759581481927711,0.014612724920987358
52.421530407766994,12.759724096385543,0.015472563184922936
52.421530407766994,12.759866710843374,0.01631040738232837
52.421530407766994,12.760009325301205,0.01711990677814709
52.421530407766994,12.760151939759037,0.017889025574004423
52.421530407766994,12.760294554216868,0.018622426241434828
52.421530407766994,12.760437168674699,0.019326891751053343
52.421530407766994,12.760579783132531,0.019990876553002093
52.421530407766994,12.760722397590362,0.02061763784097455
52.421530407766994,12.760865012048193,0.02120327629211601
52.421530407766994,12.761007626506025,0.021752452672320666
52.421530407766994,12.761150240963856,0.022260161989510144
52.421530407766994,12.761292855421688,0.02272555639955668
52.421530407766994,12.761435469879519,0.02315518249678923
52.421530407766994,12.76157808433735,0.02354552437423098
52.421530407766994,12.761720698795182,0.02389154344906489
52.421530407766994,12.761863313253013,0.024193687070685654
52.421530407766994,12.762005927710844,0.024455484310767564
52.421530407766994,12.762148542168676,0.024672209015829137
52.421530407766994,12.762291156626507,0.024853784001546184
52.421530407766994,12.762433771084337,0.024988435528151925
52.421530407766994,12.76257638554217,0.025074078683099577
52.421530407766994,12.762719,0.025118115358440933
52.42162314563107,12.750882,0.0
52.42162314563107,12.751024614457831,0.0
52.42162314563107,12.751167228915664,0.0
52.42162314563107,12.751309843373495,0.0
52.42162314563107,12.751452457831325,0.0
52.42162314563107,12.751595072289158,0.0
52.42162314563107,12.751737686746988,0.0
52.42162314563107,12.75188030120482,0.0
52.42162314563107,12.752022915662652,0.0
52.42162314563107,12.752165530120482,0.0
52.42162314563107,12.752308144578313,0.0
52.42162314563107,12.752450759036146,0.0
52.42162314563107,12.752593373493976,0.0
52.42162314563107,12.752735987951809,0.0
52.42162314563107,12.75287860240964,0.0
52.42162314563107,12.75302121686747,0.0
52.42162314563107,12.753163831325303,0.0
52.42162314563107,12.753306445783133,0.0
52.42162314563107,12.753449060240964,0.0
52.42162314563107,12.753591674698797,0.0
52.42162314563107,12.753734289156627,0.0
52.42162314563107,12.753876903614458,0.0
52.42162314563107,12.75401951807229,0.0
52.42162314563107,12.754162132530121,0.0
52.42162314563107,12.754304746987952,0.0
52.42162314563107,12.754447361445784,0.0
52.42162314563107,12.754589975903615,0.0
52.42162314563107,12.754732590361446,0.0
52.42162314563107,12.754875204819278,0.0
52.42162314563107,12.755017819277109,0.0
52.42162314563107,12.75516043373494,0.0
52.42162314563107,12.755303048192772,0.0
52.42162314563107,12.755445662650603,0.0
52.42162314563107,12.755588277108435,0.0
52.42162314563107,12.755730891566266,0.0
52.42162314563107,12.755873506024097,0.0
52.42162314563107,12.75601612048193,0.0
52.42162314563107,12.75615873493976,0.0
52.42162314563107,12.75630134939759,0.0
52.42162314563107,12.756443963855423,0.0
52.42162314563107,12.756586578313254,0.0
52.42162314563107,12.756729192771084,0.0
52.42162314563107,12.756871807228917,0.0
52.42162314563107,12.757014421686748,0.0
52.42162314563107,12.757157036144578,0.0
52.42162314563107,12.75729965060241,0.0
52.42162314563107,12.757442265060241,0.0
52.42162314563107,12.757584879518072,4.44328050316703e-05
52.42162314563107,12.757727493975905,0.0012047383048373493
52.42162314563107,12.757870108433735,0.0023547473919814242
52.42162314563107,12.758012722891566,0.0034947536140229017
52.42162314563107,12.758155337349399,0.004621866298389539
52.42162314563107,12.75829795180723,0.005731096870386336
52.42162314563107,12.758440566265062,0.006822517247758151
52.42162314563107,12.758583180722892,0.007892845098138375
52.42162314563107,12.758725795180723,0.008938042907657755
52.42162314563107,12.758868409638556,0.009960128655096313
52.42162314563107,12.759011024096386,0.010965637783470953
52.42162314563107,12.759153638554217,0.011939191757394104
52.42162314563107,12.75929625301205,0.012889522674021395
52.42162314563107,12.75943886746988,0.013818692765975027
52.42162314563107,12.759581481927711,0.014711737576984308
52.42162314563107,12.759724096385543,0.015568606770394462
52.42162314563107,12.759866710843374,0.016403626337483365
52.42162314563107,12.760009325301205,0.017210419772126267
52.42162314563107,12.760151939759037,0.017976914893495514
52.42162314563107,12.760294554216868,0.018707808590388723
52.42162314563107,12.760437168674699,0.01940988017155515
52.42162314563107,12.760579783132531,0.02007160558875287
52.42162314563107,12.760722397590362,0.020696243171699814
52.42162314563107,12.760865012048193,0.021279843036395314
52.42162314563107,12.761007626506025,0.02182715548957863
52.42162314563107,12.761150240963856,0.02233305513678817
52.42162314563107,12.761292855421688,0.022796805751656643
52.42162314563107,12.761435469879519,0.023224964701354295
52.42162314563107,12.76157808433735,0.023613985067537445
52.42162314563107,12.761720698795182,0.02395878085524108
52.42162314563107,12.761863313253013,0.024259879469179815
52.42162314563107,12.762005927710844,0.024520800976125856
52.42162314563107,12.762148542168676,0.024736769474124582
52.42162314563107,12.762291156626507,0.024917744293262142
52.42162314563107,12.762433771084337,0.025051930727583667
52.42162314563107,12.76257638554217,0.025137236385706148
52.42162314563107,12.762719,0.025181138751633927
52.421715883495146,12.750882,0.0
52.421715883495146,12.751024614457831,0.0
52.421715883495146,12.751167228915664,0.0
52.421715883495146,12.751309843373495,0.0
52.421715883495146,12.751452457831325,0.0
52.421715883495146,12.751595072289158,0.0
52.421715883495146,12.751737686746988,0.0
52.421715883495146,12.75188030120482,0.0
52.421715883495146,12.752022915662652,0.0
52.421715883495146,12.752165530120482,0.0
52.421715883495146,12.752308144578313,0.0
52.421715883495146,12.752450759036146,0.0
52.421715883495146,12.752593373493976,0.0
52.421715883495146,12.752735987951809,0.0
52.421715883495146,12.75287860240964,0.0
52.421715883495146,12.75302121686747,0.0
52.421715883495146,12.753163831325303,0.0
52.421715883495146,12.753306445783133,0.0
52.421715883495146,12.753449060240964,0.0
52.421715883495146,12.753591674698797,0.0
52.421715883495146,12.753734289156627,0.0
52.421715883495146,12.753876903614458,0.0
52.421715883495146,12.75401951807229,0.0
52.421715883495146,12.754162132530121,0.0
52.421715883495146,12.754304746987952,0.0
52.421715883495146,12.754447361445784,0.0
52.421715883495146,12.754589975903615,0.0
52.421715883495146,12.754732590361446,0.0
52.421715883495146,12.754875204819278,0.0
52.421715883495146,12.755017819277109,0.0
52.421715883495146,12.75516043373494,0.0
52.421715883495146,12.755303048192772,0.0
52.421715883495146,12.755445662650603,0.0
52.421715883495146,12.755588277108435,0.0
52.421715883495146,12.755730891566266,0.0
52.421715883495146,12.755873506024097,0.0
52.421715883495146,12.75601612048193,0.0
52.421715883495146,12.75615873493976,0.0
52.421715883495146,12.75630134939759,0.0
52.421715883495146,12.756443963855423,0.0
52.421715883495146,12.756586578313254,0.0
52.421715883495146,12.756729192771084,0.0
52.421715883495146,12.756871807228917,0.0
52.421715883495146,12.757014421686748,0.0
52.421715883495146,12.757157036144578,0.0
52.421715883495146,12.75729965060241,0.0
52.421715883495146,12.757442265060241,0.0
52.421715883495146,12.757584879518072,0.0001952064327442847
52.421715883495146,12.757727493975905,0.001352001418536565
52.421715883495146,12.757870108433735,0.002498544923505677
52.421715883495146,12.758012722891566,0.0036350984363191906
52.421715883495146,12.758155337349399,0.004758810082880335
52.421715883495146,12.75829795180723,0.005864661154691935
52.421715883495146,12.758440566265062,0.006952748590518407
52.421715883495146,12.758583180722892,0.008019798564178775
52.421715883495146,12.758725795180723,0.009061741377437576
52.421715883495146,12.758868409638556,0.010080660157123958
52.421715883495146,12.759011024096386,0.011083068527271533
52.421715883495146,12.759153638554217,0.012053570763004784
52.421715883495146,12.75929625301205,0.013000921979778693
52.421715883495146,12.75943886746988,0.013927211039848904
52.421715883495146,12.759581481927711,0.014817436358105352
52.421715883495146,12.759724096385543,0.015671549181370897
52.421715883495146,12.759866710843374,0.016503946476813417
52.421715883495146,12.760009325301205,0.017308227837338395
52.421715883495146,12.760151939759037,0.018072287327809328
52.421715883495146,12.760294554216868,0.018800853913628332
52.421715883495146,12.760437168674699,0.019500702917671444
52.421715883495146,12.760579783132531,0.02016033119486057
52.421715883495146,12.760722397590362,0.02078299714726873
52.421715883495146,12.760865012048193,0.02136470470293647
52.421715883495146,12.761007626506025,0.02191028683126308
52.421715883495146,12.761150240963856,0.022414506813232225
52.421715883495146,12.761292855421688,0.02287673126275602
52.421715883495146,12.761435469879519,0.02330352802155286
52.421715883495146,12.76157808433735,0.02369132137100266
52.421715883495146,12.761720698795182,0.024034981662872285
52.421715883495146,12.761863313253013,0.02433511024641583
52.421715883495146,12.762005927710844,0.024595219073868232
52.421715883495146,12.762148542168676,0.024810485674702197
52.421715883495146,12.762291156626507,0.024990903414271536
52.421715883495146,12.762433771084337,0.025124658044584487
52.421715883495146,12.76257638554217,0.025209650451164984
52.421715883495146,12.762719,0.025253428196889634
52.421808621359226,12.750882,0.0
52.421808621359226,12.751024614457831,0.0
52.421808621359226,12.751167228915664,0.0
52.421808621359226,12.751309843373495,0.0
52.421808621359226,12.751452457831325,0.0
52.421808621359226,12.751595072289158,0.0
52.421808621359226,12.751737686746988,0.0
52.421808621359226,12.75188030120482,0.0
52.421808621359226,12.752022915662652,0.0
52.421808621359226,12.752165530120482,0.0
52.421808621359226,12.752308144578313,0.0
52.421808621359226,12.752450759036146,0.0
52.421808621359226,12.752593373493976,0.0
52.421808621359226,12.752735987951809,0.0
52.421808621359226,12.75287860240964,0.0
52.421808621359226,12.75302121686747,0.0
52.421808621359226,12.753163831325303,0.0
52.421808621359226,12.753306445783133,0.0
52.421808621359226,12.753449060240964,0.0
52.421808621359226,12.753591674698797,0.0
52.421808621359226,12.753734289156627,0.0
52.421808621359226,12.753876903614458,0.0
52.421808621359226,12.75401951807229,0.0
52.421808621359226,12.754162132530121,0.0
52.421808621359226,12.754304746987952,0.0
52.421808621359226,12.754447361445784,0.0
52.421808621359226,12.754589975903615,0.0
52.421808621359226,12.754732590361446,0.0
52.421808621359226,12.754875204819278,0.0
52.421808621359226,12.755017819277109,0.0
52.421808621359226,12.75516043373494,0.0
52.421808621359226,12.755303048192772,0.0
52.421808621359226,12.755445662650603,0.0
52.421808621359226,12.755588277108435,0.0
52.421808621359226,12.755730891566266,0.0
52.421808621359226,12.755873506024097,0.0
52.421808621359226,12.75601612048193,0.0
52.421808621359226,12.75615873493976,0.0
52.421808621359226,12.75630134939759,0.0
52.421808621359226,12.756443963855423,0.0
52.421808621359226,12.756586578313254,0.0
52.421808621359226,12.756729192771084,0.0
52.421808621359226,12.756871807228917,0.0
52.421808621359226,12.757014421686748,0.0
52.421808621359226,12.757157036144578,0.0
52.421808621359226,12.75729965060241,0.0
52.421808621359226,12.757442265060241,0.0
52.421808621359226,12.757584879518072,0.00033207220770975574
52.421808621359226,12.757727493975905,0.001485686426281137
52.421808621359226,12.757870108433735,0.0026290896475497
52.421808621359226,12.758012722891566,0.0037625138845690485
52.421808621359226,12.758155337349399,0.004883143937185656
52.421808621359226,12.75829795180723,0.005985932612243426
52.421808621359226,12.758440566265062,0.007070999326687012
52.421808621359226,12.758583180722892,0.00813507895646848
52.421808621359226,12.758725795180723,0.009174071605206016
52.421808621359226,12.758868409638556,0.010190120104201093
52.421808621359226,12.759011024096386,0.01118971828536785
52.421808621359226,12.759153638554217,0.012157453974869253
52.421808621359226,12.75929625301205,0.013102103745949823
52.421808621359226,12.75943886746988,0.01402578141567456
52.421808621359226,12.759581481927711,0.014913450268245039
52.421808621359226,12.759724096385543,0.01576506427991676
52.421808621359226,12.759866710843374,0.0165950841717567
52.421808621359226,12.760009325301205,0.017397088424582298
52.421808621359226,12.760151939759037,0.018158939818058824
52.421808621359226,12.760294554216868,0.01888539635523495
52.421808621359226,12.760437168674699,0.01958323030984825
52.421808621359226,12.760579783132531,0.020240957498978526
52.421808621359226,12.760722397590362,0.02086183635462056
52.421808621359226,12.760865012048193,0.021441827999736165
52.421808621359226,12.761007626506025,0.02198584142938318
52.421808621359226,12.761150240963856,0.02248853783528529
52.421808621359226,12.761292855421688,0.022949378265636006
52.421808621359226,12.761435469879519,0.02337493995716626
52.421808621359226,12.76157808433735,0.023761621042903757
52.421808621359226,12.761720698795182,0.024104251425049156
52.421808621359226,12.761863313253013,0.02440350031137014
52.421808621359226,12.762005927710844,0.024662872577828863
52.421808621359226,12.762148542168676,0.024877502618354856
52.421808621359226,12.762291156626507,0.025057415364046973
52.421808621359226,12.762433771084337,0.025190778368694135
52.421808621359226,12.76257638554217,0.025275486423165218
52.421808621359226,12.762719,0.025319151293683468
52.4219013592233,12.750882,0.0
52.4219013592233,12.751024614457831,0.0
52.4219013592233,12.751167228915664,0.0
52.4219013592233,12.751309843373495,0.0
52.4219013592233,12.751452457831325,0.0
52.4219013592233,12.751595072289158,0.0
52.4219013592233,12.751737686746988,0.0
52.4219013592233,12.75188030120482,0.0
52.4219013592233,12.752022915662652,0.0
52.4219013592233,12.752165530120482,0.0
52.4219013592233,12.752308144578313,0.0
52.4219013592233,12.752450759036146,0.0
52.4219013592233,12.752593373493976,0.0
52.4219013592233,12.752735987951809,0.0
52.4219013592233,12.75287860240964,0.0
52.4219013592233,12.75302121686747,0.0
52.4219013592233,12.753163831325303,0.0
52.4219013592233,12.753306445783133,0.0
52.4219013592233,12.753449060240964,0.0
52.4219013592233,12.753591674698797,0.0
52.4219013592233,12.753734289156627,0.0
52.4219013592233,12.753876903614458,0.0
52.4219013592233,12.75401951807229,0.0
52.4219013592233,12.754162132530121,0.0
52.4219013592233,12.754304746987952,0.0
52.4219013592233,12.754447361445784,0.0
52.4219013592233,12.754589975903615,0.0
52.4219013592233,12.754732590361446,0.0
52.4219013592233,12.754875204819278,0.0
52.4219013592233,12.755017819277109,0.0
52.4219013592233,12.75516043373494,0.0
52.4219013592233,12.755303048192772,0.0
52.4219013592233,12.755445662650603,0.0
52.4219013592233,12.755588277108435,0.0
52.4219013592233,12.755730891566266,0.0
52.4219013592233,12.755873506024097,0.0
52.4219013592233,12.75601612048193,0.0
52.4219013592233,12.75615873493976,0.0
52.4219013592233,12.75630134939759,0.0
52.4219013592233,12.756443963855423,0.0
52.4219013592233,12.756586578313254,0.0
52.4219013592233,12.756729192771084,0.0
52.4219013592233,12.756871807228917,0.0
52.4219013592233,12.757014421686748,0.0
52.4219013592233,12.757157036144578,0.0
52.4219013592233,12.75729965060241,0.0
52.4219013592233,12.757442265060241,0.0
52.4219013592233,12.757584879518072,0.00045712828535503323
52.4219013592233,12.757727493975905,0.0016077223809249225
52.4219013592233,12.757870108433735,0.002748143885753962
52.4219013592233,12.758012722891566,0.0038785976959435104
52.4219013592233,12.758155337349399,0.00499630184650037
52.4219013592233,12.75829795180723,0.006096183789773784
52.4219013592233,12.758440566265062,0.0071783838933083925
52.4219013592233,12.758583180722892,0.008239644491961493
52.4219013592233,12.758725795180723,0.009275838328540311
52.4219013592233,12.758868409638556,0.010289163240173468
52.4219013592233,12.759011024096386,0.011286095059487019
52.4219013592233,12.759153638554217,0.012251206845551416
52.4219013592233,12.75929625301205,0.01319329497629038
52.4219013592233,12.75943886746988,0.01411449549372733
52.4219013592233,12.759581481927711,0.014999740596960432
52.4219013592233,12.759724096385543,0.015848985983071183
52.4219013592233,12.759866710843374,0.016676751519446895
52.4219013592233,12.760009325301205,0.017476595938894574
52.4219013592233,12.760151939759037,0.018236353861759987
52.4219013592233,12.760294554216868,0.018960810242022348
52.4219013592233,12.760437168674699,0.019656734200778323
52.4219013592233,12.760579783132531,0.020312659064644294
52.4219013592233,12.760722397590362,0.020931842975889785
52.4219013592233,12.760865012048193,0.021510208604624846
52.4219013592233,12.761007626506025,0.022052734307017232
52.4219013592233,12.761150240963856,0.022553988201740476
52.4219013592233,12.761292855421688,0.0230135178294084
52.4219013592233,12.761435469879519,0.023437908609796245
52.4219013592233,12.76157808433735,0.023823534960355885
52.4219013592233,12.761720698795182,0.02416519021398697
52.4219013592233,12.761863313253013,0.024463605329174874
52.4219013592233,12.762005927710844,0.024722278832138924
52.4219013592233,12.762148542168676,0.024936305788242068
52.4219013592233,12.762291156626507,0.025115739709775105
52.4219013592233,12.762433771084337,0.025248731897893208
52.4219013592233,12.76257638554217,0.025333171459086985
52.4219013592233,12.762719,0.025376728815554743
52.42199409708738,12.750882,0.0
52.42199409708738,12.751024614457831,0.0
52.42199409708738,12.751167228915664,0.0
52.42199409708738,12.751309843373495,0.0
52.42199409708738,12.751452457831325,0.0
52.42199409708738,12.751595072289158,0.0
52.42199409708738,12.751737686746988,0.0
52.42199409708738,12.75188030120482,0.0
52.42199409708738,12.752022915662652,0.0
52.42199409708738,12.752165530120482,0.0
52.42199409708738,12.752308144578313,0.0
52.42199409708738,12.752450759036146,0.0
52.42199409708738,12.752593373493976,0.0
52.42199409708738,12.752735987951809,0.0
52.42199409708738,12.75287860240964,0.0
52.42199409708738,12.75302121686747,0.0
52.42199409708738,12.753163831325303,0.0
52.42199409708738,12.753306445783133,0.0
52.42199409708738,12.753449060240964,0.0
52.42199409708738,12.753591674698797,0.0
52.42199409708738,12.753734289156627,0.0
52.42199409708738,12.753876903614458,0.0
52.42199409708738,12.75401951807229,0.0
52.42199409708738,12.754162132530121,0.0
52.42199409708738,12.754304746987952,0.0
52.42199409708738,12.754447361445784,0.0
52.42199409708738,12.754589975903615,0.0
52.42199409708738,12.754732590361446,0.0
52.42199409708738,12.754875204819278,0.0
52.42199409708738,12.755017819277109,0.0
52.42199409708738,12.75516043373494,0.0
52.42199409708738,12.755303048192772,0.0
52.42199409708738,12.755445662650603,0.0
52.42199409708738,12.755588277108435,0.0
52.42199409708738,12.755730891566266,0.0
52.42199409708738,12.755873506024097,0.0
52.42199409708738,12.75601612048193,0.0
52.42199409708738,12.75615873493976,0.0
52.42199409708738,12.75630134939759,0.0
52.42199409708738,12.756443963855423,0.0
52.42199409708738,12.756586578313254,0.0
52.42199409708738,12.756729192771084,0.0
52.42199409708738,12.756871807228917,0.0
52.42199409708738,12.757014421686748,0.0
52.42199409708738,12.757157036144578,0.0
52.42199409708738,12.75729965060241,0.0
52.42199409708738,12.757442265060241,0.0
52.42199409708738,12.757584879518072,0.0005761605715392353
52.42199409708738,12.757727493975905,0.0017240830085196775
52.42199409708738,12.757870108433735,0.002861866877308521
52.42199409708738,12.758012722891566,0.003989692634892883
52.42199409708738,12.758155337349399,0.005104808321974795
52.42199409708738,12.75829795180723,0.006202118154168173
52.42199409708738,12.758440566265062,0.007281781053571516
52.42199409708738,12.758583180722892,0.008340546687739755
52.42199409708738,12.758725795180723,0.009374263063735427
52.42199409708738,12.758868409638556,0.010385177100407442
52.42199409708738,12.759011024096386,0.01137974872458604
52.42199409708738,12.759153638554217,0.012342537445016243
52.42199409708738,12.75929625301205,0.013282357569082312
52.42199409708738,12.75943886746988,0.01420136495388413
52.42199409708738,12.759581481927711,0.015084463894789369
52.42199409708738,12.759724096385543,0.015931611298342398
52.42199409708738,12.759866710843374,0.01675738048654299
52.42199409708738,12.760009325301205,0.01755531260085638
52.42199409708738,12.760151939759037,0.018313216490586592
52.42199409708738,12.760294554216868,0.01903590103279875
52.42199409708738,12.760437168674699,0.019730133142006924
52.42199409708738,12.760579783132531,0.020384461597610808
52.42199409708738,12.760722397590362,0.02100214464857484
52.42199409708738,12.760865012048193,0.021579069770340294
52.42199409708738,12.761007626506025,0.022120278133483762
52.42199409708738,12.761150240963856,0.02262025324113419
52.42199409708738,12.761292855421688,0.023078620679078
52.42199409708738,12.761435469879519,0.023501974496789348
52.42199409708738,12.76157808433735,0.023886666606735604
52.42199409708738,12.761720698795182,0.0242274576938672
52.42199409708738,12.761863313253013,0.024525134177714923
52.42199409708738,12.762005927710844,0.02478318893151924
52.42199409708738,12.762148542168676,0.02499668118150819
52.42199409708738,12.762291156626507,0.025175691063505336
52.42199409708738,12.762433771084337,0.025308354744424843
52.42199409708738,12.76257638554217,0.0253925559786769
52.42199409708738,12.762719,0.025436018263832752
52.42208683495146,12.750882,0.0
52.42208683495146,12.751024614457831,0.0
52.42208683495146,12.751167228915664,0.0
52.42208683495146,12.751309843373495,0.0
52.42208683495146,12.751452457831325,0.0
52.42208683495146,12.751595072289158,0.0
52.42208683495146,12.751737686746988,0.0
52.42208683495146,12.75188030120482,0.0
52.42208683495146,12.752022915662652,0.0
52.42208683495146,12.752165530120482,0.0
52.42208683495146,12.752308144578313,0.0
52.42208683495146,12.752450759036146,0.0
52.42208683495146,12.752593373493976,0.0
52.42208683495146,12.752735987951809,0.0
52.42208683495146,12.75287860240964,0.0
52.42208683495146,12.75302121686747,0.0
52.42208683495146,12.753163831325303,0.0
52.42208683495146,12.753306445783133,0.0
52.42208683495146,12.753449060240964,0.0
52.42208683495146,12.753591674698797,0.0
52.42208683495146,12.753734289156627,0.0
52.42208683495146,12.753876903614458,0.0
52.42208683495146,12.75401951807229,0.0
52.42208683495146,12.754162132530121,0.0
52.42208683495146,12.754304746987952,0.0
52.42208683495146,12.754447361445784,0.0
52.42208683495146,12.754589975903615,0.0
52.42208683495146,12.754732590361446,0.0
52.42208683495146,12.754875204819278,0.0
52.42208683495146,12.755017819277109,0.0
52.42208683495146,12.75516043373494,0.0
52.42208683495146,12.755303048192772,0.0
52.42208683495146,12.755445662650603,0.0
52.42208683495146,12.755588277108435,0.0
52.42208683495146,12.755730891566266,0.0
52.42208683495146,12.755873506024097,0.0
52.42208683495146,12.75601612048193,0.0
52.42208683495146,12.75615873493976,0.0
52.42208683495146,12.75630134939759,0.0
52.42208683495146,12.756443963855423,0.0
52.42208683495146,12.756586578313254,0.0
52.42208683495146,12.756729192771084,0.0
52.42208683495146,12.756871807228917,0.0
52.42208683495146,12.757014421686748,0.0
52.42208683495146,12.757157036144578,0.0
52.42208683495146,12.75729965060241,0.0
52.42208683495146,12.757442265060241,0.0
52.42208683495146,12.757584879518072,0.0006781445495090974
52.42208683495146,12.757727493975905,0.0018236660148793589
52.42208683495146,12.757870108433735,0.002959079476836347
52.42208683495146,12.758012722891566,0.004084543334875297
52.42208683495146,12.758155337349399,0.0051973324524760365
52.42208683495146,12.75829795180723,0.006292330830302666
52.42208683495146,12.758440566265062,0.007369713896736281
52.42208683495146,12.758583180722892,0.008426237636615956
52.42208683495146,12.758725795180723,0.009457727691020068
52.42208683495146,12.758868409638556,0.010466475393894021
52.42208683495146,12.759011024096386,0.011458926381105412
52.42208683495146,12.759153638554217,0.012419628066984274
52.42208683495146,12.75929625301205,0.01335741029952941
52.42208683495146,12.75943886746988,0.01427444719958723
52.42208683495146,12.759581481927711,0.015155617625831242
52.42208683495146,12.759724096385543,0.016000880354557146
52.42208683495146,12.759866710843374,0.01682485609652126
52.42208683495146,12.760009325301205,0.017621070009954373
52.42208683495146,12.760151939759037,0.01837730834158456
52.42208683495146,12.760294554216868,0.01909840132068324
52.42208683495146,12.760437168674699,0.019791113407599804
52.42208683495146,12.760579783132531,0.020444007689241386
52.42208683495146,12.760722397590362,0.02106034222203408
52.42208683495146,12.760865012048193,0.02163597318452661
52.42208683495146,12.761007626506025,0.02217599796194012
52.42208683495146,12.761150240963856,0.022674824947504293
52.42208683495146,12.761292855421688,0.023132148833237127
52.42208683495146,12.761435469879519,0.023554570859996415
52.42208683495146,12.76157808433735,0.023938423509736816
52.42208683495146,12.761720698795182,0.02427843812407568
52.42208683495146,12.761863313253013,0.024575451484398863
52.42208683495146,12.762005927710844,0.02483295040565068
52.42208683495146,12.762148542168676,0.025045962607870422
52.42208683495146,12.762291156626507,0.025224591528565335
52.42208683495146,12.762433771084337,0.025356959811611478
52.42208683495146,12.76257638554217,0.025440947036545182
52.42208683495146,12.762719,0.025484323679883115
52.42217957281554,12.750882,0.0
52.42217957281554,12.751024614457831,0.0
52.42217957281554,12.751167228915664,0.0
52.42217957281554,12.751309843373495,0.0
52.42217957281554,12.751452457831325,0.0
52.42217957281554,12.751595072289158,0.0
52.42217957281554,12.751737686746988,0.0
52.42217957281554,12.75188030120482,0.0
52.42217957281554,12.752022915662652,0.0
52.42217957281554,12.752165530120482,0.0
52.42217957281554,12.752308144578313,0.0
52.42217957281554,12.752450759036146,0.0
52.42217957281554,12.752593373493976,0.0
52.42217957281554,12.752735987951809,0.0
52.42217957281554,12.75287860240964,0.0
52.42217957281554,12.75302121686747,0.0
52.42217957281554,12.753163831325303,0.0
52.42217957281554,12.753306445783133,0.0
52.42217957281554,12.753449060240964,0.0
52.42217957281554,12.753591674698797,0.0
52.42217957281554,12.753734289156627,0.0
52.42217957281554,12.753876903614458,0.0
52.42217957281554,12.75401951807229,0.0
52.42217957281554,12.754162132530121,0.0
52.42217957281554,12.754304746987952,0.0
52.42217957281554,12.754447361445784,0.0
52.42217957281554,12.754589975903615,0.0
52.42217957281554,12.754732590361446,0.0
52.42217957281554,12.754875204819278,0.0
52.42217957281554,12.755017819277109,0.0
52.42217957281554,12.75516043373494,0.0
52.42217957281554,12.755303048192772,0.0
52.42217957281554,12.755445662650603,0.0
52.42217957281554,12.755588277108435,0.0
52.42217957281554,12.755730891566266,0.0
52.42217957281554,12.755873506024097,0.0
52.42217957281554,12.75601612048193,0.0
52.42217957281554,12.75615873493976,0.0
52.42217957281554,12.75630134939759,0.0
52.42217957281554,12.756443963855423,0.0
52.42217957281554,12.756586578313254,0.0
52.42217957281554,12.756729192771084,0.0
52.42217957281554,12.756871807228917,0.0
52.42217957281554,12.757014421686748,0.0
52.42217957281554,12.757157036144578,0.0
52.42217957281554,12.75729965060241,0.0
52.42217957281554,12.757442265060241,0.0
52.42217957281554,12.757584879518072,0.0007689565299382889
52.42217957281554,12.757727493975905,0.0019123880658768432
52.42217957281554,12.757870108433735,0.0030457384673693863
52.42217957281554,12.758012722891566,0.004169146422615944
52.42217957281554,12.758155337349399,0.005279910285809551
52.42217957281554,12.75829795180723,0.006372896533389475
52.42217957281554,12.758440566265062,0.0074482953410792835
52.42217957281554,12.758583180722892,0.008502867731310171
52.42217957281554,12.758725795180723,0.009532419742969749
52.42217957281554,12.758868409638556,0.0105392817418074
52.42217957281554,12.759011024096386,0.011529886632430094
52.42217957281554,12.759153638554217,0.012488771353458872
52.42217957281554,12.75929625301205,0.013424779672065346
52.42217957281554,12.75943886746988,0.01434010127030712
52.42217957281554,12.759581481927711,0.015219593115006909
52.42217957281554,12.759724096385543,0.01606321510147967
52.42217957281554,12.759866710843374,0.016885629556061887
52.42217957281554,12.760009325301205,0.017680347817736558
52.42217957281554,12.760151939759037,0.01843513626520986
52.42217957281554,12.760294554216868,0.01915484361424556
52.42217957281554,12.760437168674699,0.019846232385211902
52.42217957281554,12.760579783132531,0.020497878148497586
52.42217957281554,12.760722397590362,0.021113038848296635
52.42217957281554,12.760865012048193,0.021687543237089872
52.42217957281554,12.761007626506025,0.022226537770978726
52.42217957281554,12.761150240963856,0.022724364921677488
52.42217957281554,12.761292855421688,0.023180780266555463
52.42217957281554,12.761435469879519,0.023602391077322163
52.42217957281554,12.76157808433735,0.023985512853749363
52.42217957281554,12.761720698795182,0.02432485133293199
52.42217957281554,12.761863313253013,0.02462128723262155
52.42217957281554,12.762005927710844,0.024878302093491365
52.42217957281554,12.762148542168676,0.02509089624240765
52.42217957281554,12.762291156626507,0.02526919346752763
52.42217957281554,12.762433771084337,0.025401304727346474
52.42217957281554,12.76257638554217,0.025485105516773982
52.42217957281554,12.762719,0.025528407682711446
52.42227231067961,12.750882,0.0
52.42227231067961,12.751024614457831,0.0
52.42227231067961,12.751167228915664,0.0
52.42227231067961,12.751309843373495,0.0
52.42227231067961,12.751452457831325,0.0
52.42227231067961,12.751595072289158,0.0
52.42227231067961,12.751737686746988,0.0
52.42227231067961,12.75188030120482,0.0
52.42227231067961,12.752022915662652,0.0
52.42227231067961,12.752165530120482,0.0
52.42227231067961,12.752308144578313,0.0
52.42227231067961,12.752450759036146,0.0
52.42227231067961,12.752593373493976,0.0
52.42227231067961,12.752735987951809,0.0
52.42227231067961,12.75287860240964,0.0
52.42227231067961,12.75302121686747,0.0
52.42227231067961,12.753163831325303,0.0
52.42227231067961,12.753306445783133,0.0
52.42227231067961,12.753449060240964,0.0
52.42227231067961,12.753591674698797,0.0
52.42227231067961,12.753734289156627,0.0
52.42227231067961,12.753876903614458,0.0
52.42227231067961,12.75401951807229,0.0
52.42227231067961,12.754162132530121,0.0
52.42227231067961,12.754304746987952,0.0
52.42227231067961,12.754447361445784,0.0
52.42227231067961,12.754589975903615,0.0
52.42227231067961,12.754732590361446,0.0
52.42227231067961,12.754875204819278,0.0
52.42227231067961,12.755017819277109,0.0
52.42227231067961,12.75516043373494,0.0
52.42227231067961,12.755303048192772,0.0
52.42227231067961,12.755445662650603,0.0
52.42227231067961,12.755588277108435,0.0
52.42227231067961,12.755730891566266,0.0
52.42227231067961,12.755873506024097,0.0
52.42227231067961,12.75601612048193,0.0
52.42227231067961,12.75615873493976,0.0
52.42227231067961,12.75630134939759,0.0
52.42227231067961,12.756443963855423,0.0
52.42227231067961,12.756586578313254,0.0
52.42227231067961,12.756729192771084,0.0
52.42227231067961,12.756871807228917,0.0
52.42227231067961,12.757014421686748,0.0
52.42227231067961,12.757157036144578,0.0
52.42227231067961,12.75729965060241,0.0
52.42227231067961,12.757442265060241,0.0
52.42227231067961,12.757584879518072,0.0008418377105027849
52.42227231067961,12.757727493975905,0.00198345390654759
52.42227231067961,12.757870108433735,0.0031150120758867824
52.42227231067961,12.758012722891566,0.004236634213460929
52.42227231067961,12.758155337349399,0.005345639233062307
52.42227231067961,12.75829795180723,0.006436878086594648
52.42227231067961,12.758440566265062,0.0075105530628914625
52.42227231067961,12.758583180722892,0.008563430660724364
52.42227231067961,12.758725795180723,0.009591300074296151
52.42227231067961,12.758868409638556,0.010596524510835953
52.42227231067961,12.759011024096386,0.0115855264355305
52.42227231067961,12.759153638554217,0.012542833672977417
52.42227231067961,12.75929625301205,0.013477301921966077
52.42227231067961,12.75943886746988,0.014391134498645385
52.42227231067961,12.759581481927711,0.015269169078881
52.42227231067961,12.759724096385543,0.016111366802796533
52.42227231067961,12.759866710843374,0.01693242566913906
52.42227231067961,12.760009325301205,0.017725845525411153
52.42227231067961,12.760151939759037,0.018479375301449212
52.42227231067961,12.760294554216868,0.019197879725082113
52.42227231067961,12.760437168674699,0.019888119860644732
52.42227231067961,12.760579783132531,0.020538681811558778
52.42227231067961,12.760722397590362,0.021152823552264718
52.42227231067961,12.760865012048193,0.021726350348065
52.42227231067961,12.761007626506025,0.022264450354768185
52.42227231067961,12.761150240963856,0.022761409580617484
52.42227231067961,12.761292855421688,0.023217036322660797
52.42227231067961,12.761435469879519,0.023637943230027204
52.42227231067961,12.76157808433735,0.024020430949568468
52.42227231067961,12.761720698795182,0.024359182826149874
52.42227231067961,12.761863313253013,0.024655117513687513
52.42227231067961,12.762005927710844,0.024911712199282024
52.42227231067961,12.762148542168676,0.025123943494946004
52.42227231067961,12.762291156626507,0.025301952883785377
52.42227231067961,12.762433771084337,0.02543384148481804
52.42227231067961,12.76257638554217,0.025517480732240208
52.42227231067961,12.762719,0.02556071809105844
52.42236504854369,12.750882,0.0
52.42236504854369,12.751024614457831,0.0
52.42236504854369,12.751167228915664,0.0
52.42236504854369,12.751309843373495,0.0
52.42236504854369,12.751452457831325,0.0
52.42236504854369,12.751595072289158,0.0
52.42236504854369,12.751737686746988,0.0
52.42236504854369,12.75188030120482,0.0
52.42236504854369,12.752022915662652,0.0
52.42236504854369,12.752165530120482,0.0
52.42236504854369,12.752308144578313,0.0
52.42236504854369,12.752450759036146,0.0
52.42236504854369,12.752593373493976,0.0
52.42236504854369,12.752735987951809,0.0
52.42236504854369,12.75287860240964,0.0
52.42236504854369,12.75302121686747,0.0
52.42236504854369,12.753163831325303,0.0
52.42236504854369,12.753306445783133,0.0
52.42236504854369,12.753449060240964,0.0
52.42236504854369,12.753591674698797,0.0
52.42236504854369,12.753734289156627,0.0
52.42236504854369,12.753876903614458,0.0
52.42236504854369,12.75401951807229,0.0
52.42236504854369,12.754162132530121,0.0
52.42236504854369,12.754304746987952,0.0
52.42236504854369,12.754447361445784,0.0
52.42236504854369,12.754589975903615,0.0
52.42236504854369,12.754732590361446,0.0
52.42236504854369,12.754875204819278,0.0
52.42236504854369,12.755017819277109,0.0
52.42236504854369,12.75516043373494,0.0
52.42236504854369,12.755303048192772,0.0
52.42236504854369,12.755445662650603,0.0
52.42236504854369,12.755588277108435,0.0
52.42236504854369,12.755730891566266,0.0
52.42236504854369,12.755873506024097,0.0
52.42236504854369,12.75601612048193,0.0
52.42236504854369,12.75615873493976,0.0
52.42236504854369,12.75630134939759,0.0
52.42236504854369,12.756443963855423,0.0
52.42236504854369,12.756586578313254,0.0
52.42236504854369,12.756729192771084,0.0
52.42236504854369,12.756871807228917,0.0
52.42236504854369,12.757014421686748,0.0
52.42236504854369,12.757157036144578,0.0
52.42236504854369,12.75729965060241,0.0
52.42236504854369,12.757442265060241,0.0
52.42236504854369,12.757584879518072,0.0009048056600547104
52.42236504854369,12.757727493975905,0.0020448998263599893
52.42236504854369,12.757870108433735,0.0031749554434310386
52.42236504854369,12.758012722891566,0.00429508078132592
52.42236504854369,12.758155337349399,0.005402611423971464
52.42236504854369,12.75829795180723,0.006492385526124693
52.42236504854369,12.758440566265062,0.0075646160991340115
52.42236504854369,12.758583180722892,0.008616073113700289
52.42236504854369,12.758725795180723,0.009642532225812633
52.42236504854369,12.758868409638556,0.01064638431907812
52.42236504854369,12.759011024096386,0.011634042818205181
52.42236504854369,12.759153638554217,0.012590028053899981
52.42236504854369,12.75929625301205,0.013523205660605947
52.42236504854369,12.75943886746988,0.014435790317726932
52.42236504854369,12.759581481927711,0.015312603919886316
52.42236504854369,12.759724096385543,0.016153608198154232
52.42236504854369,12.759866710843374,0.016973531489011272
52.42236504854369,12.760009325301205,0.017765863126245965
52.42236504854369,12.760151939759037,0.01851833827915386
52.42236504854369,12.760294554216868,0.01923583486084933
52.42236504854369,12.760437168674699,0.019925112837956577
52.42236504854369,12.760579783132531,0.020574766815759923
52.42236504854369,12.760722397590362,0.021188054621615597
52.42236504854369,12.760865012048193,0.021760762392321872
52.42236504854369,12.761007626506025,0.022298113186239626
52.42236504854369,12.761150240963856,0.022794345845632603
52.42236504854369,12.761292855421688,0.023249312221025574
52.42236504854369,12.761435469879519,0.0236696292519572
52.42236504854369,12.76157808433735,0.024051585549503283
52.42236504854369,12.761720698795182,0.02438984627654095
52.42236504854369,12.761863313253013,0.02468536108156871
52.42236504854369,12.762005927710844,0.02494160384109751
52.42236504854369,12.762148542168676,0.025153531306350195
52.42236504854369,12.762291156626507,0.025331299778960956
52.42236504854369,12.762433771084337,0.025463001689930386
52.42236504854369,12.76257638554217,0.025546505680845884
52.42236504854369,12.762719,0.025589688719724082
52.42245778640777,12.750882,0.0
52.42245778640777,12.751024614457831,0.0
52.42245778640777,12.751167228915664,0.0
52.42245778640777,12.751309843373495,0.0
52.42245778640777,12.751452457831325,0.0
52.42245778640777,12.751595072289158,0.0
52.42245778640777,12.751737686746988,0.0
52.42245778640777,12.75188030120482,0.0
52.42245778640777,12.752022915662652,0.0
52.42245778640777,12.752165530120482,0.0
52.42245778640777,12.752308144578313,0.0
52.42245778640777,12.752450759036146,0.0
52.42245778640777,12.752593373493976,0.0
52.42245778640777,12.752735987951809,0.0
52.42245778640777,12.75287860240964,0.0
52.42245778640777,12.75302121686747,0.0
52.42245778640777,12.753163831325303,0.0
52.42245778640777,12.753306445783133,0.0
52.42245778640777,12.753449060240964,0.0
52.42245778640777,12.753591674698797,0.0
52.42245778640777,12.753734289156627,0.0
52.42245778640777,12.753876903614458,0.0
52.42245778640777,12.75401951807229,0.0
52.42245778640777,12.754162132530121,0.0
52.42245778640777,12.754304746987952,0.0
52.42245778640777,12.754447361445784,0.0
52.42245778640777,12.754589975903615,0.0
52.42245778640777,12.754732590361446,0.0
52.42245778640777,12.754875204819278,0.0
52.42245778640777,12.755017819277109,0.0
52.42245778640777,12.75516043373494,0.0
52.42245778640777,12.755303048192772,0.0
52.42245778640777,12.755445662650603,0.0
52.42245778640777,12.755588277108435,0.0
52.42245778640777,12.755730891566266,0.0
52.42245778640777,12.755873506024097,0.0
52.42245778640777,12.75601612048193,0.0
52.42245778640777,12.75615873493976,0.0
52.42245778640777,12.75630134939759,0.0
52.42245778640777,12.756443963855423,0.0
52.42245778640777,12.756586578313254,0.0
52.42245778640777,12.756729192771084,0.0
52.42245778640777,12.756871807228917,0.0
52.42245778640777,12.757014421686748,0.0
52.42245778640777,12.757157036144578,0.0
52.42245778640777,12.75729965060241,0.0
52.42245778640777,12.757442265060241,0.0
52.42245778640777,12.757584879518072,0.0009534913176555285
52.42245778640777,12.757727493975905,0.0020924159058092074
52.42245778640777,12.757870108433735,0.003221316826855782
52.42245778640777,12.758012722891566,0.004340291424621782
52.42245778640777,12.758155337349399,0.005446689000600433
52.42245778640777,12.75829795180723,0.006535337068177182
52.42245778640777,12.758440566265062,0.0076064569665590005
52.42245778640777,12.758583180722892,0.008656821701472278
52.42245778640777,12.758725795180723,0.00968219594849433
52.42245778640777,12.758868409638556,0.010684992594173695
52.42245778640777,12.759011024096386,0.011671617959776538
52.42245778640777,12.759153638554217,0.01262658580237076
52.42245778640777,12.75929625301205,0.013558769852029319
52.42245778640777,12.75943886746988,0.01447039418486445
52.42245778640777,12.759581481927711,0.015346267684897842
52.42245778640777,12.759724096385543,0.01618635316390312
52.42245778640777,12.759866710843374,0.017005402135917603
52.42245778640777,12.760009325301205,0.017796896362616766
52.42245778640777,12.760151939759037,0.018548559618551095
52.42245778640777,12.760294554216868,0.01926528037411935
52.42245778640777,12.760437168674699,0.019953817380719368
52.42245778640777,12.760579783132531,0.02060277250207631
52.42245778640777,12.760722397590362,0.021215402985545067
52.42245778640777,12.760865012048193,0.02178747970676414
52.42245778640777,12.761007626506025,0.022324253826747024
52.42245778640777,12.761150240963856,0.02281992630117464
52.42245778640777,12.761292855421688,0.023274383710702173
52.42245778640777,12.761435469879519,0.023694246617634605
52.42245778640777,12.76157808433735,0.024075794026649583
52.42245778640777,12.761720698795182,0.0244136759956985
52.42245778640777,12.761863313253013,0.02470886723526254
52.42245778640777,12.762005927710844,0.02496483944815081
52.42245778640777,12.762148542168676,0.02517653256356879
52.42245778640777,12.762291156626507,0.025354115493771853
52.42245778640777,12.762433771084337,0.025485673433051644
52.42245778640777,12.76257638554217,0.025569072683623958
52.42245778640777,12.762719,0.025612214074566285
52.42255052427185,12.750882,0.0
52.42255052427185,12.751024614457831,0.0
52.42255052427185,12.751167228915664,0.0
52.42255052427185,12.751309843373495,0.0
52.42255052427185,12.751452457831325,0.0
52.42255052427185,12.751595072289158,0.0
52.42255052427185,12.751737686746988,0.0
52.42255052427185,12.75188030120482,0.0
52.42255052427185,12.752022915662652,0.0
52.42255052427185,12.752165530120482,0.0
52.42255052427185,12.752308144578313,0.0
52.42255052427185,12.752450759036146,0.0
52.42255052427185,12.752593373493976,0.0
52.42255052427185,12.752735987951809,0.0
52.42255052427185,12.75287860240964,0.0
52.42255052427185,12.75302121686747,0.0
52.42255052427185,12.753163831325303,0.0
52.42255052427185,12.753306445783133,0.0
52.42255052427185,12.753449060240964,0.0
52.42255052427185,12.753591674698797,0.0
52.42255052427185,12.753734289156627,0.0
52.42255052427185,12.753876903614458,0.0
52.42255052427185,12.75401951807229,0.0
52.42255052427185,12.754162132530121,0.0
52.42255052427185,12.754304746987952,0.0
52.42255052427185,12.754447361445784,0.0
52.42255052427185,12.754589975903615,0.0
52.42255052427185,12.754732590361446,0.0
52.42255052427185,12.754875204819278,0.0
52.42255052427185,12.755017819277109,0.0
52.42255052427185,12.75516043373494,0.0
52.42255052427185,12.755303048192772,0.0
52.42255052427185,12.755445662650603,0.0
52.42255052427185,12.755588277108435,0.0
52.42255052427185,12.755730891566266,0.0
52.42255052427185,12.755873506024097,0.0
52.42255052427185,12.75601612048193,0.0
52.42255052427185,12.75615873493976,0.0
52.42255052427185,12.75630134939759,0.0
52.42255052427185,12.756443963855423,0.0
52.42255052427185,12.756586578313254,0.0
52.42255052427185,12.756729192771084,0.0
52.42255052427185,12.756871807228917,0.0
52.42255052427185,12.757014421686748,0.0
52.42255052427185,12.757157036144578,0.0
52.42255052427185,12.75729965060241,0.0
52.42255052427185,12.757442265060241,0.0
52.42255052427185,12.757584879518072,0.0009922910320115143
52.42255052427185,12.757727493975905,0.0021302503247013216
52.42255052427185,12.757870108433735,0.003258198134049519
52.42255052427185,12.758012722891566,0.004376223378881095
52.42255052427185,12.758155337349399,0.005481685706703921
52.42255052427185,12.75829795180723,0.006569404905480487
52.42255052427185,12.758440566265062,0.007639608837389953
52.42255052427185,12.758583180722892,0.008689072885108196
52.42255052427185,12.758725795180723,0.009713553249505045
52.42255052427185,12.758868409638556,0.010715479971884372
52.42255052427185,12.759011024096386,0.011701253614483313
52.42255052427185,12.759153638554217,0.012655383622282393
52.42255052427185,12.75929625301205,0.013586749826261372
52.42255052427185,12.75943886746988,0.014497583313069252
52.42255052427185,12.759581481927711,0.015372683311952394
52.42255052427185,12.759724096385543,0.016212013083681302
52.42255052427185,12.759866710843374,0.017030342563523357
52.42255052427185,12.760009325301205,0.017821147200600584
52.42255052427185,12.760151939759037,0.018572142357569876
52.42255052427185,12.760294554216868,0.019288224721279855
52.42255052427185,12.760437168674699,0.019976152138745606
52.42255052427185,12.760579783132531,0.02062453188856067
52.42255052427185,12.760722397590362,0.021236621350186547
52.42255052427185,12.760865012048193,0.02180817960442334
52.42255052427185,12.761007626506025,0.0223444786993833
52.42255052427185,12.761150240963856,0.02283969175829434
52.42255052427185,12.761292855421688,0.023293731136233956
52.42255052427185,12.761435469879519,0.023713220301295353
52.42255052427185,12.76157808433735,0.024094431058693362
52.42255052427185,12.761720698795182,0.024432002283249522
52.42255052427185,12.761863313253013,0.024726927137744246
52.42255052427185,12.762005927710844,0.024982676147078445
52.42255052427185,12.762148542168676,0.02519417694341753
52.42255052427185,12.762291156626507,0.025371606864092892
52.42255052427185,12.762433771084337,0.02550304664230901
52.42255052427185,12.76257638554217,0.025586360402480194
52.42255052427185,12.762719,0.025629467351416853
52.42264326213592,12.750882,0.0
52.42264326213592,12.751024614457831,0.0
52.42264326213592,12.751167228915664,0.0
52.42264326213592,12.751309843373495,0.0
52.42264326213592,12.751452457831325,0.0
52.42264326213592,12.751595072289158,0.0
52.42264326213592,12.751737686746988,0.0
52.42264326213592,12.75188030120482,0.0
52.42264326213592,12.752022915662652,0.0
52.42264326213592,12.752165530120482,0.0
52.42264326213592,12.752308144578313,0.0
52.42264326213592,12.752450759036146,0.0
52.42264326213592,12.752593373493976,0.0
52.42264326213592,12.752735987951809,0.0
52.42264326213592,12.75287860240964,0.0
52.42264326213592,12.75302121686747,0.0
52.42264326213592,12.753163831325303,0.0
52.42264326213592,12.753306445783133,0.0
52.42264326213592,12.753449060240964,0.0
52.42264326213592,12.753591674698797,0.0
52.42264326213592,12.753734289156627,0.0
52.42264326213592,12.753876903614458,0.0
52.42264326213592,12.75401951807229,0.0
52.42264326213592,12.754162132530121,0.0
52.42264326213592,12.754304746987952,0.0
52.42264326213592,12.754447361445784,0.0
52.42264326213592,12.754589975903615,0.0
52.42264326213592,12.754732590361446,0.0
52.42264326213592,12.754875204819278,0.0
52.42264326213592,12.755017819277109,0.0
52.42264326213592,12.75516043373494,0.0
52.42264326213592,12.755303048192772,0.0
52.42264326213592,12.755445662650603,0.0
52.42264326213592,12.755588277108435,0.0
52.42264326213592,12.755730891566266,0.0
52.42264326213592,12.755873506024097,0.0
52.42264326213592,12.75601612048193,0.0
52.42264326213592,12.75615873493976,0.0
52.42264326213592,12.75630134939759,0.0
52.42264326213592,12.756443963855423,0.0
52.42264326213592,12.756586578313254,0.0
52.42264326213592,12.756729192771084,0.0
52.42264326213592,12.756871807228917,0.0
52.42264326213592,12.757014421686748,0.0
52.42264326213592,12.757157036144578,0.0
52.42264326213592,12.75729965060241,0.0
52.42264326213592,12.757442265060241,0.0
52.42264326213592,12.757584879518072,0.0010086839433378512
52.42264326213592,12.757727493975905,0.0021460192698447714
52.42264326213592,12.757870108433735,0.0032733510009729707
52.42264326213592,12.758012722891566,0.004390762658513504
52.42264326213592,12.758155337349399,0.005495620459619881
52.42264326213592,12.75829795180723,0.006582739319064684
52.42264326213592,12.758440566265062,0.00765235107606292
52.42264326213592,12.758583180722892,0.008701232726539486
52.42264326213592,12.758725795180723,0.009725134851969928
52.42264326213592,12.758868409638556,0.01072649906558781
52.42264326213592,12.759011024096386,0.011711722084203667
52.42264326213592,12.759153638554217,0.012665310349514701
52.42264326213592,12.75929625301205,0.013596147566743691
52.42264326213592,12.75943886746988,0.014506469624591992
52.42264326213592,12.759581481927711,0.015381069426097443
52.42264326213592,12.759724096385543,0.016219910165686063
52.42264326213592,12.759866710843374,0.01703777436710984
52.42264326213592,12.760009325301205,0.017828132916842956
52.42264326213592,12.760151939759037,0.018578695770285703
52.42264326213592,12.760294554216868,0.01929436508372926
52.42264326213592,12.760437168674699,0.01998189824141942
52.42264326213592,12.760579783132531,0.0206299054826969
52.42264326213592,12.760722397590362,0.021241644839673487
52.42264326213592,12.760865012048193,0.021812867445169727
52.42264326213592,12.761007626506025,0.022348859348411496
52.42264326213592,12.761150240963856,0.022843774727680184
52.42264326213592,12.761292855421688,0.023297543623407645
52.42264326213592,12.761435469879519,0.02371679126261603
52.42264326213592,12.76157808433735,0.024097784324445537
52.42264326213592,12.761720698795182,0.02443515423363124
52.42264326213592,12.761863313253013,0.024729907027547217
52.42264326213592,12.762005927710844,0.024985511648342278
52.42264326213592,12.762148542168676,0.025196887851835163
52.42264326213592,12.762291156626507,0.025374219061860458
52.42264326213592,12.762433771084337,0.02550558237404786
52.42264326213592,12.76257638554217,0.025588840673317105
52.42264326213592,12.762719,0.025631925472308942
52.422736,12.750882,0.0
52.422736,12.751024614457831,0.0
52.422736,12.751167228915664,0.0
52.422736,12.751309843373495,0.0
52.422736,12.751452457831325,0.0
52.422736,12.751595072289158,0.0
52.422736,12.751737686746988,0.0
52.422736,12.75188030120482,0.0
52.422736,12.752022915662652,0.0
52.422736,12.752165530120482,0.0
52.422736,12.752308144578313,0.0
52.422736,12.752450759036146,0.0
52.422736,12.752593373493976,0.0
52.422736,12.752735987951809,0.0
52.422736,12.75287860240964,0.0
52.422736,12.75302121686747,0.0
52.422736,12.753163831325303,0.0
52.422736,12.753306445783133,0.0
52.422736,12.753449060240964,0.0
52.422736,12.753591674698797,0.0
52.422736,12.753734289156627,0.0
52.422736,12.753876903614458,0.0
52.422736,12.75401951807229,0.0
52.422736,12.754162132530121,0.0
52.422736,12.754304746987952,0.0
52.422736,12.754447361445784,0.0
52.422736,12.754589975903615,0.0
52.422736,12.754732590361446,0.0
52.422736,12.754875204819278,0.0
52.422736,12.755017819277109,0.0
52.422736,12.75516043373494,0.0
52.422736,12.755303048192772,0.0
52.422736,12.755445662650603,0.0
52.422736,12.755588277108435,0.0
52.422736,12.755730891566266,0.0
52.422736,12.755873506024097,0.0
52.422736,12.75601612048193,0.0
52.422736,12.75615873493976,0.0
52.422736,12.75630134939759,0.0
52.422736,12.756443963855423,0.0
52.422736,12.756586578313254,0.0
52.422736,12.756729192771084,0.0
52.422736,12.756871807228917,0.0
52.422736,12.757014421686748,0.0
52.422736,12.757157036144578,0.0
52.422736,12.75729965060241,0.0
52.422736,12.757442265060241,0.0
52.422736,12.757584879518072,0.0010162089062086474
52.422736,12.757727493975905,0.0021532292137659446
52.422736,12.757870108433735,0.0032802497606080772
52.422736,12.758012722891566,0.004397351411507107
52.422736,12.758155337349399,0.005501903810089305
52.422736,12.75829795180723,0.006588719178248067
52.422736,12.758440566265062,0.0076580318945882134
52.422736,12.758583180722892,0.008706619376134983
52.422736,12.758725795180723,0.009730229489423654
52.422736,12.758868409638556,0.010731309626507885
52.422736,12.759011024096386,0.01171625458821273
52.422736,12.759153638554217,0.01266956890356049
52.422736,12.75929625301205,0.013600138975138112
52.422736,12.75943886746988,0.01451020268300088
52.422736,12.759581481927711,0.0153845495525835
52.422736,12.759724096385543,0.016223143256496212
52.422736,12.759866710843374,0.01704077260337389
52.422736,12.760009325301205,0.01783090588889284
52.422736,12.760151939759037,0.018581250262010914
52.422736,12.760294554216868,0.019296710770197373
52.422736,12.760437168674699,0.019984044690589592
52.422736,12.760579783132531,0.020631864054702773
52.422736,12.760722397590362,0.021243426535910565
52.422736,12.760865012048193,0.021814479777042706
52.422736,12.761007626506025,0.02235031659588705
52.422736,12.761150240963856,0.022845081666053445
52.422736,12.761292855421688,0.02329871389862887
52.422736,12.761435469879519,0.023717839476839198
52.422736,12.76157808433735,0.024098722538611995
52.422736,12.761720698795182,0.024435990771646113
52.422736,12.761863313253013,0.024730656768046796
52.422736,12.762005927710844,0.024986188398180197
52.422736,12.762148542168676,0.025197501629807783
52.422736,12.762291156626507,0.025374782971046783
52.422736,12.762433771084337,0.025506107467592506
52.422736,12.76257638554217,0.025589337848202075
52.422736,12.762719,0.025632411535838517
