x_utm,y_utm,value
347182.43313307303,5810395.006805061,0.3824162483215332
347192.43313307303,5810395.006805061,0.3703422546386719
347202.43313307303,5810395.006805061,0.37035071849823
347212.43313307303,5810395.006805061,0.36068058013916016
347222.43313307303,5810395.006805061,0.3606700897216797
347232.43313307303,5810395.006805061,0.35094285011291504
347242.43313307303,5810395.006805061,0.35091304779052734
347252.43313307303,5810395.006805061,0.3454490900039673
347262.43313307303,5810395.006805061,0.3454005718231201
347272.43313307303,5810395.006805061,0.34534311294555664
347282.43313307303,5810395.006805061,0.3543877601623535
347292.43313307303,5810395.006805061,0.35431408882141113
347302.43313307303,5810395.006805061,
347312.43313307303,5810395.006805061,
347322.43313307303,5810395.006805061,
347332.43313307303,5810395.006805061,
347342.43313307303,5810395.006805061,
347182.43313307303,5810385.006805061,0.3826124668121338
347192.43313307303,5810385.006805061,0.37052202224731445
347202.43313307303,5810385.006805061,0.370532751083374
347212.43313307303,5810385.006805061,0.3608638048171997
347222.43313307303,5810385.006805061,0.3608536720275879
347232.43313307303,5810385.006805061,0.35112595558166504
347242.43313307303,5810385.006805061,0.35109472274780273
347252.43313307303,5810385.006805061,0.3456282615661621
347262.43313307303,5810385.006805061,0.3455764055252075
347272.43313307303,5810385.006805061,0.3455148935317993
347282.43313307303,5810385.006805061,0.3545546531677246
347292.43313307303,5810385.006805061,0.35447537899017334
347302.43313307303,5810385.006805061,
347312.43313307303,5810385.006805061,
347322.43313307303,5810385.006805061,
347332.43313307303,5810385.006805061,
347342.43313307303,5810385.006805061,
347182.43313307303,5810375.006805061,0.364993691444397
347192.43313307303,5810375.006805061,0.33482658863067627
347202.43313307303,5810375.006805061,0.33483994007110596
347212.43313307303,5810375.006805061,0.3368178606033325
347222.43313307303,5810375.006805061,0.33680832386016846
347232.43313307303,5810375.006805061,0.3435978889465332
347242.43313307303,5810375.006805061,0.3435649871826172
347252.43313307303,5810375.006805061,0.34352076053619385
347262.43313307303,5810375.006805061,0.3324817419052124
347272.43313307303,5810375.006805061,0.3324155807495117
347282.43313307303,5810375.006805061,0.32483625411987305
347292.43313307303,5810375.006805061,0.32475078105926514
347302.43313307303,5810375.006805061,
347312.43313307303,5810375.006805061,
347322.43313307303,5810375.006805061,
347332.43313307303,5810375.006805061,
347182.43313307303,5810365.006805061,0.3651902675628662
347192.43313307303,5810365.006805061,0.3350273370742798
347202.43313307303,5810365.006805061,0.33504366874694824
347212.43313307303,5810365.006805061,0.3370232582092285
347222.43313307303,5810365.006805061,0.33701467514038086
347232.43313307303,5810365.006805061,0.34380364418029785
347242.43313307303,5810365.006805061,0.3437690734863281
347252.43313307303,5810365.006805061,0.343721866607666
347262.43313307303,5810365.006805061,0.3326789140701294
347272.43313307303,5810365.006805061,0.3326077461242676
347282.43313307303,5810365.006805061,0.3250223398208618
347292.43313307303,5810365.006805061,0.32492995262145996
347302.43313307303,5810365.006805061,
347312.43313307303,5810365.006805061,
347322.43313307303,5810365.006805061,
347332.43313307303,5810365.006805061,
347182.43313307303,5810355.006805061,0.31713974475860596
347192.43313307303,5810355.006805061,0.30756163597106934
347202.43313307303,5810355.006805061,0.3075824975967407
347212.43313307303,5810355.006805061,0.34355807304382324
347222.43313307303,5810355.006805061,0.3435502052307129
347232.43313307303,5810355.006805061,0.34435153007507324
347242.43313307303,5810355.006805061,0.3443150520324707
347252.43313307303,5810355.006805061,0.3442647457122803
347262.43313307303,5810355.006805061,0.3187626600265503
347272.43313307303,5810355.006805061,0.3186858892440796
347282.43313307303,5810355.006805061,0.30136823654174805
347292.43313307303,5810355.006805061,0.30127930641174316
347302.43313307303,5810355.006805061,
347312.43313307303,5810355.006805061,
347322.43313307303,5810355.006805061,
347332.43313307303,5810355.006805061,
347182.43313307303,5810345.006805061,0.31735920906066895
347192.43313307303,5810345.006805061,0.3077932596206665
347202.43313307303,5810345.006805061,0.3078145980834961
347212.43313307303,5810345.006805061,0.34379005432128906
347222.43313307303,5810345.006805061,0.34378349781036377
347232.43313307303,5810345.006805061,0.3437610864639282
347242.43313307303,5810345.006805061,0.3445460796356201
347252.43313307303,5810345.006805061,0.3444923162460327
347262.43313307303,5810345.006805061,0.3189852237701416
347272.43313307303,5810345.006805061,0.31890201568603516
347282.43313307303,5810345.006805061,0.3015533685684204
347292.43313307303,5810345.006805061,0.3014566898345947
347302.43313307303,5810345.006805061,
347312.43313307303,5810345.006805061,
347322.43313307303,5810345.006805061,
347182.43313307303,5810335.006805061,0.3444775342941284
347192.43313307303,5810335.006805061,0.3411126136779785
347202.43313307303,5810335.006805061,0.3411417007446289
347212.43313307303,5810335.006805061,0.3455411195755005
347222.43313307303,5810335.006805061,0.34553635120391846
347232.43313307303,5810335.006805061,0.34551382064819336
347242.43313307303,5810335.006805061,0.31945717334747314
347252.43313307303,5810335.006805061,0.3193995952606201
347262.43313307303,5810335.006805061,0.30928242206573486
347272.43313307303,5810335.006805061,0.3091869354248047
347282.43313307303,5810335.006805061,0.31975436210632324
347292.43313307303,5810335.006805061,0.31963562965393066
347302.43313307303,5810335.006805061,
347312.43313307303,5810335.006805061,
347322.43313307303,5810335.006805061,
347182.43313307303,5810325.006805061,0.34472334384918213
347192.43313307303,5810325.006805061,0.341366171836853
347202.43313307303,5810325.006805061,0.3414011001586914
347212.43313307303,5810325.006805061,0.3458045721054077
347222.43313307303,5810325.006805061,0.3458019495010376
347232.43313307303,5810325.006805061,0.3457794189453125
347242.43313307303,5810325.006805061,0.3197207450866699
347252.43313307303,5810325.006805061,0.3196587562561035
347262.43313307303,5810325.006805061,0.30954909324645996
347272.43313307303,5810325.006805061,0.3094451427459717
347282.43313307303,5810325.006805061,0.3199892044067383
347292.43313307303,5810325.006805061,0.31985950469970703
347302.43313307303,5810325.006805061,
347312.43313307303,5810325.006805061,
347182.43313307303,5810315.006805061,0.34768199920654297
347192.43313307303,5810315.006805061,0.34935855865478516
347202.43313307303,5810315.006805061,0.3494006395339966
347212.43313307303,5810315.006805061,0.3494222164154053
347222.43313307303,5810315.006805061,0.33161163330078125
347232.43313307303,5810315.006805061,0.3315892219543457
347242.43313307303,5810315.006805061,0.3195987939834595
347252.43313307303,5810315.006805061,0.31953203678131104
347262.43313307303,5810315.006805061,0.32507526874542236
347272.43313307303,5810315.006805061,0.3249673843383789
347282.43313307303,5810315.006805061,0.3378920555114746
347292.43313307303,5810315.006805061,0.337749719619751
347302.43313307303,5810315.006805061,
347312.43313307303,5810315.006805061,
347182.43313307303,5810305.006805061,0.34795820713043213
347192.43313307303,5810305.006805061,0.3496454954147339
347202.43313307303,5810305.006805061,0.34969615936279297
347212.43313307303,5810305.006805061,0.34972381591796875
347222.43313307303,5810305.006805061,0.33191657066345215
347232.43313307303,5810305.006805061,0.33189475536346436
347242.43313307303,5810305.006805061,0.31990182399749756
347252.43313307303,5810305.006805061,0.31982946395874023
347262.43313307303,5810305.006805061,0.32536447048187256
347272.43313307303,5810305.006805061,0.32524585723876953
347282.43313307303,5810305.006805061,0.33815765380859375
347292.43313307303,5810305.006805061,0.3380008935928345
347302.43313307303,5810305.006805061,
347312.43313307303,5810305.006805061,
347182.43313307303,5810295.006805061,0.338168740272522
347192.43313307303,5810295.006805061,0.3382532596588135
347202.43313307303,5810295.006805061,0.34697091579437256
347212.43313307303,5810295.006805061,0.3470062017440796
347222.43313307303,5810295.006805061,0.32011425495147705
347232.43313307303,5810295.006805061,0.3200932741165161
347242.43313307303,5810295.006805061,0.3391437530517578
347252.43313307303,5810295.006805061,0.3390650749206543
347262.43313307303,5810295.006805061,0.34794914722442627
347272.43313307303,5810295.006805061,0.3478180170059204
347282.43313307303,5810295.006805061,0.3510923385620117
347292.43313307303,5810295.006805061,0.3509190082550049
347302.43313307303,5810295.006805061,
347182.43313307303,5810285.006805061,0.3384793996810913
347192.43313307303,5810285.006805061,0.3385791778564453
347202.43313307303,5810285.006805061,0.3473094701766968
347212.43313307303,5810285.006805061,0.34735405445098877
347222.43313307303,5810285.006805061,0.32046759128570557
347232.43313307303,5810285.006805061,0.3204479217529297
347242.43313307303,5810285.006805061,0.33949530124664307
347252.43313307303,5810285.006805061,0.3394094705581665
347262.43313307303,5810285.006805061,0.3482823371887207
347272.43313307303,5810285.006805061,0.34813666343688965
347282.43313307303,5810285.006805061,0.3513936996459961
347292.43313307303,5810285.006805061,0.35120105743408203
347302.43313307303,5810285.006805061,
347182.43313307303,5810275.006805061,0.3228069543838501
347192.43313307303,5810275.006805061,0.3229248523712158
347202.43313307303,5810275.006805061,0.32591867446899414
347212.43313307303,5810275.006805061,0.325974702835083
347222.43313307303,5810275.006805061,0.30696892738342285
347232.43313307303,5810275.006805061,0.3069530725479126
347242.43313307303,5810275.006805061,0.3398977518081665
347252.43313307303,5810275.006805061,0.33980321884155273
347262.43313307303,5810275.006805061,0.3439359664916992
347272.43313307303,5810275.006805061,0.34377312660217285
347282.43313307303,5810275.006805061,0.3368196487426758
347292.43313307303,5810275.006805061,0.33660435676574707
347182.43313307303,5810265.006805061,0.3231555223464966
347192.43313307303,5810265.006805061,0.32329583168029785
347202.43313307303,5810265.006805061,0.32630836963653564
347212.43313307303,5810265.006805061,0.32637906074523926
347222.43313307303,5810265.006805061,0.30733585357666016
347232.43313307303,5810265.006805061,0.30732250213623047
347242.43313307303,5810265.006805061,0.34030985832214355
347252.43313307303,5810265.006805061,0.34020519256591797
347262.43313307303,5810265.006805061,0.34432196617126465
347272.43313307303,5810265.006805061,0.344138503074646
347282.43313307303,5810265.006805061,0.3371608257293701
347292.43313307303,5810265.006805061,0.33691930770874023
347302.43313307303,5810265.006805061,
347182.43313307303,5810255.006805061,0.3308560848236084
347192.43313307303,5810255.006805061,0.33102333545684814
347202.43313307303,5810255.006805061,0.3146398067474365
347212.43313307303,5810255.006805061,0.314733624458313
347222.43313307303,5810255.006805061,0.30635786056518555
347232.43313307303,5810255.006805061,0.3063478469848633
347242.43313307303,5810255.006805061,0.32934391498565674
347252.43313307303,5810255.006805061,0.3292267322540283
347262.43313307303,5810255.006805061,0.32025718688964844
347272.43313307303,5810255.006805061,0.3200486898422241
347282.43313307303,5810255.006805061,0.31631410121917725
347292.43313307303,5810255.006805061,0.3160264492034912
347302.43313307303,5810255.006805061,
347182.43313307303,5810245.006805061,0.33124375343322754
347192.43313307303,5810245.006805061,0.33144402503967285
347202.43313307303,5810245.006805061,0.31511449813842773
347212.43313307303,5810245.006805061,0.3152329921722412
347222.43313307303,5810245.006805061,0.3067915439605713
347232.43313307303,5810245.006805061,0.3067861795425415
347242.43313307303,5810245.006805061,0.32983219623565674
347252.43313307303,5810245.006805061,0.32969963550567627
347262.43313307303,5810245.006805061,0.3207058906555176
347272.43313307303,5810245.006805061,0.3204667568206787
347282.43313307303,5810245.006805061,0.31671857833862305
347292.43313307303,5810245.006805061,0.3163919448852539
347302.43313307303,5810245.006805061,
347182.43313307303,5810235.006805061,0.3266862630844116
347192.43313307303,5810235.006805061,0.32692718505859375
347202.43313307303,5810235.006805061,0.313093900680542
347212.43313307303,5810235.006805061,0.3132205009460449
347222.43313307303,5810235.006805061,0.32018542289733887
347232.43313307303,5810235.006805061,0.3201866149902344
347242.43313307303,5810235.006805061,0.3308708667755127
347252.43313307303,5810235.006805061,0.3307185173034668
347262.43313307303,5810235.006805061,0.3119955062866211
347272.43313307303,5810235.006805061,0.3117494583129883
347282.43313307303,5810235.006805061,
347292.43313307303,5810235.006805061,
347302.43313307303,5810235.006805061,
347182.43313307303,5810225.006805061,0.327106237411499
347192.43313307303,5810225.006805061,0.3273972272872925
347202.43313307303,5810225.006805061,0.3135530948638916
347212.43313307303,5810225.006805061,0.313714861869812
347222.43313307303,5810225.006805061,0.3208012580871582
347232.43313307303,5810225.006805061,0.3208131790161133
347242.43313307303,5810225.006805061,0.33145618438720703
347252.43313307303,5810225.006805061,0.33127784729003906
347262.43313307303,5810225.006805061,0.3124570846557617
347272.43313307303,5810225.006805061,0.3121683597564697
347282.43313307303,5810225.006805061,
347292.43313307303,5810225.006805061,
347302.43313307303,5810225.006805061,
347182.43313307303,5810215.006805061,0.3121337890625
347192.43313307303,5810215.006805061,0.31244683265686035
347202.43313307303,5810215.006805061,0.3165559768676758
347212.43313307303,5810215.006805061,0.3167647123336792
347222.43313307303,5810215.006805061,0.3335057497024536
347232.43313307303,5810215.006805061,0.33353137969970703
347242.43313307303,5810215.006805061,0.3482513427734375
347252.43313307303,5810215.006805061,0.3480377197265625
347262.43313307303,5810215.006805061,
347272.43313307303,5810215.006805061,
347282.43313307303,5810215.006805061,
347292.43313307303,5810215.006805061,
347302.43313307303,5810215.006805061,
347182.43313307303,5810205.006805061,0.3125131130218506
347192.43313307303,5810205.006805061,0.3128926753997803
347202.43313307303,5810205.006805061,0.31707072257995605
347212.43313307303,5810205.006805061,0.31734323501586914
347222.43313307303,5810205.006805061,0.3342103958129883
347232.43313307303,5810205.006805061,0.3342571258544922
347242.43313307303,5810205.006805061,0.34896016120910645
347252.43313307303,5810205.006805061,0.3486964702606201
347262.43313307303,5810205.006805061,
347272.43313307303,5810205.006805061,
347282.43313307303,5810205.006805061,
347292.43313307303,5810205.006805061,
347302.43313307303,5810205.006805061,
347182.43313307303,5810195.006805061,0.3309992551803589
347192.43313307303,5810195.006805061,0.33151566982269287
347202.43313307303,5810195.006805061,0.33283448219299316
347212.43313307303,5810195.006805061,0.3332403898239136
347222.43313307303,5810195.006805061,0.34135210514068604
347232.43313307303,5810195.006805061,0.34143126010894775
347242.43313307303,5810195.006805061,0.34325742721557617
347252.43313307303,5810195.006805061,0.3429192304611206
347262.43313307303,5810195.006805061,
347272.43313307303,5810195.006805061,
347282.43313307303,5810195.006805061,
347292.43313307303,5810195.006805061,
347302.43313307303,5810195.006805061,
347182.43313307303,5810185.006805061,0.3313666582107544
347192.43313307303,5810185.006805061,0.3319830894470215
347202.43313307303,5810185.006805061,0.33342456817626953
347212.43313307303,5810185.006805061,0.33396780490875244
347222.43313307303,5810185.006805061,0.34220147132873535
347232.43313307303,5810185.006805061,0.3423349857330322
347242.43313307303,5810185.006805061,0.34411513805389404
347252.43313307303,5810185.006805061,0.3436594009399414
347262.43313307303,5810185.006805061,
347272.43313307303,5810185.006805061,
347282.43313307303,5810185.006805061,
347292.43313307303,5810185.006805061,
347302.43313307303,5810185.006805061,
347182.43313307303,5810175.006805061,0.3542468547821045
347192.43313307303,5810175.006805061,0.35496437549591064
347202.43313307303,5810175.006805061,0.3550393581390381
347212.43313307303,5810175.006805061,0.35576486587524414
347222.43313307303,5810175.006805061,0.3452192544937134
347232.43313307303,5810175.006805061,0.34545624256134033
347242.43313307303,5810175.006805061,0.3300074338912964
347252.43313307303,5810175.006805061,0.3293569087982178
347262.43313307303,5810175.006805061,
347272.43313307303,5810175.006805061,
347282.43313307303,5810175.006805061,
347292.43313307303,5810175.006805061,
347302.43313307303,5810175.006805061,
347182.43313307303,5810165.006805061,0.35442566871643066
347192.43313307303,5810165.006805061,0.35522425174713135
347202.43313307303,5810165.006805061,0.35542356967926025
347212.43313307303,5810165.006805061,0.3563501834869385
347222.43313307303,5810165.006805061,0.3461195230484009
347232.43313307303,5810165.006805061,0.34660768508911133
347242.43313307303,5810165.006805061,0.3309471607208252
347252.43313307303,5810165.006805061,0.3299562931060791
347262.43313307303,5810165.006805061,
347272.43313307303,5810165.006805061,0.303875207901001
347282.43313307303,5810165.006805061,
347292.43313307303,5810165.006805061,
347302.43313307303,5810165.006805061,
347672.43313307303,5810165.006805061,
347682.43313307303,5810165.006805061,
347692.43313307303,5810165.006805061,
347702.43313307303,5810165.006805061,
347712.43313307303,5810165.006805061,
347722.43313307303,5810165.006805061,
347732.43313307303,5810165.006805061,
347742.43313307303,5810165.006805061,
347752.43313307303,5810165.006805061,
347762.43313307303,5810165.006805061,
347772.43313307303,5810165.006805061,
347782.43313307303,5810165.006805061,
347792.43313307303,5810165.006805061,
347802.43313307303,5810165.006805061,
347182.43313307303,5810155.006805061,0.36244845390319824
347192.43313307303,5810155.006805061,0.36328256130218506
347202.43313307303,5810155.006805061,0.36925673484802246
347212.43313307303,5810155.006805061,0.3702899217605591
347222.43313307303,5810155.006805061,0.34662365913391113
347232.43313307303,5810155.006805061,0.3479405641555786
347242.43313307303,5810155.006805061,0.3102297782897949
347252.43313307303,5810155.006805061,0.30914735794067383
347262.43313307303,5810155.006805061,0.3048403263092041
347272.43313307303,5810155.006805061,0.30393552780151367
347282.43313307303,5810155.006805061,
347292.43313307303,5810155.006805061,
347302.43313307303,5810155.006805061,
347672.43313307303,5810155.006805061,
347682.43313307303,5810155.006805061,
347692.43313307303,5810155.006805061,
347702.43313307303,5810155.006805061,
347712.43313307303,5810155.006805061,
347722.43313307303,5810155.006805061,
347732.43313307303,5810155.006805061,
347742.43313307303,5810155.006805061,
347752.43313307303,5810155.006805061,
347762.43313307303,5810155.006805061,
347772.43313307303,5810155.006805061,
347782.43313307303,5810155.006805061,
347792.43313307303,5810155.006805061,
347802.43313307303,5810155.006805061,
347182.43313307303,5810145.006805061,0.36231493949890137
347192.43313307303,5810145.006805061,0.3631258010864258
347202.43313307303,5810145.006805061,0.3690570592880249
347212.43313307303,5810145.006805061,0.3700007200241089
347222.43313307303,5810145.006805061,0.3460986614227295
347232.43313307303,5810145.006805061,0.34659719467163086
347242.43313307303,5810145.006805061,0.30975663661956787
347252.43313307303,5810145.006805061,0.3113236427307129
347262.43313307303,5810145.006805061,0.28952741622924805
347272.43313307303,5810145.006805061,0.28866124153137207
347282.43313307303,5810145.006805061,
347292.43313307303,5810145.006805061,
347302.43313307303,5810145.006805061,
347672.43313307303,5810145.006805061,
347682.43313307303,5810145.006805061,
347692.43313307303,5810145.006805061,
347702.43313307303,5810145.006805061,
347712.43313307303,5810145.006805061,
347722.43313307303,5810145.006805061,
347732.43313307303,5810145.006805061,
347742.43313307303,5810145.006805061,
347752.43313307303,5810145.006805061,
347762.43313307303,5810145.006805061,
347772.43313307303,5810145.006805061,
347782.43313307303,5810145.006805061,
347792.43313307303,5810145.006805061,
347802.43313307303,5810145.006805061,
347182.43313307303,5810135.006805061,0.3588552474975586
347192.43313307303,5810135.006805061,0.35959410667419434
347202.43313307303,5810135.006805061,0.36725783348083496
347212.43313307303,5810135.006805061,0.368009090423584
347222.43313307303,5810135.006805061,0.35097646713256836
347232.43313307303,5810135.006805061,0.3512227535247803
347242.43313307303,5810135.006805061,0.31131601333618164
347252.43313307303,5810135.006805061,0.3107163906097412
347262.43313307303,5810135.006805061,0.2890920639038086
347272.43313307303,5810135.006805061,0.2883296012878418
347282.43313307303,5810135.006805061,
347292.43313307303,5810135.006805061,
347302.43313307303,5810135.006805061,
347672.43313307303,5810135.006805061,
347682.43313307303,5810135.006805061,
347692.43313307303,5810135.006805061,
347702.43313307303,5810135.006805061,
347712.43313307303,5810135.006805061,
347722.43313307303,5810135.006805061,
347732.43313307303,5810135.006805061,
347742.43313307303,5810135.006805061,
347752.43313307303,5810135.006805061,
347762.43313307303,5810135.006805061,
347772.43313307303,5810135.006805061,
347782.43313307303,5810135.006805061,
347792.43313307303,5810135.006805061,
347802.43313307303,5810135.006805061,
347182.43313307303,5810125.006805061,0.3584411144256592
347192.43313307303,5810125.006805061,0.3590841293334961
347202.43313307303,5810125.006805061,0.36661338806152344
347212.43313307303,5810125.006805061,0.3671836853027344
347222.43313307303,5810125.006805061,0.34995007514953613
347232.43313307303,5810125.006805061,0.35009050369262695
347242.43313307303,5810125.006805061,0.30849337577819824
347252.43313307303,5810125.006805061,0.30806708335876465
347262.43313307303,5810125.006805061,0.2845754623413086
347272.43313307303,5810125.006805061,0.28393399715423584
347282.43313307303,5810125.006805061,
347292.43313307303,5810125.006805061,
347302.43313307303,5810125.006805061,
347662.43313307303,5810125.006805061,
347672.43313307303,5810125.006805061,
347682.43313307303,5810125.006805061,
347692.43313307303,5810125.006805061,
347702.43313307303,5810125.006805061,
347712.43313307303,5810125.006805061,
347722.43313307303,5810125.006805061,
347732.43313307303,5810125.006805061,
347742.43313307303,5810125.006805061,
347752.43313307303,5810125.006805061,
347762.43313307303,5810125.006805061,
347772.43313307303,5810125.006805061,
347782.43313307303,5810125.006805061,
347792.43313307303,5810125.006805061,
347182.43313307303,5810115.006805061,0.35044753551483154
347192.43313307303,5810115.006805061,0.35099172592163086
347202.43313307303,5810115.006805061,0.35623204708099365
347212.43313307303,5810115.006805061,0.3566629886627197
347222.43313307303,5810115.006805061,0.3377835750579834
347232.43313307303,5810115.006805061,0.33786749839782715
347242.43313307303,5810115.006805061,0.3076058626174927
347252.43313307303,5810115.006805061,0.3072854280471802
347262.43313307303,5810115.006805061,0.28391599655151367
347272.43313307303,5810115.006805061,0.2833840847015381
347282.43313307303,5810115.006805061,
347292.43313307303,5810115.006805061,
347302.43313307303,5810115.006805061,
347312.43313307303,5810115.006805061,
347322.43313307303,5810115.006805061,
347332.43313307303,5810115.006805061,
347342.43313307303,5810115.006805061,
347352.43313307303,5810115.006805061,
347362.43313307303,5810115.006805061,
347372.43313307303,5810115.006805061,
347382.43313307303,5810115.006805061,
347392.43313307303,5810115.006805061,
347402.43313307303,5810115.006805061,
347412.43313307303,5810115.006805061,
347422.43313307303,5810115.006805061,
347662.43313307303,5810115.006805061,
347672.43313307303,5810115.006805061,
347682.43313307303,5810115.006805061,
347692.43313307303,5810115.006805061,
347702.43313307303,5810115.006805061,
347712.43313307303,5810115.006805061,
347722.43313307303,5810115.006805061,
347732.43313307303,5810115.006805061,
347742.43313307303,5810115.006805061,
347752.43313307303,5810115.006805061,
347762.43313307303,5810115.006805061,
347772.43313307303,5810115.006805061,
347782.43313307303,5810115.006805061,
347792.43313307303,5810115.006805061,
347182.43313307303,5810105.006805061,0.3498880863189697
347192.43313307303,5810105.006805061,0.3503420352935791
347202.43313307303,5810105.006805061,0.3554806709289551
347212.43313307303,5810105.006805061,0.35580873489379883
347222.43313307303,5810105.006805061,0.35418856143951416
347232.43313307303,5810105.006805061,0.35423803329467773
347242.43313307303,5810105.006805061,0.31376028060913086
347252.43313307303,5810105.006805061,0.31350791454315186
347262.43313307303,5810105.006805061,0.28375399112701416
347272.43313307303,5810105.006805061,0.2833125591278076
347282.43313307303,5810105.006805061,
347292.43313307303,5810105.006805061,
347302.43313307303,5810105.006805061,
347312.43313307303,5810105.006805061,
347322.43313307303,5810105.006805061,
347332.43313307303,5810105.006805061,
347342.43313307303,5810105.006805061,
347352.43313307303,5810105.006805061,
347362.43313307303,5810105.006805061,
347372.43313307303,5810105.006805061,
347382.43313307303,5810105.006805061,
347392.43313307303,5810105.006805061,
347402.43313307303,5810105.006805061,
347412.43313307303,5810105.006805061,
347422.43313307303,5810105.006805061,
347432.43313307303,5810105.006805061,
347442.43313307303,5810105.006805061,
347452.43313307303,5810105.006805061,
347462.43313307303,5810105.006805061,
347472.43313307303,5810105.006805061,
347482.43313307303,5810105.006805061,
347492.43313307303,5810105.006805061,
347502.43313307303,5810105.006805061,
347512.43313307303,5810105.006805061,
347522.43313307303,5810105.006805061,
347532.43313307303,5810105.006805061,
347662.43313307303,5810105.006805061,
347672.43313307303,5810105.006805061,
347682.43313307303,5810105.006805061,
347692.43313307303,5810105.006805061,
347702.43313307303,5810105.006805061,
347712.43313307303,5810105.006805061,
347722.43313307303,5810105.006805061,
347732.43313307303,5810105.006805061,
347742.43313307303,5810105.006805061,
347752.43313307303,5810105.006805061,
347762.43313307303,5810105.006805061,
347772.43313307303,5810105.006805061,
347782.43313307303,5810105.006805061,
347792.43313307303,5810105.006805061,
347182.43313307303,5810095.006805061,0.3460988998413086
347192.43313307303,5810095.006805061,0.3464752435684204
347202.43313307303,5810095.006805061,0.35945677757263184
347212.43313307303,5810095.006805061,0.3597092628479004
347222.43313307303,5810095.006805061,0.35330748558044434
347232.43313307303,5810095.006805061,0.35333406925201416
347242.43313307303,5810095.006805061,0.31297290325164795
347252.43313307303,5810095.006805061,0.31276679039001465
347262.43313307303,5810095.006805061,0.2830779552459717
347272.43313307303,5810095.006805061,0.2827082872390747
347282.43313307303,5810095.006805061,0.2822927236557007
347292.43313307303,5810095.006805061,
347302.43313307303,5810095.006805061,
347312.43313307303,5810095.006805061,
347322.43313307303,5810095.006805061,
347332.43313307303,5810095.006805061,
347342.43313307303,5810095.006805061,
347352.43313307303,5810095.006805061,
347362.43313307303,5810095.006805061,
347372.43313307303,5810095.006805061,
347382.43313307303,5810095.006805061,
347392.43313307303,5810095.006805061,
347402.43313307303,5810095.006805061,
347412.43313307303,5810095.006805061,
347422.43313307303,5810095.006805061,
347432.43313307303,5810095.006805061,
347442.43313307303,5810095.006805061,
347452.43313307303,5810095.006805061,
347462.43313307303,5810095.006805061,
347472.43313307303,5810095.006805061,
347482.43313307303,5810095.006805061,
347492.43313307303,5810095.006805061,
347502.43313307303,5810095.006805061,
347512.43313307303,5810095.006805061,
347522.43313307303,5810095.006805061,
347532.43313307303,5810095.006805061,
347542.43313307303,5810095.006805061,
347552.43313307303,5810095.006805061,
347562.43313307303,5810095.006805061,
347572.43313307303,5810095.006805061,
347582.43313307303,5810095.006805061,
347592.43313307303,5810095.006805061,
347602.43313307303,5810095.006805061,
347612.43313307303,5810095.006805061,
347622.43313307303,5810095.006805061,
347632.43313307303,5810095.006805061,
347642.43313307303,5810095.006805061,
347662.43313307303,5810095.006805061,
347672.43313307303,5810095.006805061,
347682.43313307303,5810095.006805061,
347692.43313307303,5810095.006805061,
347702.43313307303,5810095.006805061,
347712.43313307303,5810095.006805061,
347722.43313307303,5810095.006805061,
347732.43313307303,5810095.006805061,
347742.43313307303,5810095.006805061,
347752.43313307303,5810095.006805061,
347762.43313307303,5810095.006805061,
347772.43313307303,5810095.006805061,
347782.43313307303,5810095.006805061,
347792.43313307303,5810095.006805061,
347182.43313307303,5810085.006805061,0.3454962968826294
347192.43313307303,5810085.006805061,0.3458075523376465
347202.43313307303,5810085.006805061,0.35872459411621094
347212.43313307303,5810085.006805061,0.3548300266265869
347222.43313307303,5810085.006805061,0.358606219291687
347232.43313307303,5810085.006805061,0.3586169481277466
347242.43313307303,5810085.006805061,0.3241703510284424
347252.43313307303,5810085.006805061,0.32397520542144775
347262.43313307303,5810085.006805061,
347272.43313307303,5810085.006805061,
347282.43313307303,5810085.006805061,
347292.43313307303,5810085.006805061,
347302.43313307303,5810085.006805061,
347312.43313307303,5810085.006805061,
347322.43313307303,5810085.006805061,
347332.43313307303,5810085.006805061,
347342.43313307303,5810085.006805061,
347352.43313307303,5810085.006805061,
347362.43313307303,5810085.006805061,
347372.43313307303,5810085.006805061,
347382.43313307303,5810085.006805061,
347392.43313307303,5810085.006805061,
347402.43313307303,5810085.006805061,
347412.43313307303,5810085.006805061,
347422.43313307303,5810085.006805061,
347432.43313307303,5810085.006805061,
347442.43313307303,5810085.006805061,
347452.43313307303,5810085.006805061,
347462.43313307303,5810085.006805061,
347472.43313307303,5810085.006805061,
347482.43313307303,5810085.006805061,
347492.43313307303,5810085.006805061,
347502.43313307303,5810085.006805061,
347512.43313307303,5810085.006805061,
347522.43313307303,5810085.006805061,
347532.43313307303,5810085.006805061,
347542.43313307303,5810085.006805061,
347552.43313307303,5810085.006805061,
347562.43313307303,5810085.006805061,
347572.43313307303,5810085.006805061,
347582.43313307303,5810085.006805061,
347592.43313307303,5810085.006805061,
347602.43313307303,5810085.006805061,
347612.43313307303,5810085.006805061,
347622.43313307303,5810085.006805061,
347632.43313307303,5810085.006805061,
347642.43313307303,5810085.006805061,
347652.43313307303,5810085.006805061,
347662.43313307303,5810085.006805061,
347672.43313307303,5810085.006805061,
347682.43313307303,5810085.006805061,
347692.43313307303,5810085.006805061,
347702.43313307303,5810085.006805061,
347712.43313307303,5810085.006805061,
347722.43313307303,5810085.006805061,
347732.43313307303,5810085.006805061,
347742.43313307303,5810085.006805061,
347752.43313307303,5810085.006805061,
347762.43313307303,5810085.006805061,
347772.43313307303,5810085.006805061,
347782.43313307303,5810085.006805061,
347182.43313307303,5810075.006805061,0.35064613819122314
347192.43313307303,5810075.006805061,0.35090339183807373
347202.43313307303,5810075.006805061,0.3539259433746338
347212.43313307303,5810075.006805061,0.3540785312652588
347222.43313307303,5810075.006805061,0.35782504081726074
347232.43313307303,5810075.006805061,0.35782408714294434
347242.43313307303,5810075.006805061,0.3233863115310669
347252.43313307303,5810075.006805061,0.3232184648513794
347262.43313307303,5810075.006805061,
347272.43313307303,5810075.006805061,
347282.43313307303,5810075.006805061,
347292.43313307303,5810075.006805061,
347302.43313307303,5810075.006805061,
347312.43313307303,5810075.006805061,
347322.43313307303,5810075.006805061,
347332.43313307303,5810075.006805061,
347342.43313307303,5810075.006805061,
347352.43313307303,5810075.006805061,
347362.43313307303,5810075.006805061,
347372.43313307303,5810075.006805061,
347382.43313307303,5810075.006805061,
347392.43313307303,5810075.006805061,
347402.43313307303,5810075.006805061,
347412.43313307303,5810075.006805061,
347422.43313307303,5810075.006805061,
347432.43313307303,5810075.006805061,
347442.43313307303,5810075.006805061,
347452.43313307303,5810075.006805061,
347462.43313307303,5810075.006805061,
347472.43313307303,5810075.006805061,
347482.43313307303,5810075.006805061,
347492.43313307303,5810075.006805061,
347502.43313307303,5810075.006805061,
347512.43313307303,5810075.006805061,
347522.43313307303,5810075.006805061,
347532.43313307303,5810075.006805061,
347542.43313307303,5810075.006805061,
347552.43313307303,5810075.006805061,
347562.43313307303,5810075.006805061,
347572.43313307303,5810075.006805061,
347582.43313307303,5810075.006805061,
347592.43313307303,5810075.006805061,
347602.43313307303,5810075.006805061,
347612.43313307303,5810075.006805061,
347622.43313307303,5810075.006805061,
347632.43313307303,5810075.006805061,
347642.43313307303,5810075.006805061,
347652.43313307303,5810075.006805061,
347662.43313307303,5810075.006805061,
347672.43313307303,5810075.006805061,
347682.43313307303,5810075.006805061,
347692.43313307303,5810075.006805061,
347702.43313307303,5810075.006805061,
347712.43313307303,5810075.006805061,
347722.43313307303,5810075.006805061,
347732.43313307303,5810075.006805061,
347742.43313307303,5810075.006805061,
347752.43313307303,5810075.006805061,
347762.43313307303,5810075.006805061,
347772.43313307303,5810075.006805061,
347782.43313307303,5810075.006805061,
347182.43313307303,5810065.006805061,0.35004985332489014
347192.43313307303,5810065.006805061,0.39536046981811523
347202.43313307303,5810065.006805061,0.3668937683105469
347212.43313307303,5810065.006805061,0.36701297760009766
347222.43313307303,5810065.006805061,0.36337971687316895
347232.43313307303,5810065.006805061,0.363370418548584
347242.43313307303,5810065.006805061,0.3482130765914917
347252.43313307303,5810065.006805061,0.34806621074676514
347262.43313307303,5810065.006805061,0.3478577136993408
347272.43313307303,5810065.006805061,
347282.43313307303,5810065.006805061,
347292.43313307303,5810065.006805061,
347302.43313307303,5810065.006805061,
347312.43313307303,5810065.006805061,
347322.43313307303,5810065.006805061,
347332.43313307303,5810065.006805061,
347342.43313307303,5810065.006805061,
347352.43313307303,5810065.006805061,
347362.43313307303,5810065.006805061,
347372.43313307303,5810065.006805061,
347382.43313307303,5810065.006805061,
347392.43313307303,5810065.006805061,
347402.43313307303,5810065.006805061,
347412.43313307303,5810065.006805061,
347422.43313307303,5810065.006805061,
347432.43313307303,5810065.006805061,
347442.43313307303,5810065.006805061,
347452.43313307303,5810065.006805061,
347462.43313307303,5810065.006805061,
347472.43313307303,5810065.006805061,
347482.43313307303,5810065.006805061,
347492.43313307303,5810065.006805061,
347502.43313307303,5810065.006805061,
347512.43313307303,5810065.006805061,
347522.43313307303,5810065.006805061,
347532.43313307303,5810065.006805061,
347542.43313307303,5810065.006805061,
347552.43313307303,5810065.006805061,
347562.43313307303,5810065.006805061,
347572.43313307303,5810065.006805061,
347582.43313307303,5810065.006805061,
347592.43313307303,5810065.006805061,
347602.43313307303,5810065.006805061,
347612.43313307303,5810065.006805061,
347622.43313307303,5810065.006805061,
347632.43313307303,5810065.006805061,
347642.43313307303,5810065.006805061,
347652.43313307303,5810065.006805061,
347662.43313307303,5810065.006805061,
347672.43313307303,5810065.006805061,
347682.43313307303,5810065.006805061,
347692.43313307303,5810065.006805061,
347702.43313307303,5810065.006805061,
347712.43313307303,5810065.006805061,
347722.43313307303,5810065.006805061,
347732.43313307303,5810065.006805061,
347742.43313307303,5810065.006805061,
347752.43313307303,5810065.006805061,
347762.43313307303,5810065.006805061,
347772.43313307303,5810065.006805061,
347782.43313307303,5810065.006805061,
347182.43313307303,5810055.006805061,0.39447617530822754
347192.43313307303,5810055.006805061,0.3946712017059326
347202.43313307303,5810055.006805061,0.3662393093109131
347212.43313307303,5810055.006805061,0.3663320541381836
347222.43313307303,5810055.006805061,0.36268162727355957
347232.43313307303,5810055.006805061,0.36266589164733887
347242.43313307303,5810055.006805061,0.34751391410827637
347252.43313307303,5810055.006805061,0.3473834991455078
347262.43313307303,5810055.006805061,0.34720098972320557
347272.43313307303,5810055.006805061,
347282.43313307303,5810055.006805061,
347292.43313307303,5810055.006805061,
347302.43313307303,5810055.006805061,
347312.43313307303,5810055.006805061,
347322.43313307303,5810055.006805061,
347332.43313307303,5810055.006805061,
347342.43313307303,5810055.006805061,
347352.43313307303,5810055.006805061,
347362.43313307303,5810055.006805061,
347372.43313307303,5810055.006805061,
347382.43313307303,5810055.006805061,
347392.43313307303,5810055.006805061,
347402.43313307303,5810055.006805061,
347412.43313307303,5810055.006805061,
347422.43313307303,5810055.006805061,
347432.43313307303,5810055.006805061,
347442.43313307303,5810055.006805061,
347452.43313307303,5810055.006805061,
347462.43313307303,5810055.006805061,
347472.43313307303,5810055.006805061,
347482.43313307303,5810055.006805061,
347492.43313307303,5810055.006805061,
347502.43313307303,5810055.006805061,
347512.43313307303,5810055.006805061,
347522.43313307303,5810055.006805061,
347532.43313307303,5810055.006805061,
347542.43313307303,5810055.006805061,
347552.43313307303,5810055.006805061,
347562.43313307303,5810055.006805061,
347572.43313307303,5810055.006805061,
347582.43313307303,5810055.006805061,
347592.43313307303,5810055.006805061,
347602.43313307303,5810055.006805061,
347612.43313307303,5810055.006805061,
347622.43313307303,5810055.006805061,
347632.43313307303,5810055.006805061,
347642.43313307303,5810055.006805061,
347652.43313307303,5810055.006805061,
347662.43313307303,5810055.006805061,
347672.43313307303,5810055.006805061,
347682.43313307303,5810055.006805061,
347692.43313307303,5810055.006805061,
347702.43313307303,5810055.006805061,
347712.43313307303,5810055.006805061,
347722.43313307303,5810055.006805061,
347732.43313307303,5810055.006805061,
347742.43313307303,5810055.006805061,
347752.43313307303,5810055.006805061,
347762.43313307303,5810055.006805061,
347772.43313307303,5810055.006805061,
347782.43313307303,5810055.006805061,
347182.43313307303,5810045.006805061,0.41553187370300293
347192.43313307303,5810045.006805061,0.4156930446624756
347202.43313307303,5810045.006805061,0.38189101219177246
347212.43313307303,5810045.006805061,0.3819706439971924
347222.43313307303,5810045.006805061,0.36688458919525146
347232.43313307303,5810045.006805061,0.3668639659881592
347242.43313307303,5810045.006805061,0.3667944669723511
347252.43313307303,5810045.006805061,
347262.43313307303,5810045.006805061,
347272.43313307303,5810045.006805061,
347282.43313307303,5810045.006805061,
347292.43313307303,5810045.006805061,
347302.43313307303,5810045.006805061,
347312.43313307303,5810045.006805061,
347322.43313307303,5810045.006805061,
347332.43313307303,5810045.006805061,
347342.43313307303,5810045.006805061,
347352.43313307303,5810045.006805061,
347362.43313307303,5810045.006805061,
347372.43313307303,5810045.006805061,
347382.43313307303,5810045.006805061,
347392.43313307303,5810045.006805061,
347402.43313307303,5810045.006805061,
347412.43313307303,5810045.006805061,
347422.43313307303,5810045.006805061,
347432.43313307303,5810045.006805061,
347442.43313307303,5810045.006805061,
347452.43313307303,5810045.006805061,
347462.43313307303,5810045.006805061,
347472.43313307303,5810045.006805061,
347482.43313307303,5810045.006805061,
347492.43313307303,5810045.006805061,
347502.43313307303,5810045.006805061,
347512.43313307303,5810045.006805061,
347522.43313307303,5810045.006805061,
347532.43313307303,5810045.006805061,
347542.43313307303,5810045.006805061,
347552.43313307303,5810045.006805061,
347562.43313307303,5810045.006805061,
347572.43313307303,5810045.006805061,
347582.43313307303,5810045.006805061,
347592.43313307303,5810045.006805061,
347602.43313307303,5810045.006805061,
347612.43313307303,5810045.006805061,
347622.43313307303,5810045.006805061,
347632.43313307303,5810045.006805061,
347642.43313307303,5810045.006805061,
347652.43313307303,5810045.006805061,
347662.43313307303,5810045.006805061,
347672.43313307303,5810045.006805061,
347682.43313307303,5810045.006805061,
347692.43313307303,5810045.006805061,
347702.43313307303,5810045.006805061,
347712.43313307303,5810045.006805061,
347722.43313307303,5810045.006805061,
347732.43313307303,5810045.006805061,
347742.43313307303,5810045.006805061,
347752.43313307303,5810045.006805061,
347762.43313307303,5810045.006805061,
347772.43313307303,5810045.006805061,
347182.43313307303,5810035.006805061,0.4149165153503418
347192.43313307303,5810035.006805061,0.41504931449890137
347202.43313307303,5810035.006805061,0.3812229633331299
347212.43313307303,5810035.006805061,0.3812837600708008
347222.43313307303,5810035.006805061,0.3662543296813965
347232.43313307303,5810035.006805061,0.3662300109863281
347242.43313307303,5810035.006805061,0.3661642074584961
347252.43313307303,5810035.006805061,
347262.43313307303,5810035.006805061,
347272.43313307303,5810035.006805061,
347282.43313307303,5810035.006805061,
347292.43313307303,5810035.006805061,
347302.43313307303,5810035.006805061,
347312.43313307303,5810035.006805061,
347322.43313307303,5810035.006805061,
347332.43313307303,5810035.006805061,
347342.43313307303,5810035.006805061,
347352.43313307303,5810035.006805061,
347362.43313307303,5810035.006805061,
347372.43313307303,5810035.006805061,
347382.43313307303,5810035.006805061,
347392.43313307303,5810035.006805061,
347402.43313307303,5810035.006805061,
347412.43313307303,5810035.006805061,
347422.43313307303,5810035.006805061,
347432.43313307303,5810035.006805061,
347442.43313307303,5810035.006805061,
347452.43313307303,5810035.006805061,
347462.43313307303,5810035.006805061,
347472.43313307303,5810035.006805061,
347482.43313307303,5810035.006805061,
347492.43313307303,5810035.006805061,
347502.43313307303,5810035.006805061,
347512.43313307303,5810035.006805061,
347522.43313307303,5810035.006805061,
347532.43313307303,5810035.006805061,
347542.43313307303,5810035.006805061,
347552.43313307303,5810035.006805061,
347562.43313307303,5810035.006805061,
347572.43313307303,5810035.006805061,
347582.43313307303,5810035.006805061,
347592.43313307303,5810035.006805061,
347602.43313307303,5810035.006805061,
347612.43313307303,5810035.006805061,
347622.43313307303,5810035.006805061,
347632.43313307303,5810035.006805061,
347642.43313307303,5810035.006805061,
347652.43313307303,5810035.006805061,
347662.43313307303,5810035.006805061,
347672.43313307303,5810035.006805061,
347682.43313307303,5810035.006805061,
347692.43313307303,5810035.006805061,
347702.43313307303,5810035.006805061,
347712.43313307303,5810035.006805061,
347722.43313307303,5810035.006805061,
347732.43313307303,5810035.006805061,
347742.43313307303,5810035.006805061,
347752.43313307303,5810035.006805061,
347762.43313307303,5810035.006805061,
347772.43313307303,5810035.006805061,
347182.43313307303,5810025.006805061,0.41368889808654785
347192.43313307303,5810025.006805061,0.41379785537719727
347202.43313307303,5810025.006805061,0.3806784152984619
347212.43313307303,5810025.006805061,0.3807237148284912
347222.43313307303,5810025.006805061,0.3674604892730713
347232.43313307303,5810025.006805061,0.3674333095550537
347242.43313307303,5810025.006805061,0.3673708438873291
347252.43313307303,5810025.006805061,
347262.43313307303,5810025.006805061,
347272.43313307303,5810025.006805061,
347282.43313307303,5810025.006805061,
347292.43313307303,5810025.006805061,
347302.43313307303,5810025.006805061,
347312.43313307303,5810025.006805061,
347322.43313307303,5810025.006805061,
347332.43313307303,5810025.006805061,
347342.43313307303,5810025.006805061,
347352.43313307303,5810025.006805061,
347362.43313307303,5810025.006805061,
347372.43313307303,5810025.006805061,
347382.43313307303,5810025.006805061,
347392.43313307303,5810025.006805061,
347402.43313307303,5810025.006805061,
347412.43313307303,5810025.006805061,
347422.43313307303,5810025.006805061,
347432.43313307303,5810025.006805061,
347442.43313307303,5810025.006805061,
347452.43313307303,5810025.006805061,
347462.43313307303,5810025.006805061,
347472.43313307303,5810025.006805061,
347482.43313307303,5810025.006805061,
347492.43313307303,5810025.006805061,
347502.43313307303,5810025.006805061,
347512.43313307303,5810025.006805061,
347522.43313307303,5810025.006805061,
347532.43313307303,5810025.006805061,
347542.43313307303,5810025.006805061,
347552.43313307303,5810025.006805061,
347562.43313307303,5810025.006805061,
347572.43313307303,5810025.006805061,
347582.43313307303,5810025.006805061,
347592.43313307303,5810025.006805061,
347602.43313307303,5810025.006805061,
347612.43313307303,5810025.006805061,
347622.43313307303,5810025.006805061,
347632.43313307303,5810025.006805061,
347642.43313307303,5810025.006805061,
347652.43313307303,5810025.006805061,
347662.43313307303,5810025.006805061,
347672.43313307303,5810025.006805061,
347682.43313307303,5810025.006805061,
347692.43313307303,5810025.006805061,
347702.43313307303,5810025.006805061,
347712.43313307303,5810025.006805061,
347722.43313307303,5810025.006805061,
347732.43313307303,5810025.006805061,
347742.43313307303,5810025.006805061,
347752.43313307303,5810025.006805061,
347762.43313307303,5810025.006805061,
347772.43313307303,5810025.006805061,
347182.43313307303,5810015.006805061,0.41310906410217285
347192.43313307303,5810015.006805061,0.4131978750228882
347202.43313307303,5810015.006805061,0.38006138801574707
347212.43313307303,5810015.006805061,0.380094051361084
347222.43313307303,5810015.006805061,0.38009464740753174
347232.43313307303,5810015.006805061,0.36685633659362793
347242.43313307303,5810015.006805061,0.36679649353027344
347252.43313307303,5810015.006805061,
347262.43313307303,5810015.006805061,
347272.43313307303,5810015.006805061,
347282.43313307303,5810015.006805061,
347292.43313307303,5810015.006805061,
347302.43313307303,5810015.006805061,
347312.43313307303,5810015.006805061,
347322.43313307303,5810015.006805061,
347332.43313307303,5810015.006805061,
347342.43313307303,5810015.006805061,
347352.43313307303,5810015.006805061,
347362.43313307303,5810015.006805061,
347372.43313307303,5810015.006805061,
347382.43313307303,5810015.006805061,
347392.43313307303,5810015.006805061,
347402.43313307303,5810015.006805061,
347412.43313307303,5810015.006805061,
347422.43313307303,5810015.006805061,
347432.43313307303,5810015.006805061,
347442.43313307303,5810015.006805061,
347452.43313307303,5810015.006805061,
347462.43313307303,5810015.006805061,
347472.43313307303,5810015.006805061,
347482.43313307303,5810015.006805061,
347492.43313307303,5810015.006805061,
347502.43313307303,5810015.006805061,
347512.43313307303,5810015.006805061,
347522.43313307303,5810015.006805061,
347532.43313307303,5810015.006805061,
347542.43313307303,5810015.006805061,
347552.43313307303,5810015.006805061,
347562.43313307303,5810015.006805061,
347572.43313307303,5810015.006805061,
347582.43313307303,5810015.006805061,
347592.43313307303,5810015.006805061,
347602.43313307303,5810015.006805061,
347612.43313307303,5810015.006805061,
347622.43313307303,5810015.006805061,
347632.43313307303,5810015.006805061,
347642.43313307303,5810015.006805061,
347652.43313307303,5810015.006805061,
347662.43313307303,5810015.006805061,
347672.43313307303,5810015.006805061,
347682.43313307303,5810015.006805061,
347692.43313307303,5810015.006805061,
347702.43313307303,5810015.006805061,
347712.43313307303,5810015.006805061,
347722.43313307303,5810015.006805061,
347732.43313307303,5810015.006805061,
347742.43313307303,5810015.006805061,
347752.43313307303,5810015.006805061,
347762.43313307303,5810015.006805061,
347772.43313307303,5810015.006805061,
347182.43313307303,5810005.006805061,0.41600799560546875
347192.43313307303,5810005.006805061,0.4160795211791992
347202.43313307303,5810005.006805061,0.3986397981643677
347212.43313307303,5810005.006805061,0.39866185188293457
347222.43313307303,5810005.006805061,0.39865612983703613
347232.43313307303,5810005.006805061,
347242.43313307303,5810005.006805061,
347252.43313307303,5810005.006805061,
347262.43313307303,5810005.006805061,
347272.43313307303,5810005.006805061,
347282.43313307303,5810005.006805061,
347292.43313307303,5810005.006805061,
347302.43313307303,5810005.006805061,
347312.43313307303,5810005.006805061,
347322.43313307303,5810005.006805061,
347332.43313307303,5810005.006805061,
347342.43313307303,5810005.006805061,
347352.43313307303,5810005.006805061,
347362.43313307303,5810005.006805061,
347372.43313307303,5810005.006805061,
347382.43313307303,5810005.006805061,
347392.43313307303,5810005.006805061,
347402.43313307303,5810005.006805061,
347412.43313307303,5810005.006805061,
347422.43313307303,5810005.006805061,
347432.43313307303,5810005.006805061,
347442.43313307303,5810005.006805061,
347452.43313307303,5810005.006805061,
347462.43313307303,5810005.006805061,
347472.43313307303,5810005.006805061,
347482.43313307303,5810005.006805061,
347492.43313307303,5810005.006805061,
347502.43313307303,5810005.006805061,
347512.43313307303,5810005.006805061,
347522.43313307303,5810005.006805061,
347532.43313307303,5810005.006805061,
347542.43313307303,5810005.006805061,
347552.43313307303,5810005.006805061,
347562.43313307303,5810005.006805061,
347572.43313307303,5810005.006805061,
347582.43313307303,5810005.006805061,
347592.43313307303,5810005.006805061,
347602.43313307303,5810005.006805061,
347612.43313307303,5810005.006805061,
347622.43313307303,5810005.006805061,
347632.43313307303,5810005.006805061,
347642.43313307303,5810005.006805061,
347652.43313307303,5810005.006805061,
347662.43313307303,5810005.006805061,
347672.43313307303,5810005.006805061,
347682.43313307303,5810005.006805061,
347692.43313307303,5810005.006805061,
347702.43313307303,5810005.006805061,
347712.43313307303,5810005.006805061,
347722.43313307303,5810005.006805061,
347732.43313307303,5810005.006805061,
347742.43313307303,5810005.006805061,
347752.43313307303,5810005.006805061,
347762.43313307303,5810005.006805061,
347182.43313307303,5809995.006805061,0.41546177864074707
347192.43313307303,5809995.006805061,0.41551852226257324
347202.43313307303,5809995.006805061,0.3980666399002075
347212.43313307303,5809995.006805061,0.3980797529220581
347222.43313307303,5809995.006805061,0.3980686664581299
347232.43313307303,5809995.006805061,
347242.43313307303,5809995.006805061,
347252.43313307303,5809995.006805061,
347262.43313307303,5809995.006805061,
347272.43313307303,5809995.006805061,
347282.43313307303,5809995.006805061,
347292.43313307303,5809995.006805061,
347302.43313307303,5809995.006805061,
347312.43313307303,5809995.006805061,
347322.43313307303,5809995.006805061,
347332.43313307303,5809995.006805061,
347342.43313307303,5809995.006805061,
347352.43313307303,5809995.006805061,
347362.43313307303,5809995.006805061,
347372.43313307303,5809995.006805061,
347382.43313307303,5809995.006805061,
347392.43313307303,5809995.006805061,
347402.43313307303,5809995.006805061,
347412.43313307303,5809995.006805061,
347422.43313307303,5809995.006805061,
347432.43313307303,5809995.006805061,
347442.43313307303,5809995.006805061,
347452.43313307303,5809995.006805061,
347462.43313307303,5809995.006805061,
347472.43313307303,5809995.006805061,
347482.43313307303,5809995.006805061,
347492.43313307303,5809995.006805061,
347502.43313307303,5809995.006805061,
347512.43313307303,5809995.006805061,
347522.43313307303,5809995.006805061,
347532.43313307303,5809995.006805061,
347542.43313307303,5809995.006805061,
347552.43313307303,5809995.006805061,
347562.43313307303,5809995.006805061,
347572.43313307303,5809995.006805061,
347582.43313307303,5809995.006805061,
347592.43313307303,5809995.006805061,
347602.43313307303,5809995.006805061,
347612.43313307303,5809995.006805061,
347622.43313307303,5809995.006805061,
347632.43313307303,5809995.006805061,
347642.43313307303,5809995.006805061,
347652.43313307303,5809995.006805061,
347662.43313307303,5809995.006805061,
347672.43313307303,5809995.006805061,
347682.43313307303,5809995.006805061,
347692.43313307303,5809995.006805061,
347702.43313307303,5809995.006805061,
347712.43313307303,5809995.006805061,
347722.43313307303,5809995.006805061,
347732.43313307303,5809995.006805061,
347742.43313307303,5809995.006805061,
347752.43313307303,5809995.006805061,
347762.43313307303,5809995.006805061,
347182.43313307303,5809985.006805061,0.4293229579925537
347192.43313307303,5809985.006805061,0.4293665885925293
347202.43313307303,5809985.006805061,0.4293919801712036
347212.43313307303,5809985.006805061,0.411973237991333
347222.43313307303,5809985.006805061,0.41195785999298096
347232.43313307303,5809985.006805061,
347242.43313307303,5809985.006805061,
347252.43313307303,5809985.006805061,
347262.43313307303,5809985.006805061,
347272.43313307303,5809985.006805061,
347282.43313307303,5809985.006805061,
347292.43313307303,5809985.006805061,
347302.43313307303,5809985.006805061,
347312.43313307303,5809985.006805061,
347322.43313307303,5809985.006805061,
347332.43313307303,5809985.006805061,
347342.43313307303,5809985.006805061,
347352.43313307303,5809985.006805061,
347362.43313307303,5809985.006805061,
347372.43313307303,5809985.006805061,
347382.43313307303,5809985.006805061,
347392.43313307303,5809985.006805061,
347402.43313307303,5809985.006805061,
347412.43313307303,5809985.006805061,
347422.43313307303,5809985.006805061,
347432.43313307303,5809985.006805061,
347442.43313307303,5809985.006805061,
347452.43313307303,5809985.006805061,
347462.43313307303,5809985.006805061,
347472.43313307303,5809985.006805061,
347482.43313307303,5809985.006805061,
347492.43313307303,5809985.006805061,
347502.43313307303,5809985.006805061,
347512.43313307303,5809985.006805061,
347522.43313307303,5809985.006805061,
347532.43313307303,5809985.006805061,
347542.43313307303,5809985.006805061,
347552.43313307303,5809985.006805061,
347562.43313307303,5809985.006805061,
347572.43313307303,5809985.006805061,
347582.43313307303,5809985.006805061,
347592.43313307303,5809985.006805061,
347602.43313307303,5809985.006805061,
347612.43313307303,5809985.006805061,
347622.43313307303,5809985.006805061,
347632.43313307303,5809985.006805061,
347642.43313307303,5809985.006805061,
347652.43313307303,5809985.006805061,
347662.43313307303,5809985.006805061,
347672.43313307303,5809985.006805061,
347682.43313307303,5809985.006805061,
347692.43313307303,5809985.006805061,
347702.43313307303,5809985.006805061,
347712.43313307303,5809985.006805061,
347722.43313307303,5809985.006805061,
347732.43313307303,5809985.006805061,
347742.43313307303,5809985.006805061,
347752.43313307303,5809985.006805061,
347762.43313307303,5809985.006805061,
347182.43313307303,5809975.006805061,0.42880725860595703
347192.43313307303,5809975.006805061,0.42883968353271484
347202.43313307303,5809975.006805061,0.42885613441467285
347212.43313307303,5809975.006805061,0.4114307165145874
347222.43313307303,5809975.006805061,0.4114115238189697
347232.43313307303,5809975.006805061,
347242.43313307303,5809975.006805061,
347252.43313307303,5809975.006805061,
347262.43313307303,5809975.006805061,
347272.43313307303,5809975.006805061,
347282.43313307303,5809975.006805061,
347292.43313307303,5809975.006805061,
347302.43313307303,5809975.006805061,
347312.43313307303,5809975.006805061,
347322.43313307303,5809975.006805061,
347332.43313307303,5809975.006805061,
347342.43313307303,5809975.006805061,
347352.43313307303,5809975.006805061,
347362.43313307303,5809975.006805061,
347372.43313307303,5809975.006805061,
347382.43313307303,5809975.006805061,
347392.43313307303,5809975.006805061,
347402.43313307303,5809975.006805061,
347412.43313307303,5809975.006805061,
347422.43313307303,5809975.006805061,
347432.43313307303,5809975.006805061,
347442.43313307303,5809975.006805061,
347452.43313307303,5809975.006805061,
347462.43313307303,5809975.006805061,
347472.43313307303,5809975.006805061,
347482.43313307303,5809975.006805061,
347492.43313307303,5809975.006805061,
347502.43313307303,5809975.006805061,
347512.43313307303,5809975.006805061,
347522.43313307303,5809975.006805061,
347532.43313307303,5809975.006805061,
347542.43313307303,5809975.006805061,
347552.43313307303,5809975.006805061,
347562.43313307303,5809975.006805061,
347572.43313307303,5809975.006805061,
347582.43313307303,5809975.006805061,
347592.43313307303,5809975.006805061,
347602.43313307303,5809975.006805061,
347612.43313307303,5809975.006805061,
347622.43313307303,5809975.006805061,
347632.43313307303,5809975.006805061,
347642.43313307303,5809975.006805061,
347652.43313307303,5809975.006805061,
347662.43313307303,5809975.006805061,
347672.43313307303,5809975.006805061,
347682.43313307303,5809975.006805061,
347692.43313307303,5809975.006805061,
347702.43313307303,5809975.006805061,
347712.43313307303,5809975.006805061,
347722.43313307303,5809975.006805061,
347732.43313307303,5809975.006805061,
347742.43313307303,5809975.006805061,
347752.43313307303,5809975.006805061,
347762.43313307303,5809975.006805061,
347192.43313307303,5809965.006805061,0.4293733835220337
347202.43313307303,5809965.006805061,0.4293818473815918
347212.43313307303,5809965.006805061,0.4212982654571533
347222.43313307303,5809965.006805061,0.4212758541107178
347232.43313307303,5809965.006805061,
347242.43313307303,5809965.006805061,
347252.43313307303,5809965.006805061,
347262.43313307303,5809965.006805061,
347272.43313307303,5809965.006805061,
347282.43313307303,5809965.006805061,
347292.43313307303,5809965.006805061,
347302.43313307303,5809965.006805061,
347312.43313307303,5809965.006805061,
347322.43313307303,5809965.006805061,
347332.43313307303,5809965.006805061,
347342.43313307303,5809965.006805061,
347352.43313307303,5809965.006805061,
347362.43313307303,5809965.006805061,
347372.43313307303,5809965.006805061,
347382.43313307303,5809965.006805061,
347392.43313307303,5809965.006805061,
347402.43313307303,5809965.006805061,
347412.43313307303,5809965.006805061,
347422.43313307303,5809965.006805061,
347432.43313307303,5809965.006805061,
347442.43313307303,5809965.006805061,
347452.43313307303,5809965.006805061,
347462.43313307303,5809965.006805061,
347472.43313307303,5809965.006805061,
347482.43313307303,5809965.006805061,
347492.43313307303,5809965.006805061,
347502.43313307303,5809965.006805061,
347512.43313307303,5809965.006805061,
347522.43313307303,5809965.006805061,
347532.43313307303,5809965.006805061,
347542.43313307303,5809965.006805061,
347552.43313307303,5809965.006805061,
347562.43313307303,5809965.006805061,
347572.43313307303,5809965.006805061,
347582.43313307303,5809965.006805061,
347592.43313307303,5809965.006805061,
347602.43313307303,5809965.006805061,
347612.43313307303,5809965.006805061,
347622.43313307303,5809965.006805061,
347632.43313307303,5809965.006805061,
347642.43313307303,5809965.006805061,
347652.43313307303,5809965.006805061,
347662.43313307303,5809965.006805061,
347672.43313307303,5809965.006805061,
347682.43313307303,5809965.006805061,
347692.43313307303,5809965.006805061,
347702.43313307303,5809965.006805061,
347712.43313307303,5809965.006805061,
347722.43313307303,5809965.006805061,
347732.43313307303,5809965.006805061,
347742.43313307303,5809965.006805061,
347752.43313307303,5809965.006805061,
347762.43313307303,5809965.006805061,
347192.43313307303,5809955.006805061,0.4288754463195801
347202.43313307303,5809955.006805061,0.4288768768310547
347212.43313307303,5809955.006805061,0.4207885265350342
347222.43313307303,5809955.006805061,0.4207632541656494
347232.43313307303,5809955.006805061,
347242.43313307303,5809955.006805061,
347252.43313307303,5809955.006805061,
347262.43313307303,5809955.006805061,
347272.43313307303,5809955.006805061,
347282.43313307303,5809955.006805061,
347292.43313307303,5809955.006805061,
347302.43313307303,5809955.006805061,
347312.43313307303,5809955.006805061,
347322.43313307303,5809955.006805061,
347332.43313307303,5809955.006805061,
347342.43313307303,5809955.006805061,
347352.43313307303,5809955.006805061,
347362.43313307303,5809955.006805061,
347372.43313307303,5809955.006805061,
347382.43313307303,5809955.006805061,
347392.43313307303,5809955.006805061,
347402.43313307303,5809955.006805061,
347412.43313307303,5809955.006805061,
347422.43313307303,5809955.006805061,
347432.43313307303,5809955.006805061,
347442.43313307303,5809955.006805061,
347452.43313307303,5809955.006805061,
347462.43313307303,5809955.006805061,
347472.43313307303,5809955.006805061,
347482.43313307303,5809955.006805061,
347492.43313307303,5809955.006805061,
347502.43313307303,5809955.006805061,
347512.43313307303,5809955.006805061,
347522.43313307303,5809955.006805061,
347532.43313307303,5809955.006805061,
347542.43313307303,5809955.006805061,
347552.43313307303,5809955.006805061,
347562.43313307303,5809955.006805061,
347572.43313307303,5809955.006805061,
347582.43313307303,5809955.006805061,
347592.43313307303,5809955.006805061,
347602.43313307303,5809955.006805061,
347612.43313307303,5809955.006805061,
347622.43313307303,5809955.006805061,
347632.43313307303,5809955.006805061,
347642.43313307303,5809955.006805061,
347652.43313307303,5809955.006805061,
347662.43313307303,5809955.006805061,
347672.43313307303,5809955.006805061,
347682.43313307303,5809955.006805061,
347692.43313307303,5809955.006805061,
347702.43313307303,5809955.006805061,
347712.43313307303,5809955.006805061,
347722.43313307303,5809955.006805061,
347732.43313307303,5809955.006805061,
347742.43313307303,5809955.006805061,
347752.43313307303,5809955.006805061,
347202.43313307303,5809945.006805061,0.4242706298828125
347212.43313307303,5809945.006805061,0.4149203300476074
347222.43313307303,5809945.006805061,0.4148925542831421
347232.43313307303,5809945.006805061,
347242.43313307303,5809945.006805061,
347252.43313307303,5809945.006805061,
347262.43313307303,5809945.006805061,
347272.43313307303,5809945.006805061,
347282.43313307303,5809945.006805061,
347292.43313307303,5809945.006805061,
347302.43313307303,5809945.006805061,
347312.43313307303,5809945.006805061,
347322.43313307303,5809945.006805061,
347332.43313307303,5809945.006805061,
347342.43313307303,5809945.006805061,
347352.43313307303,5809945.006805061,
347362.43313307303,5809945.006805061,
347372.43313307303,5809945.006805061,
347382.43313307303,5809945.006805061,
347392.43313307303,5809945.006805061,
347402.43313307303,5809945.006805061,
347412.43313307303,5809945.006805061,
347422.43313307303,5809945.006805061,
347432.43313307303,5809945.006805061,
347442.43313307303,5809945.006805061,
347452.43313307303,5809945.006805061,
347462.43313307303,5809945.006805061,
347472.43313307303,5809945.006805061,
347482.43313307303,5809945.006805061,
347492.43313307303,5809945.006805061,
347502.43313307303,5809945.006805061,
347512.43313307303,5809945.006805061,
347522.43313307303,5809945.006805061,
347532.43313307303,5809945.006805061,
347542.43313307303,5809945.006805061,
347552.43313307303,5809945.006805061,
347562.43313307303,5809945.006805061,
347572.43313307303,5809945.006805061,
347582.43313307303,5809945.006805061,
347592.43313307303,5809945.006805061,
347602.43313307303,5809945.006805061,
347612.43313307303,5809945.006805061,
347622.43313307303,5809945.006805061,
347632.43313307303,5809945.006805061,
347642.43313307303,5809945.006805061,
347652.43313307303,5809945.006805061,
347662.43313307303,5809945.006805061,
347672.43313307303,5809945.006805061,
347682.43313307303,5809945.006805061,
347692.43313307303,5809945.006805061,
347702.43313307303,5809945.006805061,
347712.43313307303,5809945.006805061,
347722.43313307303,5809945.006805061,
347732.43313307303,5809945.006805061,
347742.43313307303,5809945.006805061,
347752.43313307303,5809945.006805061,
347202.43313307303,5809935.006805061,0.423791766166687
347212.43313307303,5809935.006805061,0.4144374132156372
347222.43313307303,5809935.006805061,0.41440749168395996
347232.43313307303,5809935.006805061,
347242.43313307303,5809935.006805061,
347252.43313307303,5809935.006805061,
347262.43313307303,5809935.006805061,
347272.43313307303,5809935.006805061,
347282.43313307303,5809935.006805061,
347292.43313307303,5809935.006805061,
347302.43313307303,5809935.006805061,
347312.43313307303,5809935.006805061,
347322.43313307303,5809935.006805061,
347332.43313307303,5809935.006805061,
347342.43313307303,5809935.006805061,
347352.43313307303,5809935.006805061,
347362.43313307303,5809935.006805061,
347372.43313307303,5809935.006805061,
347382.43313307303,5809935.006805061,
347392.43313307303,5809935.006805061,
347402.43313307303,5809935.006805061,
347412.43313307303,5809935.006805061,
347422.43313307303,5809935.006805061,
347432.43313307303,5809935.006805061,
347442.43313307303,5809935.006805061,
347452.43313307303,5809935.006805061,
347462.43313307303,5809935.006805061,
347472.43313307303,5809935.006805061,
347482.43313307303,5809935.006805061,
347492.43313307303,5809935.006805061,
347502.43313307303,5809935.006805061,
347512.43313307303,5809935.006805061,
347522.43313307303,5809935.006805061,
347532.43313307303,5809935.006805061,
347542.43313307303,5809935.006805061,
347552.43313307303,5809935.006805061,
347562.43313307303,5809935.006805061,
347572.43313307303,5809935.006805061,
347582.43313307303,5809935.006805061,
347592.43313307303,5809935.006805061,
347602.43313307303,5809935.006805061,
347612.43313307303,5809935.006805061,
347622.43313307303,5809935.006805061,
347632.43313307303,5809935.006805061,
347642.43313307303,5809935.006805061,
347652.43313307303,5809935.006805061,
347662.43313307303,5809935.006805061,
347672.43313307303,5809935.006805061,
347682.43313307303,5809935.006805061,
347692.43313307303,5809935.006805061,
347702.43313307303,5809935.006805061,
347712.43313307303,5809935.006805061,
347722.43313307303,5809935.006805061,
347732.43313307303,5809935.006805061,
347742.43313307303,5809935.006805061,
347752.43313307303,5809935.006805061,
347212.43313307303,5809925.006805061,
347222.43313307303,5809925.006805061,
347232.43313307303,5809925.006805061,
347242.43313307303,5809925.006805061,
347252.43313307303,5809925.006805061,
347262.43313307303,5809925.006805061,
347272.43313307303,5809925.006805061,
347282.43313307303,5809925.006805061,
347292.43313307303,5809925.006805061,
347302.43313307303,5809925.006805061,
347312.43313307303,5809925.006805061,
347322.43313307303,5809925.006805061,
347332.43313307303,5809925.006805061,
347342.43313307303,5809925.006805061,
347352.43313307303,5809925.006805061,
347362.43313307303,5809925.006805061,
347372.43313307303,5809925.006805061,
347382.43313307303,5809925.006805061,
347392.43313307303,5809925.006805061,
347402.43313307303,5809925.006805061,
347412.43313307303,5809925.006805061,
347422.43313307303,5809925.006805061,
347432.43313307303,5809925.006805061,
347442.43313307303,5809925.006805061,
347452.43313307303,5809925.006805061,
347462.43313307303,5809925.006805061,
347472.43313307303,5809925.006805061,
347482.43313307303,5809925.006805061,
347492.43313307303,5809925.006805061,
347502.43313307303,5809925.006805061,
347512.43313307303,5809925.006805061,
347522.43313307303,5809925.006805061,
347532.43313307303,5809925.006805061,
347542.43313307303,5809925.006805061,
347552.43313307303,5809925.006805061,
347562.43313307303,5809925.006805061,
347572.43313307303,5809925.006805061,
347582.43313307303,5809925.006805061,
347592.43313307303,5809925.006805061,
347602.43313307303,5809925.006805061,
347612.43313307303,5809925.006805061,
347622.43313307303,5809925.006805061,
347632.43313307303,5809925.006805061,
347642.43313307303,5809925.006805061,
347652.43313307303,5809925.006805061,
347662.43313307303,5809925.006805061,
347672.43313307303,5809925.006805061,
347682.43313307303,5809925.006805061,
347692.43313307303,5809925.006805061,
347702.43313307303,5809925.006805061,
347712.43313307303,5809925.006805061,
347722.43313307303,5809925.006805061,
347732.43313307303,5809925.006805061,
347742.43313307303,5809925.006805061,
347752.43313307303,5809925.006805061,
347212.43313307303,5809915.006805061,
347222.43313307303,5809915.006805061,
347232.43313307303,5809915.006805061,
347242.43313307303,5809915.006805061,
347252.43313307303,5809915.006805061,
347262.43313307303,5809915.006805061,
347272.43313307303,5809915.006805061,
347282.43313307303,5809915.006805061,
347292.43313307303,5809915.006805061,
347302.43313307303,5809915.006805061,
347312.43313307303,5809915.006805061,
347322.43313307303,5809915.006805061,
347332.43313307303,5809915.006805061,
347342.43313307303,5809915.006805061,
347352.43313307303,5809915.006805061,
347362.43313307303,5809915.006805061,
347372.43313307303,5809915.006805061,
347382.43313307303,5809915.006805061,
347392.43313307303,5809915.006805061,
347402.43313307303,5809915.006805061,
347412.43313307303,5809915.006805061,
347422.43313307303,5809915.006805061,
347432.43313307303,5809915.006805061,
347442.43313307303,5809915.006805061,
347452.43313307303,5809915.006805061,
347462.43313307303,5809915.006805061,
347472.43313307303,5809915.006805061,
347482.43313307303,5809915.006805061,
347492.43313307303,5809915.006805061,
347502.43313307303,5809915.006805061,
347512.43313307303,5809915.006805061,
347522.43313307303,5809915.006805061,
347532.43313307303,5809915.006805061,
347542.43313307303,5809915.006805061,
347552.43313307303,5809915.006805061,
347562.43313307303,5809915.006805061,
347572.43313307303,5809915.006805061,
347582.43313307303,5809915.006805061,
347592.43313307303,5809915.006805061,
347602.43313307303,5809915.006805061,
347612.43313307303,5809915.006805061,
347622.43313307303,5809915.006805061,
347632.43313307303,5809915.006805061,
347642.43313307303,5809915.006805061,
347652.43313307303,5809915.006805061,
347662.43313307303,5809915.006805061,
347672.43313307303,5809915.006805061,
347682.43313307303,5809915.006805061,
347692.43313307303,5809915.006805061,
347702.43313307303,5809915.006805061,
347712.43313307303,5809915.006805061,
347722.43313307303,5809915.006805061,
347732.43313307303,5809915.006805061,
347742.43313307303,5809915.006805061,
347222.43313307303,5809905.006805061,
347232.43313307303,5809905.006805061,
347242.43313307303,5809905.006805061,
347252.43313307303,5809905.006805061,
347262.43313307303,5809905.006805061,
347272.43313307303,5809905.006805061,
347282.43313307303,5809905.006805061,
347292.43313307303,5809905.006805061,
347302.43313307303,5809905.006805061,
347312.43313307303,5809905.006805061,
347322.43313307303,5809905.006805061,
347332.43313307303,5809905.006805061,
347342.43313307303,5809905.006805061,
347352.43313307303,5809905.006805061,
347362.43313307303,5809905.006805061,
347372.43313307303,5809905.006805061,
347382.43313307303,5809905.006805061,
347392.43313307303,5809905.006805061,
347402.43313307303,5809905.006805061,
347412.43313307303,5809905.006805061,
347422.43313307303,5809905.006805061,
347432.43313307303,5809905.006805061,
347442.43313307303,5809905.006805061,
347452.43313307303,5809905.006805061,
347462.43313307303,5809905.006805061,
347472.43313307303,5809905.006805061,
347482.43313307303,5809905.006805061,
347492.43313307303,5809905.006805061,
347502.43313307303,5809905.006805061,
347512.43313307303,5809905.006805061,
347522.43313307303,5809905.006805061,
347532.43313307303,5809905.006805061,
347542.43313307303,5809905.006805061,
347552.43313307303,5809905.006805061,
347562.43313307303,5809905.006805061,
347572.43313307303,5809905.006805061,
347582.43313307303,5809905.006805061,
347592.43313307303,5809905.006805061,
347602.43313307303,5809905.006805061,
347612.43313307303,5809905.006805061,
347622.43313307303,5809905.006805061,
347632.43313307303,5809905.006805061,
347642.43313307303,5809905.006805061,
347652.43313307303,5809905.006805061,
347662.43313307303,5809905.006805061,
347672.43313307303,5809905.006805061,
347682.43313307303,5809905.006805061,
347692.43313307303,5809905.006805061,
347702.43313307303,5809905.006805061,
347712.43313307303,5809905.006805061,
347722.43313307303,5809905.006805061,
347732.43313307303,5809905.006805061,
347742.43313307303,5809905.006805061,
347222.43313307303,5809895.006805061,
347232.43313307303,5809895.006805061,
347242.43313307303,5809895.006805061,
347252.43313307303,5809895.006805061,
347262.43313307303,5809895.006805061,
347272.43313307303,5809895.006805061,
347282.43313307303,5809895.006805061,
347292.43313307303,5809895.006805061,
347302.43313307303,5809895.006805061,
347312.43313307303,5809895.006805061,
347322.43313307303,5809895.006805061,
347332.43313307303,5809895.006805061,
347342.43313307303,5809895.006805061,
347352.43313307303,5809895.006805061,
347362.43313307303,5809895.006805061,
347372.43313307303,5809895.006805061,
347382.43313307303,5809895.006805061,
347392.43313307303,5809895.006805061,
347402.43313307303,5809895.006805061,
347412.43313307303,5809895.006805061,
347422.43313307303,5809895.006805061,
347432.43313307303,5809895.006805061,
347442.43313307303,5809895.006805061,
347452.43313307303,5809895.006805061,
347462.43313307303,5809895.006805061,
347472.43313307303,5809895.006805061,
347482.43313307303,5809895.006805061,
347492.43313307303,5809895.006805061,
347502.43313307303,5809895.006805061,
347512.43313307303,5809895.006805061,
347522.43313307303,5809895.006805061,
347532.43313307303,5809895.006805061,
347542.43313307303,5809895.006805061,
347552.43313307303,5809895.006805061,
347562.43313307303,5809895.006805061,
347572.43313307303,5809895.006805061,
347582.43313307303,5809895.006805061,
347592.43313307303,5809895.006805061,
347602.43313307303,5809895.006805061,
347612.43313307303,5809895.006805061,
347622.43313307303,5809895.006805061,
347632.43313307303,5809895.006805061,
347642.43313307303,5809895.006805061,
347652.43313307303,5809895.006805061,
347662.43313307303,5809895.006805061,
347672.43313307303,5809895.006805061,
347682.43313307303,5809895.006805061,
347692.43313307303,5809895.006805061,
347702.43313307303,5809895.006805061,
347712.43313307303,5809895.006805061,
347722.43313307303,5809895.006805061,
347732.43313307303,5809895.006805061,
347742.43313307303,5809895.006805061,
347232.43313307303,5809885.006805061,
347242.43313307303,5809885.006805061,
347252.43313307303,5809885.006805061,
347262.43313307303,5809885.006805061,
347272.43313307303,5809885.006805061,
347282.43313307303,5809885.006805061,
347292.43313307303,5809885.006805061,
347302.43313307303,5809885.006805061,
347312.43313307303,5809885.006805061,
347322.43313307303,5809885.006805061,
347332.43313307303,5809885.006805061,
347342.43313307303,5809885.006805061,
347352.43313307303,5809885.006805061,
347362.43313307303,5809885.006805061,
347372.43313307303,5809885.006805061,
347382.43313307303,5809885.006805061,
347392.43313307303,5809885.006805061,
347402.43313307303,5809885.006805061,
347412.43313307303,5809885.006805061,
347422.43313307303,5809885.006805061,
347432.43313307303,5809885.006805061,
347442.43313307303,5809885.006805061,
347452.43313307303,5809885.006805061,
347462.43313307303,5809885.006805061,
347472.43313307303,5809885.006805061,
347482.43313307303,5809885.006805061,
347492.43313307303,5809885.006805061,
347502.43313307303,5809885.006805061,
347512.43313307303,5809885.006805061,
347522.43313307303,5809885.006805061,
347532.43313307303,5809885.006805061,
347542.43313307303,5809885.006805061,
347552.43313307303,5809885.006805061,
347562.43313307303,5809885.006805061,
347572.43313307303,5809885.006805061,
347582.43313307303,5809885.006805061,
347592.43313307303,5809885.006805061,
347602.43313307303,5809885.006805061,
347612.43313307303,5809885.006805061,
347622.43313307303,5809885.006805061,
347632.43313307303,5809885.006805061,
347642.43313307303,5809885.006805061,
347652.43313307303,5809885.006805061,
347662.43313307303,5809885.006805061,
347672.43313307303,5809885.006805061,
347682.43313307303,5809885.006805061,
347692.43313307303,5809885.006805061,
347702.43313307303,5809885.006805061,
347712.43313307303,5809885.006805061,
347722.43313307303,5809885.006805061,
347732.43313307303,5809885.006805061,
347742.43313307303,5809885.006805061,
347232.43313307303,5809875.006805061,
347242.43313307303,5809875.006805061,
347252.43313307303,5809875.006805061,
347262.43313307303,5809875.006805061,
347272.43313307303,5809875.006805061,
347282.43313307303,5809875.006805061,
347292.43313307303,5809875.006805061,
347302.43313307303,5809875.006805061,
347312.43313307303,5809875.006805061,
347322.43313307303,5809875.006805061,
347332.43313307303,5809875.006805061,
347342.43313307303,5809875.006805061,
347352.43313307303,5809875.006805061,
347362.43313307303,5809875.006805061,
347372.43313307303,5809875.006805061,
347382.43313307303,5809875.006805061,
347392.43313307303,5809875.006805061,
347402.43313307303,5809875.006805061,
347412.43313307303,5809875.006805061,
347422.43313307303,5809875.006805061,
347432.43313307303,5809875.006805061,
347442.43313307303,5809875.006805061,
347452.43313307303,5809875.006805061,
347462.43313307303,5809875.006805061,
347472.43313307303,5809875.006805061,
347482.43313307303,5809875.006805061,
347492.43313307303,5809875.006805061,
347502.43313307303,5809875.006805061,
347512.43313307303,5809875.006805061,
347522.43313307303,5809875.006805061,
347532.43313307303,5809875.006805061,
347542.43313307303,5809875.006805061,
347552.43313307303,5809875.006805061,
347562.43313307303,5809875.006805061,
347572.43313307303,5809875.006805061,
347582.43313307303,5809875.006805061,
347592.43313307303,5809875.006805061,
347602.43313307303,5809875.006805061,
347612.43313307303,5809875.006805061,
347622.43313307303,5809875.006805061,
347632.43313307303,5809875.006805061,
347642.43313307303,5809875.006805061,
347652.43313307303,5809875.006805061,
347662.43313307303,5809875.006805061,
347672.43313307303,5809875.006805061,
347682.43313307303,5809875.006805061,
347692.43313307303,5809875.006805061,
347702.43313307303,5809875.006805061,
347712.43313307303,5809875.006805061,
347722.43313307303,5809875.006805061,
347732.43313307303,5809875.006805061,
347242.43313307303,5809865.006805061,
347252.43313307303,5809865.006805061,
347262.43313307303,5809865.006805061,
347272.43313307303,5809865.006805061,
347282.43313307303,5809865.006805061,
347292.43313307303,5809865.006805061,
347302.43313307303,5809865.006805061,
347312.43313307303,5809865.006805061,
347322.43313307303,5809865.006805061,
347332.43313307303,5809865.006805061,
347342.43313307303,5809865.006805061,
347352.43313307303,5809865.006805061,
347362.43313307303,5809865.006805061,
347372.43313307303,5809865.006805061,
347382.43313307303,5809865.006805061,
347392.43313307303,5809865.006805061,
347402.43313307303,5809865.006805061,
347412.43313307303,5809865.006805061,
347422.43313307303,5809865.006805061,
347432.43313307303,5809865.006805061,
347442.43313307303,5809865.006805061,
347452.43313307303,5809865.006805061,
347462.43313307303,5809865.006805061,
347472.43313307303,5809865.006805061,
347482.43313307303,5809865.006805061,
347492.43313307303,5809865.006805061,
347502.43313307303,5809865.006805061,
347512.43313307303,5809865.006805061,
347522.43313307303,5809865.006805061,
347532.43313307303,5809865.006805061,
347542.43313307303,5809865.006805061,
347552.43313307303,5809865.006805061,
347562.43313307303,5809865.006805061,
347572.43313307303,5809865.006805061,
347582.43313307303,5809865.006805061,
347592.43313307303,5809865.006805061,
347602.43313307303,5809865.006805061,
347612.43313307303,5809865.006805061,
347622.43313307303,5809865.006805061,
347632.43313307303,5809865.006805061,
347642.43313307303,5809865.006805061,
347652.43313307303,5809865.006805061,
347662.43313307303,5809865.006805061,
347672.43313307303,5809865.006805061,
347682.43313307303,5809865.006805061,
347692.43313307303,5809865.006805061,
347702.43313307303,5809865.006805061,
347712.43313307303,5809865.006805061,
347722.43313307303,5809865.006805061,
347732.43313307303,5809865.006805061,
347242.43313307303,5809855.006805061,
347252.43313307303,5809855.006805061,
347262.43313307303,5809855.006805061,
347272.43313307303,5809855.006805061,
347282.43313307303,5809855.006805061,
347292.43313307303,5809855.006805061,
347302.43313307303,5809855.006805061,
347312.43313307303,5809855.006805061,
347322.43313307303,5809855.006805061,
347332.43313307303,5809855.006805061,
347342.43313307303,5809855.006805061,
347352.43313307303,5809855.006805061,
347362.43313307303,5809855.006805061,
347372.43313307303,5809855.006805061,
347382.43313307303,5809855.006805061,
347392.43313307303,5809855.006805061,
347402.43313307303,5809855.006805061,
347412.43313307303,5809855.006805061,
347422.43313307303,5809855.006805061,
347432.43313307303,5809855.006805061,
347442.43313307303,5809855.006805061,
347452.43313307303,5809855.006805061,
347462.43313307303,5809855.006805061,
347472.43313307303,5809855.006805061,
347482.43313307303,5809855.006805061,
347492.43313307303,5809855.006805061,
347502.43313307303,5809855.006805061,
347512.43313307303,5809855.006805061,
347522.43313307303,5809855.006805061,
347532.43313307303,5809855.006805061,
347542.43313307303,5809855.006805061,
347552.43313307303,5809855.006805061,
347562.43313307303,5809855.006805061,
347572.43313307303,5809855.006805061,
347582.43313307303,5809855.006805061,
347592.43313307303,5809855.006805061,
347602.43313307303,5809855.006805061,
347612.43313307303,5809855.006805061,
347622.43313307303,5809855.006805061,
347632.43313307303,5809855.006805061,
347642.43313307303,5809855.006805061,
347652.43313307303,5809855.006805061,
347662.43313307303,5809855.006805061,
347672.43313307303,5809855.006805061,
347682.43313307303,5809855.006805061,
347692.43313307303,5809855.006805061,
347702.43313307303,5809855.006805061,
347712.43313307303,5809855.006805061,
347722.43313307303,5809855.006805061,
347732.43313307303,5809855.006805061,
347252.43313307303,5809845.006805061,
347262.43313307303,5809845.006805061,
347272.43313307303,5809845.006805061,
347282.43313307303,5809845.006805061,
347292.43313307303,5809845.006805061,
347302.43313307303,5809845.006805061,
347312.43313307303,5809845.006805061,
347322.43313307303,5809845.006805061,
347332.43313307303,5809845.006805061,
347342.43313307303,5809845.006805061,
347352.43313307303,5809845.006805061,
347362.43313307303,5809845.006805061,
347372.43313307303,5809845.006805061,
347382.43313307303,5809845.006805061,
347392.43313307303,5809845.006805061,
347402.43313307303,5809845.006805061,
347412.43313307303,5809845.006805061,
347422.43313307303,5809845.006805061,
347432.43313307303,5809845.006805061,
347442.43313307303,5809845.006805061,
347452.43313307303,5809845.006805061,
347462.43313307303,5809845.006805061,
347472.43313307303,5809845.006805061,
347482.43313307303,5809845.006805061,
347492.43313307303,5809845.006805061,
347502.43313307303,5809845.006805061,
347512.43313307303,5809845.006805061,
347522.43313307303,5809845.006805061,
347532.43313307303,5809845.006805061,
347542.43313307303,5809845.006805061,
347552.43313307303,5809845.006805061,
347562.43313307303,5809845.006805061,
347572.43313307303,5809845.006805061,
347582.43313307303,5809845.006805061,
347592.43313307303,5809845.006805061,
347602.43313307303,5809845.006805061,
347612.43313307303,5809845.006805061,
347622.43313307303,5809845.006805061,
347632.43313307303,5809845.006805061,
347642.43313307303,5809845.006805061,
347652.43313307303,5809845.006805061,
347662.43313307303,5809845.006805061,
347672.43313307303,5809845.006805061,
347682.43313307303,5809845.006805061,
347692.43313307303,5809845.006805061,
347702.43313307303,5809845.006805061,
347712.43313307303,5809845.006805061,
347722.43313307303,5809845.006805061,
347732.43313307303,5809845.006805061,
347252.43313307303,5809835.006805061,
347262.43313307303,5809835.006805061,
347272.43313307303,5809835.006805061,
347282.43313307303,5809835.006805061,
347292.43313307303,5809835.006805061,
347302.43313307303,5809835.006805061,
347312.43313307303,5809835.006805061,
347322.43313307303,5809835.006805061,
347332.43313307303,5809835.006805061,
347342.43313307303,5809835.006805061,
347352.43313307303,5809835.006805061,
347362.43313307303,5809835.006805061,
347372.43313307303,5809835.006805061,
347382.43313307303,5809835.006805061,
347392.43313307303,5809835.006805061,
347402.43313307303,5809835.006805061,
347412.43313307303,5809835.006805061,
347422.43313307303,5809835.006805061,
347432.43313307303,5809835.006805061,
347442.43313307303,5809835.006805061,
347452.43313307303,5809835.006805061,
347462.43313307303,5809835.006805061,
347472.43313307303,5809835.006805061,
347482.43313307303,5809835.006805061,
347492.43313307303,5809835.006805061,
347502.43313307303,5809835.006805061,
347512.43313307303,5809835.006805061,
347522.43313307303,5809835.006805061,
347532.43313307303,5809835.006805061,
347542.43313307303,5809835.006805061,
347552.43313307303,5809835.006805061,
347562.43313307303,5809835.006805061,
347572.43313307303,5809835.006805061,
347582.43313307303,5809835.006805061,
347592.43313307303,5809835.006805061,
347602.43313307303,5809835.006805061,
347612.43313307303,5809835.006805061,
347622.43313307303,5809835.006805061,
347632.43313307303,5809835.006805061,
347642.43313307303,5809835.006805061,
347652.43313307303,5809835.006805061,
347662.43313307303,5809835.006805061,
347672.43313307303,5809835.006805061,
347682.43313307303,5809835.006805061,
347692.43313307303,5809835.006805061,
347702.43313307303,5809835.006805061,
347712.43313307303,5809835.006805061,
347722.43313307303,5809835.006805061,
347262.43313307303,5809825.006805061,
347272.43313307303,5809825.006805061,
347282.43313307303,5809825.006805061,
347292.43313307303,5809825.006805061,
347302.43313307303,5809825.006805061,
347312.43313307303,5809825.006805061,
347322.43313307303,5809825.006805061,
347332.43313307303,5809825.006805061,
347342.43313307303,5809825.006805061,
347352.43313307303,5809825.006805061,
347362.43313307303,5809825.006805061,
347372.43313307303,5809825.006805061,
347382.43313307303,5809825.006805061,
347392.43313307303,5809825.006805061,
347402.43313307303,5809825.006805061,
347412.43313307303,5809825.006805061,
347422.43313307303,5809825.006805061,
347432.43313307303,5809825.006805061,
347442.43313307303,5809825.006805061,
347452.43313307303,5809825.006805061,
347462.43313307303,5809825.006805061,
347472.43313307303,5809825.006805061,
347482.43313307303,5809825.006805061,
347492.43313307303,5809825.006805061,
347502.43313307303,5809825.006805061,
347512.43313307303,5809825.006805061,
347522.43313307303,5809825.006805061,
347532.43313307303,5809825.006805061,
347542.43313307303,5809825.006805061,
347552.43313307303,5809825.006805061,
347562.43313307303,5809825.006805061,
347572.43313307303,5809825.006805061,
347582.43313307303,5809825.006805061,
347592.43313307303,5809825.006805061,
347602.43313307303,5809825.006805061,
347612.43313307303,5809825.006805061,
347622.43313307303,5809825.006805061,
347632.43313307303,5809825.006805061,
347642.43313307303,5809825.006805061,
347652.43313307303,5809825.006805061,
347662.43313307303,5809825.006805061,
347672.43313307303,5809825.006805061,
347682.43313307303,5809825.006805061,
347692.43313307303,5809825.006805061,
347702.43313307303,5809825.006805061,
347712.43313307303,5809825.006805061,
347722.43313307303,5809825.006805061,
347262.43313307303,5809815.006805061,
347272.43313307303,5809815.006805061,
347282.43313307303,5809815.006805061,
347292.43313307303,5809815.006805061,
347302.43313307303,5809815.006805061,
347312.43313307303,5809815.006805061,
347322.43313307303,5809815.006805061,
347332.43313307303,5809815.006805061,
347342.43313307303,5809815.006805061,
347352.43313307303,5809815.006805061,
347362.43313307303,5809815.006805061,
347372.43313307303,5809815.006805061,
347382.43313307303,5809815.006805061,
347392.43313307303,5809815.006805061,
347402.43313307303,5809815.006805061,
347412.43313307303,5809815.006805061,
347422.43313307303,5809815.006805061,
347432.43313307303,5809815.006805061,
347442.43313307303,5809815.006805061,
347452.43313307303,5809815.006805061,
347462.43313307303,5809815.006805061,
347472.43313307303,5809815.006805061,
347482.43313307303,5809815.006805061,
347492.43313307303,5809815.006805061,
347502.43313307303,5809815.006805061,
347512.43313307303,5809815.006805061,
347522.43313307303,5809815.006805061,
347532.43313307303,5809815.006805061,
347542.43313307303,5809815.006805061,
347552.43313307303,5809815.006805061,
347562.43313307303,5809815.006805061,
347572.43313307303,5809815.006805061,
347582.43313307303,5809815.006805061,
347592.43313307303,5809815.006805061,
347602.43313307303,5809815.006805061,
347612.43313307303,5809815.006805061,
347622.43313307303,5809815.006805061,
347632.43313307303,5809815.006805061,
347642.43313307303,5809815.006805061,
347652.43313307303,5809815.006805061,
347662.43313307303,5809815.006805061,
347672.43313307303,5809815.006805061,
347682.43313307303,5809815.006805061,
347692.43313307303,5809815.006805061,
347702.43313307303,5809815.006805061,
347712.43313307303,5809815.006805061,
347722.43313307303,5809815.006805061,
347272.43313307303,5809805.006805061,
347282.43313307303,5809805.006805061,
347292.43313307303,5809805.006805061,
347302.43313307303,5809805.006805061,
347312.43313307303,5809805.006805061,
347322.43313307303,5809805.006805061,
347332.43313307303,5809805.006805061,
347342.43313307303,5809805.006805061,
347352.43313307303,5809805.006805061,
347362.43313307303,5809805.006805061,
347372.43313307303,5809805.006805061,
347382.43313307303,5809805.006805061,
347392.43313307303,5809805.006805061,
347402.43313307303,5809805.006805061,
347412.43313307303,5809805.006805061,
347422.43313307303,5809805.006805061,
347432.43313307303,5809805.006805061,
347442.43313307303,5809805.006805061,
347452.43313307303,5809805.006805061,
347462.43313307303,5809805.006805061,
347472.43313307303,5809805.006805061,
347482.43313307303,5809805.006805061,
347492.43313307303,5809805.006805061,
347502.43313307303,5809805.006805061,
347512.43313307303,5809805.006805061,
347522.43313307303,5809805.006805061,
347532.43313307303,5809805.006805061,
347542.43313307303,5809805.006805061,
347552.43313307303,5809805.006805061,
347562.43313307303,5809805.006805061,
347572.43313307303,5809805.006805061,
347582.43313307303,5809805.006805061,
347592.43313307303,5809805.006805061,
347602.43313307303,5809805.006805061,
347612.43313307303,5809805.006805061,
347622.43313307303,5809805.006805061,
347632.43313307303,5809805.006805061,
347642.43313307303,5809805.006805061,
347652.43313307303,5809805.006805061,
347662.43313307303,5809805.006805061,
347672.43313307303,5809805.006805061,
347682.43313307303,5809805.006805061,
347692.43313307303,5809805.006805061,
347702.43313307303,5809805.006805061,
347712.43313307303,5809805.006805061,
347722.43313307303,5809805.006805061,
347252.43313307303,5809795.006805061,
347262.43313307303,5809795.006805061,
347272.43313307303,5809795.006805061,
347282.43313307303,5809795.006805061,
347292.43313307303,5809795.006805061,
347302.43313307303,5809795.006805061,
347312.43313307303,5809795.006805061,
347322.43313307303,5809795.006805061,
347332.43313307303,5809795.006805061,
347342.43313307303,5809795.006805061,
347352.43313307303,5809795.006805061,
347362.43313307303,5809795.006805061,
347372.43313307303,5809795.006805061,
347382.43313307303,5809795.006805061,
347392.43313307303,5809795.006805061,
347402.43313307303,5809795.006805061,
347412.43313307303,5809795.006805061,
347422.43313307303,5809795.006805061,
347432.43313307303,5809795.006805061,
347442.43313307303,5809795.006805061,
347452.43313307303,5809795.006805061,
347462.43313307303,5809795.006805061,
347472.43313307303,5809795.006805061,
347482.43313307303,5809795.006805061,
347492.43313307303,5809795.006805061,
347502.43313307303,5809795.006805061,
347512.43313307303,5809795.006805061,
347522.43313307303,5809795.006805061,
347532.43313307303,5809795.006805061,
347542.43313307303,5809795.006805061,
347552.43313307303,5809795.006805061,
347562.43313307303,5809795.006805061,
347572.43313307303,5809795.006805061,
347582.43313307303,5809795.006805061,
347592.43313307303,5809795.006805061,
347602.43313307303,5809795.006805061,
347612.43313307303,5809795.006805061,
347622.43313307303,5809795.006805061,
347632.43313307303,5809795.006805061,
347642.43313307303,5809795.006805061,
347652.43313307303,5809795.006805061,
347662.43313307303,5809795.006805061,
347672.43313307303,5809795.006805061,
347682.43313307303,5809795.006805061,
347692.43313307303,5809795.006805061,
347702.43313307303,5809795.006805061,
347712.43313307303,5809795.006805061,
347722.43313307303,5809795.006805061,
347242.43313307303,5809785.006805061,
347252.43313307303,5809785.006805061,
347262.43313307303,5809785.006805061,
347272.43313307303,5809785.006805061,
347282.43313307303,5809785.006805061,
347292.43313307303,5809785.006805061,
347302.43313307303,5809785.006805061,
347312.43313307303,5809785.006805061,
347322.43313307303,5809785.006805061,
347332.43313307303,5809785.006805061,
347342.43313307303,5809785.006805061,
347352.43313307303,5809785.006805061,
347362.43313307303,5809785.006805061,
347372.43313307303,5809785.006805061,
347382.43313307303,5809785.006805061,
347392.43313307303,5809785.006805061,
347402.43313307303,5809785.006805061,
347412.43313307303,5809785.006805061,
347422.43313307303,5809785.006805061,
347432.43313307303,5809785.006805061,
347442.43313307303,5809785.006805061,
347452.43313307303,5809785.006805061,
347462.43313307303,5809785.006805061,
347472.43313307303,5809785.006805061,
347482.43313307303,5809785.006805061,
347492.43313307303,5809785.006805061,
347502.43313307303,5809785.006805061,
347512.43313307303,5809785.006805061,
347522.43313307303,5809785.006805061,
347532.43313307303,5809785.006805061,
347542.43313307303,5809785.006805061,
347552.43313307303,5809785.006805061,
347562.43313307303,5809785.006805061,
347572.43313307303,5809785.006805061,
347582.43313307303,5809785.006805061,
347592.43313307303,5809785.006805061,
347602.43313307303,5809785.006805061,
347612.43313307303,5809785.006805061,
347622.43313307303,5809785.006805061,
347632.43313307303,5809785.006805061,
347642.43313307303,5809785.006805061,
347652.43313307303,5809785.006805061,
347662.43313307303,5809785.006805061,
347672.43313307303,5809785.006805061,
347682.43313307303,5809785.006805061,
347692.43313307303,5809785.006805061,
347702.43313307303,5809785.006805061,
347712.43313307303,5809785.006805061,
347222.43313307303,5809775.006805061,
347232.43313307303,5809775.006805061,
347242.43313307303,5809775.006805061,
347252.43313307303,5809775.006805061,
347262.43313307303,5809775.006805061,
347272.43313307303,5809775.006805061,
347282.43313307303,5809775.006805061,
347292.43313307303,5809775.006805061,
347302.43313307303,5809775.006805061,
347312.43313307303,5809775.006805061,
347322.43313307303,5809775.006805061,
347332.43313307303,5809775.006805061,
347342.43313307303,5809775.006805061,
347352.43313307303,5809775.006805061,
347362.43313307303,5809775.006805061,
347372.43313307303,5809775.006805061,
347382.43313307303,5809775.006805061,
347392.43313307303,5809775.006805061,
347402.43313307303,5809775.006805061,
347412.43313307303,5809775.006805061,
347422.43313307303,5809775.006805061,
347432.43313307303,5809775.006805061,
347442.43313307303,5809775.006805061,
347452.43313307303,5809775.006805061,
347462.43313307303,5809775.006805061,
347472.43313307303,5809775.006805061,
347482.43313307303,5809775.006805061,
347492.43313307303,5809775.006805061,
347502.43313307303,5809775.006805061,
347512.43313307303,5809775.006805061,
347522.43313307303,5809775.006805061,
347532.43313307303,5809775.006805061,
347542.43313307303,5809775.006805061,
347552.43313307303,5809775.006805061,
347562.43313307303,5809775.006805061,
347572.43313307303,5809775.006805061,
347582.43313307303,5809775.006805061,
347592.43313307303,5809775.006805061,
347602.43313307303,5809775.006805061,
347612.43313307303,5809775.006805061,
347622.43313307303,5809775.006805061,
347632.43313307303,5809775.006805061,
347642.43313307303,5809775.006805061,
347652.43313307303,5809775.006805061,
347662.43313307303,5809775.006805061,
347672.43313307303,5809775.006805061,
347682.43313307303,5809775.006805061,
347692.43313307303,5809775.006805061,
347702.43313307303,5809775.006805061,
347712.43313307303,5809775.006805061,
347212.43313307303,5809765.006805061,
347222.43313307303,5809765.006805061,
347232.43313307303,5809765.006805061,
347242.43313307303,5809765.006805061,
347252.43313307303,5809765.006805061,
347262.43313307303,5809765.006805061,
347272.43313307303,5809765.006805061,
347282.43313307303,5809765.006805061,
347292.43313307303,5809765.006805061,
347302.43313307303,5809765.006805061,
347312.43313307303,5809765.006805061,
347322.43313307303,5809765.006805061,
347332.43313307303,5809765.006805061,
347342.43313307303,5809765.006805061,
347352.43313307303,5809765.006805061,
347362.43313307303,5809765.006805061,
347372.43313307303,5809765.006805061,
347382.43313307303,5809765.006805061,
347392.43313307303,5809765.006805061,
347402.43313307303,5809765.006805061,
347412.43313307303,5809765.006805061,
347422.43313307303,5809765.006805061,
347432.43313307303,5809765.006805061,
347442.43313307303,5809765.006805061,
347452.43313307303,5809765.006805061,
347462.43313307303,5809765.006805061,
347472.43313307303,5809765.006805061,
347482.43313307303,5809765.006805061,
347492.43313307303,5809765.006805061,
347502.43313307303,5809765.006805061,
347512.43313307303,5809765.006805061,
347522.43313307303,5809765.006805061,
347532.43313307303,5809765.006805061,
347542.43313307303,5809765.006805061,
347552.43313307303,5809765.006805061,
347562.43313307303,5809765.006805061,
347572.43313307303,5809765.006805061,
347582.43313307303,5809765.006805061,
347592.43313307303,5809765.006805061,
347602.43313307303,5809765.006805061,
347612.43313307303,5809765.006805061,
347622.43313307303,5809765.006805061,
347632.43313307303,5809765.006805061,
347642.43313307303,5809765.006805061,
347652.43313307303,5809765.006805061,
347662.43313307303,5809765.006805061,
347672.43313307303,5809765.006805061,
347682.43313307303,5809765.006805061,
347692.43313307303,5809765.006805061,
347702.43313307303,5809765.006805061,
347712.43313307303,5809765.006805061,
347202.43313307303,5809755.006805061,
347212.43313307303,5809755.006805061,
347222.43313307303,5809755.006805061,
347232.43313307303,5809755.006805061,
347242.43313307303,5809755.006805061,
347252.43313307303,5809755.006805061,
347262.43313307303,5809755.006805061,
347272.43313307303,5809755.006805061,
347282.43313307303,5809755.006805061,
347292.43313307303,5809755.006805061,
347302.43313307303,5809755.006805061,
347312.43313307303,5809755.006805061,
347322.43313307303,5809755.006805061,
347332.43313307303,5809755.006805061,
347342.43313307303,5809755.006805061,
347352.43313307303,5809755.006805061,
347362.43313307303,5809755.006805061,
347372.43313307303,5809755.006805061,
347382.43313307303,5809755.006805061,
347392.43313307303,5809755.006805061,
347402.43313307303,5809755.006805061,
347412.43313307303,5809755.006805061,
347422.43313307303,5809755.006805061,
347432.43313307303,5809755.006805061,
347442.43313307303,5809755.006805061,
347452.43313307303,5809755.006805061,
347462.43313307303,5809755.006805061,
347472.43313307303,5809755.006805061,
347482.43313307303,5809755.006805061,
347492.43313307303,5809755.006805061,
347502.43313307303,5809755.006805061,
347512.43313307303,5809755.006805061,
347522.43313307303,5809755.006805061,
347532.43313307303,5809755.006805061,
347542.43313307303,5809755.006805061,
347552.43313307303,5809755.006805061,
347562.43313307303,5809755.006805061,
347572.43313307303,5809755.006805061,
347582.43313307303,5809755.006805061,
347592.43313307303,5809755.006805061,
347602.43313307303,5809755.006805061,
347612.43313307303,5809755.006805061,
347622.43313307303,5809755.006805061,
347632.43313307303,5809755.006805061,
347642.43313307303,5809755.006805061,
347652.43313307303,5809755.006805061,
347662.43313307303,5809755.006805061,
347672.43313307303,5809755.006805061,
347682.43313307303,5809755.006805061,
347692.43313307303,5809755.006805061,
347702.43313307303,5809755.006805061,
347712.43313307303,5809755.006805061,
347182.43313307303,5809745.006805061,
347192.43313307303,5809745.006805061,
347202.43313307303,5809745.006805061,
347212.43313307303,5809745.006805061,
347222.43313307303,5809745.006805061,
347232.43313307303,5809745.006805061,
347242.43313307303,5809745.006805061,
347252.43313307303,5809745.006805061,
347262.43313307303,5809745.006805061,
347272.43313307303,5809745.006805061,
347282.43313307303,5809745.006805061,
347292.43313307303,5809745.006805061,
347302.43313307303,5809745.006805061,
347312.43313307303,5809745.006805061,
347322.43313307303,5809745.006805061,
347332.43313307303,5809745.006805061,
347342.43313307303,5809745.006805061,
347352.43313307303,5809745.006805061,
347362.43313307303,5809745.006805061,
347372.43313307303,5809745.006805061,
347382.43313307303,5809745.006805061,
347392.43313307303,5809745.006805061,
347402.43313307303,5809745.006805061,
347412.43313307303,5809745.006805061,
347422.43313307303,5809745.006805061,
347432.43313307303,5809745.006805061,
347442.43313307303,5809745.006805061,
347452.43313307303,5809745.006805061,
347462.43313307303,5809745.006805061,
347472.43313307303,5809745.006805061,
347482.43313307303,5809745.006805061,
347492.43313307303,5809745.006805061,
347502.43313307303,5809745.006805061,
347512.43313307303,5809745.006805061,
347522.43313307303,5809745.006805061,
347532.43313307303,5809745.006805061,
347542.43313307303,5809745.006805061,
347552.43313307303,5809745.006805061,
347562.43313307303,5809745.006805061,
347572.43313307303,5809745.006805061,
347582.43313307303,5809745.006805061,
347592.43313307303,5809745.006805061,
347602.43313307303,5809745.006805061,
347612.43313307303,5809745.006805061,
347622.43313307303,5809745.006805061,
347632.43313307303,5809745.006805061,
347642.43313307303,5809745.006805061,
347652.43313307303,5809745.006805061,
347662.43313307303,5809745.006805061,
347672.43313307303,5809745.006805061,
347682.43313307303,5809745.006805061,
347692.43313307303,5809745.006805061,
347702.43313307303,5809745.006805061,
347172.43313307303,5809735.006805061,
347182.43313307303,5809735.006805061,
347192.43313307303,5809735.006805061,
347202.43313307303,5809735.006805061,
347212.43313307303,5809735.006805061,
347222.43313307303,5809735.006805061,
347232.43313307303,5809735.006805061,
347242.43313307303,5809735.006805061,
347252.43313307303,5809735.006805061,
347262.43313307303,5809735.006805061,
347272.43313307303,5809735.006805061,
347282.43313307303,5809735.006805061,
347292.43313307303,5809735.006805061,
347302.43313307303,5809735.006805061,
347312.43313307303,5809735.006805061,
347322.43313307303,5809735.006805061,
347332.43313307303,5809735.006805061,
347342.43313307303,5809735.006805061,
347352.43313307303,5809735.006805061,
347362.43313307303,5809735.006805061,
347372.43313307303,5809735.006805061,
347382.43313307303,5809735.006805061,
347392.43313307303,5809735.006805061,
347402.43313307303,5809735.006805061,
347412.43313307303,5809735.006805061,
347422.43313307303,5809735.006805061,
347432.43313307303,5809735.006805061,
347442.43313307303,5809735.006805061,
347452.43313307303,5809735.006805061,
347462.43313307303,5809735.006805061,
347472.43313307303,5809735.006805061,
347482.43313307303,5809735.006805061,
347492.43313307303,5809735.006805061,
347502.43313307303,5809735.006805061,
347512.43313307303,5809735.006805061,
347522.43313307303,5809735.006805061,
347532.43313307303,5809735.006805061,
347542.43313307303,5809735.006805061,
347552.43313307303,5809735.006805061,
347562.43313307303,5809735.006805061,
347572.43313307303,5809735.006805061,
347582.43313307303,5809735.006805061,
347592.43313307303,5809735.006805061,
347602.43313307303,5809735.006805061,
347612.43313307303,5809735.006805061,
347622.43313307303,5809735.006805061,
347632.43313307303,5809735.006805061,
347642.43313307303,5809735.006805061,
347652.43313307303,5809735.006805061,
347662.43313307303,5809735.006805061,
347672.43313307303,5809735.006805061,
347682.43313307303,5809735.006805061,
347692.43313307303,5809735.006805061,
347702.43313307303,5809735.006805061,
347162.43313307303,5809725.006805061,
347172.43313307303,5809725.006805061,
347182.43313307303,5809725.006805061,
347192.43313307303,5809725.006805061,
347202.43313307303,5809725.006805061,
347212.43313307303,5809725.006805061,
347222.43313307303,5809725.006805061,
347232.43313307303,5809725.006805061,
347242.43313307303,5809725.006805061,
347252.43313307303,5809725.006805061,
347262.43313307303,5809725.006805061,
347272.43313307303,5809725.006805061,
347282.43313307303,5809725.006805061,
347292.43313307303,5809725.006805061,
347302.43313307303,5809725.006805061,
347312.43313307303,5809725.006805061,
347322.43313307303,5809725.006805061,
347332.43313307303,5809725.006805061,
347342.43313307303,5809725.006805061,
347352.43313307303,5809725.006805061,
347362.43313307303,5809725.006805061,
347372.43313307303,5809725.006805061,
347382.43313307303,5809725.006805061,
347392.43313307303,5809725.006805061,
347402.43313307303,5809725.006805061,
347412.43313307303,5809725.006805061,
347422.43313307303,5809725.006805061,
347432.43313307303,5809725.006805061,
347442.43313307303,5809725.006805061,
347452.43313307303,5809725.006805061,
347462.43313307303,5809725.006805061,
347472.43313307303,5809725.006805061,
347482.43313307303,5809725.006805061,
347492.43313307303,5809725.006805061,
347502.43313307303,5809725.006805061,
347512.43313307303,5809725.006805061,
347522.43313307303,5809725.006805061,
347532.43313307303,5809725.006805061,
347542.43313307303,5809725.006805061,
347552.43313307303,5809725.006805061,
347562.43313307303,5809725.006805061,
347572.43313307303,5809725.006805061,
347582.43313307303,5809725.006805061,
347592.43313307303,5809725.006805061,
347602.43313307303,5809725.006805061,
347612.43313307303,5809725.006805061,
347622.43313307303,5809725.006805061,
347632.43313307303,5809725.006805061,
347642.43313307303,5809725.006805061,
347652.43313307303,5809725.006805061,
347662.43313307303,5809725.006805061,
347672.43313307303,5809725.006805061,
347682.43313307303,5809725.006805061,
347692.43313307303,5809725.006805061,
347702.43313307303,5809725.006805061,
347142.43313307303,5809715.006805061,
347152.43313307303,5809715.006805061,
347162.43313307303,5809715.006805061,
347172.43313307303,5809715.006805061,
347182.43313307303,5809715.006805061,
347192.43313307303,5809715.006805061,
347202.43313307303,5809715.006805061,
347212.43313307303,5809715.006805061,
347222.43313307303,5809715.006805061,
347232.43313307303,5809715.006805061,
347242.43313307303,5809715.006805061,
347252.43313307303,5809715.006805061,
347262.43313307303,5809715.006805061,
347272.43313307303,5809715.006805061,
347282.43313307303,5809715.006805061,
347292.43313307303,5809715.006805061,
347302.43313307303,5809715.006805061,
347312.43313307303,5809715.006805061,
347322.43313307303,5809715.006805061,
347332.43313307303,5809715.006805061,
347342.43313307303,5809715.006805061,
347352.43313307303,5809715.006805061,
347362.43313307303,5809715.006805061,
347372.43313307303,5809715.006805061,
347382.43313307303,5809715.006805061,
347392.43313307303,5809715.006805061,
347402.43313307303,5809715.006805061,
347412.43313307303,5809715.006805061,
347422.43313307303,5809715.006805061,
347432.43313307303,5809715.006805061,
347442.43313307303,5809715.006805061,
347452.43313307303,5809715.006805061,
347462.43313307303,5809715.006805061,
347472.43313307303,5809715.006805061,
347482.43313307303,5809715.006805061,
347492.43313307303,5809715.006805061,
347502.43313307303,5809715.006805061,
347512.43313307303,5809715.006805061,
347522.43313307303,5809715.006805061,
347532.43313307303,5809715.006805061,
347542.43313307303,5809715.006805061,
347552.43313307303,5809715.006805061,
347562.43313307303,5809715.006805061,
347572.43313307303,5809715.006805061,
347582.43313307303,5809715.006805061,
347592.43313307303,5809715.006805061,
347602.43313307303,5809715.006805061,
347612.43313307303,5809715.006805061,
347622.43313307303,5809715.006805061,
347632.43313307303,5809715.006805061,
347642.43313307303,5809715.006805061,
347652.43313307303,5809715.006805061,
347662.43313307303,5809715.006805061,
347672.43313307303,5809715.006805061,
347682.43313307303,5809715.006805061,
347692.43313307303,5809715.006805061,
347702.43313307303,5809715.006805061,
347132.43313307303,5809705.006805061,
347142.43313307303,5809705.006805061,
347152.43313307303,5809705.006805061,
347162.43313307303,5809705.006805061,
347172.43313307303,5809705.006805061,
347182.43313307303,5809705.006805061,
347192.43313307303,5809705.006805061,
347202.43313307303,5809705.006805061,
347212.43313307303,5809705.006805061,
347222.43313307303,5809705.006805061,
347232.43313307303,5809705.006805061,
347242.43313307303,5809705.006805061,
347252.43313307303,5809705.006805061,
347262.43313307303,5809705.006805061,
347272.43313307303,5809705.006805061,
347282.43313307303,5809705.006805061,
347292.43313307303,5809705.006805061,
347302.43313307303,5809705.006805061,
347312.43313307303,5809705.006805061,
347322.43313307303,5809705.006805061,
347332.43313307303,5809705.006805061,
347342.43313307303,5809705.006805061,
347352.43313307303,5809705.006805061,
347362.43313307303,5809705.006805061,
347372.43313307303,5809705.006805061,
347382.43313307303,5809705.006805061,
347392.43313307303,5809705.006805061,
347402.43313307303,5809705.006805061,
347412.43313307303,5809705.006805061,
347422.43313307303,5809705.006805061,
347432.43313307303,5809705.006805061,
347442.43313307303,5809705.006805061,
347452.43313307303,5809705.006805061,
347462.43313307303,5809705.006805061,
347472.43313307303,5809705.006805061,
347482.43313307303,5809705.006805061,
347492.43313307303,5809705.006805061,
347502.43313307303,5809705.006805061,
347512.43313307303,5809705.006805061,
347522.43313307303,5809705.006805061,
347532.43313307303,5809705.006805061,
347542.43313307303,5809705.006805061,
347552.43313307303,5809705.006805061,
347562.43313307303,5809705.006805061,
347572.43313307303,5809705.006805061,
347582.43313307303,5809705.006805061,
347592.43313307303,5809705.006805061,
347602.43313307303,5809705.006805061,
347612.43313307303,5809705.006805061,
347622.43313307303,5809705.006805061,
347632.43313307303,5809705.006805061,
347642.43313307303,5809705.006805061,
347652.43313307303,5809705.006805061,
347662.43313307303,5809705.006805061,
347672.43313307303,5809705.006805061,
347682.43313307303,5809705.006805061,
347692.43313307303,5809705.006805061,
347122.43313307303,5809695.006805061,0.4229837656021118
347132.43313307303,5809695.006805061,
347142.43313307303,5809695.006805061,
347152.43313307303,5809695.006805061,
347162.43313307303,5809695.006805061,
347172.43313307303,5809695.006805061,
347182.43313307303,5809695.006805061,
347192.43313307303,5809695.006805061,
347202.43313307303,5809695.006805061,
347212.43313307303,5809695.006805061,
347222.43313307303,5809695.006805061,
347232.43313307303,5809695.006805061,
347242.43313307303,5809695.006805061,
347252.43313307303,5809695.006805061,
347262.43313307303,5809695.006805061,
347272.43313307303,5809695.006805061,
347282.43313307303,5809695.006805061,
347292.43313307303,5809695.006805061,
347302.43313307303,5809695.006805061,
347312.43313307303,5809695.006805061,
347322.43313307303,5809695.006805061,
347332.43313307303,5809695.006805061,
347342.43313307303,5809695.006805061,
347352.43313307303,5809695.006805061,
347362.43313307303,5809695.006805061,
347372.43313307303,5809695.006805061,
347382.43313307303,5809695.006805061,
347392.43313307303,5809695.006805061,
347402.43313307303,5809695.006805061,
347412.43313307303,5809695.006805061,
347422.43313307303,5809695.006805061,
347432.43313307303,5809695.006805061,
347442.43313307303,5809695.006805061,
347452.43313307303,5809695.006805061,
347462.43313307303,5809695.006805061,
347472.43313307303,5809695.006805061,
347482.43313307303,5809695.006805061,
347492.43313307303,5809695.006805061,
347502.43313307303,5809695.006805061,
347512.43313307303,5809695.006805061,
347522.43313307303,5809695.006805061,
347532.43313307303,5809695.006805061,
347542.43313307303,5809695.006805061,
347552.43313307303,5809695.006805061,
347562.43313307303,5809695.006805061,
347572.43313307303,5809695.006805061,
347582.43313307303,5809695.006805061,
347592.43313307303,5809695.006805061,
347602.43313307303,5809695.006805061,
347612.43313307303,5809695.006805061,
347622.43313307303,5809695.006805061,
347632.43313307303,5809695.006805061,
347642.43313307303,5809695.006805061,
347652.43313307303,5809695.006805061,
347662.43313307303,5809695.006805061,
347672.43313307303,5809695.006805061,
347682.43313307303,5809695.006805061,
347692.43313307303,5809695.006805061,
347112.43313307303,5809685.006805061,
347122.43313307303,5809685.006805061,
347132.43313307303,5809685.006805061,
347142.43313307303,5809685.006805061,
347152.43313307303,5809685.006805061,
347162.43313307303,5809685.006805061,
347172.43313307303,5809685.006805061,
347182.43313307303,5809685.006805061,
347192.43313307303,5809685.006805061,
347202.43313307303,5809685.006805061,
347212.43313307303,5809685.006805061,
347222.43313307303,5809685.006805061,
347232.43313307303,5809685.006805061,
347242.43313307303,5809685.006805061,
347252.43313307303,5809685.006805061,
347262.43313307303,5809685.006805061,
347272.43313307303,5809685.006805061,
347282.43313307303,5809685.006805061,
347292.43313307303,5809685.006805061,
347302.43313307303,5809685.006805061,
347312.43313307303,5809685.006805061,
347322.43313307303,5809685.006805061,
347332.43313307303,5809685.006805061,
347342.43313307303,5809685.006805061,
347352.43313307303,5809685.006805061,
347362.43313307303,5809685.006805061,
347372.43313307303,5809685.006805061,
347382.43313307303,5809685.006805061,
347392.43313307303,5809685.006805061,
347402.43313307303,5809685.006805061,
347412.43313307303,5809685.006805061,
347422.43313307303,5809685.006805061,
347432.43313307303,5809685.006805061,
347442.43313307303,5809685.006805061,
347452.43313307303,5809685.006805061,
347462.43313307303,5809685.006805061,
347472.43313307303,5809685.006805061,
347482.43313307303,5809685.006805061,
347492.43313307303,5809685.006805061,
347502.43313307303,5809685.006805061,
347512.43313307303,5809685.006805061,
347522.43313307303,5809685.006805061,
347532.43313307303,5809685.006805061,
347542.43313307303,5809685.006805061,
347552.43313307303,5809685.006805061,
347562.43313307303,5809685.006805061,
347572.43313307303,5809685.006805061,
347582.43313307303,5809685.006805061,
347592.43313307303,5809685.006805061,
347602.43313307303,5809685.006805061,
347612.43313307303,5809685.006805061,
347622.43313307303,5809685.006805061,
347632.43313307303,5809685.006805061,
347642.43313307303,5809685.006805061,
347652.43313307303,5809685.006805061,
347662.43313307303,5809685.006805061,
347672.43313307303,5809685.006805061,
347682.43313307303,5809685.006805061,
347692.43313307303,5809685.006805061,
347112.43313307303,5809675.006805061,
347122.43313307303,5809675.006805061,
347132.43313307303,5809675.006805061,
347142.43313307303,5809675.006805061,
347152.43313307303,5809675.006805061,
347162.43313307303,5809675.006805061,
347172.43313307303,5809675.006805061,
347182.43313307303,5809675.006805061,
347192.43313307303,5809675.006805061,
347202.43313307303,5809675.006805061,
347212.43313307303,5809675.006805061,
347222.43313307303,5809675.006805061,
347232.43313307303,5809675.006805061,
347242.43313307303,5809675.006805061,
347252.43313307303,5809675.006805061,
347262.43313307303,5809675.006805061,
347272.43313307303,5809675.006805061,
347282.43313307303,5809675.006805061,
347292.43313307303,5809675.006805061,
347302.43313307303,5809675.006805061,
347312.43313307303,5809675.006805061,
347322.43313307303,5809675.006805061,
347332.43313307303,5809675.006805061,
347342.43313307303,5809675.006805061,
347352.43313307303,5809675.006805061,
347362.43313307303,5809675.006805061,
347372.43313307303,5809675.006805061,
347382.43313307303,5809675.006805061,
347392.43313307303,5809675.006805061,
347402.43313307303,5809675.006805061,
347412.43313307303,5809675.006805061,
347422.43313307303,5809675.006805061,
347432.43313307303,5809675.006805061,
347442.43313307303,5809675.006805061,
347452.43313307303,5809675.006805061,
347462.43313307303,5809675.006805061,
347472.43313307303,5809675.006805061,
347482.43313307303,5809675.006805061,
347492.43313307303,5809675.006805061,
347502.43313307303,5809675.006805061,
347512.43313307303,5809675.006805061,
347522.43313307303,5809675.006805061,
347532.43313307303,5809675.006805061,
347542.43313307303,5809675.006805061,
347552.43313307303,5809675.006805061,
347562.43313307303,5809675.006805061,
347572.43313307303,5809675.006805061,
347582.43313307303,5809675.006805061,
347592.43313307303,5809675.006805061,
347602.43313307303,5809675.006805061,
347612.43313307303,5809675.006805061,
347622.43313307303,5809675.006805061,
347632.43313307303,5809675.006805061,
347642.43313307303,5809675.006805061,
347652.43313307303,5809675.006805061,
347662.43313307303,5809675.006805061,
347672.43313307303,5809675.006805061,
347682.43313307303,5809675.006805061,
347692.43313307303,5809675.006805061,
347112.43313307303,5809665.006805061,
347122.43313307303,5809665.006805061,
347132.43313307303,5809665.006805061,
347142.43313307303,5809665.006805061,
347152.43313307303,5809665.006805061,
347162.43313307303,5809665.006805061,
347172.43313307303,5809665.006805061,
347182.43313307303,5809665.006805061,
347192.43313307303,5809665.006805061,
347202.43313307303,5809665.006805061,
347212.43313307303,5809665.006805061,
347222.43313307303,5809665.006805061,
347232.43313307303,5809665.006805061,
347242.43313307303,5809665.006805061,
347252.43313307303,5809665.006805061,
347262.43313307303,5809665.006805061,
347272.43313307303,5809665.006805061,
347282.43313307303,5809665.006805061,
347292.43313307303,5809665.006805061,
347302.43313307303,5809665.006805061,
347312.43313307303,5809665.006805061,
347322.43313307303,5809665.006805061,
347332.43313307303,5809665.006805061,
347342.43313307303,5809665.006805061,
347352.43313307303,5809665.006805061,
347362.43313307303,5809665.006805061,
347372.43313307303,5809665.006805061,
347382.43313307303,5809665.006805061,
347392.43313307303,5809665.006805061,
347402.43313307303,5809665.006805061,
347412.43313307303,5809665.006805061,
347422.43313307303,5809665.006805061,
347432.43313307303,5809665.006805061,
347442.43313307303,5809665.006805061,
347452.43313307303,5809665.006805061,
347462.43313307303,5809665.006805061,
347472.43313307303,5809665.006805061,
347482.43313307303,5809665.006805061,
347492.43313307303,5809665.006805061,
347502.43313307303,5809665.006805061,
347512.43313307303,5809665.006805061,
347522.43313307303,5809665.006805061,
347532.43313307303,5809665.006805061,
347542.43313307303,5809665.006805061,
347552.43313307303,5809665.006805061,
347562.43313307303,5809665.006805061,
347572.43313307303,5809665.006805061,
347582.43313307303,5809665.006805061,
347592.43313307303,5809665.006805061,
347602.43313307303,5809665.006805061,
347612.43313307303,5809665.006805061,
347622.43313307303,5809665.006805061,
347632.43313307303,5809665.006805061,
347642.43313307303,5809665.006805061,
347652.43313307303,5809665.006805061,
347662.43313307303,5809665.006805061,
347672.43313307303,5809665.006805061,
347682.43313307303,5809665.006805061,
347102.43313307303,5809655.006805061,
347112.43313307303,5809655.006805061,
347122.43313307303,5809655.006805061,
347132.43313307303,5809655.006805061,
347142.43313307303,5809655.006805061,
347152.43313307303,5809655.006805061,
347162.43313307303,5809655.006805061,
347172.43313307303,5809655.006805061,
347182.43313307303,5809655.006805061,
347192.43313307303,5809655.006805061,
347202.43313307303,5809655.006805061,
347212.43313307303,5809655.006805061,
347222.43313307303,5809655.006805061,
347232.43313307303,5809655.006805061,
347242.43313307303,5809655.006805061,
347252.43313307303,5809655.006805061,
347262.43313307303,5809655.006805061,
347272.43313307303,5809655.006805061,
347282.43313307303,5809655.006805061,
347292.43313307303,5809655.006805061,
347302.43313307303,5809655.006805061,
347312.43313307303,5809655.006805061,
347322.43313307303,5809655.006805061,
347332.43313307303,5809655.006805061,
347342.43313307303,5809655.006805061,
347352.43313307303,5809655.006805061,
347362.43313307303,5809655.006805061,
347372.43313307303,5809655.006805061,
347382.43313307303,5809655.006805061,
347392.43313307303,5809655.006805061,
347402.43313307303,5809655.006805061,
347412.43313307303,5809655.006805061,
347422.43313307303,5809655.006805061,
347432.43313307303,5809655.006805061,
347442.43313307303,5809655.006805061,
347452.43313307303,5809655.006805061,
347462.43313307303,5809655.006805061,
347472.43313307303,5809655.006805061,
347482.43313307303,5809655.006805061,
347492.43313307303,5809655.006805061,
347502.43313307303,5809655.006805061,
347512.43313307303,5809655.006805061,
347522.43313307303,5809655.006805061,
347532.43313307303,5809655.006805061,
347542.43313307303,5809655.006805061,
347552.43313307303,5809655.006805061,
347562.43313307303,5809655.006805061,
347572.43313307303,5809655.006805061,
347582.43313307303,5809655.006805061,
347592.43313307303,5809655.006805061,
347602.43313307303,5809655.006805061,
347612.43313307303,5809655.006805061,
347622.43313307303,5809655.006805061,
347632.43313307303,5809655.006805061,
347642.43313307303,5809655.006805061,
347652.43313307303,5809655.006805061,
347662.43313307303,5809655.006805061,
347672.43313307303,5809655.006805061,
347682.43313307303,5809655.006805061,
347102.43313307303,5809645.006805061,
347112.43313307303,5809645.006805061,
347122.43313307303,5809645.006805061,
347132.43313307303,5809645.006805061,
347142.43313307303,5809645.006805061,
347152.43313307303,5809645.006805061,
347162.43313307303,5809645.006805061,
347172.43313307303,5809645.006805061,
347182.43313307303,5809645.006805061,
347192.43313307303,5809645.006805061,
347202.43313307303,5809645.006805061,
347212.43313307303,5809645.006805061,
347222.43313307303,5809645.006805061,
347232.43313307303,5809645.006805061,
347242.43313307303,5809645.006805061,
347252.43313307303,5809645.006805061,
347262.43313307303,5809645.006805061,
347272.43313307303,5809645.006805061,
347282.43313307303,5809645.006805061,
347292.43313307303,5809645.006805061,
347302.43313307303,5809645.006805061,
347312.43313307303,5809645.006805061,
347322.43313307303,5809645.006805061,
347332.43313307303,5809645.006805061,
347342.43313307303,5809645.006805061,
347352.43313307303,5809645.006805061,
347362.43313307303,5809645.006805061,
347372.43313307303,5809645.006805061,
347382.43313307303,5809645.006805061,
347392.43313307303,5809645.006805061,
347402.43313307303,5809645.006805061,
347412.43313307303,5809645.006805061,
347422.43313307303,5809645.006805061,
347432.43313307303,5809645.006805061,
347442.43313307303,5809645.006805061,
347452.43313307303,5809645.006805061,
347462.43313307303,5809645.006805061,
347472.43313307303,5809645.006805061,
347482.43313307303,5809645.006805061,
347492.43313307303,5809645.006805061,
347502.43313307303,5809645.006805061,
347512.43313307303,5809645.006805061,
347522.43313307303,5809645.006805061,
347532.43313307303,5809645.006805061,
347542.43313307303,5809645.006805061,
347552.43313307303,5809645.006805061,
347562.43313307303,5809645.006805061,
347572.43313307303,5809645.006805061,
347582.43313307303,5809645.006805061,
347592.43313307303,5809645.006805061,
347602.43313307303,5809645.006805061,
347612.43313307303,5809645.006805061,
347622.43313307303,5809645.006805061,
347632.43313307303,5809645.006805061,
347642.43313307303,5809645.006805061,
347652.43313307303,5809645.006805061,
347662.43313307303,5809645.006805061,
347672.43313307303,5809645.006805061,
347682.43313307303,5809645.006805061,
347102.43313307303,5809635.006805061,
347112.43313307303,5809635.006805061,
347122.43313307303,5809635.006805061,
347132.43313307303,5809635.006805061,
347142.43313307303,5809635.006805061,
347152.43313307303,5809635.006805061,
347162.43313307303,5809635.006805061,
347172.43313307303,5809635.006805061,
347182.43313307303,5809635.006805061,
347192.43313307303,5809635.006805061,
347202.43313307303,5809635.006805061,
347212.43313307303,5809635.006805061,
347222.43313307303,5809635.006805061,
347232.43313307303,5809635.006805061,
347242.43313307303,5809635.006805061,
347252.43313307303,5809635.006805061,
347262.43313307303,5809635.006805061,
347272.43313307303,5809635.006805061,
347282.43313307303,5809635.006805061,
347292.43313307303,5809635.006805061,
347302.43313307303,5809635.006805061,
347312.43313307303,5809635.006805061,
347322.43313307303,5809635.006805061,
347332.43313307303,5809635.006805061,
347342.43313307303,5809635.006805061,
347352.43313307303,5809635.006805061,
347362.43313307303,5809635.006805061,
347372.43313307303,5809635.006805061,
347382.43313307303,5809635.006805061,
347392.43313307303,5809635.006805061,
347402.43313307303,5809635.006805061,
347412.43313307303,5809635.006805061,
347422.43313307303,5809635.006805061,
347432.43313307303,5809635.006805061,
347442.43313307303,5809635.006805061,
347452.43313307303,5809635.006805061,
347462.43313307303,5809635.006805061,
347472.43313307303,5809635.006805061,
347482.43313307303,5809635.006805061,
347492.43313307303,5809635.006805061,
347502.43313307303,5809635.006805061,
347512.43313307303,5809635.006805061,
347522.43313307303,5809635.006805061,
347532.43313307303,5809635.006805061,
347542.43313307303,5809635.006805061,
347552.43313307303,5809635.006805061,
347562.43313307303,5809635.006805061,
347572.43313307303,5809635.006805061,
347582.43313307303,5809635.006805061,
347592.43313307303,5809635.006805061,
347602.43313307303,5809635.006805061,
347612.43313307303,5809635.006805061,
347622.43313307303,5809635.006805061,
347632.43313307303,5809635.006805061,
347642.43313307303,5809635.006805061,
347652.43313307303,5809635.006805061,
347662.43313307303,5809635.006805061,
347672.43313307303,5809635.006805061,
347682.43313307303,5809635.006805061,
347092.43313307303,5809625.006805061,
347102.43313307303,5809625.006805061,
347112.43313307303,5809625.006805061,
347122.43313307303,5809625.006805061,
347132.43313307303,5809625.006805061,
347142.43313307303,5809625.006805061,
347152.43313307303,5809625.006805061,
347162.43313307303,5809625.006805061,
347172.43313307303,5809625.006805061,
347182.43313307303,5809625.006805061,
347192.43313307303,5809625.006805061,
347202.43313307303,5809625.006805061,
347212.43313307303,5809625.006805061,
347222.43313307303,5809625.006805061,
347232.43313307303,5809625.006805061,
347242.43313307303,5809625.006805061,
347252.43313307303,5809625.006805061,
347262.43313307303,5809625.006805061,
347272.43313307303,5809625.006805061,
347282.43313307303,5809625.006805061,
347292.43313307303,5809625.006805061,
347302.43313307303,5809625.006805061,
347312.43313307303,5809625.006805061,
347322.43313307303,5809625.006805061,
347332.43313307303,5809625.006805061,
347342.43313307303,5809625.006805061,
347352.43313307303,5809625.006805061,
347362.43313307303,5809625.006805061,
347372.43313307303,5809625.006805061,
347382.43313307303,5809625.006805061,
347392.43313307303,5809625.006805061,
347402.43313307303,5809625.006805061,
347412.43313307303,5809625.006805061,
347422.43313307303,5809625.006805061,
347432.43313307303,5809625.006805061,
347442.43313307303,5809625.006805061,
347452.43313307303,5809625.006805061,
347462.43313307303,5809625.006805061,
347472.43313307303,5809625.006805061,
347482.43313307303,5809625.006805061,
347492.43313307303,5809625.006805061,
347502.43313307303,5809625.006805061,
347512.43313307303,5809625.006805061,
347522.43313307303,5809625.006805061,
347532.43313307303,5809625.006805061,
347542.43313307303,5809625.006805061,
347552.43313307303,5809625.006805061,
347562.43313307303,5809625.006805061,
347572.43313307303,5809625.006805061,
347582.43313307303,5809625.006805061,
347592.43313307303,5809625.006805061,
347602.43313307303,5809625.006805061,
347612.43313307303,5809625.006805061,
347622.43313307303,5809625.006805061,
347632.43313307303,5809625.006805061,
347642.43313307303,5809625.006805061,
347652.43313307303,5809625.006805061,
347662.43313307303,5809625.006805061,
347672.43313307303,5809625.006805061,
347682.43313307303,5809625.006805061,
347092.43313307303,5809615.006805061,
347102.43313307303,5809615.006805061,
347112.43313307303,5809615.006805061,
347122.43313307303,5809615.006805061,
347132.43313307303,5809615.006805061,
347142.43313307303,5809615.006805061,
347152.43313307303,5809615.006805061,
347162.43313307303,5809615.006805061,
347172.43313307303,5809615.006805061,
347182.43313307303,5809615.006805061,
347192.43313307303,5809615.006805061,
347202.43313307303,5809615.006805061,
347212.43313307303,5809615.006805061,
347222.43313307303,5809615.006805061,
347232.43313307303,5809615.006805061,
347242.43313307303,5809615.006805061,
347252.43313307303,5809615.006805061,
347262.43313307303,5809615.006805061,
347272.43313307303,5809615.006805061,
347282.43313307303,5809615.006805061,
347292.43313307303,5809615.006805061,
347302.43313307303,5809615.006805061,
347312.43313307303,5809615.006805061,
347322.43313307303,5809615.006805061,
347332.43313307303,5809615.006805061,
347342.43313307303,5809615.006805061,
347352.43313307303,5809615.006805061,
347362.43313307303,5809615.006805061,
347372.43313307303,5809615.006805061,
347382.43313307303,5809615.006805061,
347392.43313307303,5809615.006805061,
347402.43313307303,5809615.006805061,
347412.43313307303,5809615.006805061,
347422.43313307303,5809615.006805061,
347432.43313307303,5809615.006805061,
347442.43313307303,5809615.006805061,
347452.43313307303,5809615.006805061,
347462.43313307303,5809615.006805061,
347472.43313307303,5809615.006805061,
347482.43313307303,5809615.006805061,
347492.43313307303,5809615.006805061,
347502.43313307303,5809615.006805061,
347512.43313307303,5809615.006805061,
347522.43313307303,5809615.006805061,
347532.43313307303,5809615.006805061,
347542.43313307303,5809615.006805061,
347552.43313307303,5809615.006805061,
347562.43313307303,5809615.006805061,
347572.43313307303,5809615.006805061,
347582.43313307303,5809615.006805061,
347592.43313307303,5809615.006805061,
347602.43313307303,5809615.006805061,
347612.43313307303,5809615.006805061,
347622.43313307303,5809615.006805061,
347632.43313307303,5809615.006805061,
347642.43313307303,5809615.006805061,
347652.43313307303,5809615.006805061,
347662.43313307303,5809615.006805061,
347672.43313307303,5809615.006805061,
347092.43313307303,5809605.006805061,
347102.43313307303,5809605.006805061,
347112.43313307303,5809605.006805061,
347122.43313307303,5809605.006805061,
347132.43313307303,5809605.006805061,
347142.43313307303,5809605.006805061,
347152.43313307303,5809605.006805061,
347162.43313307303,5809605.006805061,
347172.43313307303,5809605.006805061,
347182.43313307303,5809605.006805061,
347192.43313307303,5809605.006805061,
347202.43313307303,5809605.006805061,
347212.43313307303,5809605.006805061,
347222.43313307303,5809605.006805061,
347232.43313307303,5809605.006805061,
347242.43313307303,5809605.006805061,
347252.43313307303,5809605.006805061,
347262.43313307303,5809605.006805061,
347272.43313307303,5809605.006805061,
347282.43313307303,5809605.006805061,
347292.43313307303,5809605.006805061,
347302.43313307303,5809605.006805061,
347312.43313307303,5809605.006805061,
347322.43313307303,5809605.006805061,
347332.43313307303,5809605.006805061,
347342.43313307303,5809605.006805061,
347352.43313307303,5809605.006805061,
347362.43313307303,5809605.006805061,
347372.43313307303,5809605.006805061,
347382.43313307303,5809605.006805061,
347392.43313307303,5809605.006805061,
347402.43313307303,5809605.006805061,
347412.43313307303,5809605.006805061,
347422.43313307303,5809605.006805061,
347432.43313307303,5809605.006805061,
347442.43313307303,5809605.006805061,
347452.43313307303,5809605.006805061,
347462.43313307303,5809605.006805061,
347472.43313307303,5809605.006805061,
347482.43313307303,5809605.006805061,
347492.43313307303,5809605.006805061,
347502.43313307303,5809605.006805061,
347512.43313307303,5809605.006805061,
347522.43313307303,5809605.006805061,
347532.43313307303,5809605.006805061,
347542.43313307303,5809605.006805061,
347552.43313307303,5809605.006805061,
347562.43313307303,5809605.006805061,
347572.43313307303,5809605.006805061,
347582.43313307303,5809605.006805061,
347592.43313307303,5809605.006805061,
347602.43313307303,5809605.006805061,
347612.43313307303,5809605.006805061,
347622.43313307303,5809605.006805061,
347632.43313307303,5809605.006805061,
347642.43313307303,5809605.006805061,
347652.43313307303,5809605.006805061,
347662.43313307303,5809605.006805061,
347672.43313307303,5809605.006805061,
347082.43313307303,5809595.006805061,
347092.43313307303,5809595.006805061,
347102.43313307303,5809595.006805061,
347112.43313307303,5809595.006805061,
347122.43313307303,5809595.006805061,
347132.43313307303,5809595.006805061,
347142.43313307303,5809595.006805061,
347152.43313307303,5809595.006805061,
347162.43313307303,5809595.006805061,
347172.43313307303,5809595.006805061,
347182.43313307303,5809595.006805061,
347192.43313307303,5809595.006805061,
347202.43313307303,5809595.006805061,
347212.43313307303,5809595.006805061,
347222.43313307303,5809595.006805061,
347232.43313307303,5809595.006805061,
347242.43313307303,5809595.006805061,
347252.43313307303,5809595.006805061,
347262.43313307303,5809595.006805061,
347272.43313307303,5809595.006805061,
347282.43313307303,5809595.006805061,
347292.43313307303,5809595.006805061,
347302.43313307303,5809595.006805061,
347312.43313307303,5809595.006805061,
347322.43313307303,5809595.006805061,
347332.43313307303,5809595.006805061,
347342.43313307303,5809595.006805061,
347352.43313307303,5809595.006805061,
347362.43313307303,5809595.006805061,
347372.43313307303,5809595.006805061,
347382.43313307303,5809595.006805061,
347392.43313307303,5809595.006805061,
347402.43313307303,5809595.006805061,
347412.43313307303,5809595.006805061,
347422.43313307303,5809595.006805061,
347432.43313307303,5809595.006805061,
347442.43313307303,5809595.006805061,
347452.43313307303,5809595.006805061,
347462.43313307303,5809595.006805061,
347472.43313307303,5809595.006805061,
347482.43313307303,5809595.006805061,
347492.43313307303,5809595.006805061,
347502.43313307303,5809595.006805061,
347512.43313307303,5809595.006805061,
347522.43313307303,5809595.006805061,
347532.43313307303,5809595.006805061,
347542.43313307303,5809595.006805061,
347552.43313307303,5809595.006805061,
347562.43313307303,5809595.006805061,
347572.43313307303,5809595.006805061,
347582.43313307303,5809595.006805061,
347592.43313307303,5809595.006805061,
347602.43313307303,5809595.006805061,
347612.43313307303,5809595.006805061,
347622.43313307303,5809595.006805061,
347632.43313307303,5809595.006805061,
347642.43313307303,5809595.006805061,
347652.43313307303,5809595.006805061,
347662.43313307303,5809595.006805061,
347672.43313307303,5809595.006805061,
347082.43313307303,5809585.006805061,
347092.43313307303,5809585.006805061,
347102.43313307303,5809585.006805061,
347112.43313307303,5809585.006805061,
347122.43313307303,5809585.006805061,
347132.43313307303,5809585.006805061,
347142.43313307303,5809585.006805061,
347152.43313307303,5809585.006805061,
347162.43313307303,5809585.006805061,
347172.43313307303,5809585.006805061,
347182.43313307303,5809585.006805061,
347192.43313307303,5809585.006805061,
347202.43313307303,5809585.006805061,
347212.43313307303,5809585.006805061,
347222.43313307303,5809585.006805061,
347232.43313307303,5809585.006805061,
347242.43313307303,5809585.006805061,
347252.43313307303,5809585.006805061,
347262.43313307303,5809585.006805061,
347272.43313307303,5809585.006805061,
347282.43313307303,5809585.006805061,
347292.43313307303,5809585.006805061,
347302.43313307303,5809585.006805061,
347312.43313307303,5809585.006805061,
347322.43313307303,5809585.006805061,
347332.43313307303,5809585.006805061,
347342.43313307303,5809585.006805061,
347352.43313307303,5809585.006805061,
347362.43313307303,5809585.006805061,
347372.43313307303,5809585.006805061,
347382.43313307303,5809585.006805061,
347392.43313307303,5809585.006805061,
347402.43313307303,5809585.006805061,
347412.43313307303,5809585.006805061,
347422.43313307303,5809585.006805061,
347432.43313307303,5809585.006805061,
347442.43313307303,5809585.006805061,
347452.43313307303,5809585.006805061,
347462.43313307303,5809585.006805061,
347472.43313307303,5809585.006805061,
347482.43313307303,5809585.006805061,
347492.43313307303,5809585.006805061,
347502.43313307303,5809585.006805061,
347512.43313307303,5809585.006805061,
347522.43313307303,5809585.006805061,
347532.43313307303,5809585.006805061,
347542.43313307303,5809585.006805061,
347552.43313307303,5809585.006805061,
347562.43313307303,5809585.006805061,
347572.43313307303,5809585.006805061,
347582.43313307303,5809585.006805061,
347592.43313307303,5809585.006805061,
347602.43313307303,5809585.006805061,
347612.43313307303,5809585.006805061,
347622.43313307303,5809585.006805061,
347632.43313307303,5809585.006805061,
347642.43313307303,5809585.006805061,
347652.43313307303,5809585.006805061,
347662.43313307303,5809585.006805061,
347672.43313307303,5809585.006805061,
347082.43313307303,5809575.006805061,
347092.43313307303,5809575.006805061,
347102.43313307303,5809575.006805061,
347112.43313307303,5809575.006805061,
347122.43313307303,5809575.006805061,
347132.43313307303,5809575.006805061,
347142.43313307303,5809575.006805061,
347152.43313307303,5809575.006805061,
347162.43313307303,5809575.006805061,
347172.43313307303,5809575.006805061,
347182.43313307303,5809575.006805061,
347192.43313307303,5809575.006805061,
347202.43313307303,5809575.006805061,0.383070707321167
347212.43313307303,5809575.006805061,0.38321101665496826
347222.43313307303,5809575.006805061,0.3574492931365967
347232.43313307303,5809575.006805061,0.3574920892715454
347242.43313307303,5809575.006805061,
347252.43313307303,5809575.006805061,
347262.43313307303,5809575.006805061,
347272.43313307303,5809575.006805061,
347282.43313307303,5809575.006805061,
347292.43313307303,5809575.006805061,
347302.43313307303,5809575.006805061,
347312.43313307303,5809575.006805061,
347322.43313307303,5809575.006805061,
347332.43313307303,5809575.006805061,
347342.43313307303,5809575.006805061,
347352.43313307303,5809575.006805061,
347362.43313307303,5809575.006805061,
347372.43313307303,5809575.006805061,
347382.43313307303,5809575.006805061,
347392.43313307303,5809575.006805061,
347402.43313307303,5809575.006805061,
347412.43313307303,5809575.006805061,
347422.43313307303,5809575.006805061,
347432.43313307303,5809575.006805061,
347442.43313307303,5809575.006805061,
347452.43313307303,5809575.006805061,
347462.43313307303,5809575.006805061,
347472.43313307303,5809575.006805061,
347482.43313307303,5809575.006805061,
347492.43313307303,5809575.006805061,
347502.43313307303,5809575.006805061,
347512.43313307303,5809575.006805061,
347522.43313307303,5809575.006805061,
347532.43313307303,5809575.006805061,
347542.43313307303,5809575.006805061,
347552.43313307303,5809575.006805061,
347562.43313307303,5809575.006805061,
347572.43313307303,5809575.006805061,
347582.43313307303,5809575.006805061,
347592.43313307303,5809575.006805061,
347602.43313307303,5809575.006805061,
347612.43313307303,5809575.006805061,
347622.43313307303,5809575.006805061,
347632.43313307303,5809575.006805061,
347642.43313307303,5809575.006805061,
347652.43313307303,5809575.006805061,
347662.43313307303,5809575.006805061,
347082.43313307303,5809565.006805061,
347092.43313307303,5809565.006805061,
347102.43313307303,5809565.006805061,
347112.43313307303,5809565.006805061,
347122.43313307303,5809565.006805061,
347132.43313307303,5809565.006805061,
347142.43313307303,5809565.006805061,
347152.43313307303,5809565.006805061,
347162.43313307303,5809565.006805061,
347172.43313307303,5809565.006805061,
347182.43313307303,5809565.006805061,
347192.43313307303,5809565.006805061,
347202.43313307303,5809565.006805061,0.38283276557922363
347212.43313307303,5809565.006805061,0.3829503059387207
347222.43313307303,5809565.006805061,0.3571739196777344
347232.43313307303,5809565.006805061,0.35721349716186523
347242.43313307303,5809565.006805061,
347252.43313307303,5809565.006805061,
347262.43313307303,5809565.006805061,
347272.43313307303,5809565.006805061,
347282.43313307303,5809565.006805061,
347292.43313307303,5809565.006805061,
347302.43313307303,5809565.006805061,
347312.43313307303,5809565.006805061,
347322.43313307303,5809565.006805061,
347332.43313307303,5809565.006805061,
347342.43313307303,5809565.006805061,
347352.43313307303,5809565.006805061,
347362.43313307303,5809565.006805061,
347372.43313307303,5809565.006805061,
347382.43313307303,5809565.006805061,
347392.43313307303,5809565.006805061,
347402.43313307303,5809565.006805061,
347412.43313307303,5809565.006805061,
347422.43313307303,5809565.006805061,
347432.43313307303,5809565.006805061,
347442.43313307303,5809565.006805061,
347452.43313307303,5809565.006805061,
347462.43313307303,5809565.006805061,
347472.43313307303,5809565.006805061,
347482.43313307303,5809565.006805061,
347492.43313307303,5809565.006805061,
347502.43313307303,5809565.006805061,
347512.43313307303,5809565.006805061,
347522.43313307303,5809565.006805061,
347532.43313307303,5809565.006805061,
347542.43313307303,5809565.006805061,
347552.43313307303,5809565.006805061,
347562.43313307303,5809565.006805061,
347572.43313307303,5809565.006805061,
347582.43313307303,5809565.006805061,
347592.43313307303,5809565.006805061,
347602.43313307303,5809565.006805061,
347612.43313307303,5809565.006805061,
347622.43313307303,5809565.006805061,
347632.43313307303,5809565.006805061,
347642.43313307303,5809565.006805061,
347652.43313307303,5809565.006805061,
347662.43313307303,5809565.006805061,
347072.43313307303,5809555.006805061,
347082.43313307303,5809555.006805061,
347092.43313307303,5809555.006805061,
347102.43313307303,5809555.006805061,
347112.43313307303,5809555.006805061,
347122.43313307303,5809555.006805061,
347132.43313307303,5809555.006805061,
347142.43313307303,5809555.006805061,
347152.43313307303,5809555.006805061,
347162.43313307303,5809555.006805061,
347172.43313307303,5809555.006805061,
347182.43313307303,5809555.006805061,0.4029688835144043
347192.43313307303,5809555.006805061,0.403104305267334
347202.43313307303,5809555.006805061,0.37194275856018066
347212.43313307303,5809555.006805061,0.3720438480377197
347222.43313307303,5809555.006805061,0.3449622392654419
347232.43313307303,5809555.006805061,0.34499990940093994
347242.43313307303,5809555.006805061,
347252.43313307303,5809555.006805061,
347262.43313307303,5809555.006805061,
347272.43313307303,5809555.006805061,
347282.43313307303,5809555.006805061,
347292.43313307303,5809555.006805061,
347302.43313307303,5809555.006805061,
347312.43313307303,5809555.006805061,
347322.43313307303,5809555.006805061,
347332.43313307303,5809555.006805061,
347342.43313307303,5809555.006805061,
347352.43313307303,5809555.006805061,
347362.43313307303,5809555.006805061,
347372.43313307303,5809555.006805061,
347382.43313307303,5809555.006805061,
347392.43313307303,5809555.006805061,
347402.43313307303,5809555.006805061,
347412.43313307303,5809555.006805061,
347422.43313307303,5809555.006805061,
347432.43313307303,5809555.006805061,
347442.43313307303,5809555.006805061,
347452.43313307303,5809555.006805061,
347462.43313307303,5809555.006805061,
347472.43313307303,5809555.006805061,
347482.43313307303,5809555.006805061,
347492.43313307303,5809555.006805061,
347502.43313307303,5809555.006805061,
347512.43313307303,5809555.006805061,
347522.43313307303,5809555.006805061,
347532.43313307303,5809555.006805061,
347542.43313307303,5809555.006805061,
347552.43313307303,5809555.006805061,
347562.43313307303,5809555.006805061,
347572.43313307303,5809555.006805061,
347582.43313307303,5809555.006805061,
347592.43313307303,5809555.006805061,
347602.43313307303,5809555.006805061,
347612.43313307303,5809555.006805061,
347622.43313307303,5809555.006805061,
347632.43313307303,5809555.006805061,
347642.43313307303,5809555.006805061,
347652.43313307303,5809555.006805061,
347662.43313307303,5809555.006805061,
347072.43313307303,5809545.006805061,
347082.43313307303,5809545.006805061,
347092.43313307303,5809545.006805061,
347102.43313307303,5809545.006805061,
347112.43313307303,5809545.006805061,
347122.43313307303,5809545.006805061,
347132.43313307303,5809545.006805061,
347142.43313307303,5809545.006805061,
347152.43313307303,5809545.006805061,
347162.43313307303,5809545.006805061,
347172.43313307303,5809545.006805061,
347182.43313307303,5809545.006805061,0.40281450748443604
347192.43313307303,5809545.006805061,0.40293335914611816
347202.43313307303,5809545.006805061,0.37174034118652344
347212.43313307303,5809545.006805061,0.3718292713165283
347222.43313307303,5809545.006805061,0.344740629196167
347232.43313307303,5809545.006805061,0.34477758407592773
347242.43313307303,5809545.006805061,
347252.43313307303,5809545.006805061,
347262.43313307303,5809545.006805061,
347272.43313307303,5809545.006805061,
347282.43313307303,5809545.006805061,
347292.43313307303,5809545.006805061,
347302.43313307303,5809545.006805061,
347312.43313307303,5809545.006805061,
347322.43313307303,5809545.006805061,
347332.43313307303,5809545.006805061,
347342.43313307303,5809545.006805061,
347352.43313307303,5809545.006805061,
347362.43313307303,5809545.006805061,
347372.43313307303,5809545.006805061,
347382.43313307303,5809545.006805061,
347392.43313307303,5809545.006805061,
347402.43313307303,5809545.006805061,
347412.43313307303,5809545.006805061,
347422.43313307303,5809545.006805061,
347432.43313307303,5809545.006805061,
347442.43313307303,5809545.006805061,
347452.43313307303,5809545.006805061,
347462.43313307303,5809545.006805061,
347472.43313307303,5809545.006805061,
347482.43313307303,5809545.006805061,
347492.43313307303,5809545.006805061,
347502.43313307303,5809545.006805061,
347512.43313307303,5809545.006805061,
347522.43313307303,5809545.006805061,
347532.43313307303,5809545.006805061,
347542.43313307303,5809545.006805061,
347552.43313307303,5809545.006805061,
347562.43313307303,5809545.006805061,
347572.43313307303,5809545.006805061,
347582.43313307303,5809545.006805061,
347592.43313307303,5809545.006805061,
347602.43313307303,5809545.006805061,
347612.43313307303,5809545.006805061,
347622.43313307303,5809545.006805061,
347632.43313307303,5809545.006805061,
347642.43313307303,5809545.006805061,
347652.43313307303,5809545.006805061,
347662.43313307303,5809545.006805061,
347072.43313307303,5809535.006805061,
347082.43313307303,5809535.006805061,
347092.43313307303,5809535.006805061,
347102.43313307303,5809535.006805061,
347112.43313307303,5809535.006805061,
347122.43313307303,5809535.006805061,
347132.43313307303,5809535.006805061,
347142.43313307303,5809535.006805061,
347152.43313307303,5809535.006805061,
347162.43313307303,5809535.006805061,
347172.43313307303,5809535.006805061,
347182.43313307303,5809535.006805061,0.4053218364715576
347192.43313307303,5809535.006805061,0.4054274559020996
347202.43313307303,5809535.006805061,0.3371129035949707
347212.43313307303,5809535.006805061,0.3371927738189697
347222.43313307303,5809535.006805061,0.2960975170135498
347232.43313307303,5809535.006805061,0.296140193939209
347242.43313307303,5809535.006805061,0.28893494606018066
347252.43313307303,5809535.006805061,0.2889288663864136
347262.43313307303,5809535.006805061,
347272.43313307303,5809535.006805061,
347282.43313307303,5809535.006805061,
347292.43313307303,5809535.006805061,
347302.43313307303,5809535.006805061,
347312.43313307303,5809535.006805061,
347322.43313307303,5809535.006805061,
347332.43313307303,5809535.006805061,
347342.43313307303,5809535.006805061,
347352.43313307303,5809535.006805061,
347362.43313307303,5809535.006805061,
347372.43313307303,5809535.006805061,
347382.43313307303,5809535.006805061,
347392.43313307303,5809535.006805061,
347402.43313307303,5809535.006805061,
347412.43313307303,5809535.006805061,
347422.43313307303,5809535.006805061,
347432.43313307303,5809535.006805061,
347442.43313307303,5809535.006805061,
347452.43313307303,5809535.006805061,
347462.43313307303,5809535.006805061,
347472.43313307303,5809535.006805061,
347482.43313307303,5809535.006805061,
347492.43313307303,5809535.006805061,
347502.43313307303,5809535.006805061,
347512.43313307303,5809535.006805061,
347522.43313307303,5809535.006805061,
347532.43313307303,5809535.006805061,
347542.43313307303,5809535.006805061,
347552.43313307303,5809535.006805061,
347562.43313307303,5809535.006805061,
347572.43313307303,5809535.006805061,
347582.43313307303,5809535.006805061,
347592.43313307303,5809535.006805061,
347602.43313307303,5809535.006805061,
347612.43313307303,5809535.006805061,
347622.43313307303,5809535.006805061,
347632.43313307303,5809535.006805061,
347642.43313307303,5809535.006805061,
347652.43313307303,5809535.006805061,
347062.43313307303,5809525.006805061,
347072.43313307303,5809525.006805061,
347082.43313307303,5809525.006805061,
347092.43313307303,5809525.006805061,
347102.43313307303,5809525.006805061,
347112.43313307303,5809525.006805061,
347122.43313307303,5809525.006805061,
347132.43313307303,5809525.006805061,
347142.43313307303,5809525.006805061,
347152.43313307303,5809525.006805061,
347162.43313307303,5809525.006805061,
347172.43313307303,5809525.006805061,
347182.43313307303,5809525.006805061,0.4051852226257324
347192.43313307303,5809525.006805061,0.40528035163879395
347202.43313307303,5809525.006805061,0.3369424343109131
347212.43313307303,5809525.006805061,0.33701539039611816
347222.43313307303,5809525.006805061,0.2958880662918091
347232.43313307303,5809525.006805061,0.29593098163604736
347242.43313307303,5809525.006805061,0.2887305021286011
347252.43313307303,5809525.006805061,0.28873324394226074
347262.43313307303,5809525.006805061,
347272.43313307303,5809525.006805061,
347282.43313307303,5809525.006805061,
347292.43313307303,5809525.006805061,
347302.43313307303,5809525.006805061,
347312.43313307303,5809525.006805061,
347322.43313307303,5809525.006805061,
347332.43313307303,5809525.006805061,
347342.43313307303,5809525.006805061,
347352.43313307303,5809525.006805061,
347362.43313307303,5809525.006805061,
347372.43313307303,5809525.006805061,
347382.43313307303,5809525.006805061,
347392.43313307303,5809525.006805061,
347402.43313307303,5809525.006805061,
347412.43313307303,5809525.006805061,
347422.43313307303,5809525.006805061,
347432.43313307303,5809525.006805061,
347442.43313307303,5809525.006805061,
347452.43313307303,5809525.006805061,
347462.43313307303,5809525.006805061,
347472.43313307303,5809525.006805061,
347482.43313307303,5809525.006805061,
347492.43313307303,5809525.006805061,
347502.43313307303,5809525.006805061,
347512.43313307303,5809525.006805061,
347522.43313307303,5809525.006805061,
347532.43313307303,5809525.006805061,
347542.43313307303,5809525.006805061,
347552.43313307303,5809525.006805061,
347562.43313307303,5809525.006805061,
347572.43313307303,5809525.006805061,
347582.43313307303,5809525.006805061,
347592.43313307303,5809525.006805061,
347602.43313307303,5809525.006805061,
347612.43313307303,5809525.006805061,
347622.43313307303,5809525.006805061,
347632.43313307303,5809525.006805061,
347642.43313307303,5809525.006805061,
347652.43313307303,5809525.006805061,
347062.43313307303,5809515.006805061,
347072.43313307303,5809515.006805061,
347082.43313307303,5809515.006805061,
347092.43313307303,5809515.006805061,
347102.43313307303,5809515.006805061,
347112.43313307303,5809515.006805061,
347122.43313307303,5809515.006805061,
347132.43313307303,5809515.006805061,
347142.43313307303,5809515.006805061,
347152.43313307303,5809515.006805061,
347162.43313307303,5809515.006805061,
347172.43313307303,5809515.006805061,
347182.43313307303,5809515.006805061,
347192.43313307303,5809515.006805061,
347202.43313307303,5809515.006805061,0.2993985414505005
347212.43313307303,5809515.006805061,0.29946649074554443
347222.43313307303,5809515.006805061,0.2704744338989258
347232.43313307303,5809515.006805061,0.27051806449890137
347242.43313307303,5809515.006805061,0.2890748977661133
347252.43313307303,5809515.006805061,0.28908491134643555
347262.43313307303,5809515.006805061,0.3215193748474121
347272.43313307303,5809515.006805061,0.32150542736053467
347282.43313307303,5809515.006805061,
347292.43313307303,5809515.006805061,
347302.43313307303,5809515.006805061,
347312.43313307303,5809515.006805061,
347322.43313307303,5809515.006805061,
347332.43313307303,5809515.006805061,
347342.43313307303,5809515.006805061,
347352.43313307303,5809515.006805061,
347362.43313307303,5809515.006805061,
347372.43313307303,5809515.006805061,
347382.43313307303,5809515.006805061,
347392.43313307303,5809515.006805061,
347402.43313307303,5809515.006805061,
347412.43313307303,5809515.006805061,
347422.43313307303,5809515.006805061,
347432.43313307303,5809515.006805061,
347442.43313307303,5809515.006805061,
347452.43313307303,5809515.006805061,
347462.43313307303,5809515.006805061,
347472.43313307303,5809515.006805061,
347482.43313307303,5809515.006805061,
347492.43313307303,5809515.006805061,
347502.43313307303,5809515.006805061,
347512.43313307303,5809515.006805061,
347522.43313307303,5809515.006805061,
347532.43313307303,5809515.006805061,
347542.43313307303,5809515.006805061,
347552.43313307303,5809515.006805061,
347562.43313307303,5809515.006805061,
347572.43313307303,5809515.006805061,
347582.43313307303,5809515.006805061,
347592.43313307303,5809515.006805061,
347602.43313307303,5809515.006805061,
347612.43313307303,5809515.006805061,
347622.43313307303,5809515.006805061,
347632.43313307303,5809515.006805061,
347642.43313307303,5809515.006805061,
347652.43313307303,5809515.006805061,
347062.43313307303,5809505.006805061,
347072.43313307303,5809505.006805061,
347082.43313307303,5809505.006805061,
347092.43313307303,5809505.006805061,
347102.43313307303,5809505.006805061,
347112.43313307303,5809505.006805061,
347122.43313307303,5809505.006805061,
347132.43313307303,5809505.006805061,
347142.43313307303,5809505.006805061,
347152.43313307303,5809505.006805061,
347162.43313307303,5809505.006805061,
347172.43313307303,5809505.006805061,
347182.43313307303,5809505.006805061,
347192.43313307303,5809505.006805061,
347202.43313307303,5809505.006805061,0.29925429821014404
347212.43313307303,5809505.006805061,0.29931819438934326
347222.43313307303,5809505.006805061,0.2703009843826294
347232.43313307303,5809505.006805061,0.27034521102905273
347242.43313307303,5809505.006805061,0.2889055013656616
347252.43313307303,5809505.006805061,0.288921594619751
347262.43313307303,5809505.006805061,0.3213855028152466
347272.43313307303,5809505.006805061,0.3213803768157959
347282.43313307303,5809505.006805061,
347292.43313307303,5809505.006805061,
347302.43313307303,5809505.006805061,
347312.43313307303,5809505.006805061,
347322.43313307303,5809505.006805061,
347332.43313307303,5809505.006805061,
347342.43313307303,5809505.006805061,
347352.43313307303,5809505.006805061,
347362.43313307303,5809505.006805061,
347372.43313307303,5809505.006805061,
347382.43313307303,5809505.006805061,
347392.43313307303,5809505.006805061,
347412.43313307303,5809505.006805061,
347422.43313307303,5809505.006805061,
347432.43313307303,5809505.006805061,
347442.43313307303,5809505.006805061,
347452.43313307303,5809505.006805061,
347462.43313307303,5809505.006805061,
347472.43313307303,5809505.006805061,
347482.43313307303,5809505.006805061,
347492.43313307303,5809505.006805061,
347502.43313307303,5809505.006805061,
347512.43313307303,5809505.006805061,
347522.43313307303,5809505.006805061,
347532.43313307303,5809505.006805061,
347542.43313307303,5809505.006805061,
347552.43313307303,5809505.006805061,
347562.43313307303,5809505.006805061,
347572.43313307303,5809505.006805061,
347582.43313307303,5809505.006805061,
347592.43313307303,5809505.006805061,
347602.43313307303,5809505.006805061,
347612.43313307303,5809505.006805061,
347622.43313307303,5809505.006805061,
347632.43313307303,5809505.006805061,
347642.43313307303,5809505.006805061,
347652.43313307303,5809505.006805061,
347052.43313307303,5809495.006805061,
347062.43313307303,5809495.006805061,
347072.43313307303,5809495.006805061,
347082.43313307303,5809495.006805061,
347092.43313307303,5809495.006805061,
347102.43313307303,5809495.006805061,
347112.43313307303,5809495.006805061,
347122.43313307303,5809495.006805061,
347132.43313307303,5809495.006805061,
347142.43313307303,5809495.006805061,
347152.43313307303,5809495.006805061,
347162.43313307303,5809495.006805061,
347172.43313307303,5809495.006805061,
347182.43313307303,5809495.006805061,
347192.43313307303,5809495.006805061,
347202.43313307303,5809495.006805061,0.297383189201355
347212.43313307303,5809495.006805061,0.2974534034729004
347222.43313307303,5809495.006805061,0.28777194023132324
347232.43313307303,5809495.006805061,0.28781676292419434
347242.43313307303,5809495.006805061,0.31005072593688965
347252.43313307303,5809495.006805061,0.3100689649581909
347262.43313307303,5809495.006805061,0.3145214319229126
347272.43313307303,5809495.006805061,0.31452345848083496
347282.43313307303,5809495.006805061,
347292.43313307303,5809495.006805061,
347302.43313307303,5809495.006805061,
347312.43313307303,5809495.006805061,
347322.43313307303,5809495.006805061,
347332.43313307303,5809495.006805061,
347342.43313307303,5809495.006805061,
347352.43313307303,5809495.006805061,
347362.43313307303,5809495.006805061,
347372.43313307303,5809495.006805061,
347382.43313307303,5809495.006805061,
347392.43313307303,5809495.006805061,
347452.43313307303,5809495.006805061,
347462.43313307303,5809495.006805061,
347472.43313307303,5809495.006805061,
347482.43313307303,5809495.006805061,
347492.43313307303,5809495.006805061,
347502.43313307303,5809495.006805061,
347512.43313307303,5809495.006805061,
347522.43313307303,5809495.006805061,
347532.43313307303,5809495.006805061,
347542.43313307303,5809495.006805061,
347552.43313307303,5809495.006805061,
347562.43313307303,5809495.006805061,
347572.43313307303,5809495.006805061,
347582.43313307303,5809495.006805061,
347592.43313307303,5809495.006805061,
347602.43313307303,5809495.006805061,
347612.43313307303,5809495.006805061,
347622.43313307303,5809495.006805061,
347632.43313307303,5809495.006805061,
347642.43313307303,5809495.006805061,
347052.43313307303,5809485.006805061,
347062.43313307303,5809485.006805061,
347072.43313307303,5809485.006805061,
347082.43313307303,5809485.006805061,
347092.43313307303,5809485.006805061,
347102.43313307303,5809485.006805061,
347112.43313307303,5809485.006805061,
347122.43313307303,5809485.006805061,
347132.43313307303,5809485.006805061,
347142.43313307303,5809485.006805061,
347152.43313307303,5809485.006805061,
347162.43313307303,5809485.006805061,
347172.43313307303,5809485.006805061,
347182.43313307303,5809485.006805061,
347192.43313307303,5809485.006805061,
347202.43313307303,5809485.006805061,0.2972412109375
347212.43313307303,5809485.006805061,0.29730868339538574
347222.43313307303,5809485.006805061,0.2876260280609131
347232.43313307303,5809485.006805061,0.2876715660095215
347242.43313307303,5809485.006805061,0.3099275827407837
347252.43313307303,5809485.006805061,0.30994951725006104
347262.43313307303,5809485.006805061,0.31440699100494385
347272.43313307303,5809485.006805061,0.31441521644592285
347282.43313307303,5809485.006805061,
347292.43313307303,5809485.006805061,
347302.43313307303,5809485.006805061,
347312.43313307303,5809485.006805061,
347322.43313307303,5809485.006805061,
347332.43313307303,5809485.006805061,
347342.43313307303,5809485.006805061,
347352.43313307303,5809485.006805061,
347362.43313307303,5809485.006805061,
347372.43313307303,5809485.006805061,
347382.43313307303,5809485.006805061,
347392.43313307303,5809485.006805061,
347502.43313307303,5809485.006805061,
347512.43313307303,5809485.006805061,
347522.43313307303,5809485.006805061,
347532.43313307303,5809485.006805061,
347542.43313307303,5809485.006805061,
347552.43313307303,5809485.006805061,
347562.43313307303,5809485.006805061,
347572.43313307303,5809485.006805061,
347582.43313307303,5809485.006805061,
347592.43313307303,5809485.006805061,
347602.43313307303,5809485.006805061,
347612.43313307303,5809485.006805061,
347622.43313307303,5809485.006805061,
347632.43313307303,5809485.006805061,
347642.43313307303,5809485.006805061,
347052.43313307303,5809475.006805061,
347062.43313307303,5809475.006805061,
347072.43313307303,5809475.006805061,
347082.43313307303,5809475.006805061,
347092.43313307303,5809475.006805061,
347102.43313307303,5809475.006805061,
347112.43313307303,5809475.006805061,
347122.43313307303,5809475.006805061,
347132.43313307303,5809475.006805061,
347142.43313307303,5809475.006805061,
347152.43313307303,5809475.006805061,
347162.43313307303,5809475.006805061,
347172.43313307303,5809475.006805061,
347182.43313307303,5809475.006805061,
347192.43313307303,5809475.006805061,
347202.43313307303,5809475.006805061,0.311337947845459
347212.43313307303,5809475.006805061,0.3113940954208374
347222.43313307303,5809475.006805061,0.329148530960083
347232.43313307303,5809475.006805061,0.32918858528137207
347242.43313307303,5809475.006805061,0.354811429977417
347252.43313307303,5809475.006805061,0.35483670234680176
347262.43313307303,5809475.006805061,0.3462928533554077
347272.43313307303,5809475.006805061,0.34630608558654785
347282.43313307303,5809475.006805061,0.32894158363342285
347292.43313307303,5809475.006805061,0.32894742488861084
347302.43313307303,5809475.006805061,0.32895147800445557
347312.43313307303,5809475.006805061,
347322.43313307303,5809475.006805061,
347332.43313307303,5809475.006805061,
347342.43313307303,5809475.006805061,
347352.43313307303,5809475.006805061,
347362.43313307303,5809475.006805061,
347372.43313307303,5809475.006805061,
347382.43313307303,5809475.006805061,
347392.43313307303,5809475.006805061,
347552.43313307303,5809475.006805061,
347562.43313307303,5809475.006805061,
347572.43313307303,5809475.006805061,
347582.43313307303,5809475.006805061,
347592.43313307303,5809475.006805061,
347602.43313307303,5809475.006805061,
347612.43313307303,5809475.006805061,
347622.43313307303,5809475.006805061,
347632.43313307303,5809475.006805061,
347642.43313307303,5809475.006805061,
347042.43313307303,5809465.006805061,
347052.43313307303,5809465.006805061,
347062.43313307303,5809465.006805061,
347072.43313307303,5809465.006805061,
347082.43313307303,5809465.006805061,
347092.43313307303,5809465.006805061,
347102.43313307303,5809465.006805061,
347112.43313307303,5809465.006805061,
347122.43313307303,5809465.006805061,
347132.43313307303,5809465.006805061,
347142.43313307303,5809465.006805061,
347152.43313307303,5809465.006805061,
347162.43313307303,5809465.006805061,
347172.43313307303,5809465.006805061,
347182.43313307303,5809465.006805061,
347192.43313307303,5809465.006805061,
347202.43313307303,5809465.006805061,0.3112325668334961
347212.43313307303,5809465.006805061,0.31128692626953125
347222.43313307303,5809465.006805061,0.3290410041809082
347232.43313307303,5809465.006805061,0.32908153533935547
347242.43313307303,5809465.006805061,0.3547060489654541
347252.43313307303,5809465.006805061,0.35473382472991943
347262.43313307303,5809465.006805061,0.3461935520172119
347272.43313307303,5809465.006805061,0.34621119499206543
347282.43313307303,5809465.006805061,0.34622514247894287
347292.43313307303,5809465.006805061,0.32886266708374023
347302.43313307303,5809465.006805061,0.32887232303619385
347312.43313307303,5809465.006805061,
347322.43313307303,5809465.006805061,
347332.43313307303,5809465.006805061,
347342.43313307303,5809465.006805061,
347352.43313307303,5809465.006805061,
347362.43313307303,5809465.006805061,
347372.43313307303,5809465.006805061,
347382.43313307303,5809465.006805061,
347602.43313307303,5809465.006805061,
347612.43313307303,5809465.006805061,
347622.43313307303,5809465.006805061,
347632.43313307303,5809465.006805061,
347642.43313307303,5809465.006805061,
347042.43313307303,5809455.006805061,
347052.43313307303,5809455.006805061,
347062.43313307303,5809455.006805061,
347072.43313307303,5809455.006805061,
347082.43313307303,5809455.006805061,
347092.43313307303,5809455.006805061,
347102.43313307303,5809455.006805061,
347112.43313307303,5809455.006805061,
347122.43313307303,5809455.006805061,
347132.43313307303,5809455.006805061,
347142.43313307303,5809455.006805061,
347152.43313307303,5809455.006805061,
347162.43313307303,5809455.006805061,
347172.43313307303,5809455.006805061,
347182.43313307303,5809455.006805061,
347192.43313307303,5809455.006805061,
347202.43313307303,5809455.006805061,0.31029999256134033
347212.43313307303,5809455.006805061,0.31035304069519043
347222.43313307303,5809455.006805061,0.3263545036315918
347232.43313307303,5809455.006805061,0.32639551162719727
347242.43313307303,5809455.006805061,0.36401212215423584
347252.43313307303,5809455.006805061,0.3640420436859131
347262.43313307303,5809455.006805061,0.36517155170440674
347272.43313307303,5809455.006805061,0.36519289016723633
347282.43313307303,5809455.006805061,0.36521100997924805
347292.43313307303,5809455.006805061,0.3623359203338623
347302.43313307303,5809455.006805061,0.3623502254486084
347312.43313307303,5809455.006805061,0.35546016693115234
347322.43313307303,5809455.006805061,0.35547423362731934
347332.43313307303,5809455.006805061,
347342.43313307303,5809455.006805061,
347352.43313307303,5809455.006805061,
347362.43313307303,5809455.006805061,
347372.43313307303,5809455.006805061,
347382.43313307303,5809455.006805061,
347042.43313307303,5809445.006805061,
347052.43313307303,5809445.006805061,
347062.43313307303,5809445.006805061,
347072.43313307303,5809445.006805061,
347082.43313307303,5809445.006805061,
347092.43313307303,5809445.006805061,
347102.43313307303,5809445.006805061,
347112.43313307303,5809445.006805061,
347122.43313307303,5809445.006805061,
347132.43313307303,5809445.006805061,
347142.43313307303,5809445.006805061,
347152.43313307303,5809445.006805061,
347162.43313307303,5809445.006805061,
347172.43313307303,5809445.006805061,
347182.43313307303,5809445.006805061,
347192.43313307303,5809445.006805061,
347202.43313307303,5809445.006805061,0.3102083206176758
347212.43313307303,5809445.006805061,0.31026017665863037
347222.43313307303,5809445.006805061,0.3262612819671631
347232.43313307303,5809445.006805061,0.32630276679992676
347242.43313307303,5809445.006805061,0.3639204502105713
347252.43313307303,5809445.006805061,0.36395227909088135
347262.43313307303,5809445.006805061,0.3650844097137451
347272.43313307303,5809445.006805061,0.3651087284088135
347282.43313307303,5809445.006805061,0.3651301860809326
347292.43313307303,5809445.006805061,0.3622589111328125
347302.43313307303,5809445.006805061,0.3622770309448242
347312.43313307303,5809445.006805061,0.35539114475250244
347322.43313307303,5809445.006805061,0.3554091453552246
347332.43313307303,5809445.006805061,
347342.43313307303,5809445.006805061,
347352.43313307303,5809445.006805061,
347362.43313307303,5809445.006805061,
347372.43313307303,5809445.006805061,
347382.43313307303,5809445.006805061,
347042.43313307303,5809435.006805061,
347052.43313307303,5809435.006805061,
347062.43313307303,5809435.006805061,
347072.43313307303,5809435.006805061,
347082.43313307303,5809435.006805061,
347092.43313307303,5809435.006805061,
347102.43313307303,5809435.006805061,
347112.43313307303,5809435.006805061,
347122.43313307303,5809435.006805061,
347132.43313307303,5809435.006805061,
347142.43313307303,5809435.006805061,
347152.43313307303,5809435.006805061,
347162.43313307303,5809435.006805061,
347172.43313307303,5809435.006805061,
347182.43313307303,5809435.006805061,
347192.43313307303,5809435.006805061,
347202.43313307303,5809435.006805061,0.2911325693130493
347212.43313307303,5809435.006805061,0.2911914587020874
347222.43313307303,5809435.006805061,0.291023850440979
347232.43313307303,5809435.006805061,0.2910722494125366
347242.43313307303,5809435.006805061,0.33537912368774414
347252.43313307303,5809435.006805061,0.3354126214981079
347262.43313307303,5809435.006805061,0.33544254302978516
347272.43313307303,5809435.006805061,0.3339880704879761
347282.43313307303,5809435.006805061,0.334012508392334
347292.43313307303,5809435.006805061,0.3325669765472412
347302.43313307303,5809435.006805061,0.3325885534286499
347312.43313307303,5809435.006805061,
347322.43313307303,5809435.006805061,
347332.43313307303,5809435.006805061,
347342.43313307303,5809435.006805061,
347352.43313307303,5809435.006805061,
347362.43313307303,5809435.006805061,
347372.43313307303,5809435.006805061,
347082.43313307303,5809425.006805061,
347092.43313307303,5809425.006805061,
347102.43313307303,5809425.006805061,
347112.43313307303,5809425.006805061,
347122.43313307303,5809425.006805061,
347132.43313307303,5809425.006805061,
347142.43313307303,5809425.006805061,
347152.43313307303,5809425.006805061,
347162.43313307303,5809425.006805061,
347172.43313307303,5809425.006805061,
347182.43313307303,5809425.006805061,
347192.43313307303,5809425.006805061,
347202.43313307303,5809425.006805061,0.2910391092300415
347212.43313307303,5809425.006805061,0.2910970449447632
347222.43313307303,5809425.006805061,0.29092907905578613
347232.43313307303,5809425.006805061,0.2909775972366333
347242.43313307303,5809425.006805061,0.3352982997894287
347252.43313307303,5809425.006805061,0.335332989692688
347262.43313307303,5809425.006805061,0.33536458015441895
347272.43313307303,5809425.006805061,0.33391237258911133
347282.43313307303,5809425.006805061,0.33393919467926025
347292.43313307303,5809425.006805061,0.3324962854385376
347302.43313307303,5809425.006805061,0.33252060413360596
347312.43313307303,5809425.006805061,
347322.43313307303,5809425.006805061,
347332.43313307303,5809425.006805061,
347342.43313307303,5809425.006805061,
347352.43313307303,5809425.006805061,
347362.43313307303,5809425.006805061,
347372.43313307303,5809425.006805061,
347122.43313307303,5809415.006805061,
347132.43313307303,5809415.006805061,
347142.43313307303,5809415.006805061,
347152.43313307303,5809415.006805061,
347162.43313307303,5809415.006805061,
347172.43313307303,5809415.006805061,
347182.43313307303,5809415.006805061,0.2780027389526367
347192.43313307303,5809415.006805061,0.27806806564331055
347202.43313307303,5809415.006805061,0.25889289379119873
347212.43313307303,5809415.006805061,0.25894999504089355
347222.43313307303,5809415.006805061,0.2769143581390381
347232.43313307303,5809415.006805061,0.2769629955291748
347242.43313307303,5809415.006805061,0.3243931531906128
347252.43313307303,5809415.006805061,0.324428915977478
347262.43313307303,5809415.006805061,0.32446205615997314
347272.43313307303,5809415.006805061,0.3323183059692383
347282.43313307303,5809415.006805061,0.3323472738265991
347292.43313307303,5809415.006805061,0.34149885177612305
347302.43313307303,5809415.006805061,0.3415255546569824
347312.43313307303,5809415.006805061,
347322.43313307303,5809415.006805061,
347332.43313307303,5809415.006805061,
347342.43313307303,5809415.006805061,
347352.43313307303,5809415.006805061,
347362.43313307303,5809415.006805061,
347372.43313307303,5809415.006805061,
347162.43313307303,5809405.006805061,
347172.43313307303,5809405.006805061,
347182.43313307303,5809405.006805061,0.2779226303100586
347192.43313307303,5809405.006805061,0.2779862880706787
347202.43313307303,5809405.006805061,0.2588096857070923
347212.43313307303,5809405.006805061,0.2588658332824707
347222.43313307303,5809405.006805061,0.2768298387527466
347232.43313307303,5809405.006805061,0.2768787145614624
347242.43313307303,5809405.006805061,0.27692413330078125
347252.43313307303,5809405.006805061,0.32435739040374756
347262.43313307303,5809405.006805061,0.32439160346984863
347272.43313307303,5809405.006805061,0.33224940299987793
347282.43313307303,5809405.006805061,0.33227992057800293
347292.43313307303,5809405.006805061,0.34143340587615967
347302.43313307303,5809405.006805061,0.3414618968963623
347312.43313307303,5809405.006805061,
347322.43313307303,5809405.006805061,
347332.43313307303,5809405.006805061,
347342.43313307303,5809405.006805061,
347352.43313307303,5809405.006805061,
347362.43313307303,5809405.006805061,
347202.43313307303,5809395.006805061,0.18580949306488037
347212.43313307303,5809395.006805061,0.18586468696594238
347222.43313307303,5809395.006805061,0.20071923732757568
347232.43313307303,5809395.006805061,0.20076799392700195
347242.43313307303,5809395.006805061,0.20081400871276855
347252.43313307303,5809395.006805061,0.2837507724761963
347262.43313307303,5809395.006805061,0.2837914228439331
347272.43313307303,5809395.006805061,0.33102190494537354
347282.43313307303,5809395.006805061,0.33105385303497314
347292.43313307303,5809395.006805061,0.31542015075683594
347302.43313307303,5809395.006805061,0.31545019149780273
347312.43313307303,5809395.006805061,
347322.43313307303,5809395.006805061,
347332.43313307303,5809395.006805061,
347342.43313307303,5809395.006805061,
347352.43313307303,5809395.006805061,
347362.43313307303,5809395.006805061,
347242.43313307303,5809385.006805061,0.2007380723953247
347252.43313307303,5809385.006805061,0.28367531299591064
347262.43313307303,5809385.006805061,0.28371691703796387
347272.43313307303,5809385.006805061,0.33095836639404297
347282.43313307303,5809385.006805061,0.3309915065765381
347292.43313307303,5809385.006805061,0.31535887718200684
347302.43313307303,5809385.006805061,0.3153902292251587
347312.43313307303,5809385.006805061,
347322.43313307303,5809385.006805061,
347332.43313307303,5809385.006805061,
347342.43313307303,5809385.006805061,
347352.43313307303,5809385.006805061,
347362.43313307303,5809385.006805061,
