,x,y,v,id
0,347192.43313307303,5810395.006805061,0.9611161806323094,"i=1,j=16"
1,347202.43313307303,5810395.006805061,0.3604583202097428,"i=1,j=17"
2,347212.43313307303,5810395.006805061,0.9628578710209433,"i=1,j=18"
3,347222.43313307303,5810395.006805061,0.9273019274820965,"i=1,j=19"
4,347232.43313307303,5810395.006805061,0.736923313498849,"i=1,j=20"
5,347242.43313307303,5810395.006805061,0.03019425657812691,"i=1,j=21"
6,347252.43313307303,5810395.006805061,0.06825757661914023,"i=1,j=22"
7,347262.43313307303,5810395.006805061,0.421847084218564,"i=1,j=23"
8,347272.43313307303,5810395.006805061,0.5483292783859524,"i=1,j=24"
9,347282.43313307303,5810395.006805061,0.02648573311701974,"i=1,j=25"
10,347292.43313307303,5810395.006805061,0.4430244833483483,"i=1,j=26"
11,347302.43313307303,5810395.006805061,0.5392845590297274,"i=1,j=27"
12,347312.43313307303,5810395.006805061,0.2055739255905259,"i=1,j=28"
13,347322.43313307303,5810395.006805061,0.682090170742215,"i=1,j=29"
14,347332.43313307303,5810395.006805061,0.7500906497017835,"i=1,j=30"
15,347342.43313307303,5810395.006805061,0.368039446192435,"i=1,j=31"
16,347192.43313307303,5810385.006805061,0.736677297738145,"i=2,j=16"
17,347202.43313307303,5810385.006805061,0.9658505763428834,"i=2,j=17"
18,347212.43313307303,5810385.006805061,0.5938664395530969,"i=2,j=18"
19,347222.43313307303,5810385.006805061,0.8199387926012596,"i=2,j=19"
20,347232.43313307303,5810385.006805061,0.5439272726322147,"i=2,j=20"
21,347242.43313307303,5810385.006805061,0.8571261636997753,"i=2,j=21"
22,347252.43313307303,5810385.006805061,0.579161839883459,"i=2,j=22"
23,347262.43313307303,5810385.006805061,0.09386574726493413,"i=2,j=23"
24,347272.43313307303,5810385.006805061,0.5537861425562084,"i=2,j=24"
25,347282.43313307303,5810385.006805061,0.6728173825286939,"i=2,j=25"
26,347292.43313307303,5810385.006805061,0.3013891326738082,"i=2,j=26"
27,347302.43313307303,5810385.006805061,0.9827599334606391,"i=2,j=27"
28,347312.43313307303,5810385.006805061,0.2855040242097412,"i=2,j=28"
29,347322.43313307303,5810385.006805061,0.0775051882832094,"i=2,j=29"
30,347332.43313307303,5810385.006805061,0.22387099079081874,"i=2,j=30"
31,347342.43313307303,5810385.006805061,0.3724523937724986,"i=2,j=31"
32,347192.43313307303,5810375.006805061,0.7305354688762036,"i=3,j=16"
33,347202.43313307303,5810375.006805061,0.3398459126680743,"i=3,j=17"
34,347212.43313307303,5810375.006805061,0.6858199749216637,"i=3,j=18"
35,347222.43313307303,5810375.006805061,0.745243131373154,"i=3,j=19"
36,347232.43313307303,5810375.006805061,0.33153526228875685,"i=3,j=20"
37,347242.43313307303,5810375.006805061,0.5640848621294496,"i=3,j=21"
38,347252.43313307303,5810375.006805061,0.16493263619477372,"i=3,j=22"
39,347262.43313307303,5810375.006805061,0.6192805544384821,"i=3,j=23"
40,347272.43313307303,5810375.006805061,0.12480421647259887,"i=3,j=24"
41,347282.43313307303,5810375.006805061,0.5959152031500831,"i=3,j=25"
42,347292.43313307303,5810375.006805061,0.6451352894570156,"i=3,j=26"
43,347302.43313307303,5810375.006805061,0.20662171779536942,"i=3,j=27"
44,347312.43313307303,5810375.006805061,0.006596979845505224,"i=3,j=28"
45,347322.43313307303,5810375.006805061,0.806601032646427,"i=3,j=29"
46,347332.43313307303,5810375.006805061,0.36874379584366135,"i=3,j=30"
47,347192.43313307303,5810365.006805061,0.971316524244911,"i=4,j=16"
48,347202.43313307303,5810365.006805061,0.9286765509365893,"i=4,j=17"
49,347212.43313307303,5810365.006805061,0.2207944813507683,"i=4,j=18"
50,347222.43313307303,5810365.006805061,0.07187885040731412,"i=4,j=19"
51,347232.43313307303,5810365.006805061,0.2210300762758317,"i=4,j=20"
52,347242.43313307303,5810365.006805061,0.9903613621628041,"i=4,j=21"
53,347252.43313307303,5810365.006805061,0.1357584544001238,"i=4,j=22"
54,347262.43313307303,5810365.006805061,0.6715267922576892,"i=4,j=23"
55,347272.43313307303,5810365.006805061,0.7250110463057551,"i=4,j=24"
56,347282.43313307303,5810365.006805061,0.6916047787587971,"i=4,j=25"
57,347292.43313307303,5810365.006805061,0.3456926169986726,"i=4,j=26"
58,347302.43313307303,5810365.006805061,0.6264981464462953,"i=4,j=27"
59,347312.43313307303,5810365.006805061,0.9110565905997567,"i=4,j=28"
60,347322.43313307303,5810365.006805061,0.6545540305917195,"i=4,j=29"
61,347332.43313307303,5810365.006805061,0.7288449335489645,"i=4,j=30"
62,347192.43313307303,5810355.006805061,0.32618594910990906,"i=5,j=16"
63,347202.43313307303,5810355.006805061,0.21924877042063706,"i=5,j=17"
64,347212.43313307303,5810355.006805061,0.13478507515535432,"i=5,j=18"
65,347222.43313307303,5810355.006805061,0.26810608876324427,"i=5,j=19"
66,347232.43313307303,5810355.006805061,0.964525694366942,"i=5,j=20"
67,347242.43313307303,5810355.006805061,0.9362315335118431,"i=5,j=21"
68,347252.43313307303,5810355.006805061,0.6071628849373789,"i=5,j=22"
69,347262.43313307303,5810355.006805061,0.9548078743417873,"i=5,j=23"
70,347272.43313307303,5810355.006805061,0.7552839372327861,"i=5,j=24"
71,347282.43313307303,5810355.006805061,0.2605631722236561,"i=5,j=25"
72,347292.43313307303,5810355.006805061,0.5692637847698605,"i=5,j=26"
73,347302.43313307303,5810355.006805061,0.529388469121414,"i=5,j=27"
74,347312.43313307303,5810355.006805061,0.04759356619418398,"i=5,j=28"
75,347322.43313307303,5810355.006805061,0.7118216593750437,"i=5,j=29"
76,347332.43313307303,5810355.006805061,0.5230489067911425,"i=5,j=30"
77,347192.43313307303,5810345.006805061,0.9685985633144533,"i=6,j=16"
78,347202.43313307303,5810345.006805061,0.1539484411124089,"i=6,j=17"
79,347212.43313307303,5810345.006805061,0.6345884730748694,"i=6,j=18"
80,347222.43313307303,5810345.006805061,0.4793420825097161,"i=6,j=19"
81,347232.43313307303,5810345.006805061,0.6981533695352296,"i=6,j=20"
82,347242.43313307303,5810345.006805061,0.1287962361813847,"i=6,j=21"
83,347252.43313307303,5810345.006805061,0.041749023247629524,"i=6,j=22"
84,347262.43313307303,5810345.006805061,0.46553283112926913,"i=6,j=23"
85,347272.43313307303,5810345.006805061,0.1767638286738913,"i=6,j=24"
86,347282.43313307303,5810345.006805061,0.9452524683987436,"i=6,j=25"
87,347292.43313307303,5810345.006805061,0.9326927973918303,"i=6,j=26"
88,347302.43313307303,5810345.006805061,0.3554368163648314,"i=6,j=27"
89,347312.43313307303,5810345.006805061,0.7142577016526559,"i=6,j=28"
90,347322.43313307303,5810345.006805061,0.22479663305433384,"i=6,j=29"
91,347192.43313307303,5810335.006805061,0.3747845705557551,"i=7,j=16"
92,347202.43313307303,5810335.006805061,0.03348529576446457,"i=7,j=17"
93,347212.43313307303,5810335.006805061,0.543373609206156,"i=7,j=18"
94,347222.43313307303,5810335.006805061,0.6543988909106352,"i=7,j=19"
95,347232.43313307303,5810335.006805061,0.01658644840236423,"i=7,j=20"
96,347242.43313307303,5810335.006805061,0.11943572924868662,"i=7,j=21"
97,347252.43313307303,5810335.006805061,0.26347310495821463,"i=7,j=22"
98,347262.43313307303,5810335.006805061,0.5591462706246845,"i=7,j=23"
99,347272.43313307303,5810335.006805061,0.6945491839856829,"i=7,j=24"
100,347282.43313307303,5810335.006805061,0.21326870592570935,"i=7,j=25"
101,347292.43313307303,5810335.006805061,0.9827264367281093,"i=7,j=26"
102,347302.43313307303,5810335.006805061,0.121766019314545,"i=7,j=27"
103,347312.43313307303,5810335.006805061,0.9128107736219387,"i=7,j=28"
104,347322.43313307303,5810335.006805061,0.421086565296552,"i=7,j=29"
105,347192.43313307303,5810325.006805061,0.6842265600676244,"i=8,j=16"
106,347202.43313307303,5810325.006805061,0.7571784664500392,"i=8,j=17"
107,347212.43313307303,5810325.006805061,0.9289324595698734,"i=8,j=18"
108,347222.43313307303,5810325.006805061,0.6666820961669618,"i=8,j=19"
109,347232.43313307303,5810325.006805061,0.9618631135289564,"i=8,j=20"
110,347242.43313307303,5810325.006805061,0.3616783428178988,"i=8,j=21"
111,347252.43313307303,5810325.006805061,0.9935000039999211,"i=8,j=22"
112,347262.43313307303,5810325.006805061,0.9802914885451333,"i=8,j=23"
113,347272.43313307303,5810325.006805061,0.7615529506394189,"i=8,j=24"
114,347282.43313307303,5810325.006805061,0.8844327069109081,"i=8,j=25"
115,347292.43313307303,5810325.006805061,0.24101343566502542,"i=8,j=26"
116,347302.43313307303,5810325.006805061,0.07322768732268259,"i=8,j=27"
117,347312.43313307303,5810325.006805061,0.13319396255634486,"i=8,j=28"
118,347192.43313307303,5810315.006805061,0.7699880280548873,"i=9,j=16"
119,347202.43313307303,5810315.006805061,0.6841414548377172,"i=9,j=17"
120,347212.43313307303,5810315.006805061,0.7952588336404836,"i=9,j=18"
121,347222.43313307303,5810315.006805061,0.9715083961444918,"i=9,j=19"
122,347232.43313307303,5810315.006805061,0.24368958646520622,"i=9,j=20"
123,347242.43313307303,5810315.006805061,0.0162161281337877,"i=9,j=21"
124,347252.43313307303,5810315.006805061,0.4053068717207371,"i=9,j=22"
125,347262.43313307303,5810315.006805061,0.026873825913732774,"i=9,j=23"
126,347272.43313307303,5810315.006805061,0.5164398720446869,"i=9,j=24"
127,347282.43313307303,5810315.006805061,0.5430775876598181,"i=9,j=25"
128,347292.43313307303,5810315.006805061,0.18012230071071522,"i=9,j=26"
129,347302.43313307303,5810315.006805061,0.3520505648740042,"i=9,j=27"
130,347312.43313307303,5810315.006805061,0.5868294638887215,"i=9,j=28"
131,347192.43313307303,5810305.006805061,0.2961609492213535,"i=10,j=16"
132,347202.43313307303,5810305.006805061,0.8982455548936169,"i=10,j=17"
133,347212.43313307303,5810305.006805061,0.31459633645758567,"i=10,j=18"
134,347222.43313307303,5810305.006805061,0.0031135203019858615,"i=10,j=19"
135,347232.43313307303,5810305.006805061,0.5025923194738677,"i=10,j=20"
136,347242.43313307303,5810305.006805061,0.1063159208275285,"i=10,j=21"
137,347252.43313307303,5810305.006805061,0.14741575986818267,"i=10,j=22"
138,347262.43313307303,5810305.006805061,0.44222053385819937,"i=10,j=23"
139,347272.43313307303,5810305.006805061,0.43251032339356577,"i=10,j=24"
140,347282.43313307303,5810305.006805061,0.5491490797598727,"i=10,j=25"
141,347292.43313307303,5810305.006805061,0.2674006001088657,"i=10,j=26"
142,347302.43313307303,5810305.006805061,0.5008121697767218,"i=10,j=27"
143,347312.43313307303,5810305.006805061,0.9938900373138911,"i=10,j=28"
144,347192.43313307303,5810295.006805061,0.20569684716044356,"i=11,j=16"
145,347202.43313307303,5810295.006805061,0.3264368856782637,"i=11,j=17"
146,347212.43313307303,5810295.006805061,0.08231797598978374,"i=11,j=18"
147,347222.43313307303,5810295.006805061,0.4633036219247294,"i=11,j=19"
148,347232.43313307303,5810295.006805061,0.9027235439560309,"i=11,j=20"
149,347242.43313307303,5810295.006805061,0.8342663518954141,"i=11,j=21"
150,347252.43313307303,5810295.006805061,0.7389123239694053,"i=11,j=22"
151,347262.43313307303,5810295.006805061,0.9510301133333892,"i=11,j=23"
152,347272.43313307303,5810295.006805061,0.4521639467914095,"i=11,j=24"
153,347282.43313307303,5810295.006805061,0.2594947298398391,"i=11,j=25"
154,347292.43313307303,5810295.006805061,0.6311304066163897,"i=11,j=26"
155,347302.43313307303,5810295.006805061,0.7082369072622308,"i=11,j=27"
156,347192.43313307303,5810285.006805061,0.6786041487110751,"i=12,j=16"
157,347202.43313307303,5810285.006805061,0.9625812206753264,"i=12,j=17"
158,347212.43313307303,5810285.006805061,0.6428744246377017,"i=12,j=18"
159,347222.43313307303,5810285.006805061,0.6662021109325696,"i=12,j=19"
160,347232.43313307303,5810285.006805061,0.5917423946673924,"i=12,j=20"
161,347242.43313307303,5810285.006805061,0.6301335305448112,"i=12,j=21"
162,347252.43313307303,5810285.006805061,0.8643879213224647,"i=12,j=22"
163,347262.43313307303,5810285.006805061,0.41148922889084005,"i=12,j=23"
164,347272.43313307303,5810285.006805061,0.21273416513789334,"i=12,j=24"
165,347282.43313307303,5810285.006805061,0.10939793134371933,"i=12,j=25"
166,347292.43313307303,5810285.006805061,0.356056226068305,"i=12,j=26"
167,347302.43313307303,5810285.006805061,0.9022000507557778,"i=12,j=27"
168,347192.43313307303,5810275.006805061,0.3714586053982999,"i=13,j=16"
169,347202.43313307303,5810275.006805061,0.7207570969280355,"i=13,j=17"
170,347212.43313307303,5810275.006805061,0.6417575857371487,"i=13,j=18"
171,347222.43313307303,5810275.006805061,0.5417970275310373,"i=13,j=19"
172,347232.43313307303,5810275.006805061,0.38318013966681364,"i=13,j=20"
173,347242.43313307303,5810275.006805061,0.6669506790698558,"i=13,j=21"
174,347252.43313307303,5810275.006805061,0.3351978838136377,"i=13,j=22"
175,347262.43313307303,5810275.006805061,0.1395179422783588,"i=13,j=23"
176,347272.43313307303,5810275.006805061,0.20890388201355736,"i=13,j=24"
177,347282.43313307303,5810275.006805061,0.45309659999996954,"i=13,j=25"
178,347292.43313307303,5810275.006805061,0.3818871931558827,"i=13,j=26"
179,347192.43313307303,5810265.006805061,0.0255195783933454,"i=14,j=16"
180,347202.43313307303,5810265.006805061,0.060600790866605414,"i=14,j=17"
181,347212.43313307303,5810265.006805061,0.9426788024002796,"i=14,j=18"
182,347222.43313307303,5810265.006805061,0.5628294173462528,"i=14,j=19"
183,347232.43313307303,5810265.006805061,0.1942011554860832,"i=14,j=20"
184,347242.43313307303,5810265.006805061,0.8453975564077079,"i=14,j=21"
185,347252.43313307303,5810265.006805061,0.49361409219092667,"i=14,j=22"
186,347262.43313307303,5810265.006805061,0.7536916312081735,"i=14,j=23"
187,347272.43313307303,5810265.006805061,0.21804158294203124,"i=14,j=24"
188,347282.43313307303,5810265.006805061,0.8793924439865652,"i=14,j=25"
189,347292.43313307303,5810265.006805061,0.6515898565067936,"i=14,j=26"
190,347302.43313307303,5810265.006805061,0.30221569428197503,"i=14,j=27"
191,347192.43313307303,5810255.006805061,0.5131010787901201,"i=15,j=16"
192,347202.43313307303,5810255.006805061,0.18257122044165786,"i=15,j=17"
193,347212.43313307303,5810255.006805061,0.536723418642174,"i=15,j=18"
194,347222.43313307303,5810255.006805061,0.31462437104869456,"i=15,j=19"
195,347232.43313307303,5810255.006805061,0.4065033099939116,"i=15,j=20"
196,347242.43313307303,5810255.006805061,0.13979002552781017,"i=15,j=21"
197,347252.43313307303,5810255.006805061,0.17456227167021554,"i=15,j=22"
198,347262.43313307303,5810255.006805061,0.592187360504568,"i=15,j=23"
199,347272.43313307303,5810255.006805061,0.7098233931599375,"i=15,j=24"
200,347282.43313307303,5810255.006805061,0.9009822129945669,"i=15,j=25"
201,347292.43313307303,5810255.006805061,0.7830677781019608,"i=15,j=26"
202,347302.43313307303,5810255.006805061,0.042429039138071833,"i=15,j=27"
203,347192.43313307303,5810245.006805061,0.7853297513585392,"i=16,j=16"
204,347202.43313307303,5810245.006805061,0.6843806687332439,"i=16,j=17"
205,347212.43313307303,5810245.006805061,0.7307885036232429,"i=16,j=18"
206,347222.43313307303,5810245.006805061,0.9544576876638982,"i=16,j=19"
207,347232.43313307303,5810245.006805061,0.08786020897441227,"i=16,j=20"
208,347242.43313307303,5810245.006805061,0.6060114291446715,"i=16,j=21"
209,347252.43313307303,5810245.006805061,0.22354819501183287,"i=16,j=22"
210,347262.43313307303,5810245.006805061,0.9275448661811209,"i=16,j=23"
211,347272.43313307303,5810245.006805061,0.8981792577373582,"i=16,j=24"
212,347282.43313307303,5810245.006805061,0.8599215255618005,"i=16,j=25"
213,347292.43313307303,5810245.006805061,0.4089760089119694,"i=16,j=26"
214,347302.43313307303,5810245.006805061,0.387346442677298,"i=16,j=27"
215,347192.43313307303,5810235.006805061,0.9199669210323033,"i=17,j=16"
216,347202.43313307303,5810235.006805061,0.766026764226944,"i=17,j=17"
217,347212.43313307303,5810235.006805061,0.08053311031511268,"i=17,j=18"
218,347222.43313307303,5810235.006805061,0.6357063501335806,"i=17,j=19"
219,347232.43313307303,5810235.006805061,0.614093832167042,"i=17,j=20"
220,347242.43313307303,5810235.006805061,0.08591429376823656,"i=17,j=21"
221,347252.43313307303,5810235.006805061,0.6805062248458533,"i=17,j=22"
222,347262.43313307303,5810235.006805061,0.3687697986510535,"i=17,j=23"
223,347272.43313307303,5810235.006805061,0.664311251388845,"i=17,j=24"
224,347282.43313307303,5810235.006805061,0.8067187656978773,"i=17,j=25"
225,347292.43313307303,5810235.006805061,0.9095534396690155,"i=17,j=26"
226,347302.43313307303,5810235.006805061,0.8265283875890829,"i=17,j=27"
227,347192.43313307303,5810225.006805061,0.26738760829287167,"i=18,j=16"
228,347202.43313307303,5810225.006805061,0.025982172556700545,"i=18,j=17"
229,347212.43313307303,5810225.006805061,0.24648162942629726,"i=18,j=18"
230,347222.43313307303,5810225.006805061,0.8122194179768243,"i=18,j=19"
231,347232.43313307303,5810225.006805061,0.4549419602753527,"i=18,j=20"
232,347242.43313307303,5810225.006805061,0.30284267877724225,"i=18,j=21"
233,347252.43313307303,5810225.006805061,0.7192040459190913,"i=18,j=22"
234,347262.43313307303,5810225.006805061,0.6375797404611708,"i=18,j=23"
235,347272.43313307303,5810225.006805061,0.3441193861931493,"i=18,j=24"
236,347282.43313307303,5810225.006805061,0.8926708579478577,"i=18,j=25"
237,347292.43313307303,5810225.006805061,0.4209642128137757,"i=18,j=26"
238,347302.43313307303,5810225.006805061,0.05107580622065,"i=18,j=27"
239,347192.43313307303,5810215.006805061,0.9126068505340176,"i=19,j=16"
240,347202.43313307303,5810215.006805061,0.08087611513932358,"i=19,j=17"
241,347212.43313307303,5810215.006805061,0.24697188297466588,"i=19,j=18"
242,347222.43313307303,5810215.006805061,0.9416392900048921,"i=19,j=19"
243,347232.43313307303,5810215.006805061,0.08205722767362666,"i=19,j=20"
244,347242.43313307303,5810215.006805061,0.8768198822624599,"i=19,j=21"
245,347252.43313307303,5810215.006805061,0.03441080938922214,"i=19,j=22"
246,347262.43313307303,5810215.006805061,0.839527479846144,"i=19,j=23"
247,347272.43313307303,5810215.006805061,0.01285817721435889,"i=19,j=24"
248,347282.43313307303,5810215.006805061,0.9343430943931218,"i=19,j=25"
249,347292.43313307303,5810215.006805061,0.8455815296610023,"i=19,j=26"
250,347302.43313307303,5810215.006805061,0.08910048842424179,"i=19,j=27"
251,347192.43313307303,5810205.006805061,0.26927574760765827,"i=20,j=16"
252,347202.43313307303,5810205.006805061,0.12593526254860288,"i=20,j=17"
253,347212.43313307303,5810205.006805061,0.25935086789833317,"i=20,j=18"
254,347222.43313307303,5810205.006805061,0.7125473791866125,"i=20,j=19"
255,347232.43313307303,5810205.006805061,0.6742507863074705,"i=20,j=20"
256,347242.43313307303,5810205.006805061,0.6039265430224464,"i=20,j=21"
257,347252.43313307303,5810205.006805061,0.9410499088755041,"i=20,j=22"
258,347262.43313307303,5810205.006805061,0.009656580215953836,"i=20,j=23"
259,347272.43313307303,5810205.006805061,0.04218843630070468,"i=20,j=24"
260,347282.43313307303,5810205.006805061,0.3442555946375071,"i=20,j=25"
261,347292.43313307303,5810205.006805061,0.5465737751050276,"i=20,j=26"
262,347302.43313307303,5810205.006805061,0.17858418736818082,"i=20,j=27"
263,347192.43313307303,5810195.006805061,0.2012774058814235,"i=21,j=16"
264,347202.43313307303,5810195.006805061,0.9317582887876416,"i=21,j=17"
265,347212.43313307303,5810195.006805061,0.442129643662844,"i=21,j=18"
266,347222.43313307303,5810195.006805061,0.4559577744103803,"i=21,j=19"
267,347232.43313307303,5810195.006805061,0.03165305196173018,"i=21,j=20"
268,347242.43313307303,5810195.006805061,0.25800935864154884,"i=21,j=21"
269,347252.43313307303,5810195.006805061,0.9406267127558113,"i=21,j=22"
270,347262.43313307303,5810195.006805061,0.9808477221734043,"i=21,j=23"
271,347272.43313307303,5810195.006805061,0.7255991481330285,"i=21,j=24"
272,347282.43313307303,5810195.006805061,0.5799646821496007,"i=21,j=25"
273,347292.43313307303,5810195.006805061,0.7194934710491687,"i=21,j=26"
274,347302.43313307303,5810195.006805061,0.9017480439226379,"i=21,j=27"
275,347192.43313307303,5810185.006805061,0.6020625583186021,"i=22,j=16"
276,347202.43313307303,5810185.006805061,0.890640228959091,"i=22,j=17"
277,347212.43313307303,5810185.006805061,0.7542596449689246,"i=22,j=18"
278,347222.43313307303,5810185.006805061,0.13885350695211007,"i=22,j=19"
279,347232.43313307303,5810185.006805061,0.546394515394085,"i=22,j=20"
280,347242.43313307303,5810185.006805061,0.9119718170804572,"i=22,j=21"
281,347252.43313307303,5810185.006805061,0.18931068005006435,"i=22,j=22"
282,347262.43313307303,5810185.006805061,0.1323781563751153,"i=22,j=23"
283,347272.43313307303,5810185.006805061,0.6126751749917154,"i=22,j=24"
284,347282.43313307303,5810185.006805061,0.9255748833481056,"i=22,j=25"
285,347292.43313307303,5810185.006805061,0.2843552788729766,"i=22,j=26"
286,347302.43313307303,5810185.006805061,0.26606169671542546,"i=22,j=27"
287,347192.43313307303,5810175.006805061,0.9093160863229054,"i=23,j=16"
288,347202.43313307303,5810175.006805061,0.031245498582804676,"i=23,j=17"
289,347212.43313307303,5810175.006805061,0.9844514037683141,"i=23,j=18"
290,347222.43313307303,5810175.006805061,0.7048660903112726,"i=23,j=19"
291,347232.43313307303,5810175.006805061,0.40772601228630345,"i=23,j=20"
292,347242.43313307303,5810175.006805061,0.8537212261053506,"i=23,j=21"
293,347252.43313307303,5810175.006805061,0.9865092722060484,"i=23,j=22"
294,347262.43313307303,5810175.006805061,0.8602548952780453,"i=23,j=23"
295,347272.43313307303,5810175.006805061,0.2556627718427744,"i=23,j=24"
296,347282.43313307303,5810175.006805061,0.2554494378189608,"i=23,j=25"
297,347292.43313307303,5810175.006805061,0.596264587740086,"i=23,j=26"
298,347302.43313307303,5810175.006805061,0.7609130130657669,"i=23,j=27"
299,347192.43313307303,5810165.006805061,0.16015541063982797,"i=24,j=16"
300,347202.43313307303,5810165.006805061,0.7534268863879005,"i=24,j=17"
301,347212.43313307303,5810165.006805061,0.34060548581482564,"i=24,j=18"
302,347222.43313307303,5810165.006805061,0.7995497805855455,"i=24,j=19"
303,347232.43313307303,5810165.006805061,0.8922880624066548,"i=24,j=20"
304,347242.43313307303,5810165.006805061,0.3302805917730385,"i=24,j=21"
305,347252.43313307303,5810165.006805061,0.15869905942277107,"i=24,j=22"
306,347262.43313307303,5810165.006805061,0.4572057709686487,"i=24,j=23"
307,347272.43313307303,5810165.006805061,0.7658000718487186,"i=24,j=24"
308,347282.43313307303,5810165.006805061,0.7331851802126834,"i=24,j=25"
309,347292.43313307303,5810165.006805061,0.43382208699345237,"i=24,j=26"
310,347302.43313307303,5810165.006805061,0.6918214400092009,"i=24,j=27"
311,347672.43313307303,5810165.006805061,0.6880166689924534,"i=24,j=64"
312,347682.43313307303,5810165.006805061,0.382504316605229,"i=24,j=65"
313,347692.43313307303,5810165.006805061,0.416234907231528,"i=24,j=66"
314,347702.43313307303,5810165.006805061,0.690109693783182,"i=24,j=67"
315,347712.43313307303,5810165.006805061,0.5275688987092982,"i=24,j=68"
316,347722.43313307303,5810165.006805061,0.9274121534748249,"i=24,j=69"
317,347732.43313307303,5810165.006805061,0.5050742135724965,"i=24,j=70"
318,347742.43313307303,5810165.006805061,0.12372715785707844,"i=24,j=71"
319,347752.43313307303,5810165.006805061,0.3330521075992493,"i=24,j=72"
320,347762.43313307303,5810165.006805061,0.9369894938202397,"i=24,j=73"
321,347772.43313307303,5810165.006805061,0.8334087890330206,"i=24,j=74"
322,347782.43313307303,5810165.006805061,0.8555542850383928,"i=24,j=75"
323,347792.43313307303,5810165.006805061,0.5798719920929616,"i=24,j=76"
324,347802.43313307303,5810165.006805061,0.3655292174242838,"i=24,j=77"
325,347192.43313307303,5810155.006805061,0.08582533011210869,"i=25,j=16"
326,347202.43313307303,5810155.006805061,0.07395281483928517,"i=25,j=17"
327,347212.43313307303,5810155.006805061,0.3176407463834251,"i=25,j=18"
328,347222.43313307303,5810155.006805061,0.47387075141912305,"i=25,j=19"
329,347232.43313307303,5810155.006805061,0.4830791446676024,"i=25,j=20"
330,347242.43313307303,5810155.006805061,0.16726835202486967,"i=25,j=21"
331,347252.43313307303,5810155.006805061,0.6894778830010726,"i=25,j=22"
332,347262.43313307303,5810155.006805061,0.7073532161638111,"i=25,j=23"
333,347272.43313307303,5810155.006805061,0.573970251293716,"i=25,j=24"
334,347282.43313307303,5810155.006805061,0.11717815045154834,"i=25,j=25"
335,347292.43313307303,5810155.006805061,0.17251251267861645,"i=25,j=26"
336,347302.43313307303,5810155.006805061,0.9580166798699619,"i=25,j=27"
337,347672.43313307303,5810155.006805061,0.6312764620608341,"i=25,j=64"
338,347682.43313307303,5810155.006805061,0.5930553413854964,"i=25,j=65"
339,347692.43313307303,5810155.006805061,0.20716527642378957,"i=25,j=66"
340,347702.43313307303,5810155.006805061,0.08623036037076215,"i=25,j=67"
341,347712.43313307303,5810155.006805061,0.6818193495882469,"i=25,j=68"
342,347722.43313307303,5810155.006805061,0.9903893305559462,"i=25,j=69"
343,347732.43313307303,5810155.006805061,0.36878060758513076,"i=25,j=70"
344,347742.43313307303,5810155.006805061,0.8613944154668284,"i=25,j=71"
345,347752.43313307303,5810155.006805061,0.8473389666444346,"i=25,j=72"
346,347762.43313307303,5810155.006805061,0.3853037843773198,"i=25,j=73"
347,347772.43313307303,5810155.006805061,0.9969071412963791,"i=25,j=74"
348,347782.43313307303,5810155.006805061,0.604865876484121,"i=25,j=75"
349,347792.43313307303,5810155.006805061,0.6518022219942686,"i=25,j=76"
350,347802.43313307303,5810155.006805061,0.505294076300721,"i=25,j=77"
351,347192.43313307303,5810145.006805061,0.5385031740953481,"i=26,j=16"
352,347202.43313307303,5810145.006805061,0.5428153726781771,"i=26,j=17"
353,347212.43313307303,5810145.006805061,0.0776563894425999,"i=26,j=18"
354,347222.43313307303,5810145.006805061,0.7328560651977519,"i=26,j=19"
355,347232.43313307303,5810145.006805061,0.5933613065175553,"i=26,j=20"
356,347242.43313307303,5810145.006805061,0.37274481000997284,"i=26,j=21"
357,347252.43313307303,5810145.006805061,0.24164923836712682,"i=26,j=22"
358,347262.43313307303,5810145.006805061,0.6498679189173111,"i=26,j=23"
359,347272.43313307303,5810145.006805061,0.7316096040552128,"i=26,j=24"
360,347282.43313307303,5810145.006805061,0.7252475177843204,"i=26,j=25"
361,347292.43313307303,5810145.006805061,0.8855518366090798,"i=26,j=26"
362,347302.43313307303,5810145.006805061,0.799259543764625,"i=26,j=27"
363,347672.43313307303,5810145.006805061,0.4342158275336667,"i=26,j=64"
364,347682.43313307303,5810145.006805061,0.6073877666141007,"i=26,j=65"
365,347692.43313307303,5810145.006805061,0.5120952499774803,"i=26,j=66"
366,347702.43313307303,5810145.006805061,0.3309728088653634,"i=26,j=67"
367,347712.43313307303,5810145.006805061,0.699343670431379,"i=26,j=68"
368,347722.43313307303,5810145.006805061,0.7027660473643725,"i=26,j=69"
369,347732.43313307303,5810145.006805061,0.2557978242507276,"i=26,j=70"
370,347742.43313307303,5810145.006805061,0.38703031758294093,"i=26,j=71"
371,347752.43313307303,5810145.006805061,0.1475414967760501,"i=26,j=72"
372,347762.43313307303,5810145.006805061,0.11174617653784602,"i=26,j=73"
373,347772.43313307303,5810145.006805061,0.4247121825140412,"i=26,j=74"
374,347782.43313307303,5810145.006805061,0.229217405357253,"i=26,j=75"
375,347792.43313307303,5810145.006805061,0.7083275259825719,"i=26,j=76"
376,347802.43313307303,5810145.006805061,0.1687179838352746,"i=26,j=77"
377,347192.43313307303,5810135.006805061,0.5797340512794931,"i=27,j=16"
378,347202.43313307303,5810135.006805061,0.39541468727207074,"i=27,j=17"
379,347212.43313307303,5810135.006805061,0.529712111713028,"i=27,j=18"
380,347222.43313307303,5810135.006805061,0.1677337615052975,"i=27,j=19"
381,347232.43313307303,5810135.006805061,0.5811689580605672,"i=27,j=20"
382,347242.43313307303,5810135.006805061,0.17694608678086443,"i=27,j=21"
383,347252.43313307303,5810135.006805061,0.7450499724750701,"i=27,j=22"
384,347262.43313307303,5810135.006805061,0.7828772656300196,"i=27,j=23"
385,347272.43313307303,5810135.006805061,0.19814234621379911,"i=27,j=24"
386,347282.43313307303,5810135.006805061,0.8317179906168387,"i=27,j=25"
387,347292.43313307303,5810135.006805061,0.965753558297275,"i=27,j=26"
388,347302.43313307303,5810135.006805061,0.2743247716569127,"i=27,j=27"
389,347672.43313307303,5810135.006805061,0.655312702656395,"i=27,j=64"
390,347682.43313307303,5810135.006805061,0.7277971170623777,"i=27,j=65"
391,347692.43313307303,5810135.006805061,0.25336021399872843,"i=27,j=66"
392,347702.43313307303,5810135.006805061,0.6805521082918862,"i=27,j=67"
393,347712.43313307303,5810135.006805061,0.1541727517669107,"i=27,j=68"
394,347722.43313307303,5810135.006805061,0.16452625888707462,"i=27,j=69"
395,347732.43313307303,5810135.006805061,0.850608044950302,"i=27,j=70"
396,347742.43313307303,5810135.006805061,0.902601877621349,"i=27,j=71"
397,347752.43313307303,5810135.006805061,0.9233005296958149,"i=27,j=72"
398,347762.43313307303,5810135.006805061,0.9151684706033097,"i=27,j=73"
399,347772.43313307303,5810135.006805061,0.45918785560767916,"i=27,j=74"
400,347782.43313307303,5810135.006805061,0.6250362943188685,"i=27,j=75"
401,347792.43313307303,5810135.006805061,0.06775308617455111,"i=27,j=76"
402,347802.43313307303,5810135.006805061,0.6065335540804214,"i=27,j=77"
403,347192.43313307303,5810125.006805061,0.9738318367303639,"i=28,j=16"
404,347202.43313307303,5810125.006805061,0.03316080897545248,"i=28,j=17"
405,347212.43313307303,5810125.006805061,0.34722683015262634,"i=28,j=18"
406,347222.43313307303,5810125.006805061,0.5531174981333544,"i=28,j=19"
407,347232.43313307303,5810125.006805061,0.8022159790718001,"i=28,j=20"
408,347242.43313307303,5810125.006805061,0.7784140179751282,"i=28,j=21"
409,347252.43313307303,5810125.006805061,0.3932781310925022,"i=28,j=22"
410,347262.43313307303,5810125.006805061,0.25521142409816666,"i=28,j=23"
411,347272.43313307303,5810125.006805061,0.28899800701839795,"i=28,j=24"
412,347282.43313307303,5810125.006805061,0.09541574734836178,"i=28,j=25"
413,347292.43313307303,5810125.006805061,0.0240468984595954,"i=28,j=26"
414,347302.43313307303,5810125.006805061,0.4681355602420413,"i=28,j=27"
415,347662.43313307303,5810125.006805061,0.5058036048853283,"i=28,j=63"
416,347672.43313307303,5810125.006805061,0.8181377013723681,"i=28,j=64"
417,347682.43313307303,5810125.006805061,0.7478326962968108,"i=28,j=65"
418,347692.43313307303,5810125.006805061,0.6533884255487367,"i=28,j=66"
419,347702.43313307303,5810125.006805061,0.22435108030184814,"i=28,j=67"
420,347712.43313307303,5810125.006805061,0.8184057244831355,"i=28,j=68"
421,347722.43313307303,5810125.006805061,0.10350182359041704,"i=28,j=69"
422,347732.43313307303,5810125.006805061,0.22582593018903063,"i=28,j=70"
423,347742.43313307303,5810125.006805061,0.1738629874258506,"i=28,j=71"
424,347752.43313307303,5810125.006805061,0.08835993619601734,"i=28,j=72"
425,347762.43313307303,5810125.006805061,0.9457889367490588,"i=28,j=73"
426,347772.43313307303,5810125.006805061,0.5839721939649413,"i=28,j=74"
427,347782.43313307303,5810125.006805061,0.23193317665226032,"i=28,j=75"
428,347792.43313307303,5810125.006805061,0.33910756475222537,"i=28,j=76"
429,347192.43313307303,5810115.006805061,0.5691627256457901,"i=29,j=16"
430,347202.43313307303,5810115.006805061,0.16514507028407965,"i=29,j=17"
431,347212.43313307303,5810115.006805061,0.1593569968102705,"i=29,j=18"
432,347222.43313307303,5810115.006805061,0.46175230632783437,"i=29,j=19"
433,347232.43313307303,5810115.006805061,0.8313157340883058,"i=29,j=20"
434,347242.43313307303,5810115.006805061,0.22216925707401403,"i=29,j=21"
435,347252.43313307303,5810115.006805061,0.15968554520577205,"i=29,j=22"
436,347262.43313307303,5810115.006805061,0.8043210825234033,"i=29,j=23"
437,347272.43313307303,5810115.006805061,0.09802650298136495,"i=29,j=24"
438,347282.43313307303,5810115.006805061,0.9073915018376145,"i=29,j=25"
439,347292.43313307303,5810115.006805061,0.7194211985535947,"i=29,j=26"
440,347302.43313307303,5810115.006805061,0.3128656538202945,"i=29,j=27"
441,347312.43313307303,5810115.006805061,0.15241014011612564,"i=29,j=28"
442,347322.43313307303,5810115.006805061,0.6135890848513992,"i=29,j=29"
443,347332.43313307303,5810115.006805061,0.8787207622315942,"i=29,j=30"
444,347342.43313307303,5810115.006805061,0.896828466370601,"i=29,j=31"
445,347352.43313307303,5810115.006805061,0.32459785323542656,"i=29,j=32"
446,347362.43313307303,5810115.006805061,0.2716779375089058,"i=29,j=33"
447,347372.43313307303,5810115.006805061,0.6616498330374837,"i=29,j=34"
448,347382.43313307303,5810115.006805061,0.1478243724702677,"i=29,j=35"
449,347392.43313307303,5810115.006805061,0.7303592750768717,"i=29,j=36"
450,347402.43313307303,5810115.006805061,0.20098755995034812,"i=29,j=37"
451,347412.43313307303,5810115.006805061,0.5841274331012969,"i=29,j=38"
452,347422.43313307303,5810115.006805061,0.6291825528171792,"i=29,j=39"
453,347662.43313307303,5810115.006805061,0.8754018111057815,"i=29,j=63"
454,347672.43313307303,5810115.006805061,0.18291540056415068,"i=29,j=64"
455,347682.43313307303,5810115.006805061,0.05325063725310675,"i=29,j=65"
456,347692.43313307303,5810115.006805061,0.12820389304441937,"i=29,j=66"
457,347702.43313307303,5810115.006805061,0.5940376325427782,"i=29,j=67"
458,347712.43313307303,5810115.006805061,0.19339456636872554,"i=29,j=68"
459,347722.43313307303,5810115.006805061,0.8587053362142462,"i=29,j=69"
460,347732.43313307303,5810115.006805061,0.34339791679249365,"i=29,j=70"
461,347742.43313307303,5810115.006805061,0.45996488239985345,"i=29,j=71"
462,347752.43313307303,5810115.006805061,0.43208476457319545,"i=29,j=72"
463,347762.43313307303,5810115.006805061,0.5438006684949271,"i=29,j=73"
464,347772.43313307303,5810115.006805061,0.5588910226086008,"i=29,j=74"
465,347782.43313307303,5810115.006805061,0.5996496552503106,"i=29,j=75"
466,347792.43313307303,5810115.006805061,0.1531633831510667,"i=29,j=76"
467,347192.43313307303,5810105.006805061,0.338722482173623,"i=30,j=16"
468,347202.43313307303,5810105.006805061,0.85839142343418,"i=30,j=17"
469,347212.43313307303,5810105.006805061,0.8469165646448044,"i=30,j=18"
470,347222.43313307303,5810105.006805061,0.7201447342905899,"i=30,j=19"
471,347232.43313307303,5810105.006805061,0.3538546315099419,"i=30,j=20"
472,347242.43313307303,5810105.006805061,0.18221661197182737,"i=30,j=21"
473,347252.43313307303,5810105.006805061,0.9203656873452098,"i=30,j=22"
474,347262.43313307303,5810105.006805061,0.1432033539808386,"i=30,j=23"
475,347272.43313307303,5810105.006805061,0.8652461980454663,"i=30,j=24"
476,347282.43313307303,5810105.006805061,0.29043654047296075,"i=30,j=25"
477,347292.43313307303,5810105.006805061,0.989778469074318,"i=30,j=26"
478,347302.43313307303,5810105.006805061,0.7116796077874787,"i=30,j=27"
479,347312.43313307303,5810105.006805061,0.40155324931284697,"i=30,j=28"
480,347322.43313307303,5810105.006805061,0.36115707317022727,"i=30,j=29"
481,347332.43313307303,5810105.006805061,0.8300219877625552,"i=30,j=30"
482,347342.43313307303,5810105.006805061,0.8289773822808615,"i=30,j=31"
483,347352.43313307303,5810105.006805061,0.8684867993157432,"i=30,j=32"
484,347362.43313307303,5810105.006805061,0.6104059047745847,"i=30,j=33"
485,347372.43313307303,5810105.006805061,0.11986287383551053,"i=30,j=34"
486,347382.43313307303,5810105.006805061,0.7635384549400086,"i=30,j=35"
487,347392.43313307303,5810105.006805061,0.9902409419524378,"i=30,j=36"
488,347402.43313307303,5810105.006805061,0.9621710235697621,"i=30,j=37"
489,347412.43313307303,5810105.006805061,0.22995587312357935,"i=30,j=38"
490,347422.43313307303,5810105.006805061,0.6173605533072407,"i=30,j=39"
491,347432.43313307303,5810105.006805061,0.166405579454869,"i=30,j=40"
492,347442.43313307303,5810105.006805061,0.8205392903697537,"i=30,j=41"
493,347452.43313307303,5810105.006805061,0.5018381288098617,"i=30,j=42"
494,347462.43313307303,5810105.006805061,0.9443297395393814,"i=30,j=43"
495,347472.43313307303,5810105.006805061,0.6778559940153144,"i=30,j=44"
496,347482.43313307303,5810105.006805061,0.05948308678428782,"i=30,j=45"
497,347492.43313307303,5810105.006805061,0.3835147228725283,"i=30,j=46"
498,347502.43313307303,5810105.006805061,0.8978635365188169,"i=30,j=47"
499,347512.43313307303,5810105.006805061,0.05846701506977159,"i=30,j=48"
500,347522.43313307303,5810105.006805061,0.8559876435242524,"i=30,j=49"
501,347532.43313307303,5810105.006805061,0.3174322369851803,"i=30,j=50"
502,347662.43313307303,5810105.006805061,0.9238757701480905,"i=30,j=63"
503,347672.43313307303,5810105.006805061,0.173749826141395,"i=30,j=64"
504,347682.43313307303,5810105.006805061,0.7662968024586009,"i=30,j=65"
505,347692.43313307303,5810105.006805061,0.2955557548233697,"i=30,j=66"
506,347702.43313307303,5810105.006805061,0.8866134876283221,"i=30,j=67"
507,347712.43313307303,5810105.006805061,0.1597801387845782,"i=30,j=68"
508,347722.43313307303,5810105.006805061,0.08972076098691517,"i=30,j=69"
509,347732.43313307303,5810105.006805061,0.6321114157061563,"i=30,j=70"
510,347742.43313307303,5810105.006805061,0.3322826455621033,"i=30,j=71"
511,347752.43313307303,5810105.006805061,0.4312072353882236,"i=30,j=72"
512,347762.43313307303,5810105.006805061,0.1624890478465726,"i=30,j=73"
513,347772.43313307303,5810105.006805061,0.4355178870742311,"i=30,j=74"
514,347782.43313307303,5810105.006805061,0.3349650052981503,"i=30,j=75"
515,347792.43313307303,5810105.006805061,0.8245223894123871,"i=30,j=76"
516,347192.43313307303,5810095.006805061,0.558751350062296,"i=31,j=16"
517,347202.43313307303,5810095.006805061,0.16629918480349604,"i=31,j=17"
518,347212.43313307303,5810095.006805061,0.8715817631243565,"i=31,j=18"
519,347222.43313307303,5810095.006805061,0.9131336007750315,"i=31,j=19"
520,347232.43313307303,5810095.006805061,0.10381724267833381,"i=31,j=20"
521,347242.43313307303,5810095.006805061,0.9140746395051461,"i=31,j=21"
522,347252.43313307303,5810095.006805061,0.6406735501324757,"i=31,j=22"
523,347262.43313307303,5810095.006805061,0.7222566097548715,"i=31,j=23"
524,347272.43313307303,5810095.006805061,0.32650876724000466,"i=31,j=24"
525,347282.43313307303,5810095.006805061,0.38393507455140297,"i=31,j=25"
526,347292.43313307303,5810095.006805061,0.4521326958649883,"i=31,j=26"
527,347302.43313307303,5810095.006805061,0.09758717096749292,"i=31,j=27"
528,347312.43313307303,5810095.006805061,0.9419542433397973,"i=31,j=28"
529,347322.43313307303,5810095.006805061,0.11747827204426442,"i=31,j=29"
530,347332.43313307303,5810095.006805061,0.6513002765085751,"i=31,j=30"
531,347342.43313307303,5810095.006805061,0.42353947161712835,"i=31,j=31"
532,347352.43313307303,5810095.006805061,0.8438482983915486,"i=31,j=32"
533,347362.43313307303,5810095.006805061,0.3061366005435108,"i=31,j=33"
534,347372.43313307303,5810095.006805061,0.008371154538235226,"i=31,j=34"
535,347382.43313307303,5810095.006805061,0.07249443067446126,"i=31,j=35"
536,347392.43313307303,5810095.006805061,0.13044713961478216,"i=31,j=36"
537,347402.43313307303,5810095.006805061,0.1970452305747452,"i=31,j=37"
538,347412.43313307303,5810095.006805061,0.29739729452468355,"i=31,j=38"
539,347422.43313307303,5810095.006805061,0.950281563319564,"i=31,j=39"
540,347432.43313307303,5810095.006805061,0.5653294433881552,"i=31,j=40"
541,347442.43313307303,5810095.006805061,0.5866711679877076,"i=31,j=41"
542,347452.43313307303,5810095.006805061,0.6455275626694581,"i=31,j=42"
543,347462.43313307303,5810095.006805061,0.1803184320554373,"i=31,j=43"
544,347472.43313307303,5810095.006805061,0.48899707839964734,"i=31,j=44"
545,347482.43313307303,5810095.006805061,0.19330453720115714,"i=31,j=45"
546,347492.43313307303,5810095.006805061,0.896550887274608,"i=31,j=46"
547,347502.43313307303,5810095.006805061,0.7487968701411699,"i=31,j=47"
548,347512.43313307303,5810095.006805061,0.1493911298977707,"i=31,j=48"
549,347522.43313307303,5810095.006805061,0.08165972281308809,"i=31,j=49"
550,347532.43313307303,5810095.006805061,0.28033147264602554,"i=31,j=50"
551,347542.43313307303,5810095.006805061,0.8383925923135906,"i=31,j=51"
552,347552.43313307303,5810095.006805061,0.3198773174834141,"i=31,j=52"
553,347562.43313307303,5810095.006805061,0.27929734801657713,"i=31,j=53"
554,347572.43313307303,5810095.006805061,0.9481951112768873,"i=31,j=54"
555,347582.43313307303,5810095.006805061,0.4262964069085612,"i=31,j=55"
556,347592.43313307303,5810095.006805061,0.046508785719677315,"i=31,j=56"
557,347602.43313307303,5810095.006805061,0.2740969586427805,"i=31,j=57"
558,347612.43313307303,5810095.006805061,0.906453228532842,"i=31,j=58"
559,347622.43313307303,5810095.006805061,0.8218362834849019,"i=31,j=59"
560,347632.43313307303,5810095.006805061,0.09702706992920651,"i=31,j=60"
561,347642.43313307303,5810095.006805061,0.4068292445964472,"i=31,j=61"
562,347662.43313307303,5810095.006805061,0.5571493109688102,"i=31,j=63"
563,347672.43313307303,5810095.006805061,0.030667831589978434,"i=31,j=64"
564,347682.43313307303,5810095.006805061,0.24883961617485306,"i=31,j=65"
565,347692.43313307303,5810095.006805061,0.2560263761227056,"i=31,j=66"
566,347702.43313307303,5810095.006805061,0.32883094659045553,"i=31,j=67"
567,347712.43313307303,5810095.006805061,0.3573542766569321,"i=31,j=68"
568,347722.43313307303,5810095.006805061,0.6364690053631991,"i=31,j=69"
569,347732.43313307303,5810095.006805061,0.330485998678301,"i=31,j=70"
570,347742.43313307303,5810095.006805061,0.7784806184209098,"i=31,j=71"
571,347752.43313307303,5810095.006805061,0.4683883611028381,"i=31,j=72"
572,347762.43313307303,5810095.006805061,0.18752104415135196,"i=31,j=73"
573,347772.43313307303,5810095.006805061,0.0074817262293537246,"i=31,j=74"
574,347782.43313307303,5810095.006805061,0.12610949008265437,"i=31,j=75"
575,347792.43313307303,5810095.006805061,0.28839206005242857,"i=31,j=76"
576,347192.43313307303,5810085.006805061,0.03658813573111541,"i=32,j=16"
577,347202.43313307303,5810085.006805061,0.18116894655372762,"i=32,j=17"
578,347212.43313307303,5810085.006805061,0.2643349225261664,"i=32,j=18"
579,347222.43313307303,5810085.006805061,0.586787874673959,"i=32,j=19"
580,347232.43313307303,5810085.006805061,0.5682154288184197,"i=32,j=20"
581,347242.43313307303,5810085.006805061,0.11419837838056646,"i=32,j=21"
582,347252.43313307303,5810085.006805061,0.7741970639085032,"i=32,j=22"
583,347262.43313307303,5810085.006805061,0.5209656927027767,"i=32,j=23"
584,347272.43313307303,5810085.006805061,0.7885774145736401,"i=32,j=24"
585,347282.43313307303,5810085.006805061,0.5814792968367115,"i=32,j=25"
586,347292.43313307303,5810085.006805061,0.8783958096751306,"i=32,j=26"
587,347302.43313307303,5810085.006805061,0.8676664218602036,"i=32,j=27"
588,347312.43313307303,5810085.006805061,0.03628700466557666,"i=32,j=28"
589,347322.43313307303,5810085.006805061,0.7382599193618337,"i=32,j=29"
590,347332.43313307303,5810085.006805061,0.4078658420457323,"i=32,j=30"
591,347342.43313307303,5810085.006805061,0.7037520673529744,"i=32,j=31"
592,347352.43313307303,5810085.006805061,0.9894531938201103,"i=32,j=32"
593,347362.43313307303,5810085.006805061,0.6595269307098024,"i=32,j=33"
594,347372.43313307303,5810085.006805061,0.3561279661293608,"i=32,j=34"
595,347382.43313307303,5810085.006805061,0.9076214025591578,"i=32,j=35"
596,347392.43313307303,5810085.006805061,0.9726149204554542,"i=32,j=36"
597,347402.43313307303,5810085.006805061,0.5180174779621055,"i=32,j=37"
598,347412.43313307303,5810085.006805061,0.5036920953994062,"i=32,j=38"
599,347422.43313307303,5810085.006805061,0.4496930564294166,"i=32,j=39"
600,347432.43313307303,5810085.006805061,0.9628886219927627,"i=32,j=40"
601,347442.43313307303,5810085.006805061,0.05487764256596661,"i=32,j=41"
602,347452.43313307303,5810085.006805061,0.30267218487500636,"i=32,j=42"
603,347462.43313307303,5810085.006805061,0.7524525365412768,"i=32,j=43"
604,347472.43313307303,5810085.006805061,0.937703625907892,"i=32,j=44"
605,347482.43313307303,5810085.006805061,0.4747098582933621,"i=32,j=45"
606,347492.43313307303,5810085.006805061,0.3483393113612351,"i=32,j=46"
607,347502.43313307303,5810085.006805061,0.220700318287528,"i=32,j=47"
608,347512.43313307303,5810085.006805061,0.2252442836929559,"i=32,j=48"
609,347522.43313307303,5810085.006805061,0.42819541818713225,"i=32,j=49"
610,347532.43313307303,5810085.006805061,0.7561179790871672,"i=32,j=50"
611,347542.43313307303,5810085.006805061,0.21705425409728007,"i=32,j=51"
612,347552.43313307303,5810085.006805061,0.6889192239186303,"i=32,j=52"
613,347562.43313307303,5810085.006805061,0.1450513775704777,"i=32,j=53"
614,347572.43313307303,5810085.006805061,0.39349711173992474,"i=32,j=54"
615,347582.43313307303,5810085.006805061,0.03846736578188814,"i=32,j=55"
616,347592.43313307303,5810085.006805061,0.3735482893568516,"i=32,j=56"
617,347602.43313307303,5810085.006805061,0.8012398595631492,"i=32,j=57"
618,347612.43313307303,5810085.006805061,0.41432225140796586,"i=32,j=58"
619,347622.43313307303,5810085.006805061,0.23736088045029013,"i=32,j=59"
620,347632.43313307303,5810085.006805061,0.010889439734513395,"i=32,j=60"
621,347642.43313307303,5810085.006805061,0.35660035691400616,"i=32,j=61"
622,347652.43313307303,5810085.006805061,0.1998616146588631,"i=32,j=62"
623,347662.43313307303,5810085.006805061,0.20361573144791678,"i=32,j=63"
624,347672.43313307303,5810085.006805061,0.5274932759341149,"i=32,j=64"
625,347682.43313307303,5810085.006805061,0.796871607537222,"i=32,j=65"
626,347692.43313307303,5810085.006805061,0.0790160812144114,"i=32,j=66"
627,347702.43313307303,5810085.006805061,0.16068295171882085,"i=32,j=67"
628,347712.43313307303,5810085.006805061,0.8274515205798889,"i=32,j=68"
629,347722.43313307303,5810085.006805061,0.3358830796961484,"i=32,j=69"
630,347732.43313307303,5810085.006805061,0.29959403534542395,"i=32,j=70"
631,347742.43313307303,5810085.006805061,0.6127070586570956,"i=32,j=71"
632,347752.43313307303,5810085.006805061,0.876810017715436,"i=32,j=72"
633,347762.43313307303,5810085.006805061,0.9495857340532794,"i=32,j=73"
634,347772.43313307303,5810085.006805061,0.815932996149389,"i=32,j=74"
635,347782.43313307303,5810085.006805061,0.4438058240775612,"i=32,j=75"
636,347192.43313307303,5810075.006805061,0.6201266387472416,"i=33,j=16"
637,347202.43313307303,5810075.006805061,0.28423509687760784,"i=33,j=17"
638,347212.43313307303,5810075.006805061,0.49753466908448785,"i=33,j=18"
639,347222.43313307303,5810075.006805061,0.5063590121460958,"i=33,j=19"
640,347232.43313307303,5810075.006805061,0.22581637377496888,"i=33,j=20"
641,347242.43313307303,5810075.006805061,0.6163768914553235,"i=33,j=21"
642,347252.43313307303,5810075.006805061,0.4721799239546678,"i=33,j=22"
643,347262.43313307303,5810075.006805061,0.6149568551659326,"i=33,j=23"
644,347272.43313307303,5810075.006805061,0.1655077597136949,"i=33,j=24"
645,347282.43313307303,5810075.006805061,0.14314596236249066,"i=33,j=25"
646,347292.43313307303,5810075.006805061,0.5749910369122571,"i=33,j=26"
647,347302.43313307303,5810075.006805061,0.5895297384061603,"i=33,j=27"
648,347312.43313307303,5810075.006805061,0.4942456439581666,"i=33,j=28"
649,347322.43313307303,5810075.006805061,0.7233756511439947,"i=33,j=29"
650,347332.43313307303,5810075.006805061,0.32928565891424,"i=33,j=30"
651,347342.43313307303,5810075.006805061,0.882238150844879,"i=33,j=31"
652,347352.43313307303,5810075.006805061,0.7102419193094994,"i=33,j=32"
653,347362.43313307303,5810075.006805061,0.8529452585147929,"i=33,j=33"
654,347372.43313307303,5810075.006805061,0.9960645959011767,"i=33,j=34"
655,347382.43313307303,5810075.006805061,0.23065616981463966,"i=33,j=35"
656,347392.43313307303,5810075.006805061,0.4751134772712964,"i=33,j=36"
657,347402.43313307303,5810075.006805061,0.6110936546014818,"i=33,j=37"
658,347412.43313307303,5810075.006805061,0.8079833749307395,"i=33,j=38"
659,347422.43313307303,5810075.006805061,0.8913767126015153,"i=33,j=39"
660,347432.43313307303,5810075.006805061,0.4377869243031719,"i=33,j=40"
661,347442.43313307303,5810075.006805061,0.8891629563112601,"i=33,j=41"
662,347452.43313307303,5810075.006805061,0.3915768091127173,"i=33,j=42"
663,347462.43313307303,5810075.006805061,0.11293046207175172,"i=33,j=43"
664,347472.43313307303,5810075.006805061,0.39410985646580965,"i=33,j=44"
665,347482.43313307303,5810075.006805061,0.4777919060477981,"i=33,j=45"
666,347492.43313307303,5810075.006805061,0.2178627602349963,"i=33,j=46"
667,347502.43313307303,5810075.006805061,0.3201363087273774,"i=33,j=47"
668,347512.43313307303,5810075.006805061,0.3975422257276796,"i=33,j=48"
669,347522.43313307303,5810075.006805061,0.5422451016223262,"i=33,j=49"
670,347532.43313307303,5810075.006805061,0.7671360446506236,"i=33,j=50"
671,347542.43313307303,5810075.006805061,0.6161103366526306,"i=33,j=51"
672,347552.43313307303,5810075.006805061,0.7050913668771136,"i=33,j=52"
673,347562.43313307303,5810075.006805061,0.8514742905184028,"i=33,j=53"
674,347572.43313307303,5810075.006805061,0.9813940517081806,"i=33,j=54"
675,347582.43313307303,5810075.006805061,0.8789241581022448,"i=33,j=55"
676,347592.43313307303,5810075.006805061,0.5849386374944043,"i=33,j=56"
677,347602.43313307303,5810075.006805061,0.09341000985433723,"i=33,j=57"
678,347612.43313307303,5810075.006805061,0.9980836009428081,"i=33,j=58"
679,347622.43313307303,5810075.006805061,0.3578397040929391,"i=33,j=59"
680,347632.43313307303,5810075.006805061,0.14782246698834978,"i=33,j=60"
681,347642.43313307303,5810075.006805061,0.6350923519587747,"i=33,j=61"
682,347652.43313307303,5810075.006805061,0.26711338089251935,"i=33,j=62"
683,347662.43313307303,5810075.006805061,0.571463233091685,"i=33,j=63"
684,347672.43313307303,5810075.006805061,0.06331716835334622,"i=33,j=64"
685,347682.43313307303,5810075.006805061,0.5922897186286311,"i=33,j=65"
686,347692.43313307303,5810075.006805061,0.4046682263893887,"i=33,j=66"
687,347702.43313307303,5810075.006805061,0.3667627261951206,"i=33,j=67"
688,347712.43313307303,5810075.006805061,0.9232539325939191,"i=33,j=68"
689,347722.43313307303,5810075.006805061,0.7078689636342613,"i=33,j=69"
690,347732.43313307303,5810075.006805061,0.6022136824875809,"i=33,j=70"
691,347742.43313307303,5810075.006805061,0.10243614476048457,"i=33,j=71"
692,347752.43313307303,5810075.006805061,0.35479512509608246,"i=33,j=72"
693,347762.43313307303,5810075.006805061,0.6091200578938228,"i=33,j=73"
694,347772.43313307303,5810075.006805061,0.6921684149181614,"i=33,j=74"
695,347782.43313307303,5810075.006805061,0.350855977532496,"i=33,j=75"
696,347192.43313307303,5810065.006805061,0.23793683729348225,"i=34,j=16"
697,347202.43313307303,5810065.006805061,0.9498090767095735,"i=34,j=17"
698,347212.43313307303,5810065.006805061,0.8585536733829313,"i=34,j=18"
699,347222.43313307303,5810065.006805061,0.7812596617166614,"i=34,j=19"
700,347232.43313307303,5810065.006805061,0.1221263896107515,"i=34,j=20"
701,347242.43313307303,5810065.006805061,0.22228941203886476,"i=34,j=21"
702,347252.43313307303,5810065.006805061,0.4364581771230799,"i=34,j=22"
703,347262.43313307303,5810065.006805061,0.7127746699210831,"i=34,j=23"
704,347272.43313307303,5810065.006805061,0.42425850342976257,"i=34,j=24"
705,347282.43313307303,5810065.006805061,0.19438461983453148,"i=34,j=25"
706,347292.43313307303,5810065.006805061,0.3709636958333826,"i=34,j=26"
707,347302.43313307303,5810065.006805061,0.4360866428856961,"i=34,j=27"
708,347312.43313307303,5810065.006805061,0.29581396508614455,"i=34,j=28"
709,347322.43313307303,5810065.006805061,0.130115302489211,"i=34,j=29"
710,347332.43313307303,5810065.006805061,0.15468592956308058,"i=34,j=30"
711,347342.43313307303,5810065.006805061,0.922095130026135,"i=34,j=31"
712,347352.43313307303,5810065.006805061,0.7387396660115841,"i=34,j=32"
713,347362.43313307303,5810065.006805061,0.4945785113464941,"i=34,j=33"
714,347372.43313307303,5810065.006805061,0.37014281919907444,"i=34,j=34"
715,347382.43313307303,5810065.006805061,0.3614338704070016,"i=34,j=35"
716,347392.43313307303,5810065.006805061,0.7221143384612209,"i=34,j=36"
717,347402.43313307303,5810065.006805061,0.4280705295095637,"i=34,j=37"
718,347412.43313307303,5810065.006805061,0.5123810994290383,"i=34,j=38"
719,347422.43313307303,5810065.006805061,0.04521170382762596,"i=34,j=39"
720,347432.43313307303,5810065.006805061,0.7117057830113601,"i=34,j=40"
721,347442.43313307303,5810065.006805061,0.5537307271853315,"i=34,j=41"
722,347452.43313307303,5810065.006805061,0.6839256976433334,"i=34,j=42"
723,347462.43313307303,5810065.006805061,0.5484086369915819,"i=34,j=43"
724,347472.43313307303,5810065.006805061,0.6933411292943022,"i=34,j=44"
725,347482.43313307303,5810065.006805061,0.4103515576549641,"i=34,j=45"
726,347492.43313307303,5810065.006805061,0.4230668221370062,"i=34,j=46"
727,347502.43313307303,5810065.006805061,0.08511934716777803,"i=34,j=47"
728,347512.43313307303,5810065.006805061,0.9206140413041847,"i=34,j=48"
729,347522.43313307303,5810065.006805061,0.5682339527941503,"i=34,j=49"
730,347532.43313307303,5810065.006805061,0.4870178057317718,"i=34,j=50"
731,347542.43313307303,5810065.006805061,0.36720661658696874,"i=34,j=51"
732,347552.43313307303,5810065.006805061,0.7977074570111622,"i=34,j=52"
733,347562.43313307303,5810065.006805061,0.22680030780092564,"i=34,j=53"
734,347572.43313307303,5810065.006805061,0.5182632775160525,"i=34,j=54"
735,347582.43313307303,5810065.006805061,0.9814037797363678,"i=34,j=55"
736,347592.43313307303,5810065.006805061,0.02813297855924657,"i=34,j=56"
737,347602.43313307303,5810065.006805061,0.0019900443673611656,"i=34,j=57"
738,347612.43313307303,5810065.006805061,0.8830219311078733,"i=34,j=58"
739,347622.43313307303,5810065.006805061,0.6432389109170399,"i=34,j=59"
740,347632.43313307303,5810065.006805061,0.37639455439731007,"i=34,j=60"
741,347642.43313307303,5810065.006805061,0.5927863609484463,"i=34,j=61"
742,347652.43313307303,5810065.006805061,0.4891226624171613,"i=34,j=62"
743,347662.43313307303,5810065.006805061,0.9230128702333648,"i=34,j=63"
744,347672.43313307303,5810065.006805061,0.7001885176680526,"i=34,j=64"
745,347682.43313307303,5810065.006805061,0.2868501403479392,"i=34,j=65"
746,347692.43313307303,5810065.006805061,0.02417039384503461,"i=34,j=66"
747,347702.43313307303,5810065.006805061,0.05770158798309666,"i=34,j=67"
748,347712.43313307303,5810065.006805061,0.031420276308864015,"i=34,j=68"
749,347722.43313307303,5810065.006805061,0.15495484716047425,"i=34,j=69"
750,347732.43313307303,5810065.006805061,0.4593383195679719,"i=34,j=70"
751,347742.43313307303,5810065.006805061,0.6814874513002682,"i=34,j=71"
752,347752.43313307303,5810065.006805061,0.33465485109621884,"i=34,j=72"
753,347762.43313307303,5810065.006805061,0.6079267956214907,"i=34,j=73"
754,347772.43313307303,5810065.006805061,0.6009031673557783,"i=34,j=74"
755,347782.43313307303,5810065.006805061,0.14832109426529116,"i=34,j=75"
756,347192.43313307303,5810055.006805061,0.7840067692568821,"i=35,j=16"
757,347202.43313307303,5810055.006805061,0.35212668968277117,"i=35,j=17"
758,347212.43313307303,5810055.006805061,0.1674914827723495,"i=35,j=18"
759,347222.43313307303,5810055.006805061,0.1802120750407149,"i=35,j=19"
760,347232.43313307303,5810055.006805061,0.004329504438872478,"i=35,j=20"
761,347242.43313307303,5810055.006805061,0.3216756226134452,"i=35,j=21"
762,347252.43313307303,5810055.006805061,0.5276295583447361,"i=35,j=22"
763,347262.43313307303,5810055.006805061,0.09100597678847544,"i=35,j=23"
764,347272.43313307303,5810055.006805061,0.8958121191998056,"i=35,j=24"
765,347282.43313307303,5810055.006805061,0.5750165647022649,"i=35,j=25"
766,347292.43313307303,5810055.006805061,0.3304326650608551,"i=35,j=26"
767,347302.43313307303,5810055.006805061,0.67464086280144,"i=35,j=27"
768,347312.43313307303,5810055.006805061,0.7370269868420721,"i=35,j=28"
769,347322.43313307303,5810055.006805061,0.864115768781317,"i=35,j=29"
770,347332.43313307303,5810055.006805061,0.20606414092928105,"i=35,j=30"
771,347342.43313307303,5810055.006805061,0.6722245176335613,"i=35,j=31"
772,347352.43313307303,5810055.006805061,0.5612235476591093,"i=35,j=32"
773,347362.43313307303,5810055.006805061,0.780644758691159,"i=35,j=33"
774,347372.43313307303,5810055.006805061,0.07352784384397315,"i=35,j=34"
775,347382.43313307303,5810055.006805061,0.33369366932515043,"i=35,j=35"
776,347392.43313307303,5810055.006805061,0.6801390582954826,"i=35,j=36"
777,347402.43313307303,5810055.006805061,0.4914302837328912,"i=35,j=37"
778,347412.43313307303,5810055.006805061,0.14304380607094036,"i=35,j=38"
779,347422.43313307303,5810055.006805061,0.40122892726562287,"i=35,j=39"
780,347432.43313307303,5810055.006805061,0.9162495908568068,"i=35,j=40"
781,347442.43313307303,5810055.006805061,0.047630669479675425,"i=35,j=41"
782,347452.43313307303,5810055.006805061,0.21638537787201484,"i=35,j=42"
783,347462.43313307303,5810055.006805061,0.37267962305360347,"i=35,j=43"
784,347472.43313307303,5810055.006805061,0.7485704104082517,"i=35,j=44"
785,347482.43313307303,5810055.006805061,0.7291666488091252,"i=35,j=45"
786,347492.43313307303,5810055.006805061,0.017875050733992315,"i=35,j=46"
787,347502.43313307303,5810055.006805061,0.240889827185074,"i=35,j=47"
788,347512.43313307303,5810055.006805061,0.40313458776368305,"i=35,j=48"
789,347522.43313307303,5810055.006805061,0.7524104448331836,"i=35,j=49"
790,347532.43313307303,5810055.006805061,0.1097591483348308,"i=35,j=50"
791,347542.43313307303,5810055.006805061,0.07687554469240288,"i=35,j=51"
792,347552.43313307303,5810055.006805061,0.10910502529089328,"i=35,j=52"
793,347562.43313307303,5810055.006805061,0.7655520018749706,"i=35,j=53"
794,347572.43313307303,5810055.006805061,0.27199733825186634,"i=35,j=54"
795,347582.43313307303,5810055.006805061,0.07793050065090434,"i=35,j=55"
796,347592.43313307303,5810055.006805061,0.7783591108503821,"i=35,j=56"
797,347602.43313307303,5810055.006805061,0.26732686847544096,"i=35,j=57"
798,347612.43313307303,5810055.006805061,0.9481794901874846,"i=35,j=58"
799,347622.43313307303,5810055.006805061,0.5548077599936763,"i=35,j=59"
800,347632.43313307303,5810055.006805061,0.8427339683975704,"i=35,j=60"
801,347642.43313307303,5810055.006805061,0.23929562315254937,"i=35,j=61"
802,347652.43313307303,5810055.006805061,0.5555795933026099,"i=35,j=62"
803,347662.43313307303,5810055.006805061,0.3699131022384343,"i=35,j=63"
804,347672.43313307303,5810055.006805061,0.5231309666752902,"i=35,j=64"
805,347682.43313307303,5810055.006805061,0.34413703638347715,"i=35,j=65"
806,347692.43313307303,5810055.006805061,0.7498043924963659,"i=35,j=66"
807,347702.43313307303,5810055.006805061,0.6923522591434277,"i=35,j=67"
808,347712.43313307303,5810055.006805061,0.9346342491538966,"i=35,j=68"
809,347722.43313307303,5810055.006805061,0.053939906322071574,"i=35,j=69"
810,347732.43313307303,5810055.006805061,0.45035561667934376,"i=35,j=70"
811,347742.43313307303,5810055.006805061,0.4444460149342436,"i=35,j=71"
812,347752.43313307303,5810055.006805061,0.9566483064156333,"i=35,j=72"
813,347762.43313307303,5810055.006805061,0.30776532433832926,"i=35,j=73"
814,347772.43313307303,5810055.006805061,0.7947481292271847,"i=35,j=74"
815,347782.43313307303,5810055.006805061,0.41581651403329545,"i=35,j=75"
816,347192.43313307303,5810045.006805061,0.31496148075878294,"i=36,j=16"
817,347202.43313307303,5810045.006805061,0.13703791735144455,"i=36,j=17"
818,347212.43313307303,5810045.006805061,0.7316501818529446,"i=36,j=18"
819,347222.43313307303,5810045.006805061,0.3342236151410273,"i=36,j=19"
820,347232.43313307303,5810045.006805061,0.449518659543261,"i=36,j=20"
821,347242.43313307303,5810045.006805061,0.915080995236121,"i=36,j=21"
822,347252.43313307303,5810045.006805061,0.7020851498463858,"i=36,j=22"
823,347262.43313307303,5810045.006805061,0.4108204905963191,"i=36,j=23"
824,347272.43313307303,5810045.006805061,0.3377833252569097,"i=36,j=24"
825,347282.43313307303,5810045.006805061,0.5798737276267576,"i=36,j=25"
826,347292.43313307303,5810045.006805061,0.9235560570094229,"i=36,j=26"
827,347302.43313307303,5810045.006805061,0.4270569293069105,"i=36,j=27"
828,347312.43313307303,5810045.006805061,0.7854484446017865,"i=36,j=28"
829,347322.43313307303,5810045.006805061,0.028219625615011457,"i=36,j=29"
830,347332.43313307303,5810045.006805061,0.9575673769798903,"i=36,j=30"
831,347342.43313307303,5810045.006805061,0.13331224404721342,"i=36,j=31"
832,347352.43313307303,5810045.006805061,0.17074313584214273,"i=36,j=32"
833,347362.43313307303,5810045.006805061,0.5055482419002562,"i=36,j=33"
834,347372.43313307303,5810045.006805061,0.5282498579426637,"i=36,j=34"
835,347382.43313307303,5810045.006805061,0.24528719575618418,"i=36,j=35"
836,347392.43313307303,5810045.006805061,0.38961124003716985,"i=36,j=36"
837,347402.43313307303,5810045.006805061,0.9753753547420303,"i=36,j=37"
838,347412.43313307303,5810045.006805061,0.485216455137773,"i=36,j=38"
839,347422.43313307303,5810045.006805061,0.4613638933661247,"i=36,j=39"
840,347432.43313307303,5810045.006805061,0.007861337834658255,"i=36,j=40"
841,347442.43313307303,5810045.006805061,0.5419179915915591,"i=36,j=41"
842,347452.43313307303,5810045.006805061,0.1703677348784305,"i=36,j=42"
843,347462.43313307303,5810045.006805061,0.47125305516082727,"i=36,j=43"
844,347472.43313307303,5810045.006805061,0.692374294434813,"i=36,j=44"
845,347482.43313307303,5810045.006805061,0.582600328630771,"i=36,j=45"
846,347492.43313307303,5810045.006805061,0.6595236578691573,"i=36,j=46"
847,347502.43313307303,5810045.006805061,0.6703879708608419,"i=36,j=47"
848,347512.43313307303,5810045.006805061,0.8273813115613685,"i=36,j=48"
849,347522.43313307303,5810045.006805061,0.32675830761060254,"i=36,j=49"
850,347532.43313307303,5810045.006805061,0.03505016071360845,"i=36,j=50"
851,347542.43313307303,5810045.006805061,0.8021807781581289,"i=36,j=51"
852,347552.43313307303,5810045.006805061,0.1114882550604317,"i=36,j=52"
853,347562.43313307303,5810045.006805061,0.007211638801911335,"i=36,j=53"
854,347572.43313307303,5810045.006805061,0.5351202447535187,"i=36,j=54"
855,347582.43313307303,5810045.006805061,0.5586604028644183,"i=36,j=55"
856,347592.43313307303,5810045.006805061,0.4353570308456899,"i=36,j=56"
857,347602.43313307303,5810045.006805061,0.021807047001459967,"i=36,j=57"
858,347612.43313307303,5810045.006805061,0.988763142673084,"i=36,j=58"
859,347622.43313307303,5810045.006805061,0.7564852894755743,"i=36,j=59"
860,347632.43313307303,5810045.006805061,0.3824675667748211,"i=36,j=60"
861,347642.43313307303,5810045.006805061,0.35043073554173376,"i=36,j=61"
862,347652.43313307303,5810045.006805061,0.45432888605265076,"i=36,j=62"
863,347662.43313307303,5810045.006805061,0.36674344002909764,"i=36,j=63"
864,347672.43313307303,5810045.006805061,0.3818708680829278,"i=36,j=64"
865,347682.43313307303,5810045.006805061,0.6298338758763641,"i=36,j=65"
866,347692.43313307303,5810045.006805061,0.5152909826921892,"i=36,j=66"
867,347702.43313307303,5810045.006805061,0.4725000285352159,"i=36,j=67"
868,347712.43313307303,5810045.006805061,0.8796484284800944,"i=36,j=68"
869,347722.43313307303,5810045.006805061,0.558338072662585,"i=36,j=69"
870,347732.43313307303,5810045.006805061,0.4509817507826256,"i=36,j=70"
871,347742.43313307303,5810045.006805061,0.5510155064598734,"i=36,j=71"
872,347752.43313307303,5810045.006805061,0.24644347834969094,"i=36,j=72"
873,347762.43313307303,5810045.006805061,0.8377269832552957,"i=36,j=73"
874,347772.43313307303,5810045.006805061,0.7493007477187178,"i=36,j=74"
875,347192.43313307303,5810035.006805061,0.6189959982125831,"i=37,j=16"
876,347202.43313307303,5810035.006805061,0.35513893419114606,"i=37,j=17"
877,347212.43313307303,5810035.006805061,0.29988326305363555,"i=37,j=18"
878,347222.43313307303,5810035.006805061,0.3218819091631393,"i=37,j=19"
879,347232.43313307303,5810035.006805061,0.7621655500918942,"i=37,j=20"
880,347242.43313307303,5810035.006805061,0.172112541560827,"i=37,j=21"
881,347252.43313307303,5810035.006805061,0.10529400359773289,"i=37,j=22"
882,347262.43313307303,5810035.006805061,0.04111838554840541,"i=37,j=23"
883,347272.43313307303,5810035.006805061,0.5790549224047102,"i=37,j=24"
884,347282.43313307303,5810035.006805061,0.4557961054091425,"i=37,j=25"
885,347292.43313307303,5810035.006805061,0.738439114536143,"i=37,j=26"
886,347302.43313307303,5810035.006805061,0.70219001714167,"i=37,j=27"
887,347312.43313307303,5810035.006805061,0.716988002899016,"i=37,j=28"
888,347322.43313307303,5810035.006805061,0.28814394740300997,"i=37,j=29"
889,347332.43313307303,5810035.006805061,0.944857102243667,"i=37,j=30"
890,347342.43313307303,5810035.006805061,0.27486817984435163,"i=37,j=31"
891,347352.43313307303,5810035.006805061,0.6248010538025459,"i=37,j=32"
892,347362.43313307303,5810035.006805061,0.7025235916984869,"i=37,j=33"
893,347372.43313307303,5810035.006805061,0.5716559789731656,"i=37,j=34"
894,347382.43313307303,5810035.006805061,0.5806112233155164,"i=37,j=35"
895,347392.43313307303,5810035.006805061,0.029449341852312405,"i=37,j=36"
896,347402.43313307303,5810035.006805061,0.888518308996695,"i=37,j=37"
897,347412.43313307303,5810035.006805061,0.07170119929561547,"i=37,j=38"
898,347422.43313307303,5810035.006805061,0.10877898095263228,"i=37,j=39"
899,347432.43313307303,5810035.006805061,0.4728335067446493,"i=37,j=40"
900,347442.43313307303,5810035.006805061,0.2769242607516592,"i=37,j=41"
901,347452.43313307303,5810035.006805061,0.6913646090532173,"i=37,j=42"
902,347462.43313307303,5810035.006805061,0.0806760435311753,"i=37,j=43"
903,347472.43313307303,5810035.006805061,0.5417734347196733,"i=37,j=44"
904,347482.43313307303,5810035.006805061,0.14435676448500168,"i=37,j=45"
905,347492.43313307303,5810035.006805061,0.30258036510990516,"i=37,j=46"
906,347502.43313307303,5810035.006805061,0.16738889759826303,"i=37,j=47"
907,347512.43313307303,5810035.006805061,0.21585345164133618,"i=37,j=48"
908,347522.43313307303,5810035.006805061,0.8697475303231333,"i=37,j=49"
909,347532.43313307303,5810035.006805061,0.24881644267156067,"i=37,j=50"
910,347542.43313307303,5810035.006805061,0.7486727659404205,"i=37,j=51"
911,347552.43313307303,5810035.006805061,0.7233242021402057,"i=37,j=52"
912,347562.43313307303,5810035.006805061,0.5164050523002848,"i=37,j=53"
913,347572.43313307303,5810035.006805061,0.2593274058618874,"i=37,j=54"
914,347582.43313307303,5810035.006805061,0.955234352828167,"i=37,j=55"
915,347592.43313307303,5810035.006805061,0.7844663832045027,"i=37,j=56"
916,347602.43313307303,5810035.006805061,0.06090801701444115,"i=37,j=57"
917,347612.43313307303,5810035.006805061,0.31159066065910934,"i=37,j=58"
918,347622.43313307303,5810035.006805061,0.25802764774418574,"i=37,j=59"
919,347632.43313307303,5810035.006805061,0.7652007681541608,"i=37,j=60"
920,347642.43313307303,5810035.006805061,0.0017445273023317664,"i=37,j=61"
921,347652.43313307303,5810035.006805061,0.8222449516426232,"i=37,j=62"
922,347662.43313307303,5810035.006805061,0.4936534761612884,"i=37,j=63"
923,347672.43313307303,5810035.006805061,0.14874356701384772,"i=37,j=64"
924,347682.43313307303,5810035.006805061,0.6835187282856003,"i=37,j=65"
925,347692.43313307303,5810035.006805061,0.38559446345587534,"i=37,j=66"
926,347702.43313307303,5810035.006805061,0.6053281474196096,"i=37,j=67"
927,347712.43313307303,5810035.006805061,0.653229988971069,"i=37,j=68"
928,347722.43313307303,5810035.006805061,0.2873934426869148,"i=37,j=69"
929,347732.43313307303,5810035.006805061,0.39433924879946214,"i=37,j=70"
930,347742.43313307303,5810035.006805061,0.14989201088368576,"i=37,j=71"
931,347752.43313307303,5810035.006805061,0.2198668922421304,"i=37,j=72"
932,347762.43313307303,5810035.006805061,0.5401914425467533,"i=37,j=73"
933,347772.43313307303,5810035.006805061,0.5346761880208811,"i=37,j=74"
934,347192.43313307303,5810025.006805061,0.3366465252058035,"i=38,j=16"
935,347202.43313307303,5810025.006805061,0.6123752742314214,"i=38,j=17"
936,347212.43313307303,5810025.006805061,0.9312036838840446,"i=38,j=18"
937,347222.43313307303,5810025.006805061,0.19246653352660592,"i=38,j=19"
938,347232.43313307303,5810025.006805061,0.3158450137914548,"i=38,j=20"
939,347242.43313307303,5810025.006805061,0.9593830160733018,"i=38,j=21"
940,347252.43313307303,5810025.006805061,0.07045529406876638,"i=38,j=22"
941,347262.43313307303,5810025.006805061,0.4568635841829941,"i=38,j=23"
942,347272.43313307303,5810025.006805061,0.28966674542368875,"i=38,j=24"
943,347282.43313307303,5810025.006805061,0.01804195512990414,"i=38,j=25"
944,347292.43313307303,5810025.006805061,0.9089426889223632,"i=38,j=26"
945,347302.43313307303,5810025.006805061,0.38530237769560194,"i=38,j=27"
946,347312.43313307303,5810025.006805061,0.6743088561831933,"i=38,j=28"
947,347322.43313307303,5810025.006805061,0.9328211418969315,"i=38,j=29"
948,347332.43313307303,5810025.006805061,0.4475876804190514,"i=38,j=30"
949,347342.43313307303,5810025.006805061,0.7062786780187214,"i=38,j=31"
950,347352.43313307303,5810025.006805061,0.4249851525814474,"i=38,j=32"
951,347362.43313307303,5810025.006805061,0.18055405848319306,"i=38,j=33"
952,347372.43313307303,5810025.006805061,0.7558846765774894,"i=38,j=34"
953,347382.43313307303,5810025.006805061,0.2488139265177901,"i=38,j=35"
954,347392.43313307303,5810025.006805061,0.033276676174387565,"i=38,j=36"
955,347402.43313307303,5810025.006805061,0.6625177291922627,"i=38,j=37"
956,347412.43313307303,5810025.006805061,0.723196531196435,"i=38,j=38"
957,347422.43313307303,5810025.006805061,0.8778809759710202,"i=38,j=39"
958,347432.43313307303,5810025.006805061,0.5749333271024969,"i=38,j=40"
959,347442.43313307303,5810025.006805061,0.06386667511786948,"i=38,j=41"
960,347452.43313307303,5810025.006805061,0.5984249378291756,"i=38,j=42"
961,347462.43313307303,5810025.006805061,0.8976820047928277,"i=38,j=43"
962,347472.43313307303,5810025.006805061,0.8555562748169249,"i=38,j=44"
963,347482.43313307303,5810025.006805061,0.0512836163862056,"i=38,j=45"
964,347492.43313307303,5810025.006805061,0.869356233330318,"i=38,j=46"
965,347502.43313307303,5810025.006805061,0.7695306048542352,"i=38,j=47"
966,347512.43313307303,5810025.006805061,0.7424783363131091,"i=38,j=48"
967,347522.43313307303,5810025.006805061,0.59360280308106,"i=38,j=49"
968,347532.43313307303,5810025.006805061,0.458526139767116,"i=38,j=50"
969,347542.43313307303,5810025.006805061,0.44074505909220274,"i=38,j=51"
970,347552.43313307303,5810025.006805061,0.7995852174617253,"i=38,j=52"
971,347562.43313307303,5810025.006805061,0.7172622780504371,"i=38,j=53"
972,347572.43313307303,5810025.006805061,0.10327898676644398,"i=38,j=54"
973,347582.43313307303,5810025.006805061,0.23053229577136436,"i=38,j=55"
974,347592.43313307303,5810025.006805061,0.9528876580948131,"i=38,j=56"
975,347602.43313307303,5810025.006805061,0.979621175041144,"i=38,j=57"
976,347612.43313307303,5810025.006805061,0.7006859956034467,"i=38,j=58"
977,347622.43313307303,5810025.006805061,0.9673815562348291,"i=38,j=59"
978,347632.43313307303,5810025.006805061,0.6726537361479462,"i=38,j=60"
979,347642.43313307303,5810025.006805061,0.33750733471910277,"i=38,j=61"
980,347652.43313307303,5810025.006805061,0.35238374152801366,"i=38,j=62"
981,347662.43313307303,5810025.006805061,0.17244811262447424,"i=38,j=63"
982,347672.43313307303,5810025.006805061,0.47876218347552335,"i=38,j=64"
983,347682.43313307303,5810025.006805061,0.4904131305740217,"i=38,j=65"
984,347692.43313307303,5810025.006805061,0.6790952719226749,"i=38,j=66"
985,347702.43313307303,5810025.006805061,0.48161179652336017,"i=38,j=67"
986,347712.43313307303,5810025.006805061,0.8089329031998985,"i=38,j=68"
987,347722.43313307303,5810025.006805061,0.03858372636938756,"i=38,j=69"
988,347732.43313307303,5810025.006805061,0.0019527744222583854,"i=38,j=70"
989,347742.43313307303,5810025.006805061,0.2694281931069076,"i=38,j=71"
990,347752.43313307303,5810025.006805061,0.20451619937310295,"i=38,j=72"
991,347762.43313307303,5810025.006805061,0.747047307818548,"i=38,j=73"
992,347772.43313307303,5810025.006805061,0.589229525241946,"i=38,j=74"
993,347192.43313307303,5810015.006805061,0.3420101954099066,"i=39,j=16"
994,347202.43313307303,5810015.006805061,0.6646465119378168,"i=39,j=17"
995,347212.43313307303,5810015.006805061,0.6473933569657316,"i=39,j=18"
996,347222.43313307303,5810015.006805061,0.2073622948774314,"i=39,j=19"
997,347232.43313307303,5810015.006805061,0.8092555211625679,"i=39,j=20"
998,347242.43313307303,5810015.006805061,0.6970946886502245,"i=39,j=21"
999,347252.43313307303,5810015.006805061,0.08369014400704344,"i=39,j=22"
1000,347262.43313307303,5810015.006805061,0.1680585107568866,"i=39,j=23"
1001,347272.43313307303,5810015.006805061,0.9561980959335596,"i=39,j=24"
1002,347282.43313307303,5810015.006805061,0.5708597923162381,"i=39,j=25"
1003,347292.43313307303,5810015.006805061,0.25464285933888064,"i=39,j=26"
1004,347302.43313307303,5810015.006805061,0.24727928362252638,"i=39,j=27"
1005,347312.43313307303,5810015.006805061,0.017109689736342082,"i=39,j=28"
1006,347322.43313307303,5810015.006805061,0.4615899493267239,"i=39,j=29"
1007,347332.43313307303,5810015.006805061,0.7112228026217645,"i=39,j=30"
1008,347342.43313307303,5810015.006805061,0.034341131446198325,"i=39,j=31"
1009,347352.43313307303,5810015.006805061,0.19248656780734175,"i=39,j=32"
1010,347362.43313307303,5810015.006805061,0.5772507975553498,"i=39,j=33"
1011,347372.43313307303,5810015.006805061,0.6999639930464416,"i=39,j=34"
1012,347382.43313307303,5810015.006805061,0.3281851242369339,"i=39,j=35"
1013,347392.43313307303,5810015.006805061,0.9074958908013798,"i=39,j=36"
1014,347402.43313307303,5810015.006805061,0.9722839746053796,"i=39,j=37"
1015,347412.43313307303,5810015.006805061,0.10572727667288295,"i=39,j=38"
1016,347422.43313307303,5810015.006805061,0.534115369445992,"i=39,j=39"
1017,347432.43313307303,5810015.006805061,0.18718649031467038,"i=39,j=40"
1018,347442.43313307303,5810015.006805061,0.2963385121245875,"i=39,j=41"
1019,347452.43313307303,5810015.006805061,0.24993120557621007,"i=39,j=42"
1020,347462.43313307303,5810015.006805061,0.6494352268146747,"i=39,j=43"
1021,347472.43313307303,5810015.006805061,0.692157674365792,"i=39,j=44"
1022,347482.43313307303,5810015.006805061,0.3041273905809784,"i=39,j=45"
1023,347492.43313307303,5810015.006805061,0.8890390982212777,"i=39,j=46"
1024,347502.43313307303,5810015.006805061,0.04045218091244884,"i=39,j=47"
1025,347512.43313307303,5810015.006805061,0.5009362063887319,"i=39,j=48"
1026,347522.43313307303,5810015.006805061,0.4226997816162268,"i=39,j=49"
1027,347532.43313307303,5810015.006805061,0.5058364209440936,"i=39,j=50"
1028,347542.43313307303,5810015.006805061,0.25275046494593745,"i=39,j=51"
1029,347552.43313307303,5810015.006805061,0.5738561604498653,"i=39,j=52"
1030,347562.43313307303,5810015.006805061,0.7662127828336901,"i=39,j=53"
1031,347572.43313307303,5810015.006805061,0.7487971969393478,"i=39,j=54"
1032,347582.43313307303,5810015.006805061,0.5692758848922285,"i=39,j=55"
1033,347592.43313307303,5810015.006805061,0.8796137969474714,"i=39,j=56"
1034,347602.43313307303,5810015.006805061,0.41664045551298,"i=39,j=57"
1035,347612.43313307303,5810015.006805061,0.339714201875043,"i=39,j=58"
1036,347622.43313307303,5810015.006805061,0.9767163164588897,"i=39,j=59"
1037,347632.43313307303,5810015.006805061,0.5868585760122031,"i=39,j=60"
1038,347642.43313307303,5810015.006805061,0.3567335268307167,"i=39,j=61"
1039,347652.43313307303,5810015.006805061,0.2768707926575683,"i=39,j=62"
1040,347662.43313307303,5810015.006805061,0.6801601158667,"i=39,j=63"
1041,347672.43313307303,5810015.006805061,0.3759677766277445,"i=39,j=64"
1042,347682.43313307303,5810015.006805061,0.0028032065421685903,"i=39,j=65"
1043,347692.43313307303,5810015.006805061,0.8258963704491207,"i=39,j=66"
1044,347702.43313307303,5810015.006805061,0.9694107011016173,"i=39,j=67"
1045,347712.43313307303,5810015.006805061,0.7608228410040146,"i=39,j=68"
1046,347722.43313307303,5810015.006805061,0.6753815902658642,"i=39,j=69"
1047,347732.43313307303,5810015.006805061,0.7959703821074365,"i=39,j=70"
1048,347742.43313307303,5810015.006805061,0.6596325884676321,"i=39,j=71"
1049,347752.43313307303,5810015.006805061,0.20686194668245939,"i=39,j=72"
1050,347762.43313307303,5810015.006805061,0.5060781288497487,"i=39,j=73"
1051,347772.43313307303,5810015.006805061,0.9801894595955767,"i=39,j=74"
1052,347192.43313307303,5810005.006805061,0.7922090231081503,"i=40,j=16"
1053,347202.43313307303,5810005.006805061,0.12947758949786436,"i=40,j=17"
1054,347212.43313307303,5810005.006805061,0.8875888117534261,"i=40,j=18"
1055,347222.43313307303,5810005.006805061,0.1887218819677745,"i=40,j=19"
1056,347232.43313307303,5810005.006805061,0.617290888806918,"i=40,j=20"
1057,347242.43313307303,5810005.006805061,0.8725995376272869,"i=40,j=21"
1058,347252.43313307303,5810005.006805061,0.7404626887074989,"i=40,j=22"
1059,347262.43313307303,5810005.006805061,0.46603976387029167,"i=40,j=23"
1060,347272.43313307303,5810005.006805061,0.09502273884853185,"i=40,j=24"
1061,347282.43313307303,5810005.006805061,0.18110850690004732,"i=40,j=25"
1062,347292.43313307303,5810005.006805061,0.6761617058115147,"i=40,j=26"
1063,347302.43313307303,5810005.006805061,0.32254299426240973,"i=40,j=27"
1064,347312.43313307303,5810005.006805061,0.5455348945266719,"i=40,j=28"
1065,347322.43313307303,5810005.006805061,0.3530230817812269,"i=40,j=29"
1066,347332.43313307303,5810005.006805061,0.6413214699874242,"i=40,j=30"
1067,347342.43313307303,5810005.006805061,0.7309912347643049,"i=40,j=31"
1068,347352.43313307303,5810005.006805061,0.72899345103847,"i=40,j=32"
1069,347362.43313307303,5810005.006805061,0.1276741901581372,"i=40,j=33"
1070,347372.43313307303,5810005.006805061,0.43897956049843934,"i=40,j=34"
1071,347382.43313307303,5810005.006805061,0.9128459937890874,"i=40,j=35"
1072,347392.43313307303,5810005.006805061,0.07419225393385609,"i=40,j=36"
1073,347402.43313307303,5810005.006805061,0.30524559506468074,"i=40,j=37"
1074,347412.43313307303,5810005.006805061,0.6881376008221923,"i=40,j=38"
1075,347422.43313307303,5810005.006805061,0.0027385310411869312,"i=40,j=39"
1076,347432.43313307303,5810005.006805061,0.5145194742971643,"i=40,j=40"
1077,347442.43313307303,5810005.006805061,0.641475979947105,"i=40,j=41"
1078,347452.43313307303,5810005.006805061,0.4173644391307173,"i=40,j=42"
1079,347462.43313307303,5810005.006805061,0.8971664590082703,"i=40,j=43"
1080,347472.43313307303,5810005.006805061,0.8018309620137782,"i=40,j=44"
1081,347482.43313307303,5810005.006805061,0.795127267435628,"i=40,j=45"
1082,347492.43313307303,5810005.006805061,0.3654545308334233,"i=40,j=46"
1083,347502.43313307303,5810005.006805061,0.49457863162058713,"i=40,j=47"
1084,347512.43313307303,5810005.006805061,0.4601504965377594,"i=40,j=48"
1085,347522.43313307303,5810005.006805061,0.7231997907428083,"i=40,j=49"
1086,347532.43313307303,5810005.006805061,0.7841751737495568,"i=40,j=50"
1087,347542.43313307303,5810005.006805061,0.3040119902291828,"i=40,j=51"
1088,347552.43313307303,5810005.006805061,0.5259590549958592,"i=40,j=52"
1089,347562.43313307303,5810005.006805061,0.6137870225784228,"i=40,j=53"
1090,347572.43313307303,5810005.006805061,0.08960833664429446,"i=40,j=54"
1091,347582.43313307303,5810005.006805061,0.8847896306492471,"i=40,j=55"
1092,347592.43313307303,5810005.006805061,0.8968884632514224,"i=40,j=56"
1093,347602.43313307303,5810005.006805061,0.6418538789218767,"i=40,j=57"
1094,347612.43313307303,5810005.006805061,0.30163980917676914,"i=40,j=58"
1095,347622.43313307303,5810005.006805061,0.5289318641443927,"i=40,j=59"
1096,347632.43313307303,5810005.006805061,0.695944035399858,"i=40,j=60"
1097,347642.43313307303,5810005.006805061,0.42702340434807706,"i=40,j=61"
1098,347652.43313307303,5810005.006805061,0.8163603302125226,"i=40,j=62"
1099,347662.43313307303,5810005.006805061,0.7200752781355597,"i=40,j=63"
1100,347672.43313307303,5810005.006805061,0.5167466339376412,"i=40,j=64"
1101,347682.43313307303,5810005.006805061,0.08284993287893716,"i=40,j=65"
1102,347692.43313307303,5810005.006805061,0.3728012488936149,"i=40,j=66"
1103,347702.43313307303,5810005.006805061,0.11148560459580592,"i=40,j=67"
1104,347712.43313307303,5810005.006805061,0.5096330085062187,"i=40,j=68"
1105,347722.43313307303,5810005.006805061,0.21594935373968993,"i=40,j=69"
1106,347732.43313307303,5810005.006805061,0.5621722089489072,"i=40,j=70"
1107,347742.43313307303,5810005.006805061,0.8741626401361351,"i=40,j=71"
1108,347752.43313307303,5810005.006805061,0.8760031361397436,"i=40,j=72"
1109,347762.43313307303,5810005.006805061,0.7456971347870093,"i=40,j=73"
1110,347192.43313307303,5809995.006805061,0.0655409349237076,"i=41,j=16"
1111,347202.43313307303,5809995.006805061,0.3827118374662677,"i=41,j=17"
1112,347212.43313307303,5809995.006805061,0.9314475998269528,"i=41,j=18"
1113,347222.43313307303,5809995.006805061,0.7638544501315488,"i=41,j=19"
1114,347232.43313307303,5809995.006805061,0.715284806832347,"i=41,j=20"
1115,347242.43313307303,5809995.006805061,0.6769951682768003,"i=41,j=21"
1116,347252.43313307303,5809995.006805061,0.7125149319820824,"i=41,j=22"
1117,347262.43313307303,5809995.006805061,0.528515683393684,"i=41,j=23"
1118,347272.43313307303,5809995.006805061,0.8727548296461732,"i=41,j=24"
1119,347282.43313307303,5809995.006805061,0.902798296921606,"i=41,j=25"
1120,347292.43313307303,5809995.006805061,0.7002428873426139,"i=41,j=26"
1121,347302.43313307303,5809995.006805061,0.8992332543689961,"i=41,j=27"
1122,347312.43313307303,5809995.006805061,0.4445130600303828,"i=41,j=28"
1123,347322.43313307303,5809995.006805061,0.7668481219737694,"i=41,j=29"
1124,347332.43313307303,5809995.006805061,0.25371271238056203,"i=41,j=30"
1125,347342.43313307303,5809995.006805061,0.058112248267681466,"i=41,j=31"
1126,347352.43313307303,5809995.006805061,0.22583594034909282,"i=41,j=32"
1127,347362.43313307303,5809995.006805061,0.08362338021232851,"i=41,j=33"
1128,347372.43313307303,5809995.006805061,0.2213718898910444,"i=41,j=34"
1129,347382.43313307303,5809995.006805061,0.9846120761852658,"i=41,j=35"
1130,347392.43313307303,5809995.006805061,0.26986395868759583,"i=41,j=36"
1131,347402.43313307303,5809995.006805061,0.1463489539145708,"i=41,j=37"
1132,347412.43313307303,5809995.006805061,0.13992513705016096,"i=41,j=38"
1133,347422.43313307303,5809995.006805061,0.5566331872334489,"i=41,j=39"
1134,347432.43313307303,5809995.006805061,0.3781794889671314,"i=41,j=40"
1135,347442.43313307303,5809995.006805061,0.4344684918762435,"i=41,j=41"
1136,347452.43313307303,5809995.006805061,0.3178708364403968,"i=41,j=42"
1137,347462.43313307303,5809995.006805061,0.7645538925131887,"i=41,j=43"
1138,347472.43313307303,5809995.006805061,0.6792789865622587,"i=41,j=44"
1139,347482.43313307303,5809995.006805061,0.9771198947409606,"i=41,j=45"
1140,347492.43313307303,5809995.006805061,0.9263208245970073,"i=41,j=46"
1141,347502.43313307303,5809995.006805061,0.9595002811577816,"i=41,j=47"
1142,347512.43313307303,5809995.006805061,0.07510313234518906,"i=41,j=48"
1143,347522.43313307303,5809995.006805061,0.11256086393275055,"i=41,j=49"
1144,347532.43313307303,5809995.006805061,0.06034278621961042,"i=41,j=50"
1145,347542.43313307303,5809995.006805061,0.21757685777194358,"i=41,j=51"
1146,347552.43313307303,5809995.006805061,0.41701834921476855,"i=41,j=52"
1147,347562.43313307303,5809995.006805061,0.8166651313752568,"i=41,j=53"
1148,347572.43313307303,5809995.006805061,0.6126914786070861,"i=41,j=54"
1149,347582.43313307303,5809995.006805061,0.5395141559717427,"i=41,j=55"
1150,347592.43313307303,5809995.006805061,0.5638609635820705,"i=41,j=56"
1151,347602.43313307303,5809995.006805061,0.9963139692983815,"i=41,j=57"
1152,347612.43313307303,5809995.006805061,0.9966957918402373,"i=41,j=58"
1153,347622.43313307303,5809995.006805061,0.6516631590404147,"i=41,j=59"
1154,347632.43313307303,5809995.006805061,0.9420829595731602,"i=41,j=60"
1155,347642.43313307303,5809995.006805061,0.08174973839486455,"i=41,j=61"
1156,347652.43313307303,5809995.006805061,0.29949730364326355,"i=41,j=62"
1157,347662.43313307303,5809995.006805061,0.5732384560929045,"i=41,j=63"
1158,347672.43313307303,5809995.006805061,0.5973685235487167,"i=41,j=64"
1159,347682.43313307303,5809995.006805061,0.13597408280527246,"i=41,j=65"
1160,347692.43313307303,5809995.006805061,0.928588782985756,"i=41,j=66"
1161,347702.43313307303,5809995.006805061,0.9058588688824232,"i=41,j=67"
1162,347712.43313307303,5809995.006805061,0.2683091244962855,"i=41,j=68"
1163,347722.43313307303,5809995.006805061,0.776356731632866,"i=41,j=69"
1164,347732.43313307303,5809995.006805061,0.009406866597091001,"i=41,j=70"
1165,347742.43313307303,5809995.006805061,0.9212839555447464,"i=41,j=71"
1166,347752.43313307303,5809995.006805061,0.5335335338685215,"i=41,j=72"
1167,347762.43313307303,5809995.006805061,0.16959988966111272,"i=41,j=73"
1168,347192.43313307303,5809985.006805061,0.06266150696880968,"i=42,j=16"
1169,347202.43313307303,5809985.006805061,0.9203973086801552,"i=42,j=17"
1170,347212.43313307303,5809985.006805061,0.42326965089744284,"i=42,j=18"
1171,347222.43313307303,5809985.006805061,0.8182897815786925,"i=42,j=19"
1172,347232.43313307303,5809985.006805061,0.9644619894728832,"i=42,j=20"
1173,347242.43313307303,5809985.006805061,0.08510739142800272,"i=42,j=21"
1174,347252.43313307303,5809985.006805061,0.3808535568866158,"i=42,j=22"
1175,347262.43313307303,5809985.006805061,0.924018108634205,"i=42,j=23"
1176,347272.43313307303,5809985.006805061,0.5640585046084597,"i=42,j=24"
1177,347282.43313307303,5809985.006805061,0.006102797078958888,"i=42,j=25"
1178,347292.43313307303,5809985.006805061,0.3507838939651847,"i=42,j=26"
1179,347302.43313307303,5809985.006805061,0.021559395489509692,"i=42,j=27"
1180,347312.43313307303,5809985.006805061,0.20625465687693734,"i=42,j=28"
1181,347322.43313307303,5809985.006805061,0.4433900736242552,"i=42,j=29"
1182,347332.43313307303,5809985.006805061,0.002453819496571419,"i=42,j=30"
1183,347342.43313307303,5809985.006805061,0.1823417965278783,"i=42,j=31"
1184,347352.43313307303,5809985.006805061,0.0650332227963587,"i=42,j=32"
1185,347362.43313307303,5809985.006805061,0.2405491142536631,"i=42,j=33"
1186,347372.43313307303,5809985.006805061,0.045637234263747994,"i=42,j=34"
1187,347382.43313307303,5809985.006805061,0.6953024516065953,"i=42,j=35"
1188,347392.43313307303,5809985.006805061,0.2002737703453975,"i=42,j=36"
1189,347402.43313307303,5809985.006805061,0.8993682529213667,"i=42,j=37"
1190,347412.43313307303,5809985.006805061,0.06632285373379199,"i=42,j=38"
1191,347422.43313307303,5809985.006805061,0.29293674639931355,"i=42,j=39"
1192,347432.43313307303,5809985.006805061,0.8352407836462326,"i=42,j=40"
1193,347442.43313307303,5809985.006805061,0.3523369158171594,"i=42,j=41"
1194,347452.43313307303,5809985.006805061,0.5143017842789168,"i=42,j=42"
1195,347462.43313307303,5809985.006805061,0.7838639650795943,"i=42,j=43"
1196,347472.43313307303,5809985.006805061,0.37591138670925517,"i=42,j=44"
1197,347482.43313307303,5809985.006805061,0.26013734867132576,"i=42,j=45"
1198,347492.43313307303,5809985.006805061,0.1375309545280049,"i=42,j=46"
1199,347502.43313307303,5809985.006805061,0.9650788420963289,"i=42,j=47"
1200,347512.43313307303,5809985.006805061,0.7121026114192345,"i=42,j=48"
1201,347522.43313307303,5809985.006805061,0.891368429646841,"i=42,j=49"
1202,347532.43313307303,5809985.006805061,0.47088530534107054,"i=42,j=50"
1203,347542.43313307303,5809985.006805061,0.8969775322940712,"i=42,j=51"
1204,347552.43313307303,5809985.006805061,0.5414205463580183,"i=42,j=52"
1205,347562.43313307303,5809985.006805061,0.6393651150155957,"i=42,j=53"
1206,347572.43313307303,5809985.006805061,0.44146688465837525,"i=42,j=54"
1207,347582.43313307303,5809985.006805061,0.05009261940539611,"i=42,j=55"
1208,347592.43313307303,5809985.006805061,0.9397322674868338,"i=42,j=56"
1209,347602.43313307303,5809985.006805061,0.8033358107799091,"i=42,j=57"
1210,347612.43313307303,5809985.006805061,0.11535223117492632,"i=42,j=58"
1211,347622.43313307303,5809985.006805061,0.810485271070005,"i=42,j=59"
1212,347632.43313307303,5809985.006805061,0.9320430865625418,"i=42,j=60"
1213,347642.43313307303,5809985.006805061,0.9898615185379652,"i=42,j=61"
1214,347652.43313307303,5809985.006805061,0.43298760620630705,"i=42,j=62"
1215,347662.43313307303,5809985.006805061,0.8055223966110594,"i=42,j=63"
1216,347672.43313307303,5809985.006805061,0.637240082980048,"i=42,j=64"
1217,347682.43313307303,5809985.006805061,0.32117298078733325,"i=42,j=65"
1218,347692.43313307303,5809985.006805061,0.25672887045191384,"i=42,j=66"
1219,347702.43313307303,5809985.006805061,0.8824529905585867,"i=42,j=67"
1220,347712.43313307303,5809985.006805061,0.6800872499266208,"i=42,j=68"
1221,347722.43313307303,5809985.006805061,0.08190563770793502,"i=42,j=69"
1222,347732.43313307303,5809985.006805061,0.6655240319703528,"i=42,j=70"
1223,347742.43313307303,5809985.006805061,0.5556295484495675,"i=42,j=71"
1224,347752.43313307303,5809985.006805061,0.2039054626375889,"i=42,j=72"
1225,347762.43313307303,5809985.006805061,0.7403295380271753,"i=42,j=73"
1226,347192.43313307303,5809975.006805061,0.7991047104791494,"i=43,j=16"
1227,347202.43313307303,5809975.006805061,0.6795280044717972,"i=43,j=17"
1228,347212.43313307303,5809975.006805061,0.298464163996809,"i=43,j=18"
1229,347222.43313307303,5809975.006805061,0.5764158010992044,"i=43,j=19"
1230,347232.43313307303,5809975.006805061,0.27402875562710494,"i=43,j=20"
1231,347242.43313307303,5809975.006805061,0.43634115414361996,"i=43,j=21"
1232,347252.43313307303,5809975.006805061,0.7995366560935282,"i=43,j=22"
1233,347262.43313307303,5809975.006805061,0.6781811195249482,"i=43,j=23"
1234,347272.43313307303,5809975.006805061,0.37039435921171016,"i=43,j=24"
1235,347282.43313307303,5809975.006805061,0.22004888485706542,"i=43,j=25"
1236,347292.43313307303,5809975.006805061,0.07109211768072998,"i=43,j=26"
1237,347302.43313307303,5809975.006805061,0.0915881528809156,"i=43,j=27"
1238,347312.43313307303,5809975.006805061,0.5621170085544062,"i=43,j=28"
1239,347322.43313307303,5809975.006805061,0.8718447895662989,"i=43,j=29"
1240,347332.43313307303,5809975.006805061,0.1997229704857687,"i=43,j=30"
1241,347342.43313307303,5809975.006805061,0.9390659068190896,"i=43,j=31"
1242,347352.43313307303,5809975.006805061,0.6311291024732337,"i=43,j=32"
1243,347362.43313307303,5809975.006805061,0.3210298864520349,"i=43,j=33"
1244,347372.43313307303,5809975.006805061,0.9496245739001208,"i=43,j=34"
1245,347382.43313307303,5809975.006805061,0.623244380336798,"i=43,j=35"
1246,347392.43313307303,5809975.006805061,0.07072302000363528,"i=43,j=36"
1247,347402.43313307303,5809975.006805061,0.49100703180081917,"i=43,j=37"
1248,347412.43313307303,5809975.006805061,0.45400477313430687,"i=43,j=38"
1249,347422.43313307303,5809975.006805061,0.7386508893392246,"i=43,j=39"
1250,347432.43313307303,5809975.006805061,0.7067182833820435,"i=43,j=40"
1251,347442.43313307303,5809975.006805061,0.29672951001442127,"i=43,j=41"
1252,347452.43313307303,5809975.006805061,0.4686923524668477,"i=43,j=42"
1253,347462.43313307303,5809975.006805061,0.730308427789053,"i=43,j=43"
1254,347472.43313307303,5809975.006805061,0.2713177051949608,"i=43,j=44"
1255,347482.43313307303,5809975.006805061,0.4610655534205145,"i=43,j=45"
1256,347492.43313307303,5809975.006805061,0.1999940269360937,"i=43,j=46"
1257,347502.43313307303,5809975.006805061,0.9919760178834622,"i=43,j=47"
1258,347512.43313307303,5809975.006805061,0.44411900475377974,"i=43,j=48"
1259,347522.43313307303,5809975.006805061,0.9356457823066207,"i=43,j=49"
1260,347532.43313307303,5809975.006805061,0.5290328265673107,"i=43,j=50"
1261,347542.43313307303,5809975.006805061,0.4299839568158602,"i=43,j=51"
1262,347552.43313307303,5809975.006805061,0.7438855056859214,"i=43,j=52"
1263,347562.43313307303,5809975.006805061,0.6580408199339728,"i=43,j=53"
1264,347572.43313307303,5809975.006805061,0.5362884395544676,"i=43,j=54"
1265,347582.43313307303,5809975.006805061,0.22818522666644614,"i=43,j=55"
1266,347592.43313307303,5809975.006805061,0.04140843846714426,"i=43,j=56"
1267,347602.43313307303,5809975.006805061,0.6001022963008675,"i=43,j=57"
1268,347612.43313307303,5809975.006805061,0.8800279635876408,"i=43,j=58"
1269,347622.43313307303,5809975.006805061,0.7006635112567782,"i=43,j=59"
1270,347632.43313307303,5809975.006805061,0.82927221571781,"i=43,j=60"
1271,347642.43313307303,5809975.006805061,0.719977635843836,"i=43,j=61"
1272,347652.43313307303,5809975.006805061,0.6662257657535138,"i=43,j=62"
1273,347662.43313307303,5809975.006805061,0.964604777688801,"i=43,j=63"
1274,347672.43313307303,5809975.006805061,0.7851284080552933,"i=43,j=64"
1275,347682.43313307303,5809975.006805061,0.8352921328786409,"i=43,j=65"
1276,347692.43313307303,5809975.006805061,0.8492692066699583,"i=43,j=66"
1277,347702.43313307303,5809975.006805061,0.5582172307193916,"i=43,j=67"
1278,347712.43313307303,5809975.006805061,0.011845719814703837,"i=43,j=68"
1279,347722.43313307303,5809975.006805061,0.319989497367382,"i=43,j=69"
1280,347732.43313307303,5809975.006805061,0.9678108046345227,"i=43,j=70"
1281,347742.43313307303,5809975.006805061,0.12312810576379718,"i=43,j=71"
1282,347752.43313307303,5809975.006805061,0.47648300405271715,"i=43,j=72"
1283,347762.43313307303,5809975.006805061,0.2119572963560823,"i=43,j=73"
1284,347192.43313307303,5809965.006805061,0.7971377957684852,"i=44,j=16"
1285,347202.43313307303,5809965.006805061,0.7441011654851534,"i=44,j=17"
1286,347212.43313307303,5809965.006805061,0.4173838662053122,"i=44,j=18"
1287,347222.43313307303,5809965.006805061,0.08918590284016359,"i=44,j=19"
1288,347232.43313307303,5809965.006805061,0.6386028573902465,"i=44,j=20"
1289,347242.43313307303,5809965.006805061,0.8855569757783435,"i=44,j=21"
1290,347252.43313307303,5809965.006805061,0.010062026085428943,"i=44,j=22"
1291,347262.43313307303,5809965.006805061,0.900011313628417,"i=44,j=23"
1292,347272.43313307303,5809965.006805061,0.7957026778806268,"i=44,j=24"
1293,347282.43313307303,5809965.006805061,0.8450501209237097,"i=44,j=25"
1294,347292.43313307303,5809965.006805061,0.006718522286718875,"i=44,j=26"
1295,347302.43313307303,5809965.006805061,0.09818316745931577,"i=44,j=27"
1296,347312.43313307303,5809965.006805061,0.9502507029917412,"i=44,j=28"
1297,347322.43313307303,5809965.006805061,0.8406900636795613,"i=44,j=29"
1298,347332.43313307303,5809965.006805061,0.9451349196149994,"i=44,j=30"
1299,347342.43313307303,5809965.006805061,0.7192587964940734,"i=44,j=31"
1300,347352.43313307303,5809965.006805061,0.3439629671307236,"i=44,j=32"
1301,347362.43313307303,5809965.006805061,0.7757774954576404,"i=44,j=33"
1302,347372.43313307303,5809965.006805061,0.32272707795667144,"i=44,j=34"
1303,347382.43313307303,5809965.006805061,0.6460366781354542,"i=44,j=35"
1304,347392.43313307303,5809965.006805061,0.2934521164303804,"i=44,j=36"
1305,347402.43313307303,5809965.006805061,0.9798491910011704,"i=44,j=37"
1306,347412.43313307303,5809965.006805061,0.6320524760702276,"i=44,j=38"
1307,347422.43313307303,5809965.006805061,0.8506389372871679,"i=44,j=39"
1308,347432.43313307303,5809965.006805061,0.7944977552971939,"i=44,j=40"
1309,347442.43313307303,5809965.006805061,0.5656562084701551,"i=44,j=41"
1310,347452.43313307303,5809965.006805061,0.04082020975273226,"i=44,j=42"
1311,347462.43313307303,5809965.006805061,0.9012759753708749,"i=44,j=43"
1312,347472.43313307303,5809965.006805061,0.7273438548326359,"i=44,j=44"
1313,347482.43313307303,5809965.006805061,0.4886539909601554,"i=44,j=45"
1314,347492.43313307303,5809965.006805061,0.4320175971289185,"i=44,j=46"
1315,347502.43313307303,5809965.006805061,0.3420274946633066,"i=44,j=47"
1316,347512.43313307303,5809965.006805061,0.6104231301693845,"i=44,j=48"
1317,347522.43313307303,5809965.006805061,0.8897070466054356,"i=44,j=49"
1318,347532.43313307303,5809965.006805061,0.1755565116646477,"i=44,j=50"
1319,347542.43313307303,5809965.006805061,0.8738130680489674,"i=44,j=51"
1320,347552.43313307303,5809965.006805061,0.12052636733989008,"i=44,j=52"
1321,347562.43313307303,5809965.006805061,0.16643675342306807,"i=44,j=53"
1322,347572.43313307303,5809965.006805061,0.10590139929096998,"i=44,j=54"
1323,347582.43313307303,5809965.006805061,0.6378098362567959,"i=44,j=55"
1324,347592.43313307303,5809965.006805061,0.01598053979570624,"i=44,j=56"
1325,347602.43313307303,5809965.006805061,0.873951172445165,"i=44,j=57"
1326,347612.43313307303,5809965.006805061,0.20490246897539344,"i=44,j=58"
1327,347622.43313307303,5809965.006805061,0.16699546265741683,"i=44,j=59"
1328,347632.43313307303,5809965.006805061,0.048201903037842775,"i=44,j=60"
1329,347642.43313307303,5809965.006805061,0.4545004292968051,"i=44,j=61"
1330,347652.43313307303,5809965.006805061,0.5768733042508646,"i=44,j=62"
1331,347662.43313307303,5809965.006805061,0.7806666752191684,"i=44,j=63"
1332,347672.43313307303,5809965.006805061,0.12775679987156008,"i=44,j=64"
1333,347682.43313307303,5809965.006805061,0.1554869152034748,"i=44,j=65"
1334,347692.43313307303,5809965.006805061,0.5163500798488649,"i=44,j=66"
1335,347702.43313307303,5809965.006805061,0.6696006074461542,"i=44,j=67"
1336,347712.43313307303,5809965.006805061,0.6732579317040089,"i=44,j=68"
1337,347722.43313307303,5809965.006805061,0.46794731223919117,"i=44,j=69"
1338,347732.43313307303,5809965.006805061,0.02711490234035885,"i=44,j=70"
1339,347742.43313307303,5809965.006805061,0.390872716062711,"i=44,j=71"
1340,347752.43313307303,5809965.006805061,0.47609382857792026,"i=44,j=72"
1341,347762.43313307303,5809965.006805061,0.9947379814794568,"i=44,j=73"
1342,347192.43313307303,5809955.006805061,0.08739574789640625,"i=45,j=16"
1343,347202.43313307303,5809955.006805061,0.10021722489037688,"i=45,j=17"
1344,347212.43313307303,5809955.006805061,0.4526822854993565,"i=45,j=18"
1345,347222.43313307303,5809955.006805061,0.5674420700183901,"i=45,j=19"
1346,347232.43313307303,5809955.006805061,0.9680734131416351,"i=45,j=20"
1347,347242.43313307303,5809955.006805061,0.8619002519338719,"i=45,j=21"
1348,347252.43313307303,5809955.006805061,0.12814679366875636,"i=45,j=22"
1349,347262.43313307303,5809955.006805061,0.26557236722338395,"i=45,j=23"
1350,347272.43313307303,5809955.006805061,0.4175308511912589,"i=45,j=24"
1351,347282.43313307303,5809955.006805061,0.8325611567342328,"i=45,j=25"
1352,347292.43313307303,5809955.006805061,0.8039494910950978,"i=45,j=26"
1353,347302.43313307303,5809955.006805061,0.3339217508000727,"i=45,j=27"
1354,347312.43313307303,5809955.006805061,0.07148905474593437,"i=45,j=28"
1355,347322.43313307303,5809955.006805061,0.9681947803105588,"i=45,j=29"
1356,347332.43313307303,5809955.006805061,0.8205397778639504,"i=45,j=30"
1357,347342.43313307303,5809955.006805061,0.27959321933121173,"i=45,j=31"
1358,347352.43313307303,5809955.006805061,0.501565230427354,"i=45,j=32"
1359,347362.43313307303,5809955.006805061,0.6400205225086201,"i=45,j=33"
1360,347372.43313307303,5809955.006805061,0.5588990671626552,"i=45,j=34"
1361,347382.43313307303,5809955.006805061,0.7357335992760882,"i=45,j=35"
1362,347392.43313307303,5809955.006805061,0.34438384667454813,"i=45,j=36"
1363,347402.43313307303,5809955.006805061,0.4435367628138882,"i=45,j=37"
1364,347412.43313307303,5809955.006805061,0.6273140208178788,"i=45,j=38"
1365,347422.43313307303,5809955.006805061,0.5714144573160871,"i=45,j=39"
1366,347432.43313307303,5809955.006805061,0.05011102516991439,"i=45,j=40"
1367,347442.43313307303,5809955.006805061,0.7565070835343086,"i=45,j=41"
1368,347452.43313307303,5809955.006805061,0.6141298939648477,"i=45,j=42"
1369,347462.43313307303,5809955.006805061,0.8142436265588809,"i=45,j=43"
1370,347472.43313307303,5809955.006805061,0.061885309872307115,"i=45,j=44"
1371,347482.43313307303,5809955.006805061,0.7469437600453606,"i=45,j=45"
1372,347492.43313307303,5809955.006805061,0.9926096385220827,"i=45,j=46"
1373,347502.43313307303,5809955.006805061,0.9348536118401958,"i=45,j=47"
1374,347512.43313307303,5809955.006805061,0.25840999706056234,"i=45,j=48"
1375,347522.43313307303,5809955.006805061,0.9395924062458464,"i=45,j=49"
1376,347532.43313307303,5809955.006805061,0.879456283746171,"i=45,j=50"
1377,347542.43313307303,5809955.006805061,0.975807822149522,"i=45,j=51"
1378,347552.43313307303,5809955.006805061,0.4640439732318291,"i=45,j=52"
1379,347562.43313307303,5809955.006805061,0.26490381882683234,"i=45,j=53"
1380,347572.43313307303,5809955.006805061,0.18124247314659836,"i=45,j=54"
1381,347582.43313307303,5809955.006805061,0.9487146793453437,"i=45,j=55"
1382,347592.43313307303,5809955.006805061,0.5663333192140333,"i=45,j=56"
1383,347602.43313307303,5809955.006805061,0.7940911453359473,"i=45,j=57"
1384,347612.43313307303,5809955.006805061,0.793690755774805,"i=45,j=58"
1385,347622.43313307303,5809955.006805061,0.13957486815053777,"i=45,j=59"
1386,347632.43313307303,5809955.006805061,0.745858986324516,"i=45,j=60"
1387,347642.43313307303,5809955.006805061,0.07861182905615993,"i=45,j=61"
1388,347652.43313307303,5809955.006805061,0.9725014929827459,"i=45,j=62"
1389,347662.43313307303,5809955.006805061,0.34197846357665773,"i=45,j=63"
1390,347672.43313307303,5809955.006805061,0.14121850035154948,"i=45,j=64"
1391,347682.43313307303,5809955.006805061,0.9307809183538035,"i=45,j=65"
1392,347692.43313307303,5809955.006805061,0.9465329981452195,"i=45,j=66"
1393,347702.43313307303,5809955.006805061,0.06071795036806937,"i=45,j=67"
1394,347712.43313307303,5809955.006805061,0.3704502243847988,"i=45,j=68"
1395,347722.43313307303,5809955.006805061,0.4488606552652522,"i=45,j=69"
1396,347732.43313307303,5809955.006805061,0.017708912789924036,"i=45,j=70"
1397,347742.43313307303,5809955.006805061,0.24099799505134056,"i=45,j=71"
1398,347752.43313307303,5809955.006805061,0.9991010106850772,"i=45,j=72"
1399,347202.43313307303,5809945.006805061,0.29057126431479907,"i=46,j=17"
1400,347212.43313307303,5809945.006805061,0.7403484887918723,"i=46,j=18"
1401,347222.43313307303,5809945.006805061,0.03158061747282115,"i=46,j=19"
1402,347232.43313307303,5809945.006805061,0.05760832609107658,"i=46,j=20"
1403,347242.43313307303,5809945.006805061,0.6144969863250559,"i=46,j=21"
1404,347252.43313307303,5809945.006805061,0.9988881726959083,"i=46,j=22"
1405,347262.43313307303,5809945.006805061,0.993058927952395,"i=46,j=23"
1406,347272.43313307303,5809945.006805061,0.14412404203363827,"i=46,j=24"
1407,347282.43313307303,5809945.006805061,0.7747176590574332,"i=46,j=25"
1408,347292.43313307303,5809945.006805061,0.29740495380124155,"i=46,j=26"
1409,347302.43313307303,5809945.006805061,0.24691412714704963,"i=46,j=27"
1410,347312.43313307303,5809945.006805061,0.40301194576009713,"i=46,j=28"
1411,347322.43313307303,5809945.006805061,0.8610202331780742,"i=46,j=29"
1412,347332.43313307303,5809945.006805061,0.3868678151878495,"i=46,j=30"
1413,347342.43313307303,5809945.006805061,0.21613304220158192,"i=46,j=31"
1414,347352.43313307303,5809945.006805061,0.5588314049103773,"i=46,j=32"
1415,347362.43313307303,5809945.006805061,0.9513518779600695,"i=46,j=33"
1416,347372.43313307303,5809945.006805061,0.691298662920331,"i=46,j=34"
1417,347382.43313307303,5809945.006805061,0.919166596375772,"i=46,j=35"
1418,347392.43313307303,5809945.006805061,0.7041521267197969,"i=46,j=36"
1419,347402.43313307303,5809945.006805061,0.5926321762588768,"i=46,j=37"
1420,347412.43313307303,5809945.006805061,0.5846710497200449,"i=46,j=38"
1421,347422.43313307303,5809945.006805061,0.43087832655336467,"i=46,j=39"
1422,347432.43313307303,5809945.006805061,0.6434580105391118,"i=46,j=40"
1423,347442.43313307303,5809945.006805061,0.11006009543230066,"i=46,j=41"
1424,347452.43313307303,5809945.006805061,0.7080595628395114,"i=46,j=42"
1425,347462.43313307303,5809945.006805061,0.9092298393181452,"i=46,j=43"
1426,347472.43313307303,5809945.006805061,0.8947538237566492,"i=46,j=44"
1427,347482.43313307303,5809945.006805061,0.6299052732637792,"i=46,j=45"
1428,347492.43313307303,5809945.006805061,0.7547550844270333,"i=46,j=46"
1429,347502.43313307303,5809945.006805061,0.28933257652222943,"i=46,j=47"
1430,347512.43313307303,5809945.006805061,0.0834477937496152,"i=46,j=48"
1431,347522.43313307303,5809945.006805061,0.5489397640533095,"i=46,j=49"
1432,347532.43313307303,5809945.006805061,0.2371641308921385,"i=46,j=50"
1433,347542.43313307303,5809945.006805061,0.8436644007423907,"i=46,j=51"
1434,347552.43313307303,5809945.006805061,0.501849162699929,"i=46,j=52"
1435,347562.43313307303,5809945.006805061,0.10247137097884662,"i=46,j=53"
1436,347572.43313307303,5809945.006805061,0.6472558124219627,"i=46,j=54"
1437,347582.43313307303,5809945.006805061,0.21329634514054985,"i=46,j=55"
1438,347592.43313307303,5809945.006805061,0.15888942926273764,"i=46,j=56"
1439,347602.43313307303,5809945.006805061,0.5275139959785825,"i=46,j=57"
1440,347612.43313307303,5809945.006805061,0.5975479582320893,"i=46,j=58"
1441,347622.43313307303,5809945.006805061,0.17144832818596012,"i=46,j=59"
1442,347632.43313307303,5809945.006805061,0.4271581328479209,"i=46,j=60"
1443,347642.43313307303,5809945.006805061,0.7645459228697306,"i=46,j=61"
1444,347652.43313307303,5809945.006805061,0.39756458400301653,"i=46,j=62"
1445,347662.43313307303,5809945.006805061,0.47058666339541,"i=46,j=63"
1446,347672.43313307303,5809945.006805061,0.2073357406791747,"i=46,j=64"
1447,347682.43313307303,5809945.006805061,0.2507197457258413,"i=46,j=65"
1448,347692.43313307303,5809945.006805061,0.5917598833061358,"i=46,j=66"
1449,347702.43313307303,5809945.006805061,0.7256094034815196,"i=46,j=67"
1450,347712.43313307303,5809945.006805061,0.0008798398608539371,"i=46,j=68"
1451,347722.43313307303,5809945.006805061,0.36732757964933826,"i=46,j=69"
1452,347732.43313307303,5809945.006805061,0.9377767128969409,"i=46,j=70"
1453,347742.43313307303,5809945.006805061,0.21434875852411772,"i=46,j=71"
1454,347752.43313307303,5809945.006805061,0.4870496622274473,"i=46,j=72"
1455,347202.43313307303,5809935.006805061,0.53166546464559,"i=47,j=17"
1456,347212.43313307303,5809935.006805061,0.8113711139722792,"i=47,j=18"
1457,347222.43313307303,5809935.006805061,0.019706622344544455,"i=47,j=19"
1458,347232.43313307303,5809935.006805061,0.6293253095132199,"i=47,j=20"
1459,347242.43313307303,5809935.006805061,0.8666778783626906,"i=47,j=21"
1460,347252.43313307303,5809935.006805061,0.817253333031446,"i=47,j=22"
1461,347262.43313307303,5809935.006805061,0.7601142126727668,"i=47,j=23"
1462,347272.43313307303,5809935.006805061,0.1763794777119604,"i=47,j=24"
1463,347282.43313307303,5809935.006805061,0.32949865485639684,"i=47,j=25"
1464,347292.43313307303,5809935.006805061,0.12227353439344768,"i=47,j=26"
1465,347302.43313307303,5809935.006805061,0.6230038903238698,"i=47,j=27"
1466,347312.43313307303,5809935.006805061,0.9568432256458028,"i=47,j=28"
1467,347322.43313307303,5809935.006805061,0.33868516881542743,"i=47,j=29"
1468,347332.43313307303,5809935.006805061,0.36311661345293833,"i=47,j=30"
1469,347342.43313307303,5809935.006805061,0.8005387888269442,"i=47,j=31"
1470,347352.43313307303,5809935.006805061,0.6908091824644941,"i=47,j=32"
1471,347362.43313307303,5809935.006805061,0.2685494004657458,"i=47,j=33"
1472,347372.43313307303,5809935.006805061,0.3935512725479974,"i=47,j=34"
1473,347382.43313307303,5809935.006805061,0.4539404481088938,"i=47,j=35"
1474,347392.43313307303,5809935.006805061,0.8705046502101638,"i=47,j=36"
1475,347402.43313307303,5809935.006805061,0.3914511267767161,"i=47,j=37"
1476,347412.43313307303,5809935.006805061,0.2414957980134479,"i=47,j=38"
1477,347422.43313307303,5809935.006805061,0.7331591486058556,"i=47,j=39"
1478,347432.43313307303,5809935.006805061,0.29083475518676327,"i=47,j=40"
1479,347442.43313307303,5809935.006805061,0.22493747842542566,"i=47,j=41"
1480,347452.43313307303,5809935.006805061,0.49945520881171634,"i=47,j=42"
1481,347462.43313307303,5809935.006805061,0.9340799026118995,"i=47,j=43"
1482,347472.43313307303,5809935.006805061,0.22551235723300955,"i=47,j=44"
1483,347482.43313307303,5809935.006805061,0.3572928840266102,"i=47,j=45"
1484,347492.43313307303,5809935.006805061,0.9231041570006235,"i=47,j=46"
1485,347502.43313307303,5809935.006805061,0.4881814262951948,"i=47,j=47"
1486,347512.43313307303,5809935.006805061,0.22023696470930043,"i=47,j=48"
1487,347522.43313307303,5809935.006805061,0.4022982173934685,"i=47,j=49"
1488,347532.43313307303,5809935.006805061,0.984964876249202,"i=47,j=50"
1489,347542.43313307303,5809935.006805061,0.4592426058648148,"i=47,j=51"
1490,347552.43313307303,5809935.006805061,0.7016025789498274,"i=47,j=52"
1491,347562.43313307303,5809935.006805061,0.1475250551624936,"i=47,j=53"
1492,347572.43313307303,5809935.006805061,0.34626560898457326,"i=47,j=54"
1493,347582.43313307303,5809935.006805061,0.5067478526627316,"i=47,j=55"
1494,347592.43313307303,5809935.006805061,0.6850793995001568,"i=47,j=56"
1495,347602.43313307303,5809935.006805061,0.33520633600360517,"i=47,j=57"
1496,347612.43313307303,5809935.006805061,0.594798578137478,"i=47,j=58"
1497,347622.43313307303,5809935.006805061,0.11183584119209922,"i=47,j=59"
1498,347632.43313307303,5809935.006805061,0.37303028319227516,"i=47,j=60"
1499,347642.43313307303,5809935.006805061,0.7456136313776329,"i=47,j=61"
1500,347652.43313307303,5809935.006805061,0.4264014916586264,"i=47,j=62"
1501,347662.43313307303,5809935.006805061,0.8000988197964576,"i=47,j=63"
1502,347672.43313307303,5809935.006805061,0.43083760177085006,"i=47,j=64"
1503,347682.43313307303,5809935.006805061,0.9852842461415522,"i=47,j=65"
1504,347692.43313307303,5809935.006805061,0.9332037768082443,"i=47,j=66"
1505,347702.43313307303,5809935.006805061,0.9295734301411518,"i=47,j=67"
1506,347712.43313307303,5809935.006805061,0.9184010935298503,"i=47,j=68"
1507,347722.43313307303,5809935.006805061,0.17698044304463245,"i=47,j=69"
1508,347732.43313307303,5809935.006805061,0.33664370619276507,"i=47,j=70"
1509,347742.43313307303,5809935.006805061,0.3256363937640384,"i=47,j=71"
1510,347752.43313307303,5809935.006805061,0.7079021862666679,"i=47,j=72"
1511,347212.43313307303,5809925.006805061,0.46955051303084894,"i=48,j=18"
1512,347222.43313307303,5809925.006805061,0.34540194126018364,"i=48,j=19"
1513,347232.43313307303,5809925.006805061,0.060455999028436014,"i=48,j=20"
1514,347242.43313307303,5809925.006805061,0.8905517351054643,"i=48,j=21"
1515,347252.43313307303,5809925.006805061,0.0505774394813131,"i=48,j=22"
1516,347262.43313307303,5809925.006805061,0.7404711054412972,"i=48,j=23"
1517,347272.43313307303,5809925.006805061,0.18895126885915603,"i=48,j=24"
1518,347282.43313307303,5809925.006805061,0.7245689402639951,"i=48,j=25"
1519,347292.43313307303,5809925.006805061,0.5086075316924905,"i=48,j=26"
1520,347302.43313307303,5809925.006805061,0.46828247470775297,"i=48,j=27"
1521,347312.43313307303,5809925.006805061,0.14139753727359194,"i=48,j=28"
1522,347322.43313307303,5809925.006805061,0.44493339073352534,"i=48,j=29"
1523,347332.43313307303,5809925.006805061,0.0729429775030569,"i=48,j=30"
1524,347342.43313307303,5809925.006805061,0.5797676777471605,"i=48,j=31"
1525,347352.43313307303,5809925.006805061,0.9987184911729484,"i=48,j=32"
1526,347362.43313307303,5809925.006805061,0.5731047371239002,"i=48,j=33"
1527,347372.43313307303,5809925.006805061,0.40345939860965074,"i=48,j=34"
1528,347382.43313307303,5809925.006805061,0.5193173446136634,"i=48,j=35"
1529,347392.43313307303,5809925.006805061,0.1328433430802476,"i=48,j=36"
1530,347402.43313307303,5809925.006805061,0.7732922704272738,"i=48,j=37"
1531,347412.43313307303,5809925.006805061,0.01971200503160586,"i=48,j=38"
1532,347422.43313307303,5809925.006805061,0.040676333527231656,"i=48,j=39"
1533,347432.43313307303,5809925.006805061,0.7945539155048179,"i=48,j=40"
1534,347442.43313307303,5809925.006805061,0.10986310236847008,"i=48,j=41"
1535,347452.43313307303,5809925.006805061,0.9661199221835736,"i=48,j=42"
1536,347462.43313307303,5809925.006805061,0.73477593981883,"i=48,j=43"
1537,347472.43313307303,5809925.006805061,0.7631723397437085,"i=48,j=44"
1538,347482.43313307303,5809925.006805061,0.47075756969698046,"i=48,j=45"
1539,347492.43313307303,5809925.006805061,0.039504146553063,"i=48,j=46"
1540,347502.43313307303,5809925.006805061,0.5869151776438136,"i=48,j=47"
1541,347512.43313307303,5809925.006805061,0.45367646908787773,"i=48,j=48"
1542,347522.43313307303,5809925.006805061,0.9833636021007506,"i=48,j=49"
1543,347532.43313307303,5809925.006805061,0.2161987581725,"i=48,j=50"
1544,347542.43313307303,5809925.006805061,0.06603318428145044,"i=48,j=51"
1545,347552.43313307303,5809925.006805061,0.9402961356738199,"i=48,j=52"
1546,347562.43313307303,5809925.006805061,0.24339839204614244,"i=48,j=53"
1547,347572.43313307303,5809925.006805061,0.22035368058723215,"i=48,j=54"
1548,347582.43313307303,5809925.006805061,0.6827239623495648,"i=48,j=55"
1549,347592.43313307303,5809925.006805061,0.18748411599672654,"i=48,j=56"
1550,347602.43313307303,5809925.006805061,0.8644606663423993,"i=48,j=57"
1551,347612.43313307303,5809925.006805061,0.9078377394286059,"i=48,j=58"
1552,347622.43313307303,5809925.006805061,0.6172005130762381,"i=48,j=59"
1553,347632.43313307303,5809925.006805061,0.9043354397170712,"i=48,j=60"
1554,347642.43313307303,5809925.006805061,0.03493412875682733,"i=48,j=61"
1555,347652.43313307303,5809925.006805061,0.6605018372635735,"i=48,j=62"
1556,347662.43313307303,5809925.006805061,0.513988016792067,"i=48,j=63"
1557,347672.43313307303,5809925.006805061,0.9570993592084363,"i=48,j=64"
1558,347682.43313307303,5809925.006805061,0.4743014555307321,"i=48,j=65"
1559,347692.43313307303,5809925.006805061,0.3543657429740208,"i=48,j=66"
1560,347702.43313307303,5809925.006805061,0.9384653045651613,"i=48,j=67"
1561,347712.43313307303,5809925.006805061,0.07006442541159086,"i=48,j=68"
1562,347722.43313307303,5809925.006805061,0.8169504372373492,"i=48,j=69"
1563,347732.43313307303,5809925.006805061,0.6343723127973763,"i=48,j=70"
1564,347742.43313307303,5809925.006805061,0.06530587315836534,"i=48,j=71"
1565,347752.43313307303,5809925.006805061,0.6921928852192776,"i=48,j=72"
1566,347212.43313307303,5809915.006805061,0.26741770960380196,"i=49,j=18"
1567,347222.43313307303,5809915.006805061,0.5340675026607175,"i=49,j=19"
1568,347232.43313307303,5809915.006805061,0.31035799123640806,"i=49,j=20"
1569,347242.43313307303,5809915.006805061,0.506836614720657,"i=49,j=21"
1570,347252.43313307303,5809915.006805061,0.5073851891423526,"i=49,j=22"
1571,347262.43313307303,5809915.006805061,0.10501726755880803,"i=49,j=23"
1572,347272.43313307303,5809915.006805061,0.5105526227491641,"i=49,j=24"
1573,347282.43313307303,5809915.006805061,0.9295468054141359,"i=49,j=25"
1574,347292.43313307303,5809915.006805061,0.21904693735274317,"i=49,j=26"
1575,347302.43313307303,5809915.006805061,0.8345219357060011,"i=49,j=27"
1576,347312.43313307303,5809915.006805061,0.31547297889902715,"i=49,j=28"
1577,347322.43313307303,5809915.006805061,0.5596550979117211,"i=49,j=29"
1578,347332.43313307303,5809915.006805061,0.6774882227040773,"i=49,j=30"
1579,347342.43313307303,5809915.006805061,0.5991007316323361,"i=49,j=31"
1580,347352.43313307303,5809915.006805061,0.4706437597859835,"i=49,j=32"
1581,347362.43313307303,5809915.006805061,0.513767315972519,"i=49,j=33"
1582,347372.43313307303,5809915.006805061,0.9047533172198191,"i=49,j=34"
1583,347382.43313307303,5809915.006805061,0.6989395889821373,"i=49,j=35"
1584,347392.43313307303,5809915.006805061,0.49785508719140914,"i=49,j=36"
1585,347402.43313307303,5809915.006805061,0.06789948079390051,"i=49,j=37"
1586,347412.43313307303,5809915.006805061,0.14726608657793216,"i=49,j=38"
1587,347422.43313307303,5809915.006805061,0.49840858358874984,"i=49,j=39"
1588,347432.43313307303,5809915.006805061,0.2589114384431177,"i=49,j=40"
1589,347442.43313307303,5809915.006805061,0.5093838092839491,"i=49,j=41"
1590,347452.43313307303,5809915.006805061,0.9115800651788675,"i=49,j=42"
1591,347462.43313307303,5809915.006805061,0.6692509655847896,"i=49,j=43"
1592,347472.43313307303,5809915.006805061,0.944257263160387,"i=49,j=44"
1593,347482.43313307303,5809915.006805061,0.45856466344423896,"i=49,j=45"
1594,347492.43313307303,5809915.006805061,0.7015933734999531,"i=49,j=46"
1595,347502.43313307303,5809915.006805061,0.9813741550185301,"i=49,j=47"
1596,347512.43313307303,5809915.006805061,0.08855423543821872,"i=49,j=48"
1597,347522.43313307303,5809915.006805061,0.8717959412506139,"i=49,j=49"
1598,347532.43313307303,5809915.006805061,0.059598864517647065,"i=49,j=50"
1599,347542.43313307303,5809915.006805061,0.9132609828517283,"i=49,j=51"
1600,347552.43313307303,5809915.006805061,0.9303862194375129,"i=49,j=52"
1601,347562.43313307303,5809915.006805061,0.9388939193063606,"i=49,j=53"
1602,347572.43313307303,5809915.006805061,0.559369060059318,"i=49,j=54"
1603,347582.43313307303,5809915.006805061,0.17328723135448676,"i=49,j=55"
1604,347592.43313307303,5809915.006805061,0.6150535313563127,"i=49,j=56"
1605,347602.43313307303,5809915.006805061,0.7339615933655019,"i=49,j=57"
1606,347612.43313307303,5809915.006805061,0.09497459771497996,"i=49,j=58"
1607,347622.43313307303,5809915.006805061,0.32926786290123367,"i=49,j=59"
1608,347632.43313307303,5809915.006805061,0.5535253376966818,"i=49,j=60"
1609,347642.43313307303,5809915.006805061,0.7590861900567187,"i=49,j=61"
1610,347652.43313307303,5809915.006805061,0.8476665850359996,"i=49,j=62"
1611,347662.43313307303,5809915.006805061,0.9448070578047497,"i=49,j=63"
1612,347672.43313307303,5809915.006805061,0.668961704596376,"i=49,j=64"
1613,347682.43313307303,5809915.006805061,0.6960678874372387,"i=49,j=65"
1614,347692.43313307303,5809915.006805061,0.5010650252075635,"i=49,j=66"
1615,347702.43313307303,5809915.006805061,0.14277294581506272,"i=49,j=67"
1616,347712.43313307303,5809915.006805061,0.20274015808574064,"i=49,j=68"
1617,347722.43313307303,5809915.006805061,0.9756282904468859,"i=49,j=69"
1618,347732.43313307303,5809915.006805061,0.7952463334669057,"i=49,j=70"
1619,347742.43313307303,5809915.006805061,0.4897676394196483,"i=49,j=71"
1620,347222.43313307303,5809905.006805061,0.7006046910342083,"i=50,j=19"
1621,347232.43313307303,5809905.006805061,0.7561807338612777,"i=50,j=20"
1622,347242.43313307303,5809905.006805061,0.5956540939472218,"i=50,j=21"
1623,347252.43313307303,5809905.006805061,0.8359233375435353,"i=50,j=22"
1624,347262.43313307303,5809905.006805061,0.8343694621441267,"i=50,j=23"
1625,347272.43313307303,5809905.006805061,0.4897555803279936,"i=50,j=24"
1626,347282.43313307303,5809905.006805061,0.7585794369083967,"i=50,j=25"
1627,347292.43313307303,5809905.006805061,0.5856404487362589,"i=50,j=26"
1628,347302.43313307303,5809905.006805061,0.8475546501080045,"i=50,j=27"
1629,347312.43313307303,5809905.006805061,0.1482712609084461,"i=50,j=28"
1630,347322.43313307303,5809905.006805061,0.7873660323397687,"i=50,j=29"
1631,347332.43313307303,5809905.006805061,0.5941485118160578,"i=50,j=30"
1632,347342.43313307303,5809905.006805061,0.4757044003403549,"i=50,j=31"
1633,347352.43313307303,5809905.006805061,0.5598192932198451,"i=50,j=32"
1634,347362.43313307303,5809905.006805061,0.49884625074967637,"i=50,j=33"
1635,347372.43313307303,5809905.006805061,0.41553674380716343,"i=50,j=34"
1636,347382.43313307303,5809905.006805061,0.29998297117515604,"i=50,j=35"
1637,347392.43313307303,5809905.006805061,0.5814097748282392,"i=50,j=36"
1638,347402.43313307303,5809905.006805061,0.4594044555285367,"i=50,j=37"
1639,347412.43313307303,5809905.006805061,0.42180089504446683,"i=50,j=38"
1640,347422.43313307303,5809905.006805061,0.4851104401389006,"i=50,j=39"
1641,347432.43313307303,5809905.006805061,0.41509390070542773,"i=50,j=40"
1642,347442.43313307303,5809905.006805061,0.5982934468159821,"i=50,j=41"
1643,347452.43313307303,5809905.006805061,0.25832482282686997,"i=50,j=42"
1644,347462.43313307303,5809905.006805061,0.09153266761163315,"i=50,j=43"
1645,347472.43313307303,5809905.006805061,0.7690673547100116,"i=50,j=44"
1646,347482.43313307303,5809905.006805061,0.9018577915349638,"i=50,j=45"
1647,347492.43313307303,5809905.006805061,0.9710099718283381,"i=50,j=46"
1648,347502.43313307303,5809905.006805061,0.6240486213729572,"i=50,j=47"
1649,347512.43313307303,5809905.006805061,0.16776432427928145,"i=50,j=48"
1650,347522.43313307303,5809905.006805061,0.49228591763612706,"i=50,j=49"
1651,347532.43313307303,5809905.006805061,0.6150355270463042,"i=50,j=50"
1652,347542.43313307303,5809905.006805061,0.29364692245355195,"i=50,j=51"
1653,347552.43313307303,5809905.006805061,0.2505729005853411,"i=50,j=52"
1654,347562.43313307303,5809905.006805061,0.8983408946807052,"i=50,j=53"
1655,347572.43313307303,5809905.006805061,0.5771351131277247,"i=50,j=54"
1656,347582.43313307303,5809905.006805061,0.8957571531673408,"i=50,j=55"
1657,347592.43313307303,5809905.006805061,0.18918142167081342,"i=50,j=56"
1658,347602.43313307303,5809905.006805061,0.6497290376646714,"i=50,j=57"
1659,347612.43313307303,5809905.006805061,0.24036107407887475,"i=50,j=58"
1660,347622.43313307303,5809905.006805061,0.6099652763132888,"i=50,j=59"
1661,347632.43313307303,5809905.006805061,0.07990929405994296,"i=50,j=60"
1662,347642.43313307303,5809905.006805061,0.24402036972856656,"i=50,j=61"
1663,347652.43313307303,5809905.006805061,0.45805489676695066,"i=50,j=62"
1664,347662.43313307303,5809905.006805061,0.8928207517443371,"i=50,j=63"
1665,347672.43313307303,5809905.006805061,0.31714432691704153,"i=50,j=64"
1666,347682.43313307303,5809905.006805061,0.2671189001956934,"i=50,j=65"
1667,347692.43313307303,5809905.006805061,0.958849804662612,"i=50,j=66"
1668,347702.43313307303,5809905.006805061,0.6206226640669928,"i=50,j=67"
1669,347712.43313307303,5809905.006805061,0.30273458994131963,"i=50,j=68"
1670,347722.43313307303,5809905.006805061,0.2533733504813438,"i=50,j=69"
1671,347732.43313307303,5809905.006805061,0.35403320747028055,"i=50,j=70"
1672,347742.43313307303,5809905.006805061,0.9653133939404134,"i=50,j=71"
1673,347222.43313307303,5809895.006805061,0.3556327253426679,"i=51,j=19"
1674,347232.43313307303,5809895.006805061,0.14196954912389914,"i=51,j=20"
1675,347242.43313307303,5809895.006805061,0.2862547515321192,"i=51,j=21"
1676,347252.43313307303,5809895.006805061,0.6265608917267959,"i=51,j=22"
1677,347262.43313307303,5809895.006805061,0.6518983576687788,"i=51,j=23"
1678,347272.43313307303,5809895.006805061,0.8955209804872181,"i=51,j=24"
1679,347282.43313307303,5809895.006805061,0.4108377197255251,"i=51,j=25"
1680,347292.43313307303,5809895.006805061,0.05388636484749776,"i=51,j=26"
1681,347302.43313307303,5809895.006805061,0.36616725246298587,"i=51,j=27"
1682,347312.43313307303,5809895.006805061,0.636533761211528,"i=51,j=28"
1683,347322.43313307303,5809895.006805061,0.550216732763085,"i=51,j=29"
1684,347332.43313307303,5809895.006805061,0.6943208227727822,"i=51,j=30"
1685,347342.43313307303,5809895.006805061,0.8809936647191889,"i=51,j=31"
1686,347352.43313307303,5809895.006805061,0.008848332203374665,"i=51,j=32"
1687,347362.43313307303,5809895.006805061,0.22323170837031192,"i=51,j=33"
1688,347372.43313307303,5809895.006805061,0.013492686138335763,"i=51,j=34"
1689,347382.43313307303,5809895.006805061,0.3428349416353952,"i=51,j=35"
1690,347392.43313307303,5809895.006805061,0.9206876252801551,"i=51,j=36"
1691,347402.43313307303,5809895.006805061,0.362111190401885,"i=51,j=37"
1692,347412.43313307303,5809895.006805061,0.32754603529354864,"i=51,j=38"
1693,347422.43313307303,5809895.006805061,0.10142414138094469,"i=51,j=39"
1694,347432.43313307303,5809895.006805061,0.9804000720907504,"i=51,j=40"
1695,347442.43313307303,5809895.006805061,0.2658147541003312,"i=51,j=41"
1696,347452.43313307303,5809895.006805061,0.7578680685169628,"i=51,j=42"
1697,347462.43313307303,5809895.006805061,0.1141828383572484,"i=51,j=43"
1698,347472.43313307303,5809895.006805061,0.8774126755231558,"i=51,j=44"
1699,347482.43313307303,5809895.006805061,0.45397936659772375,"i=51,j=45"
1700,347492.43313307303,5809895.006805061,0.16552152393515107,"i=51,j=46"
1701,347502.43313307303,5809895.006805061,0.776239726466399,"i=51,j=47"
1702,347512.43313307303,5809895.006805061,0.6489902512676583,"i=51,j=48"
1703,347522.43313307303,5809895.006805061,0.6953692300914226,"i=51,j=49"
1704,347532.43313307303,5809895.006805061,0.5330366800698221,"i=51,j=50"
1705,347542.43313307303,5809895.006805061,0.3937065358653524,"i=51,j=51"
1706,347552.43313307303,5809895.006805061,0.41570586873591964,"i=51,j=52"
1707,347562.43313307303,5809895.006805061,0.834838069044006,"i=51,j=53"
1708,347572.43313307303,5809895.006805061,0.9953023873278668,"i=51,j=54"
1709,347582.43313307303,5809895.006805061,0.16044717938027964,"i=51,j=55"
1710,347592.43313307303,5809895.006805061,0.7289672402896199,"i=51,j=56"
1711,347602.43313307303,5809895.006805061,0.08710322165165751,"i=51,j=57"
1712,347612.43313307303,5809895.006805061,0.11952872183823327,"i=51,j=58"
1713,347622.43313307303,5809895.006805061,0.704448419160553,"i=51,j=59"
1714,347632.43313307303,5809895.006805061,0.60784215539604,"i=51,j=60"
1715,347642.43313307303,5809895.006805061,0.9277067881552078,"i=51,j=61"
1716,347652.43313307303,5809895.006805061,0.3670426464204509,"i=51,j=62"
1717,347662.43313307303,5809895.006805061,0.46669566505786064,"i=51,j=63"
1718,347672.43313307303,5809895.006805061,0.4158359440519709,"i=51,j=64"
1719,347682.43313307303,5809895.006805061,0.4262023975523036,"i=51,j=65"
1720,347692.43313307303,5809895.006805061,0.2793466380888018,"i=51,j=66"
1721,347702.43313307303,5809895.006805061,0.08681245778898139,"i=51,j=67"
1722,347712.43313307303,5809895.006805061,0.8814981520496581,"i=51,j=68"
1723,347722.43313307303,5809895.006805061,0.15695559993510644,"i=51,j=69"
1724,347732.43313307303,5809895.006805061,0.30877276533835873,"i=51,j=70"
1725,347742.43313307303,5809895.006805061,0.9852088428824461,"i=51,j=71"
1726,347232.43313307303,5809885.006805061,0.10958003111771042,"i=52,j=20"
1727,347242.43313307303,5809885.006805061,0.999149516324859,"i=52,j=21"
1728,347252.43313307303,5809885.006805061,0.15568820948109208,"i=52,j=22"
1729,347262.43313307303,5809885.006805061,0.8186546338146071,"i=52,j=23"
1730,347272.43313307303,5809885.006805061,0.24315160919694956,"i=52,j=24"
1731,347282.43313307303,5809885.006805061,0.4624514027250881,"i=52,j=25"
1732,347292.43313307303,5809885.006805061,0.9937258135350023,"i=52,j=26"
1733,347302.43313307303,5809885.006805061,0.8381201288322704,"i=52,j=27"
1734,347312.43313307303,5809885.006805061,0.6309837926408266,"i=52,j=28"
1735,347322.43313307303,5809885.006805061,0.6507596156377418,"i=52,j=29"
1736,347332.43313307303,5809885.006805061,0.641009006492368,"i=52,j=30"
1737,347342.43313307303,5809885.006805061,0.8351740220217592,"i=52,j=31"
1738,347352.43313307303,5809885.006805061,0.24272993572641066,"i=52,j=32"
1739,347362.43313307303,5809885.006805061,0.4067043957636701,"i=52,j=33"
1740,347372.43313307303,5809885.006805061,0.3254354954088984,"i=52,j=34"
1741,347382.43313307303,5809885.006805061,0.5843862626230546,"i=52,j=35"
1742,347392.43313307303,5809885.006805061,0.23058774141950455,"i=52,j=36"
1743,347402.43313307303,5809885.006805061,0.685319899388069,"i=52,j=37"
1744,347412.43313307303,5809885.006805061,0.37292870274941614,"i=52,j=38"
1745,347422.43313307303,5809885.006805061,0.06965370533271897,"i=52,j=39"
1746,347432.43313307303,5809885.006805061,0.3968832966786212,"i=52,j=40"
1747,347442.43313307303,5809885.006805061,0.2914588963661491,"i=52,j=41"
1748,347452.43313307303,5809885.006805061,0.24957862774677375,"i=52,j=42"
1749,347462.43313307303,5809885.006805061,0.5179750821955648,"i=52,j=43"
1750,347472.43313307303,5809885.006805061,0.2972627646705335,"i=52,j=44"
1751,347482.43313307303,5809885.006805061,0.12644110161061783,"i=52,j=45"
1752,347492.43313307303,5809885.006805061,0.5559143702802861,"i=52,j=46"
1753,347502.43313307303,5809885.006805061,0.4693171210906767,"i=52,j=47"
1754,347512.43313307303,5809885.006805061,0.7912431393123048,"i=52,j=48"
1755,347522.43313307303,5809885.006805061,0.25747001265700453,"i=52,j=49"
1756,347532.43313307303,5809885.006805061,0.5471577795346392,"i=52,j=50"
1757,347542.43313307303,5809885.006805061,0.3098607950415836,"i=52,j=51"
1758,347552.43313307303,5809885.006805061,0.21941023679877225,"i=52,j=52"
1759,347562.43313307303,5809885.006805061,0.47574224042958047,"i=52,j=53"
1760,347572.43313307303,5809885.006805061,0.08961326991703011,"i=52,j=54"
1761,347582.43313307303,5809885.006805061,0.3768073208018715,"i=52,j=55"
1762,347592.43313307303,5809885.006805061,0.3205096256354666,"i=52,j=56"
1763,347602.43313307303,5809885.006805061,0.3797668036664249,"i=52,j=57"
1764,347612.43313307303,5809885.006805061,0.3975258670702684,"i=52,j=58"
1765,347622.43313307303,5809885.006805061,0.42399582144981807,"i=52,j=59"
1766,347632.43313307303,5809885.006805061,0.5551143160759245,"i=52,j=60"
1767,347642.43313307303,5809885.006805061,0.544691693184302,"i=52,j=61"
1768,347652.43313307303,5809885.006805061,0.9535416675196108,"i=52,j=62"
1769,347662.43313307303,5809885.006805061,0.5357170217891011,"i=52,j=63"
1770,347672.43313307303,5809885.006805061,0.11830093206020575,"i=52,j=64"
1771,347682.43313307303,5809885.006805061,0.6727828606102786,"i=52,j=65"
1772,347692.43313307303,5809885.006805061,0.819771005605642,"i=52,j=66"
1773,347702.43313307303,5809885.006805061,0.1089569313205232,"i=52,j=67"
1774,347712.43313307303,5809885.006805061,0.8262705769609103,"i=52,j=68"
1775,347722.43313307303,5809885.006805061,0.13152828926088267,"i=52,j=69"
1776,347732.43313307303,5809885.006805061,0.6163721547195778,"i=52,j=70"
1777,347742.43313307303,5809885.006805061,0.8136107066246754,"i=52,j=71"
1778,347232.43313307303,5809875.006805061,0.7428653292156273,"i=53,j=20"
1779,347242.43313307303,5809875.006805061,0.6892262486621041,"i=53,j=21"
1780,347252.43313307303,5809875.006805061,0.40088327667110235,"i=53,j=22"
1781,347262.43313307303,5809875.006805061,0.10577296975720862,"i=53,j=23"
1782,347272.43313307303,5809875.006805061,0.2586268917944027,"i=53,j=24"
1783,347282.43313307303,5809875.006805061,0.9897169780904788,"i=53,j=25"
1784,347292.43313307303,5809875.006805061,0.31778503974239836,"i=53,j=26"
1785,347302.43313307303,5809875.006805061,0.36434772978670293,"i=53,j=27"
1786,347312.43313307303,5809875.006805061,0.9634863901675496,"i=53,j=28"
1787,347322.43313307303,5809875.006805061,0.5232674472877404,"i=53,j=29"
1788,347332.43313307303,5809875.006805061,0.6090935265305384,"i=53,j=30"
1789,347342.43313307303,5809875.006805061,0.2448958009704174,"i=53,j=31"
1790,347352.43313307303,5809875.006805061,0.27137193186287045,"i=53,j=32"
1791,347362.43313307303,5809875.006805061,0.8464039091027432,"i=53,j=33"
1792,347372.43313307303,5809875.006805061,0.31183595798140207,"i=53,j=34"
1793,347382.43313307303,5809875.006805061,0.5172473125632306,"i=53,j=35"
1794,347392.43313307303,5809875.006805061,0.9094615371840633,"i=53,j=36"
1795,347402.43313307303,5809875.006805061,0.32223422581733874,"i=53,j=37"
1796,347412.43313307303,5809875.006805061,0.34097759052935417,"i=53,j=38"
1797,347422.43313307303,5809875.006805061,0.654160391339157,"i=53,j=39"
1798,347432.43313307303,5809875.006805061,0.08224068353912584,"i=53,j=40"
1799,347442.43313307303,5809875.006805061,0.5158886121996736,"i=53,j=41"
1800,347452.43313307303,5809875.006805061,0.4434144663934556,"i=53,j=42"
1801,347462.43313307303,5809875.006805061,0.7021818104349993,"i=53,j=43"
1802,347472.43313307303,5809875.006805061,0.9247979188600365,"i=53,j=44"
1803,347482.43313307303,5809875.006805061,0.3623282588492426,"i=53,j=45"
1804,347492.43313307303,5809875.006805061,0.9502615040907467,"i=53,j=46"
1805,347502.43313307303,5809875.006805061,0.21426555830254235,"i=53,j=47"
1806,347512.43313307303,5809875.006805061,0.15682534067354192,"i=53,j=48"
1807,347522.43313307303,5809875.006805061,0.4250540818601444,"i=53,j=49"
1808,347532.43313307303,5809875.006805061,0.6236680783785323,"i=53,j=50"
1809,347542.43313307303,5809875.006805061,0.45595449885192896,"i=53,j=51"
1810,347552.43313307303,5809875.006805061,0.808656848536662,"i=53,j=52"
1811,347562.43313307303,5809875.006805061,0.08771734084742555,"i=53,j=53"
1812,347572.43313307303,5809875.006805061,0.16358123415397097,"i=53,j=54"
1813,347582.43313307303,5809875.006805061,0.39060697971433533,"i=53,j=55"
1814,347592.43313307303,5809875.006805061,0.3525201325010344,"i=53,j=56"
1815,347602.43313307303,5809875.006805061,0.03260164487937267,"i=53,j=57"
1816,347612.43313307303,5809875.006805061,0.11652230249737094,"i=53,j=58"
1817,347622.43313307303,5809875.006805061,0.5815821404609471,"i=53,j=59"
1818,347632.43313307303,5809875.006805061,0.721016482908993,"i=53,j=60"
1819,347642.43313307303,5809875.006805061,0.8214642674243151,"i=53,j=61"
1820,347652.43313307303,5809875.006805061,0.49783653705703634,"i=53,j=62"
1821,347662.43313307303,5809875.006805061,0.7587891201878304,"i=53,j=63"
1822,347672.43313307303,5809875.006805061,0.8957792764789507,"i=53,j=64"
1823,347682.43313307303,5809875.006805061,0.49335681130556863,"i=53,j=65"
1824,347692.43313307303,5809875.006805061,0.413571010092192,"i=53,j=66"
1825,347702.43313307303,5809875.006805061,0.6644074731499593,"i=53,j=67"
1826,347712.43313307303,5809875.006805061,0.9482751887101939,"i=53,j=68"
1827,347722.43313307303,5809875.006805061,0.6612510166459414,"i=53,j=69"
1828,347732.43313307303,5809875.006805061,0.8046702830986011,"i=53,j=70"
1829,347242.43313307303,5809865.006805061,0.4131052491480194,"i=54,j=21"
1830,347252.43313307303,5809865.006805061,0.008479953674235707,"i=54,j=22"
1831,347262.43313307303,5809865.006805061,0.48453235570704956,"i=54,j=23"
1832,347272.43313307303,5809865.006805061,0.535369032635797,"i=54,j=24"
1833,347282.43313307303,5809865.006805061,0.3805921796406774,"i=54,j=25"
1834,347292.43313307303,5809865.006805061,0.3805429326925327,"i=54,j=26"
1835,347302.43313307303,5809865.006805061,0.26254494371230197,"i=54,j=27"
1836,347312.43313307303,5809865.006805061,0.38535628392558074,"i=54,j=28"
1837,347322.43313307303,5809865.006805061,0.5738814638746962,"i=54,j=29"
1838,347332.43313307303,5809865.006805061,0.012602934923408804,"i=54,j=30"
1839,347342.43313307303,5809865.006805061,0.34891094323479566,"i=54,j=31"
1840,347352.43313307303,5809865.006805061,0.965795234354462,"i=54,j=32"
1841,347362.43313307303,5809865.006805061,0.920252751419629,"i=54,j=33"
1842,347372.43313307303,5809865.006805061,0.25187389201427435,"i=54,j=34"
1843,347382.43313307303,5809865.006805061,0.9200203447517487,"i=54,j=35"
1844,347392.43313307303,5809865.006805061,0.18578104571381393,"i=54,j=36"
1845,347402.43313307303,5809865.006805061,0.03568839144058489,"i=54,j=37"
1846,347412.43313307303,5809865.006805061,0.7640866474768664,"i=54,j=38"
1847,347422.43313307303,5809865.006805061,0.4606159155924312,"i=54,j=39"
1848,347432.43313307303,5809865.006805061,0.5109269354392011,"i=54,j=40"
1849,347442.43313307303,5809865.006805061,0.5385370891354347,"i=54,j=41"
1850,347452.43313307303,5809865.006805061,0.8755711434410124,"i=54,j=42"
1851,347462.43313307303,5809865.006805061,0.27481966621701903,"i=54,j=43"
1852,347472.43313307303,5809865.006805061,0.6951347682363195,"i=54,j=44"
1853,347482.43313307303,5809865.006805061,0.2743117024780295,"i=54,j=45"
1854,347492.43313307303,5809865.006805061,0.02579094540103699,"i=54,j=46"
1855,347502.43313307303,5809865.006805061,0.6081777400389738,"i=54,j=47"
1856,347512.43313307303,5809865.006805061,0.2628492658964243,"i=54,j=48"
1857,347522.43313307303,5809865.006805061,0.9896441408116929,"i=54,j=49"
1858,347532.43313307303,5809865.006805061,0.49718416151870104,"i=54,j=50"
1859,347542.43313307303,5809865.006805061,0.9549128624125426,"i=54,j=51"
1860,347552.43313307303,5809865.006805061,0.13874628658520927,"i=54,j=52"
1861,347562.43313307303,5809865.006805061,0.41094717481828,"i=54,j=53"
1862,347572.43313307303,5809865.006805061,0.6162709122028888,"i=54,j=54"
1863,347582.43313307303,5809865.006805061,0.2764087327979623,"i=54,j=55"
1864,347592.43313307303,5809865.006805061,0.5526338183846329,"i=54,j=56"
1865,347602.43313307303,5809865.006805061,0.6672903647532451,"i=54,j=57"
1866,347612.43313307303,5809865.006805061,0.812336529779141,"i=54,j=58"
1867,347622.43313307303,5809865.006805061,0.28126681724618874,"i=54,j=59"
1868,347632.43313307303,5809865.006805061,0.1961238898959472,"i=54,j=60"
1869,347642.43313307303,5809865.006805061,0.44724050930199155,"i=54,j=61"
1870,347652.43313307303,5809865.006805061,0.12459873272416966,"i=54,j=62"
1871,347662.43313307303,5809865.006805061,0.8278982917467766,"i=54,j=63"
1872,347672.43313307303,5809865.006805061,0.3537209470509376,"i=54,j=64"
1873,347682.43313307303,5809865.006805061,0.9526127785791729,"i=54,j=65"
1874,347692.43313307303,5809865.006805061,0.03500566734145549,"i=54,j=66"
1875,347702.43313307303,5809865.006805061,0.15950412724602958,"i=54,j=67"
1876,347712.43313307303,5809865.006805061,0.4504930838559178,"i=54,j=68"
1877,347722.43313307303,5809865.006805061,0.0921347962652499,"i=54,j=69"
1878,347732.43313307303,5809865.006805061,0.402782461310242,"i=54,j=70"
1879,347242.43313307303,5809855.006805061,0.16921745895901985,"i=55,j=21"
1880,347252.43313307303,5809855.006805061,0.03230075376181307,"i=55,j=22"
1881,347262.43313307303,5809855.006805061,0.8960082130566533,"i=55,j=23"
1882,347272.43313307303,5809855.006805061,0.057512024153259955,"i=55,j=24"
1883,347282.43313307303,5809855.006805061,0.3715902637909916,"i=55,j=25"
1884,347292.43313307303,5809855.006805061,0.5731512999945092,"i=55,j=26"
1885,347302.43313307303,5809855.006805061,0.9784468493878148,"i=55,j=27"
1886,347312.43313307303,5809855.006805061,0.16492478172013125,"i=55,j=28"
1887,347322.43313307303,5809855.006805061,0.4820986262209285,"i=55,j=29"
1888,347332.43313307303,5809855.006805061,0.15952256297947898,"i=55,j=30"
1889,347342.43313307303,5809855.006805061,0.8224460924344674,"i=55,j=31"
1890,347352.43313307303,5809855.006805061,0.7656968306272899,"i=55,j=32"
1891,347362.43313307303,5809855.006805061,0.06531409040398117,"i=55,j=33"
1892,347372.43313307303,5809855.006805061,0.3539084742741907,"i=55,j=34"
1893,347382.43313307303,5809855.006805061,0.7234501483791621,"i=55,j=35"
1894,347392.43313307303,5809855.006805061,0.710162174347155,"i=55,j=36"
1895,347402.43313307303,5809855.006805061,0.6054471731304804,"i=55,j=37"
1896,347412.43313307303,5809855.006805061,0.6063112705544202,"i=55,j=38"
1897,347422.43313307303,5809855.006805061,0.004681086215136854,"i=55,j=39"
1898,347432.43313307303,5809855.006805061,0.3483135598248289,"i=55,j=40"
1899,347442.43313307303,5809855.006805061,0.2927112490712688,"i=55,j=41"
1900,347452.43313307303,5809855.006805061,0.41377569865544417,"i=55,j=42"
1901,347462.43313307303,5809855.006805061,0.4461946663545283,"i=55,j=43"
1902,347472.43313307303,5809855.006805061,0.8881213062385801,"i=55,j=44"
1903,347482.43313307303,5809855.006805061,0.08483062924861173,"i=55,j=45"
1904,347492.43313307303,5809855.006805061,0.022681415440104158,"i=55,j=46"
1905,347502.43313307303,5809855.006805061,0.960745631061646,"i=55,j=47"
1906,347512.43313307303,5809855.006805061,0.31554082210970424,"i=55,j=48"
1907,347522.43313307303,5809855.006805061,0.7552384121739892,"i=55,j=49"
1908,347532.43313307303,5809855.006805061,0.46881460090385296,"i=55,j=50"
1909,347542.43313307303,5809855.006805061,0.0630481972686524,"i=55,j=51"
1910,347552.43313307303,5809855.006805061,0.29668101690034365,"i=55,j=52"
1911,347562.43313307303,5809855.006805061,0.6446118142886217,"i=55,j=53"
1912,347572.43313307303,5809855.006805061,0.3782007156826461,"i=55,j=54"
1913,347582.43313307303,5809855.006805061,0.18113941608282602,"i=55,j=55"
1914,347592.43313307303,5809855.006805061,0.16630892289955312,"i=55,j=56"
1915,347602.43313307303,5809855.006805061,0.42203589228930594,"i=55,j=57"
1916,347612.43313307303,5809855.006805061,0.8094921269066392,"i=55,j=58"
1917,347622.43313307303,5809855.006805061,0.7646733992842385,"i=55,j=59"
1918,347632.43313307303,5809855.006805061,0.670331245684542,"i=55,j=60"
1919,347642.43313307303,5809855.006805061,0.4172804721033395,"i=55,j=61"
1920,347652.43313307303,5809855.006805061,0.6048282665477467,"i=55,j=62"
1921,347662.43313307303,5809855.006805061,0.5790884843900627,"i=55,j=63"
1922,347672.43313307303,5809855.006805061,0.7065278684799616,"i=55,j=64"
1923,347682.43313307303,5809855.006805061,0.5738771950718978,"i=55,j=65"
1924,347692.43313307303,5809855.006805061,0.4305310734477912,"i=55,j=66"
1925,347702.43313307303,5809855.006805061,0.30003987887838324,"i=55,j=67"
1926,347712.43313307303,5809855.006805061,0.7603911596814855,"i=55,j=68"
1927,347722.43313307303,5809855.006805061,0.7560289562639129,"i=55,j=69"
1928,347732.43313307303,5809855.006805061,0.17213616604203896,"i=55,j=70"
1929,347252.43313307303,5809845.006805061,0.25568830246078433,"i=56,j=22"
1930,347262.43313307303,5809845.006805061,0.946357344185112,"i=56,j=23"
1931,347272.43313307303,5809845.006805061,0.004450030955943873,"i=56,j=24"
1932,347282.43313307303,5809845.006805061,0.4272282216906813,"i=56,j=25"
1933,347292.43313307303,5809845.006805061,0.7503143432475015,"i=56,j=26"
1934,347302.43313307303,5809845.006805061,0.6427224104383088,"i=56,j=27"
1935,347312.43313307303,5809845.006805061,0.9468597579004955,"i=56,j=28"
1936,347322.43313307303,5809845.006805061,0.8871980112604448,"i=56,j=29"
1937,347332.43313307303,5809845.006805061,0.08640826406912827,"i=56,j=30"
1938,347342.43313307303,5809845.006805061,0.9988100538626357,"i=56,j=31"
1939,347352.43313307303,5809845.006805061,0.9886080567145206,"i=56,j=32"
1940,347362.43313307303,5809845.006805061,0.13493970880546202,"i=56,j=33"
1941,347372.43313307303,5809845.006805061,0.6128361765927118,"i=56,j=34"
1942,347382.43313307303,5809845.006805061,0.027917663172861817,"i=56,j=35"
1943,347392.43313307303,5809845.006805061,0.7313630441704969,"i=56,j=36"
1944,347402.43313307303,5809845.006805061,0.6550229066717412,"i=56,j=37"
1945,347412.43313307303,5809845.006805061,0.18339535426628306,"i=56,j=38"
1946,347422.43313307303,5809845.006805061,0.2290941243679221,"i=56,j=39"
1947,347432.43313307303,5809845.006805061,0.36410605443033894,"i=56,j=40"
1948,347442.43313307303,5809845.006805061,0.46322308251904054,"i=56,j=41"
1949,347452.43313307303,5809845.006805061,0.8943870239304905,"i=56,j=42"
1950,347462.43313307303,5809845.006805061,0.10334237519663791,"i=56,j=43"
1951,347472.43313307303,5809845.006805061,0.3681985476027506,"i=56,j=44"
1952,347482.43313307303,5809845.006805061,0.6130164531096053,"i=56,j=45"
1953,347492.43313307303,5809845.006805061,0.8127886587563377,"i=56,j=46"
1954,347502.43313307303,5809845.006805061,0.1758122895635057,"i=56,j=47"
1955,347512.43313307303,5809845.006805061,0.36128248634592863,"i=56,j=48"
1956,347522.43313307303,5809845.006805061,0.9440263801177837,"i=56,j=49"
1957,347532.43313307303,5809845.006805061,0.5520996499094672,"i=56,j=50"
1958,347542.43313307303,5809845.006805061,0.3241021928959069,"i=56,j=51"
1959,347552.43313307303,5809845.006805061,0.2205365762719892,"i=56,j=52"
1960,347562.43313307303,5809845.006805061,0.6284159863501749,"i=56,j=53"
1961,347572.43313307303,5809845.006805061,0.6876363155070198,"i=56,j=54"
1962,347582.43313307303,5809845.006805061,0.43868354284201083,"i=56,j=55"
1963,347592.43313307303,5809845.006805061,0.2932400070107203,"i=56,j=56"
1964,347602.43313307303,5809845.006805061,0.4819603084278018,"i=56,j=57"
1965,347612.43313307303,5809845.006805061,0.2146437195030575,"i=56,j=58"
1966,347622.43313307303,5809845.006805061,0.31893465552445077,"i=56,j=59"
1967,347632.43313307303,5809845.006805061,0.3352285346745655,"i=56,j=60"
1968,347642.43313307303,5809845.006805061,0.9273257297720796,"i=56,j=61"
1969,347652.43313307303,5809845.006805061,0.489017227887527,"i=56,j=62"
1970,347662.43313307303,5809845.006805061,0.918778602598145,"i=56,j=63"
1971,347672.43313307303,5809845.006805061,0.818174586002665,"i=56,j=64"
1972,347682.43313307303,5809845.006805061,0.9156804474837895,"i=56,j=65"
1973,347692.43313307303,5809845.006805061,0.10248451172237028,"i=56,j=66"
1974,347702.43313307303,5809845.006805061,0.10683271522354276,"i=56,j=67"
1975,347712.43313307303,5809845.006805061,0.20734067595295236,"i=56,j=68"
1976,347722.43313307303,5809845.006805061,0.08582782057673444,"i=56,j=69"
1977,347732.43313307303,5809845.006805061,0.36503510424238506,"i=56,j=70"
1978,347252.43313307303,5809835.006805061,0.65383488232923,"i=57,j=22"
1979,347262.43313307303,5809835.006805061,0.4517811709804854,"i=57,j=23"
1980,347272.43313307303,5809835.006805061,0.25426046953120873,"i=57,j=24"
1981,347282.43313307303,5809835.006805061,0.2882033964493904,"i=57,j=25"
1982,347292.43313307303,5809835.006805061,0.4457828075904908,"i=57,j=26"
1983,347302.43313307303,5809835.006805061,0.6944555442075888,"i=57,j=27"
1984,347312.43313307303,5809835.006805061,0.987960426534986,"i=57,j=28"
1985,347322.43313307303,5809835.006805061,0.4831453541150408,"i=57,j=29"
1986,347332.43313307303,5809835.006805061,0.0016873938419543766,"i=57,j=30"
1987,347342.43313307303,5809835.006805061,0.8175343105105245,"i=57,j=31"
1988,347352.43313307303,5809835.006805061,0.22183436490025144,"i=57,j=32"
1989,347362.43313307303,5809835.006805061,0.918450864212036,"i=57,j=33"
1990,347372.43313307303,5809835.006805061,0.07316823475217182,"i=57,j=34"
1991,347382.43313307303,5809835.006805061,0.9892432011377322,"i=57,j=35"
1992,347392.43313307303,5809835.006805061,0.9698148185725003,"i=57,j=36"
1993,347402.43313307303,5809835.006805061,0.08069973433622124,"i=57,j=37"
1994,347412.43313307303,5809835.006805061,0.2368844414222867,"i=57,j=38"
1995,347422.43313307303,5809835.006805061,0.6446303492556807,"i=57,j=39"
1996,347432.43313307303,5809835.006805061,0.09808432419586977,"i=57,j=40"
1997,347442.43313307303,5809835.006805061,0.6380236094504381,"i=57,j=41"
1998,347452.43313307303,5809835.006805061,0.19608758177395436,"i=57,j=42"
1999,347462.43313307303,5809835.006805061,0.036054657568591386,"i=57,j=43"
2000,347472.43313307303,5809835.006805061,0.8760381432765687,"i=57,j=44"
2001,347482.43313307303,5809835.006805061,0.3653660537208906,"i=57,j=45"
2002,347492.43313307303,5809835.006805061,0.22929964036717387,"i=57,j=46"
2003,347502.43313307303,5809835.006805061,0.9231166911526626,"i=57,j=47"
2004,347512.43313307303,5809835.006805061,0.7428814827750589,"i=57,j=48"
2005,347522.43313307303,5809835.006805061,0.23255568033806262,"i=57,j=49"
2006,347532.43313307303,5809835.006805061,0.3702195292958341,"i=57,j=50"
2007,347542.43313307303,5809835.006805061,0.5909673259027338,"i=57,j=51"
2008,347552.43313307303,5809835.006805061,0.6902932114949987,"i=57,j=52"
2009,347562.43313307303,5809835.006805061,0.06747734649612558,"i=57,j=53"
2010,347572.43313307303,5809835.006805061,0.1511016470458253,"i=57,j=54"
2011,347582.43313307303,5809835.006805061,0.5103763696348333,"i=57,j=55"
2012,347592.43313307303,5809835.006805061,0.9032345737104115,"i=57,j=56"
2013,347602.43313307303,5809835.006805061,0.16917227226677678,"i=57,j=57"
2014,347612.43313307303,5809835.006805061,0.09139399045798768,"i=57,j=58"
2015,347622.43313307303,5809835.006805061,0.3592503819410432,"i=57,j=59"
2016,347632.43313307303,5809835.006805061,0.7038541958613099,"i=57,j=60"
2017,347642.43313307303,5809835.006805061,0.5558842949242159,"i=57,j=61"
2018,347652.43313307303,5809835.006805061,0.6295708215751618,"i=57,j=62"
2019,347662.43313307303,5809835.006805061,0.10488955537636846,"i=57,j=63"
2020,347672.43313307303,5809835.006805061,0.40308604399352355,"i=57,j=64"
2021,347682.43313307303,5809835.006805061,0.11525882316061364,"i=57,j=65"
2022,347692.43313307303,5809835.006805061,0.7402561685672697,"i=57,j=66"
2023,347702.43313307303,5809835.006805061,0.9437890390647581,"i=57,j=67"
2024,347712.43313307303,5809835.006805061,0.35552377174805905,"i=57,j=68"
2025,347722.43313307303,5809835.006805061,0.42471147797921605,"i=57,j=69"
2026,347262.43313307303,5809825.006805061,0.7581171934765654,"i=58,j=23"
2027,347272.43313307303,5809825.006805061,0.28375747227877013,"i=58,j=24"
2028,347282.43313307303,5809825.006805061,0.5534576283591788,"i=58,j=25"
2029,347292.43313307303,5809825.006805061,0.7000467359814961,"i=58,j=26"
2030,347302.43313307303,5809825.006805061,0.8000195535150352,"i=58,j=27"
2031,347312.43313307303,5809825.006805061,0.9581489060152474,"i=58,j=28"
2032,347322.43313307303,5809825.006805061,0.04179982788519798,"i=58,j=29"
2033,347332.43313307303,5809825.006805061,0.7622823575470796,"i=58,j=30"
2034,347342.43313307303,5809825.006805061,0.8045466296078714,"i=58,j=31"
2035,347352.43313307303,5809825.006805061,0.4227248620810472,"i=58,j=32"
2036,347362.43313307303,5809825.006805061,0.6357882915519801,"i=58,j=33"
2037,347372.43313307303,5809825.006805061,0.31621035294209077,"i=58,j=34"
2038,347382.43313307303,5809825.006805061,0.01828480746413097,"i=58,j=35"
2039,347392.43313307303,5809825.006805061,0.970106188908516,"i=58,j=36"
2040,347402.43313307303,5809825.006805061,0.27215526281064417,"i=58,j=37"
2041,347412.43313307303,5809825.006805061,0.2931137526738593,"i=58,j=38"
2042,347422.43313307303,5809825.006805061,0.16337096720664523,"i=58,j=39"
2043,347432.43313307303,5809825.006805061,0.6008541743810244,"i=58,j=40"
2044,347442.43313307303,5809825.006805061,0.5519566171241528,"i=58,j=41"
2045,347452.43313307303,5809825.006805061,0.7592648204376149,"i=58,j=42"
2046,347462.43313307303,5809825.006805061,0.835969254006707,"i=58,j=43"
2047,347472.43313307303,5809825.006805061,0.06395644692149094,"i=58,j=44"
2048,347482.43313307303,5809825.006805061,0.4379106381911574,"i=58,j=45"
2049,347492.43313307303,5809825.006805061,0.9897382456515551,"i=58,j=46"
2050,347502.43313307303,5809825.006805061,0.9655278704662243,"i=58,j=47"
2051,347512.43313307303,5809825.006805061,0.14313427822178526,"i=58,j=48"
2052,347522.43313307303,5809825.006805061,0.7003664193440595,"i=58,j=49"
2053,347532.43313307303,5809825.006805061,0.755501372698937,"i=58,j=50"
2054,347542.43313307303,5809825.006805061,0.8659349451709818,"i=58,j=51"
2055,347552.43313307303,5809825.006805061,0.6563143041997105,"i=58,j=52"
2056,347562.43313307303,5809825.006805061,0.031227997750588155,"i=58,j=53"
2057,347572.43313307303,5809825.006805061,0.4410000095775979,"i=58,j=54"
2058,347582.43313307303,5809825.006805061,0.39832961912687515,"i=58,j=55"
2059,347592.43313307303,5809825.006805061,0.14810928866830286,"i=58,j=56"
2060,347602.43313307303,5809825.006805061,0.8521225486280153,"i=58,j=57"
2061,347612.43313307303,5809825.006805061,0.07904316198919714,"i=58,j=58"
2062,347622.43313307303,5809825.006805061,0.22909505434428123,"i=58,j=59"
2063,347632.43313307303,5809825.006805061,0.00016891195894719324,"i=58,j=60"
2064,347642.43313307303,5809825.006805061,0.5687255671493683,"i=58,j=61"
2065,347652.43313307303,5809825.006805061,0.1496573993115956,"i=58,j=62"
2066,347662.43313307303,5809825.006805061,0.4506982689637372,"i=58,j=63"
2067,347672.43313307303,5809825.006805061,0.14073317727800305,"i=58,j=64"
2068,347682.43313307303,5809825.006805061,0.6021266969676854,"i=58,j=65"
2069,347692.43313307303,5809825.006805061,0.5974246050486861,"i=58,j=66"
2070,347702.43313307303,5809825.006805061,0.29248866186780365,"i=58,j=67"
2071,347712.43313307303,5809825.006805061,0.02685474428428425,"i=58,j=68"
2072,347722.43313307303,5809825.006805061,0.9684382285623009,"i=58,j=69"
2073,347262.43313307303,5809815.006805061,0.24924370725967582,"i=59,j=23"
2074,347272.43313307303,5809815.006805061,0.10680977701774086,"i=59,j=24"
2075,347282.43313307303,5809815.006805061,0.7612281088351819,"i=59,j=25"
2076,347292.43313307303,5809815.006805061,0.63942539449381,"i=59,j=26"
2077,347302.43313307303,5809815.006805061,0.16606639492383002,"i=59,j=27"
2078,347312.43313307303,5809815.006805061,0.360919955633738,"i=59,j=28"
2079,347322.43313307303,5809815.006805061,0.7832957135212102,"i=59,j=29"
2080,347332.43313307303,5809815.006805061,0.17544321157673493,"i=59,j=30"
2081,347342.43313307303,5809815.006805061,0.49246557296580973,"i=59,j=31"
2082,347352.43313307303,5809815.006805061,0.06099353893541504,"i=59,j=32"
2083,347362.43313307303,5809815.006805061,0.5949945409860358,"i=59,j=33"
2084,347372.43313307303,5809815.006805061,0.6558721711239681,"i=59,j=34"
2085,347382.43313307303,5809815.006805061,0.33957666760347394,"i=59,j=35"
2086,347392.43313307303,5809815.006805061,0.39094721708230207,"i=59,j=36"
2087,347402.43313307303,5809815.006805061,0.5171487442981161,"i=59,j=37"
2088,347412.43313307303,5809815.006805061,0.9395318275327473,"i=59,j=38"
2089,347422.43313307303,5809815.006805061,0.9562227738960736,"i=59,j=39"
2090,347432.43313307303,5809815.006805061,0.4890661212675703,"i=59,j=40"
2091,347442.43313307303,5809815.006805061,0.21253363900261368,"i=59,j=41"
2092,347452.43313307303,5809815.006805061,0.4285391011145855,"i=59,j=42"
2093,347462.43313307303,5809815.006805061,0.6031292753523199,"i=59,j=43"
2094,347472.43313307303,5809815.006805061,0.37370554322281,"i=59,j=44"
2095,347482.43313307303,5809815.006805061,0.20470818600497254,"i=59,j=45"
2096,347492.43313307303,5809815.006805061,0.3113877749539553,"i=59,j=46"
2097,347502.43313307303,5809815.006805061,0.399898128076955,"i=59,j=47"
2098,347512.43313307303,5809815.006805061,0.9695277884615399,"i=59,j=48"
2099,347522.43313307303,5809815.006805061,0.11898897380868079,"i=59,j=49"
2100,347532.43313307303,5809815.006805061,0.8227903329035934,"i=59,j=50"
2101,347542.43313307303,5809815.006805061,0.23134131066425156,"i=59,j=51"
2102,347552.43313307303,5809815.006805061,0.9476243422011695,"i=59,j=52"
2103,347562.43313307303,5809815.006805061,0.07249208464591328,"i=59,j=53"
2104,347572.43313307303,5809815.006805061,0.6101562832528494,"i=59,j=54"
2105,347582.43313307303,5809815.006805061,0.9014274022569257,"i=59,j=55"
2106,347592.43313307303,5809815.006805061,0.28610840795054027,"i=59,j=56"
2107,347602.43313307303,5809815.006805061,0.502579329604122,"i=59,j=57"
2108,347612.43313307303,5809815.006805061,0.7547165608050063,"i=59,j=58"
2109,347622.43313307303,5809815.006805061,0.23639021641439062,"i=59,j=59"
2110,347632.43313307303,5809815.006805061,0.6038842438906222,"i=59,j=60"
2111,347642.43313307303,5809815.006805061,0.19681216808726643,"i=59,j=61"
2112,347652.43313307303,5809815.006805061,0.06119789279313692,"i=59,j=62"
2113,347662.43313307303,5809815.006805061,0.15211925073375798,"i=59,j=63"
2114,347672.43313307303,5809815.006805061,0.47210001442789884,"i=59,j=64"
2115,347682.43313307303,5809815.006805061,0.21602392014204896,"i=59,j=65"
2116,347692.43313307303,5809815.006805061,0.35341086308910186,"i=59,j=66"
2117,347702.43313307303,5809815.006805061,0.8157063794252025,"i=59,j=67"
2118,347712.43313307303,5809815.006805061,0.3693350094307898,"i=59,j=68"
2119,347722.43313307303,5809815.006805061,0.5059193198429296,"i=59,j=69"
2120,347272.43313307303,5809805.006805061,0.0036195401699138374,"i=60,j=24"
2121,347282.43313307303,5809805.006805061,0.02758725187591249,"i=60,j=25"
2122,347292.43313307303,5809805.006805061,0.3212716325222986,"i=60,j=26"
2123,347302.43313307303,5809805.006805061,0.1124440265171881,"i=60,j=27"
2124,347312.43313307303,5809805.006805061,0.31730015489073016,"i=60,j=28"
2125,347322.43313307303,5809805.006805061,0.703291712494786,"i=60,j=29"
2126,347332.43313307303,5809805.006805061,0.39700569132293995,"i=60,j=30"
2127,347342.43313307303,5809805.006805061,0.22550179422676375,"i=60,j=31"
2128,347352.43313307303,5809805.006805061,0.17471313079981066,"i=60,j=32"
2129,347362.43313307303,5809805.006805061,0.5418649574138508,"i=60,j=33"
2130,347372.43313307303,5809805.006805061,0.3622601488479755,"i=60,j=34"
2131,347382.43313307303,5809805.006805061,0.1742204996692721,"i=60,j=35"
2132,347392.43313307303,5809805.006805061,0.6981850372298157,"i=60,j=36"
2133,347402.43313307303,5809805.006805061,0.038608860216778784,"i=60,j=37"
2134,347412.43313307303,5809805.006805061,0.974080668456947,"i=60,j=38"
2135,347422.43313307303,5809805.006805061,0.8107299805790965,"i=60,j=39"
2136,347432.43313307303,5809805.006805061,0.7075390484882449,"i=60,j=40"
2137,347442.43313307303,5809805.006805061,0.2853747890534153,"i=60,j=41"
2138,347452.43313307303,5809805.006805061,0.6701771450656783,"i=60,j=42"
2139,347462.43313307303,5809805.006805061,0.7637901875808151,"i=60,j=43"
2140,347472.43313307303,5809805.006805061,0.7157909402082467,"i=60,j=44"
2141,347482.43313307303,5809805.006805061,0.6631290826305235,"i=60,j=45"
2142,347492.43313307303,5809805.006805061,0.515447961218262,"i=60,j=46"
2143,347502.43313307303,5809805.006805061,0.17481020210351927,"i=60,j=47"
2144,347512.43313307303,5809805.006805061,0.5948161549006789,"i=60,j=48"
2145,347522.43313307303,5809805.006805061,0.28343090554537886,"i=60,j=49"
2146,347532.43313307303,5809805.006805061,0.6776597039750706,"i=60,j=50"
2147,347542.43313307303,5809805.006805061,0.29039049949276474,"i=60,j=51"
2148,347552.43313307303,5809805.006805061,0.6254944923787102,"i=60,j=52"
2149,347562.43313307303,5809805.006805061,0.23636266867210742,"i=60,j=53"
2150,347572.43313307303,5809805.006805061,0.317687519749013,"i=60,j=54"
2151,347582.43313307303,5809805.006805061,0.49880501284675405,"i=60,j=55"
2152,347592.43313307303,5809805.006805061,0.7352422845891021,"i=60,j=56"
2153,347602.43313307303,5809805.006805061,0.40807511501944405,"i=60,j=57"
2154,347612.43313307303,5809805.006805061,0.2850695212588997,"i=60,j=58"
2155,347622.43313307303,5809805.006805061,0.13632152413079357,"i=60,j=59"
2156,347632.43313307303,5809805.006805061,0.9161961766021383,"i=60,j=60"
2157,347642.43313307303,5809805.006805061,0.47784658996166773,"i=60,j=61"
2158,347652.43313307303,5809805.006805061,0.17938384759020032,"i=60,j=62"
2159,347662.43313307303,5809805.006805061,0.594847370605935,"i=60,j=63"
2160,347672.43313307303,5809805.006805061,0.9055451630494881,"i=60,j=64"
2161,347682.43313307303,5809805.006805061,0.5576250603429064,"i=60,j=65"
2162,347692.43313307303,5809805.006805061,0.8248830411916195,"i=60,j=66"
2163,347702.43313307303,5809805.006805061,0.6172849400207848,"i=60,j=67"
2164,347712.43313307303,5809805.006805061,0.2449930463405149,"i=60,j=68"
2165,347722.43313307303,5809805.006805061,0.15677047346131345,"i=60,j=69"
2166,347252.43313307303,5809795.006805061,0.6518447476666958,"i=61,j=22"
2167,347262.43313307303,5809795.006805061,0.6156570413534231,"i=61,j=23"
2168,347272.43313307303,5809795.006805061,0.9754297063517182,"i=61,j=24"
2169,347282.43313307303,5809795.006805061,0.4612007490987591,"i=61,j=25"
2170,347292.43313307303,5809795.006805061,0.21330569821386958,"i=61,j=26"
2171,347302.43313307303,5809795.006805061,0.1577813493051593,"i=61,j=27"
2172,347312.43313307303,5809795.006805061,0.4356356691707939,"i=61,j=28"
2173,347322.43313307303,5809795.006805061,0.5204468780717546,"i=61,j=29"
2174,347332.43313307303,5809795.006805061,0.6597168425380877,"i=61,j=30"
2175,347342.43313307303,5809795.006805061,0.6389970205035578,"i=61,j=31"
2176,347352.43313307303,5809795.006805061,0.4309629800444479,"i=61,j=32"
2177,347362.43313307303,5809795.006805061,0.9463274317564165,"i=61,j=33"
2178,347372.43313307303,5809795.006805061,0.4818565843632536,"i=61,j=34"
2179,347382.43313307303,5809795.006805061,0.6656044138130006,"i=61,j=35"
2180,347392.43313307303,5809795.006805061,0.0820932696651554,"i=61,j=36"
2181,347402.43313307303,5809795.006805061,0.46199702244859486,"i=61,j=37"
2182,347412.43313307303,5809795.006805061,0.6576432943620147,"i=61,j=38"
2183,347422.43313307303,5809795.006805061,0.7428127156510832,"i=61,j=39"
2184,347432.43313307303,5809795.006805061,0.36121744603835826,"i=61,j=40"
2185,347442.43313307303,5809795.006805061,0.9579547485084186,"i=61,j=41"
2186,347452.43313307303,5809795.006805061,0.018352942948078432,"i=61,j=42"
2187,347462.43313307303,5809795.006805061,0.460239659378603,"i=61,j=43"
2188,347472.43313307303,5809795.006805061,0.5328715542770993,"i=61,j=44"
2189,347482.43313307303,5809795.006805061,0.04978337731728377,"i=61,j=45"
2190,347492.43313307303,5809795.006805061,0.0512601724947479,"i=61,j=46"
2191,347502.43313307303,5809795.006805061,0.47677436143034047,"i=61,j=47"
2192,347512.43313307303,5809795.006805061,0.7679309729241353,"i=61,j=48"
2193,347522.43313307303,5809795.006805061,0.9326017847023802,"i=61,j=49"
2194,347532.43313307303,5809795.006805061,0.9476237619049908,"i=61,j=50"
2195,347542.43313307303,5809795.006805061,0.3546368607842535,"i=61,j=51"
2196,347552.43313307303,5809795.006805061,0.6477576247866695,"i=61,j=52"
2197,347562.43313307303,5809795.006805061,0.5072800979702882,"i=61,j=53"
2198,347572.43313307303,5809795.006805061,0.7127526090593832,"i=61,j=54"
2199,347582.43313307303,5809795.006805061,0.32111452859624956,"i=61,j=55"
2200,347592.43313307303,5809795.006805061,0.5960195647739378,"i=61,j=56"
2201,347602.43313307303,5809795.006805061,0.5091007302961841,"i=61,j=57"
2202,347612.43313307303,5809795.006805061,0.09264185318157159,"i=61,j=58"
2203,347622.43313307303,5809795.006805061,0.5015359656246847,"i=61,j=59"
2204,347632.43313307303,5809795.006805061,0.4150153436241669,"i=61,j=60"
2205,347642.43313307303,5809795.006805061,0.014994364525631965,"i=61,j=61"
2206,347652.43313307303,5809795.006805061,0.22901302872993246,"i=61,j=62"
2207,347662.43313307303,5809795.006805061,0.3419986565674842,"i=61,j=63"
2208,347672.43313307303,5809795.006805061,0.6831805231537542,"i=61,j=64"
2209,347682.43313307303,5809795.006805061,0.8184994825070367,"i=61,j=65"
2210,347692.43313307303,5809795.006805061,0.43563874621512666,"i=61,j=66"
2211,347702.43313307303,5809795.006805061,0.27905830319749814,"i=61,j=67"
2212,347712.43313307303,5809795.006805061,0.8168635523086527,"i=61,j=68"
2213,347722.43313307303,5809795.006805061,0.9087669562339464,"i=61,j=69"
2214,347242.43313307303,5809785.006805061,0.13519761727563706,"i=62,j=21"
2215,347252.43313307303,5809785.006805061,0.8491085100170384,"i=62,j=22"
2216,347262.43313307303,5809785.006805061,0.4539024766514659,"i=62,j=23"
2217,347272.43313307303,5809785.006805061,0.7986015051256338,"i=62,j=24"
2218,347282.43313307303,5809785.006805061,0.5382393450156311,"i=62,j=25"
2219,347292.43313307303,5809785.006805061,0.07116142080028409,"i=62,j=26"
2220,347302.43313307303,5809785.006805061,0.5501747910482974,"i=62,j=27"
2221,347312.43313307303,5809785.006805061,0.8106536663285375,"i=62,j=28"
2222,347322.43313307303,5809785.006805061,0.19368161505229176,"i=62,j=29"
2223,347332.43313307303,5809785.006805061,0.9001592773938315,"i=62,j=30"
2224,347342.43313307303,5809785.006805061,0.20332934576857586,"i=62,j=31"
2225,347352.43313307303,5809785.006805061,0.39935914173485343,"i=62,j=32"
2226,347362.43313307303,5809785.006805061,0.7353700351774313,"i=62,j=33"
2227,347372.43313307303,5809785.006805061,0.6082894744134492,"i=62,j=34"
2228,347382.43313307303,5809785.006805061,0.32377339910052894,"i=62,j=35"
2229,347392.43313307303,5809785.006805061,0.4749750453617728,"i=62,j=36"
2230,347402.43313307303,5809785.006805061,0.20706102196804255,"i=62,j=37"
2231,347412.43313307303,5809785.006805061,0.06638928735942529,"i=62,j=38"
2232,347422.43313307303,5809785.006805061,0.5009456931070175,"i=62,j=39"
2233,347432.43313307303,5809785.006805061,0.4083180219791894,"i=62,j=40"
2234,347442.43313307303,5809785.006805061,0.7558441742898668,"i=62,j=41"
2235,347452.43313307303,5809785.006805061,0.5851712086001942,"i=62,j=42"
2236,347462.43313307303,5809785.006805061,0.9501796507421134,"i=62,j=43"
2237,347472.43313307303,5809785.006805061,0.8912868413830233,"i=62,j=44"
2238,347482.43313307303,5809785.006805061,0.5732147678745516,"i=62,j=45"
2239,347492.43313307303,5809785.006805061,0.25703379420958183,"i=62,j=46"
2240,347502.43313307303,5809785.006805061,0.6701668152182602,"i=62,j=47"
2241,347512.43313307303,5809785.006805061,0.6165000221546199,"i=62,j=48"
2242,347522.43313307303,5809785.006805061,0.7029989591757101,"i=62,j=49"
2243,347532.43313307303,5809785.006805061,0.29200467664943197,"i=62,j=50"
2244,347542.43313307303,5809785.006805061,0.1923263577412343,"i=62,j=51"
2245,347552.43313307303,5809785.006805061,0.9138562996994,"i=62,j=52"
2246,347562.43313307303,5809785.006805061,0.01682842732418599,"i=62,j=53"
2247,347572.43313307303,5809785.006805061,0.09379911478161185,"i=62,j=54"
2248,347582.43313307303,5809785.006805061,0.8684470627636148,"i=62,j=55"
2249,347592.43313307303,5809785.006805061,0.8034167402293942,"i=62,j=56"
2250,347602.43313307303,5809785.006805061,0.5935147912515015,"i=62,j=57"
2251,347612.43313307303,5809785.006805061,0.10068698704765644,"i=62,j=58"
2252,347622.43313307303,5809785.006805061,0.3836895077911072,"i=62,j=59"
2253,347632.43313307303,5809785.006805061,0.2950505195282609,"i=62,j=60"
2254,347642.43313307303,5809785.006805061,0.41425367525469936,"i=62,j=61"
2255,347652.43313307303,5809785.006805061,0.44192712174367144,"i=62,j=62"
2256,347662.43313307303,5809785.006805061,0.1976722639574392,"i=62,j=63"
2257,347672.43313307303,5809785.006805061,0.42803164936439597,"i=62,j=64"
2258,347682.43313307303,5809785.006805061,0.11537417615694423,"i=62,j=65"
2259,347692.43313307303,5809785.006805061,0.43692203815644526,"i=62,j=66"
2260,347702.43313307303,5809785.006805061,0.7199926956919921,"i=62,j=67"
2261,347712.43313307303,5809785.006805061,0.14526839710113237,"i=62,j=68"
2262,347222.43313307303,5809775.006805061,0.4485545105613803,"i=63,j=19"
2263,347232.43313307303,5809775.006805061,0.13862892807363325,"i=63,j=20"
2264,347242.43313307303,5809775.006805061,0.746004735169348,"i=63,j=21"
2265,347252.43313307303,5809775.006805061,0.28498409602826125,"i=63,j=22"
2266,347262.43313307303,5809775.006805061,0.11901025649018049,"i=63,j=23"
2267,347272.43313307303,5809775.006805061,0.5590457920145943,"i=63,j=24"
2268,347282.43313307303,5809775.006805061,0.5711749321648951,"i=63,j=25"
2269,347292.43313307303,5809775.006805061,0.5258001878615899,"i=63,j=26"
2270,347302.43313307303,5809775.006805061,0.7059949391627057,"i=63,j=27"
2271,347312.43313307303,5809775.006805061,0.5376539483859039,"i=63,j=28"
2272,347322.43313307303,5809775.006805061,0.18161700819021986,"i=63,j=29"
2273,347332.43313307303,5809775.006805061,0.26792008885832863,"i=63,j=30"
2274,347342.43313307303,5809775.006805061,0.10889108679744264,"i=63,j=31"
2275,347352.43313307303,5809775.006805061,0.5722127020143883,"i=63,j=32"
2276,347362.43313307303,5809775.006805061,0.24260689128065438,"i=63,j=33"
2277,347372.43313307303,5809775.006805061,0.48096873341017465,"i=63,j=34"
2278,347382.43313307303,5809775.006805061,0.7524471230501407,"i=63,j=35"
2279,347392.43313307303,5809775.006805061,0.2340851786934004,"i=63,j=36"
2280,347402.43313307303,5809775.006805061,0.09427520226512509,"i=63,j=37"
2281,347412.43313307303,5809775.006805061,0.33660423387741334,"i=63,j=38"
2282,347422.43313307303,5809775.006805061,0.7510826470216673,"i=63,j=39"
2283,347432.43313307303,5809775.006805061,0.8314286441663127,"i=63,j=40"
2284,347442.43313307303,5809775.006805061,0.8114007231773176,"i=63,j=41"
2285,347452.43313307303,5809775.006805061,0.011946055832129154,"i=63,j=42"
2286,347462.43313307303,5809775.006805061,0.8989044535323728,"i=63,j=43"
2287,347472.43313307303,5809775.006805061,0.24311263148439877,"i=63,j=44"
2288,347482.43313307303,5809775.006805061,0.9583707672900691,"i=63,j=45"
2289,347492.43313307303,5809775.006805061,0.04736755764898648,"i=63,j=46"
2290,347502.43313307303,5809775.006805061,0.7188175564311171,"i=63,j=47"
2291,347512.43313307303,5809775.006805061,0.8431466278625873,"i=63,j=48"
2292,347522.43313307303,5809775.006805061,0.4291761347509586,"i=63,j=49"
2293,347532.43313307303,5809775.006805061,0.9489493511138618,"i=63,j=50"
2294,347542.43313307303,5809775.006805061,0.13972399775801614,"i=63,j=51"
2295,347552.43313307303,5809775.006805061,0.14852372106609746,"i=63,j=52"
2296,347562.43313307303,5809775.006805061,0.25890048796665965,"i=63,j=53"
2297,347572.43313307303,5809775.006805061,0.8818511531748764,"i=63,j=54"
2298,347582.43313307303,5809775.006805061,0.8067845299670884,"i=63,j=55"
2299,347592.43313307303,5809775.006805061,0.9863374949157211,"i=63,j=56"
2300,347602.43313307303,5809775.006805061,0.3729598541892223,"i=63,j=57"
2301,347612.43313307303,5809775.006805061,0.39967902151905177,"i=63,j=58"
2302,347622.43313307303,5809775.006805061,0.5136744663328112,"i=63,j=59"
2303,347632.43313307303,5809775.006805061,0.8453579557600208,"i=63,j=60"
2304,347642.43313307303,5809775.006805061,0.5696852356863753,"i=63,j=61"
2305,347652.43313307303,5809775.006805061,0.575242700361992,"i=63,j=62"
2306,347662.43313307303,5809775.006805061,0.42241595443958724,"i=63,j=63"
2307,347672.43313307303,5809775.006805061,0.5859816916388636,"i=63,j=64"
2308,347682.43313307303,5809775.006805061,0.7974608544247994,"i=63,j=65"
2309,347692.43313307303,5809775.006805061,0.731431027494373,"i=63,j=66"
2310,347702.43313307303,5809775.006805061,0.06912356391280727,"i=63,j=67"
2311,347712.43313307303,5809775.006805061,0.4058123790462642,"i=63,j=68"
2312,347212.43313307303,5809765.006805061,0.0015774688025891326,"i=64,j=18"
2313,347222.43313307303,5809765.006805061,0.2899188807945585,"i=64,j=19"
2314,347232.43313307303,5809765.006805061,0.6741350455233003,"i=64,j=20"
2315,347242.43313307303,5809765.006805061,0.8544295687555783,"i=64,j=21"
2316,347252.43313307303,5809765.006805061,0.32003148604428666,"i=64,j=22"
2317,347262.43313307303,5809765.006805061,0.19853938408153782,"i=64,j=23"
2318,347272.43313307303,5809765.006805061,0.04093602174291022,"i=64,j=24"
2319,347282.43313307303,5809765.006805061,0.8946338994061291,"i=64,j=25"
2320,347292.43313307303,5809765.006805061,0.8129305537210929,"i=64,j=26"
2321,347302.43313307303,5809765.006805061,0.8203400479933632,"i=64,j=27"
2322,347312.43313307303,5809765.006805061,0.1589003065918142,"i=64,j=28"
2323,347322.43313307303,5809765.006805061,0.591167982641299,"i=64,j=29"
2324,347332.43313307303,5809765.006805061,0.3357358813362106,"i=64,j=30"
2325,347342.43313307303,5809765.006805061,0.9602570265351772,"i=64,j=31"
2326,347352.43313307303,5809765.006805061,0.8398034251835504,"i=64,j=32"
2327,347362.43313307303,5809765.006805061,0.0947080701324231,"i=64,j=33"
2328,347372.43313307303,5809765.006805061,0.5238706577777602,"i=64,j=34"
2329,347382.43313307303,5809765.006805061,0.17522231433175428,"i=64,j=35"
2330,347392.43313307303,5809765.006805061,0.3877901131156555,"i=64,j=36"
2331,347402.43313307303,5809765.006805061,0.7147468161977639,"i=64,j=37"
2332,347412.43313307303,5809765.006805061,0.38857024189234535,"i=64,j=38"
2333,347422.43313307303,5809765.006805061,0.6178689908387206,"i=64,j=39"
2334,347432.43313307303,5809765.006805061,0.09149363587924597,"i=64,j=40"
2335,347442.43313307303,5809765.006805061,0.47316634175527716,"i=64,j=41"
2336,347452.43313307303,5809765.006805061,0.9211999091064291,"i=64,j=42"
2337,347462.43313307303,5809765.006805061,0.15236996050054152,"i=64,j=43"
2338,347472.43313307303,5809765.006805061,0.2781119057462196,"i=64,j=44"
2339,347482.43313307303,5809765.006805061,0.981020452572917,"i=64,j=45"
2340,347492.43313307303,5809765.006805061,0.8141441264752491,"i=64,j=46"
2341,347502.43313307303,5809765.006805061,0.16513599145270585,"i=64,j=47"
2342,347512.43313307303,5809765.006805061,0.048869435455167864,"i=64,j=48"
2343,347522.43313307303,5809765.006805061,0.9149780545995332,"i=64,j=49"
2344,347532.43313307303,5809765.006805061,0.7732833979321029,"i=64,j=50"
2345,347542.43313307303,5809765.006805061,0.20860768978367739,"i=64,j=51"
2346,347552.43313307303,5809765.006805061,0.0424820019012454,"i=64,j=52"
2347,347562.43313307303,5809765.006805061,0.1945041998473236,"i=64,j=53"
2348,347572.43313307303,5809765.006805061,0.1350838844445187,"i=64,j=54"
2349,347582.43313307303,5809765.006805061,0.26002996019670543,"i=64,j=55"
2350,347592.43313307303,5809765.006805061,0.5919688194836055,"i=64,j=56"
2351,347602.43313307303,5809765.006805061,0.46848384894670025,"i=64,j=57"
2352,347612.43313307303,5809765.006805061,0.6874228982090793,"i=64,j=58"
2353,347622.43313307303,5809765.006805061,0.8672461856769363,"i=64,j=59"
2354,347632.43313307303,5809765.006805061,0.876763906629777,"i=64,j=60"
2355,347642.43313307303,5809765.006805061,0.37215189704327867,"i=64,j=61"
2356,347652.43313307303,5809765.006805061,0.4280401480117382,"i=64,j=62"
2357,347662.43313307303,5809765.006805061,0.43780164645431585,"i=64,j=63"
2358,347672.43313307303,5809765.006805061,0.2581471555053293,"i=64,j=64"
2359,347682.43313307303,5809765.006805061,0.6271380617680231,"i=64,j=65"
2360,347692.43313307303,5809765.006805061,0.5921862199577624,"i=64,j=66"
2361,347702.43313307303,5809765.006805061,0.7818370910940766,"i=64,j=67"
2362,347712.43313307303,5809765.006805061,0.2865793421476449,"i=64,j=68"
2363,347202.43313307303,5809755.006805061,0.5335994710937932,"i=65,j=17"
2364,347212.43313307303,5809755.006805061,0.6555703904364872,"i=65,j=18"
2365,347222.43313307303,5809755.006805061,0.4742735959855021,"i=65,j=19"
2366,347232.43313307303,5809755.006805061,0.09486715140433111,"i=65,j=20"
2367,347242.43313307303,5809755.006805061,0.7600823723292442,"i=65,j=21"
2368,347252.43313307303,5809755.006805061,0.15978682011477197,"i=65,j=22"
2369,347262.43313307303,5809755.006805061,0.1840600401064525,"i=65,j=23"
2370,347272.43313307303,5809755.006805061,0.08784246574287102,"i=65,j=24"
2371,347282.43313307303,5809755.006805061,0.8913320201058105,"i=65,j=25"
2372,347292.43313307303,5809755.006805061,0.42198769710577055,"i=65,j=26"
2373,347302.43313307303,5809755.006805061,0.6820230580072989,"i=65,j=27"
2374,347312.43313307303,5809755.006805061,0.43472008307681576,"i=65,j=28"
2375,347322.43313307303,5809755.006805061,0.3568274588794521,"i=65,j=29"
2376,347332.43313307303,5809755.006805061,0.040874610718499405,"i=65,j=30"
2377,347342.43313307303,5809755.006805061,0.35461129112279244,"i=65,j=31"
2378,347352.43313307303,5809755.006805061,0.25838116472873707,"i=65,j=32"
2379,347362.43313307303,5809755.006805061,0.09811145884322348,"i=65,j=33"
2380,347372.43313307303,5809755.006805061,0.00896972612502922,"i=65,j=34"
2381,347382.43313307303,5809755.006805061,0.9378085834117279,"i=65,j=35"
2382,347392.43313307303,5809755.006805061,0.7267807070193308,"i=65,j=36"
2383,347402.43313307303,5809755.006805061,0.82321478809931,"i=65,j=37"
2384,347412.43313307303,5809755.006805061,0.2956146008370545,"i=65,j=38"
2385,347422.43313307303,5809755.006805061,0.6942115825288872,"i=65,j=39"
2386,347432.43313307303,5809755.006805061,0.005075242025614157,"i=65,j=40"
2387,347442.43313307303,5809755.006805061,0.13737362270971432,"i=65,j=41"
2388,347452.43313307303,5809755.006805061,0.454795852187007,"i=65,j=42"
2389,347462.43313307303,5809755.006805061,0.42518022054499527,"i=65,j=43"
2390,347472.43313307303,5809755.006805061,0.45925118963856393,"i=65,j=44"
2391,347482.43313307303,5809755.006805061,0.38364040408737254,"i=65,j=45"
2392,347492.43313307303,5809755.006805061,0.35704769685421944,"i=65,j=46"
2393,347502.43313307303,5809755.006805061,0.8973981250080856,"i=65,j=47"
2394,347512.43313307303,5809755.006805061,0.19133457191571623,"i=65,j=48"
2395,347522.43313307303,5809755.006805061,0.09339264297311756,"i=65,j=49"
2396,347532.43313307303,5809755.006805061,0.821546259179562,"i=65,j=50"
2397,347542.43313307303,5809755.006805061,0.7350509308621884,"i=65,j=51"
2398,347552.43313307303,5809755.006805061,0.452185874129608,"i=65,j=52"
2399,347562.43313307303,5809755.006805061,0.7581292664863085,"i=65,j=53"
2400,347572.43313307303,5809755.006805061,0.8925116286005234,"i=65,j=54"
2401,347582.43313307303,5809755.006805061,0.9985003435707968,"i=65,j=55"
2402,347592.43313307303,5809755.006805061,0.8480083910003123,"i=65,j=56"
2403,347602.43313307303,5809755.006805061,0.43086014722053445,"i=65,j=57"
2404,347612.43313307303,5809755.006805061,0.2874947480140406,"i=65,j=58"
2405,347622.43313307303,5809755.006805061,0.9424097247636434,"i=65,j=59"
2406,347632.43313307303,5809755.006805061,0.21254932964443563,"i=65,j=60"
2407,347642.43313307303,5809755.006805061,0.6845697088081767,"i=65,j=61"
2408,347652.43313307303,5809755.006805061,0.7656324940029977,"i=65,j=62"
2409,347662.43313307303,5809755.006805061,0.17644855603866694,"i=65,j=63"
2410,347672.43313307303,5809755.006805061,0.6596909183486734,"i=65,j=64"
2411,347682.43313307303,5809755.006805061,0.6368661524661775,"i=65,j=65"
2412,347692.43313307303,5809755.006805061,0.4245719468804551,"i=65,j=66"
2413,347702.43313307303,5809755.006805061,0.7771736311592913,"i=65,j=67"
2414,347712.43313307303,5809755.006805061,0.8386321140944508,"i=65,j=68"
2415,347182.43313307303,5809745.006805061,0.4062712292134756,"i=66,j=15"
2416,347192.43313307303,5809745.006805061,0.5909373843051002,"i=66,j=16"
2417,347202.43313307303,5809745.006805061,0.9787407596375158,"i=66,j=17"
2418,347212.43313307303,5809745.006805061,0.9520296445019877,"i=66,j=18"
2419,347222.43313307303,5809745.006805061,0.8216630915066848,"i=66,j=19"
2420,347232.43313307303,5809745.006805061,0.9321996670463446,"i=66,j=20"
2421,347242.43313307303,5809745.006805061,0.44524974446874055,"i=66,j=21"
2422,347252.43313307303,5809745.006805061,0.3944887369183434,"i=66,j=22"
2423,347262.43313307303,5809745.006805061,0.13497388980555625,"i=66,j=23"
2424,347272.43313307303,5809745.006805061,0.8723617117752821,"i=66,j=24"
2425,347282.43313307303,5809745.006805061,0.7319313524954103,"i=66,j=25"
2426,347292.43313307303,5809745.006805061,0.8235858964849982,"i=66,j=26"
2427,347302.43313307303,5809745.006805061,0.7025945112361078,"i=66,j=27"
2428,347312.43313307303,5809745.006805061,0.8340285689191832,"i=66,j=28"
2429,347322.43313307303,5809745.006805061,0.8527896339575123,"i=66,j=29"
2430,347332.43313307303,5809745.006805061,0.437841299173901,"i=66,j=30"
2431,347342.43313307303,5809745.006805061,0.33164000081037504,"i=66,j=31"
2432,347352.43313307303,5809745.006805061,0.1780776182017253,"i=66,j=32"
2433,347362.43313307303,5809745.006805061,0.6385683233643404,"i=66,j=33"
2434,347372.43313307303,5809745.006805061,0.6348209944863363,"i=66,j=34"
2435,347382.43313307303,5809745.006805061,0.8912148061087619,"i=66,j=35"
2436,347392.43313307303,5809745.006805061,0.961819586112143,"i=66,j=36"
2437,347402.43313307303,5809745.006805061,0.027670526852083932,"i=66,j=37"
2438,347412.43313307303,5809745.006805061,0.15772946767784324,"i=66,j=38"
2439,347422.43313307303,5809745.006805061,0.6203231217502329,"i=66,j=39"
2440,347432.43313307303,5809745.006805061,0.6089601506679099,"i=66,j=40"
2441,347442.43313307303,5809745.006805061,0.26821437156226546,"i=66,j=41"
2442,347452.43313307303,5809745.006805061,0.7638004922572632,"i=66,j=42"
2443,347462.43313307303,5809745.006805061,0.6781476916217556,"i=66,j=43"
2444,347472.43313307303,5809745.006805061,0.1649478125111744,"i=66,j=44"
2445,347482.43313307303,5809745.006805061,0.75414969509435,"i=66,j=45"
2446,347492.43313307303,5809745.006805061,0.3074195641388716,"i=66,j=46"
2447,347502.43313307303,5809745.006805061,0.864481093847946,"i=66,j=47"
2448,347512.43313307303,5809745.006805061,0.8630752789962752,"i=66,j=48"
2449,347522.43313307303,5809745.006805061,0.8956249974141053,"i=66,j=49"
2450,347532.43313307303,5809745.006805061,0.4930878590954232,"i=66,j=50"
2451,347542.43313307303,5809745.006805061,0.9459719971510593,"i=66,j=51"
2452,347552.43313307303,5809745.006805061,0.5240062058894408,"i=66,j=52"
2453,347562.43313307303,5809745.006805061,0.5077871777860011,"i=66,j=53"
2454,347572.43313307303,5809745.006805061,0.34160873876750564,"i=66,j=54"
2455,347582.43313307303,5809745.006805061,0.28085277182471946,"i=66,j=55"
2456,347592.43313307303,5809745.006805061,0.4693210711475252,"i=66,j=56"
2457,347602.43313307303,5809745.006805061,0.32414885053281095,"i=66,j=57"
2458,347612.43313307303,5809745.006805061,0.01795186964365425,"i=66,j=58"
2459,347622.43313307303,5809745.006805061,0.8395014140740905,"i=66,j=59"
2460,347632.43313307303,5809745.006805061,0.3595525710006837,"i=66,j=60"
2461,347642.43313307303,5809745.006805061,0.6022711037955736,"i=66,j=61"
2462,347652.43313307303,5809745.006805061,0.8433657783322949,"i=66,j=62"
2463,347662.43313307303,5809745.006805061,0.23281270356103045,"i=66,j=63"
2464,347672.43313307303,5809745.006805061,0.8701610798575087,"i=66,j=64"
2465,347682.43313307303,5809745.006805061,0.16625451728565654,"i=66,j=65"
2466,347692.43313307303,5809745.006805061,0.23501860611676395,"i=66,j=66"
2467,347702.43313307303,5809745.006805061,0.2522733026839755,"i=66,j=67"
2468,347172.43313307303,5809735.006805061,0.9459017274863557,"i=67,j=14"
2469,347182.43313307303,5809735.006805061,0.6883082504448282,"i=67,j=15"
2470,347192.43313307303,5809735.006805061,0.275012261181237,"i=67,j=16"
2471,347202.43313307303,5809735.006805061,0.8997112095561877,"i=67,j=17"
2472,347212.43313307303,5809735.006805061,0.5452211310462072,"i=67,j=18"
2473,347222.43313307303,5809735.006805061,0.8449653066913351,"i=67,j=19"
2474,347232.43313307303,5809735.006805061,0.9907486589358767,"i=67,j=20"
2475,347242.43313307303,5809735.006805061,0.9617772150765486,"i=67,j=21"
2476,347252.43313307303,5809735.006805061,0.06158474725099261,"i=67,j=22"
2477,347262.43313307303,5809735.006805061,0.40216372697242575,"i=67,j=23"
2478,347272.43313307303,5809735.006805061,0.12419091153435635,"i=67,j=24"
2479,347282.43313307303,5809735.006805061,0.6253359368381273,"i=67,j=25"
2480,347292.43313307303,5809735.006805061,0.9508719981051591,"i=67,j=26"
2481,347302.43313307303,5809735.006805061,0.24597213273939778,"i=67,j=27"
2482,347312.43313307303,5809735.006805061,0.9742628877289463,"i=67,j=28"
2483,347322.43313307303,5809735.006805061,0.19780525005819638,"i=67,j=29"
2484,347332.43313307303,5809735.006805061,0.5991733953809052,"i=67,j=30"
2485,347342.43313307303,5809735.006805061,0.21978180241641876,"i=67,j=31"
2486,347352.43313307303,5809735.006805061,0.648140949281361,"i=67,j=32"
2487,347362.43313307303,5809735.006805061,0.0703830058462177,"i=67,j=33"
2488,347372.43313307303,5809735.006805061,0.6208858387641198,"i=67,j=34"
2489,347382.43313307303,5809735.006805061,0.8259711777990557,"i=67,j=35"
2490,347392.43313307303,5809735.006805061,0.5592658399993086,"i=67,j=36"
2491,347402.43313307303,5809735.006805061,0.5410839817999601,"i=67,j=37"
2492,347412.43313307303,5809735.006805061,0.1322662095247258,"i=67,j=38"
2493,347422.43313307303,5809735.006805061,0.41648168908579286,"i=67,j=39"
2494,347432.43313307303,5809735.006805061,0.21349369283705422,"i=67,j=40"
2495,347442.43313307303,5809735.006805061,0.442752819154959,"i=67,j=41"
2496,347452.43313307303,5809735.006805061,0.16398496182927924,"i=67,j=42"
2497,347462.43313307303,5809735.006805061,0.9539802293165589,"i=67,j=43"
2498,347472.43313307303,5809735.006805061,0.8360311156877406,"i=67,j=44"
2499,347482.43313307303,5809735.006805061,0.40271811317436434,"i=67,j=45"
2500,347492.43313307303,5809735.006805061,0.5076411455593363,"i=67,j=46"
2501,347502.43313307303,5809735.006805061,0.9528357769188018,"i=67,j=47"
2502,347512.43313307303,5809735.006805061,0.7864823056769099,"i=67,j=48"
2503,347522.43313307303,5809735.006805061,0.4124162996794305,"i=67,j=49"
2504,347532.43313307303,5809735.006805061,0.4812695311798294,"i=67,j=50"
2505,347542.43313307303,5809735.006805061,0.41876073954326876,"i=67,j=51"
2506,347552.43313307303,5809735.006805061,0.6433616855553057,"i=67,j=52"
2507,347562.43313307303,5809735.006805061,0.5504656994937867,"i=67,j=53"
2508,347572.43313307303,5809735.006805061,0.042045052903216806,"i=67,j=54"
2509,347582.43313307303,5809735.006805061,0.6162989440852212,"i=67,j=55"
2510,347592.43313307303,5809735.006805061,0.03310827930712168,"i=67,j=56"
2511,347602.43313307303,5809735.006805061,0.8773834735291113,"i=67,j=57"
2512,347612.43313307303,5809735.006805061,0.09843919204036844,"i=67,j=58"
2513,347622.43313307303,5809735.006805061,0.36529926201451934,"i=67,j=59"
2514,347632.43313307303,5809735.006805061,0.3691395840592796,"i=67,j=60"
2515,347642.43313307303,5809735.006805061,0.3938983112933738,"i=67,j=61"
2516,347652.43313307303,5809735.006805061,0.30499702987471733,"i=67,j=62"
2517,347662.43313307303,5809735.006805061,0.11695875523597443,"i=67,j=63"
2518,347672.43313307303,5809735.006805061,0.3391783053154285,"i=67,j=64"
2519,347682.43313307303,5809735.006805061,0.7032668928606245,"i=67,j=65"
2520,347692.43313307303,5809735.006805061,0.25851114379549067,"i=67,j=66"
2521,347702.43313307303,5809735.006805061,0.7173515827379019,"i=67,j=67"
2522,347162.43313307303,5809725.006805061,0.09546537791668464,"i=68,j=13"
2523,347172.43313307303,5809725.006805061,0.10807597770458077,"i=68,j=14"
2524,347182.43313307303,5809725.006805061,0.1341232876686368,"i=68,j=15"
2525,347192.43313307303,5809725.006805061,0.4237548332363351,"i=68,j=16"
2526,347202.43313307303,5809725.006805061,0.48984038022766996,"i=68,j=17"
2527,347212.43313307303,5809725.006805061,0.22250400993423058,"i=68,j=18"
2528,347222.43313307303,5809725.006805061,0.6155728751554185,"i=68,j=19"
2529,347232.43313307303,5809725.006805061,0.7788346745526278,"i=68,j=20"
2530,347242.43313307303,5809725.006805061,0.39098911166196937,"i=68,j=21"
2531,347252.43313307303,5809725.006805061,0.8242553160338011,"i=68,j=22"
2532,347262.43313307303,5809725.006805061,0.44547815131124935,"i=68,j=23"
2533,347272.43313307303,5809725.006805061,0.3116300016964567,"i=68,j=24"
2534,347282.43313307303,5809725.006805061,0.7833504670694534,"i=68,j=25"
2535,347292.43313307303,5809725.006805061,0.06183815902421519,"i=68,j=26"
2536,347302.43313307303,5809725.006805061,0.5720907369924129,"i=68,j=27"
2537,347312.43313307303,5809725.006805061,0.9492634102596484,"i=68,j=28"
2538,347322.43313307303,5809725.006805061,0.07203661423900642,"i=68,j=29"
2539,347332.43313307303,5809725.006805061,0.11066539856040647,"i=68,j=30"
2540,347342.43313307303,5809725.006805061,0.15896939866318982,"i=68,j=31"
2541,347352.43313307303,5809725.006805061,0.5736180520016034,"i=68,j=32"
2542,347362.43313307303,5809725.006805061,0.9534304808338886,"i=68,j=33"
2543,347372.43313307303,5809725.006805061,0.7657200144944509,"i=68,j=34"
2544,347382.43313307303,5809725.006805061,0.9097609068253593,"i=68,j=35"
2545,347392.43313307303,5809725.006805061,0.875465104271626,"i=68,j=36"
2546,347402.43313307303,5809725.006805061,0.6388745515165533,"i=68,j=37"
2547,347412.43313307303,5809725.006805061,0.4052940646956127,"i=68,j=38"
2548,347422.43313307303,5809725.006805061,0.6830230267813764,"i=68,j=39"
2549,347432.43313307303,5809725.006805061,0.7398756605730709,"i=68,j=40"
2550,347442.43313307303,5809725.006805061,0.6537984781273751,"i=68,j=41"
2551,347452.43313307303,5809725.006805061,0.8119237515286755,"i=68,j=42"
2552,347462.43313307303,5809725.006805061,0.49032582910178424,"i=68,j=43"
2553,347472.43313307303,5809725.006805061,0.4469639628666292,"i=68,j=44"
2554,347482.43313307303,5809725.006805061,0.49052636333006716,"i=68,j=45"
2555,347492.43313307303,5809725.006805061,0.8016103777523131,"i=68,j=46"
2556,347502.43313307303,5809725.006805061,0.047244092530728365,"i=68,j=47"
2557,347512.43313307303,5809725.006805061,0.5292564670933237,"i=68,j=48"
2558,347522.43313307303,5809725.006805061,0.7603182141498811,"i=68,j=49"
2559,347532.43313307303,5809725.006805061,0.5274914947572569,"i=68,j=50"
2560,347542.43313307303,5809725.006805061,0.18792288867932205,"i=68,j=51"
2561,347552.43313307303,5809725.006805061,0.3605719063342294,"i=68,j=52"
2562,347562.43313307303,5809725.006805061,0.22452036367150952,"i=68,j=53"
2563,347572.43313307303,5809725.006805061,0.44960403038419317,"i=68,j=54"
2564,347582.43313307303,5809725.006805061,0.7053021630363051,"i=68,j=55"
2565,347592.43313307303,5809725.006805061,0.4708930574766177,"i=68,j=56"
2566,347602.43313307303,5809725.006805061,0.7992610270908078,"i=68,j=57"
2567,347612.43313307303,5809725.006805061,0.7122897197816521,"i=68,j=58"
2568,347622.43313307303,5809725.006805061,0.5290077520324444,"i=68,j=59"
2569,347632.43313307303,5809725.006805061,0.9684820809690198,"i=68,j=60"
2570,347642.43313307303,5809725.006805061,0.1782147728343254,"i=68,j=61"
2571,347652.43313307303,5809725.006805061,0.12961941757431195,"i=68,j=62"
2572,347662.43313307303,5809725.006805061,0.42741378529666363,"i=68,j=63"
2573,347672.43313307303,5809725.006805061,0.9312296956474144,"i=68,j=64"
2574,347682.43313307303,5809725.006805061,0.7569714254605722,"i=68,j=65"
2575,347692.43313307303,5809725.006805061,0.534684397499118,"i=68,j=66"
2576,347702.43313307303,5809725.006805061,0.8407258133585684,"i=68,j=67"
2577,347142.43313307303,5809715.006805061,0.642060300741815,"i=69,j=11"
2578,347152.43313307303,5809715.006805061,0.006587983414963028,"i=69,j=12"
2579,347162.43313307303,5809715.006805061,0.4239072573178606,"i=69,j=13"
2580,347172.43313307303,5809715.006805061,0.03423186214214835,"i=69,j=14"
2581,347182.43313307303,5809715.006805061,0.8439264405760188,"i=69,j=15"
2582,347192.43313307303,5809715.006805061,0.3602763026654964,"i=69,j=16"
2583,347202.43313307303,5809715.006805061,0.3998826916151884,"i=69,j=17"
2584,347212.43313307303,5809715.006805061,0.11910833901782958,"i=69,j=18"
2585,347222.43313307303,5809715.006805061,0.20473505972302342,"i=69,j=19"
2586,347232.43313307303,5809715.006805061,0.35774397767648347,"i=69,j=20"
2587,347242.43313307303,5809715.006805061,0.010880965495240535,"i=69,j=21"
2588,347252.43313307303,5809715.006805061,0.8433497179336747,"i=69,j=22"
2589,347262.43313307303,5809715.006805061,0.14130324641071146,"i=69,j=23"
2590,347272.43313307303,5809715.006805061,0.6290818229909925,"i=69,j=24"
2591,347282.43313307303,5809715.006805061,0.6238855969226437,"i=69,j=25"
2592,347292.43313307303,5809715.006805061,0.5497863289315525,"i=69,j=26"
2593,347302.43313307303,5809715.006805061,0.597561194839078,"i=69,j=27"
2594,347312.43313307303,5809715.006805061,0.5547743836579513,"i=69,j=28"
2595,347322.43313307303,5809715.006805061,0.9783621982970119,"i=69,j=29"
2596,347332.43313307303,5809715.006805061,0.20969191356829786,"i=69,j=30"
2597,347342.43313307303,5809715.006805061,0.7053854626178322,"i=69,j=31"
2598,347352.43313307303,5809715.006805061,0.9535873477799488,"i=69,j=32"
2599,347362.43313307303,5809715.006805061,0.06274799764307049,"i=69,j=33"
2600,347372.43313307303,5809715.006805061,0.7662985461184356,"i=69,j=34"
2601,347382.43313307303,5809715.006805061,0.7977948801391287,"i=69,j=35"
2602,347392.43313307303,5809715.006805061,0.05486116475956204,"i=69,j=36"
2603,347402.43313307303,5809715.006805061,0.6800760604566809,"i=69,j=37"
2604,347412.43313307303,5809715.006805061,0.838749444711602,"i=69,j=38"
2605,347422.43313307303,5809715.006805061,0.753808474817121,"i=69,j=39"
2606,347432.43313307303,5809715.006805061,0.4146113986901022,"i=69,j=40"
2607,347442.43313307303,5809715.006805061,0.7959342163580282,"i=69,j=41"
2608,347452.43313307303,5809715.006805061,0.4358497121815921,"i=69,j=42"
2609,347462.43313307303,5809715.006805061,0.38078361819756945,"i=69,j=43"
2610,347472.43313307303,5809715.006805061,0.14000162869664012,"i=69,j=44"
2611,347482.43313307303,5809715.006805061,0.672230627353031,"i=69,j=45"
2612,347492.43313307303,5809715.006805061,0.13872533512950025,"i=69,j=46"
2613,347502.43313307303,5809715.006805061,0.19104090364367754,"i=69,j=47"
2614,347512.43313307303,5809715.006805061,0.40426568671873175,"i=69,j=48"
2615,347522.43313307303,5809715.006805061,0.4824751316225867,"i=69,j=49"
2616,347532.43313307303,5809715.006805061,0.8331087494616339,"i=69,j=50"
2617,347542.43313307303,5809715.006805061,0.31802729533262486,"i=69,j=51"
2618,347552.43313307303,5809715.006805061,0.7976865866553905,"i=69,j=52"
2619,347562.43313307303,5809715.006805061,0.026625444523065145,"i=69,j=53"
2620,347572.43313307303,5809715.006805061,0.49070182284231045,"i=69,j=54"
2621,347582.43313307303,5809715.006805061,0.7515228397668903,"i=69,j=55"
2622,347592.43313307303,5809715.006805061,0.3090192625356434,"i=69,j=56"
2623,347602.43313307303,5809715.006805061,0.925206443655139,"i=69,j=57"
2624,347612.43313307303,5809715.006805061,0.5653288374550626,"i=69,j=58"
2625,347622.43313307303,5809715.006805061,0.992733869373141,"i=69,j=59"
2626,347632.43313307303,5809715.006805061,0.4880784479103082,"i=69,j=60"
2627,347642.43313307303,5809715.006805061,0.24007103982017464,"i=69,j=61"
2628,347652.43313307303,5809715.006805061,0.8343405194854361,"i=69,j=62"
2629,347662.43313307303,5809715.006805061,0.3124216137573338,"i=69,j=63"
2630,347672.43313307303,5809715.006805061,0.9608547257409901,"i=69,j=64"
2631,347682.43313307303,5809715.006805061,0.44800358773067694,"i=69,j=65"
2632,347692.43313307303,5809715.006805061,0.9734891608979263,"i=69,j=66"
2633,347702.43313307303,5809715.006805061,0.5834256428247229,"i=69,j=67"
2634,347132.43313307303,5809705.006805061,0.8592410484549605,"i=70,j=10"
2635,347142.43313307303,5809705.006805061,0.8520921968504562,"i=70,j=11"
2636,347152.43313307303,5809705.006805061,0.6869343670330863,"i=70,j=12"
2637,347162.43313307303,5809705.006805061,0.003754577463098263,"i=70,j=13"
2638,347172.43313307303,5809705.006805061,0.8622865826666992,"i=70,j=14"
2639,347182.43313307303,5809705.006805061,0.773750046285385,"i=70,j=15"
2640,347192.43313307303,5809705.006805061,0.3497531686148343,"i=70,j=16"
2641,347202.43313307303,5809705.006805061,0.7845189152752758,"i=70,j=17"
2642,347212.43313307303,5809705.006805061,0.6699614726513342,"i=70,j=18"
2643,347222.43313307303,5809705.006805061,0.010561703979263815,"i=70,j=19"
2644,347232.43313307303,5809705.006805061,0.7131649728811618,"i=70,j=20"
2645,347242.43313307303,5809705.006805061,0.35397730145658246,"i=70,j=21"
2646,347252.43313307303,5809705.006805061,0.44489179842423054,"i=70,j=22"
2647,347262.43313307303,5809705.006805061,0.5595869855858456,"i=70,j=23"
2648,347272.43313307303,5809705.006805061,0.46965446594257687,"i=70,j=24"
2649,347282.43313307303,5809705.006805061,0.2877556930756666,"i=70,j=25"
2650,347292.43313307303,5809705.006805061,0.980450977904875,"i=70,j=26"
2651,347302.43313307303,5809705.006805061,0.5965133537763919,"i=70,j=27"
2652,347312.43313307303,5809705.006805061,0.46754687388209215,"i=70,j=28"
2653,347322.43313307303,5809705.006805061,0.6322567081034158,"i=70,j=29"
2654,347332.43313307303,5809705.006805061,0.5132897138456265,"i=70,j=30"
2655,347342.43313307303,5809705.006805061,0.8955450511175913,"i=70,j=31"
2656,347352.43313307303,5809705.006805061,0.9373294988308536,"i=70,j=32"
2657,347362.43313307303,5809705.006805061,0.19322457250568614,"i=70,j=33"
2658,347372.43313307303,5809705.006805061,0.8008393792653095,"i=70,j=34"
2659,347382.43313307303,5809705.006805061,0.7286814841861249,"i=70,j=35"
2660,347392.43313307303,5809705.006805061,0.13813482122552634,"i=70,j=36"
2661,347402.43313307303,5809705.006805061,0.8513283706067265,"i=70,j=37"
2662,347412.43313307303,5809705.006805061,0.3115680908341075,"i=70,j=38"
2663,347422.43313307303,5809705.006805061,0.933825070190467,"i=70,j=39"
2664,347432.43313307303,5809705.006805061,0.2553410313614244,"i=70,j=40"
2665,347442.43313307303,5809705.006805061,0.8370470796525816,"i=70,j=41"
2666,347452.43313307303,5809705.006805061,0.4495608674934368,"i=70,j=42"
2667,347462.43313307303,5809705.006805061,0.18420633387981378,"i=70,j=43"
2668,347472.43313307303,5809705.006805061,0.6896365099876706,"i=70,j=44"
2669,347482.43313307303,5809705.006805061,0.3626908525317155,"i=70,j=45"
2670,347492.43313307303,5809705.006805061,0.19880626876291918,"i=70,j=46"
2671,347502.43313307303,5809705.006805061,0.19184092055054214,"i=70,j=47"
2672,347512.43313307303,5809705.006805061,0.9830611072166883,"i=70,j=48"
2673,347522.43313307303,5809705.006805061,0.13805323602904274,"i=70,j=49"
2674,347532.43313307303,5809705.006805061,0.5099486334668047,"i=70,j=50"
2675,347542.43313307303,5809705.006805061,0.4860453053372523,"i=70,j=51"
2676,347552.43313307303,5809705.006805061,0.8151177287196296,"i=70,j=52"
2677,347562.43313307303,5809705.006805061,0.1208644698223107,"i=70,j=53"
2678,347572.43313307303,5809705.006805061,0.5788749592209264,"i=70,j=54"
2679,347582.43313307303,5809705.006805061,0.024972070900751042,"i=70,j=55"
2680,347592.43313307303,5809705.006805061,0.7299276290380992,"i=70,j=56"
2681,347602.43313307303,5809705.006805061,0.5427696855198232,"i=70,j=57"
2682,347612.43313307303,5809705.006805061,0.9931987432163962,"i=70,j=58"
2683,347622.43313307303,5809705.006805061,0.4224221851967074,"i=70,j=59"
2684,347632.43313307303,5809705.006805061,0.6257443014073518,"i=70,j=60"
2685,347642.43313307303,5809705.006805061,0.8007262297678296,"i=70,j=61"
2686,347652.43313307303,5809705.006805061,0.07871539609654976,"i=70,j=62"
2687,347662.43313307303,5809705.006805061,0.36004266264312734,"i=70,j=63"
2688,347672.43313307303,5809705.006805061,0.10287024856588456,"i=70,j=64"
2689,347682.43313307303,5809705.006805061,0.25579230025167377,"i=70,j=65"
2690,347692.43313307303,5809705.006805061,0.06480434225212128,"i=70,j=66"
2691,347122.43313307303,5809695.006805061,0.23933343075778757,"i=71,j=9"
2692,347132.43313307303,5809695.006805061,0.9987137674549711,"i=71,j=10"
2693,347142.43313307303,5809695.006805061,0.752801917285019,"i=71,j=11"
2694,347152.43313307303,5809695.006805061,0.6642112569591623,"i=71,j=12"
2695,347162.43313307303,5809695.006805061,0.5601602068453839,"i=71,j=13"
2696,347172.43313307303,5809695.006805061,0.9915680390278216,"i=71,j=14"
2697,347182.43313307303,5809695.006805061,0.6294819411263498,"i=71,j=15"
2698,347192.43313307303,5809695.006805061,0.1916917299464479,"i=71,j=16"
2699,347202.43313307303,5809695.006805061,0.5053494951503744,"i=71,j=17"
2700,347212.43313307303,5809695.006805061,0.534007274075084,"i=71,j=18"
2701,347222.43313307303,5809695.006805061,0.20300770681194313,"i=71,j=19"
2702,347232.43313307303,5809695.006805061,0.1449041222658538,"i=71,j=20"
2703,347242.43313307303,5809695.006805061,0.9324052588937043,"i=71,j=21"
2704,347252.43313307303,5809695.006805061,0.9104359349665375,"i=71,j=22"
2705,347262.43313307303,5809695.006805061,0.28966739965174615,"i=71,j=23"
2706,347272.43313307303,5809695.006805061,0.8826735584000301,"i=71,j=24"
2707,347282.43313307303,5809695.006805061,0.06436826752809688,"i=71,j=25"
2708,347292.43313307303,5809695.006805061,0.5231284655304415,"i=71,j=26"
2709,347302.43313307303,5809695.006805061,0.18750273725158784,"i=71,j=27"
2710,347312.43313307303,5809695.006805061,0.623997296448182,"i=71,j=28"
2711,347322.43313307303,5809695.006805061,0.33406850882716144,"i=71,j=29"
2712,347332.43313307303,5809695.006805061,0.8002924597217935,"i=71,j=30"
2713,347342.43313307303,5809695.006805061,0.4437672917494031,"i=71,j=31"
2714,347352.43313307303,5809695.006805061,0.15737504297328708,"i=71,j=32"
2715,347362.43313307303,5809695.006805061,0.8595114789514217,"i=71,j=33"
2716,347372.43313307303,5809695.006805061,0.7522910824239711,"i=71,j=34"
2717,347382.43313307303,5809695.006805061,0.6167809858525537,"i=71,j=35"
2718,347392.43313307303,5809695.006805061,0.8518833647039759,"i=71,j=36"
2719,347402.43313307303,5809695.006805061,0.8697435665096713,"i=71,j=37"
2720,347412.43313307303,5809695.006805061,0.8716942254133404,"i=71,j=38"
2721,347422.43313307303,5809695.006805061,0.5576378161220557,"i=71,j=39"
2722,347432.43313307303,5809695.006805061,0.7257736646268512,"i=71,j=40"
2723,347442.43313307303,5809695.006805061,0.45561472449260376,"i=71,j=41"
2724,347452.43313307303,5809695.006805061,0.5036063897880367,"i=71,j=42"
2725,347462.43313307303,5809695.006805061,0.13177747136915685,"i=71,j=43"
2726,347472.43313307303,5809695.006805061,0.47915462680788645,"i=71,j=44"
2727,347482.43313307303,5809695.006805061,0.9486699551234492,"i=71,j=45"
2728,347492.43313307303,5809695.006805061,0.12210466394897812,"i=71,j=46"
2729,347502.43313307303,5809695.006805061,0.8074678138587589,"i=71,j=47"
2730,347512.43313307303,5809695.006805061,0.49253632733816244,"i=71,j=48"
2731,347522.43313307303,5809695.006805061,0.495447545048897,"i=71,j=49"
2732,347532.43313307303,5809695.006805061,0.9843981870107275,"i=71,j=50"
2733,347542.43313307303,5809695.006805061,0.8900316273289559,"i=71,j=51"
2734,347552.43313307303,5809695.006805061,0.27313527882451405,"i=71,j=52"
2735,347562.43313307303,5809695.006805061,0.4167410180725717,"i=71,j=53"
2736,347572.43313307303,5809695.006805061,0.44055907120382587,"i=71,j=54"
2737,347582.43313307303,5809695.006805061,0.004691371716694204,"i=71,j=55"
2738,347592.43313307303,5809695.006805061,0.2323722939067986,"i=71,j=56"
2739,347602.43313307303,5809695.006805061,0.8233207484521269,"i=71,j=57"
2740,347612.43313307303,5809695.006805061,0.6613037956419764,"i=71,j=58"
2741,347622.43313307303,5809695.006805061,0.8578444139643925,"i=71,j=59"
2742,347632.43313307303,5809695.006805061,0.3469105177128041,"i=71,j=60"
2743,347642.43313307303,5809695.006805061,0.5429527944368356,"i=71,j=61"
2744,347652.43313307303,5809695.006805061,0.01728254197280743,"i=71,j=62"
2745,347662.43313307303,5809695.006805061,0.8827132310269371,"i=71,j=63"
2746,347672.43313307303,5809695.006805061,0.276500375380601,"i=71,j=64"
2747,347682.43313307303,5809695.006805061,0.5695590363137194,"i=71,j=65"
2748,347692.43313307303,5809695.006805061,0.3388106613945562,"i=71,j=66"
2749,347112.43313307303,5809685.006805061,0.8772127321680221,"i=72,j=8"
2750,347122.43313307303,5809685.006805061,0.22453729535987643,"i=72,j=9"
2751,347132.43313307303,5809685.006805061,0.23761431478383244,"i=72,j=10"
2752,347142.43313307303,5809685.006805061,0.9335630851755004,"i=72,j=11"
2753,347152.43313307303,5809685.006805061,0.9795661956816015,"i=72,j=12"
2754,347162.43313307303,5809685.006805061,0.593655407190201,"i=72,j=13"
2755,347172.43313307303,5809685.006805061,0.35405537084161787,"i=72,j=14"
2756,347182.43313307303,5809685.006805061,0.1791385471019632,"i=72,j=15"
2757,347192.43313307303,5809685.006805061,0.9251388334947459,"i=72,j=16"
2758,347202.43313307303,5809685.006805061,0.30449425211585224,"i=72,j=17"
2759,347212.43313307303,5809685.006805061,0.2438326210591697,"i=72,j=18"
2760,347222.43313307303,5809685.006805061,0.3989023512207974,"i=72,j=19"
2761,347232.43313307303,5809685.006805061,0.5225340424060779,"i=72,j=20"
2762,347242.43313307303,5809685.006805061,0.6440882927472753,"i=72,j=21"
2763,347252.43313307303,5809685.006805061,0.5394143426986613,"i=72,j=22"
2764,347262.43313307303,5809685.006805061,0.9069374835166196,"i=72,j=23"
2765,347272.43313307303,5809685.006805061,0.524788211569684,"i=72,j=24"
2766,347282.43313307303,5809685.006805061,0.17894158332060994,"i=72,j=25"
2767,347292.43313307303,5809685.006805061,0.34762965906878907,"i=72,j=26"
2768,347302.43313307303,5809685.006805061,0.99084651471041,"i=72,j=27"
2769,347312.43313307303,5809685.006805061,0.5437013292310716,"i=72,j=28"
2770,347322.43313307303,5809685.006805061,0.938719347991245,"i=72,j=29"
2771,347332.43313307303,5809685.006805061,0.747522135663305,"i=72,j=30"
2772,347342.43313307303,5809685.006805061,0.4527100250315015,"i=72,j=31"
2773,347352.43313307303,5809685.006805061,0.6760850045841993,"i=72,j=32"
2774,347362.43313307303,5809685.006805061,0.42590158632752884,"i=72,j=33"
2775,347372.43313307303,5809685.006805061,0.6878499751451068,"i=72,j=34"
2776,347382.43313307303,5809685.006805061,0.7760665444721285,"i=72,j=35"
2777,347392.43313307303,5809685.006805061,0.6560711770042823,"i=72,j=36"
2778,347402.43313307303,5809685.006805061,0.10750855426230743,"i=72,j=37"
2779,347412.43313307303,5809685.006805061,0.8518824324831606,"i=72,j=38"
2780,347422.43313307303,5809685.006805061,0.017089634290011202,"i=72,j=39"
2781,347432.43313307303,5809685.006805061,0.7600832244283711,"i=72,j=40"
2782,347442.43313307303,5809685.006805061,0.2507139261455341,"i=72,j=41"
2783,347452.43313307303,5809685.006805061,0.16521256952037655,"i=72,j=42"
2784,347462.43313307303,5809685.006805061,0.44184235586849174,"i=72,j=43"
2785,347472.43313307303,5809685.006805061,0.6166206179203089,"i=72,j=44"
2786,347482.43313307303,5809685.006805061,0.05996057320369619,"i=72,j=45"
2787,347492.43313307303,5809685.006805061,0.918784631494804,"i=72,j=46"
2788,347502.43313307303,5809685.006805061,0.9065902246168791,"i=72,j=47"
2789,347512.43313307303,5809685.006805061,0.08783536146063986,"i=72,j=48"
2790,347522.43313307303,5809685.006805061,0.07748423687408068,"i=72,j=49"
2791,347532.43313307303,5809685.006805061,0.6241462873530502,"i=72,j=50"
2792,347542.43313307303,5809685.006805061,0.7144859225542625,"i=72,j=51"
2793,347552.43313307303,5809685.006805061,0.32404590123177546,"i=72,j=52"
2794,347562.43313307303,5809685.006805061,0.548698695233514,"i=72,j=53"
2795,347572.43313307303,5809685.006805061,0.8668810904677559,"i=72,j=54"
2796,347582.43313307303,5809685.006805061,0.023510571687997417,"i=72,j=55"
2797,347592.43313307303,5809685.006805061,0.6114634400012432,"i=72,j=56"
2798,347602.43313307303,5809685.006805061,0.5253728725297372,"i=72,j=57"
2799,347612.43313307303,5809685.006805061,0.37289979395445416,"i=72,j=58"
2800,347622.43313307303,5809685.006805061,0.9833775052082337,"i=72,j=59"
2801,347632.43313307303,5809685.006805061,0.1908300414099403,"i=72,j=60"
2802,347642.43313307303,5809685.006805061,0.21652553709933264,"i=72,j=61"
2803,347652.43313307303,5809685.006805061,0.8196886327005867,"i=72,j=62"
2804,347662.43313307303,5809685.006805061,0.30745125212845725,"i=72,j=63"
2805,347672.43313307303,5809685.006805061,0.640071654147445,"i=72,j=64"
2806,347682.43313307303,5809685.006805061,0.2319269170447784,"i=72,j=65"
2807,347692.43313307303,5809685.006805061,0.75479006318602,"i=72,j=66"
2808,347112.43313307303,5809675.006805061,0.3911418088810067,"i=73,j=8"
2809,347122.43313307303,5809675.006805061,0.8738456365919283,"i=73,j=9"
2810,347132.43313307303,5809675.006805061,0.20318547116215646,"i=73,j=10"
2811,347142.43313307303,5809675.006805061,0.11755275299257362,"i=73,j=11"
2812,347152.43313307303,5809675.006805061,0.2512152775289479,"i=73,j=12"
2813,347162.43313307303,5809675.006805061,0.27686102065813856,"i=73,j=13"
2814,347172.43313307303,5809675.006805061,0.391954842036632,"i=73,j=14"
2815,347182.43313307303,5809675.006805061,0.9739512595502507,"i=73,j=15"
2816,347192.43313307303,5809675.006805061,0.8439101332006218,"i=73,j=16"
2817,347202.43313307303,5809675.006805061,0.4184872469331664,"i=73,j=17"
2818,347212.43313307303,5809675.006805061,0.5919568212767564,"i=73,j=18"
2819,347222.43313307303,5809675.006805061,0.8402454715214133,"i=73,j=19"
2820,347232.43313307303,5809675.006805061,0.14062795182291532,"i=73,j=20"
2821,347242.43313307303,5809675.006805061,0.9945271231126336,"i=73,j=21"
2822,347252.43313307303,5809675.006805061,0.800777640152307,"i=73,j=22"
2823,347262.43313307303,5809675.006805061,0.13484071029307398,"i=73,j=23"
2824,347272.43313307303,5809675.006805061,0.35811366764298935,"i=73,j=24"
2825,347282.43313307303,5809675.006805061,0.3681663204428648,"i=73,j=25"
2826,347292.43313307303,5809675.006805061,0.47043948681947256,"i=73,j=26"
2827,347302.43313307303,5809675.006805061,0.43834412243111887,"i=73,j=27"
2828,347312.43313307303,5809675.006805061,0.30316234453162605,"i=73,j=28"
2829,347322.43313307303,5809675.006805061,0.719027089783584,"i=73,j=29"
2830,347332.43313307303,5809675.006805061,0.7646660010530494,"i=73,j=30"
2831,347342.43313307303,5809675.006805061,0.598590046808756,"i=73,j=31"
2832,347352.43313307303,5809675.006805061,0.32762113152488836,"i=73,j=32"
2833,347362.43313307303,5809675.006805061,0.7124981168018479,"i=73,j=33"
2834,347372.43313307303,5809675.006805061,0.1512906864915995,"i=73,j=34"
2835,347382.43313307303,5809675.006805061,0.8214117315935505,"i=73,j=35"
2836,347392.43313307303,5809675.006805061,0.7419868127647059,"i=73,j=36"
2837,347402.43313307303,5809675.006805061,0.9128702918647577,"i=73,j=37"
2838,347412.43313307303,5809675.006805061,0.015334385909975268,"i=73,j=38"
2839,347422.43313307303,5809675.006805061,0.6184006576794615,"i=73,j=39"
2840,347432.43313307303,5809675.006805061,0.39232283061142637,"i=73,j=40"
2841,347442.43313307303,5809675.006805061,0.0014418026947992102,"i=73,j=41"
2842,347452.43313307303,5809675.006805061,0.5720553861475101,"i=73,j=42"
2843,347462.43313307303,5809675.006805061,0.32541536093173595,"i=73,j=43"
2844,347472.43313307303,5809675.006805061,0.7788992400397564,"i=73,j=44"
2845,347482.43313307303,5809675.006805061,0.7182531665022424,"i=73,j=45"
2846,347492.43313307303,5809675.006805061,0.5805731137637712,"i=73,j=46"
2847,347502.43313307303,5809675.006805061,0.22722467041544647,"i=73,j=47"
2848,347512.43313307303,5809675.006805061,0.31678222904114317,"i=73,j=48"
2849,347522.43313307303,5809675.006805061,0.8722314770872929,"i=73,j=49"
2850,347532.43313307303,5809675.006805061,0.7196526441090604,"i=73,j=50"
2851,347542.43313307303,5809675.006805061,0.0018868921357899637,"i=73,j=51"
2852,347552.43313307303,5809675.006805061,0.45472731712229386,"i=73,j=52"
2853,347562.43313307303,5809675.006805061,0.7538031924081086,"i=73,j=53"
2854,347572.43313307303,5809675.006805061,0.27805595371352865,"i=73,j=54"
2855,347582.43313307303,5809675.006805061,0.3512777672221241,"i=73,j=55"
2856,347592.43313307303,5809675.006805061,0.841664383606448,"i=73,j=56"
2857,347602.43313307303,5809675.006805061,0.2348654016916778,"i=73,j=57"
2858,347612.43313307303,5809675.006805061,0.053832414923080885,"i=73,j=58"
2859,347622.43313307303,5809675.006805061,0.9548707873785072,"i=73,j=59"
2860,347632.43313307303,5809675.006805061,0.14713792059971587,"i=73,j=60"
2861,347642.43313307303,5809675.006805061,0.38690751045005556,"i=73,j=61"
2862,347652.43313307303,5809675.006805061,0.44818329929221357,"i=73,j=62"
2863,347662.43313307303,5809675.006805061,0.04565181192469159,"i=73,j=63"
2864,347672.43313307303,5809675.006805061,0.009082082149291737,"i=73,j=64"
2865,347682.43313307303,5809675.006805061,0.5086285068610871,"i=73,j=65"
2866,347692.43313307303,5809675.006805061,0.9074669935012496,"i=73,j=66"
2867,347112.43313307303,5809665.006805061,0.27308600928353544,"i=74,j=8"
2868,347122.43313307303,5809665.006805061,0.501861201080222,"i=74,j=9"
2869,347132.43313307303,5809665.006805061,0.40125446578187685,"i=74,j=10"
2870,347142.43313307303,5809665.006805061,0.22669596606684306,"i=74,j=11"
2871,347152.43313307303,5809665.006805061,0.7297261843169196,"i=74,j=12"
2872,347162.43313307303,5809665.006805061,0.9910976466324515,"i=74,j=13"
2873,347172.43313307303,5809665.006805061,0.12340315597513263,"i=74,j=14"
2874,347182.43313307303,5809665.006805061,0.9407146598182563,"i=74,j=15"
2875,347192.43313307303,5809665.006805061,0.32803099572426064,"i=74,j=16"
2876,347202.43313307303,5809665.006805061,0.015442734481222686,"i=74,j=17"
2877,347212.43313307303,5809665.006805061,0.8402852775705809,"i=74,j=18"
2878,347222.43313307303,5809665.006805061,0.034823585254867395,"i=74,j=19"
2879,347232.43313307303,5809665.006805061,0.5413496651332761,"i=74,j=20"
2880,347242.43313307303,5809665.006805061,0.7008477115152487,"i=74,j=21"
2881,347252.43313307303,5809665.006805061,0.43191958659330854,"i=74,j=22"
2882,347262.43313307303,5809665.006805061,0.675367567839126,"i=74,j=23"
2883,347272.43313307303,5809665.006805061,0.025369902805360445,"i=74,j=24"
2884,347282.43313307303,5809665.006805061,0.7270355796693978,"i=74,j=25"
2885,347292.43313307303,5809665.006805061,0.7662673725261608,"i=74,j=26"
2886,347302.43313307303,5809665.006805061,0.6205450910088932,"i=74,j=27"
2887,347312.43313307303,5809665.006805061,0.5143165101094862,"i=74,j=28"
2888,347322.43313307303,5809665.006805061,0.5988887785480816,"i=74,j=29"
2889,347332.43313307303,5809665.006805061,0.0532979860962145,"i=74,j=30"
2890,347342.43313307303,5809665.006805061,0.6493150421612363,"i=74,j=31"
2891,347352.43313307303,5809665.006805061,0.3197730985917272,"i=74,j=32"
2892,347362.43313307303,5809665.006805061,0.7215625996097066,"i=74,j=33"
2893,347372.43313307303,5809665.006805061,0.5055329436150502,"i=74,j=34"
2894,347382.43313307303,5809665.006805061,0.21822806326881905,"i=74,j=35"
2895,347392.43313307303,5809665.006805061,0.31175900419706515,"i=74,j=36"
2896,347402.43313307303,5809665.006805061,0.6476079948140653,"i=74,j=37"
2897,347412.43313307303,5809665.006805061,0.5821813547678694,"i=74,j=38"
2898,347422.43313307303,5809665.006805061,0.6374995620823678,"i=74,j=39"
2899,347432.43313307303,5809665.006805061,0.6838678557736836,"i=74,j=40"
2900,347442.43313307303,5809665.006805061,0.8808624101783086,"i=74,j=41"
2901,347452.43313307303,5809665.006805061,0.02018802272561837,"i=74,j=42"
2902,347462.43313307303,5809665.006805061,0.7521295388135342,"i=74,j=43"
2903,347472.43313307303,5809665.006805061,0.8612000276350785,"i=74,j=44"
2904,347482.43313307303,5809665.006805061,0.3785591906300425,"i=74,j=45"
2905,347492.43313307303,5809665.006805061,0.5217753458276192,"i=74,j=46"
2906,347502.43313307303,5809665.006805061,0.6643754021993148,"i=74,j=47"
2907,347512.43313307303,5809665.006805061,0.528952499649901,"i=74,j=48"
2908,347522.43313307303,5809665.006805061,0.41688428872979777,"i=74,j=49"
2909,347532.43313307303,5809665.006805061,0.6752492439034918,"i=74,j=50"
2910,347542.43313307303,5809665.006805061,0.4867844848411038,"i=74,j=51"
2911,347552.43313307303,5809665.006805061,0.11016243329977193,"i=74,j=52"
2912,347562.43313307303,5809665.006805061,0.9019239832029581,"i=74,j=53"
2913,347572.43313307303,5809665.006805061,0.7920546112264657,"i=74,j=54"
2914,347582.43313307303,5809665.006805061,0.49225009494204397,"i=74,j=55"
2915,347592.43313307303,5809665.006805061,0.9040839104919148,"i=74,j=56"
2916,347602.43313307303,5809665.006805061,0.4527932841663902,"i=74,j=57"
2917,347612.43313307303,5809665.006805061,0.016685461075887864,"i=74,j=58"
2918,347622.43313307303,5809665.006805061,0.295845831897538,"i=74,j=59"
2919,347632.43313307303,5809665.006805061,0.12590422659310885,"i=74,j=60"
2920,347642.43313307303,5809665.006805061,0.8674713686008154,"i=74,j=61"
2921,347652.43313307303,5809665.006805061,0.3087976610636247,"i=74,j=62"
2922,347662.43313307303,5809665.006805061,0.8195469954566403,"i=74,j=63"
2923,347672.43313307303,5809665.006805061,0.7404973049406021,"i=74,j=64"
2924,347682.43313307303,5809665.006805061,0.49429111161180583,"i=74,j=65"
2925,347102.43313307303,5809655.006805061,0.36300228653429845,"i=75,j=7"
2926,347112.43313307303,5809655.006805061,0.045095675177178496,"i=75,j=8"
2927,347122.43313307303,5809655.006805061,0.11121242996486247,"i=75,j=9"
2928,347132.43313307303,5809655.006805061,0.6541134609227338,"i=75,j=10"
2929,347142.43313307303,5809655.006805061,0.30157051690464987,"i=75,j=11"
2930,347152.43313307303,5809655.006805061,0.96214208724905,"i=75,j=12"
2931,347162.43313307303,5809655.006805061,0.8748602085323969,"i=75,j=13"
2932,347172.43313307303,5809655.006805061,0.6829806614877066,"i=75,j=14"
2933,347182.43313307303,5809655.006805061,0.1273235639234358,"i=75,j=15"
2934,347192.43313307303,5809655.006805061,0.9358797172001115,"i=75,j=16"
2935,347202.43313307303,5809655.006805061,0.4434511618583995,"i=75,j=17"
2936,347212.43313307303,5809655.006805061,0.5604871522056483,"i=75,j=18"
2937,347222.43313307303,5809655.006805061,0.6169326298798,"i=75,j=19"
2938,347232.43313307303,5809655.006805061,0.27899024924696014,"i=75,j=20"
2939,347242.43313307303,5809655.006805061,0.00739135021955839,"i=75,j=21"
2940,347252.43313307303,5809655.006805061,0.4602042638062205,"i=75,j=22"
2941,347262.43313307303,5809655.006805061,0.4751895809538943,"i=75,j=23"
2942,347272.43313307303,5809655.006805061,0.7686851947165529,"i=75,j=24"
2943,347282.43313307303,5809655.006805061,0.8447293953516728,"i=75,j=25"
2944,347292.43313307303,5809655.006805061,0.9195397663313318,"i=75,j=26"
2945,347302.43313307303,5809655.006805061,0.6336933421529617,"i=75,j=27"
2946,347312.43313307303,5809655.006805061,0.058835553494892,"i=75,j=28"
2947,347322.43313307303,5809655.006805061,0.6419098151983701,"i=75,j=29"
2948,347332.43313307303,5809655.006805061,0.7274407832797393,"i=75,j=30"
2949,347342.43313307303,5809655.006805061,0.11741256639173725,"i=75,j=31"
2950,347352.43313307303,5809655.006805061,0.012727019310751708,"i=75,j=32"
2951,347362.43313307303,5809655.006805061,0.20526756314658523,"i=75,j=33"
2952,347372.43313307303,5809655.006805061,0.5360917169872342,"i=75,j=34"
2953,347382.43313307303,5809655.006805061,0.11413410927864143,"i=75,j=35"
2954,347392.43313307303,5809655.006805061,0.29177916884804245,"i=75,j=36"
2955,347402.43313307303,5809655.006805061,0.7003205041404018,"i=75,j=37"
2956,347412.43313307303,5809655.006805061,0.13434572179826476,"i=75,j=38"
2957,347422.43313307303,5809655.006805061,0.8061010779693352,"i=75,j=39"
2958,347432.43313307303,5809655.006805061,0.5943124209567507,"i=75,j=40"
2959,347442.43313307303,5809655.006805061,0.6004352982190639,"i=75,j=41"
2960,347452.43313307303,5809655.006805061,0.5026244497412338,"i=75,j=42"
2961,347462.43313307303,5809655.006805061,0.9114420789371246,"i=75,j=43"
2962,347472.43313307303,5809655.006805061,0.2784468788393396,"i=75,j=44"
2963,347482.43313307303,5809655.006805061,0.8705735015671417,"i=75,j=45"
2964,347492.43313307303,5809655.006805061,0.20808992465572518,"i=75,j=46"
2965,347502.43313307303,5809655.006805061,0.845528406189083,"i=75,j=47"
2966,347512.43313307303,5809655.006805061,0.5988719498314484,"i=75,j=48"
2967,347522.43313307303,5809655.006805061,0.43569052899135297,"i=75,j=49"
2968,347532.43313307303,5809655.006805061,0.812785265247514,"i=75,j=50"
2969,347542.43313307303,5809655.006805061,0.6767662381849509,"i=75,j=51"
2970,347552.43313307303,5809655.006805061,0.17436665311466248,"i=75,j=52"
2971,347562.43313307303,5809655.006805061,0.7452642485734353,"i=75,j=53"
2972,347572.43313307303,5809655.006805061,0.7418315614584503,"i=75,j=54"
2973,347582.43313307303,5809655.006805061,0.5304418994812283,"i=75,j=55"
2974,347592.43313307303,5809655.006805061,0.06124991404946922,"i=75,j=56"
2975,347602.43313307303,5809655.006805061,0.46061518609037144,"i=75,j=57"
2976,347612.43313307303,5809655.006805061,0.7024792006841799,"i=75,j=58"
2977,347622.43313307303,5809655.006805061,0.4446859639211307,"i=75,j=59"
2978,347632.43313307303,5809655.006805061,0.46109448413544707,"i=75,j=60"
2979,347642.43313307303,5809655.006805061,0.2824344013415476,"i=75,j=61"
2980,347652.43313307303,5809655.006805061,0.7240699337108922,"i=75,j=62"
2981,347662.43313307303,5809655.006805061,0.6889338937249772,"i=75,j=63"
2982,347672.43313307303,5809655.006805061,0.9449229055828112,"i=75,j=64"
2983,347682.43313307303,5809655.006805061,0.7860794764919145,"i=75,j=65"
2984,347102.43313307303,5809645.006805061,0.6101530558876157,"i=76,j=7"
2985,347112.43313307303,5809645.006805061,0.823763858183541,"i=76,j=8"
2986,347122.43313307303,5809645.006805061,0.8988657233130528,"i=76,j=9"
2987,347132.43313307303,5809645.006805061,0.951798439563552,"i=76,j=10"
2988,347142.43313307303,5809645.006805061,0.6932627040332178,"i=76,j=11"
2989,347152.43313307303,5809645.006805061,0.6151917397336406,"i=76,j=12"
2990,347162.43313307303,5809645.006805061,0.055595770152810475,"i=76,j=13"
2991,347172.43313307303,5809645.006805061,0.09054726208339792,"i=76,j=14"
2992,347182.43313307303,5809645.006805061,0.820387973767466,"i=76,j=15"
2993,347192.43313307303,5809645.006805061,0.5568634732942682,"i=76,j=16"
2994,347202.43313307303,5809645.006805061,0.2819193589957917,"i=76,j=17"
2995,347212.43313307303,5809645.006805061,0.8981332906725004,"i=76,j=18"
2996,347222.43313307303,5809645.006805061,0.07015069669194274,"i=76,j=19"
2997,347232.43313307303,5809645.006805061,0.6386618355007474,"i=76,j=20"
2998,347242.43313307303,5809645.006805061,0.39525419979735543,"i=76,j=21"
2999,347252.43313307303,5809645.006805061,0.11082707294247351,"i=76,j=22"
3000,347262.43313307303,5809645.006805061,0.3951168484005516,"i=76,j=23"
3001,347272.43313307303,5809645.006805061,0.8886643171679594,"i=76,j=24"
3002,347282.43313307303,5809645.006805061,0.9189622320152402,"i=76,j=25"
3003,347292.43313307303,5809645.006805061,0.36550245964761496,"i=76,j=26"
3004,347302.43313307303,5809645.006805061,0.929612030979035,"i=76,j=27"
3005,347312.43313307303,5809645.006805061,0.1938765628975474,"i=76,j=28"
3006,347322.43313307303,5809645.006805061,0.5832251678934322,"i=76,j=29"
3007,347332.43313307303,5809645.006805061,0.04151887088396178,"i=76,j=30"
3008,347342.43313307303,5809645.006805061,0.4345522533980526,"i=76,j=31"
3009,347352.43313307303,5809645.006805061,0.2588865567327401,"i=76,j=32"
3010,347362.43313307303,5809645.006805061,0.3002536069028465,"i=76,j=33"
3011,347372.43313307303,5809645.006805061,0.8800061888473522,"i=76,j=34"
3012,347382.43313307303,5809645.006805061,0.6351720790576141,"i=76,j=35"
3013,347392.43313307303,5809645.006805061,0.43265723434808623,"i=76,j=36"
3014,347402.43313307303,5809645.006805061,0.37474530933383565,"i=76,j=37"
3015,347412.43313307303,5809645.006805061,0.39270363700923006,"i=76,j=38"
3016,347422.43313307303,5809645.006805061,0.3466548505467054,"i=76,j=39"
3017,347432.43313307303,5809645.006805061,0.30501224639919244,"i=76,j=40"
3018,347442.43313307303,5809645.006805061,0.6542470767715006,"i=76,j=41"
3019,347452.43313307303,5809645.006805061,0.2529418449561561,"i=76,j=42"
3020,347462.43313307303,5809645.006805061,0.9260879898294245,"i=76,j=43"
3021,347472.43313307303,5809645.006805061,0.8923547429959546,"i=76,j=44"
3022,347482.43313307303,5809645.006805061,0.5930765632764322,"i=76,j=45"
3023,347492.43313307303,5809645.006805061,0.5611000215969995,"i=76,j=46"
3024,347502.43313307303,5809645.006805061,0.7336635913005174,"i=76,j=47"
3025,347512.43313307303,5809645.006805061,0.6689958550034732,"i=76,j=48"
3026,347522.43313307303,5809645.006805061,0.9752773932952394,"i=76,j=49"
3027,347532.43313307303,5809645.006805061,0.18810704057711403,"i=76,j=50"
3028,347542.43313307303,5809645.006805061,0.282605899228619,"i=76,j=51"
3029,347552.43313307303,5809645.006805061,0.022912937109074938,"i=76,j=52"
3030,347562.43313307303,5809645.006805061,0.1741035607844036,"i=76,j=53"
3031,347572.43313307303,5809645.006805061,0.448374269844123,"i=76,j=54"
3032,347582.43313307303,5809645.006805061,0.5442326523012458,"i=76,j=55"
3033,347592.43313307303,5809645.006805061,0.6955686197132028,"i=76,j=56"
3034,347602.43313307303,5809645.006805061,0.6062093076251754,"i=76,j=57"
3035,347612.43313307303,5809645.006805061,0.6404501760306729,"i=76,j=58"
3036,347622.43313307303,5809645.006805061,0.6219633410518663,"i=76,j=59"
3037,347632.43313307303,5809645.006805061,0.2730491168607748,"i=76,j=60"
3038,347642.43313307303,5809645.006805061,0.8825843763293475,"i=76,j=61"
3039,347652.43313307303,5809645.006805061,0.8971246496306754,"i=76,j=62"
3040,347662.43313307303,5809645.006805061,0.017912540320410897,"i=76,j=63"
3041,347672.43313307303,5809645.006805061,0.29393657519301564,"i=76,j=64"
3042,347682.43313307303,5809645.006805061,0.4325611977716157,"i=76,j=65"
3043,347102.43313307303,5809635.006805061,0.5636751800105888,"i=77,j=7"
3044,347112.43313307303,5809635.006805061,0.7012275620949524,"i=77,j=8"
3045,347122.43313307303,5809635.006805061,0.8401173411723322,"i=77,j=9"
3046,347132.43313307303,5809635.006805061,0.6723586262889348,"i=77,j=10"
3047,347142.43313307303,5809635.006805061,0.8419696684316259,"i=77,j=11"
3048,347152.43313307303,5809635.006805061,0.4017805894555405,"i=77,j=12"
3049,347162.43313307303,5809635.006805061,0.7710629835156021,"i=77,j=13"
3050,347172.43313307303,5809635.006805061,0.6258706397624304,"i=77,j=14"
3051,347182.43313307303,5809635.006805061,0.06582479267358765,"i=77,j=15"
3052,347192.43313307303,5809635.006805061,0.8368655270441121,"i=77,j=16"
3053,347202.43313307303,5809635.006805061,0.112070327118038,"i=77,j=17"
3054,347212.43313307303,5809635.006805061,0.8349332950912691,"i=77,j=18"
3055,347222.43313307303,5809635.006805061,0.679217499518502,"i=77,j=19"
3056,347232.43313307303,5809635.006805061,0.3772481031581242,"i=77,j=20"
3057,347242.43313307303,5809635.006805061,0.3202464881958512,"i=77,j=21"
3058,347252.43313307303,5809635.006805061,0.8310246068315208,"i=77,j=22"
3059,347262.43313307303,5809635.006805061,0.7013231475820935,"i=77,j=23"
3060,347272.43313307303,5809635.006805061,0.8364498302262505,"i=77,j=24"
3061,347282.43313307303,5809635.006805061,0.7498461363927462,"i=77,j=25"
3062,347292.43313307303,5809635.006805061,0.72851232215917,"i=77,j=26"
3063,347302.43313307303,5809635.006805061,0.8892816208560764,"i=77,j=27"
3064,347312.43313307303,5809635.006805061,0.28686930143905,"i=77,j=28"
3065,347322.43313307303,5809635.006805061,0.7972926658398843,"i=77,j=29"
3066,347332.43313307303,5809635.006805061,0.1756852800984684,"i=77,j=30"
3067,347342.43313307303,5809635.006805061,0.7915363970847127,"i=77,j=31"
3068,347352.43313307303,5809635.006805061,0.7324969834982682,"i=77,j=32"
3069,347362.43313307303,5809635.006805061,0.055217915533718354,"i=77,j=33"
3070,347372.43313307303,5809635.006805061,0.7992316227861137,"i=77,j=34"
3071,347382.43313307303,5809635.006805061,0.08064249252212297,"i=77,j=35"
3072,347392.43313307303,5809635.006805061,0.025577136844645243,"i=77,j=36"
3073,347402.43313307303,5809635.006805061,0.5897288995033934,"i=77,j=37"
3074,347412.43313307303,5809635.006805061,0.7411161704883416,"i=77,j=38"
3075,347422.43313307303,5809635.006805061,0.4903513214036509,"i=77,j=39"
3076,347432.43313307303,5809635.006805061,0.7951089409445508,"i=77,j=40"
3077,347442.43313307303,5809635.006805061,0.9645080673315934,"i=77,j=41"
3078,347452.43313307303,5809635.006805061,0.10997900321412757,"i=77,j=42"
3079,347462.43313307303,5809635.006805061,0.1511470450306035,"i=77,j=43"
3080,347472.43313307303,5809635.006805061,0.0749634554110048,"i=77,j=44"
3081,347482.43313307303,5809635.006805061,0.24893536029719066,"i=77,j=45"
3082,347492.43313307303,5809635.006805061,0.18708303663130388,"i=77,j=46"
3083,347502.43313307303,5809635.006805061,0.93795334771115,"i=77,j=47"
3084,347512.43313307303,5809635.006805061,0.17501066115029829,"i=77,j=48"
3085,347522.43313307303,5809635.006805061,0.3191468221029886,"i=77,j=49"
3086,347532.43313307303,5809635.006805061,0.4833508654002353,"i=77,j=50"
3087,347542.43313307303,5809635.006805061,0.2594638259939458,"i=77,j=51"
3088,347552.43313307303,5809635.006805061,0.7394997414752178,"i=77,j=52"
3089,347562.43313307303,5809635.006805061,0.06408639126341831,"i=77,j=53"
3090,347572.43313307303,5809635.006805061,0.14100632190522666,"i=77,j=54"
3091,347582.43313307303,5809635.006805061,0.12994158576715276,"i=77,j=55"
3092,347592.43313307303,5809635.006805061,0.9715166626868817,"i=77,j=56"
3093,347602.43313307303,5809635.006805061,0.28138945984400043,"i=77,j=57"
3094,347612.43313307303,5809635.006805061,0.3708148499132917,"i=77,j=58"
3095,347622.43313307303,5809635.006805061,0.10911028220855357,"i=77,j=59"
3096,347632.43313307303,5809635.006805061,0.260515540566877,"i=77,j=60"
3097,347642.43313307303,5809635.006805061,0.18819220646546708,"i=77,j=61"
3098,347652.43313307303,5809635.006805061,0.8889062118551824,"i=77,j=62"
3099,347662.43313307303,5809635.006805061,0.29817886693514095,"i=77,j=63"
3100,347672.43313307303,5809635.006805061,0.7649904724126586,"i=77,j=64"
3101,347682.43313307303,5809635.006805061,0.3555279806973738,"i=77,j=65"
3102,347092.43313307303,5809625.006805061,0.11364880637736896,"i=78,j=6"
3103,347102.43313307303,5809625.006805061,0.5749084359254371,"i=78,j=7"
3104,347112.43313307303,5809625.006805061,0.3665390428755695,"i=78,j=8"
3105,347122.43313307303,5809625.006805061,0.7145515529750027,"i=78,j=9"
3106,347132.43313307303,5809625.006805061,0.8192473379316111,"i=78,j=10"
3107,347142.43313307303,5809625.006805061,0.036577520412413134,"i=78,j=11"
3108,347152.43313307303,5809625.006805061,0.3334345916085937,"i=78,j=12"
3109,347162.43313307303,5809625.006805061,0.5413253189562313,"i=78,j=13"
3110,347172.43313307303,5809625.006805061,0.9647063518998746,"i=78,j=14"
3111,347182.43313307303,5809625.006805061,0.11313444855622468,"i=78,j=15"
3112,347192.43313307303,5809625.006805061,0.9203177764225949,"i=78,j=16"
3113,347202.43313307303,5809625.006805061,0.6388833008201746,"i=78,j=17"
3114,347212.43313307303,5809625.006805061,0.9595859216677186,"i=78,j=18"
3115,347222.43313307303,5809625.006805061,0.14012518665412999,"i=78,j=19"
3116,347232.43313307303,5809625.006805061,0.588045344102445,"i=78,j=20"
3117,347242.43313307303,5809625.006805061,0.6648044942376907,"i=78,j=21"
3118,347252.43313307303,5809625.006805061,0.24491831133463615,"i=78,j=22"
3119,347262.43313307303,5809625.006805061,0.9613259324482453,"i=78,j=23"
3120,347272.43313307303,5809625.006805061,0.3298978794843621,"i=78,j=24"
3121,347282.43313307303,5809625.006805061,0.9666288316358828,"i=78,j=25"
3122,347292.43313307303,5809625.006805061,0.957170546801051,"i=78,j=26"
3123,347302.43313307303,5809625.006805061,0.5211161920065567,"i=78,j=27"
3124,347312.43313307303,5809625.006805061,0.023269624043115833,"i=78,j=28"
3125,347322.43313307303,5809625.006805061,0.4292584363199776,"i=78,j=29"
3126,347332.43313307303,5809625.006805061,0.840124692983171,"i=78,j=30"
3127,347342.43313307303,5809625.006805061,0.7596385817676656,"i=78,j=31"
3128,347352.43313307303,5809625.006805061,0.3359089794155208,"i=78,j=32"
3129,347362.43313307303,5809625.006805061,0.3216927076451087,"i=78,j=33"
3130,347372.43313307303,5809625.006805061,0.5453231001027621,"i=78,j=34"
3131,347382.43313307303,5809625.006805061,0.143071662082061,"i=78,j=35"
3132,347392.43313307303,5809625.006805061,0.21859787880166615,"i=78,j=36"
3133,347402.43313307303,5809625.006805061,0.9944304678592664,"i=78,j=37"
3134,347412.43313307303,5809625.006805061,0.7995436941072656,"i=78,j=38"
3135,347422.43313307303,5809625.006805061,0.4639531074054071,"i=78,j=39"
3136,347432.43313307303,5809625.006805061,0.16051504163082086,"i=78,j=40"
3137,347442.43313307303,5809625.006805061,0.6309948210104254,"i=78,j=41"
3138,347452.43313307303,5809625.006805061,0.43068143000208303,"i=78,j=42"
3139,347462.43313307303,5809625.006805061,0.9828446082453175,"i=78,j=43"
3140,347472.43313307303,5809625.006805061,0.3633117243738153,"i=78,j=44"
3141,347482.43313307303,5809625.006805061,0.5616640110857143,"i=78,j=45"
3142,347492.43313307303,5809625.006805061,0.7854628148094109,"i=78,j=46"
3143,347502.43313307303,5809625.006805061,0.06248729381870155,"i=78,j=47"
3144,347512.43313307303,5809625.006805061,0.14500684266819097,"i=78,j=48"
3145,347522.43313307303,5809625.006805061,0.17409286743302155,"i=78,j=49"
3146,347532.43313307303,5809625.006805061,0.43932609943524226,"i=78,j=50"
3147,347542.43313307303,5809625.006805061,0.3076258377451412,"i=78,j=51"
3148,347552.43313307303,5809625.006805061,0.9435987322530677,"i=78,j=52"
3149,347562.43313307303,5809625.006805061,0.05729235917665498,"i=78,j=53"
3150,347572.43313307303,5809625.006805061,0.06729567210488097,"i=78,j=54"
3151,347582.43313307303,5809625.006805061,0.7065298303121065,"i=78,j=55"
3152,347592.43313307303,5809625.006805061,0.3309105767207934,"i=78,j=56"
3153,347602.43313307303,5809625.006805061,0.2420161316526781,"i=78,j=57"
3154,347612.43313307303,5809625.006805061,0.0690063272056598,"i=78,j=58"
3155,347622.43313307303,5809625.006805061,0.46598804243389746,"i=78,j=59"
3156,347632.43313307303,5809625.006805061,0.9241943088116166,"i=78,j=60"
3157,347642.43313307303,5809625.006805061,0.10140491560389375,"i=78,j=61"
3158,347652.43313307303,5809625.006805061,0.5786357472577432,"i=78,j=62"
3159,347662.43313307303,5809625.006805061,0.481861336115191,"i=78,j=63"
3160,347672.43313307303,5809625.006805061,0.06450882258001167,"i=78,j=64"
3161,347682.43313307303,5809625.006805061,0.3760427424054861,"i=78,j=65"
3162,347092.43313307303,5809615.006805061,0.1605598609126333,"i=79,j=6"
3163,347102.43313307303,5809615.006805061,0.6857725094018849,"i=79,j=7"
3164,347112.43313307303,5809615.006805061,0.34776438207455707,"i=79,j=8"
3165,347122.43313307303,5809615.006805061,0.487928771213076,"i=79,j=9"
3166,347132.43313307303,5809615.006805061,0.37696438738589044,"i=79,j=10"
3167,347142.43313307303,5809615.006805061,0.5307544214340816,"i=79,j=11"
3168,347152.43313307303,5809615.006805061,0.20029862649982744,"i=79,j=12"
3169,347162.43313307303,5809615.006805061,0.17991992661950207,"i=79,j=13"
3170,347172.43313307303,5809615.006805061,0.8814421360381639,"i=79,j=14"
3171,347182.43313307303,5809615.006805061,0.6318400228672996,"i=79,j=15"
3172,347192.43313307303,5809615.006805061,0.8030460817207951,"i=79,j=16"
3173,347202.43313307303,5809615.006805061,0.20906517877386266,"i=79,j=17"
3174,347212.43313307303,5809615.006805061,0.043946191739999585,"i=79,j=18"
3175,347222.43313307303,5809615.006805061,0.8352650121276292,"i=79,j=19"
3176,347232.43313307303,5809615.006805061,0.059397269683416076,"i=79,j=20"
3177,347242.43313307303,5809615.006805061,0.9504658780946487,"i=79,j=21"
3178,347252.43313307303,5809615.006805061,0.0443220168933276,"i=79,j=22"
3179,347262.43313307303,5809615.006805061,0.7406318480021562,"i=79,j=23"
3180,347272.43313307303,5809615.006805061,0.9188235284625406,"i=79,j=24"
3181,347282.43313307303,5809615.006805061,0.6929203766129671,"i=79,j=25"
3182,347292.43313307303,5809615.006805061,0.2992551380186852,"i=79,j=26"
3183,347302.43313307303,5809615.006805061,0.20942422584539422,"i=79,j=27"
3184,347312.43313307303,5809615.006805061,0.7874471667168639,"i=79,j=28"
3185,347322.43313307303,5809615.006805061,0.5594559550407774,"i=79,j=29"
3186,347332.43313307303,5809615.006805061,0.572084940799603,"i=79,j=30"
3187,347342.43313307303,5809615.006805061,0.06058409294588463,"i=79,j=31"
3188,347352.43313307303,5809615.006805061,0.30533912009208797,"i=79,j=32"
3189,347362.43313307303,5809615.006805061,0.2722033339675066,"i=79,j=33"
3190,347372.43313307303,5809615.006805061,0.6695748826525517,"i=79,j=34"
3191,347382.43313307303,5809615.006805061,0.693501498572287,"i=79,j=35"
3192,347392.43313307303,5809615.006805061,0.44313700356124064,"i=79,j=36"
3193,347402.43313307303,5809615.006805061,0.4478916184914722,"i=79,j=37"
3194,347412.43313307303,5809615.006805061,0.9965192162590124,"i=79,j=38"
3195,347422.43313307303,5809615.006805061,0.59245309202256,"i=79,j=39"
3196,347432.43313307303,5809615.006805061,0.7539645628084588,"i=79,j=40"
3197,347442.43313307303,5809615.006805061,0.004317211548772959,"i=79,j=41"
3198,347452.43313307303,5809615.006805061,0.6526284100798326,"i=79,j=42"
3199,347462.43313307303,5809615.006805061,0.43511033417516254,"i=79,j=43"
3200,347472.43313307303,5809615.006805061,0.0784144546849721,"i=79,j=44"
3201,347482.43313307303,5809615.006805061,0.7926187720491373,"i=79,j=45"
3202,347492.43313307303,5809615.006805061,0.3421210136422751,"i=79,j=46"
3203,347502.43313307303,5809615.006805061,0.40467545629232016,"i=79,j=47"
3204,347512.43313307303,5809615.006805061,0.535792506469311,"i=79,j=48"
3205,347522.43313307303,5809615.006805061,0.27463719833365174,"i=79,j=49"
3206,347532.43313307303,5809615.006805061,0.07572382606318118,"i=79,j=50"
3207,347542.43313307303,5809615.006805061,0.6379097135765716,"i=79,j=51"
3208,347552.43313307303,5809615.006805061,0.8325516252245735,"i=79,j=52"
3209,347562.43313307303,5809615.006805061,0.8586604040300625,"i=79,j=53"
3210,347572.43313307303,5809615.006805061,0.5995189034010485,"i=79,j=54"
3211,347582.43313307303,5809615.006805061,0.26488317564329245,"i=79,j=55"
3212,347592.43313307303,5809615.006805061,0.8773525691780842,"i=79,j=56"
3213,347602.43313307303,5809615.006805061,0.8878665745012353,"i=79,j=57"
3214,347612.43313307303,5809615.006805061,0.506953225201242,"i=79,j=58"
3215,347622.43313307303,5809615.006805061,0.3879882583705434,"i=79,j=59"
3216,347632.43313307303,5809615.006805061,0.10185598004345531,"i=79,j=60"
3217,347642.43313307303,5809615.006805061,0.3888615135337459,"i=79,j=61"
3218,347652.43313307303,5809615.006805061,0.988888200304015,"i=79,j=62"
3219,347662.43313307303,5809615.006805061,0.07549802334163447,"i=79,j=63"
3220,347672.43313307303,5809615.006805061,0.7441078450855303,"i=79,j=64"
3221,347092.43313307303,5809605.006805061,0.43947367626700895,"i=80,j=6"
3222,347102.43313307303,5809605.006805061,0.6880952752061096,"i=80,j=7"
3223,347112.43313307303,5809605.006805061,0.4379230337260691,"i=80,j=8"
3224,347122.43313307303,5809605.006805061,0.037207429287851035,"i=80,j=9"
3225,347132.43313307303,5809605.006805061,0.883487735677285,"i=80,j=10"
3226,347142.43313307303,5809605.006805061,0.12406411449194299,"i=80,j=11"
3227,347152.43313307303,5809605.006805061,0.33852310308445455,"i=80,j=12"
3228,347162.43313307303,5809605.006805061,0.8516188152436104,"i=80,j=13"
3229,347172.43313307303,5809605.006805061,0.9978744425832288,"i=80,j=14"
3230,347182.43313307303,5809605.006805061,0.4837013774065535,"i=80,j=15"
3231,347192.43313307303,5809605.006805061,0.7470932005755848,"i=80,j=16"
3232,347202.43313307303,5809605.006805061,0.08818737134310761,"i=80,j=17"
3233,347212.43313307303,5809605.006805061,0.7016051833010989,"i=80,j=18"
3234,347222.43313307303,5809605.006805061,0.6988686519613846,"i=80,j=19"
3235,347232.43313307303,5809605.006805061,0.40181985689461786,"i=80,j=20"
3236,347242.43313307303,5809605.006805061,0.9825072115719692,"i=80,j=21"
3237,347252.43313307303,5809605.006805061,0.7528799363466159,"i=80,j=22"
3238,347262.43313307303,5809605.006805061,0.19726150546564192,"i=80,j=23"
3239,347272.43313307303,5809605.006805061,0.7935988612239443,"i=80,j=24"
3240,347282.43313307303,5809605.006805061,0.5004307742855909,"i=80,j=25"
3241,347292.43313307303,5809605.006805061,0.6287635366503194,"i=80,j=26"
3242,347302.43313307303,5809605.006805061,0.8981388891347247,"i=80,j=27"
3243,347312.43313307303,5809605.006805061,0.06931891765088305,"i=80,j=28"
3244,347322.43313307303,5809605.006805061,0.038866544136827,"i=80,j=29"
3245,347332.43313307303,5809605.006805061,0.08775982522609027,"i=80,j=30"
3246,347342.43313307303,5809605.006805061,0.5664024300172383,"i=80,j=31"
3247,347352.43313307303,5809605.006805061,0.37484731204022237,"i=80,j=32"
3248,347362.43313307303,5809605.006805061,0.7526168480835707,"i=80,j=33"
3249,347372.43313307303,5809605.006805061,0.4345556642084063,"i=80,j=34"
3250,347382.43313307303,5809605.006805061,0.6490251893697173,"i=80,j=35"
3251,347392.43313307303,5809605.006805061,0.4048233346653135,"i=80,j=36"
3252,347402.43313307303,5809605.006805061,0.34477744478074857,"i=80,j=37"
3253,347412.43313307303,5809605.006805061,0.18690272939916075,"i=80,j=38"
3254,347422.43313307303,5809605.006805061,0.8521534318141999,"i=80,j=39"
3255,347432.43313307303,5809605.006805061,0.0947644156167532,"i=80,j=40"
3256,347442.43313307303,5809605.006805061,0.3968964178166122,"i=80,j=41"
3257,347452.43313307303,5809605.006805061,0.1465082088163162,"i=80,j=42"
3258,347462.43313307303,5809605.006805061,0.6945183387385068,"i=80,j=43"
3259,347472.43313307303,5809605.006805061,0.5523668932624757,"i=80,j=44"
3260,347482.43313307303,5809605.006805061,0.9028020015961208,"i=80,j=45"
3261,347492.43313307303,5809605.006805061,0.8534756825524671,"i=80,j=46"
3262,347502.43313307303,5809605.006805061,0.4146880204413025,"i=80,j=47"
3263,347512.43313307303,5809605.006805061,0.48727560298901385,"i=80,j=48"
3264,347522.43313307303,5809605.006805061,0.4754639427144799,"i=80,j=49"
3265,347532.43313307303,5809605.006805061,0.4048515194403155,"i=80,j=50"
3266,347542.43313307303,5809605.006805061,0.13383619584735784,"i=80,j=51"
3267,347552.43313307303,5809605.006805061,0.10816726823941836,"i=80,j=52"
3268,347562.43313307303,5809605.006805061,0.6249779167512294,"i=80,j=53"
3269,347572.43313307303,5809605.006805061,0.28521822184121326,"i=80,j=54"
3270,347582.43313307303,5809605.006805061,0.25610262118532745,"i=80,j=55"
3271,347592.43313307303,5809605.006805061,0.43988127354390383,"i=80,j=56"
3272,347602.43313307303,5809605.006805061,0.7522198325679822,"i=80,j=57"
3273,347612.43313307303,5809605.006805061,0.07357315805330034,"i=80,j=58"
3274,347622.43313307303,5809605.006805061,0.4614633586910085,"i=80,j=59"
3275,347632.43313307303,5809605.006805061,0.008313548977976315,"i=80,j=60"
3276,347642.43313307303,5809605.006805061,0.8393065374983256,"i=80,j=61"
3277,347652.43313307303,5809605.006805061,0.5830033759137848,"i=80,j=62"
3278,347662.43313307303,5809605.006805061,0.14956603620053144,"i=80,j=63"
3279,347672.43313307303,5809605.006805061,0.29427802525612057,"i=80,j=64"
3280,347082.43313307303,5809595.006805061,0.4800366103455853,"i=81,j=5"
3281,347092.43313307303,5809595.006805061,0.33819483929339234,"i=81,j=6"
3282,347102.43313307303,5809595.006805061,0.13935791889287608,"i=81,j=7"
3283,347112.43313307303,5809595.006805061,0.6110925056751709,"i=81,j=8"
3284,347122.43313307303,5809595.006805061,0.6903640456454727,"i=81,j=9"
3285,347132.43313307303,5809595.006805061,0.09964172665476012,"i=81,j=10"
3286,347142.43313307303,5809595.006805061,0.15324065552723387,"i=81,j=11"
3287,347152.43313307303,5809595.006805061,0.4374879856181587,"i=81,j=12"
3288,347162.43313307303,5809595.006805061,0.17223950004851074,"i=81,j=13"
3289,347172.43313307303,5809595.006805061,0.7063612280949909,"i=81,j=14"
3290,347182.43313307303,5809595.006805061,0.8777389351369613,"i=81,j=15"
3291,347192.43313307303,5809595.006805061,0.526667274607277,"i=81,j=16"
3292,347202.43313307303,5809595.006805061,0.11162424063489484,"i=81,j=17"
3293,347212.43313307303,5809595.006805061,0.6395110903830081,"i=81,j=18"
3294,347222.43313307303,5809595.006805061,0.2013443034035356,"i=81,j=19"
3295,347232.43313307303,5809595.006805061,0.2697623427305291,"i=81,j=20"
3296,347242.43313307303,5809595.006805061,0.7023032170202443,"i=81,j=21"
3297,347252.43313307303,5809595.006805061,0.881878758188854,"i=81,j=22"
3298,347262.43313307303,5809595.006805061,0.7364250932110724,"i=81,j=23"
3299,347272.43313307303,5809595.006805061,0.42915886774995304,"i=81,j=24"
3300,347282.43313307303,5809595.006805061,0.8237011837278031,"i=81,j=25"
3301,347292.43313307303,5809595.006805061,0.5810783578412034,"i=81,j=26"
3302,347302.43313307303,5809595.006805061,0.2496004192475293,"i=81,j=27"
3303,347312.43313307303,5809595.006805061,0.03882357484576748,"i=81,j=28"
3304,347322.43313307303,5809595.006805061,0.837499880515638,"i=81,j=29"
3305,347332.43313307303,5809595.006805061,0.20526208377500865,"i=81,j=30"
3306,347342.43313307303,5809595.006805061,0.4749096200495546,"i=81,j=31"
3307,347352.43313307303,5809595.006805061,0.1344293457491541,"i=81,j=32"
3308,347362.43313307303,5809595.006805061,0.1674186672547393,"i=81,j=33"
3309,347372.43313307303,5809595.006805061,0.726569902984208,"i=81,j=34"
3310,347382.43313307303,5809595.006805061,0.7456369886593074,"i=81,j=35"
3311,347392.43313307303,5809595.006805061,0.6332128758258592,"i=81,j=36"
3312,347402.43313307303,5809595.006805061,0.8256201816356868,"i=81,j=37"
3313,347412.43313307303,5809595.006805061,0.5339946160131553,"i=81,j=38"
3314,347422.43313307303,5809595.006805061,0.34122225475382584,"i=81,j=39"
3315,347432.43313307303,5809595.006805061,0.9121052237568785,"i=81,j=40"
3316,347442.43313307303,5809595.006805061,0.3465244978289951,"i=81,j=41"
3317,347452.43313307303,5809595.006805061,0.29329681516273487,"i=81,j=42"
3318,347462.43313307303,5809595.006805061,0.579723404235388,"i=81,j=43"
3319,347472.43313307303,5809595.006805061,0.02629751838594241,"i=81,j=44"
3320,347482.43313307303,5809595.006805061,0.4212876153582831,"i=81,j=45"
3321,347492.43313307303,5809595.006805061,0.5308637307521592,"i=81,j=46"
3322,347502.43313307303,5809595.006805061,0.011197784910761621,"i=81,j=47"
3323,347512.43313307303,5809595.006805061,0.5760797449092654,"i=81,j=48"
3324,347522.43313307303,5809595.006805061,0.6647636934609256,"i=81,j=49"
3325,347532.43313307303,5809595.006805061,0.8811607683951608,"i=81,j=50"
3326,347542.43313307303,5809595.006805061,0.4032323859844159,"i=81,j=51"
3327,347552.43313307303,5809595.006805061,0.016759361565645725,"i=81,j=52"
3328,347562.43313307303,5809595.006805061,0.7596700869016799,"i=81,j=53"
3329,347572.43313307303,5809595.006805061,0.2591579888418327,"i=81,j=54"
3330,347582.43313307303,5809595.006805061,0.777404230094089,"i=81,j=55"
3331,347592.43313307303,5809595.006805061,0.2062109397201607,"i=81,j=56"
3332,347602.43313307303,5809595.006805061,0.5248392131583305,"i=81,j=57"
3333,347612.43313307303,5809595.006805061,0.09113775718722472,"i=81,j=58"
3334,347622.43313307303,5809595.006805061,0.6904591330719821,"i=81,j=59"
3335,347632.43313307303,5809595.006805061,0.5862873505062226,"i=81,j=60"
3336,347642.43313307303,5809595.006805061,0.44763614832462295,"i=81,j=61"
3337,347652.43313307303,5809595.006805061,0.8155328627689452,"i=81,j=62"
3338,347662.43313307303,5809595.006805061,0.9129672970821479,"i=81,j=63"
3339,347672.43313307303,5809595.006805061,0.43819876940253655,"i=81,j=64"
3340,347082.43313307303,5809585.006805061,0.5608154197882742,"i=82,j=5"
3341,347092.43313307303,5809585.006805061,0.34510139794323114,"i=82,j=6"
3342,347102.43313307303,5809585.006805061,0.6892155784294649,"i=82,j=7"
3343,347112.43313307303,5809585.006805061,0.8596329691960601,"i=82,j=8"
3344,347122.43313307303,5809585.006805061,0.30009492633555523,"i=82,j=9"
3345,347132.43313307303,5809585.006805061,0.8159149754756014,"i=82,j=10"
3346,347142.43313307303,5809585.006805061,0.09992303901809307,"i=82,j=11"
3347,347152.43313307303,5809585.006805061,0.9737892859758096,"i=82,j=12"
3348,347162.43313307303,5809585.006805061,0.615977276271162,"i=82,j=13"
3349,347172.43313307303,5809585.006805061,0.9317337483598986,"i=82,j=14"
3350,347182.43313307303,5809585.006805061,0.6337471495288821,"i=82,j=15"
3351,347192.43313307303,5809585.006805061,0.8363777743431969,"i=82,j=16"
3352,347202.43313307303,5809585.006805061,0.298018003066401,"i=82,j=17"
3353,347212.43313307303,5809585.006805061,0.6506211795581828,"i=82,j=18"
3354,347222.43313307303,5809585.006805061,0.953621017252752,"i=82,j=19"
3355,347232.43313307303,5809585.006805061,0.2730334219869991,"i=82,j=20"
3356,347242.43313307303,5809585.006805061,0.08128241319176288,"i=82,j=21"
3357,347252.43313307303,5809585.006805061,0.9178978839598804,"i=82,j=22"
3358,347262.43313307303,5809585.006805061,0.9681521803031875,"i=82,j=23"
3359,347272.43313307303,5809585.006805061,0.7721891051872937,"i=82,j=24"
3360,347282.43313307303,5809585.006805061,0.8897463693212193,"i=82,j=25"
3361,347292.43313307303,5809585.006805061,0.6834313294343493,"i=82,j=26"
3362,347302.43313307303,5809585.006805061,0.05446180732737593,"i=82,j=27"
3363,347312.43313307303,5809585.006805061,0.8503101752504441,"i=82,j=28"
3364,347322.43313307303,5809585.006805061,0.9610116350032163,"i=82,j=29"
3365,347332.43313307303,5809585.006805061,0.7009404925801133,"i=82,j=30"
3366,347342.43313307303,5809585.006805061,0.1092143629364073,"i=82,j=31"
3367,347352.43313307303,5809585.006805061,0.5258091288502779,"i=82,j=32"
3368,347362.43313307303,5809585.006805061,0.14508567049032228,"i=82,j=33"
3369,347372.43313307303,5809585.006805061,0.7701132460724576,"i=82,j=34"
3370,347382.43313307303,5809585.006805061,0.4376648028846589,"i=82,j=35"
3371,347392.43313307303,5809585.006805061,0.4051731876704473,"i=82,j=36"
3372,347402.43313307303,5809585.006805061,0.9672275947146272,"i=82,j=37"
3373,347412.43313307303,5809585.006805061,0.48533463876835803,"i=82,j=38"
3374,347422.43313307303,5809585.006805061,0.026604671730410034,"i=82,j=39"
3375,347432.43313307303,5809585.006805061,0.1282259991742084,"i=82,j=40"
3376,347442.43313307303,5809585.006805061,0.07730904179905984,"i=82,j=41"
3377,347452.43313307303,5809585.006805061,0.805786526507755,"i=82,j=42"
3378,347462.43313307303,5809585.006805061,0.8168701532585998,"i=82,j=43"
3379,347472.43313307303,5809585.006805061,0.17120547189830182,"i=82,j=44"
3380,347482.43313307303,5809585.006805061,0.010111343954828045,"i=82,j=45"
3381,347492.43313307303,5809585.006805061,0.937585295965566,"i=82,j=46"
3382,347502.43313307303,5809585.006805061,0.6871214198422178,"i=82,j=47"
3383,347512.43313307303,5809585.006805061,0.5090544250777845,"i=82,j=48"
3384,347522.43313307303,5809585.006805061,0.4960915712610935,"i=82,j=49"
3385,347532.43313307303,5809585.006805061,0.2689305816439638,"i=82,j=50"
3386,347542.43313307303,5809585.006805061,0.7317524108796294,"i=82,j=51"
3387,347552.43313307303,5809585.006805061,0.9328354083296894,"i=82,j=52"
3388,347562.43313307303,5809585.006805061,0.9291768290992489,"i=82,j=53"
3389,347572.43313307303,5809585.006805061,0.45164319567744104,"i=82,j=54"
3390,347582.43313307303,5809585.006805061,0.6463099930218688,"i=82,j=55"
3391,347592.43313307303,5809585.006805061,0.11322805773892264,"i=82,j=56"
3392,347602.43313307303,5809585.006805061,0.8876666936451195,"i=82,j=57"
3393,347612.43313307303,5809585.006805061,0.5693348711102636,"i=82,j=58"
3394,347622.43313307303,5809585.006805061,0.3146558994204194,"i=82,j=59"
3395,347632.43313307303,5809585.006805061,0.03487684071723429,"i=82,j=60"
3396,347642.43313307303,5809585.006805061,0.5961371242539102,"i=82,j=61"
3397,347652.43313307303,5809585.006805061,0.5920491930680049,"i=82,j=62"
3398,347662.43313307303,5809585.006805061,0.7635563563523974,"i=82,j=63"
3399,347672.43313307303,5809585.006805061,0.31701744344520333,"i=82,j=64"
3400,347082.43313307303,5809575.006805061,0.09724129405874737,"i=83,j=5"
3401,347092.43313307303,5809575.006805061,0.9801649522064144,"i=83,j=6"
3402,347102.43313307303,5809575.006805061,0.23115457532877004,"i=83,j=7"
3403,347112.43313307303,5809575.006805061,0.018784386193614777,"i=83,j=8"
3404,347122.43313307303,5809575.006805061,0.8210694967557073,"i=83,j=9"
3405,347132.43313307303,5809575.006805061,0.9295221883004476,"i=83,j=10"
3406,347142.43313307303,5809575.006805061,0.3521444011631384,"i=83,j=11"
3407,347152.43313307303,5809575.006805061,0.9121970246118859,"i=83,j=12"
3408,347162.43313307303,5809575.006805061,0.6538133200901008,"i=83,j=13"
3409,347172.43313307303,5809575.006805061,0.012924572871171991,"i=83,j=14"
3410,347182.43313307303,5809575.006805061,0.8825526199197623,"i=83,j=15"
3411,347192.43313307303,5809575.006805061,0.18789695355560843,"i=83,j=16"
3412,347202.43313307303,5809575.006805061,0.06608809489772205,"i=83,j=17"
3413,347212.43313307303,5809575.006805061,0.6119295572858313,"i=83,j=18"
3414,347222.43313307303,5809575.006805061,0.6375584311886676,"i=83,j=19"
3415,347232.43313307303,5809575.006805061,0.022625165288959193,"i=83,j=20"
3416,347242.43313307303,5809575.006805061,0.3423221383470537,"i=83,j=21"
3417,347252.43313307303,5809575.006805061,0.9578882642125773,"i=83,j=22"
3418,347262.43313307303,5809575.006805061,0.3140537497984579,"i=83,j=23"
3419,347272.43313307303,5809575.006805061,0.02087550075554878,"i=83,j=24"
3420,347282.43313307303,5809575.006805061,0.23222727636702412,"i=83,j=25"
3421,347292.43313307303,5809575.006805061,0.6529101433059263,"i=83,j=26"
3422,347302.43313307303,5809575.006805061,0.28554071871503905,"i=83,j=27"
3423,347312.43313307303,5809575.006805061,0.10959389250285378,"i=83,j=28"
3424,347322.43313307303,5809575.006805061,0.01870614713716534,"i=83,j=29"
3425,347332.43313307303,5809575.006805061,0.40493790158086007,"i=83,j=30"
3426,347342.43313307303,5809575.006805061,0.08524619815674961,"i=83,j=31"
3427,347352.43313307303,5809575.006805061,0.535870712770644,"i=83,j=32"
3428,347362.43313307303,5809575.006805061,0.02200351489160901,"i=83,j=33"
3429,347372.43313307303,5809575.006805061,0.5704181901142398,"i=83,j=34"
3430,347382.43313307303,5809575.006805061,0.5154618003754886,"i=83,j=35"
3431,347392.43313307303,5809575.006805061,0.8903283269753411,"i=83,j=36"
3432,347402.43313307303,5809575.006805061,0.5483380344429106,"i=83,j=37"
3433,347412.43313307303,5809575.006805061,0.1763576167725176,"i=83,j=38"
3434,347422.43313307303,5809575.006805061,0.09232855405639084,"i=83,j=39"
3435,347432.43313307303,5809575.006805061,0.5640829713508463,"i=83,j=40"
3436,347442.43313307303,5809575.006805061,0.391327126231085,"i=83,j=41"
3437,347452.43313307303,5809575.006805061,0.71022807061841,"i=83,j=42"
3438,347462.43313307303,5809575.006805061,0.6888037777178186,"i=83,j=43"
3439,347472.43313307303,5809575.006805061,0.6462421580786208,"i=83,j=44"
3440,347482.43313307303,5809575.006805061,0.08974327932875292,"i=83,j=45"
3441,347492.43313307303,5809575.006805061,0.3873037466276974,"i=83,j=46"
3442,347502.43313307303,5809575.006805061,0.31203364856204363,"i=83,j=47"
3443,347512.43313307303,5809575.006805061,0.8702359110237683,"i=83,j=48"
3444,347522.43313307303,5809575.006805061,0.283248017068892,"i=83,j=49"
3445,347532.43313307303,5809575.006805061,0.5057396775798186,"i=83,j=50"
3446,347542.43313307303,5809575.006805061,0.9404640675475203,"i=83,j=51"
3447,347552.43313307303,5809575.006805061,0.5603266423528641,"i=83,j=52"
3448,347562.43313307303,5809575.006805061,0.5551630115293791,"i=83,j=53"
3449,347572.43313307303,5809575.006805061,0.3954282793662477,"i=83,j=54"
3450,347582.43313307303,5809575.006805061,0.43241765175797053,"i=83,j=55"
3451,347592.43313307303,5809575.006805061,0.01166759355284086,"i=83,j=56"
3452,347602.43313307303,5809575.006805061,0.26549782908112163,"i=83,j=57"
3453,347612.43313307303,5809575.006805061,0.7151569088997588,"i=83,j=58"
3454,347622.43313307303,5809575.006805061,0.6314738067204037,"i=83,j=59"
3455,347632.43313307303,5809575.006805061,0.5731743119393949,"i=83,j=60"
3456,347642.43313307303,5809575.006805061,0.8357570714776307,"i=83,j=61"
3457,347652.43313307303,5809575.006805061,0.379202099094751,"i=83,j=62"
3458,347662.43313307303,5809575.006805061,0.5859179108570465,"i=83,j=63"
3459,347082.43313307303,5809565.006805061,0.09146585048640454,"i=84,j=5"
3460,347092.43313307303,5809565.006805061,0.5669761035271202,"i=84,j=6"
3461,347102.43313307303,5809565.006805061,0.30412459159256977,"i=84,j=7"
3462,347112.43313307303,5809565.006805061,0.3333829644766806,"i=84,j=8"
3463,347122.43313307303,5809565.006805061,0.8394328646992877,"i=84,j=9"
3464,347132.43313307303,5809565.006805061,0.8545859216085386,"i=84,j=10"
3465,347142.43313307303,5809565.006805061,0.7417428525154971,"i=84,j=11"
3466,347152.43313307303,5809565.006805061,0.23794401484039673,"i=84,j=12"
3467,347162.43313307303,5809565.006805061,0.23890667028726065,"i=84,j=13"
3468,347172.43313307303,5809565.006805061,0.7769652391361499,"i=84,j=14"
3469,347182.43313307303,5809565.006805061,0.44846840052866466,"i=84,j=15"
3470,347192.43313307303,5809565.006805061,0.7250384093288619,"i=84,j=16"
3471,347202.43313307303,5809565.006805061,0.411594914322426,"i=84,j=17"
3472,347212.43313307303,5809565.006805061,0.22577772493432335,"i=84,j=18"
3473,347222.43313307303,5809565.006805061,0.6256933644922573,"i=84,j=19"
3474,347232.43313307303,5809565.006805061,0.4468890237493529,"i=84,j=20"
3475,347242.43313307303,5809565.006805061,0.10213621464100775,"i=84,j=21"
3476,347252.43313307303,5809565.006805061,0.6736905221094824,"i=84,j=22"
3477,347262.43313307303,5809565.006805061,0.8263884664277487,"i=84,j=23"
3478,347272.43313307303,5809565.006805061,0.7268777648404346,"i=84,j=24"
3479,347282.43313307303,5809565.006805061,0.5566732247694154,"i=84,j=25"
3480,347292.43313307303,5809565.006805061,0.2973680736894496,"i=84,j=26"
3481,347302.43313307303,5809565.006805061,0.8918692375933754,"i=84,j=27"
3482,347312.43313307303,5809565.006805061,0.08159849599131574,"i=84,j=28"
3483,347322.43313307303,5809565.006805061,0.16973750194108062,"i=84,j=29"
3484,347332.43313307303,5809565.006805061,0.8899723648147557,"i=84,j=30"
3485,347342.43313307303,5809565.006805061,0.3037458407486795,"i=84,j=31"
3486,347352.43313307303,5809565.006805061,0.2199361562028299,"i=84,j=32"
3487,347362.43313307303,5809565.006805061,0.896267210465742,"i=84,j=33"
3488,347372.43313307303,5809565.006805061,0.1919073647422752,"i=84,j=34"
3489,347382.43313307303,5809565.006805061,0.2101906270828542,"i=84,j=35"
3490,347392.43313307303,5809565.006805061,0.15537993214201085,"i=84,j=36"
3491,347402.43313307303,5809565.006805061,0.7706006013777752,"i=84,j=37"
3492,347412.43313307303,5809565.006805061,0.7822386041463815,"i=84,j=38"
3493,347422.43313307303,5809565.006805061,0.7480670465661061,"i=84,j=39"
3494,347432.43313307303,5809565.006805061,0.6352461745894994,"i=84,j=40"
3495,347442.43313307303,5809565.006805061,0.36294340809916026,"i=84,j=41"
3496,347452.43313307303,5809565.006805061,0.44234924115333996,"i=84,j=42"
3497,347462.43313307303,5809565.006805061,0.4052088775068772,"i=84,j=43"
3498,347472.43313307303,5809565.006805061,0.5567284277254761,"i=84,j=44"
3499,347482.43313307303,5809565.006805061,0.7970804975126469,"i=84,j=45"
3500,347492.43313307303,5809565.006805061,0.5611942793114545,"i=84,j=46"
3501,347502.43313307303,5809565.006805061,0.0070174157321896136,"i=84,j=47"
3502,347512.43313307303,5809565.006805061,0.5566104466814429,"i=84,j=48"
3503,347522.43313307303,5809565.006805061,0.12036290954160922,"i=84,j=49"
3504,347532.43313307303,5809565.006805061,0.6194943284597078,"i=84,j=50"
3505,347542.43313307303,5809565.006805061,0.547938763671997,"i=84,j=51"
3506,347552.43313307303,5809565.006805061,0.9296349994261505,"i=84,j=52"
3507,347562.43313307303,5809565.006805061,0.46698224612047845,"i=84,j=53"
3508,347572.43313307303,5809565.006805061,0.02370755749686282,"i=84,j=54"
3509,347582.43313307303,5809565.006805061,0.838403426391234,"i=84,j=55"
3510,347592.43313307303,5809565.006805061,0.18045716225962294,"i=84,j=56"
3511,347602.43313307303,5809565.006805061,0.4293174608849627,"i=84,j=57"
3512,347612.43313307303,5809565.006805061,0.40740520160561333,"i=84,j=58"
3513,347622.43313307303,5809565.006805061,0.4508504401845752,"i=84,j=59"
3514,347632.43313307303,5809565.006805061,0.832175575788523,"i=84,j=60"
3515,347642.43313307303,5809565.006805061,0.5716977090478351,"i=84,j=61"
3516,347652.43313307303,5809565.006805061,0.24123392474003535,"i=84,j=62"
3517,347662.43313307303,5809565.006805061,0.9543269071783429,"i=84,j=63"
3518,347072.43313307303,5809555.006805061,0.9316620129800054,"i=85,j=4"
3519,347082.43313307303,5809555.006805061,0.5252979558108221,"i=85,j=5"
3520,347092.43313307303,5809555.006805061,0.3850466558870609,"i=85,j=6"
3521,347102.43313307303,5809555.006805061,0.4627010205887737,"i=85,j=7"
3522,347112.43313307303,5809555.006805061,0.9641215128956074,"i=85,j=8"
3523,347122.43313307303,5809555.006805061,0.3222139523583528,"i=85,j=9"
3524,347132.43313307303,5809555.006805061,0.25791079829071284,"i=85,j=10"
3525,347142.43313307303,5809555.006805061,0.6936253101028618,"i=85,j=11"
3526,347152.43313307303,5809555.006805061,0.10972101955904856,"i=85,j=12"
3527,347162.43313307303,5809555.006805061,0.8991173968581982,"i=85,j=13"
3528,347172.43313307303,5809555.006805061,0.05658324995064312,"i=85,j=14"
3529,347182.43313307303,5809555.006805061,0.4275686667232216,"i=85,j=15"
3530,347192.43313307303,5809555.006805061,0.530428489990186,"i=85,j=16"
3531,347202.43313307303,5809555.006805061,0.7699177213323454,"i=85,j=17"
3532,347212.43313307303,5809555.006805061,0.414304086593537,"i=85,j=18"
3533,347222.43313307303,5809555.006805061,0.8101755618827415,"i=85,j=19"
3534,347232.43313307303,5809555.006805061,0.42184079621139847,"i=85,j=20"
3535,347242.43313307303,5809555.006805061,0.5149469728454815,"i=85,j=21"
3536,347252.43313307303,5809555.006805061,0.9643164950709553,"i=85,j=22"
3537,347262.43313307303,5809555.006805061,0.1344867486668857,"i=85,j=23"
3538,347272.43313307303,5809555.006805061,0.8654927257678918,"i=85,j=24"
3539,347282.43313307303,5809555.006805061,0.42671521225526043,"i=85,j=25"
3540,347292.43313307303,5809555.006805061,0.08858349934158949,"i=85,j=26"
3541,347302.43313307303,5809555.006805061,0.26992615061452907,"i=85,j=27"
3542,347312.43313307303,5809555.006805061,0.7630445004434353,"i=85,j=28"
3543,347322.43313307303,5809555.006805061,0.9271289330542499,"i=85,j=29"
3544,347332.43313307303,5809555.006805061,0.07975038156756542,"i=85,j=30"
3545,347342.43313307303,5809555.006805061,0.7673252175845253,"i=85,j=31"
3546,347352.43313307303,5809555.006805061,0.147143763336962,"i=85,j=32"
3547,347362.43313307303,5809555.006805061,0.7296148125858016,"i=85,j=33"
3548,347372.43313307303,5809555.006805061,0.415896027538613,"i=85,j=34"
3549,347382.43313307303,5809555.006805061,0.6411087221761196,"i=85,j=35"
3550,347392.43313307303,5809555.006805061,0.764026292535799,"i=85,j=36"
3551,347402.43313307303,5809555.006805061,0.032485171615004194,"i=85,j=37"
3552,347412.43313307303,5809555.006805061,0.9642049327970759,"i=85,j=38"
3553,347422.43313307303,5809555.006805061,0.2619493011459567,"i=85,j=39"
3554,347432.43313307303,5809555.006805061,0.6620271556685187,"i=85,j=40"
3555,347442.43313307303,5809555.006805061,0.619618793434733,"i=85,j=41"
3556,347452.43313307303,5809555.006805061,0.4325008552598001,"i=85,j=42"
3557,347462.43313307303,5809555.006805061,0.6351211654238959,"i=85,j=43"
3558,347472.43313307303,5809555.006805061,0.895314468735426,"i=85,j=44"
3559,347482.43313307303,5809555.006805061,0.29692731485778023,"i=85,j=45"
3560,347492.43313307303,5809555.006805061,0.9931788965114562,"i=85,j=46"
3561,347502.43313307303,5809555.006805061,0.5129062410268797,"i=85,j=47"
3562,347512.43313307303,5809555.006805061,0.9584524294002668,"i=85,j=48"
3563,347522.43313307303,5809555.006805061,0.46729963245059336,"i=85,j=49"
3564,347532.43313307303,5809555.006805061,0.8550456948540872,"i=85,j=50"
3565,347542.43313307303,5809555.006805061,0.40244880130137495,"i=85,j=51"
3566,347552.43313307303,5809555.006805061,0.03758264276042533,"i=85,j=52"
3567,347562.43313307303,5809555.006805061,0.29073033002684934,"i=85,j=53"
3568,347572.43313307303,5809555.006805061,0.1660795989357141,"i=85,j=54"
3569,347582.43313307303,5809555.006805061,0.42583677192031644,"i=85,j=55"
3570,347592.43313307303,5809555.006805061,0.07068819295683437,"i=85,j=56"
3571,347602.43313307303,5809555.006805061,0.9126719640069315,"i=85,j=57"
3572,347612.43313307303,5809555.006805061,0.987013249398121,"i=85,j=58"
3573,347622.43313307303,5809555.006805061,0.6285347853163136,"i=85,j=59"
3574,347632.43313307303,5809555.006805061,0.05609044301825905,"i=85,j=60"
3575,347642.43313307303,5809555.006805061,0.1840484798548052,"i=85,j=61"
3576,347652.43313307303,5809555.006805061,0.7408025142665199,"i=85,j=62"
3577,347662.43313307303,5809555.006805061,0.9433496439208122,"i=85,j=63"
3578,347072.43313307303,5809545.006805061,0.26585276942503466,"i=86,j=4"
3579,347082.43313307303,5809545.006805061,0.683431173731233,"i=86,j=5"
3580,347092.43313307303,5809545.006805061,0.16532665778749955,"i=86,j=6"
3581,347102.43313307303,5809545.006805061,0.24989453579328325,"i=86,j=7"
3582,347112.43313307303,5809545.006805061,0.024125770942706848,"i=86,j=8"
3583,347122.43313307303,5809545.006805061,0.11654063386183044,"i=86,j=9"
3584,347132.43313307303,5809545.006805061,0.9219442417171038,"i=86,j=10"
3585,347142.43313307303,5809545.006805061,0.11286848503277735,"i=86,j=11"
3586,347152.43313307303,5809545.006805061,0.23709702761412532,"i=86,j=12"
3587,347162.43313307303,5809545.006805061,0.31338177615145246,"i=86,j=13"
3588,347172.43313307303,5809545.006805061,0.20666165682624182,"i=86,j=14"
3589,347182.43313307303,5809545.006805061,0.8213598675988315,"i=86,j=15"
3590,347192.43313307303,5809545.006805061,0.3315448134415565,"i=86,j=16"
3591,347202.43313307303,5809545.006805061,0.21149246541792222,"i=86,j=17"
3592,347212.43313307303,5809545.006805061,0.2540717661732721,"i=86,j=18"
3593,347222.43313307303,5809545.006805061,0.14336628751564973,"i=86,j=19"
3594,347232.43313307303,5809545.006805061,0.928578157389847,"i=86,j=20"
3595,347242.43313307303,5809545.006805061,0.5362025413889432,"i=86,j=21"
3596,347252.43313307303,5809545.006805061,0.8913420510663145,"i=86,j=22"
3597,347262.43313307303,5809545.006805061,0.9173577757581244,"i=86,j=23"
3598,347272.43313307303,5809545.006805061,0.5108710439694434,"i=86,j=24"
3599,347282.43313307303,5809545.006805061,0.1630657148028486,"i=86,j=25"
3600,347292.43313307303,5809545.006805061,0.19529741553496294,"i=86,j=26"
3601,347302.43313307303,5809545.006805061,0.2689515658139262,"i=86,j=27"
3602,347312.43313307303,5809545.006805061,0.343877486973329,"i=86,j=28"
3603,347322.43313307303,5809545.006805061,0.25429514167516853,"i=86,j=29"
3604,347332.43313307303,5809545.006805061,0.3306667836487809,"i=86,j=30"
3605,347342.43313307303,5809545.006805061,0.5737902931535617,"i=86,j=31"
3606,347352.43313307303,5809545.006805061,0.7545869358150359,"i=86,j=32"
3607,347362.43313307303,5809545.006805061,0.3983122600610097,"i=86,j=33"
3608,347372.43313307303,5809545.006805061,0.5684140688947176,"i=86,j=34"
3609,347382.43313307303,5809545.006805061,0.42526315292437755,"i=86,j=35"
3610,347392.43313307303,5809545.006805061,0.3602841001513004,"i=86,j=36"
3611,347402.43313307303,5809545.006805061,0.21370537960183633,"i=86,j=37"
3612,347412.43313307303,5809545.006805061,0.8186571514758402,"i=86,j=38"
3613,347422.43313307303,5809545.006805061,0.9493989975685411,"i=86,j=39"
3614,347432.43313307303,5809545.006805061,0.857990655993339,"i=86,j=40"
3615,347442.43313307303,5809545.006805061,0.3926711406289064,"i=86,j=41"
3616,347452.43313307303,5809545.006805061,0.7664943455694788,"i=86,j=42"
3617,347462.43313307303,5809545.006805061,0.3783625516442273,"i=86,j=43"
3618,347472.43313307303,5809545.006805061,0.42257064034930225,"i=86,j=44"
3619,347482.43313307303,5809545.006805061,0.031337706337334015,"i=86,j=45"
3620,347492.43313307303,5809545.006805061,0.5964758903786395,"i=86,j=46"
3621,347502.43313307303,5809545.006805061,0.29985112563511007,"i=86,j=47"
3622,347512.43313307303,5809545.006805061,0.038299296453174536,"i=86,j=48"
3623,347522.43313307303,5809545.006805061,0.7412185487353012,"i=86,j=49"
3624,347532.43313307303,5809545.006805061,0.3429147084566706,"i=86,j=50"
3625,347542.43313307303,5809545.006805061,0.6475929015070291,"i=86,j=51"
3626,347552.43313307303,5809545.006805061,0.0531560455751563,"i=86,j=52"
3627,347562.43313307303,5809545.006805061,0.31452622172759215,"i=86,j=53"
3628,347572.43313307303,5809545.006805061,0.12619156334596948,"i=86,j=54"
3629,347582.43313307303,5809545.006805061,0.308809990091119,"i=86,j=55"
3630,347592.43313307303,5809545.006805061,0.14062784422233865,"i=86,j=56"
3631,347602.43313307303,5809545.006805061,0.6998667495392031,"i=86,j=57"
3632,347612.43313307303,5809545.006805061,0.502559177753546,"i=86,j=58"
3633,347622.43313307303,5809545.006805061,0.6292543374523782,"i=86,j=59"
3634,347632.43313307303,5809545.006805061,0.23179709284912464,"i=86,j=60"
3635,347642.43313307303,5809545.006805061,0.9337799092180172,"i=86,j=61"
3636,347652.43313307303,5809545.006805061,0.43984808506449735,"i=86,j=62"
3637,347662.43313307303,5809545.006805061,0.1275232720753372,"i=86,j=63"
3638,347072.43313307303,5809535.006805061,0.18393716382676828,"i=87,j=4"
3639,347082.43313307303,5809535.006805061,0.8965122018745515,"i=87,j=5"
3640,347092.43313307303,5809535.006805061,0.8116782287619093,"i=87,j=6"
3641,347102.43313307303,5809535.006805061,0.5031458171372853,"i=87,j=7"
3642,347112.43313307303,5809535.006805061,0.6083354717634588,"i=87,j=8"
3643,347122.43313307303,5809535.006805061,0.6208047671268269,"i=87,j=9"
3644,347132.43313307303,5809535.006805061,0.9091740285307334,"i=87,j=10"
3645,347142.43313307303,5809535.006805061,0.6091937650492064,"i=87,j=11"
3646,347152.43313307303,5809535.006805061,0.686731857633734,"i=87,j=12"
3647,347162.43313307303,5809535.006805061,0.16958484872997404,"i=87,j=13"
3648,347172.43313307303,5809535.006805061,0.29173534001781565,"i=87,j=14"
3649,347182.43313307303,5809535.006805061,0.5958475379138494,"i=87,j=15"
3650,347192.43313307303,5809535.006805061,0.6078609256148986,"i=87,j=16"
3651,347202.43313307303,5809535.006805061,0.4668667370217442,"i=87,j=17"
3652,347212.43313307303,5809535.006805061,0.5918020417960481,"i=87,j=18"
3653,347222.43313307303,5809535.006805061,0.7976879544210842,"i=87,j=19"
3654,347232.43313307303,5809535.006805061,0.6973760791576293,"i=87,j=20"
3655,347242.43313307303,5809535.006805061,0.774483168488405,"i=87,j=21"
3656,347252.43313307303,5809535.006805061,0.591152320038778,"i=87,j=22"
3657,347262.43313307303,5809535.006805061,0.7680011456795725,"i=87,j=23"
3658,347272.43313307303,5809535.006805061,0.3678173392868411,"i=87,j=24"
3659,347282.43313307303,5809535.006805061,0.6815157551069827,"i=87,j=25"
3660,347292.43313307303,5809535.006805061,0.14199787581725842,"i=87,j=26"
3661,347302.43313307303,5809535.006805061,0.23497562162529684,"i=87,j=27"
3662,347312.43313307303,5809535.006805061,0.526788518268004,"i=87,j=28"
3663,347322.43313307303,5809535.006805061,0.5049755794907345,"i=87,j=29"
3664,347332.43313307303,5809535.006805061,0.8448643245634264,"i=87,j=30"
3665,347342.43313307303,5809535.006805061,0.7981604441686855,"i=87,j=31"
3666,347352.43313307303,5809535.006805061,0.0710607855692511,"i=87,j=32"
3667,347362.43313307303,5809535.006805061,0.6772218730563337,"i=87,j=33"
3668,347372.43313307303,5809535.006805061,0.22649317104544664,"i=87,j=34"
3669,347382.43313307303,5809535.006805061,0.7445061866835212,"i=87,j=35"
3670,347392.43313307303,5809535.006805061,0.9426856322277777,"i=87,j=36"
3671,347402.43313307303,5809535.006805061,0.4586172321419336,"i=87,j=37"
3672,347412.43313307303,5809535.006805061,0.5357539057325916,"i=87,j=38"
3673,347422.43313307303,5809535.006805061,0.34175703689227055,"i=87,j=39"
3674,347432.43313307303,5809535.006805061,0.0929910847835882,"i=87,j=40"
3675,347442.43313307303,5809535.006805061,0.17607456543561317,"i=87,j=41"
3676,347452.43313307303,5809535.006805061,0.9554117785386953,"i=87,j=42"
3677,347462.43313307303,5809535.006805061,0.011825262649155621,"i=87,j=43"
3678,347472.43313307303,5809535.006805061,0.9079630089377605,"i=87,j=44"
3679,347482.43313307303,5809535.006805061,0.1083485490282855,"i=87,j=45"
3680,347492.43313307303,5809535.006805061,0.9840119037323908,"i=87,j=46"
3681,347502.43313307303,5809535.006805061,0.5083327750201871,"i=87,j=47"
3682,347512.43313307303,5809535.006805061,0.8160763049491563,"i=87,j=48"
3683,347522.43313307303,5809535.006805061,0.7790917354706214,"i=87,j=49"
3684,347532.43313307303,5809535.006805061,0.9169027977867585,"i=87,j=50"
3685,347542.43313307303,5809535.006805061,0.6230355420213572,"i=87,j=51"
3686,347552.43313307303,5809535.006805061,0.14695202434853216,"i=87,j=52"
3687,347562.43313307303,5809535.006805061,0.28797877378852754,"i=87,j=53"
3688,347572.43313307303,5809535.006805061,0.26078120097046975,"i=87,j=54"
3689,347582.43313307303,5809535.006805061,0.026888012383929683,"i=87,j=55"
3690,347592.43313307303,5809535.006805061,0.04920536248889984,"i=87,j=56"
3691,347602.43313307303,5809535.006805061,0.23810843077338695,"i=87,j=57"
3692,347612.43313307303,5809535.006805061,0.35900586863933903,"i=87,j=58"
3693,347622.43313307303,5809535.006805061,0.8305520201545146,"i=87,j=59"
3694,347632.43313307303,5809535.006805061,0.9991720044408207,"i=87,j=60"
3695,347642.43313307303,5809535.006805061,0.0021072243998857543,"i=87,j=61"
3696,347652.43313307303,5809535.006805061,0.6446442675672271,"i=87,j=62"
3697,347062.43313307303,5809525.006805061,0.6216655779728254,"i=88,j=3"
3698,347072.43313307303,5809525.006805061,0.6011094416286618,"i=88,j=4"
3699,347082.43313307303,5809525.006805061,0.30429875705654197,"i=88,j=5"
3700,347092.43313307303,5809525.006805061,0.11640222542191914,"i=88,j=6"
3701,347102.43313307303,5809525.006805061,0.7299776271746558,"i=88,j=7"
3702,347112.43313307303,5809525.006805061,0.35336119941836397,"i=88,j=8"
3703,347122.43313307303,5809525.006805061,0.33646716516440034,"i=88,j=9"
3704,347132.43313307303,5809525.006805061,0.4244251109942607,"i=88,j=10"
3705,347142.43313307303,5809525.006805061,0.07662955311095832,"i=88,j=11"
3706,347152.43313307303,5809525.006805061,0.030855970725913506,"i=88,j=12"
3707,347162.43313307303,5809525.006805061,0.8390913690718631,"i=88,j=13"
3708,347172.43313307303,5809525.006805061,0.7581897608360824,"i=88,j=14"
3709,347182.43313307303,5809525.006805061,0.5256722205457806,"i=88,j=15"
3710,347192.43313307303,5809525.006805061,0.30109725173917457,"i=88,j=16"
3711,347202.43313307303,5809525.006805061,0.32294692072934716,"i=88,j=17"
3712,347212.43313307303,5809525.006805061,0.4805935360109147,"i=88,j=18"
3713,347222.43313307303,5809525.006805061,0.29615190934092916,"i=88,j=19"
3714,347232.43313307303,5809525.006805061,0.6701731009989508,"i=88,j=20"
3715,347242.43313307303,5809525.006805061,0.1828235100551442,"i=88,j=21"
3716,347252.43313307303,5809525.006805061,0.4775205228166045,"i=88,j=22"
3717,347262.43313307303,5809525.006805061,0.5541020150916748,"i=88,j=23"
3718,347272.43313307303,5809525.006805061,0.6920273787742481,"i=88,j=24"
3719,347282.43313307303,5809525.006805061,0.5720758888848789,"i=88,j=25"
3720,347292.43313307303,5809525.006805061,0.4009158417363121,"i=88,j=26"
3721,347302.43313307303,5809525.006805061,0.5021573653321282,"i=88,j=27"
3722,347312.43313307303,5809525.006805061,0.10401712875031366,"i=88,j=28"
3723,347322.43313307303,5809525.006805061,0.548498846126788,"i=88,j=29"
3724,347332.43313307303,5809525.006805061,0.18410870267388468,"i=88,j=30"
3725,347342.43313307303,5809525.006805061,0.6573525901724622,"i=88,j=31"
3726,347352.43313307303,5809525.006805061,0.6647209789595612,"i=88,j=32"
3727,347362.43313307303,5809525.006805061,0.8132640801667514,"i=88,j=33"
3728,347372.43313307303,5809525.006805061,0.11719631981583745,"i=88,j=34"
3729,347382.43313307303,5809525.006805061,0.29680459305526674,"i=88,j=35"
3730,347392.43313307303,5809525.006805061,0.6037814599134473,"i=88,j=36"
3731,347402.43313307303,5809525.006805061,0.5006337215576986,"i=88,j=37"
3732,347412.43313307303,5809525.006805061,0.9481505563848515,"i=88,j=38"
3733,347422.43313307303,5809525.006805061,0.6938308628943898,"i=88,j=39"
3734,347432.43313307303,5809525.006805061,0.20822724719718366,"i=88,j=40"
3735,347442.43313307303,5809525.006805061,0.9504393768687824,"i=88,j=41"
3736,347452.43313307303,5809525.006805061,0.7797756779839274,"i=88,j=42"
3737,347462.43313307303,5809525.006805061,0.9125992054241453,"i=88,j=43"
3738,347472.43313307303,5809525.006805061,0.6053321800298858,"i=88,j=44"
3739,347482.43313307303,5809525.006805061,0.530053806931552,"i=88,j=45"
3740,347492.43313307303,5809525.006805061,0.5629727729472067,"i=88,j=46"
3741,347502.43313307303,5809525.006805061,0.3139602434498341,"i=88,j=47"
3742,347512.43313307303,5809525.006805061,0.2401870811898672,"i=88,j=48"
3743,347522.43313307303,5809525.006805061,0.17002920469908755,"i=88,j=49"
3744,347532.43313307303,5809525.006805061,0.22188618505466706,"i=88,j=50"
3745,347542.43313307303,5809525.006805061,0.9076184489375086,"i=88,j=51"
3746,347552.43313307303,5809525.006805061,0.030703194545763313,"i=88,j=52"
3747,347562.43313307303,5809525.006805061,0.6306631909303638,"i=88,j=53"
3748,347572.43313307303,5809525.006805061,0.7856232205135699,"i=88,j=54"
3749,347582.43313307303,5809525.006805061,0.1612097056648658,"i=88,j=55"
3750,347592.43313307303,5809525.006805061,0.7227365822290118,"i=88,j=56"
3751,347602.43313307303,5809525.006805061,0.6252383743736147,"i=88,j=57"
3752,347612.43313307303,5809525.006805061,0.38854366400730567,"i=88,j=58"
3753,347622.43313307303,5809525.006805061,0.3164390950443806,"i=88,j=59"
3754,347632.43313307303,5809525.006805061,0.43566705039914666,"i=88,j=60"
3755,347642.43313307303,5809525.006805061,0.5267035682421516,"i=88,j=61"
3756,347652.43313307303,5809525.006805061,0.5041648389643876,"i=88,j=62"
3757,347062.43313307303,5809515.006805061,0.4410572685424783,"i=89,j=3"
3758,347072.43313307303,5809515.006805061,0.27941573137139275,"i=89,j=4"
3759,347082.43313307303,5809515.006805061,0.8174905693831598,"i=89,j=5"
3760,347092.43313307303,5809515.006805061,0.14945030342408117,"i=89,j=6"
3761,347102.43313307303,5809515.006805061,0.44419958519337055,"i=89,j=7"
3762,347112.43313307303,5809515.006805061,0.5369375376847623,"i=89,j=8"
3763,347122.43313307303,5809515.006805061,0.4555427640789267,"i=89,j=9"
3764,347132.43313307303,5809515.006805061,0.8931821703656799,"i=89,j=10"
3765,347142.43313307303,5809515.006805061,0.5244216482343064,"i=89,j=11"
3766,347152.43313307303,5809515.006805061,0.6223881766185282,"i=89,j=12"
3767,347162.43313307303,5809515.006805061,0.9912430512579635,"i=89,j=13"
3768,347172.43313307303,5809515.006805061,0.41937113429302253,"i=89,j=14"
3769,347182.43313307303,5809515.006805061,0.44879468858794436,"i=89,j=15"
3770,347192.43313307303,5809515.006805061,0.47876827589992677,"i=89,j=16"
3771,347202.43313307303,5809515.006805061,0.20682438345351473,"i=89,j=17"
3772,347212.43313307303,5809515.006805061,0.8926585946449647,"i=89,j=18"
3773,347222.43313307303,5809515.006805061,0.26174380654347285,"i=89,j=19"
3774,347232.43313307303,5809515.006805061,0.24392542090736813,"i=89,j=20"
3775,347242.43313307303,5809515.006805061,0.7986471673834202,"i=89,j=21"
3776,347252.43313307303,5809515.006805061,0.4019546209126522,"i=89,j=22"
3777,347262.43313307303,5809515.006805061,0.3256586943903631,"i=89,j=23"
3778,347272.43313307303,5809515.006805061,0.3305133991260477,"i=89,j=24"
3779,347282.43313307303,5809515.006805061,0.2264354947505497,"i=89,j=25"
3780,347292.43313307303,5809515.006805061,0.062415926911213115,"i=89,j=26"
3781,347302.43313307303,5809515.006805061,0.08309549931431703,"i=89,j=27"
3782,347312.43313307303,5809515.006805061,0.24662701341301596,"i=89,j=28"
3783,347322.43313307303,5809515.006805061,0.7943074385166399,"i=89,j=29"
3784,347332.43313307303,5809515.006805061,0.6611110633264538,"i=89,j=30"
3785,347342.43313307303,5809515.006805061,0.1107515122138184,"i=89,j=31"
3786,347352.43313307303,5809515.006805061,0.8843000948461529,"i=89,j=32"
3787,347362.43313307303,5809515.006805061,0.07804613977546004,"i=89,j=33"
3788,347372.43313307303,5809515.006805061,0.14498943540396192,"i=89,j=34"
3789,347382.43313307303,5809515.006805061,0.37808930071664937,"i=89,j=35"
3790,347392.43313307303,5809515.006805061,0.7759839867301829,"i=89,j=36"
3791,347402.43313307303,5809515.006805061,0.9483947160988424,"i=89,j=37"
3792,347412.43313307303,5809515.006805061,0.016062642950031125,"i=89,j=38"
3793,347422.43313307303,5809515.006805061,0.816721996148075,"i=89,j=39"
3794,347432.43313307303,5809515.006805061,0.41398721316318865,"i=89,j=40"
3795,347442.43313307303,5809515.006805061,0.4878638534671429,"i=89,j=41"
3796,347452.43313307303,5809515.006805061,0.34550324469209404,"i=89,j=42"
3797,347462.43313307303,5809515.006805061,0.276845776342617,"i=89,j=43"
3798,347472.43313307303,5809515.006805061,0.23357438774315598,"i=89,j=44"
3799,347482.43313307303,5809515.006805061,0.3861310652688076,"i=89,j=45"
3800,347492.43313307303,5809515.006805061,0.25668961852769834,"i=89,j=46"
3801,347502.43313307303,5809515.006805061,0.48426982050470746,"i=89,j=47"
3802,347512.43313307303,5809515.006805061,0.27778802826529847,"i=89,j=48"
3803,347522.43313307303,5809515.006805061,0.4999934278544059,"i=89,j=49"
3804,347532.43313307303,5809515.006805061,0.6514909102224132,"i=89,j=50"
3805,347542.43313307303,5809515.006805061,0.7317183557851836,"i=89,j=51"
3806,347552.43313307303,5809515.006805061,0.004644208812095818,"i=89,j=52"
3807,347562.43313307303,5809515.006805061,0.6271120721070595,"i=89,j=53"
3808,347572.43313307303,5809515.006805061,0.2755160647646314,"i=89,j=54"
3809,347582.43313307303,5809515.006805061,0.08749443426787773,"i=89,j=55"
3810,347592.43313307303,5809515.006805061,0.035573294279271805,"i=89,j=56"
3811,347602.43313307303,5809515.006805061,0.03276909156437513,"i=89,j=57"
3812,347612.43313307303,5809515.006805061,0.09017030435026474,"i=89,j=58"
3813,347622.43313307303,5809515.006805061,0.5495051481743283,"i=89,j=59"
3814,347632.43313307303,5809515.006805061,0.32525788618503615,"i=89,j=60"
3815,347642.43313307303,5809515.006805061,0.03432999465453379,"i=89,j=61"
3816,347652.43313307303,5809515.006805061,0.2157291657664524,"i=89,j=62"
3817,347062.43313307303,5809505.006805061,0.37574998511768976,"i=90,j=3"
3818,347072.43313307303,5809505.006805061,0.4551702095457639,"i=90,j=4"
3819,347082.43313307303,5809505.006805061,0.6049056120544504,"i=90,j=5"
3820,347092.43313307303,5809505.006805061,0.4977346355304173,"i=90,j=6"
3821,347102.43313307303,5809505.006805061,0.827051368622497,"i=90,j=7"
3822,347112.43313307303,5809505.006805061,0.22410519973317566,"i=90,j=8"
3823,347122.43313307303,5809505.006805061,0.865483895171927,"i=90,j=9"
3824,347132.43313307303,5809505.006805061,0.5719822952545762,"i=90,j=10"
3825,347142.43313307303,5809505.006805061,0.2249916343816193,"i=90,j=11"
3826,347152.43313307303,5809505.006805061,0.8266470812254122,"i=90,j=12"
3827,347162.43313307303,5809505.006805061,0.9394240453611579,"i=90,j=13"
3828,347172.43313307303,5809505.006805061,0.4254675959454395,"i=90,j=14"
3829,347182.43313307303,5809505.006805061,0.8691448416567739,"i=90,j=15"
3830,347192.43313307303,5809505.006805061,0.8607373523904323,"i=90,j=16"
3831,347202.43313307303,5809505.006805061,0.08461132519613557,"i=90,j=17"
3832,347212.43313307303,5809505.006805061,0.5994091990479687,"i=90,j=18"
3833,347222.43313307303,5809505.006805061,0.19596837384454746,"i=90,j=19"
3834,347232.43313307303,5809505.006805061,0.24274199227495774,"i=90,j=20"
3835,347242.43313307303,5809505.006805061,0.34731561377276743,"i=90,j=21"
3836,347252.43313307303,5809505.006805061,0.019493663744170275,"i=90,j=22"
3837,347262.43313307303,5809505.006805061,0.5918094119934818,"i=90,j=23"
3838,347272.43313307303,5809505.006805061,0.8770424929603722,"i=90,j=24"
3839,347282.43313307303,5809505.006805061,0.7301307269864219,"i=90,j=25"
3840,347292.43313307303,5809505.006805061,0.9563614682887941,"i=90,j=26"
3841,347302.43313307303,5809505.006805061,0.28702350222778705,"i=90,j=27"
3842,347312.43313307303,5809505.006805061,0.6076932652872341,"i=90,j=28"
3843,347322.43313307303,5809505.006805061,0.46106185180795445,"i=90,j=29"
3844,347332.43313307303,5809505.006805061,0.019742322935024648,"i=90,j=30"
3845,347342.43313307303,5809505.006805061,0.5791851758435571,"i=90,j=31"
3846,347352.43313307303,5809505.006805061,0.4669882535092955,"i=90,j=32"
3847,347362.43313307303,5809505.006805061,0.5230778530477077,"i=90,j=33"
3848,347372.43313307303,5809505.006805061,0.6921034825407707,"i=90,j=34"
3849,347382.43313307303,5809505.006805061,0.7517537559818527,"i=90,j=35"
3850,347392.43313307303,5809505.006805061,0.4211352398315943,"i=90,j=36"
3851,347412.43313307303,5809505.006805061,0.9406481173831478,"i=90,j=38"
3852,347422.43313307303,5809505.006805061,0.4530943611477396,"i=90,j=39"
3853,347432.43313307303,5809505.006805061,0.4179934700368163,"i=90,j=40"
3854,347442.43313307303,5809505.006805061,0.5717003944998658,"i=90,j=41"
3855,347452.43313307303,5809505.006805061,0.27885925891275953,"i=90,j=42"
3856,347462.43313307303,5809505.006805061,0.35868698329474935,"i=90,j=43"
3857,347472.43313307303,5809505.006805061,0.7621122345703164,"i=90,j=44"
3858,347482.43313307303,5809505.006805061,0.08488709526193094,"i=90,j=45"
3859,347492.43313307303,5809505.006805061,0.709817786288162,"i=90,j=46"
3860,347502.43313307303,5809505.006805061,0.8866180582457434,"i=90,j=47"
3861,347512.43313307303,5809505.006805061,0.038211174735001685,"i=90,j=48"
3862,347522.43313307303,5809505.006805061,0.8281240428530638,"i=90,j=49"
3863,347532.43313307303,5809505.006805061,0.6134348691425838,"i=90,j=50"
3864,347542.43313307303,5809505.006805061,0.00034681417936766046,"i=90,j=51"
3865,347552.43313307303,5809505.006805061,0.7678372781192389,"i=90,j=52"
3866,347562.43313307303,5809505.006805061,0.9919467586148428,"i=90,j=53"
3867,347572.43313307303,5809505.006805061,0.9292781053151792,"i=90,j=54"
3868,347582.43313307303,5809505.006805061,0.5402894895176287,"i=90,j=55"
3869,347592.43313307303,5809505.006805061,0.4255542309918038,"i=90,j=56"
3870,347602.43313307303,5809505.006805061,0.10274641859900768,"i=90,j=57"
3871,347612.43313307303,5809505.006805061,0.4921615378704174,"i=90,j=58"
3872,347622.43313307303,5809505.006805061,0.2470956902556174,"i=90,j=59"
3873,347632.43313307303,5809505.006805061,0.6576437785382548,"i=90,j=60"
3874,347642.43313307303,5809505.006805061,0.15404223247026683,"i=90,j=61"
3875,347652.43313307303,5809505.006805061,0.09162104154943629,"i=90,j=62"
3876,347052.43313307303,5809495.006805061,0.5801217076469429,"i=91,j=2"
3877,347062.43313307303,5809495.006805061,0.456136577512526,"i=91,j=3"
3878,347072.43313307303,5809495.006805061,0.0520370731736004,"i=91,j=4"
3879,347082.43313307303,5809495.006805061,0.3928521780370985,"i=91,j=5"
3880,347092.43313307303,5809495.006805061,0.8018683800062026,"i=91,j=6"
3881,347102.43313307303,5809495.006805061,0.576610643941192,"i=91,j=7"
3882,347112.43313307303,5809495.006805061,0.35349832306911566,"i=91,j=8"
3883,347122.43313307303,5809495.006805061,0.43582533687542313,"i=91,j=9"
3884,347132.43313307303,5809495.006805061,0.6611703389353633,"i=91,j=10"
3885,347142.43313307303,5809495.006805061,0.7387407965920102,"i=91,j=11"
3886,347152.43313307303,5809495.006805061,0.8024308897238989,"i=91,j=12"
3887,347162.43313307303,5809495.006805061,0.4004742524485372,"i=91,j=13"
3888,347172.43313307303,5809495.006805061,0.7401612002339221,"i=91,j=14"
3889,347182.43313307303,5809495.006805061,0.23950923742142582,"i=91,j=15"
3890,347192.43313307303,5809495.006805061,0.2077344931390922,"i=91,j=16"
3891,347202.43313307303,5809495.006805061,0.4312147520526527,"i=91,j=17"
3892,347212.43313307303,5809495.006805061,0.7653804822333108,"i=91,j=18"
3893,347222.43313307303,5809495.006805061,0.0795401416139343,"i=91,j=19"
3894,347232.43313307303,5809495.006805061,0.800031799452269,"i=91,j=20"
3895,347242.43313307303,5809495.006805061,0.2820041975032227,"i=91,j=21"
3896,347252.43313307303,5809495.006805061,0.20704226603064768,"i=91,j=22"
3897,347262.43313307303,5809495.006805061,0.4426226787875236,"i=91,j=23"
3898,347272.43313307303,5809495.006805061,0.7148586374472966,"i=91,j=24"
3899,347282.43313307303,5809495.006805061,0.3827076475333233,"i=91,j=25"
3900,347292.43313307303,5809495.006805061,0.8266249748022444,"i=91,j=26"
3901,347302.43313307303,5809495.006805061,0.7602015202866595,"i=91,j=27"
3902,347312.43313307303,5809495.006805061,0.5619193406387147,"i=91,j=28"
3903,347322.43313307303,5809495.006805061,0.9674789246248097,"i=91,j=29"
3904,347332.43313307303,5809495.006805061,0.4299360694534675,"i=91,j=30"
3905,347342.43313307303,5809495.006805061,0.5397902239876327,"i=91,j=31"
3906,347352.43313307303,5809495.006805061,0.00609216817639735,"i=91,j=32"
3907,347362.43313307303,5809495.006805061,0.9020616400407461,"i=91,j=33"
3908,347372.43313307303,5809495.006805061,0.7736413287780194,"i=91,j=34"
3909,347382.43313307303,5809495.006805061,0.16752137458584904,"i=91,j=35"
3910,347392.43313307303,5809495.006805061,0.37430388485609667,"i=91,j=36"
3911,347452.43313307303,5809495.006805061,0.407950417302121,"i=91,j=42"
3912,347462.43313307303,5809495.006805061,0.8304522715193299,"i=91,j=43"
3913,347472.43313307303,5809495.006805061,0.571491428696553,"i=91,j=44"
3914,347482.43313307303,5809495.006805061,0.9619364226769538,"i=91,j=45"
3915,347492.43313307303,5809495.006805061,0.5225288325214991,"i=91,j=46"
3916,347502.43313307303,5809495.006805061,0.515504965004293,"i=91,j=47"
3917,347512.43313307303,5809495.006805061,0.4587848948038603,"i=91,j=48"
3918,347522.43313307303,5809495.006805061,0.6954396662881043,"i=91,j=49"
3919,347532.43313307303,5809495.006805061,0.43900731022530515,"i=91,j=50"
3920,347542.43313307303,5809495.006805061,0.48028259625701286,"i=91,j=51"
3921,347552.43313307303,5809495.006805061,0.11424658976460378,"i=91,j=52"
3922,347562.43313307303,5809495.006805061,0.5014101485967651,"i=91,j=53"
3923,347572.43313307303,5809495.006805061,0.16552121680673515,"i=91,j=54"
3924,347582.43313307303,5809495.006805061,0.9063188959753141,"i=91,j=55"
3925,347592.43313307303,5809495.006805061,0.09518891895627923,"i=91,j=56"
3926,347602.43313307303,5809495.006805061,0.5484831262519051,"i=91,j=57"
3927,347612.43313307303,5809495.006805061,0.36098940781793065,"i=91,j=58"
3928,347622.43313307303,5809495.006805061,0.29748366748799215,"i=91,j=59"
3929,347632.43313307303,5809495.006805061,0.7998464740589593,"i=91,j=60"
3930,347642.43313307303,5809495.006805061,0.9366363117741526,"i=91,j=61"
3931,347052.43313307303,5809485.006805061,0.937306392213751,"i=92,j=2"
3932,347062.43313307303,5809485.006805061,0.28999638307841247,"i=92,j=3"
3933,347072.43313307303,5809485.006805061,0.006175628305527647,"i=92,j=4"
3934,347082.43313307303,5809485.006805061,0.22769563409239357,"i=92,j=5"
3935,347092.43313307303,5809485.006805061,0.002921275114104449,"i=92,j=6"
3936,347102.43313307303,5809485.006805061,0.21268690405101565,"i=92,j=7"
3937,347112.43313307303,5809485.006805061,0.8592354917426581,"i=92,j=8"
3938,347122.43313307303,5809485.006805061,0.9657014445325999,"i=92,j=9"
3939,347132.43313307303,5809485.006805061,0.03926105937709268,"i=92,j=10"
3940,347142.43313307303,5809485.006805061,0.601449598606653,"i=92,j=11"
3941,347152.43313307303,5809485.006805061,0.8159831248645457,"i=92,j=12"
3942,347162.43313307303,5809485.006805061,0.9326663874487569,"i=92,j=13"
3943,347172.43313307303,5809485.006805061,0.4510912139962959,"i=92,j=14"
3944,347182.43313307303,5809485.006805061,0.8415147266263158,"i=92,j=15"
3945,347192.43313307303,5809485.006805061,0.8282668660409727,"i=92,j=16"
3946,347202.43313307303,5809485.006805061,0.6086378255517714,"i=92,j=17"
3947,347212.43313307303,5809485.006805061,0.4322177494263473,"i=92,j=18"
3948,347222.43313307303,5809485.006805061,0.46526541413703904,"i=92,j=19"
3949,347232.43313307303,5809485.006805061,0.8302214154551821,"i=92,j=20"
3950,347242.43313307303,5809485.006805061,0.5213697213841362,"i=92,j=21"
3951,347252.43313307303,5809485.006805061,0.4918828313087126,"i=92,j=22"
3952,347262.43313307303,5809485.006805061,0.7378480626447503,"i=92,j=23"
3953,347272.43313307303,5809485.006805061,0.6282021742849226,"i=92,j=24"
3954,347282.43313307303,5809485.006805061,0.7299701543674932,"i=92,j=25"
3955,347292.43313307303,5809485.006805061,0.5615785454568412,"i=92,j=26"
3956,347302.43313307303,5809485.006805061,0.3282937338405417,"i=92,j=27"
3957,347312.43313307303,5809485.006805061,0.856080169413476,"i=92,j=28"
3958,347322.43313307303,5809485.006805061,0.03659945439198975,"i=92,j=29"
3959,347332.43313307303,5809485.006805061,0.4299483808649728,"i=92,j=30"
3960,347342.43313307303,5809485.006805061,0.4775490482231738,"i=92,j=31"
3961,347352.43313307303,5809485.006805061,0.7448662035085285,"i=92,j=32"
3962,347362.43313307303,5809485.006805061,0.9416942410366301,"i=92,j=33"
3963,347372.43313307303,5809485.006805061,0.3310416968543106,"i=92,j=34"
3964,347382.43313307303,5809485.006805061,0.5932337265125083,"i=92,j=35"
3965,347392.43313307303,5809485.006805061,0.18978782269848538,"i=92,j=36"
3966,347502.43313307303,5809485.006805061,0.7019764217831204,"i=92,j=47"
3967,347512.43313307303,5809485.006805061,0.9882910983067863,"i=92,j=48"
3968,347522.43313307303,5809485.006805061,0.9279316299688788,"i=92,j=49"
3969,347532.43313307303,5809485.006805061,0.2376561057642651,"i=92,j=50"
3970,347542.43313307303,5809485.006805061,0.6747277188187498,"i=92,j=51"
3971,347552.43313307303,5809485.006805061,0.05728826270809573,"i=92,j=52"
3972,347562.43313307303,5809485.006805061,0.767446702225535,"i=92,j=53"
3973,347572.43313307303,5809485.006805061,0.44940380317668716,"i=92,j=54"
3974,347582.43313307303,5809485.006805061,0.5512711381730725,"i=92,j=55"
3975,347592.43313307303,5809485.006805061,0.840026434875549,"i=92,j=56"
3976,347602.43313307303,5809485.006805061,0.282642832270914,"i=92,j=57"
3977,347612.43313307303,5809485.006805061,0.4910435091572829,"i=92,j=58"
3978,347622.43313307303,5809485.006805061,0.8770056251484276,"i=92,j=59"
3979,347632.43313307303,5809485.006805061,0.03145920671428648,"i=92,j=60"
3980,347642.43313307303,5809485.006805061,0.8261267353420636,"i=92,j=61"
3981,347052.43313307303,5809475.006805061,0.6200549154329655,"i=93,j=2"
3982,347062.43313307303,5809475.006805061,0.2204468734263033,"i=93,j=3"
3983,347072.43313307303,5809475.006805061,0.47105568615176496,"i=93,j=4"
3984,347082.43313307303,5809475.006805061,0.07554485529611554,"i=93,j=5"
3985,347092.43313307303,5809475.006805061,0.5894724260554752,"i=93,j=6"
3986,347102.43313307303,5809475.006805061,0.9139424769552068,"i=93,j=7"
3987,347112.43313307303,5809475.006805061,0.805247859053186,"i=93,j=8"
3988,347122.43313307303,5809475.006805061,0.04580220236994559,"i=93,j=9"
3989,347132.43313307303,5809475.006805061,0.9551528830057453,"i=93,j=10"
3990,347142.43313307303,5809475.006805061,0.16608362987057712,"i=93,j=11"
3991,347152.43313307303,5809475.006805061,0.7527052180304614,"i=93,j=12"
3992,347162.43313307303,5809475.006805061,0.601503888919086,"i=93,j=13"
3993,347172.43313307303,5809475.006805061,0.5077693393529789,"i=93,j=14"
3994,347182.43313307303,5809475.006805061,0.9581343316149272,"i=93,j=15"
3995,347192.43313307303,5809475.006805061,0.47607747799576094,"i=93,j=16"
3996,347202.43313307303,5809475.006805061,0.04172601128592268,"i=93,j=17"
3997,347212.43313307303,5809475.006805061,0.3350361576192312,"i=93,j=18"
3998,347222.43313307303,5809475.006805061,0.34105219344568927,"i=93,j=19"
3999,347232.43313307303,5809475.006805061,0.8588089869119369,"i=93,j=20"
4000,347242.43313307303,5809475.006805061,0.8380585837488418,"i=93,j=21"
4001,347252.43313307303,5809475.006805061,0.8637511415992095,"i=93,j=22"
4002,347262.43313307303,5809475.006805061,0.998224384820505,"i=93,j=23"
4003,347272.43313307303,5809475.006805061,0.175217078243308,"i=93,j=24"
4004,347282.43313307303,5809475.006805061,0.19386485789745944,"i=93,j=25"
4005,347292.43313307303,5809475.006805061,0.24446488175402015,"i=93,j=26"
4006,347302.43313307303,5809475.006805061,0.36904515310151764,"i=93,j=27"
4007,347312.43313307303,5809475.006805061,0.048858645287027436,"i=93,j=28"
4008,347322.43313307303,5809475.006805061,0.977316963454768,"i=93,j=29"
4009,347332.43313307303,5809475.006805061,0.7135668572305331,"i=93,j=30"
4010,347342.43313307303,5809475.006805061,0.3793500966035923,"i=93,j=31"
4011,347352.43313307303,5809475.006805061,0.42601139145772704,"i=93,j=32"
4012,347362.43313307303,5809475.006805061,0.9829776199628789,"i=93,j=33"
4013,347372.43313307303,5809475.006805061,0.8585820348419103,"i=93,j=34"
4014,347382.43313307303,5809475.006805061,0.673035590684502,"i=93,j=35"
4015,347392.43313307303,5809475.006805061,0.9310669165328433,"i=93,j=36"
4016,347552.43313307303,5809475.006805061,0.13353437437929994,"i=93,j=52"
4017,347562.43313307303,5809475.006805061,0.7426096638752656,"i=93,j=53"
4018,347572.43313307303,5809475.006805061,0.7809801929431625,"i=93,j=54"
4019,347582.43313307303,5809475.006805061,0.5067215013873058,"i=93,j=55"
4020,347592.43313307303,5809475.006805061,0.7664572295574357,"i=93,j=56"
4021,347602.43313307303,5809475.006805061,0.09761556585900022,"i=93,j=57"
4022,347612.43313307303,5809475.006805061,0.3043087619141883,"i=93,j=58"
4023,347622.43313307303,5809475.006805061,0.6968798506602246,"i=93,j=59"
4024,347632.43313307303,5809475.006805061,0.8480483747167898,"i=93,j=60"
4025,347642.43313307303,5809475.006805061,0.7013902378331864,"i=93,j=61"
4026,347042.43313307303,5809465.006805061,0.8241124456413513,"i=94,j=1"
4027,347052.43313307303,5809465.006805061,0.5460653633759679,"i=94,j=2"
4028,347062.43313307303,5809465.006805061,0.8648257376067365,"i=94,j=3"
4029,347072.43313307303,5809465.006805061,0.2905443370530464,"i=94,j=4"
4030,347082.43313307303,5809465.006805061,0.5318573923852761,"i=94,j=5"
4031,347092.43313307303,5809465.006805061,0.05582679165794646,"i=94,j=6"
4032,347102.43313307303,5809465.006805061,0.26622473103903754,"i=94,j=7"
4033,347112.43313307303,5809465.006805061,0.5881197654315563,"i=94,j=8"
4034,347122.43313307303,5809465.006805061,0.17776141095177322,"i=94,j=9"
4035,347132.43313307303,5809465.006805061,0.7573565509679533,"i=94,j=10"
4036,347142.43313307303,5809465.006805061,0.3349768837769437,"i=94,j=11"
4037,347152.43313307303,5809465.006805061,0.340191466957373,"i=94,j=12"
4038,347162.43313307303,5809465.006805061,0.3735985708348166,"i=94,j=13"
4039,347172.43313307303,5809465.006805061,0.7900857034042115,"i=94,j=14"
4040,347182.43313307303,5809465.006805061,0.10148164850746266,"i=94,j=15"
4041,347192.43313307303,5809465.006805061,0.9861076159553347,"i=94,j=16"
4042,347202.43313307303,5809465.006805061,0.7576137763649389,"i=94,j=17"
4043,347212.43313307303,5809465.006805061,0.8135336581368924,"i=94,j=18"
4044,347222.43313307303,5809465.006805061,0.2749627633854891,"i=94,j=19"
4045,347232.43313307303,5809465.006805061,0.9982937388814604,"i=94,j=20"
4046,347242.43313307303,5809465.006805061,0.7972793879764108,"i=94,j=21"
4047,347252.43313307303,5809465.006805061,0.9077150772162956,"i=94,j=22"
4048,347262.43313307303,5809465.006805061,0.1916019099388825,"i=94,j=23"
4049,347272.43313307303,5809465.006805061,0.1289683553188854,"i=94,j=24"
4050,347282.43313307303,5809465.006805061,0.7416063618938776,"i=94,j=25"
4051,347292.43313307303,5809465.006805061,0.3326351554707291,"i=94,j=26"
4052,347302.43313307303,5809465.006805061,0.2072623773987039,"i=94,j=27"
4053,347312.43313307303,5809465.006805061,0.25865637097939587,"i=94,j=28"
4054,347322.43313307303,5809465.006805061,0.7700826045156377,"i=94,j=29"
4055,347332.43313307303,5809465.006805061,0.8837192258753105,"i=94,j=30"
4056,347342.43313307303,5809465.006805061,0.21538318105122667,"i=94,j=31"
4057,347352.43313307303,5809465.006805061,0.9978558610721541,"i=94,j=32"
4058,347362.43313307303,5809465.006805061,0.3198834152023087,"i=94,j=33"
4059,347372.43313307303,5809465.006805061,0.08683494706838657,"i=94,j=34"
4060,347382.43313307303,5809465.006805061,0.5262553012678667,"i=94,j=35"
4061,347602.43313307303,5809465.006805061,0.9838789926055151,"i=94,j=57"
4062,347612.43313307303,5809465.006805061,0.2932993594480382,"i=94,j=58"
4063,347622.43313307303,5809465.006805061,0.8467933508567982,"i=94,j=59"
4064,347632.43313307303,5809465.006805061,0.438906569307111,"i=94,j=60"
4065,347642.43313307303,5809465.006805061,0.5589961794593357,"i=94,j=61"
4066,347042.43313307303,5809455.006805061,0.38173026242273334,"i=95,j=1"
4067,347052.43313307303,5809455.006805061,0.1956454862496685,"i=95,j=2"
4068,347062.43313307303,5809455.006805061,0.482682407193058,"i=95,j=3"
4069,347072.43313307303,5809455.006805061,0.5542378414552016,"i=95,j=4"
4070,347082.43313307303,5809455.006805061,0.13477349364006708,"i=95,j=5"
4071,347092.43313307303,5809455.006805061,0.7692170079255829,"i=95,j=6"
4072,347102.43313307303,5809455.006805061,0.9460647473628607,"i=95,j=7"
4073,347112.43313307303,5809455.006805061,0.32647306463541226,"i=95,j=8"
4074,347122.43313307303,5809455.006805061,0.8562555897049845,"i=95,j=9"
4075,347132.43313307303,5809455.006805061,0.6389047174449752,"i=95,j=10"
4076,347142.43313307303,5809455.006805061,0.9768610779187717,"i=95,j=11"
4077,347152.43313307303,5809455.006805061,0.9629346928660706,"i=95,j=12"
4078,347162.43313307303,5809455.006805061,0.6668194132737089,"i=95,j=13"
4079,347172.43313307303,5809455.006805061,0.24772642622160201,"i=95,j=14"
4080,347182.43313307303,5809455.006805061,0.9270459273849198,"i=95,j=15"
4081,347192.43313307303,5809455.006805061,0.3998052579882576,"i=95,j=16"
4082,347202.43313307303,5809455.006805061,0.21689408946225375,"i=95,j=17"
4083,347212.43313307303,5809455.006805061,0.17469002405300849,"i=95,j=18"
4084,347222.43313307303,5809455.006805061,0.5943079493126262,"i=95,j=19"
4085,347232.43313307303,5809455.006805061,0.665714198988744,"i=95,j=20"
4086,347242.43313307303,5809455.006805061,0.7675029068249507,"i=95,j=21"
4087,347252.43313307303,5809455.006805061,0.03271493260376912,"i=95,j=22"
4088,347262.43313307303,5809455.006805061,0.7676839134458963,"i=95,j=23"
4089,347272.43313307303,5809455.006805061,0.22753735323527413,"i=95,j=24"
4090,347282.43313307303,5809455.006805061,0.3568119866314733,"i=95,j=25"
4091,347292.43313307303,5809455.006805061,0.8402763734208458,"i=95,j=26"
4092,347302.43313307303,5809455.006805061,0.6722842597303882,"i=95,j=27"
4093,347312.43313307303,5809455.006805061,0.37171275370984047,"i=95,j=28"
4094,347322.43313307303,5809455.006805061,0.29623960220071044,"i=95,j=29"
4095,347332.43313307303,5809455.006805061,0.6952454171045043,"i=95,j=30"
4096,347342.43313307303,5809455.006805061,0.21709119865790483,"i=95,j=31"
4097,347352.43313307303,5809455.006805061,0.9924696386203948,"i=95,j=32"
4098,347362.43313307303,5809455.006805061,0.33998066081255063,"i=95,j=33"
4099,347372.43313307303,5809455.006805061,0.9359614155733895,"i=95,j=34"
4100,347382.43313307303,5809455.006805061,0.5134174008547804,"i=95,j=35"
4101,347042.43313307303,5809445.006805061,0.7261431315381063,"i=96,j=1"
4102,347052.43313307303,5809445.006805061,0.4393483718198127,"i=96,j=2"
4103,347062.43313307303,5809445.006805061,0.19633821057464806,"i=96,j=3"
4104,347072.43313307303,5809445.006805061,0.9155280883661256,"i=96,j=4"
4105,347082.43313307303,5809445.006805061,0.2973168385256434,"i=96,j=5"
4106,347092.43313307303,5809445.006805061,0.9193020772041073,"i=96,j=6"
4107,347102.43313307303,5809445.006805061,0.4384922811722113,"i=96,j=7"
4108,347112.43313307303,5809445.006805061,0.04204536055359387,"i=96,j=8"
4109,347122.43313307303,5809445.006805061,0.662755439876939,"i=96,j=9"
4110,347132.43313307303,5809445.006805061,0.17042720341970619,"i=96,j=10"
4111,347142.43313307303,5809445.006805061,0.8583189548839342,"i=96,j=11"
4112,347152.43313307303,5809445.006805061,0.7280512824610208,"i=96,j=12"
4113,347162.43313307303,5809445.006805061,0.8645133063502425,"i=96,j=13"
4114,347172.43313307303,5809445.006805061,0.39907749572022577,"i=96,j=14"
4115,347182.43313307303,5809445.006805061,0.7173124492032541,"i=96,j=15"
4116,347192.43313307303,5809445.006805061,0.4957269258459064,"i=96,j=16"
4117,347202.43313307303,5809445.006805061,0.23641669982553137,"i=96,j=17"
4118,347212.43313307303,5809445.006805061,0.11086240719821983,"i=96,j=18"
4119,347222.43313307303,5809445.006805061,0.8908924622706063,"i=96,j=19"
4120,347232.43313307303,5809445.006805061,0.5197163595532622,"i=96,j=20"
4121,347242.43313307303,5809445.006805061,0.11049227041234855,"i=96,j=21"
4122,347252.43313307303,5809445.006805061,0.20026985273413878,"i=96,j=22"
4123,347262.43313307303,5809445.006805061,0.4871471683518509,"i=96,j=23"
4124,347272.43313307303,5809445.006805061,0.7086359095773588,"i=96,j=24"
4125,347282.43313307303,5809445.006805061,0.854876226528497,"i=96,j=25"
4126,347292.43313307303,5809445.006805061,0.6759423849493482,"i=96,j=26"
4127,347302.43313307303,5809445.006805061,0.2330099740955024,"i=96,j=27"
4128,347312.43313307303,5809445.006805061,0.8703292087367247,"i=96,j=28"
4129,347322.43313307303,5809445.006805061,0.24779035071709687,"i=96,j=29"
4130,347332.43313307303,5809445.006805061,0.4728174338994491,"i=96,j=30"
4131,347342.43313307303,5809445.006805061,0.32636628482709373,"i=96,j=31"
4132,347352.43313307303,5809445.006805061,0.0377873302254611,"i=96,j=32"
4133,347362.43313307303,5809445.006805061,0.9023353983545168,"i=96,j=33"
4134,347372.43313307303,5809445.006805061,0.5096992070465585,"i=96,j=34"
4135,347382.43313307303,5809445.006805061,0.5659163446551498,"i=96,j=35"
4136,347042.43313307303,5809435.006805061,0.7124049847600015,"i=97,j=1"
4137,347052.43313307303,5809435.006805061,0.06368150173000542,"i=97,j=2"
4138,347062.43313307303,5809435.006805061,0.13955316453706723,"i=97,j=3"
4139,347072.43313307303,5809435.006805061,0.9924687794764094,"i=97,j=4"
4140,347082.43313307303,5809435.006805061,0.06383624211096883,"i=97,j=5"
4141,347092.43313307303,5809435.006805061,0.21374548365896429,"i=97,j=6"
4142,347102.43313307303,5809435.006805061,0.054549534883440165,"i=97,j=7"
4143,347112.43313307303,5809435.006805061,0.9629395397882895,"i=97,j=8"
4144,347122.43313307303,5809435.006805061,0.9705577220120721,"i=97,j=9"
4145,347132.43313307303,5809435.006805061,0.8096195766612423,"i=97,j=10"
4146,347142.43313307303,5809435.006805061,0.24103873056691405,"i=97,j=11"
4147,347152.43313307303,5809435.006805061,0.6595376285294955,"i=97,j=12"
4148,347162.43313307303,5809435.006805061,0.37584323528266383,"i=97,j=13"
4149,347172.43313307303,5809435.006805061,0.44181422462103725,"i=97,j=14"
4150,347182.43313307303,5809435.006805061,0.21811928004909975,"i=97,j=15"
4151,347192.43313307303,5809435.006805061,0.21464087086398265,"i=97,j=16"
4152,347202.43313307303,5809435.006805061,0.8982542415510236,"i=97,j=17"
4153,347212.43313307303,5809435.006805061,0.50917370402716,"i=97,j=18"
4154,347222.43313307303,5809435.006805061,0.3457643765665549,"i=97,j=19"
4155,347232.43313307303,5809435.006805061,0.7530211796116705,"i=97,j=20"
4156,347242.43313307303,5809435.006805061,0.38278178050294287,"i=97,j=21"
4157,347252.43313307303,5809435.006805061,0.19588465157155288,"i=97,j=22"
4158,347262.43313307303,5809435.006805061,0.37744541233379847,"i=97,j=23"
4159,347272.43313307303,5809435.006805061,0.45792336144427415,"i=97,j=24"
4160,347282.43313307303,5809435.006805061,0.33751772970275296,"i=97,j=25"
4161,347292.43313307303,5809435.006805061,0.2673514324211653,"i=97,j=26"
4162,347302.43313307303,5809435.006805061,0.11063369157897751,"i=97,j=27"
4163,347312.43313307303,5809435.006805061,0.9258097881626889,"i=97,j=28"
4164,347322.43313307303,5809435.006805061,0.8986433311228371,"i=97,j=29"
4165,347332.43313307303,5809435.006805061,0.20943691988020763,"i=97,j=30"
4166,347342.43313307303,5809435.006805061,0.5816637214125487,"i=97,j=31"
4167,347352.43313307303,5809435.006805061,0.14805346066550806,"i=97,j=32"
4168,347362.43313307303,5809435.006805061,0.18745004903313933,"i=97,j=33"
4169,347372.43313307303,5809435.006805061,0.9189371409703402,"i=97,j=34"
4170,347082.43313307303,5809425.006805061,0.40498246036481056,"i=98,j=5"
4171,347092.43313307303,5809425.006805061,0.022723099945166414,"i=98,j=6"
4172,347102.43313307303,5809425.006805061,0.5253903987693987,"i=98,j=7"
4173,347112.43313307303,5809425.006805061,0.30540895496189324,"i=98,j=8"
4174,347122.43313307303,5809425.006805061,0.37032290554153424,"i=98,j=9"
4175,347132.43313307303,5809425.006805061,0.15766068048990478,"i=98,j=10"
4176,347142.43313307303,5809425.006805061,0.8413649502125412,"i=98,j=11"
4177,347152.43313307303,5809425.006805061,0.13540169279260228,"i=98,j=12"
4178,347162.43313307303,5809425.006805061,0.3148020848013865,"i=98,j=13"
4179,347172.43313307303,5809425.006805061,0.1988100044152884,"i=98,j=14"
4180,347182.43313307303,5809425.006805061,0.37650294516693894,"i=98,j=15"
4181,347192.43313307303,5809425.006805061,0.4141489794133122,"i=98,j=16"
4182,347202.43313307303,5809425.006805061,0.07014314323464421,"i=98,j=17"
4183,347212.43313307303,5809425.006805061,0.38711798655545815,"i=98,j=18"
4184,347222.43313307303,5809425.006805061,0.4917531858363041,"i=98,j=19"
4185,347232.43313307303,5809425.006805061,0.3580248811558706,"i=98,j=20"
4186,347242.43313307303,5809425.006805061,0.9893428521054392,"i=98,j=21"
4187,347252.43313307303,5809425.006805061,0.7373936067916538,"i=98,j=22"
4188,347262.43313307303,5809425.006805061,0.4567575378249791,"i=98,j=23"
4189,347272.43313307303,5809425.006805061,0.4781982567126625,"i=98,j=24"
4190,347282.43313307303,5809425.006805061,0.22867503784892362,"i=98,j=25"
4191,347292.43313307303,5809425.006805061,0.29376399937941755,"i=98,j=26"
4192,347302.43313307303,5809425.006805061,0.3384415479365458,"i=98,j=27"
4193,347312.43313307303,5809425.006805061,0.7620709268103477,"i=98,j=28"
4194,347322.43313307303,5809425.006805061,0.3179227997421292,"i=98,j=29"
4195,347332.43313307303,5809425.006805061,0.3612020004243399,"i=98,j=30"
4196,347342.43313307303,5809425.006805061,0.6419693785676905,"i=98,j=31"
4197,347352.43313307303,5809425.006805061,0.2800177484988219,"i=98,j=32"
4198,347362.43313307303,5809425.006805061,0.3700379641117717,"i=98,j=33"
4199,347372.43313307303,5809425.006805061,0.9271908892700642,"i=98,j=34"
4200,347122.43313307303,5809415.006805061,0.17550923713949007,"i=99,j=9"
4201,347132.43313307303,5809415.006805061,0.9651635177014704,"i=99,j=10"
4202,347142.43313307303,5809415.006805061,0.8521408006464614,"i=99,j=11"
4203,347152.43313307303,5809415.006805061,0.6313449491452154,"i=99,j=12"
4204,347162.43313307303,5809415.006805061,0.008607098114389977,"i=99,j=13"
4205,347172.43313307303,5809415.006805061,0.4255460787133166,"i=99,j=14"
4206,347182.43313307303,5809415.006805061,0.002750993166420801,"i=99,j=15"
4207,347192.43313307303,5809415.006805061,0.08022779278162895,"i=99,j=16"
4208,347202.43313307303,5809415.006805061,0.9659958282028734,"i=99,j=17"
4209,347212.43313307303,5809415.006805061,0.7918857243172306,"i=99,j=18"
4210,347222.43313307303,5809415.006805061,0.7651801443797944,"i=99,j=19"
4211,347232.43313307303,5809415.006805061,0.8252969300421755,"i=99,j=20"
4212,347242.43313307303,5809415.006805061,0.6672936563137527,"i=99,j=21"
4213,347252.43313307303,5809415.006805061,0.8872140291355092,"i=99,j=22"
4214,347262.43313307303,5809415.006805061,0.3046494096209196,"i=99,j=23"
4215,347272.43313307303,5809415.006805061,0.35044500368579545,"i=99,j=24"
4216,347282.43313307303,5809415.006805061,0.24807353868793836,"i=99,j=25"
4217,347292.43313307303,5809415.006805061,0.03359116613455626,"i=99,j=26"
4218,347302.43313307303,5809415.006805061,0.9055202712419858,"i=99,j=27"
4219,347312.43313307303,5809415.006805061,0.7320956797947207,"i=99,j=28"
4220,347322.43313307303,5809415.006805061,0.5051169423874653,"i=99,j=29"
4221,347332.43313307303,5809415.006805061,0.6103190391155182,"i=99,j=30"
4222,347342.43313307303,5809415.006805061,0.47588915639969487,"i=99,j=31"
4223,347352.43313307303,5809415.006805061,0.5398555208239065,"i=99,j=32"
4224,347362.43313307303,5809415.006805061,0.3671019444500526,"i=99,j=33"
4225,347372.43313307303,5809415.006805061,0.4650304994487544,"i=99,j=34"
4226,347162.43313307303,5809405.006805061,0.7473588832862715,"i=100,j=13"
4227,347172.43313307303,5809405.006805061,0.8025386190618266,"i=100,j=14"
4228,347182.43313307303,5809405.006805061,0.6427305357704268,"i=100,j=15"
4229,347192.43313307303,5809405.006805061,0.48200898597171715,"i=100,j=16"
4230,347202.43313307303,5809405.006805061,0.7389146725856454,"i=100,j=17"
4231,347212.43313307303,5809405.006805061,0.715429424744522,"i=100,j=18"
4232,347222.43313307303,5809405.006805061,0.446183456915237,"i=100,j=19"
4233,347232.43313307303,5809405.006805061,0.4590239875236548,"i=100,j=20"
4234,347242.43313307303,5809405.006805061,0.9773290319925062,"i=100,j=21"
4235,347252.43313307303,5809405.006805061,0.560387542720838,"i=100,j=22"
4236,347262.43313307303,5809405.006805061,0.32206789267512526,"i=100,j=23"
4237,347272.43313307303,5809405.006805061,0.5997677432532494,"i=100,j=24"
4238,347282.43313307303,5809405.006805061,0.026418376652031283,"i=100,j=25"
4239,347292.43313307303,5809405.006805061,0.35033341706017274,"i=100,j=26"
4240,347302.43313307303,5809405.006805061,0.3476483315443166,"i=100,j=27"
4241,347312.43313307303,5809405.006805061,0.7269694554849216,"i=100,j=28"
4242,347322.43313307303,5809405.006805061,0.7890221215882947,"i=100,j=29"
4243,347332.43313307303,5809405.006805061,0.5783018077805095,"i=100,j=30"
4244,347342.43313307303,5809405.006805061,0.41446399442312576,"i=100,j=31"
4245,347352.43313307303,5809405.006805061,0.8119235867446104,"i=100,j=32"
4246,347362.43313307303,5809405.006805061,0.017108551374101832,"i=100,j=33"
4247,347202.43313307303,5809395.006805061,0.8047415188429453,"i=101,j=17"
4248,347212.43313307303,5809395.006805061,0.3107409441435992,"i=101,j=18"
4249,347222.43313307303,5809395.006805061,0.9731818681650746,"i=101,j=19"
4250,347232.43313307303,5809395.006805061,0.38783205426110423,"i=101,j=20"
4251,347242.43313307303,5809395.006805061,0.6743571403726636,"i=101,j=21"
4252,347252.43313307303,5809395.006805061,0.7682116406404003,"i=101,j=22"
4253,347262.43313307303,5809395.006805061,0.04715300472277717,"i=101,j=23"
4254,347272.43313307303,5809395.006805061,0.6634313117441855,"i=101,j=24"
4255,347282.43313307303,5809395.006805061,0.1434627365412573,"i=101,j=25"
4256,347292.43313307303,5809395.006805061,0.5336163873872515,"i=101,j=26"
4257,347302.43313307303,5809395.006805061,0.904915038038523,"i=101,j=27"
4258,347312.43313307303,5809395.006805061,0.7199901643179502,"i=101,j=28"
4259,347322.43313307303,5809395.006805061,0.5174917092929375,"i=101,j=29"
4260,347332.43313307303,5809395.006805061,0.64686312298131,"i=101,j=30"
4261,347342.43313307303,5809395.006805061,0.16442791180724026,"i=101,j=31"
4262,347352.43313307303,5809395.006805061,0.8788712686106146,"i=101,j=32"
4263,347362.43313307303,5809395.006805061,0.058418302879748585,"i=101,j=33"
4264,347242.43313307303,5809385.006805061,0.8086350552355147,"i=102,j=21"
4265,347252.43313307303,5809385.006805061,0.6837752835063632,"i=102,j=22"
4266,347262.43313307303,5809385.006805061,0.7088014803553567,"i=102,j=23"
4267,347272.43313307303,5809385.006805061,0.9147591065176552,"i=102,j=24"
4268,347282.43313307303,5809385.006805061,0.24011906791921633,"i=102,j=25"
4269,347292.43313307303,5809385.006805061,0.9684800103147301,"i=102,j=26"
4270,347302.43313307303,5809385.006805061,0.909817138174807,"i=102,j=27"
4271,347312.43313307303,5809385.006805061,0.6229874239689437,"i=102,j=28"
4272,347322.43313307303,5809385.006805061,0.8956869875521118,"i=102,j=29"
4273,347332.43313307303,5809385.006805061,0.6073986363681433,"i=102,j=30"
4274,347342.43313307303,5809385.006805061,0.32769937078818223,"i=102,j=31"
4275,347352.43313307303,5809385.006805061,0.06150521365825168,"i=102,j=32"
4276,347362.43313307303,5809385.006805061,0.4367991556121482,"i=102,j=33"
