,x,y,v,id
0,12.75041093716988,52.422436886116536,0.6797305302309862,"i=0,j=0"
1,12.75055787722993,52.422439682809156,0.5218919827979669,"i=0,j=1"
2,12.750704817314093,52.422442479319294,0.06781688636307026,"i=0,j=2"
3,12.750851757422367,52.42244527564695,0.8851643788950638,"i=0,j=3"
4,12.750998697554754,52.42244807179212,0.8413375296445688,"i=0,j=4"
5,12.751145637711248,52.4224508677548,0.21266577200225079,"i=0,j=5"
6,12.751292577891851,52.422453663534995,0.007376781831796353,"i=0,j=6"
7,12.751439518096559,52.42245645913272,0.1675000242526814,"i=0,j=7"
8,12.751586458325372,52.42245925454794,0.026549703082773934,"i=0,j=8"
9,12.751733398578285,52.422462049780684,0.08200839259297277,"i=0,j=9"
10,12.751880338855301,52.42246484483094,0.9853709737743889,"i=0,j=10"
11,12.752027279156417,52.422467639698716,0.3357055438427373,"i=0,j=11"
12,12.752174219481631,52.42247043438401,0.6953499475131598,"i=0,j=12"
13,12.752321159830942,52.42247322888681,0.5277300977765491,"i=0,j=13"
14,12.752468100204347,52.422476023207125,0.9465266309566027,"i=0,j=14"
15,12.752615040601844,52.42247881734496,0.6416204417937936,"i=0,j=15"
16,12.752761981023435,52.4224816113003,0.8887349574273342,"i=0,j=16"
17,12.752908921469116,52.422484405073156,0.6712189322920361,"i=0,j=17"
18,12.753055861938883,52.42248719866353,0.22571313676477045,"i=0,j=18"
19,12.753202802432739,52.42248999207142,0.8458014671316567,"i=0,j=19"
20,12.753349742950682,52.422492785296825,0.12671169389619175,"i=0,j=20"
21,12.753496683492706,52.422495578339735,0.23641965438112034,"i=0,j=21"
22,12.753643624058814,52.42249837120016,0.6495810650029992,"i=0,j=22"
23,12.753790564649002,52.4225011638781,0.022109973598864907,"i=0,j=23"
24,12.75393750526327,52.42250395637357,0.5569952166686432,"i=0,j=24"
25,12.754084445901615,52.42250674868654,0.17838826134854258,"i=0,j=25"
26,12.754231386564035,52.42250954081702,0.21489089902503655,"i=0,j=26"
27,12.754378327250532,52.42251233276502,0.12056567007713848,"i=0,j=27"
28,12.754525267961101,52.42251512453053,0.6717311503236609,"i=0,j=28"
29,12.754672208695741,52.42251791611355,0.6065403499202511,"i=0,j=29"
30,12.75481914945445,52.42252070751408,0.613059061771749,"i=0,j=30"
31,12.754966090237229,52.42252349873214,0.10099032985807188,"i=0,j=31"
32,12.755113031044074,52.42252628976771,0.4237056215276743,"i=0,j=32"
33,12.755259971874985,52.42252908062078,0.842421819551284,"i=0,j=33"
34,12.755406912729958,52.42253187129137,0.7886623735781667,"i=0,j=34"
35,12.755553853608992,52.42253466177947,0.711111432985842,"i=0,j=35"
36,12.755700794512089,52.42253745208509,0.0474773488441409,"i=0,j=36"
37,12.755847735439245,52.422540242208214,0.14271324091656934,"i=0,j=37"
38,12.755994676390454,52.422543032148866,0.19918713282328326,"i=0,j=38"
39,12.756141617365724,52.42254582190701,0.5880738991029779,"i=0,j=39"
40,12.756288558365043,52.422548611482675,0.11733679896502247,"i=0,j=40"
41,12.756435499388418,52.42255140087586,0.7297119664615365,"i=0,j=41"
42,12.756582440435844,52.42255419008655,0.519442693769349,"i=0,j=42"
43,12.756729381507318,52.422556979114745,0.3667448953935136,"i=0,j=43"
44,12.75687632260284,52.422559767960465,0.6649572012830569,"i=0,j=44"
45,12.75702326372241,52.422562556623696,0.6628091276331849,"i=0,j=45"
46,12.757170204866023,52.42256534510444,0.03783168709217155,"i=0,j=46"
47,12.757317146033678,52.422568133402685,0.29471399924008534,"i=0,j=47"
48,12.757464087225378,52.42257092151845,0.28481970572484017,"i=0,j=48"
49,12.757611028441115,52.422573709451726,0.5085468485817877,"i=0,j=49"
50,12.757757969680892,52.42257649720252,0.6073132730227407,"i=0,j=50"
51,12.757904910944704,52.42257928477082,0.5648221900384046,"i=0,j=51"
52,12.758051852232553,52.42258207215664,0.19107722262466464,"i=0,j=52"
53,12.758198793544436,52.42258485935996,0.14118618814194783,"i=0,j=53"
54,12.75834573488035,52.4225876463808,0.7258241335966154,"i=0,j=54"
55,12.758492676240294,52.42259043321914,0.7088384332761275,"i=0,j=55"
56,12.758639617624269,52.422593219875004,0.5694012093228685,"i=0,j=56"
57,12.758786559032272,52.42259600634837,0.9695863718972063,"i=0,j=57"
58,12.758933500464298,52.42259879263925,0.02916027296363155,"i=0,j=58"
59,12.75908044192035,52.42260157874764,0.2720697810505316,"i=0,j=59"
60,12.759227383400424,52.42260436467355,0.7849294282387981,"i=0,j=60"
61,12.75937432490452,52.422607150416965,0.24117760447199244,"i=0,j=61"
62,12.759521266432635,52.422609935977896,0.014522851659129477,"i=0,j=62"
63,12.759668207984769,52.422612721356316,0.2875502786142945,"i=0,j=63"
64,12.75981514956092,52.422615506552276,0.29104024295002884,"i=0,j=64"
65,12.759962091161082,52.42261829156574,0.9175912700405974,"i=0,j=65"
66,12.76010903278526,52.42262107639671,0.47931748924857487,"i=0,j=66"
67,12.76025597443345,52.42262386104519,0.8758628505238677,"i=0,j=67"
68,12.760402916105653,52.42262664551119,0.472296842784917,"i=0,j=68"
69,12.76054985780186,52.42262942979469,0.6185341935372921,"i=0,j=69"
70,12.760696799522075,52.422632213895696,0.870027472794399,"i=0,j=70"
71,12.760843741266296,52.42263499781422,0.5146144203243037,"i=0,j=71"
72,12.760990683034523,52.42263778155025,0.3607082363921299,"i=0,j=72"
73,12.76113762482675,52.4226405651038,0.20453350370360557,"i=0,j=73"
74,12.761284566642978,52.42264334847485,0.7841667676022168,"i=0,j=74"
75,12.761431508483204,52.42264613166341,0.36773296527091415,"i=0,j=75"
76,12.761578450347432,52.42264891466948,0.3509634610595084,"i=0,j=76"
77,12.761725392235652,52.42265169749307,0.17361472744733208,"i=0,j=77"
78,12.761872334147869,52.42265448013417,0.33296628857317456,"i=0,j=78"
79,12.762019276084077,52.422657262592764,0.6622740887470486,"i=0,j=79"
80,12.762166218044277,52.422660044868884,0.19379262435093703,"i=0,j=80"
81,12.762313160028468,52.42266282696251,0.5593063277982596,"i=0,j=81"
82,12.762460102036647,52.42266560887364,0.12818596728189613,"i=0,j=82"
83,12.76260704406881,52.42266839060228,0.6598536633981162,"i=0,j=83"
84,12.750415511824995,52.42234705235512,0.5251514811111357,"i=1,j=0"
85,12.75056245158685,52.422349849038724,0.9873687538338048,"i=1,j=1"
86,12.750709391372817,52.422352645539846,0.9350495576697105,"i=1,j=2"
87,12.750856331182895,52.422355441858485,0.06558539914060812,"i=1,j=3"
88,12.751003271017085,52.422358237994644,0.3384778031179716,"i=1,j=4"
89,12.751150210875382,52.42236103394832,0.4749718142324405,"i=1,j=5"
90,12.751297150757788,52.4223638297195,0.3394666768880521,"i=1,j=6"
91,12.7514440906643,52.42236662530819,0.2615478656655462,"i=1,j=7"
92,12.751591030594914,52.422369420714425,0.04922687729070663,"i=1,j=8"
93,12.751737970549632,52.422372215938154,0.36359637133971046,"i=1,j=9"
94,12.751884910528451,52.4223750109794,0.3570403015459189,"i=1,j=10"
95,12.752031850531369,52.42237780583816,0.6305662575073577,"i=1,j=11"
96,12.752178790558384,52.422380600514444,0.9139767391447648,"i=1,j=12"
97,12.752325730609497,52.42238339500824,0.16764020174119654,"i=1,j=13"
98,12.752472670684703,52.422386189319546,0.4369128761462493,"i=1,j=14"
99,12.752619610784004,52.42238898344837,0.9762930069546201,"i=1,j=15"
100,12.752766550907396,52.42239177739471,0.5375819522584452,"i=1,j=16"
101,12.752913491054878,52.42239457115856,0.8038074231259,"i=1,j=17"
102,12.753060431226448,52.42239736473993,0.10749385929336774,"i=1,j=18"
103,12.753207371422105,52.42240015813881,0.8585309893799282,"i=1,j=19"
104,12.753354311641848,52.4224029513552,0.36059493420448585,"i=1,j=20"
105,12.753501251885673,52.42240574438912,0.969606641283037,"i=1,j=21"
106,12.753648192153582,52.42240853724054,0.6327558391441661,"i=1,j=22"
107,12.753795132445571,52.42241132990948,0.5042763224264162,"i=1,j=23"
108,12.753942072761639,52.422414122395935,0.8319147732340555,"i=1,j=24"
109,12.754089013101783,52.42241691469991,0.356351223470988,"i=1,j=25"
110,12.754235953466004,52.42241970682139,0.5207715529626726,"i=1,j=26"
111,12.7543828938543,52.42242249876038,0.11634406279316711,"i=1,j=27"
112,12.754529834266668,52.4224252905169,0.8480217013514441,"i=1,j=28"
113,12.75467677470311,52.422428082090924,0.30059012550012,"i=1,j=29"
114,12.754823715163619,52.422430873482455,0.30929846316993215,"i=1,j=30"
115,12.754970655648195,52.42243366469151,0.3689625648889302,"i=1,j=31"
116,12.755117596156838,52.42243645571808,0.5740776521961661,"i=1,j=32"
117,12.755264536689547,52.422439246562156,0.6075549802999163,"i=1,j=33"
118,12.75541147724632,52.42244203722375,0.9052905396016538,"i=1,j=34"
119,12.755558417827153,52.422444827702854,0.5376647377671127,"i=1,j=35"
120,12.755705358432047,52.42244761799948,0.4200606579517504,"i=1,j=36"
121,12.755852299061,52.42245040811361,0.5335516585928031,"i=1,j=37"
122,12.75599923971401,52.42245319804526,0.08575869021401994,"i=1,j=38"
123,12.756146180391076,52.42245598779442,0.9326534322029912,"i=1,j=39"
124,12.756293121092195,52.42245877736109,0.47752340797363546,"i=1,j=40"
125,12.756440061817367,52.422461566745284,0.09857438941345109,"i=1,j=41"
126,12.756587002566588,52.42246435594697,0.21358373777091988,"i=1,j=42"
127,12.75673394333986,52.42246714496619,0.8854719589761761,"i=1,j=43"
128,12.75688088413718,52.422469933802915,0.4225489042052406,"i=1,j=44"
129,12.757027824958545,52.42247272245716,0.9555549901879976,"i=1,j=45"
130,12.757174765803954,52.422475510928905,0.3096599858949469,"i=1,j=46"
131,12.757321706673407,52.422478299218184,0.014109100169339528,"i=1,j=47"
132,12.757468647566903,52.422481087324954,0.18096605677800903,"i=1,j=48"
133,12.757615588484436,52.42248387524924,0.3380026673174824,"i=1,j=49"
134,12.757762529426008,52.42248666299105,0.6333562016314573,"i=1,j=50"
135,12.757909470391617,52.42248945055036,0.6624948902512486,"i=1,j=51"
136,12.758056411381261,52.42249223792719,0.6761408821322061,"i=1,j=52"
137,12.758203352394938,52.42249502512152,0.39473293018018907,"i=1,j=53"
138,12.758350293432649,52.42249781213337,0.3740040645127648,"i=1,j=54"
139,12.75849723449439,52.422500598962735,0.1555522629750722,"i=1,j=55"
140,12.758644175580159,52.42250338560961,0.2401295646170467,"i=1,j=56"
141,12.758791116689956,52.422506172074,0.5599759253014727,"i=1,j=57"
142,12.758938057823777,52.4225089583559,0.00961220001474472,"i=1,j=58"
143,12.759084998981622,52.42251174445531,0.03335363955507287,"i=1,j=59"
144,12.759231940163492,52.42251453037224,0.8771292973882544,"i=1,j=60"
145,12.759378881369381,52.42251731610667,0.5252799746890854,"i=1,j=61"
146,12.75952582259929,52.42252010165862,0.2152038403542771,"i=1,j=62"
147,12.759672763853217,52.42252288702807,0.1319359105118837,"i=1,j=63"
148,12.75981970513116,52.42252567221504,0.8023511091176051,"i=1,j=64"
149,12.759966646433119,52.42252845721952,0.2820305107596851,"i=1,j=65"
150,12.760113587759092,52.42253124204152,0.8407074315122915,"i=1,j=66"
151,12.760260529109074,52.422534026681014,0.7166754771313609,"i=1,j=67"
152,12.760407470483067,52.42253681113804,0.29898065951645747,"i=1,j=68"
153,12.760554411881069,52.422539595412566,0.03177480110469133,"i=1,j=69"
154,12.760701353303077,52.4225423795046,0.7871914611850996,"i=1,j=70"
155,12.760848294749088,52.42254516341416,0.5213058499992992,"i=1,j=71"
156,12.760995236219106,52.42254794714121,0.7494995451939935,"i=1,j=72"
157,12.761142177713126,52.42255073068579,0.12542932019184205,"i=1,j=73"
158,12.761289119231147,52.42255351404787,0.54822681257367,"i=1,j=74"
159,12.761436060773166,52.42255629722745,0.08200392872691409,"i=1,j=75"
160,12.761583002339181,52.42255908022456,0.7709460042460295,"i=1,j=76"
161,12.761729943929193,52.42256186303917,0.517221018166465,"i=1,j=77"
162,12.761876885543202,52.422564645671294,0.04106427315817274,"i=1,j=78"
163,12.762023827181201,52.42256742812093,0.6684012080685852,"i=1,j=79"
164,12.762170768843193,52.42257021038807,0.296760710171879,"i=1,j=80"
165,12.762317710529173,52.42257299247273,0.653599343159721,"i=1,j=81"
166,12.762464652239142,52.422575774374906,0.32441386517074533,"i=1,j=82"
167,12.762611593973098,52.422578556094585,0.4018258621231142,"i=1,j=83"
168,12.750420086455996,52.422257218592044,0.9064005688225792,"i=2,j=0"
169,12.750567025919656,52.42226001526662,0.2513847967742382,"i=2,j=1"
170,12.750713965407428,52.42226281175874,0.3418359512379904,"i=2,j=2"
171,12.750860904919312,52.42226560806837,0.3319288728243184,"i=2,j=3"
172,12.751007844455307,52.422268404195506,0.6372125598106275,"i=2,j=4"
173,12.75115478401541,52.422271200140166,0.7117595287013966,"i=2,j=5"
174,12.751301723599619,52.422273995902344,0.005489504386727018,"i=2,j=6"
175,12.751448663207935,52.42227679148203,0.6139000756358187,"i=2,j=7"
176,12.751595602840355,52.42227958687924,0.594045423930761,"i=2,j=8"
177,12.751742542496878,52.422282382093954,0.7572426856526708,"i=2,j=9"
178,12.7518894821775,52.4222851771262,0.15971807413198902,"i=2,j=10"
179,12.752036421882222,52.42228797197595,0.5507743622748756,"i=2,j=11"
180,12.752183361611044,52.422290766643215,0.8435690076768043,"i=2,j=12"
181,12.75233030136396,52.422293561128,0.02050662573171136,"i=2,j=13"
182,12.75247724114097,52.422296355430305,0.542893381167676,"i=2,j=14"
183,12.752624180942073,52.42229914955012,0.4760805233771983,"i=2,j=15"
184,12.752771120767267,52.42230194348745,0.07314002817226228,"i=2,j=16"
185,12.752918060616553,52.4223047372423,0.6335078055854118,"i=2,j=17"
186,12.753065000489926,52.422307530814656,0.42809091909667385,"i=2,j=18"
187,12.753211940387384,52.42231032420454,0.6650846817954534,"i=2,j=19"
188,12.75335888030893,52.42231311741193,0.8025821783348345,"i=2,j=20"
189,12.75350582025456,52.422315910436836,0.1784313174056994,"i=2,j=21"
190,12.75365276022427,52.42231870327925,0.23517559115152797,"i=2,j=22"
191,12.753799700218062,52.4223214959392,0.05220682214961814,"i=2,j=23"
192,12.75394664023593,52.42232428841664,0.348530963230991,"i=2,j=24"
193,12.754093580277877,52.42232708071161,0.25361944774290246,"i=2,j=25"
194,12.7542405203439,52.42232987282409,0.910585965391307,"i=2,j=26"
195,12.754387460433998,52.422332664754094,0.23917940105377766,"i=2,j=27"
196,12.754534400548167,52.4223354565016,0.03793357396202568,"i=2,j=28"
197,12.754681340686407,52.42233824806664,0.2244673749426136,"i=2,j=29"
198,12.754828280848717,52.42234103944917,0.5946300716324632,"i=2,j=30"
199,12.754975221035094,52.422343830649226,0.2718251509989935,"i=2,j=31"
200,12.755122161245538,52.4223466216668,0.06867520804253857,"i=2,j=32"
201,12.755269101480048,52.42234941250187,0.4844958988654833,"i=2,j=33"
202,12.75541604173862,52.42235220315448,0.11928305593847743,"i=2,j=34"
203,12.755562982021255,52.42235499362459,0.7600714146756175,"i=2,j=35"
204,12.755709922327949,52.42235778391221,0.8139156804979902,"i=2,j=36"
205,12.755856862658701,52.42236057401736,0.26108155348997486,"i=2,j=37"
206,12.75600380301351,52.42236336394001,0.08589025641117742,"i=2,j=38"
207,12.756150743392375,52.42236615368017,0.5526304475513646,"i=2,j=39"
208,12.756297683795292,52.422368943237856,0.505227272028065,"i=2,j=40"
209,12.756444624222263,52.422371732613044,0.47955798450125564,"i=2,j=41"
210,12.756591564673284,52.42237452180576,0.9139317392671323,"i=2,j=42"
211,12.756738505148356,52.422377310815975,0.7850446067600626,"i=2,j=43"
212,12.756885445647473,52.42238009964372,0.13900477751041185,"i=2,j=44"
213,12.757032386170637,52.42238288828896,0.18317525393965006,"i=2,j=45"
214,12.757179326717845,52.42238567675172,0.14473855423992876,"i=2,j=46"
215,12.757326267289095,52.42238846503199,0.512944387049307,"i=2,j=47"
216,12.757473207884386,52.42239125312979,0.7826006397710484,"i=2,j=48"
217,12.757620148503719,52.422394041045095,0.34206770675659537,"i=2,j=49"
218,12.75776708914709,52.422396828777906,0.026522258664474663,"i=2,j=50"
219,12.757914029814497,52.42239961632823,0.26222174439524626,"i=2,j=51"
220,12.758060970505937,52.422402403696076,0.8934168938634451,"i=2,j=52"
221,12.758207911221412,52.42240519088143,0.08741820573695969,"i=2,j=53"
222,12.758354851960918,52.4224079778843,0.7175769147296239,"i=2,j=54"
223,12.758501792724456,52.42241076470467,0.609365745224133,"i=2,j=55"
224,12.75864873351202,52.422413551342565,0.900905414449411,"i=2,j=56"
225,12.758795674323613,52.422416337797976,0.7004537522608469,"i=2,j=57"
226,12.758942615159231,52.42241912407089,0.6307580080820855,"i=2,j=58"
227,12.759089556018873,52.42242191016131,0.3313757171226547,"i=2,j=59"
228,12.759236496902538,52.42242469606926,0.6948185644584026,"i=2,j=60"
229,12.759383437810223,52.42242748179472,0.46937291495773503,"i=2,j=61"
230,12.759530378741928,52.42243026733769,0.49475659598433386,"i=2,j=62"
231,12.75967731969765,52.42243305269816,0.1558962126347324,"i=2,j=63"
232,12.759824260677389,52.42243583787616,0.22870077823713053,"i=2,j=64"
233,12.759971201681141,52.42243862287166,0.04948092118038094,"i=2,j=65"
234,12.760118142708908,52.422441407684666,0.3742636599236667,"i=2,j=66"
235,12.760265083760686,52.4224441923152,0.6873809929963628,"i=2,j=67"
236,12.760412024836473,52.42244697676325,0.1505576576530956,"i=2,j=68"
237,12.76055896593627,52.42244976102879,0.7109738025646064,"i=2,j=69"
238,12.760705907060071,52.422452545111845,0.9025467575751602,"i=2,j=70"
239,12.760852848207877,52.42245532901242,0.726099287870576,"i=2,j=71"
240,12.760999789379689,52.42245811273051,0.5680850385499412,"i=2,j=72"
241,12.761146730575504,52.42246089626611,0.9812045808592343,"i=2,j=73"
242,12.761293671795316,52.422463679619206,0.6993623786461332,"i=2,j=74"
243,12.76144061303913,52.42246646278984,0.4497487954303725,"i=2,j=75"
244,12.761587554306939,52.42246924577797,0.8982637919630763,"i=2,j=76"
245,12.761734495598745,52.42247202858361,0.23180057964131462,"i=2,j=77"
246,12.761881436914544,52.42247481120676,0.7771635363372734,"i=2,j=78"
247,12.762028378254335,52.422477593647436,0.24398830169110475,"i=2,j=79"
248,12.76217531961812,52.42248037590561,0.7743534498196748,"i=2,j=80"
249,12.762322261005892,52.42248315798129,0.33349524374236317,"i=2,j=81"
250,12.762469202417654,52.422485939874484,0.7657403894067552,"i=2,j=82"
251,12.762616143853402,52.422488721585204,0.618926690945192,"i=2,j=83"
252,12.75042466106288,52.42216738482732,0.08421986188991704,"i=3,j=0"
253,12.750571600228346,52.42217018149289,0.15509228302991307,"i=3,j=1"
254,12.750718539417928,52.42217297797598,0.6205911036913261,"i=3,j=2"
255,12.750865478631619,52.4221757742766,0.23302829812483328,"i=3,j=3"
256,12.75101241786942,52.42217857039473,0.9601327540376738,"i=3,j=4"
257,12.751159357131328,52.42218136633037,0.26281818644260013,"i=3,j=5"
258,12.751306296417345,52.422184162083525,0.3159481567297254,"i=3,j=6"
259,12.75145323572747,52.422186957654205,0.9425447122387863,"i=3,j=7"
260,12.751600175061695,52.42218975304241,0.1815906954897123,"i=3,j=8"
261,12.751747114420022,52.42219254824811,0.2504466661105955,"i=3,j=9"
262,12.75189405380245,52.42219534327134,0.4425938893757594,"i=3,j=10"
263,12.752040993208977,52.42219813811209,0.6721125231989601,"i=3,j=11"
264,12.752187932639604,52.422200932770345,0.018809813228132133,"i=3,j=12"
265,12.752334872094325,52.422203727246114,0.6896562441197497,"i=3,j=13"
266,12.752481811573142,52.42220652153942,0.413360185420535,"i=3,j=14"
267,12.75262875107605,52.42220931565022,0.8622377767683254,"i=3,j=15"
268,12.752775690603048,52.42221210957855,0.20578703345840088,"i=3,j=16"
269,12.752922630154139,52.42221490332439,0.5417002911123676,"i=3,j=17"
270,12.753069569729316,52.42221769688774,0.9071365273348646,"i=3,j=18"
271,12.753216509328581,52.42222049026862,0.7856109984416875,"i=3,j=19"
272,12.753363448951928,52.422223283467005,0.9556134382848523,"i=3,j=20"
273,12.753510388599363,52.422226076482914,0.6086582162692692,"i=3,j=21"
274,12.753657328270876,52.422228869316335,0.14097355111318066,"i=3,j=22"
275,12.75380426796647,52.42223166196726,0.5705117655641678,"i=3,j=23"
276,12.753951207686145,52.42223445443571,0.35561874648098957,"i=3,j=24"
277,12.754098147429895,52.42223724672168,0.20326919245322184,"i=3,j=25"
278,12.75424508719772,52.422240038825166,0.42259282001252474,"i=3,j=26"
279,12.75439202698962,52.42224283074616,0.07008771153508464,"i=3,j=27"
280,12.754538966805592,52.42224562248467,0.23203948517890616,"i=3,j=28"
281,12.754685906645635,52.422248414040695,0.9478018241690311,"i=3,j=29"
282,12.754832846509748,52.42225120541424,0.4180850807399057,"i=3,j=30"
283,12.754979786397929,52.42225399660529,0.7542815440241185,"i=3,j=31"
284,12.755126726310175,52.42225678761386,0.11569538418737424,"i=3,j=32"
285,12.755273666246485,52.42225957843995,0.8828919955134077,"i=3,j=33"
286,12.75542060620686,52.42226236908356,0.7809634202566889,"i=3,j=34"
287,12.755567546191294,52.422265159544665,0.1580989684827222,"i=3,j=35"
288,12.75571448619979,52.42226794982329,0.5763157964111727,"i=3,j=36"
289,12.755861426232345,52.42227073991944,0.5029004755460241,"i=3,j=37"
290,12.756008366288954,52.422273529833106,0.4665462849899318,"i=3,j=38"
291,12.756155306369621,52.42227631956428,0.7422919921309274,"i=3,j=39"
292,12.75630224647434,52.422279109112964,0.12936889351446934,"i=3,j=40"
293,12.75644918660311,52.42228189847916,0.8378463474820579,"i=3,j=41"
294,12.756596126755932,52.42228468766288,0.7498716782252091,"i=3,j=42"
295,12.756743066932803,52.42228747666411,0.949960903958589,"i=3,j=43"
296,12.756890007133721,52.422290265482864,0.358093774647397,"i=3,j=44"
297,12.757036947358683,52.42229305411912,0.8983442759872906,"i=3,j=45"
298,12.757183887607692,52.42229584257289,0.7378861679147797,"i=3,j=46"
299,12.757330827880741,52.42229863084418,0.9070360544315644,"i=3,j=47"
300,12.757477768177834,52.42230141893298,0.13483424969713365,"i=3,j=48"
301,12.757624708498964,52.42230420683929,0.00494556020914394,"i=3,j=49"
302,12.757771648844132,52.42230699456312,0.23144903810947304,"i=3,j=50"
303,12.757918589213338,52.42230978210447,0.8399871377562833,"i=3,j=51"
304,12.758065529606577,52.42231256946332,0.09969706883859686,"i=3,j=52"
305,12.758212470023851,52.422315356639686,0.9621652648459506,"i=3,j=53"
306,12.758359410465157,52.42231814363357,0.4325873877941574,"i=3,j=54"
307,12.758506350930492,52.422320930444975,0.7916110980641852,"i=3,j=55"
308,12.758653291419856,52.422323717073866,0.5004142046378586,"i=3,j=56"
309,12.758800231933245,52.422326503520296,0.056725053367239764,"i=3,j=57"
310,12.758947172470661,52.42232928978423,0.446387747663893,"i=3,j=58"
311,12.759094113032102,52.422332075865675,0.40233037540247263,"i=3,j=59"
312,12.759241053617565,52.42233486176464,0.23473060134911694,"i=3,j=60"
313,12.759387994227046,52.422337647481115,0.1421268262657096,"i=3,j=61"
314,12.759534934860548,52.42234043301511,0.3197484288427448,"i=3,j=62"
315,12.759681875518067,52.422343218366606,0.3904841628232836,"i=3,j=63"
316,12.759828816199603,52.42234600353562,0.5996194714088694,"i=3,j=64"
317,12.759975756905153,52.42234878852214,0.41873896185459625,"i=3,j=65"
318,12.760122697634714,52.42235157332618,0.5211722569667215,"i=3,j=66"
319,12.760269638388287,52.422354357947725,0.9765939911400634,"i=3,j=67"
320,12.76041657916587,52.42235714238679,0.8059759240161218,"i=3,j=68"
321,12.760563519967462,52.422359926643374,0.4547155432965089,"i=3,j=69"
322,12.76071046079306,52.42236271071745,0.09609940796672634,"i=3,j=70"
323,12.760857401642664,52.42236549460905,0.39201112667280447,"i=3,j=71"
324,12.76100434251627,52.42236827831816,0.22068416011245562,"i=3,j=72"
325,12.761151283413879,52.42237106184479,0.9245931963470531,"i=3,j=73"
326,12.761298224335487,52.42237384518892,0.5388250805755741,"i=3,j=74"
327,12.761445165281096,52.42237662835058,0.5877168458748149,"i=3,j=75"
328,12.7615921062507,52.422379411329736,0.8269732224978597,"i=3,j=76"
329,12.7617390472443,52.422382194126406,0.5086922636365087,"i=3,j=77"
330,12.761885988261893,52.42238497674059,0.6972662930107871,"i=3,j=78"
331,12.76203292930348,52.42238775917229,0.08690476698886374,"i=3,j=79"
332,12.762179870369057,52.42239054142149,0.4142761664828791,"i=3,j=80"
333,12.762326811458625,52.42239332348821,0.9981584583925551,"i=3,j=81"
334,12.762473752572179,52.42239610537244,0.7871801265485322,"i=3,j=82"
335,12.762620693709717,52.42239888707419,0.9326962092894305,"i=3,j=83"
336,12.750429235645653,52.42207755106093,0.4266224315163588,"i=4,j=0"
337,12.750576174512927,52.42208034771749,0.772609780733902,"i=4,j=1"
338,12.750723113404314,52.42208314419157,0.7954445372187322,"i=4,j=2"
339,12.750870052319813,52.42208594048317,0.753860711023087,"i=4,j=3"
340,12.751016991259423,52.42208873659228,0.5361498005401147,"i=4,j=4"
341,12.751163930223143,52.42209153251892,0.6662770067818394,"i=4,j=5"
342,12.751310869210966,52.422094328263064,0.1273478920443949,"i=4,j=6"
343,12.751457808222897,52.42209712382473,0.7523623540142944,"i=4,j=7"
344,12.75160474725893,52.42209991920391,0.30839215402397524,"i=4,j=8"
345,12.751751686319066,52.422102714400616,0.43467475267108946,"i=4,j=9"
346,12.751898625403303,52.422105509414834,0.28434941387421553,"i=4,j=10"
347,12.752045564511638,52.422108304246564,0.47893833493273685,"i=4,j=11"
348,12.75219250364407,52.42211109889582,0.629230569390049,"i=4,j=12"
349,12.752339442800599,52.422113893362585,0.7969043901351524,"i=4,j=13"
350,12.752486381981221,52.42211668764687,0.609848520762945,"i=4,j=14"
351,12.752633321185936,52.422119481748666,0.45972784673027756,"i=4,j=15"
352,12.752780260414742,52.42212227566798,0.3304308959698069,"i=4,j=16"
353,12.752927199667637,52.42212506940482,0.8879664900683298,"i=4,j=17"
354,12.753074138944621,52.42212786295917,0.8125690782827539,"i=4,j=18"
355,12.75322107824569,52.42213065633104,0.6909947385475885,"i=4,j=19"
356,12.753368017570846,52.42213344952043,0.4719608914066661,"i=4,j=20"
357,12.753514956920084,52.42213624252732,0.5648853541121963,"i=4,j=21"
358,12.753661896293403,52.42213903535174,0.6959565690995915,"i=4,j=22"
359,12.753808835690803,52.42214182799367,0.98269795361674,"i=4,j=23"
360,12.753955775112281,52.42214462045312,0.03071595799814386,"i=4,j=24"
361,12.754102714557837,52.42214741273008,0.046036482502562204,"i=4,j=25"
362,12.754249654027467,52.42215020482456,0.48373204956814375,"i=4,j=26"
363,12.754396593521172,52.42215299673656,0.3470323955007011,"i=4,j=27"
364,12.754543533038948,52.42215578846607,0.14509064252428017,"i=4,j=28"
365,12.754690472580796,52.4221585800131,0.5460345850250927,"i=4,j=29"
366,12.754837412146712,52.42216137137764,0.2668615271147696,"i=4,j=30"
367,12.754984351736695,52.422164162559696,0.644115366476693,"i=4,j=31"
368,12.755131291350747,52.42216695355928,0.5768690136214271,"i=4,j=32"
369,12.755278230988859,52.42216974437637,0.23171711620959823,"i=4,j=33"
370,12.755425170651037,52.422172535010965,0.5053126138318649,"i=4,j=34"
371,12.755572110337274,52.422175325463094,0.15876920311397946,"i=4,j=35"
372,12.755719050047574,52.42217811573272,0.5277957652961968,"i=4,j=36"
373,12.755865989781931,52.42218090581987,0.867870912144333,"i=4,j=37"
374,12.756012929540343,52.42218369572454,0.5159735032614684,"i=4,j=38"
375,12.756159869322811,52.422186485446716,0.5106690590574363,"i=4,j=39"
376,12.756306809129333,52.42218927498643,0.7196160879292396,"i=4,j=40"
377,12.756453748959906,52.42219206434364,0.6629398543386432,"i=4,j=41"
378,12.75660068881453,52.422194853518356,0.8764804437505529,"i=4,j=42"
379,12.756747628693203,52.42219764251059,0.4314145660165537,"i=4,j=43"
380,12.756894568595921,52.42220043132034,0.9770611852968909,"i=4,j=44"
381,12.757041508522688,52.42220321994761,0.944214329143492,"i=4,j=45"
382,12.757188448473496,52.42220600839239,0.6948497751042968,"i=4,j=46"
383,12.757335388448348,52.4222087966547,0.44577087740430543,"i=4,j=47"
384,12.75748232844724,52.422211584734505,0.04698790111618678,"i=4,j=48"
385,12.757629268470172,52.422214372631835,0.28438189030497585,"i=4,j=49"
386,12.757776208517141,52.422217160346676,0.8656965092177532,"i=4,j=50"
387,12.757923148588146,52.422219947879036,0.031262218216169924,"i=4,j=51"
388,12.758070088683187,52.4222227352289,0.11223572467428855,"i=4,j=52"
389,12.75821702880226,52.422225522396296,0.37315640668539507,"i=4,j=53"
390,12.758363968945366,52.42222830938118,0.27795679193346845,"i=4,j=54"
391,12.7585109091125,52.42223109618361,0.20174728922675544,"i=4,j=55"
392,12.758657849303663,52.42223388280352,0.4753434616765112,"i=4,j=56"
393,12.758804789518853,52.42223666924097,0.38396242351234033,"i=4,j=57"
394,12.758951729758069,52.42223945549592,0.934765198051128,"i=4,j=58"
395,12.759098670021308,52.42224224156839,0.5892727175956237,"i=4,j=59"
396,12.759245610308568,52.42224502745837,0.9119328980695127,"i=4,j=60"
397,12.75939255061985,52.42224781316587,0.2295991713133334,"i=4,j=61"
398,12.75953949095515,52.422250598690866,0.8577759860410313,"i=4,j=62"
399,12.759686431314467,52.42225338403338,0.6757009485403255,"i=4,j=63"
400,12.759833371697802,52.422256169193425,0.5405865414347867,"i=4,j=64"
401,12.759980312105148,52.42225895417097,0.982248507873697,"i=4,j=65"
402,12.760127252536508,52.422261738966036,0.8628244150992016,"i=4,j=66"
403,12.760274192991881,52.4222645235786,0.4510526758096386,"i=4,j=67"
404,12.760421133471262,52.42226730800869,0.9782610139460268,"i=4,j=68"
405,12.76056807397465,52.42227009225629,0.35749331737930545,"i=4,j=69"
406,12.760715014502045,52.422272876321394,0.6787310648692915,"i=4,j=70"
407,12.760861955053446,52.42227566020402,0.0008688336050695078,"i=4,j=71"
408,12.76100889562885,52.42227844390416,0.231471499533063,"i=4,j=72"
409,12.761155836228253,52.42228122742181,0.733961769937967,"i=4,j=73"
410,12.76130277685166,52.42228401075698,0.9359665813882397,"i=4,j=74"
411,12.761449717499062,52.422286793909656,0.8231261673838133,"i=4,j=75"
412,12.761596658170465,52.422289576879834,0.21876302759337674,"i=4,j=76"
413,12.76174359886586,52.422292359667544,0.6350847070172666,"i=4,j=77"
414,12.761890539585249,52.42229514227276,0.22194423787812467,"i=4,j=78"
415,12.762037480328631,52.422297924695485,0.39573779596035286,"i=4,j=79"
416,12.762184421096006,52.422300706935715,0.21969136085051666,"i=4,j=80"
417,12.762331361887368,52.42230348899347,0.7702824314674429,"i=4,j=81"
418,12.762478302702718,52.422306270868724,0.7803237994864266,"i=4,j=82"
419,12.762625243542052,52.42230905256151,0.13365413300837747,"i=4,j=83"
420,12.750433810204306,52.4219877172929,0.2667809112211532,"i=5,j=0"
421,12.750580748773393,52.42199051394044,0.3824626951470451,"i=5,j=1"
422,12.750727687366592,52.42199331040551,0.9107745800870234,"i=5,j=2"
423,12.7508746259839,52.42199610668809,0.18280617758069095,"i=5,j=3"
424,12.75102156462532,52.42199890278819,0.5202488565792605,"i=5,j=4"
425,12.751168503290847,52.422001698705806,0.8159785833406963,"i=5,j=5"
426,12.751315441980482,52.42200449444095,0.9209006583150614,"i=5,j=6"
427,12.751462380694223,52.422007289993594,0.5999388833889022,"i=5,j=7"
428,12.751609319432065,52.42201008536377,0.23763608065585662,"i=5,j=8"
429,12.75175625819401,52.42201288055146,0.3215649475954081,"i=5,j=9"
430,12.751903196980054,52.422015675556665,0.6815505169068734,"i=5,j=10"
431,12.752050135790197,52.422018470379385,0.6971127569126127,"i=5,j=11"
432,12.752197074624439,52.42202126501964,0.3640466327910624,"i=5,j=12"
433,12.752344013482777,52.4220240594774,0.8303251483808964,"i=5,j=13"
434,12.752490952365207,52.42202685375267,0.03276668258222648,"i=5,j=14"
435,12.75263789127173,52.42202964784546,0.42608696036255767,"i=5,j=15"
436,12.752784830202344,52.422032441755775,0.39181381530121784,"i=5,j=16"
437,12.752931769157048,52.422035235483605,0.0008698765154828703,"i=5,j=17"
438,12.753078708135838,52.42203802902894,0.7692943895693549,"i=5,j=18"
439,12.753225647138716,52.422040822391814,0.418890332291183,"i=5,j=19"
440,12.753372586165678,52.42204361557219,0.5188395428258068,"i=5,j=20"
441,12.753519525216722,52.42204640857009,0.4692817364371876,"i=5,j=21"
442,12.75366646429185,52.4220492013855,0.09950686631751438,"i=5,j=22"
443,12.753813403391057,52.42205199401843,0.28317102407189465,"i=5,j=23"
444,12.753960342514342,52.42205478646887,0.9669905949820007,"i=5,j=24"
445,12.754107281661701,52.42205757873684,0.691232128764182,"i=5,j=25"
446,12.754254220833138,52.42206037082233,0.34176724770604194,"i=5,j=26"
447,12.75440116002865,52.42206316272531,0.6325834836496511,"i=5,j=27"
448,12.754548099248233,52.42206595444582,0.41071007551264016,"i=5,j=28"
449,12.754695038491885,52.42206874598385,0.6246288897926975,"i=5,j=29"
450,12.754841977759607,52.4220715373394,0.39579268055817485,"i=5,j=30"
451,12.754988917051397,52.42207432851246,0.060086984811486555,"i=5,j=31"
452,12.755135856367254,52.422077119503044,0.6392067634967005,"i=5,j=32"
453,12.75528279570717,52.422079910311126,0.5214080582180151,"i=5,j=33"
454,12.755429735071154,52.42208270093674,0.6972970377680088,"i=5,j=34"
455,12.755576674459197,52.42208549137986,0.5159704226119357,"i=5,j=35"
456,12.7557236138713,52.422088281640505,0.5907325564340409,"i=5,j=36"
457,12.755870553307462,52.422091071718654,0.6894183923127479,"i=5,j=37"
458,12.756017492767677,52.422093861614336,0.9370449727891788,"i=5,j=38"
459,12.75616443225195,52.42209665132752,0.24153175403485438,"i=5,j=39"
460,12.756311371760276,52.42209944085822,0.5502485479712407,"i=5,j=40"
461,12.756458311292652,52.42210223020644,0.6993956362453714,"i=5,j=41"
462,12.75660525084908,52.422105019372175,0.865802751105783,"i=5,j=42"
463,12.756752190429555,52.42210780835543,0.8385765544431709,"i=5,j=43"
464,12.756899130034078,52.422110597156184,0.41772144123596877,"i=5,j=44"
465,12.757046069662646,52.422113385774466,0.2922435007578962,"i=5,j=45"
466,12.757193009315257,52.42211617421026,0.7947891586988515,"i=5,j=46"
467,12.757339948991913,52.42211896246357,0.7803316943806309,"i=5,j=47"
468,12.757486888692606,52.4221217505344,0.3504059776478259,"i=5,j=48"
469,12.757633828417342,52.42212453842274,0.035789249789647815,"i=5,j=49"
470,12.757780768166114,52.42212732612859,0.5279303597810262,"i=5,j=50"
471,12.75792770793892,52.42213011365197,0.8754841897422619,"i=5,j=51"
472,12.758074647735762,52.42213290099285,0.5540482724801653,"i=5,j=52"
473,12.758221587556637,52.42213568815125,0.9664725409017757,"i=5,j=53"
474,12.758368527401545,52.422138475127156,0.9831872884223762,"i=5,j=54"
475,12.75851546727048,52.422141261920586,0.9615111725311993,"i=5,j=55"
476,12.758662407163445,52.42214404853152,0.8794160174319564,"i=5,j=56"
477,12.758809347080435,52.422146834959996,0.8146234943168865,"i=5,j=57"
478,12.758956287021453,52.42214962120595,0.8755797759613346,"i=5,j=58"
479,12.759103226986491,52.422152407269444,0.3603551002714941,"i=5,j=59"
480,12.759250166975553,52.422155193150445,0.8275154855122622,"i=5,j=60"
481,12.759397106988635,52.42215797884895,0.029768219482791403,"i=5,j=61"
482,12.759544047025734,52.42216076436499,0.28949384583265236,"i=5,j=62"
483,12.759690987086852,52.422163549698524,0.6728942042847339,"i=5,j=63"
484,12.759837927171985,52.42216633484958,0.9751126303287062,"i=5,j=64"
485,12.759984867281133,52.42216911981814,0.4440868002178018,"i=5,j=65"
486,12.760131807414293,52.42217190460424,0.6789556129660997,"i=5,j=66"
487,12.760278747571464,52.42217468920782,0.04081577696664118,"i=5,j=67"
488,12.760425687752644,52.42217747362895,0.43767963899033857,"i=5,j=68"
489,12.760572627957831,52.422180257867566,0.8828087895722482,"i=5,j=69"
490,12.760719568187026,52.4221830419237,0.3688090845726215,"i=5,j=70"
491,12.760866508440223,52.42218582579735,0.8417547583345523,"i=5,j=71"
492,12.761013448717426,52.42218860948852,0.5899556473961597,"i=5,j=72"
493,12.76116038901863,52.42219139299719,0.5116072391055431,"i=5,j=73"
494,12.761307329343833,52.42219417632339,0.3537408098327075,"i=5,j=74"
495,12.761454269693035,52.42219695946709,0.7729537637881062,"i=5,j=75"
496,12.761601210066233,52.4221997424283,0.09627462059444969,"i=5,j=76"
497,12.761748150463427,52.422202525207034,0.6491257120717551,"i=5,j=77"
498,12.761895090884614,52.422205307803274,0.444240878188757,"i=5,j=78"
499,12.762042031329793,52.42220809021704,0.1284818452504657,"i=5,j=79"
500,12.762188971798963,52.4222108724483,0.19729649003767114,"i=5,j=80"
501,12.762335912292123,52.42221365449708,0.44192631688310735,"i=5,j=81"
502,12.762482852809269,52.422216436363385,0.1861201051721405,"i=5,j=82"
503,12.762629793350403,52.42221921804718,0.821433425842072,"i=5,j=83"
504,12.750438384738848,52.4218978835232,0.4096138012395315,"i=6,j=0"
505,12.750585323009744,52.421900680161734,0.6389140641832352,"i=6,j=1"
506,12.750732261304755,52.421903476617786,0.32893162010131183,"i=6,j=2"
507,12.750879199623878,52.42190627289134,0.33822999620183913,"i=6,j=3"
508,12.751026137967107,52.42190906898244,0.9714490683160696,"i=6,j=4"
509,12.751173076334448,52.42191186489105,0.760854368820236,"i=6,j=5"
510,12.751320014725893,52.421914660617176,0.18225253906257177,"i=6,j=6"
511,12.751466953141444,52.4219174561608,0.36639427550422365,"i=6,j=7"
512,12.751613891581096,52.421920251521975,0.9006276998638979,"i=6,j=8"
513,12.751760830044853,52.42192304670065,0.20008763609037716,"i=6,j=9"
514,12.751907768532709,52.42192584169685,0.7379907204901365,"i=6,j=10"
515,12.752054707044662,52.421928636510565,0.011163662156519538,"i=6,j=11"
516,12.752201645580714,52.4219314311418,0.21083173962898916,"i=6,j=12"
517,12.752348584140861,52.42193422559055,0.10979071238364457,"i=6,j=13"
518,12.752495522725102,52.42193701985681,0.4875682971304124,"i=6,j=14"
519,12.752642461333435,52.421939813940604,0.4224543488619025,"i=6,j=15"
520,12.752789399965858,52.421942607841906,0.07884698222444453,"i=6,j=16"
521,12.752936338622371,52.42194540156073,0.7036380431014534,"i=6,j=17"
522,12.753083277302972,52.421948195097066,0.4688271121944675,"i=6,j=18"
523,12.753230216007658,52.421950988450924,0.4232360342235678,"i=6,j=19"
524,12.753377154736427,52.4219537816223,0.8498884344859823,"i=6,j=20"
525,12.753524093489283,52.42195657461119,0.6394243166241451,"i=6,j=21"
526,12.753671032266217,52.4219593674176,0.6935908018989531,"i=6,j=22"
527,12.75381797106723,52.42196216004153,0.145852148442857,"i=6,j=23"
528,12.753964909892325,52.42196495248297,0.45925048734298335,"i=6,j=24"
529,12.754111848741495,52.42196774474193,0.03932410935720898,"i=6,j=25"
530,12.754258787614738,52.421970536818414,0.2556469813606045,"i=6,j=26"
531,12.754405726512056,52.42197332871241,0.004851022695976148,"i=6,j=27"
532,12.754552665433447,52.42197612042392,0.5860050211527739,"i=6,j=28"
533,12.754699604378908,52.42197891195295,0.19875743025831138,"i=6,j=29"
534,12.754846543348435,52.421981703299494,0.24461459459012402,"i=6,j=30"
535,12.754993482342032,52.42198449446356,0.06865298931566033,"i=6,j=31"
536,12.755140421359695,52.42198728544514,0.814884441586111,"i=6,j=32"
537,12.75528736040142,52.421990076244235,0.875388486189858,"i=6,j=33"
538,12.75543429946721,52.42199286686085,0.21700864808900433,"i=6,j=34"
539,12.755581238557058,52.42199565729497,0.9119497820726938,"i=6,j=35"
540,12.755728177670967,52.42199844754662,0.7205134420009819,"i=6,j=36"
541,12.755875116808935,52.42200123761579,0.7388996160573149,"i=6,j=37"
542,12.756022055970957,52.42200402750247,0.46265672860273144,"i=6,j=38"
543,12.756168995157037,52.42200681720665,0.6625575020953884,"i=6,j=39"
544,12.756315934367166,52.42200960672836,0.6122435798400596,"i=6,j=40"
545,12.756462873601349,52.42201239606759,0.6122818223761475,"i=6,j=41"
546,12.75660981285958,52.42201518522434,0.3839889111264899,"i=6,j=42"
547,12.756756752141861,52.422017974198596,0.7350385560909398,"i=6,j=43"
548,12.756903691448189,52.42202076299037,0.14324735433115732,"i=6,j=44"
549,12.757050630778561,52.42202355159966,0.27632300516012775,"i=6,j=45"
550,12.757197570132979,52.42202634002646,0.21346177584371107,"i=6,j=46"
551,12.757344509511437,52.42202912827079,0.5749109203558053,"i=6,j=47"
552,12.757491448913935,52.42203191633262,0.4083023531057013,"i=6,j=48"
553,12.757638388340473,52.42203470421198,0.281700295461901,"i=6,j=49"
554,12.757785327791048,52.422037491908846,0.5819765573646257,"i=6,j=50"
555,12.75793226726566,52.42204027942323,0.3927891986406745,"i=6,j=51"
556,12.758079206764307,52.42204306675512,0.07441555512749054,"i=6,j=52"
557,12.758226146286985,52.42204585390454,0.5484847714584622,"i=6,j=53"
558,12.758373085833695,52.42204864087147,0.5591952466176922,"i=6,j=54"
559,12.758520025404433,52.42205142765591,0.6315175754430192,"i=6,j=55"
560,12.758666964999199,52.42205421425787,0.581831079968399,"i=6,j=56"
561,12.758813904617993,52.422057000677356,0.274380720293095,"i=6,j=57"
562,12.75896084426081,52.42205978691434,0.5130310637814499,"i=6,j=58"
563,12.759107783927654,52.42206257296884,0.6767945158049502,"i=6,j=59"
564,12.759254723618517,52.42206535884086,0.9394609238992736,"i=6,j=60"
565,12.7594016633334,52.42206814453039,0.5471793200864681,"i=6,j=61"
566,12.759548603072302,52.422070930037435,0.4049567192102085,"i=6,j=62"
567,12.759695542835223,52.422073715362004,0.864932240731015,"i=6,j=63"
568,12.759842482622156,52.42207650050408,0.4850411863246532,"i=6,j=64"
569,12.759989422433105,52.42207928546367,0.33645554463137417,"i=6,j=65"
570,12.760136362268065,52.422082070240776,0.6546291646061494,"i=6,j=66"
571,12.760283302127037,52.4220848548354,0.5544214629858544,"i=6,j=67"
572,12.760430242010019,52.422087639247536,0.687032184043938,"i=6,j=68"
573,12.760577181917007,52.42209042347718,0.764067248777157,"i=6,j=69"
574,12.760724121848002,52.42209320752435,0.1907079765685512,"i=6,j=70"
575,12.760871061803,52.42209599138902,0.5417493289606894,"i=6,j=71"
576,12.761018001782002,52.42209877507122,0.6021279278169467,"i=6,j=72"
577,12.761164941785005,52.422101558570915,0.9446054215050655,"i=6,j=73"
578,12.761311881812007,52.42210434188814,0.619265961306656,"i=6,j=74"
579,12.761458821863009,52.42210712502287,0.5138883525519978,"i=6,j=75"
580,12.761605761938007,52.42210990797511,0.5472654949402014,"i=6,j=76"
581,12.761752702037,52.42211269074487,0.7264919917258001,"i=6,j=77"
582,12.761899642159987,52.42211547333215,0.5696530298230307,"i=6,j=78"
583,12.762046582306965,52.42211825573693,0.042014967378002144,"i=6,j=79"
584,12.762193522477933,52.42212103795923,0.21275190190567783,"i=6,j=80"
585,12.762340462672892,52.422123819999044,0.975452066503354,"i=6,j=81"
586,12.762487402891837,52.42212660185637,0.08314149282778127,"i=6,j=82"
587,12.762634343134767,52.422129383531214,0.2120582875581647,"i=6,j=83"
588,12.750442959249275,52.42180804975187,0.3618844956773658,"i=7,j=0"
589,12.750589897221985,52.42181084638137,0.25203526705321055,"i=7,j=1"
590,12.75073683521881,52.421813642828425,0.48523636530676306,"i=7,j=2"
591,12.750883773239744,52.421816439092964,0.8136085400807963,"i=7,j=3"
592,12.751030711284788,52.42181923517505,0.5163109733784831,"i=7,j=4"
593,12.751177649353941,52.42182203107463,0.5008391908190443,"i=7,j=5"
594,12.751324587447199,52.421824826791735,0.8089556065578233,"i=7,j=6"
595,12.751471525564563,52.421827622326376,0.29108171860925647,"i=7,j=7"
596,12.751618463706029,52.42183041767853,0.2594594991641179,"i=7,j=8"
597,12.751765401871596,52.42183321284819,0.15985186179076782,"i=7,j=9"
598,12.751912340061264,52.42183600783538,0.45133805597766896,"i=7,j=10"
599,12.75205927827503,52.42183880264008,0.1386170182189186,"i=7,j=11"
600,12.752206216512892,52.4218415972623,0.674986215126597,"i=7,j=12"
601,12.752353154774852,52.42184439170205,0.09011644036454958,"i=7,j=13"
602,12.752500093060904,52.42184718595931,0.2454003242057443,"i=7,j=14"
603,12.752647031371046,52.42184998003409,0.633097564170294,"i=7,j=15"
604,12.75279396970528,52.42185277392639,0.6323975010567813,"i=7,j=16"
605,12.752940908063605,52.42185556763621,0.6603906690349146,"i=7,j=17"
606,12.753087846446016,52.42185836116354,0.7623940168471733,"i=7,j=18"
607,12.753234784852513,52.4218611545084,0.14072337353843467,"i=7,j=19"
608,12.753381723283095,52.42186394767075,0.8233631522030324,"i=7,j=20"
609,12.753528661737759,52.42186674065066,0.4047493336235617,"i=7,j=21"
610,12.753675600216503,52.42186953344807,0.9288910076540217,"i=7,j=22"
611,12.753822538719328,52.42187232606298,0.43009591299956806,"i=7,j=23"
612,12.75396947724623,52.42187511849542,0.7026012490873449,"i=7,j=24"
613,12.75411641579721,52.42187791074539,0.5551175663409769,"i=7,j=25"
614,12.754263354372263,52.42188070281287,0.6594303492674563,"i=7,j=26"
615,12.754410292971391,52.42188349469786,0.6774122096793408,"i=7,j=27"
616,12.75455723159459,52.421886286400365,0.8557414685948165,"i=7,j=28"
617,12.75470417024186,52.421889077920405,0.9280281340883226,"i=7,j=29"
618,12.754851108913199,52.42189186925795,0.11637832163111117,"i=7,j=30"
619,12.754998047608602,52.42189466041301,0.6885407196882559,"i=7,j=31"
620,12.755144986328073,52.421897451385604,0.5771430551031128,"i=7,j=32"
621,12.755291925071607,52.421900242175695,0.3965811835078885,"i=7,j=33"
622,12.755438863839203,52.42190303278331,0.014805565797002984,"i=7,j=34"
623,12.755585802630861,52.42190582320844,0.7151926010905001,"i=7,j=35"
624,12.755732741446577,52.42190861345109,0.12462448569519247,"i=7,j=36"
625,12.755879680286352,52.42191140351126,0.4764113435122933,"i=7,j=37"
626,12.756026619150182,52.42191419338894,0.9510182904879003,"i=7,j=38"
627,12.756173558038066,52.421916983084145,0.5639422454866247,"i=7,j=39"
628,12.756320496950005,52.421919772596866,0.15068935266633754,"i=7,j=40"
629,12.756467435885993,52.421922561927104,0.7223903651829526,"i=7,j=41"
630,12.756614374846032,52.42192535107484,0.46105094399184476,"i=7,j=42"
631,12.75676131383012,52.42192814004013,0.9398380114896274,"i=7,j=43"
632,12.756908252838253,52.4219309288229,0.8014326464950426,"i=7,j=44"
633,12.757055191870432,52.4219337174232,0.19746310331271688,"i=7,j=45"
634,12.757202130926656,52.421936505841025,0.8200707402714765,"i=7,j=46"
635,12.757349070006919,52.42193929407636,0.22743964086488133,"i=7,j=47"
636,12.757496009111224,52.421942082129206,0.5110423658837873,"i=7,j=48"
637,12.757642948239566,52.42194486999957,0.3947961464880664,"i=7,j=49"
638,12.757789887391947,52.42194765768745,0.1679513991125099,"i=7,j=50"
639,12.757936826568365,52.42195044519285,0.7264212592520586,"i=7,j=51"
640,12.758083765768815,52.421953232515754,0.7081667162094473,"i=7,j=52"
641,12.758230704993299,52.42195601965619,0.3167698750756859,"i=7,j=53"
642,12.758377644241813,52.421958806614136,0.35536709678719913,"i=7,j=54"
643,12.758524583514356,52.421961593389604,0.06574484191944052,"i=7,j=55"
644,12.758671522810928,52.42196437998257,0.11321100848967913,"i=7,j=56"
645,12.758818462131526,52.42196716639306,0.5381468620086743,"i=7,j=57"
646,12.758965401476148,52.42196995262107,0.32843566757440956,"i=7,j=58"
647,12.759112340844792,52.4219727386666,0.474964626205413,"i=7,j=59"
648,12.75925928023746,52.421975524529635,0.36884555627558846,"i=7,j=60"
649,12.759406219654148,52.42197831021019,0.3369785523638521,"i=7,j=61"
650,12.759553159094853,52.421981095708254,0.8348132232816466,"i=7,j=62"
651,12.759700098559573,52.421983881023834,0.6454311420871821,"i=7,j=63"
652,12.759847038048314,52.42198666615693,0.15706381934484281,"i=7,j=64"
653,12.759993977561065,52.42198945110755,0.2811599793359113,"i=7,j=65"
654,12.760140917097827,52.42199223587568,0.741969139977025,"i=7,j=66"
655,12.760287856658602,52.421995020461324,0.25087420717906883,"i=7,j=67"
656,12.760434796243386,52.421997804864475,0.784394513079342,"i=7,j=68"
657,12.760581735852176,52.42200058908515,0.009929816048156681,"i=7,j=69"
658,12.760728675484971,52.42200337312334,0.09792804705680347,"i=7,j=70"
659,12.760875615141773,52.42200615697904,0.4498313665542124,"i=7,j=71"
660,12.761022554822576,52.422008940652255,0.3766166813513291,"i=7,j=72"
661,12.76116949452738,52.42201172414298,0.6093198604496749,"i=7,j=73"
662,12.761316434256186,52.42201450745124,0.5709067877107123,"i=7,j=74"
663,12.761463374008988,52.422017290577,0.2249275321914218,"i=7,j=75"
664,12.761610313785786,52.42202007352027,0.3170864172861867,"i=7,j=76"
665,12.76175725358658,52.42202285628106,0.6670569504941328,"i=7,j=77"
666,12.761904193411366,52.42202563885936,0.8548697926966836,"i=7,j=78"
667,12.762051133260146,52.42202842125518,0.7798552206653271,"i=7,j=79"
668,12.762198073132915,52.42203120346851,0.6840411776635617,"i=7,j=80"
669,12.762345013029673,52.42203398549935,0.44062863787333606,"i=7,j=81"
670,12.762491952950418,52.422036767347706,0.8877657362462666,"i=7,j=82"
671,12.762638892895147,52.42203954901358,0.793411809332354,"i=7,j=83"
672,12.750447533735587,52.42171821597887,0.8556227447301505,"i=8,j=0"
673,12.750594471410114,52.42172101259938,0.5058139630672909,"i=8,j=1"
674,12.750741409108752,52.421723809037395,0.45986354402169616,"i=8,j=2"
675,12.750888346831502,52.42172660529293,0.25070732886267466,"i=8,j=3"
676,12.75103528457836,52.42172940136599,0.7627346270887856,"i=8,j=4"
677,12.751182222349328,52.42173219725657,0.27398043274773043,"i=8,j=5"
678,12.751329160144401,52.421734992964666,0.47788406555607443,"i=8,j=6"
679,12.751476097963579,52.42173778849029,0.07820453653243753,"i=8,j=7"
680,12.751623035806857,52.421740583833426,0.8161132587807826,"i=8,j=8"
681,12.75176997367424,52.42174337899407,0.4979659709101413,"i=8,j=9"
682,12.75191691156572,52.42174617397226,0.8806596595161443,"i=8,j=10"
683,12.7520638494813,52.42174896876796,0.33968406251812544,"i=8,j=11"
684,12.752210787420974,52.42175176338117,0.7526364508548676,"i=8,j=12"
685,12.752357725384748,52.4217545578119,0.8285989982237638,"i=8,j=13"
686,12.752504663372612,52.42175735206015,0.7648668534210371,"i=8,j=14"
687,12.752651601384569,52.421760146125926,0.22311923725687655,"i=8,j=15"
688,12.752798539420615,52.421762940009216,0.5607196565393513,"i=8,j=16"
689,12.752945477480752,52.421765733710025,0.9059334268454129,"i=8,j=17"
690,12.753092415564975,52.42176852722835,0.13661143947913734,"i=8,j=18"
691,12.753239353673285,52.42177132056421,0.8278265026231956,"i=8,j=19"
692,12.753386291805677,52.421774113717575,0.01230873716515879,"i=8,j=20"
693,12.753533229962155,52.42177690668846,0.3967039105770578,"i=8,j=21"
694,12.753680168142711,52.421779699476865,0.5108637782645403,"i=8,j=22"
695,12.753827106347346,52.421782492082784,0.7179877185704967,"i=8,j=23"
696,12.75397404457606,52.42178528450622,0.9235896925069835,"i=8,j=24"
697,12.754120982828852,52.42178807674718,0.9086718765673565,"i=8,j=25"
698,12.754267921105715,52.42179086880566,0.6709000042605727,"i=8,j=26"
699,12.754414859406653,52.42179366068166,0.15760202705748894,"i=8,j=27"
700,12.754561797731665,52.42179645237516,0.9990332414774795,"i=8,j=28"
701,12.754708736080742,52.4217992438862,0.15799433860391754,"i=8,j=29"
702,12.754855674453891,52.42180203521475,0.05239654928743931,"i=8,j=30"
703,12.755002612851108,52.42180482636081,0.3426937551058853,"i=8,j=31"
704,12.755149551272387,52.421807617324404,0.3345510691252742,"i=8,j=32"
705,12.75529648971773,52.4218104081055,0.617882752498388,"i=8,j=33"
706,12.755443428187137,52.42181319870413,0.1406432059855569,"i=8,j=34"
707,12.755590366680604,52.42181598912026,0.15126249057003627,"i=8,j=35"
708,12.75573730519813,52.42181877935392,0.851536558647485,"i=8,j=36"
709,12.755884243739713,52.42182156940508,0.6352219644081338,"i=8,j=37"
710,12.756031182305353,52.42182435927377,0.18324963629993563,"i=8,j=38"
711,12.756178120895047,52.421827148959984,0.5445053389982611,"i=8,j=39"
712,12.756325059508791,52.42182993846371,0.6410286555921246,"i=8,j=40"
713,12.75647199814659,52.42183272778496,0.3815263637692424,"i=8,j=41"
714,12.756618936808437,52.421835516923714,0.46211646552696173,"i=8,j=42"
715,12.756765875494333,52.42183830587999,0.9281722853509332,"i=8,j=43"
716,12.756912814204274,52.421841094653786,0.26010235797545767,"i=8,j=44"
717,12.757059752938261,52.421843883245096,0.9012569085740123,"i=8,j=45"
718,12.75720669169629,52.42184667165393,0.276519506115369,"i=8,j=46"
719,12.757353630478363,52.42184945988027,0.11678967651870642,"i=8,j=47"
720,12.757500569284474,52.42185224792413,0.8592252377187121,"i=8,j=48"
721,12.757647508114625,52.42185503578551,0.44046375996426734,"i=8,j=49"
722,12.757794446968813,52.4218578234644,0.07939466656888594,"i=8,j=50"
723,12.757941385847037,52.42186061096081,0.44030388666186393,"i=8,j=51"
724,12.758088324749293,52.42186339827474,0.5462306639094818,"i=8,j=52"
725,12.758235263675582,52.42186618540619,0.35959896530184665,"i=8,j=53"
726,12.758382202625903,52.42186897235515,0.3356630731561563,"i=8,j=54"
727,12.758529141600253,52.42187175912163,0.5144007789706181,"i=8,j=55"
728,12.758676080598628,52.42187454570563,0.6749419183259933,"i=8,j=56"
729,12.758823019621031,52.42187733210714,0.6761351351421787,"i=8,j=57"
730,12.75896995866746,52.42188011832615,0.7608718550514858,"i=8,j=58"
731,12.759116897737911,52.42188290436269,0.562398011043397,"i=8,j=59"
732,12.759263836832384,52.421885690216754,0.9963870477940933,"i=8,j=60"
733,12.759410775950878,52.42188847588832,0.15226132704894102,"i=8,j=61"
734,12.759557715093386,52.42189126137741,0.9061533354248433,"i=8,j=62"
735,12.759704654259913,52.421894046684024,0.4679183871358965,"i=8,j=63"
736,12.759851593450456,52.42189683180814,0.7893334403843266,"i=8,j=64"
737,12.75999853266501,52.421899616749776,0.2956138312415607,"i=8,j=65"
738,12.760145471903579,52.42190240150893,0.33442377253354816,"i=8,j=66"
739,12.760292411166157,52.421905186085596,0.17555259796288725,"i=8,j=67"
740,12.760439350452744,52.42190797047978,0.07714146050936166,"i=8,j=68"
741,12.760586289763339,52.421910754691474,0.03607993651882302,"i=8,j=69"
742,12.760733229097939,52.42191353872068,0.3716329997727046,"i=8,j=70"
743,12.760880168456543,52.42191632256741,0.28410107923038086,"i=8,j=71"
744,12.761027107839148,52.421919106231655,0.04859727034878902,"i=8,j=72"
745,12.761174047245756,52.42192188971342,0.1614431035552052,"i=8,j=73"
746,12.761320986676363,52.42192467301269,0.8384827222366222,"i=8,j=74"
747,12.761467926130969,52.421927456129474,0.7315267058060991,"i=8,j=75"
748,12.76161486560957,52.42193023906378,0.9223519564524169,"i=8,j=76"
749,12.761761805112167,52.42193302181559,0.578665608627146,"i=8,j=77"
750,12.761908744638756,52.42193580438492,0.9506153829725249,"i=8,j=78"
751,12.762055684189336,52.421938586771766,0.5744942406378993,"i=8,j=79"
752,12.762202623763907,52.421941368976135,0.5308393309932808,"i=8,j=80"
753,12.762349563362468,52.42194415099801,0.4725594876917081,"i=8,j=81"
754,12.762496502985012,52.42194693283739,0.1317666539557124,"i=8,j=82"
755,12.762643442631544,52.42194971449431,0.9536319533119109,"i=8,j=83"
756,12.750452108197786,52.421628382204204,0.058890687503314276,"i=9,j=0"
757,12.750599045574129,52.42163117881569,0.6775825528760692,"i=9,j=1"
758,12.750745982974586,52.421633975244696,0.39132990393955747,"i=9,j=2"
759,12.750892920399151,52.421636771491215,0.22576362603125977,"i=9,j=3"
760,12.751039857847827,52.42163956755527,0.8442456636418412,"i=9,j=4"
761,12.751186795320608,52.42164236343683,0.8529567499633923,"i=9,j=5"
762,12.751333732817498,52.42164515913592,0.5241475655537452,"i=9,j=6"
763,12.75148067033849,52.421647954652514,0.7759301686934721,"i=9,j=7"
764,12.751627607883586,52.421650749986654,0.4327038509540462,"i=9,j=8"
765,12.751774545452783,52.4216535451383,0.026451565073306482,"i=9,j=9"
766,12.75192148304608,52.42165634010746,0.6229396964940427,"i=9,j=10"
767,12.752068420663473,52.42165913489416,0.5125081687209083,"i=9,j=11"
768,12.752215358304966,52.42166192949835,0.8482084077827523,"i=9,j=12"
769,12.752362295970553,52.42166472392008,0.9789960192773703,"i=9,j=13"
770,12.75250923366023,52.42166751815933,0.2620401872452297,"i=9,j=14"
771,12.752656171374001,52.421670312216094,0.8799339237963014,"i=9,j=15"
772,12.752803109111863,52.42167310609038,0.3932635016267635,"i=9,j=16"
773,12.752950046873814,52.42167589978219,0.6358650148481949,"i=9,j=17"
774,12.75309698465985,52.421678693291504,0.8380081827378764,"i=9,j=18"
775,12.753243922469974,52.42168148661835,0.5507600722921594,"i=9,j=19"
776,12.753390860304181,52.42168427976271,0.04703195805755811,"i=9,j=20"
777,12.75353779816247,52.421687072724595,0.7700479444576265,"i=9,j=21"
778,12.753684736044839,52.42168986550399,0.14749772904642322,"i=9,j=22"
779,12.753831673951288,52.42169265810091,0.8442140774608948,"i=9,j=23"
780,12.753978611881815,52.42169545051536,0.7063123234795049,"i=9,j=24"
781,12.754125549836418,52.42169824274731,0.5033584575449622,"i=9,j=25"
782,12.754272487815095,52.42170103479678,0.09283614650924688,"i=9,j=26"
783,12.754419425817845,52.42170382666379,0.9395826804771489,"i=9,j=27"
784,12.754566363844667,52.4217066183483,0.5862771256684294,"i=9,j=28"
785,12.754713301895558,52.42170940985033,0.5672017016859945,"i=9,j=29"
786,12.754860239970519,52.42171220116988,0.4451342480761381,"i=9,j=30"
787,12.755007178069548,52.421714992306946,0.9680448794457791,"i=9,j=31"
788,12.755154116192637,52.421717783261535,0.3257193984742136,"i=9,j=32"
789,12.755301054339794,52.42172057403364,0.7296544405011213,"i=9,j=33"
790,12.75544799251101,52.42172336462326,0.7739368472983189,"i=9,j=34"
791,12.755594930706287,52.421726155030406,0.22676954546790173,"i=9,j=35"
792,12.755741868925625,52.421728945255076,0.9620210251658092,"i=9,j=36"
793,12.75588880716902,52.42173173529724,0.5319890114469519,"i=9,j=37"
794,12.756035745436469,52.42173452515694,0.8618531345629422,"i=9,j=38"
795,12.756182683727973,52.42173731483417,0.6939585591497841,"i=9,j=39"
796,12.75632962204353,52.4217401043289,0.2310996104723112,"i=9,j=40"
797,12.756476560383136,52.42174289364115,0.19809443484526834,"i=9,j=41"
798,12.756623498746794,52.42174568277092,0.44020128928048585,"i=9,j=42"
799,12.756770437134499,52.4217484717182,0.4427477722144869,"i=9,j=43"
800,12.75691737554625,52.421751260483006,0.9742966222106595,"i=9,j=44"
801,12.757064313982045,52.42175404906533,0.3117743498649228,"i=9,j=45"
802,12.757211252441886,52.42175683746516,0.7155634150111357,"i=9,j=46"
803,12.757358190925766,52.421759625682526,0.9850736048478334,"i=9,j=47"
804,12.757505129433687,52.42176241371739,0.03734552901035193,"i=9,j=48"
805,12.757652067965646,52.421765201569784,0.17532374018908037,"i=9,j=49"
806,12.75779900652164,52.4217679892397,0.6512177450100614,"i=9,j=50"
807,12.757945945101673,52.421770776727115,0.7017642245856835,"i=9,j=51"
808,12.758092883705737,52.42177356403206,0.4742927166428055,"i=9,j=52"
809,12.758239822333834,52.42177635115452,0.08565024972662905,"i=9,j=53"
810,12.758386760985964,52.421779138094486,0.2299315526208623,"i=9,j=54"
811,12.758533699662122,52.421781924851985,0.6562702756598778,"i=9,j=55"
812,12.758680638362305,52.421784711426994,0.04014862850816181,"i=9,j=56"
813,12.758827577086516,52.42178749781952,0.4155625536672738,"i=9,j=57"
814,12.758974515834751,52.42179028402957,0.4924794423712837,"i=9,j=58"
815,12.75912145460701,52.42179307005713,0.9051837683756051,"i=9,j=59"
816,12.759268393403289,52.421795855902204,0.3360593212541624,"i=9,j=60"
817,12.759415332223586,52.421798641564806,0.3101761792987796,"i=9,j=61"
818,12.759562271067903,52.42180142704491,0.1557295062946562,"i=9,j=62"
819,12.759709209936236,52.421804212342536,0.5482167738772857,"i=9,j=63"
820,12.759856148828586,52.42180699745768,0.9517747751064427,"i=9,j=64"
821,12.760003087744948,52.421809782390326,0.707703057663159,"i=9,j=65"
822,12.760150026685322,52.421812567140506,0.8276013158406357,"i=9,j=66"
823,12.760296965649703,52.4218153517082,0.5515283069233463,"i=9,j=67"
824,12.760443904638096,52.4218181360934,0.1969673836641347,"i=9,j=68"
825,12.760590843650498,52.42182092029612,0.25147090717484166,"i=9,j=69"
826,12.7607377826869,52.42182370431637,0.34013565067333007,"i=9,j=70"
827,12.760884721747308,52.421826488154124,0.533912907189476,"i=9,j=71"
828,12.761031660831721,52.42182927180939,0.7001371476803216,"i=9,j=72"
829,12.761178599940134,52.421832055282174,0.9169477127233211,"i=9,j=73"
830,12.761325539072546,52.42183483857248,0.501772729131048,"i=9,j=74"
831,12.761472478228955,52.42183762168029,0.20764590686097117,"i=9,j=75"
832,12.761619417409358,52.42184040460562,0.3752087056883723,"i=9,j=76"
833,12.76176635661376,52.42184318734847,0.8594835059797349,"i=9,j=77"
834,12.761913295842154,52.42184596990883,0.8083569143965379,"i=9,j=78"
835,12.762060235094536,52.421848752286714,0.8959205872087892,"i=9,j=79"
836,12.762207174370912,52.4218515344821,0.9444946153955424,"i=9,j=80"
837,12.762354113671275,52.421854316495015,0.11274812585036253,"i=9,j=81"
838,12.762501052995624,52.421857098325425,0.12956342965875278,"i=9,j=82"
839,12.762647992343958,52.42185987997337,0.8599021524063494,"i=9,j=83"
840,12.750456682635871,52.421538548427904,0.9724313971544195,"i=10,j=0"
841,12.750603619714031,52.42154134503037,0.18689788857763545,"i=10,j=1"
842,12.750750556816305,52.42154414145036,0.7141543657861327,"i=10,j=2"
843,12.750897493942691,52.42154693768787,0.5445092118542323,"i=10,j=3"
844,12.751044431093183,52.42154973374291,0.2746046208730598,"i=10,j=4"
845,12.751191368267783,52.42155252961546,0.9518363704359443,"i=10,j=5"
846,12.75133830546649,52.42155532530553,0.15806353712650378,"i=10,j=6"
847,12.7514852426893,52.421558120813124,0.37618900937744737,"i=10,j=7"
848,12.751632179936212,52.42156091613824,0.4908330171573092,"i=10,j=8"
849,12.751779117207226,52.42156371128088,0.5548651753252236,"i=10,j=9"
850,12.75192605450234,52.42156650624103,0.05964109932034156,"i=10,j=10"
851,12.752072991821551,52.421569301018714,0.21782487519300908,"i=10,j=11"
852,12.752219929164859,52.42157209561391,0.7693148934958117,"i=10,j=12"
853,12.752366866532261,52.421574890026626,0.39419334584010834,"i=10,j=13"
854,12.752513803923756,52.42157768425686,0.30315434744726455,"i=10,j=14"
855,12.752660741339342,52.42158047830462,0.20899623069975082,"i=10,j=15"
856,12.752807678779021,52.4215832721699,0.6843016825963817,"i=10,j=16"
857,12.752954616242787,52.42158606585269,0.9148934643612179,"i=10,j=17"
858,12.75310155373064,52.421588859353015,0.5540996057154985,"i=10,j=18"
859,12.753248491242577,52.42159165267086,0.23511810261358812,"i=10,j=19"
860,12.7533954287786,52.421594445806214,0.32255131551308913,"i=10,j=20"
861,12.753542366338703,52.42159723875909,0.32573066902767844,"i=10,j=21"
862,12.753689303922886,52.421600031529486,0.04545988171546356,"i=10,j=22"
863,12.75383624153115,52.42160282411741,0.891013228429098,"i=10,j=23"
864,12.753983179163493,52.42160561652284,0.8553450267088327,"i=10,j=24"
865,12.75413011681991,52.4216084087458,0.7176767541897499,"i=10,j=25"
866,12.7542770545004,52.42161120078627,0.208804457568445,"i=10,j=26"
867,12.754423992204964,52.421613992644275,0.804916848175413,"i=10,j=27"
868,12.754570929933601,52.42161678431978,0.15052553059815788,"i=10,j=28"
869,12.754717867686306,52.42161957581282,0.37336893149462635,"i=10,j=29"
870,12.75486480546308,52.42162236712336,0.159018081164774,"i=10,j=30"
871,12.75501174326392,52.421625158251445,0.009341098575259221,"i=10,j=31"
872,12.755158681088824,52.42162794919703,0.7063068016041169,"i=10,j=32"
873,12.755305618937793,52.42163073996014,0.11347150981925569,"i=10,j=33"
874,12.755452556810823,52.421633530540774,0.06299572328185721,"i=10,j=34"
875,12.755599494707912,52.42163632093891,0.30136836437131387,"i=10,j=35"
876,12.755746432629063,52.42163911115459,0.2644459865314718,"i=10,j=36"
877,12.755893370574269,52.42164190118777,0.7213301721552251,"i=10,j=37"
878,12.75604030854353,52.42164469103848,0.5084857601726369,"i=10,j=38"
879,12.756187246536847,52.421647480706696,0.5422357129612844,"i=10,j=39"
880,12.756334184554214,52.42165027019244,0.38996642765405987,"i=10,j=40"
881,12.756481122595634,52.421653059495696,0.5019855242283427,"i=10,j=41"
882,12.756628060661102,52.421655848616474,0.2696490557561112,"i=10,j=42"
883,12.756774998750618,52.42165863755476,0.630540981461818,"i=10,j=43"
884,12.75692193686418,52.421661426310585,0.4265264785427515,"i=10,j=44"
885,12.757068875001787,52.42166421488392,0.5769779441383341,"i=10,j=45"
886,12.757215813163437,52.42166700327477,0.05818574341871874,"i=10,j=46"
887,12.757362751349127,52.42166979148313,0.47887046793560395,"i=10,j=47"
888,12.757509689558859,52.42167257950902,0.8792487255539175,"i=10,j=48"
889,12.757656627792628,52.421675367352414,0.8034298358342159,"i=10,j=49"
890,12.757803566050436,52.42167815501334,0.15917867125100982,"i=10,j=50"
891,12.757950504332277,52.42168094249178,0.630682629479502,"i=10,j=51"
892,12.75809744263815,52.42168372978774,0.30343601038312096,"i=10,j=52"
893,12.758244380968058,52.42168651690122,0.3251852112213265,"i=10,j=53"
894,12.758391319321996,52.42168930383221,0.5336144424740628,"i=10,j=54"
895,12.75853825769996,52.42169209058071,0.4875102667020782,"i=10,j=55"
896,12.758685196101954,52.421694877146734,0.26865470034865757,"i=10,j=56"
897,12.758832134527974,52.42169766353028,0.20693630036664412,"i=10,j=57"
898,12.758979072978018,52.42170044973134,0.21487794628824453,"i=10,j=58"
899,12.759126011452086,52.42170323574992,0.026184447668223698,"i=10,j=59"
900,12.759272949950171,52.421706021586026,0.7822047567622484,"i=10,j=60"
901,12.75941988847228,52.42170880723964,0.6880974730662879,"i=10,j=61"
902,12.759566827018404,52.421711592710764,0.05124425537664856,"i=10,j=62"
903,12.759713765588545,52.421714377999415,0.2930810049267022,"i=10,j=63"
904,12.7598607041827,52.42171716310557,0.23167510713956796,"i=10,j=64"
905,12.76000764280087,52.421719948029256,0.6262251731652161,"i=10,j=65"
906,12.76015458144305,52.421722732770455,0.9517783806332663,"i=10,j=66"
907,12.760301520109243,52.42172551732917,0.5661517504886033,"i=10,j=67"
908,12.760448458799441,52.4217283017054,0.7118378008459677,"i=10,j=68"
909,12.760595397513647,52.421731085899154,0.40834923281841196,"i=10,j=69"
910,12.76074233625186,52.421733869910405,0.8927265164701366,"i=10,j=70"
911,12.760889275014074,52.421736653739174,0.3122586239992454,"i=10,j=71"
912,12.761036213800292,52.42173943738548,0.372264728320312,"i=10,j=72"
913,12.76118315261051,52.421742220849296,0.34482339764057535,"i=10,j=73"
914,12.761330091444728,52.42174500413062,0.6700942877852288,"i=10,j=74"
915,12.761477030302943,52.421747787229464,0.4911494364350779,"i=10,j=75"
916,12.761623969185154,52.42175057014582,0.4565806247648767,"i=10,j=76"
917,12.761770908091359,52.421753352879705,0.4570656919285949,"i=10,j=77"
918,12.761917847021559,52.42175613543109,0.9982420022765164,"i=10,j=78"
919,12.762064785975747,52.4217589178,0.1475966147700405,"i=10,j=79"
920,12.762211724953927,52.421761699986426,0.0017814815532061212,"i=10,j=80"
921,12.762358663956094,52.421764481990365,0.0988734304460328,"i=10,j=81"
922,12.762505602982248,52.42176726381182,0.5095588432934446,"i=10,j=82"
923,12.762652542032388,52.42177004545079,0.054431464894260095,"i=10,j=83"
924,12.750461257049842,52.42144871464995,0.42852818195313414,"i=11,j=0"
925,12.750608193829823,52.4214515112434,0.8384938051001868,"i=11,j=1"
926,12.750755130633916,52.42145430765437,0.10134907285833317,"i=11,j=2"
927,12.750902067462121,52.42145710388288,0.4524939375933936,"i=11,j=3"
928,12.751049004314433,52.421459899928884,0.2800522918477216,"i=11,j=4"
929,12.751195941190852,52.42146269579243,0.9010157195401697,"i=11,j=5"
930,12.751342878091377,52.4214654914735,0.6506419736189577,"i=11,j=6"
931,12.751489815016008,52.42146828697208,0.11669142936163646,"i=11,j=7"
932,12.751636751964739,52.42147108228818,0.4771731551390286,"i=11,j=8"
933,12.751783688937572,52.421473877421796,0.3779179169133061,"i=11,j=9"
934,12.751930625934502,52.42147667237295,0.5035939407634046,"i=11,j=10"
935,12.752077562955531,52.42147946714162,0.8706899291039499,"i=11,j=11"
936,12.752224500000658,52.42148226172781,0.9638862410961395,"i=11,j=12"
937,12.752371437069879,52.421485056131516,0.10404472993389835,"i=11,j=13"
938,12.752518374163191,52.42148785035275,0.3719656872591469,"i=11,j=14"
939,12.752665311280595,52.4214906443915,0.6725058745048386,"i=11,j=15"
940,12.752812248422089,52.421493438247765,0.9327737936310273,"i=11,j=16"
941,12.752959185587672,52.42149623192156,0.9876597787301278,"i=11,j=17"
942,12.753106122777343,52.421499025412864,0.5043863150915487,"i=11,j=18"
943,12.753253059991097,52.42150181872171,0.5238520735407658,"i=11,j=19"
944,12.753399997228936,52.42150461184806,0.790512418589223,"i=11,j=20"
945,12.753546934490856,52.42150740479194,0.7913536882555465,"i=11,j=21"
946,12.753693871776857,52.42151019755333,0.27219953416400156,"i=11,j=22"
947,12.753840809086936,52.42151299013224,0.42681719777041005,"i=11,j=23"
948,12.753987746421094,52.42151578252868,0.9214105016218619,"i=11,j=24"
949,12.754134683779327,52.421518574742635,0.6474045930611753,"i=11,j=25"
950,12.754281621161633,52.42152136677411,0.9521269309145197,"i=11,j=26"
951,12.754428558568014,52.42152415862311,0.4172915848737414,"i=11,j=27"
952,12.754575495998465,52.42152695028962,0.876799574019105,"i=11,j=28"
953,12.754722433452987,52.421529741773654,0.17971964297692689,"i=11,j=29"
954,12.754869370931573,52.42153253307521,0.7377517044018892,"i=11,j=30"
955,12.755016308434229,52.42153532419429,0.15908178022091057,"i=11,j=31"
956,12.755163245960949,52.42153811513088,0.12068594796414411,"i=11,j=32"
957,12.755310183511732,52.42154090588498,0.12857022578839572,"i=11,j=33"
958,12.755457121086575,52.421543696456624,0.08965529753790036,"i=11,j=34"
959,12.75560405868548,52.42154648684577,0.5214218657893598,"i=11,j=35"
960,12.755750996308443,52.42154927705245,0.8821502487606966,"i=11,j=36"
961,12.755897933955461,52.42155206707665,0.60268781051232,"i=11,j=37"
962,12.756044871626539,52.42155485691834,0.26629238454367654,"i=11,j=38"
963,12.756191809321667,52.421557646577575,0.2898657285248588,"i=11,j=39"
964,12.756338747040848,52.421560436054335,0.6929345648531511,"i=11,j=40"
965,12.756485684784082,52.42156322534859,0.4386554923190299,"i=11,j=41"
966,12.756632622551361,52.421566014460375,0.6121408860800093,"i=11,j=42"
967,12.756779560342691,52.421568803389675,0.2920443530801393,"i=11,j=43"
968,12.756926498158066,52.4215715921365,0.46613529438646306,"i=11,j=44"
969,12.757073435997485,52.42157438070085,0.7015034090193353,"i=11,j=45"
970,12.757220373860948,52.4215771690827,0.4790412374597124,"i=11,j=46"
971,12.757367311748451,52.42157995728209,0.7993985367246385,"i=11,j=47"
972,12.757514249659993,52.42158274529899,0.933507120682121,"i=11,j=48"
973,12.757661187595573,52.4215855331334,0.5250140081426243,"i=11,j=49"
974,12.757808125555194,52.42158832078534,0.608225101014814,"i=11,j=50"
975,12.757955063538846,52.42159110825479,0.3205483348827711,"i=11,j=51"
976,12.758102001546531,52.42159389554176,0.7204559397337718,"i=11,j=52"
977,12.75824893957825,52.42159668264626,0.11817659755834486,"i=11,j=53"
978,12.758395877633998,52.421599469568264,0.5020073258689371,"i=11,j=54"
979,12.758542815713776,52.421602256307786,0.47769828210515897,"i=11,j=55"
980,12.75868975381758,52.421605042864826,0.054174871200671326,"i=11,j=56"
981,12.75883669194541,52.42160782923939,0.11162183898990918,"i=11,j=57"
982,12.758983630097264,52.42161061543148,0.8023299259782298,"i=11,j=58"
983,12.75913056827314,52.42161340144107,0.6775072914091161,"i=11,j=59"
984,12.759277506473037,52.421616187268185,0.7444658528492731,"i=11,j=60"
985,12.759424444696954,52.42161897291282,0.6999584369081912,"i=11,j=61"
986,12.759571382944888,52.42162175837497,0.9801483901924528,"i=11,j=62"
987,12.759718321216837,52.42162454365464,0.11988002987296242,"i=11,j=63"
988,12.759865259512804,52.42162732875182,0.7351868544595733,"i=11,j=64"
989,12.760012197832781,52.421630113666524,0.40383501166820823,"i=11,j=65"
990,12.760159136176773,52.42163289839875,0.8763655933912285,"i=11,j=66"
991,12.760306074544772,52.421635682948484,0.23843445560174004,"i=11,j=67"
992,12.760453012936779,52.42163846731574,0.8526324629309641,"i=11,j=68"
993,12.760599951352795,52.42164125150051,0.8445535062645622,"i=11,j=69"
994,12.760746889792813,52.421644035502794,0.4135324531775614,"i=11,j=70"
995,12.760893828256837,52.421646819322596,0.2079080115434897,"i=11,j=71"
996,12.761040766744863,52.42164960295992,0.36268511553882643,"i=11,j=72"
997,12.761187705256889,52.42165238641475,0.5537646091529527,"i=11,j=73"
998,12.761334643792914,52.421655169687114,0.8322466231071096,"i=11,j=74"
999,12.761481582352936,52.421657952777,0.08331818281848669,"i=11,j=75"
1000,12.761628520936956,52.42166073568438,0.6922697472024906,"i=11,j=76"
1001,12.761775459544968,52.42166351840929,0.019944708083994844,"i=11,j=77"
1002,12.761922398176972,52.4216663009517,0.5785840581360826,"i=11,j=78"
1003,12.762069336832969,52.42166908331165,0.6352557656192949,"i=11,j=79"
1004,12.762216275512955,52.4216718654891,0.7024511827458467,"i=11,j=80"
1005,12.76236321421693,52.421674647484075,0.6584191462427851,"i=11,j=81"
1006,12.762510152944888,52.421677429296565,0.045486649909931565,"i=11,j=82"
1007,12.762657091696834,52.42168021092655,0.4062436906318533,"i=11,j=83"
1008,12.7504658314397,52.42135888087033,0.8334473986085155,"i=12,j=0"
1009,12.750612767921503,52.42136167745476,0.5536949291874009,"i=12,j=1"
1010,12.750759704427416,52.42136447385672,0.7077418466917841,"i=12,j=2"
1011,12.750906640957442,52.42136727007621,0.8579452591631199,"i=12,j=3"
1012,12.751053577511575,52.42137006611322,0.6971343825593239,"i=12,j=4"
1013,12.751200514089817,52.42137286196774,0.3014728717081634,"i=12,j=5"
1014,12.751347450692162,52.42137565763979,0.8340168253314023,"i=12,j=6"
1015,12.75149438731861,52.421378453129364,0.765437887710261,"i=12,j=7"
1016,12.751641323969164,52.42138124843645,0.4189189351560446,"i=12,j=8"
1017,12.751788260643815,52.42138404356107,0.9966715066131732,"i=12,j=9"
1018,12.751935197342567,52.4213868385032,0.453959261065516,"i=12,j=10"
1019,12.752082134065416,52.42138963326286,0.32594279570598295,"i=12,j=11"
1020,12.752229070812362,52.42139242784004,0.8556997551416217,"i=12,j=12"
1021,12.7523760075834,52.42139522223474,0.8467169668616578,"i=12,j=13"
1022,12.752522944378534,52.42139801644697,0.7019915351567587,"i=12,j=14"
1023,12.752669881197757,52.42140081047672,0.8467032760463303,"i=12,j=15"
1024,12.75281681804107,52.42140360432398,0.8089682607859338,"i=12,j=16"
1025,12.752963754908473,52.421406397988754,0.32515085981699976,"i=12,j=17"
1026,12.75311069179996,52.42140919147107,0.6844415224789399,"i=12,j=18"
1027,12.753257628715533,52.4214119847709,0.4740933307375722,"i=12,j=19"
1028,12.75340456565519,52.42141477788824,0.5250928111360799,"i=12,j=20"
1029,12.753551502618928,52.42141757082312,0.2998858282113226,"i=12,j=21"
1030,12.75369843960675,52.42142036357551,0.9728619145209322,"i=12,j=22"
1031,12.753845376618646,52.42142315614542,0.14027822730321649,"i=12,j=23"
1032,12.75399231365462,52.42142594853286,0.9648642581262603,"i=12,j=24"
1033,12.75413925071467,52.42142874073781,0.8690685227203698,"i=12,j=25"
1034,12.754286187798796,52.42143153276028,0.14078876468538026,"i=12,j=26"
1035,12.754433124906992,52.42143432460028,0.3311242896077182,"i=12,j=27"
1036,12.75458006203926,52.42143711625779,0.348762649873987,"i=12,j=28"
1037,12.754726999195597,52.42143990773284,0.4538690076941734,"i=12,j=29"
1038,12.754873936376,52.42144269902539,0.7149508833038833,"i=12,j=30"
1039,12.755020873580472,52.42144549013546,0.8889003202706411,"i=12,j=31"
1040,12.75516781080901,52.421448281063064,0.6193389886406295,"i=12,j=32"
1041,12.755314748061608,52.42145107180818,0.1515266515316589,"i=12,j=33"
1042,12.755461685338268,52.42145386237081,0.0010059137006234176,"i=12,j=34"
1043,12.755608622638988,52.421456652750976,0.7754960380579436,"i=12,j=35"
1044,12.755755559963767,52.421459442948645,0.1081845744482901,"i=12,j=36"
1045,12.7559024973126,52.42146223296385,0.9533063385477354,"i=12,j=37"
1046,12.756049434685492,52.421465022796546,0.45686750347870964,"i=12,j=38"
1047,12.756196372082437,52.4214678124468,0.0752859327942792,"i=12,j=39"
1048,12.756343309503432,52.42147060191456,0.5005375916395504,"i=12,j=40"
1049,12.756490246948479,52.42147339119983,0.07720640752954577,"i=12,j=41"
1050,12.756637184417576,52.42147618030262,0.5875555649686471,"i=12,j=42"
1051,12.75678412191072,52.42147896922293,0.2670369310616457,"i=12,j=43"
1052,12.756931059427908,52.42148175796077,0.6408586540241904,"i=12,j=44"
1053,12.75707799696914,52.42148454651612,0.5640569475705213,"i=12,j=45"
1054,12.757224934534417,52.421487334889,0.5274645065484641,"i=12,j=46"
1055,12.757371872123734,52.42149012307939,0.8535902910806151,"i=12,j=47"
1056,12.75751880973709,52.4214929110873,0.8622605269489048,"i=12,j=48"
1057,12.757665747374483,52.42149569891273,0.8383175118111315,"i=12,j=49"
1058,12.757812685035915,52.42149848655568,0.16816885058233932,"i=12,j=50"
1059,12.757959622721382,52.421501274016144,0.2518021877666804,"i=12,j=51"
1060,12.75810656043088,52.42150406129413,0.9982651931042491,"i=12,j=52"
1061,12.758253498164413,52.42150684838963,0.29188723013441875,"i=12,j=53"
1062,12.758400435921972,52.42150963530265,0.9237758869241767,"i=12,j=54"
1063,12.758547373703562,52.421512422033196,0.10248942981611864,"i=12,j=55"
1064,12.758694311509178,52.42151520858127,0.23692525665520292,"i=12,j=56"
1065,12.75884124933882,52.42151799494684,0.8035222211475296,"i=12,j=57"
1066,12.758988187192486,52.42152078112994,0.8753952413859941,"i=12,j=58"
1067,12.759135125070173,52.421523567130556,0.2762580298297256,"i=12,j=59"
1068,12.759282062971883,52.42152635294869,0.6226977003015921,"i=12,j=60"
1069,12.759429000897612,52.42152913858434,0.35996892637692646,"i=12,j=61"
1070,12.759575938847355,52.42153192403751,0.5619132793631977,"i=12,j=62"
1071,12.759722876821117,52.421534709308204,0.8565217027579851,"i=12,j=63"
1072,12.759869814818893,52.42153749439641,0.2201160063792903,"i=12,j=64"
1073,12.76001675284068,52.421540279302135,0.29310177246216884,"i=12,j=65"
1074,12.760163690886483,52.42154306402538,0.9730401369298164,"i=12,j=66"
1075,12.760310628956292,52.42154584856614,0.9595723196610568,"i=12,j=67"
1076,12.76045756705011,52.42154863292442,0.09436304384670358,"i=12,j=68"
1077,12.760604505167935,52.42155141710021,0.18536350332278284,"i=12,j=69"
1078,12.760751443309763,52.421554201093514,0.8700872468258809,"i=12,j=70"
1079,12.760898381475597,52.42155698490436,0.9898804801446291,"i=12,j=71"
1080,12.761045319665433,52.42155976853271,0.7758187559698699,"i=12,j=72"
1081,12.761192257879268,52.42156255197857,0.4146925012131716,"i=12,j=73"
1082,12.761339196117103,52.42156533524196,0.0844435341453722,"i=12,j=74"
1083,12.761486134378934,52.42156811832285,0.05820614014117009,"i=12,j=75"
1084,12.761633072664761,52.42157090122127,0.5248465779321353,"i=12,j=76"
1085,12.761780010974583,52.421573683937204,0.5285183974687163,"i=12,j=77"
1086,12.761926949308396,52.42157646647066,0.283085196564836,"i=12,j=78"
1087,12.762073887666201,52.42157924882163,0.2710430083810281,"i=12,j=79"
1088,12.762220826047995,52.421582030990116,0.9639036780385131,"i=12,j=80"
1089,12.762367764453776,52.42158481297612,0.539581296093711,"i=12,j=81"
1090,12.762514702883543,52.42158759477964,0.3159088166774334,"i=12,j=82"
1091,12.762661641337298,52.421590376400665,0.0714931435163032,"i=12,j=83"
1092,12.750470405805444,52.42126904708906,0.21711123408829291,"i=13,j=0"
1093,12.750617341989072,52.42127184366448,0.8095713512833734,"i=13,j=1"
1094,12.750764278196808,52.421274640057426,0.8174230309645435,"i=13,j=2"
1095,12.750911214428656,52.42127743626789,0.7008321979581583,"i=13,j=3"
1096,12.75105815068461,52.42128023229589,0.06718815126572475,"i=13,j=4"
1097,12.751205086964674,52.4212830281414,0.9171572580663696,"i=13,j=5"
1098,12.751352023268842,52.42128582380443,0.6191706658309089,"i=13,j=6"
1099,12.751498959597113,52.421288619285,0.1767571391116166,"i=13,j=7"
1100,12.751645895949485,52.42129141458308,0.5081147085459106,"i=13,j=8"
1101,12.751792832325963,52.42129420969869,0.9613643296869939,"i=13,j=9"
1102,12.751939768726533,52.42129700463181,0.2881201812434737,"i=13,j=10"
1103,12.752086705151205,52.42129979938247,0.3973448657255213,"i=13,j=11"
1104,12.752233641599972,52.42130259395063,0.7658716382339943,"i=13,j=12"
1105,12.752380578072831,52.42130538833632,0.4139007552984888,"i=13,j=13"
1106,12.752527514569785,52.421308182539526,0.5144006181085253,"i=13,j=14"
1107,12.75267445109083,52.42131097656027,0.7972993420391871,"i=13,j=15"
1108,12.752821387635963,52.421313770398534,0.2640240830237529,"i=13,j=16"
1109,12.752968324205185,52.42131656405431,0.17884693392277862,"i=13,j=17"
1110,12.753115260798493,52.421319357527615,0.2550412577192932,"i=13,j=18"
1111,12.753262197415888,52.42132215081844,0.09526443025162068,"i=13,j=19"
1112,12.753409134057364,52.421324943926784,0.9705761618228887,"i=13,j=20"
1113,12.75355607072292,52.42132773685266,0.5848189436990244,"i=13,j=21"
1114,12.75370300741256,52.42133052959604,0.21540859036958215,"i=13,j=22"
1115,12.753849944126276,52.421333322156954,0.33867385614923573,"i=13,j=23"
1116,12.75399688086407,52.42133611453538,0.2325565122543698,"i=13,j=24"
1117,12.75414381762594,52.421338906731336,0.18255399019423602,"i=13,j=25"
1118,12.754290754411882,52.42134169874481,0.009693711573258268,"i=13,j=26"
1119,12.754437691221899,52.421344490575805,0.3677959457348895,"i=13,j=27"
1120,12.754584628055985,52.42134728222432,0.6112897877444123,"i=13,j=28"
1121,12.75473156491414,52.421350073690355,0.7655269146257437,"i=13,j=29"
1122,12.754878501796362,52.42135286497392,0.6702892444225945,"i=13,j=30"
1123,12.755025438702653,52.421355656074994,0.05393784114530986,"i=13,j=31"
1124,12.755172375633006,52.42135844699359,0.7629041590651331,"i=13,j=32"
1125,12.755319312587423,52.42136123772972,0.3052259605946266,"i=13,j=33"
1126,12.755466249565899,52.421364028283364,0.5705902354311261,"i=13,j=34"
1127,12.755613186568437,52.421366818654526,0.6540607190157711,"i=13,j=35"
1128,12.755760123595033,52.4213696088432,0.1060370438999847,"i=13,j=36"
1129,12.755907060645685,52.42137239884941,0.036051916115107274,"i=13,j=37"
1130,12.756053997720393,52.42137518867313,0.29998072233095174,"i=13,j=38"
1131,12.756200934819153,52.42137797831437,0.9409769682133059,"i=13,j=39"
1132,12.756347871941966,52.42138076777314,0.7457367364102232,"i=13,j=40"
1133,12.75649480908883,52.421383557049424,0.28956991435202195,"i=13,j=41"
1134,12.75664174625974,52.42138634614322,0.7170161517946134,"i=13,j=42"
1135,12.756788683454701,52.42138913505455,0.47444212626479887,"i=13,j=43"
1136,12.756935620673705,52.42139192378339,0.9158103764809673,"i=13,j=44"
1137,12.757082557916753,52.42139471232976,0.6818775106730499,"i=13,j=45"
1138,12.757229495183847,52.42139750069364,0.2206887965593739,"i=13,j=46"
1139,12.757376432474977,52.421400288875034,0.6304225041411211,"i=13,j=47"
1140,12.757523369790148,52.421403076873965,0.9670777530938156,"i=13,j=48"
1141,12.75767030712936,52.421405864690406,0.6983111703326776,"i=13,j=49"
1142,12.757817244492603,52.42140865232437,0.5018454162791285,"i=13,j=50"
1143,12.757964181879883,52.421411439775845,0.7160167094638021,"i=13,j=51"
1144,12.758111119291197,52.42141422704485,0.30336573216428353,"i=13,j=52"
1145,12.758258056726543,52.42141701413137,0.7750938874270169,"i=13,j=53"
1146,12.758404994185918,52.42141980103541,0.6302573812067833,"i=13,j=54"
1147,12.758551931669322,52.421422587756965,0.09777082370257473,"i=13,j=55"
1148,12.758698869176751,52.42142537429605,0.5473398501420547,"i=13,j=56"
1149,12.758845806708207,52.421428160652646,0.5478499275529545,"i=13,j=57"
1150,12.758992744263686,52.42143094682676,0.24053218429208434,"i=13,j=58"
1151,12.759139681843187,52.42143373281839,0.2566391374285678,"i=13,j=59"
1152,12.759286619446708,52.42143651862755,0.7894258862201894,"i=13,j=60"
1153,12.75943355707425,52.42143930425423,0.3134936431302149,"i=13,j=61"
1154,12.759580494725807,52.42144208969842,0.048481155699843126,"i=13,j=62"
1155,12.759727432401382,52.421444874960116,0.325070217480423,"i=13,j=63"
1156,12.75987437010097,52.42144766003935,0.9443106547143816,"i=13,j=64"
1157,12.76002130782457,52.4214504449361,0.7292502649834667,"i=13,j=65"
1158,12.760168245572183,52.42145322965037,0.5407951343167857,"i=13,j=66"
1159,12.760315183343804,52.42145601418215,0.2242671259085477,"i=13,j=67"
1160,12.760462121139435,52.42145879853145,0.5095148272131887,"i=13,j=68"
1161,12.760609058959071,52.42146158269828,0.8860624388975757,"i=13,j=69"
1162,12.760755996802711,52.42146436668261,0.007333603379017561,"i=13,j=70"
1163,12.760902934670357,52.42146715048447,0.7300430936520197,"i=13,j=71"
1164,12.761049872562001,52.42146993410385,0.1692561932399972,"i=13,j=72"
1165,12.761196810477648,52.42147271754074,0.9028154357523125,"i=13,j=73"
1166,12.761343748417294,52.42147550079514,0.9541975607758113,"i=13,j=74"
1167,12.761490686380935,52.421478283867074,0.05234675018267787,"i=13,j=75"
1168,12.761637624368573,52.42148106675652,0.5864444134486679,"i=13,j=76"
1169,12.761784562380205,52.421483849463485,0.2066169655122264,"i=13,j=77"
1170,12.761931500415828,52.42148663198797,0.06694053108986253,"i=13,j=78"
1171,12.762078438475442,52.421489414329976,0.8178655803237513,"i=13,j=79"
1172,12.762225376559046,52.42149219648948,0.40402377136527046,"i=13,j=80"
1173,12.762372314666637,52.42149497846652,0.6293333506513088,"i=13,j=81"
1174,12.762519252798215,52.421497760261076,0.5712329698500804,"i=13,j=82"
1175,12.762666190953775,52.421500541873144,0.014402284077653982,"i=13,j=83"
1176,12.750474980147077,52.42117921330613,0.5381451677755317,"i=14,j=0"
1177,12.750621916032525,52.421182009872545,0.010531240997260993,"i=14,j=1"
1178,12.750768851942087,52.421184806256484,0.4509383799659036,"i=14,j=2"
1179,12.75091578787576,52.42118760245792,0.6430477278645963,"i=14,j=3"
1180,12.75106272383354,52.42119039847691,0.39638701293126977,"i=14,j=4"
1181,12.751209659815427,52.42119319431342,0.1723624598252793,"i=14,j=5"
1182,12.751356595821418,52.42119598996744,0.2767068044224138,"i=14,j=6"
1183,12.751503531851514,52.42119878543898,0.02823626502356147,"i=14,j=7"
1184,12.751650467905712,52.42120158072805,0.3227742734825727,"i=14,j=8"
1185,12.751797403984007,52.42120437583464,0.36344380717189784,"i=14,j=9"
1186,12.751944340086403,52.42120717075876,0.5467141243747383,"i=14,j=10"
1187,12.752091276212898,52.4212099655004,0.3140693668852782,"i=14,j=11"
1188,12.752238212363485,52.42121276005957,0.8496489160885212,"i=14,j=12"
1189,12.75238514853817,52.42121555443625,0.9599495350430055,"i=14,j=13"
1190,12.752532084736945,52.421218348630454,0.817005401817856,"i=14,j=14"
1191,12.75267902095981,52.42122114264218,0.5150615865534746,"i=14,j=15"
1192,12.752825957206767,52.42122393647144,0.259435393108846,"i=14,j=16"
1193,12.75297289347781,52.42122673011822,0.5096304600055452,"i=14,j=17"
1194,12.753119829772942,52.42122952358251,0.27567402198826185,"i=14,j=18"
1195,12.753266766092155,52.42123231686434,0.033088482909858774,"i=14,j=19"
1196,12.753413702435454,52.42123510996367,0.885739288971026,"i=14,j=20"
1197,12.753560638802833,52.42123790288054,0.13048853469485433,"i=14,j=21"
1198,12.753707575194293,52.42124069561493,0.16373958499401053,"i=14,j=22"
1199,12.75385451160983,52.42124348816684,0.2671878233469681,"i=14,j=23"
1200,12.754001448049445,52.42124628053626,0.1253221967851923,"i=14,j=24"
1201,12.754148384513135,52.421249072723214,0.48808857339470824,"i=14,j=25"
1202,12.754295321000898,52.421251864727694,0.5526245851859606,"i=14,j=26"
1203,12.754442257512734,52.42125465654969,0.6735839372102573,"i=14,j=27"
1204,12.754589194048641,52.421257448189195,0.9803539301586724,"i=14,j=28"
1205,12.754736130608615,52.42126023964624,0.6766309903762151,"i=14,j=29"
1206,12.754883067192658,52.421263030920805,0.4496482184513706,"i=14,j=30"
1207,12.755030003800767,52.42126582201287,0.4427422490308611,"i=14,j=31"
1208,12.75517694043294,52.42126861292248,0.3083290899634522,"i=14,j=32"
1209,12.755323877089177,52.421271403649605,0.08863388960050678,"i=14,j=33"
1210,12.755470813769472,52.421274194194254,0.9529205307463322,"i=14,j=34"
1211,12.755617750473828,52.421276984556414,0.04968639693065513,"i=14,j=35"
1212,12.755764687202243,52.42127977473611,0.8004826217327476,"i=14,j=36"
1213,12.755911623954713,52.4212825647333,0.22356032003554172,"i=14,j=37"
1214,12.75605856073124,52.42128535454805,0.5380078588626828,"i=14,j=38"
1215,12.756205497531818,52.42128814418029,0.040930026789027685,"i=14,j=39"
1216,12.75635243435645,52.42129093363007,0.6280020595658756,"i=14,j=40"
1217,12.756499371205129,52.42129372289736,0.5783883088676307,"i=14,j=41"
1218,12.75664630807786,52.42129651198217,0.25628336578757527,"i=14,j=42"
1219,12.756793244974636,52.42129930088449,0.7509644631335152,"i=14,j=43"
1220,12.756940181895459,52.42130208960436,0.8796873936480912,"i=14,j=44"
1221,12.757087118840325,52.421304878141726,0.9003606297216321,"i=14,j=45"
1222,12.757234055809231,52.421307666496624,0.023664568546954534,"i=14,j=46"
1223,12.757380992802181,52.42131045466904,0.6782825491916405,"i=14,j=47"
1224,12.757527929819169,52.42131324265898,0.9209198963351439,"i=14,j=48"
1225,12.757674866860196,52.42131603046643,0.19897516460808995,"i=14,j=49"
1226,12.757821803925257,52.42131881809141,0.8322041023224082,"i=14,j=50"
1227,12.757968741014356,52.421321605533905,0.9837370076242167,"i=14,j=51"
1228,12.758115678127483,52.42132439279392,0.13781866005823684,"i=14,j=52"
1229,12.758262615264643,52.421327179871454,0.1401316871326126,"i=14,j=53"
1230,12.758409552425835,52.42132996676651,0.874036700832912,"i=14,j=54"
1231,12.758556489611053,52.42133275347908,0.7823095363101209,"i=14,j=55"
1232,12.758703426820299,52.42133554000918,0.5123108122074599,"i=14,j=56"
1233,12.75885036405357,52.421338326356796,0.8596622862390344,"i=14,j=57"
1234,12.758997301310863,52.42134111252192,0.9626291076357721,"i=14,j=58"
1235,12.75914423859218,52.421343898504574,0.6786687704947038,"i=14,j=59"
1236,12.759291175897516,52.42134668430476,0.145185016735916,"i=14,j=60"
1237,12.75943811322687,52.42134946992245,0.4371015949328477,"i=14,j=61"
1238,12.759585050580244,52.42135225535766,0.44453562721664086,"i=14,j=62"
1239,12.759731987957633,52.42135504061039,0.579940834595943,"i=14,j=63"
1240,12.759878925359034,52.42135782568064,0.8114530865168698,"i=14,j=64"
1241,12.760025862784449,52.42136061056841,0.042960267825898235,"i=14,j=65"
1242,12.760172800233875,52.4213633952737,0.7200648037116707,"i=14,j=66"
1243,12.76031973770731,52.421366179796514,0.5951287112959692,"i=14,j=67"
1244,12.760466675204754,52.421368964136825,0.774427115127729,"i=14,j=68"
1245,12.760613612726202,52.421371748294675,0.5178377428594103,"i=14,j=69"
1246,12.760760550271655,52.42137453227004,0.635889577406419,"i=14,j=70"
1247,12.760907487841113,52.42137731606293,0.10563838184224994,"i=14,j=71"
1248,12.76105442543457,52.42138009967333,0.4887392170231343,"i=14,j=72"
1249,12.76120136305203,52.42138288310125,0.5315565067257202,"i=14,j=73"
1250,12.76134830069349,52.42138566634669,0.6872047115114442,"i=14,j=74"
1251,12.761495238358942,52.42138844940964,0.10762113249482963,"i=14,j=75"
1252,12.761642176048392,52.42139123229012,0.24839679977945361,"i=14,j=76"
1253,12.761789113761834,52.42139401498811,0.37405669630355154,"i=14,j=77"
1254,12.76193605149927,52.42139679750362,0.9917237175534546,"i=14,j=78"
1255,12.762082989260694,52.42139957983666,0.27654243369099973,"i=14,j=79"
1256,12.76222992704611,52.4214023619872,0.6525460798156565,"i=14,j=80"
1257,12.762376864855511,52.42140514395527,0.8320119052902245,"i=14,j=81"
1258,12.7625238026889,52.421407925740866,0.7504184330751942,"i=14,j=82"
1259,12.762670740546275,52.42141070734395,0.9590527810569114,"i=14,j=83"
1260,12.750479554464595,52.42108937952155,0.8087100250382839,"i=15,j=0"
1261,12.750626490051872,52.421092176078936,0.25434575789668834,"i=15,j=1"
1262,12.75077342566326,52.42109497245385,0.9200026906339226,"i=15,j=2"
1263,12.750920361298759,52.4210977686463,0.9385410066219899,"i=15,j=3"
1264,12.751067296958363,52.42110056465626,0.7513892169335131,"i=15,j=4"
1265,12.751214232642075,52.42110336048375,0.6083226020378265,"i=15,j=5"
1266,12.751361168349893,52.421106156128765,0.014674903224968894,"i=15,j=6"
1267,12.751508104081811,52.4211089515913,0.5642992553243558,"i=15,j=7"
1268,12.751655039837834,52.421111746871354,0.573900513341058,"i=15,j=8"
1269,12.751801975617957,52.42111454196895,0.4872888598062114,"i=15,j=9"
1270,12.751948911422177,52.42111733688405,0.44281432981894764,"i=15,j=10"
1271,12.752095847250494,52.42112013161668,0.6895889287664573,"i=15,j=11"
1272,12.752242783102908,52.42112292616684,0.6998665371032988,"i=15,j=12"
1273,12.752389718979416,52.42112572053451,0.9943273856379391,"i=15,j=13"
1274,12.752536654880016,52.42112851471971,0.9943300736818104,"i=15,j=14"
1275,12.752683590804704,52.42113130872243,0.5391790653790463,"i=15,j=15"
1276,12.752830526753485,52.42113410254268,0.9005622443972339,"i=15,j=16"
1277,12.752977462726353,52.42113689618045,0.9175515499370129,"i=15,j=17"
1278,12.753124398723305,52.42113968963574,0.6469254494598828,"i=15,j=18"
1279,12.753271334744342,52.42114248290856,0.18951320833030405,"i=15,j=19"
1280,12.753418270789464,52.421145275998896,0.7033377677838328,"i=15,j=20"
1281,12.753565206858667,52.421148068906746,0.18915139825084837,"i=15,j=21"
1282,12.753712142951949,52.421150861632135,0.33030109380507366,"i=15,j=22"
1283,12.753859079069308,52.42115365417504,0.5741904977044753,"i=15,j=23"
1284,12.754006015210745,52.42115644653547,0.804877711678745,"i=15,j=24"
1285,12.754152951376257,52.421159238713415,0.7872126255711022,"i=15,j=25"
1286,12.754299887565843,52.42116203070889,0.4411413290443593,"i=15,j=26"
1287,12.7544468237795,52.42116482252189,0.834341529000237,"i=15,j=27"
1288,12.75459376001723,52.4211676141524,0.49181444785927275,"i=15,j=28"
1289,12.754740696279026,52.42117040560044,0.17516852413922768,"i=15,j=29"
1290,12.754887632564888,52.421173196866,0.11317973737295861,"i=15,j=30"
1291,12.755034568874818,52.421175987949105,0.7563859288339249,"i=15,j=31"
1292,12.755181505208812,52.42117877884969,0.9441024321760433,"i=15,j=32"
1293,12.755328441566869,52.42118156956782,0.9145431752722722,"i=15,j=33"
1294,12.755475377948985,52.421184360103474,0.5838654604666793,"i=15,j=34"
1295,12.755622314355163,52.42118715045665,0.724224377581924,"i=15,j=35"
1296,12.755769250785399,52.42118994062734,0.4651363515437188,"i=15,j=36"
1297,12.755916187239688,52.42119273061555,0.7552207618853923,"i=15,j=37"
1298,12.756063123718034,52.421195520421286,0.12060744022695313,"i=15,j=38"
1299,12.75621006022043,52.421198310044545,0.2299175291437543,"i=15,j=39"
1300,12.756356996746883,52.42120109948532,0.5198279739494127,"i=15,j=40"
1301,12.756503933297383,52.42120388874363,0.3091073739499467,"i=15,j=41"
1302,12.756650869871931,52.421206677819455,0.10230126753468816,"i=15,j=42"
1303,12.756797806470527,52.42120946671279,0.6292457214455606,"i=15,j=43"
1304,12.756944743093168,52.421212255423654,0.7567465827766748,"i=15,j=44"
1305,12.757091679739853,52.42121504395204,0.7819500354913007,"i=15,j=45"
1306,12.75723861641058,52.42121783229795,0.7969008024450023,"i=15,j=46"
1307,12.757385553105347,52.42122062046137,0.7029561833962276,"i=15,j=47"
1308,12.757532489824152,52.42122340844232,0.7118321449417809,"i=15,j=48"
1309,12.757679426566996,52.42122619624079,0.8352684716205533,"i=15,j=49"
1310,12.757826363333876,52.42122898385678,0.6290465678768726,"i=15,j=50"
1311,12.757973300124792,52.42123177129028,0.9839524669598418,"i=15,j=51"
1312,12.758120236939737,52.42123455854133,0.34071075930415784,"i=15,j=52"
1313,12.758267173778718,52.421237345609875,0.38118740021227193,"i=15,j=53"
1314,12.758414110641725,52.42124013249594,0.8810145289478395,"i=15,j=54"
1315,12.75856104752876,52.421242919199535,0.9208537980682162,"i=15,j=55"
1316,12.758707984439823,52.421245705720644,0.11666977225503161,"i=15,j=56"
1317,12.758854921374908,52.42124849205928,0.5769836961130451,"i=15,j=57"
1318,12.759001858334019,52.42125127821543,0.08191309828625992,"i=15,j=58"
1319,12.759148795317152,52.42125406418911,0.5645522259451736,"i=15,j=59"
1320,12.759295732324306,52.4212568499803,0.2982424879068104,"i=15,j=60"
1321,12.759442669355476,52.42125963558901,0.6826807742233014,"i=15,j=61"
1322,12.759589606410664,52.42126242101524,0.8231828168181539,"i=15,j=62"
1323,12.759736543489867,52.421265206258994,0.26822434901977965,"i=15,j=63"
1324,12.759883480593086,52.42126799132027,0.5065276156892342,"i=15,j=64"
1325,12.760030417720316,52.42127077619906,0.06669886023644245,"i=15,j=65"
1326,12.760177354871557,52.42127356089537,0.16202257538341203,"i=15,j=66"
1327,12.760324292046807,52.421276345409204,0.7931834393766055,"i=15,j=67"
1328,12.760471229246066,52.421279129740554,0.11233785703969834,"i=15,j=68"
1329,12.76061816646933,52.42128191388942,0.23228044883188337,"i=15,j=69"
1330,12.760765103716599,52.42128469785582,0.8040472602828104,"i=15,j=70"
1331,12.76091204098787,52.421287481639716,0.14693581134090605,"i=15,j=71"
1332,12.76105897828314,52.42129026524115,0.5668700912825138,"i=15,j=72"
1333,12.761205915602414,52.421293048660104,0.8939097381334863,"i=15,j=73"
1334,12.761352852945684,52.421295831896565,0.5090275039495142,"i=15,j=74"
1335,12.761499790312953,52.42129861495056,0.8445647697183559,"i=15,j=75"
1336,12.761646727704216,52.421301397822056,0.3088426544440718,"i=15,j=76"
1337,12.761793665119473,52.42130418051108,0.057135724661583454,"i=15,j=77"
1338,12.761940602558722,52.421306963017614,0.7234071353389201,"i=15,j=78"
1339,12.76208754002196,52.42130974534168,0.36207299365678636,"i=15,j=79"
1340,12.762234477509187,52.42131252748326,0.9299555054669317,"i=15,j=80"
1341,12.762381415020403,52.421315309442356,0.09663208533544121,"i=15,j=81"
1342,12.762528352555604,52.42131809121897,0.4201228718325155,"i=15,j=82"
1343,12.762675290114789,52.421320872813105,0.834437982928188,"i=15,j=83"
1344,12.750484128758002,52.42099954573531,0.7113445220125716,"i=16,j=0"
1345,12.750631064047106,52.42100234228369,0.44760598081967695,"i=16,j=1"
1346,12.750777999360322,52.4210051386496,0.9330281059065423,"i=16,j=2"
1347,12.750924934697647,52.42100793483302,0.00453523878791251,"i=16,j=3"
1348,12.751071870059079,52.42101073083397,0.40790696386218817,"i=16,j=4"
1349,12.751218805444617,52.42101352665245,0.5689247873908176,"i=16,j=5"
1350,12.751365740854263,52.42101632228845,0.6793264804168438,"i=16,j=6"
1351,12.751512676288009,52.42101911774198,0.5668532989113183,"i=16,j=7"
1352,12.751659611745858,52.42102191301302,0.8849014839264394,"i=16,j=8"
1353,12.751806547227805,52.421024708101605,0.7397483079816153,"i=16,j=9"
1354,12.751953482733851,52.42102750300769,0.19409485070693144,"i=16,j=10"
1355,12.752100418263995,52.42103029773132,0.4282101129191985,"i=16,j=11"
1356,12.752247353818236,52.42103309227246,0.7248256571619056,"i=16,j=12"
1357,12.75239428939657,52.421035886631124,0.5979779585776247,"i=16,j=13"
1358,12.752541224998993,52.42103868080733,0.691224478832167,"i=16,j=14"
1359,12.752688160625508,52.421041474801044,0.7897412574468985,"i=16,j=15"
1360,12.752835096276113,52.42104426861227,0.5616715466419276,"i=16,j=16"
1361,12.752982031950808,52.421047062241044,0.44778516742888475,"i=16,j=17"
1362,12.753128967649584,52.42104985568733,0.8827732341910746,"i=16,j=18"
1363,12.753275903372447,52.42105264895114,0.7992057425693265,"i=16,j=19"
1364,12.753422839119393,52.421055442032475,0.09359081888972565,"i=16,j=20"
1365,12.753569774890417,52.42105823493133,0.13446830349120675,"i=16,j=21"
1366,12.753716710685525,52.42106102764771,0.7341880530581545,"i=16,j=22"
1367,12.75386364650471,52.42106382018161,0.4093201935006582,"i=16,j=23"
1368,12.75401058234797,52.42106661253304,0.20837008369263876,"i=16,j=24"
1369,12.754157518215305,52.42106940470199,0.18604902764895326,"i=16,j=25"
1370,12.754304454106714,52.42107219668846,0.6197246231795416,"i=16,j=26"
1371,12.754451390022194,52.42107498849246,0.8960966597595589,"i=16,j=27"
1372,12.754598325961746,52.42107778011397,0.44452518857456547,"i=16,j=28"
1373,12.754745261925365,52.42108057155302,0.40802945171842187,"i=16,j=29"
1374,12.754892197913051,52.421083362809576,0.05492158776415357,"i=16,j=30"
1375,12.755039133924805,52.421086153883664,0.9513116730169693,"i=16,j=31"
1376,12.755186069960622,52.42108894477528,0.9199885336662366,"i=16,j=32"
1377,12.7553330060205,52.42109173548441,0.5218959172036223,"i=16,j=33"
1378,12.755479942104438,52.42109452601107,0.8903081542824776,"i=16,j=34"
1379,12.755626878212437,52.42109731635524,0.8145411140269507,"i=16,j=35"
1380,12.755773814344494,52.42110010651694,0.46168188590058734,"i=16,j=36"
1381,12.755920750500607,52.42110289649616,0.3981634749809103,"i=16,j=37"
1382,12.756067686680773,52.42110568629289,0.8738675221111547,"i=16,j=38"
1383,12.756214622884993,52.421108475907154,0.10223606400361296,"i=16,j=39"
1384,12.756361559113264,52.42111126533894,0.6958807294260904,"i=16,j=40"
1385,12.756508495365587,52.42111405458825,0.9556535841197668,"i=16,j=41"
1386,12.756655431641956,52.421116843655085,0.2290155934955661,"i=16,j=42"
1387,12.756802367942372,52.42111963253944,0.9574771494524206,"i=16,j=43"
1388,12.756949304266833,52.421122421241314,0.7102068580748554,"i=16,j=44"
1389,12.757096240615338,52.42112520976071,0.778405480044279,"i=16,j=45"
1390,12.757243176987886,52.421127998097624,0.504382218439962,"i=16,j=46"
1391,12.757390113384472,52.421130786252064,0.2731554182474334,"i=16,j=47"
1392,12.7575370498051,52.42113357422402,0.999774866162729,"i=16,j=48"
1393,12.757683986249763,52.42113636201351,0.7633173687804534,"i=16,j=49"
1394,12.757830922718462,52.421139149620515,0.3759765844223346,"i=16,j=50"
1395,12.757977859211195,52.42114193704504,0.08971640183474883,"i=16,j=51"
1396,12.75812479572796,52.42114472428709,0.6216233484024676,"i=16,j=52"
1397,12.758271732268758,52.42114751134665,0.9880448169418481,"i=16,j=53"
1398,12.758418668833587,52.421150298223736,0.25241715499233663,"i=16,j=54"
1399,12.75856560542244,52.421153084918345,0.7303911745829211,"i=16,j=55"
1400,12.75871254203532,52.42115587143047,0.11682051929186543,"i=16,j=56"
1401,12.758859478672225,52.421158657760124,0.8837903054664116,"i=16,j=57"
1402,12.759006415333154,52.4211614439073,0.7075563031372452,"i=16,j=58"
1403,12.759153352018103,52.42116422987199,0.642289495015393,"i=16,j=59"
1404,12.759300288727076,52.4211670156542,0.2693016075422393,"i=16,j=60"
1405,12.759447225460063,52.42116980125394,0.5524537610198448,"i=16,j=61"
1406,12.75959416221707,52.421172586671176,0.5451972120125713,"i=16,j=62"
1407,12.75974109899809,52.421175371905946,0.8855918917902738,"i=16,j=63"
1408,12.759888035803124,52.42117815695825,0.4940934107105738,"i=16,j=64"
1409,12.760034972632173,52.42118094182806,0.4415490862337822,"i=16,j=65"
1410,12.76018190948523,52.42118372651541,0.8036638148628815,"i=16,j=66"
1411,12.760328846362297,52.42118651102026,0.544741795794836,"i=16,j=67"
1412,12.760475783263372,52.42118929534264,0.6595110092975021,"i=16,j=68"
1413,12.76062272018845,52.42119207948252,0.5409902755373484,"i=16,j=69"
1414,12.760769657137535,52.42119486343995,0.10905352703652793,"i=16,j=70"
1415,12.760916594110624,52.421197647214875,0.3612728128576138,"i=16,j=71"
1416,12.76106353110771,52.42120043080734,0.3493000075450593,"i=16,j=72"
1417,12.7612104681288,52.421203214217314,0.11265826830479597,"i=16,j=73"
1418,12.761357405173888,52.421205997444794,0.050588911437085216,"i=16,j=74"
1419,12.76150434224297,52.42120878048981,0.4942715937261597,"i=16,j=75"
1420,12.761651279336048,52.42121156335235,0.49889147809479606,"i=16,j=76"
1421,12.76179821645312,52.4212143460324,0.46406267860123873,"i=16,j=77"
1422,12.761945153594182,52.421217128529975,0.39501319258304757,"i=16,j=78"
1423,12.762092090759234,52.42121991084507,0.6732436675782426,"i=16,j=79"
1424,12.762239027948276,52.42122269297768,0.8025252310892648,"i=16,j=80"
1425,12.762385965161307,52.4212254749278,0.3518848323906245,"i=16,j=81"
1426,12.76253290239832,52.42122825669546,0.19907049387126752,"i=16,j=82"
1427,12.762679839659318,52.42123103828061,0.41125152750197236,"i=16,j=83"
1428,12.750488703027296,52.42090971194743,0.1193675932401892,"i=17,j=0"
1429,12.75063563801823,52.420912508486786,0.25966999751416453,"i=17,j=1"
1430,12.750782573033273,52.42091530484368,0.441634046414348,"i=17,j=2"
1431,12.750929508072426,52.420918101018096,0.6487719089345129,"i=17,j=3"
1432,12.75107644313569,52.42092089701003,0.9139205143920159,"i=17,j=4"
1433,12.751223378223054,52.42092369281949,0.8195062178683482,"i=17,j=5"
1434,12.75137031333453,52.42092648844649,0.5069142179546591,"i=17,j=6"
1435,12.751517248470103,52.420929283891,0.9278454481084774,"i=17,j=7"
1436,12.75166418362978,52.42093207915304,0.3563255014725941,"i=17,j=8"
1437,12.751811118813556,52.42093487423259,0.056635890735091676,"i=17,j=9"
1438,12.751958054021431,52.42093766912969,0.13658760397842595,"i=17,j=10"
1439,12.752104989253402,52.4209404638443,0.661133708252691,"i=17,j=11"
1440,12.75225192450947,52.42094325837643,0.40097819699785253,"i=17,j=12"
1441,12.75239885978963,52.420946052726094,0.455408771362633,"i=17,j=13"
1442,12.752545795093882,52.420948846893275,0.6762455369187061,"i=17,j=14"
1443,12.752692730422226,52.42095164087799,0.8841069634275018,"i=17,j=15"
1444,12.752839665774657,52.42095443468022,0.7653285443944271,"i=17,j=16"
1445,12.752986601151173,52.420957228299976,0.8436366726896448,"i=17,j=17"
1446,12.753133536551779,52.420960021737265,0.6376845875403078,"i=17,j=18"
1447,12.753280471976469,52.420962814992066,0.04909228471703564,"i=17,j=19"
1448,12.75342740742524,52.42096560806439,0.528687473515579,"i=17,j=20"
1449,12.75357434289809,52.42096840095425,0.3617917240070131,"i=17,j=21"
1450,12.753721278395023,52.42097119366163,0.6662410856220958,"i=17,j=22"
1451,12.753868213916034,52.420973986186524,0.05024087329453908,"i=17,j=23"
1452,12.754015149461118,52.42097677852895,0.33067844731214824,"i=17,j=24"
1453,12.75416208503028,52.4209795706889,0.31992177888402007,"i=17,j=25"
1454,12.754309020623513,52.42098236266638,0.5119842278059211,"i=17,j=26"
1455,12.75445595624082,52.42098515446136,0.42783348786916664,"i=17,j=27"
1456,12.754602891882197,52.42098794607389,0.22812530525798735,"i=17,j=28"
1457,12.75474982754764,52.420990737503935,0.23682740864839835,"i=17,j=29"
1458,12.75489676323715,52.420993528751495,0.6456477626773348,"i=17,j=30"
1459,12.755043698950727,52.42099631981658,0.2756372542681492,"i=17,j=31"
1460,12.755190634688367,52.4209991106992,0.8268908660434692,"i=17,j=32"
1461,12.75533757045007,52.421001901399336,0.9717190950064856,"i=17,j=33"
1462,12.755484506235833,52.42100469191699,0.02210569204559676,"i=17,j=34"
1463,12.755631442045654,52.42100748225217,0.27489528861389645,"i=17,j=35"
1464,12.755778377879535,52.42101027240487,0.8238857946515681,"i=17,j=36"
1465,12.755925313737471,52.4210130623751,0.3162792429311483,"i=17,j=37"
1466,12.75607224961946,52.42101585216285,0.3116583939112534,"i=17,j=38"
1467,12.756219185525504,52.42101864176812,0.37893465821359396,"i=17,j=39"
1468,12.756366121455597,52.42102143119092,0.477597731958067,"i=17,j=40"
1469,12.756513057409743,52.421024220431235,0.6724511584862872,"i=17,j=41"
1470,12.756659993387933,52.42102700948908,0.2592409114669272,"i=17,j=42"
1471,12.756806929390173,52.42102979836444,0.11822436030526307,"i=17,j=43"
1472,12.756953865416454,52.421032587057326,0.3477707706449811,"i=17,j=44"
1473,12.757100801466782,52.421035375567726,0.6528632679215093,"i=17,j=45"
1474,12.75724773754115,52.42103816389566,0.6455826810780569,"i=17,j=46"
1475,12.75739467363956,52.4210409520411,0.07772655125495553,"i=17,j=47"
1476,12.757541609762006,52.42104374000409,0.14775974038319084,"i=17,j=48"
1477,12.757688545908492,52.42104652778457,0.15983521326963768,"i=17,j=49"
1478,12.757835482079011,52.42104931538259,0.9173011944979408,"i=17,j=50"
1479,12.757982418273567,52.42105210279813,0.6129692489184537,"i=17,j=51"
1480,12.758129354492153,52.42105489003119,0.6033333184271304,"i=17,j=52"
1481,12.758276290734772,52.42105767708178,0.7208650446737582,"i=17,j=53"
1482,12.758423227001417,52.42106046394988,0.9791397949400621,"i=17,j=54"
1483,12.758570163292092,52.4210632506355,0.9499159121161486,"i=17,j=55"
1484,12.758717099606793,52.42106603713865,0.15458734972243615,"i=17,j=56"
1485,12.758864035945518,52.421068823459315,0.5208240890282684,"i=17,j=57"
1486,12.759010972308266,52.42107160959751,0.6681273512561656,"i=17,j=58"
1487,12.759157908695036,52.42107439555321,0.23355241272336125,"i=17,j=59"
1488,12.759304845105826,52.42107718132645,0.20920800018963992,"i=17,j=60"
1489,12.759451781540635,52.421079966917205,0.5929191449647544,"i=17,j=61"
1490,12.75959871799946,52.421082752325475,0.012883197656847312,"i=17,j=62"
1491,12.759745654482298,52.42108553755127,0.10188320820527608,"i=17,j=63"
1492,12.759892590989152,52.42108832259459,0.8213357440595811,"i=17,j=64"
1493,12.760039527520018,52.421091107455425,0.40743119549201523,"i=17,j=65"
1494,12.760186464074893,52.42109389213379,0.4656156526833619,"i=17,j=66"
1495,12.760333400653778,52.42109667662966,0.849744561898654,"i=17,j=67"
1496,12.760480337256672,52.42109946094306,0.793262803971016,"i=17,j=68"
1497,12.760627273883568,52.42110224507398,0.2379160042643531,"i=17,j=69"
1498,12.760774210534471,52.42110502902242,0.16236638042033869,"i=17,j=70"
1499,12.760921147209377,52.42110781278838,0.09419148952360268,"i=17,j=71"
1500,12.761068083908281,52.421110596371875,0.8950412818793625,"i=17,j=72"
1501,12.761215020631186,52.42111337977287,0.8998219057560471,"i=17,j=73"
1502,12.76136195737809,52.421116162991396,0.6811796488348811,"i=17,j=74"
1503,12.76150889414899,52.421118946027434,0.9370514026374405,"i=17,j=75"
1504,12.761655830943885,52.42112172888099,0.515560103287156,"i=17,j=76"
1505,12.761802767762772,52.42112451155207,0.057260820441685456,"i=17,j=77"
1506,12.761949704605652,52.42112729404068,0.578969639948477,"i=17,j=78"
1507,12.762096641472521,52.421130076346806,0.9835108298657703,"i=17,j=79"
1508,12.762243578363378,52.42113285847044,0.7380897636587074,"i=17,j=80"
1509,12.762390515278225,52.421135640411606,0.25343125358415275,"i=17,j=81"
1510,12.762537452217055,52.42113842217029,0.8655312904008403,"i=17,j=82"
1511,12.762684389179869,52.42114120374649,0.08651775387981286,"i=17,j=83"
1512,12.750493277272477,52.42081987815788,0.08876051236521365,"i=18,j=0"
1513,12.75064021196524,52.42082267468824,0.8338422924114082,"i=18,j=1"
1514,12.750787146682116,52.4208254710361,0.7521388328486908,"i=18,j=2"
1515,12.750934081423098,52.42082826720151,0.16964922796139925,"i=18,j=3"
1516,12.751081016188191,52.42083106318444,0.11896157875908397,"i=18,j=4"
1517,12.75122795097739,52.42083385898488,0.9553160330910324,"i=18,j=5"
1518,12.751374885790693,52.42083665460286,0.34781188030873467,"i=18,j=6"
1519,12.751521820628097,52.42083945003835,0.1051122038649478,"i=18,j=7"
1520,12.751668755489604,52.42084224529139,0.8383089651987903,"i=18,j=8"
1521,12.75181569037521,52.42084504036194,0.7244825917365245,"i=18,j=9"
1522,12.751962625284913,52.42084783525002,0.5347498193093172,"i=18,j=10"
1523,12.752109560218713,52.42085062995562,0.42939848597426156,"i=18,j=11"
1524,12.752256495176608,52.42085342447874,0.9184337810236045,"i=18,j=12"
1525,12.7524034301586,52.420856218819395,0.4457429645105847,"i=18,j=13"
1526,12.75255036516468,52.42085901297757,0.06468164680780708,"i=18,j=14"
1527,12.75269730019485,52.420861806953276,0.2540792256622164,"i=18,j=15"
1528,12.75284423524911,52.420864600746505,0.1279974383080391,"i=18,j=16"
1529,12.752991170327459,52.42086739435726,0.39526914834290694,"i=18,j=17"
1530,12.753138105429889,52.42087018778554,0.2635054464996054,"i=18,j=18"
1531,12.753285040556406,52.420872981031344,0.3975262652529027,"i=18,j=19"
1532,12.753431975707006,52.42087577409466,0.36660295360072914,"i=18,j=20"
1533,12.753578910881684,52.42087856697551,0.21972216590905347,"i=18,j=21"
1534,12.753725846080444,52.420881359673885,0.7238110210965144,"i=18,j=22"
1535,12.753872781303281,52.420884152189785,0.9741493411600072,"i=18,j=23"
1536,12.754019716550193,52.420886944523204,0.8989255419545753,"i=18,j=24"
1537,12.754166651821182,52.42088973667416,0.6483139402567093,"i=18,j=25"
1538,12.754313587116242,52.420892528642625,0.8001737177566044,"i=18,j=26"
1539,12.754460522435375,52.42089532042863,0.1059242189580829,"i=18,j=27"
1540,12.754607457778578,52.42089811203215,0.20906063878916703,"i=18,j=28"
1541,12.754754393145847,52.42090090345319,0.006135941056750083,"i=18,j=29"
1542,12.754901328537185,52.42090369469176,0.6409220183585547,"i=18,j=30"
1543,12.755048263952586,52.42090648574784,0.13694664524744748,"i=18,j=31"
1544,12.755195199392052,52.420909276621465,0.38275349093765143,"i=18,j=32"
1545,12.755342134855582,52.42091206731259,0.3968968288904,"i=18,j=33"
1546,12.755489070343168,52.42091485782126,0.9802880846180093,"i=18,j=34"
1547,12.755636005854816,52.42091764814745,0.9672009580361675,"i=18,j=35"
1548,12.755782941390521,52.42092043829116,0.6080143315063475,"i=18,j=36"
1549,12.755929876950281,52.420923228252384,0.1473761275066876,"i=18,j=37"
1550,12.756076812534097,52.42092601803115,0.5324221092523149,"i=18,j=38"
1551,12.756223748141963,52.420928807627426,0.07189248574864204,"i=18,j=39"
1552,12.75637068377388,52.42093159704123,0.37151739394037686,"i=18,j=40"
1553,12.756517619429848,52.420934386272556,0.36253041413083376,"i=18,j=41"
1554,12.756664555109865,52.420937175321406,0.16070893340107473,"i=18,j=42"
1555,12.756811490813927,52.42093996418779,0.8809525562550934,"i=18,j=43"
1556,12.756958426542035,52.420942752871674,0.7394950129886021,"i=18,j=44"
1557,12.757105362294185,52.420945541373094,0.8701083515689274,"i=18,j=45"
1558,12.757252298070375,52.42094832969203,0.9125981199288488,"i=18,j=46"
1559,12.757399233870608,52.420951117828494,0.829280198607847,"i=18,j=47"
1560,12.757546169694878,52.42095390578248,0.029690533623755178,"i=18,j=48"
1561,12.757693105543186,52.42095669355399,0.8510693350254197,"i=18,j=49"
1562,12.75784004141553,52.420959481143015,0.9762327957217739,"i=18,j=50"
1563,12.757986977311905,52.42096226854957,0.7522799889906208,"i=18,j=51"
1564,12.758133913232314,52.42096505577364,0.32976037471069386,"i=18,j=52"
1565,12.758280849176753,52.420967842815244,0.6407233068859443,"i=18,j=53"
1566,12.758427785145223,52.42097062967436,0.16245046107197902,"i=18,j=54"
1567,12.75857472113772,52.420973416351,0.7206347314888274,"i=18,j=55"
1568,12.758721657154242,52.42097620284517,0.7831621292517543,"i=18,j=56"
1569,12.758868593194789,52.42097898915684,0.05581710699720388,"i=18,j=57"
1570,12.759015529259358,52.42098177528606,0.11122867313937368,"i=18,j=58"
1571,12.759162465347949,52.420984561232785,0.7638942717157297,"i=18,j=59"
1572,12.759309401460559,52.42098734699704,0.20335038349364354,"i=18,j=60"
1573,12.759456337597188,52.420990132578815,0.17882103961778828,"i=18,j=61"
1574,12.759603273757833,52.42099291797811,0.461830765305672,"i=18,j=62"
1575,12.759750209942492,52.42099570319492,0.9096077970909483,"i=18,j=63"
1576,12.759897146151168,52.420998488229266,0.574970764545408,"i=18,j=64"
1577,12.760044082383851,52.42100127308113,0.5438547631422375,"i=18,j=65"
1578,12.760191018640548,52.42100405775051,0.6738075366358317,"i=18,j=66"
1579,12.760337954921253,52.42100684223741,0.7701071957312207,"i=18,j=67"
1580,12.760484891225964,52.42100962654183,0.4750623977653202,"i=18,j=68"
1581,12.760631827554683,52.42101241066378,0.11102468712776281,"i=18,j=69"
1582,12.760778763907403,52.42101519460324,0.15954214267725442,"i=18,j=70"
1583,12.760925700284128,52.42101797836023,0.7326929836749178,"i=18,j=71"
1584,12.761072636684853,52.42102076193474,0.5879279969137571,"i=18,j=72"
1585,12.761219573109576,52.42102354532676,0.4264952798833975,"i=18,j=73"
1586,12.761366509558298,52.421026328536314,0.8915834966772243,"i=18,j=74"
1587,12.761513446031016,52.421029111563385,0.611114478201717,"i=18,j=75"
1588,12.76166038252773,52.421031894407975,0.4199900966015453,"i=18,j=76"
1589,12.761807319048433,52.42103467707009,0.7188679293298451,"i=18,j=77"
1590,12.761954255593132,52.42103745954972,0.14476137932129107,"i=18,j=78"
1591,12.762101192161818,52.42104024184687,0.12344994620415906,"i=18,j=79"
1592,12.762248128754495,52.42104302396155,0.5199712095612924,"i=18,j=80"
1593,12.762395065371157,52.42104580589374,0.721922366236884,"i=18,j=81"
1594,12.762542002011804,52.421048587643455,0.34878497903361094,"i=18,j=82"
1595,12.762688938676435,52.421051369210694,0.14067285594046064,"i=18,j=83"
1596,12.750497851493545,52.42073004436669,0.8157786146790629,"i=19,j=0"
1597,12.750644785888142,52.42073284088803,0.6677003247534501,"i=19,j=1"
1598,12.75079172030685,52.42073563722688,0.1864309380652599,"i=19,j=2"
1599,12.750938654749666,52.420738433383264,0.9357548900095054,"i=19,j=3"
1600,12.75108558921659,52.420741229357176,0.08460960864686895,"i=19,j=4"
1601,12.75123252370762,52.42074402514862,0.6017456650445868,"i=19,j=5"
1602,12.751379458222752,52.42074682075758,0.011047830571643047,"i=19,j=6"
1603,12.75152639276199,52.420749616184075,0.874135118070274,"i=19,j=7"
1604,12.751673327325326,52.42075241142808,0.7806082030803025,"i=19,j=8"
1605,12.751820261912762,52.42075520648964,0.3394063973175384,"i=19,j=9"
1606,12.751967196524298,52.42075800136869,0.23363350765235102,"i=19,j=10"
1607,12.75211413115993,52.42076079606529,0.9100150736218062,"i=19,j=11"
1608,12.752261065819656,52.42076359057941,0.3759547015976409,"i=19,j=12"
1609,12.752408000503475,52.42076638491106,0.14591177017773094,"i=19,j=13"
1610,12.752554935211387,52.42076917906023,0.5081384816322959,"i=19,j=14"
1611,12.752701869943387,52.42077197302692,0.7753889977112789,"i=19,j=15"
1612,12.752848804699477,52.42077476681115,0.47624049642980404,"i=19,j=16"
1613,12.752995739479653,52.420777560412894,0.003995435919561197,"i=19,j=17"
1614,12.753142674283916,52.420780353832164,0.0453012505557876,"i=19,j=18"
1615,12.753289609112262,52.42078314706897,0.4215579376055759,"i=19,j=19"
1616,12.75343654396469,52.42078594012329,0.8140788808710159,"i=19,j=20"
1617,12.7535834788412,52.42078873299513,0.19452022502740318,"i=19,j=21"
1618,12.753730413741787,52.4207915256845,0.3847244048948142,"i=19,j=22"
1619,12.753877348666453,52.4207943181914,0.14525040077900842,"i=19,j=23"
1620,12.754024283615195,52.420797110515814,0.47003575485227134,"i=19,j=24"
1621,12.75417121858801,52.42079990265777,0.7934067800939538,"i=19,j=25"
1622,12.754318153584899,52.42080269461724,0.010652577146668007,"i=19,j=26"
1623,12.75446508860586,52.42080548639424,0.06445665355105823,"i=19,j=27"
1624,12.754612023650889,52.42080827798876,0.9043555363667871,"i=19,j=28"
1625,12.754758958719988,52.4208110694008,0.9370970209112459,"i=19,j=29"
1626,12.75490589381315,52.42081386063037,0.8586410160303866,"i=19,j=30"
1627,12.755052828930381,52.42081665167746,0.09743893475625187,"i=19,j=31"
1628,12.755199764071675,52.42081944254208,0.610585335702856,"i=19,j=32"
1629,12.755346699237029,52.42082223322422,0.8965325802970785,"i=19,j=33"
1630,12.755493634426445,52.420825023723886,0.7035315706797971,"i=19,j=34"
1631,12.755640569639917,52.42082781404108,0.455998896421147,"i=19,j=35"
1632,12.75578750487745,52.4208306041758,0.946082731470931,"i=19,j=36"
1633,12.755934440139036,52.42083339412803,0.3797464642072875,"i=19,j=37"
1634,12.756081375424676,52.42083618389779,0.12939132259641495,"i=19,j=38"
1635,12.756228310734372,52.42083897348508,0.04317852841947678,"i=19,j=39"
1636,12.756375246068115,52.42084176288989,0.721605976911195,"i=19,j=40"
1637,12.756522181425908,52.420844552112236,0.741530172556635,"i=19,j=41"
1638,12.756669116807748,52.42084734115208,0.29616430012759254,"i=19,j=42"
1639,12.756816052213637,52.42085013000946,0.5483918463980433,"i=19,j=43"
1640,12.756962987643568,52.420852918684375,0.03331449780460538,"i=19,j=44"
1641,12.757109923097545,52.420855707176806,0.9479363568828836,"i=19,j=45"
1642,12.75725685857556,52.420858495486755,0.9634314001935386,"i=19,j=46"
1643,12.757403794077618,52.42086128361422,0.35311121914273214,"i=19,j=47"
1644,12.757550729603713,52.42086407155923,0.2603714306567826,"i=19,j=48"
1645,12.757697665153845,52.42086685932175,0.8401102455296386,"i=19,j=49"
1646,12.757844600728012,52.42086964690179,0.8634419574394302,"i=19,j=50"
1647,12.757991536326212,52.420872434299355,0.7140063435079457,"i=19,j=51"
1648,12.758138471948445,52.42087522151444,0.41239275114703,"i=19,j=52"
1649,12.758285407594709,52.42087800854706,0.8327228814153884,"i=19,j=53"
1650,12.758432343265,52.4208807953972,0.6134176283885522,"i=19,j=54"
1651,12.75857927895932,52.42088358206485,0.3564328790530775,"i=19,j=55"
1652,12.758726214677665,52.420886368550036,0.1905187824081649,"i=19,j=56"
1653,12.758873150420035,52.42088915485274,0.7135270361506667,"i=19,j=57"
1654,12.759020086186428,52.42089194097297,0.7937231173242921,"i=19,j=58"
1655,12.759167021976841,52.42089472691072,0.13155781567085256,"i=19,j=59"
1656,12.759313957791274,52.42089751266599,0.9013565135171402,"i=19,j=60"
1657,12.759460893629724,52.42090029823878,0.0022561672696008728,"i=19,j=61"
1658,12.759607829492191,52.4209030836291,0.30080006489144406,"i=19,j=62"
1659,12.759754765378673,52.42090586883693,0.8656628354489312,"i=19,j=63"
1660,12.75990170128917,52.42090865386229,0.18610588636828396,"i=19,j=64"
1661,12.760048637223676,52.420911438705176,0.6201229173176236,"i=19,j=65"
1662,12.760195573182195,52.420914223365585,0.4374353124286686,"i=19,j=66"
1663,12.760342509164719,52.420917007843514,0.8598205516900841,"i=19,j=67"
1664,12.760489445171252,52.42091979213895,0.45208982802622577,"i=19,j=68"
1665,12.76063638120179,52.420922576251925,0.6445112612524003,"i=19,j=69"
1666,12.760783317256333,52.42092536018242,0.6597309615511469,"i=19,j=70"
1667,12.760930253334879,52.420928143930425,0.7822204003476916,"i=19,j=71"
1668,12.761077189437422,52.42093092749596,0.34136348213521694,"i=19,j=72"
1669,12.761224125563967,52.42093371087902,0.8008220638279872,"i=19,j=73"
1670,12.76137106171451,52.4209364940796,0.15790650465749057,"i=19,j=74"
1671,12.761517997889047,52.4209392770977,0.84054664071203,"i=19,j=75"
1672,12.761664934087579,52.42094205993332,0.35225688524773846,"i=19,j=76"
1673,12.761811870310105,52.420944842586465,0.8803596560445761,"i=19,j=77"
1674,12.761958806556622,52.42094762505712,0.9459584500260546,"i=19,j=78"
1675,12.762105742827128,52.42095040734531,0.3942207039010255,"i=19,j=79"
1676,12.762252679121621,52.42095318945102,0.9817093524328062,"i=19,j=80"
1677,12.762399615440104,52.420955971374234,0.7566525417460612,"i=19,j=81"
1678,12.76254655178257,52.42095875311498,0.8814514547388231,"i=19,j=82"
1679,12.762693488149019,52.42096153467325,0.5625681521388137,"i=19,j=83"
1680,12.7505024256905,52.420640210573836,0.5113583943475828,"i=20,j=0"
1681,12.750649359786934,52.42064300708615,0.434899239538308,"i=20,j=1"
1682,12.750796293907475,52.420645803415994,0.6641096559782517,"i=20,j=2"
1683,12.750943228052124,52.42064859956337,0.2473522463633615,"i=20,j=3"
1684,12.751090162220882,52.42065139552827,0.6434405549299338,"i=20,j=4"
1685,12.751237096413744,52.42065419131069,0.8391232677231131,"i=20,j=5"
1686,12.75138403063071,52.42065698691064,0.06924087830487735,"i=20,j=6"
1687,12.75153096487178,52.42065978232813,0.7403724413610895,"i=20,j=7"
1688,12.75167789913695,52.42066257756313,0.381330007733958,"i=20,j=8"
1689,12.75182483342622,52.42066537261566,0.7428997705199245,"i=20,j=9"
1690,12.751971767739589,52.420668167485715,0.37790165827811284,"i=20,j=10"
1691,12.752118702077052,52.4206709621733,0.7371884686237197,"i=20,j=11"
1692,12.75226563643861,52.42067375667842,0.8447632017392991,"i=20,j=12"
1693,12.752412570824262,52.42067655100106,0.3561089508734513,"i=20,j=13"
1694,12.752559505234004,52.420679345141224,0.2922492968497,"i=20,j=14"
1695,12.752706439667836,52.4206821390989,0.19893934732350727,"i=20,j=15"
1696,12.752853374125758,52.42068493287412,0.7563155998523549,"i=20,j=16"
1697,12.753000308607767,52.420687726466866,0.9527353155448239,"i=20,j=17"
1698,12.753147243113858,52.420690519877134,0.29819656648126047,"i=20,j=18"
1699,12.753294177644037,52.42069331310491,0.7917163592045308,"i=20,j=19"
1700,12.753441112198296,52.42069610615024,0.8231919163424312,"i=20,j=20"
1701,12.753588046776635,52.42069889901308,0.647685785299418,"i=20,j=21"
1702,12.753734981379052,52.42070169169346,0.6728850450030784,"i=20,j=22"
1703,12.753881916005549,52.42070448419135,0.8373702789581442,"i=20,j=23"
1704,12.75402885065612,52.42070727650677,0.35000156900584733,"i=20,j=24"
1705,12.754175785330766,52.420710068639714,0.13724732083895075,"i=20,j=25"
1706,12.754322720029483,52.42071286059018,0.8900287526744107,"i=20,j=26"
1707,12.754469654752274,52.42071565235818,0.8218927230217857,"i=20,j=27"
1708,12.754616589499134,52.420718443943706,0.074086075265278,"i=20,j=28"
1709,12.75476352427006,52.420721235346754,0.6723811064036189,"i=20,j=29"
1710,12.754910459065053,52.42072402656732,0.3325437795129864,"i=20,j=30"
1711,12.755057393884114,52.42072681760542,0.3766176355835401,"i=20,j=31"
1712,12.755204328727235,52.42072960846104,0.3840784761451298,"i=20,j=32"
1713,12.75535126359442,52.42073239913418,0.02081035692462363,"i=20,j=33"
1714,12.755498198485663,52.42073518962486,0.2743304463763545,"i=20,j=34"
1715,12.755645133400964,52.42073797993305,0.8890412195837057,"i=20,j=35"
1716,12.755792068340325,52.42074077005877,0.9778716036270042,"i=20,j=36"
1717,12.75593900330374,52.420743560002016,0.277007950262785,"i=20,j=37"
1718,12.756085938291207,52.42074634976279,0.05179896576185017,"i=20,j=38"
1719,12.756232873302729,52.42074913934108,0.3185612968892303,"i=20,j=39"
1720,12.7563798083383,52.420751928736905,0.40394657496358766,"i=20,j=40"
1721,12.75652674339792,52.420754717950246,0.17640577379646005,"i=20,j=41"
1722,12.756673678481588,52.42075750698111,0.9039785119384401,"i=20,j=42"
1723,12.756820613589303,52.4207602958295,0.6682688190622428,"i=20,j=43"
1724,12.756967548721061,52.42076308449541,0.9993753970195745,"i=20,j=44"
1725,12.757114483876864,52.420765872978855,0.5689338766141481,"i=20,j=45"
1726,12.757261419056706,52.42076866127982,0.08585348551329319,"i=20,j=46"
1727,12.757408354260589,52.42077144939831,0.5024971346247802,"i=20,j=47"
1728,12.757555289488511,52.420774237334314,0.4735458575610174,"i=20,j=48"
1729,12.757702224740466,52.42077702508785,0.2655379760716273,"i=20,j=49"
1730,12.75784916001646,52.42077981265891,0.33483552874857636,"i=20,j=50"
1731,12.757996095316487,52.42078260004749,0.35072767207353783,"i=20,j=51"
1732,12.758143030640545,52.420785387253595,0.1281254360414662,"i=20,j=52"
1733,12.758289965988634,52.42078817427722,0.9462478024806116,"i=20,j=53"
1734,12.758436901360751,52.42079096111838,0.3008994636354533,"i=20,j=54"
1735,12.758583836756896,52.420793747777054,0.8797876804914974,"i=20,j=55"
1736,12.758730772177065,52.42079653425325,0.6896868790015581,"i=20,j=56"
1737,12.75887770762126,52.42079932054697,0.17686517528612156,"i=20,j=57"
1738,12.759024643089477,52.42080210665821,0.4502122000952551,"i=20,j=58"
1739,12.759171578581714,52.420804892586986,0.778485737497735,"i=20,j=59"
1740,12.759318514097972,52.420807678333276,0.5955747626186054,"i=20,j=60"
1741,12.759465449638247,52.420810463897084,0.8375495409016643,"i=20,j=61"
1742,12.759612385202537,52.420813249278424,0.7099567568828203,"i=20,j=62"
1743,12.759759320790842,52.42081603447728,0.9434074004716775,"i=20,j=63"
1744,12.759906256403161,52.42081881949367,0.23619082097773925,"i=20,j=64"
1745,12.760053192039491,52.42082160432758,0.22593911548920687,"i=20,j=65"
1746,12.760200127699832,52.420824388979,0.7186419055069155,"i=20,j=66"
1747,12.760347063384181,52.42082717344795,0.16563676026404817,"i=20,j=67"
1748,12.760493999092535,52.42082995773442,0.6818868942726994,"i=20,j=68"
1749,12.760640934824897,52.42083274183842,0.3825824335611909,"i=20,j=69"
1750,12.760787870581261,52.42083552575994,0.7297902824838614,"i=20,j=70"
1751,12.760934806361629,52.42083830949897,0.7702635095688506,"i=20,j=71"
1752,12.761081742165995,52.420841093055536,0.3333820330607856,"i=20,j=72"
1753,12.761228677994362,52.420843876429615,0.18339605110173218,"i=20,j=73"
1754,12.761375613846726,52.420846659621226,0.3038476477545209,"i=20,j=74"
1755,12.761522549723084,52.42084944263034,0.23160333470921657,"i=20,j=75"
1756,12.761669485623438,52.420852225457,0.20876016817597087,"i=20,j=76"
1757,12.761816421547785,52.42085500810117,0.920717428853997,"i=20,j=77"
1758,12.761963357496123,52.420857790562856,0.19137349095230405,"i=20,j=78"
1759,12.76211029346845,52.420860572842074,0.5247114841674482,"i=20,j=79"
1760,12.762257229464765,52.42086335493882,0.4165927290521543,"i=20,j=80"
1761,12.762404165485066,52.42086613685307,0.1245013054199483,"i=20,j=81"
1762,12.762551101529354,52.42086891858485,0.5645235302755243,"i=20,j=82"
1763,12.762698037597623,52.42087170013415,0.5566135742230455,"i=20,j=83"
1764,12.750506999863347,52.42055037677933,0.9706397180611946,"i=21,j=0"
1765,12.750653933661614,52.420553173282634,0.01825552451523349,"i=21,j=1"
1766,12.750800867483989,52.420555969603456,0.39592292662096074,"i=21,j=2"
1767,12.750947801330476,52.420558765741816,0.7372869047556044,"i=21,j=3"
1768,12.751094735201066,52.42056156169771,0.7999876290760832,"i=21,j=4"
1769,12.751241669095766,52.420564357471115,0.6721997413228755,"i=21,j=5"
1770,12.751388603014567,52.42056715306206,0.1809274375272214,"i=21,j=6"
1771,12.751535536957471,52.42056994847052,0.9757891100469375,"i=21,j=7"
1772,12.751682470924475,52.42057274369651,0.1734311964412194,"i=21,j=8"
1773,12.75182940491558,52.42057553874004,0.22515817136331662,"i=21,j=9"
1774,12.75197633893078,52.42057833360109,0.43137461754786843,"i=21,j=10"
1775,12.752123272970078,52.420581128279665,0.11727191493329503,"i=21,j=11"
1776,12.75227020703347,52.42058392277577,0.18666680305777772,"i=21,j=12"
1777,12.752417141120954,52.42058671708939,0.7548350722721696,"i=21,j=13"
1778,12.75256407523253,52.42058951122055,0.4639878897770051,"i=21,j=14"
1779,12.752711009368198,52.42059230516923,0.9456770647741299,"i=21,j=15"
1780,12.752857943527951,52.42059509893544,0.866152965130012,"i=21,j=16"
1781,12.753004877711792,52.420597892519176,0.18166758364279,"i=21,j=17"
1782,12.753151811919718,52.420600685920434,0.5382983569945312,"i=21,j=18"
1783,12.753298746151728,52.42060347913923,0.5362540755024993,"i=21,j=19"
1784,12.753445680407818,52.42060627217554,0.3362529591562896,"i=21,j=20"
1785,12.75359261468799,52.42060906502938,0.6641616213715054,"i=21,j=21"
1786,12.753739548992241,52.42061185770075,0.7606276042974073,"i=21,j=22"
1787,12.753886483320569,52.42061465018964,0.1630215535314411,"i=21,j=23"
1788,12.754033417672971,52.42061744249606,0.7005616818278814,"i=21,j=24"
1789,12.75418035204945,52.42062023462001,0.9345122974483788,"i=21,j=25"
1790,12.75432728645,52.42062302656148,0.46980176413932273,"i=21,j=26"
1791,12.75447422087462,52.420625818320474,0.6184972801481071,"i=21,j=27"
1792,12.754621155323312,52.420628609897,0.6246700169667663,"i=21,j=28"
1793,12.754768089796068,52.42063140129105,0.18804210997307125,"i=21,j=29"
1794,12.754915024292893,52.42063419250262,0.31317228838059863,"i=21,j=30"
1795,12.755061958813783,52.420636983531715,0.8959290149978688,"i=21,j=31"
1796,12.755208893358734,52.420639774378344,0.3021373860061142,"i=21,j=32"
1797,12.755355827927747,52.42064256504249,0.8679785363630478,"i=21,j=33"
1798,12.755502762520821,52.42064535552417,0.3180588285063508,"i=21,j=34"
1799,12.755649697137953,52.420648145823364,0.15394136075137854,"i=21,j=35"
1800,12.755796631779143,52.420650935940095,0.2466235589530018,"i=21,j=36"
1801,12.755943566444387,52.420653725874345,0.30849048117963285,"i=21,j=37"
1802,12.756090501133684,52.42065651562612,0.8798443931555207,"i=21,j=38"
1803,12.756237435847035,52.42065930519542,0.1746601901382816,"i=21,j=39"
1804,12.756384370584435,52.42066209458225,0.9917776800524085,"i=21,j=40"
1805,12.756531305345884,52.4206648837866,0.6005507900055527,"i=21,j=41"
1806,12.75667824013138,52.420667672808484,0.5302836066624161,"i=21,j=42"
1807,12.756825174940925,52.42067046164788,0.07427162285407884,"i=21,j=43"
1808,12.75697210977451,52.4206732503048,0.6212163055706743,"i=21,j=44"
1809,12.757119044632141,52.420676038779256,0.8306533456361749,"i=21,j=45"
1810,12.757265979513813,52.42067882707123,0.4566280023470819,"i=21,j=46"
1811,12.757412914419524,52.420681615180726,0.1683217651571598,"i=21,j=47"
1812,12.757559849349272,52.42068440310776,0.8748418340785464,"i=21,j=48"
1813,12.757706784303057,52.420687190852306,0.45637379762821684,"i=21,j=49"
1814,12.757853719280877,52.42068997841437,0.9802429095807473,"i=21,j=50"
1815,12.75800065428273,52.42069276579397,0.7370076645299359,"i=21,j=51"
1816,12.758147589308615,52.420695552991084,0.14393335625305903,"i=21,j=52"
1817,12.75829452435853,52.42069834000573,0.24050738303499763,"i=21,j=53"
1818,12.758441459432474,52.4207011268379,0.755497863377999,"i=21,j=54"
1819,12.758588394530445,52.42070391348759,0.398632681315764,"i=21,j=55"
1820,12.758735329652442,52.42070669995481,0.6780371336151458,"i=21,j=56"
1821,12.758882264798462,52.420709486239545,0.9832405007365543,"i=21,j=57"
1822,12.759029199968504,52.42071227234182,0.68104605028439,"i=21,j=58"
1823,12.759176135162567,52.42071505826159,0.13336558186907377,"i=21,j=59"
1824,12.75932307038065,52.42071784399891,0.04187885696999549,"i=21,j=60"
1825,12.75947000562275,52.42072062955374,0.22598412965892523,"i=21,j=61"
1826,12.759616940888867,52.420723414926094,0.5981113735810709,"i=21,j=62"
1827,12.759763876178997,52.42072620011598,0.996647281401806,"i=21,j=63"
1828,12.75991081149314,52.42072898512339,0.5346635516510879,"i=21,j=64"
1829,12.760057746831297,52.420731769948304,0.6223202567881048,"i=21,j=65"
1830,12.760204682193462,52.42073455459076,0.6359313634908037,"i=21,j=66"
1831,12.760351617579634,52.42073733905073,0.8993302216345511,"i=21,j=67"
1832,12.760498552989814,52.42074012332824,0.3164326850957123,"i=21,j=68"
1833,12.760645488423998,52.420742907423254,0.6369627040334227,"i=21,j=69"
1834,12.760792423882188,52.420745691335796,0.5133079399822368,"i=21,j=70"
1835,12.760939359364379,52.420748475065864,0.8870376600017873,"i=21,j=71"
1836,12.761086294870568,52.42075125861345,0.8311392351684144,"i=21,j=72"
1837,12.761233230400759,52.420754041978554,0.7242120275283163,"i=21,j=73"
1838,12.761380165954945,52.42075682516119,0.39481373368469264,"i=21,j=74"
1839,12.761527101533128,52.42075960816135,0.8601410230955412,"i=21,j=75"
1840,12.761674037135304,52.42076239097903,0.3199540484941624,"i=21,j=76"
1841,12.761820972761473,52.42076517361423,0.6967785109756742,"i=21,j=77"
1842,12.761967908411634,52.42076795606695,0.4636865173335126,"i=21,j=78"
1843,12.762114844085783,52.4207707383372,0.7561331832696018,"i=21,j=79"
1844,12.76226177978392,52.42077352042497,0.2861603557940512,"i=21,j=80"
1845,12.762408715506044,52.42077630233025,0.6637698887637474,"i=21,j=81"
1846,12.762555651252153,52.42077908405307,0.4506725689951798,"i=21,j=82"
1847,12.762702587022245,52.420781865593405,0.6965582530165609,"i=21,j=83"
1848,12.75051157401208,52.42046054298317,0.10409631939513952,"i=22,j=0"
1849,12.750658507512183,52.42046333947746,0.5076420516611923,"i=22,j=1"
1850,12.750805441036396,52.420466135789276,0.6561852778951781,"i=22,j=2"
1851,12.75095237458472,52.42046893191862,0.49369782239791093,"i=22,j=3"
1852,12.751099308157148,52.4204717278655,0.023991241927904805,"i=22,j=4"
1853,12.751246241753682,52.42047452362989,0.5440195788969523,"i=22,j=5"
1854,12.75139317537432,52.42047731921181,0.22401509116724494,"i=22,j=6"
1855,12.75154010901906,52.42048011461127,0.20896531331904,"i=22,j=7"
1856,12.7516870426879,52.42048290982826,0.44874915914222213,"i=22,j=8"
1857,12.75183397638084,52.42048570486277,0.7021723417079939,"i=22,j=9"
1858,12.751980910097876,52.420488499714814,0.6864801330928275,"i=22,j=10"
1859,12.75212784383901,52.42049129438437,0.4949908202638529,"i=22,j=11"
1860,12.752274777604237,52.42049408887148,0.15957555676732704,"i=22,j=12"
1861,12.752421711393557,52.42049688317609,0.10201741542487508,"i=22,j=13"
1862,12.75256864520697,52.42049967729824,0.3619992261501168,"i=22,j=14"
1863,12.75271557904447,52.42050247123791,0.2624066997284862,"i=22,j=15"
1864,12.75286251290606,52.420505264995114,0.8151616634854335,"i=22,j=16"
1865,12.753009446791735,52.420508058569844,0.4880170284463581,"i=22,j=17"
1866,12.753156380701492,52.4205108519621,0.41177440843541047,"i=22,j=18"
1867,12.753303314635337,52.42051364517188,0.16510686147219156,"i=22,j=19"
1868,12.753450248593262,52.4205164381992,0.6565657832567373,"i=22,j=20"
1869,12.753597182575268,52.42051923104403,0.07321408586322065,"i=22,j=21"
1870,12.753744116581352,52.420522023706404,0.3407581938409817,"i=22,j=22"
1871,12.753891050611514,52.420524816186294,0.4932042020070353,"i=22,j=23"
1872,12.75403798466575,52.42052760848371,0.5513439796514412,"i=22,j=24"
1873,12.75418491874406,52.42053040059865,0.7711369382676401,"i=22,j=25"
1874,12.754331852846443,52.42053319253113,0.3695175523384445,"i=22,j=26"
1875,12.754478786972896,52.420535984281116,0.4361060309013336,"i=22,j=27"
1876,12.754625721123421,52.420538775848634,0.14512918515423667,"i=22,j=28"
1877,12.75477265529801,52.4205415672337,0.8179019524153611,"i=22,j=29"
1878,12.754919589496666,52.420544358436274,0.7903719792978611,"i=22,j=30"
1879,12.755066523719387,52.420547149456375,0.6719041489461276,"i=22,j=31"
1880,12.755213457966171,52.42054994029401,0.3036490486719926,"i=22,j=32"
1881,12.755360392237016,52.420552730949154,0.7259480187256847,"i=22,j=33"
1882,12.755507326531921,52.42055552142184,0.8802437390366193,"i=22,j=34"
1883,12.755654260850886,52.42055831171204,0.08129893684222034,"i=22,j=35"
1884,12.755801195193905,52.42056110181977,0.7504668179574215,"i=22,j=36"
1885,12.75594812956098,52.42056389174503,0.9280702095007619,"i=22,j=37"
1886,12.75609506395211,52.42056668148781,0.9747813914176566,"i=22,j=38"
1887,12.75624199836729,52.42056947104812,0.8781931682451363,"i=22,j=39"
1888,12.756388932806521,52.420572260425956,0.35602349483380047,"i=22,j=40"
1889,12.756535867269802,52.42057504962131,0.9434360684018989,"i=22,j=41"
1890,12.756682801757128,52.42057783863421,0.24058094184768297,"i=22,j=42"
1891,12.756829736268502,52.420580627464616,0.20447486635268686,"i=22,j=43"
1892,12.756976670803919,52.42058341611255,0.9615751044381244,"i=22,j=44"
1893,12.757123605363379,52.420586204578,0.7411344505173861,"i=22,j=45"
1894,12.757270539946878,52.420588992861,0.2699401078579201,"i=22,j=46"
1895,12.757417474554417,52.42059178096151,0.8251942973756115,"i=22,j=47"
1896,12.757564409185996,52.420594568879544,0.05558573773040154,"i=22,j=48"
1897,12.75771134384161,52.420597356615104,0.9817041623539686,"i=22,j=49"
1898,12.757858278521258,52.42060014416819,0.806911061994655,"i=22,j=50"
1899,12.758005213224942,52.4206029315388,0.5221426440805869,"i=22,j=51"
1900,12.758152147952655,52.420605718726925,0.6732135649140265,"i=22,j=52"
1901,12.758299082704399,52.420608505732595,0.5874016253849176,"i=22,j=53"
1902,12.75844601748017,52.42061129255578,0.2876026385520747,"i=22,j=54"
1903,12.758592952279969,52.42061407919648,0.43458963290180475,"i=22,j=55"
1904,12.758739887103793,52.420616865654715,0.26035076807779434,"i=22,j=56"
1905,12.75888682195164,52.42061965193047,0.1572206287195672,"i=22,j=57"
1906,12.759033756823511,52.420622438023756,0.38921029376404737,"i=22,j=58"
1907,12.7591806917194,52.420625223934564,0.8873214196634484,"i=22,j=59"
1908,12.75932762663931,52.4206280096629,0.8868730891598883,"i=22,j=60"
1909,12.75947456158324,52.42063079520876,0.3346029295587738,"i=22,j=61"
1910,12.759621496551182,52.42063358057214,0.44647525186226333,"i=22,j=62"
1911,12.75976843154314,52.42063636575303,0.9458040714946713,"i=22,j=63"
1912,12.75991536655911,52.42063915075147,0.8994890669532153,"i=22,j=64"
1913,12.76006230159909,52.42064193556741,0.41460040761320127,"i=22,j=65"
1914,12.760209236663082,52.42064472020089,0.9294007336452986,"i=22,j=66"
1915,12.760356171751082,52.42064750465188,0.3743878605338532,"i=22,j=67"
1916,12.760503106863087,52.420650288920406,0.01684525620358701,"i=22,j=68"
1917,12.760650041999098,52.42065307300645,0.5721938421292022,"i=22,j=69"
1918,12.760796977159112,52.42065585691002,0.3615444426528127,"i=22,j=70"
1919,12.760943912343128,52.4206586406311,0.28935366552247055,"i=22,j=71"
1920,12.761090847551142,52.42066142416972,0.9013643435432057,"i=22,j=72"
1921,12.761237782783157,52.42066420752586,0.6353720077285164,"i=22,j=73"
1922,12.761384718039169,52.42066699069952,0.8811904010502903,"i=22,j=74"
1923,12.761531653319176,52.420669773690705,0.9612501878227314,"i=22,j=75"
1924,12.761678588623177,52.42067255649941,0.6166458165307606,"i=22,j=76"
1925,12.76182552395117,52.420675339125644,0.35633542352628655,"i=22,j=77"
1926,12.761972459303156,52.4206781215694,0.4595697870593688,"i=22,j=78"
1927,12.762119394679127,52.42068090383067,0.09382642575938138,"i=22,j=79"
1928,12.76226633007909,52.420683685909474,0.944935411227208,"i=22,j=80"
1929,12.762413265503037,52.42068646780579,0.0935883134233646,"i=22,j=81"
1930,12.762560200950968,52.42068924951964,0.85246428746434,"i=22,j=82"
1931,12.762707136422884,52.42069203105101,0.4904336058552998,"i=22,j=83"
1932,12.7505161481367,52.420370709185356,0.00023171475554573107,"i=23,j=0"
1933,12.750663081338644,52.420373505670625,0.046799660755358796,"i=23,j=1"
1934,12.750810014564696,52.420376301973434,0.5903174941171108,"i=23,j=2"
1935,12.750956947814856,52.42037909809376,0.9515811669772974,"i=23,j=3"
1936,12.751103881089124,52.420381894031635,0.6726150127831,"i=23,j=4"
1937,12.751250814387495,52.420384689787014,0.034798054103946874,"i=23,j=5"
1938,12.751397747709971,52.420387485359925,0.9592961299723796,"i=23,j=6"
1939,12.751544681056549,52.420390280750375,0.6977022196790585,"i=23,j=7"
1940,12.751691614427228,52.420393075958344,0.8735804968685468,"i=23,j=8"
1941,12.751838547822004,52.420395870983846,0.9564740483669035,"i=23,j=9"
1942,12.751985481240878,52.42039866582687,0.27035324716854614,"i=23,j=10"
1943,12.752132414683848,52.42040146048743,0.9173535970367508,"i=23,j=11"
1944,12.752279348150912,52.42040425496552,0.2733764362267188,"i=23,j=12"
1945,12.75242628164207,52.42040704926114,0.6462916777957685,"i=23,j=13"
1946,12.752573215157316,52.420409843374266,0.2204849057186925,"i=23,j=14"
1947,12.752720148696653,52.42041263730494,0.5900619101514502,"i=23,j=15"
1948,12.752867082260078,52.420415431053144,0.13129663591673457,"i=23,j=16"
1949,12.75301401584759,52.420418224618864,0.9922099045235129,"i=23,j=17"
1950,12.753160949459186,52.420421018002116,0.9655399781564551,"i=23,j=18"
1951,12.753307883094864,52.420423811202895,0.0839978839425286,"i=23,j=19"
1952,12.753454816754624,52.4204266042212,0.8998108132917966,"i=23,j=20"
1953,12.753601750438467,52.420429397057035,0.3732097882961396,"i=23,j=21"
1954,12.753748684146386,52.4204321897104,0.8604178660873693,"i=23,j=22"
1955,12.753895617878381,52.420434982181284,0.026010051559448466,"i=23,j=23"
1956,12.754042551634452,52.42043777446971,0.9862539535729755,"i=23,j=24"
1957,12.754189485414598,52.42044056657565,0.24972068497904787,"i=23,j=25"
1958,12.754336419218815,52.420443358499114,0.05728193406867055,"i=23,j=26"
1959,12.754483353047103,52.42044615024012,0.8141997363532059,"i=23,j=27"
1960,12.754630286899461,52.42044894179864,0.861898311238195,"i=23,j=28"
1961,12.754777220775885,52.42045173317469,0.7196979032049938,"i=23,j=29"
1962,12.754924154676374,52.42045452436826,0.33881059415159376,"i=23,j=30"
1963,12.75507108860093,52.420457315379366,0.1435397017493416,"i=23,j=31"
1964,12.755218022549546,52.420460106208004,0.01073012154379882,"i=23,j=32"
1965,12.755364956522225,52.42046289685416,0.9452009020976849,"i=23,j=33"
1966,12.755511890518964,52.42046568731785,0.12816366755061992,"i=23,j=34"
1967,12.75565882453976,52.42046847759906,0.9506062234100021,"i=23,j=35"
1968,12.755805758584614,52.4204712676978,0.9318339500628292,"i=23,j=36"
1969,12.755952692653521,52.420474057614065,0.36316251016564116,"i=23,j=37"
1970,12.756099626746483,52.42047684734785,0.014814056027699474,"i=23,j=38"
1971,12.756246560863495,52.42047963689917,0.8088053420528687,"i=23,j=39"
1972,12.756393495004557,52.420482426268016,0.5520136264893672,"i=23,j=40"
1973,12.75654042916967,52.42048521545438,0.12504300705366445,"i=23,j=41"
1974,12.756687363358829,52.42048800445827,0.5916605792335176,"i=23,j=42"
1975,12.756834297572032,52.42049079327969,0.8152584629557179,"i=23,j=43"
1976,12.756981231809283,52.420493581918635,0.6150287840669061,"i=23,j=44"
1977,12.757128166070574,52.42049637037511,0.4209731105790604,"i=23,j=45"
1978,12.757275100355905,52.42049915864911,0.25135471498372663,"i=23,j=46"
1979,12.757422034665275,52.42050194674062,0.4882295023329857,"i=23,j=47"
1980,12.757568968998685,52.42050473464968,0.14273887655490125,"i=23,j=48"
1981,12.757715903356129,52.420507522376255,0.1284555244998723,"i=23,j=49"
1982,12.757862837737608,52.42051030992036,0.22417121308940924,"i=23,j=50"
1983,12.75800977214312,52.42051309728198,0.0661801969261796,"i=23,j=51"
1984,12.758156706572663,52.42051588446113,0.6871938086316948,"i=23,j=52"
1985,12.758303641026238,52.420518671457806,0.9866089979791908,"i=23,j=53"
1986,12.75845057550384,52.420521458272006,0.29758417952232885,"i=23,j=54"
1987,12.758597510005469,52.42052424490374,0.09255582130407403,"i=23,j=55"
1988,12.75874444453112,52.42052703135298,0.6076132259498779,"i=23,j=56"
1989,12.758891379080799,52.42052981761975,0.39302233105433637,"i=23,j=57"
1990,12.759038313654498,52.42053260370405,0.844478466372006,"i=23,j=58"
1991,12.759185248252217,52.42053538960589,0.025661987412857967,"i=23,j=59"
1992,12.759332182873955,52.42053817532524,0.021840147775102237,"i=23,j=60"
1993,12.759479117519712,52.420540960862105,0.17640934598725433,"i=23,j=61"
1994,12.759626052189484,52.4205437462165,0.6139711936735941,"i=23,j=62"
1995,12.759772986883268,52.420546531388446,0.6552991289930831,"i=23,j=63"
1996,12.759919921601067,52.42054931637788,0.6759707476428412,"i=23,j=64"
1997,12.760066856342876,52.42055210118485,0.6018250066037912,"i=23,j=65"
1998,12.760213791108695,52.42055488580935,0.6955190014142654,"i=23,j=66"
1999,12.760360725898522,52.42055767025137,0.5565694509586435,"i=23,j=67"
2000,12.760507660712355,52.42056045451093,0.15131037713374973,"i=23,j=68"
2001,12.760654595550193,52.42056323858799,0.7377153137588269,"i=23,j=69"
2002,12.760801530412033,52.42056602248258,0.6855752029472888,"i=23,j=70"
2003,12.760948465297874,52.4205688061947,0.20914914071367108,"i=23,j=71"
2004,12.761095400207717,52.42057158972434,0.9758996383893014,"i=23,j=72"
2005,12.761242335141558,52.4205743730715,0.890708790807345,"i=23,j=73"
2006,12.761389270099398,52.4205771562362,0.18422062432434883,"i=23,j=74"
2007,12.761536205081232,52.420579939218406,0.9230633097078185,"i=23,j=75"
2008,12.761683140087058,52.420582722018146,0.060397133689220284,"i=23,j=76"
2009,12.761830075116878,52.420585504635405,0.5618248125597475,"i=23,j=77"
2010,12.761977010170687,52.42058828707019,0.9144694774595614,"i=23,j=78"
2011,12.762123945248486,52.4205910693225,0.9665277406647712,"i=23,j=79"
2012,12.762270880350272,52.420593851392326,0.5505305369587066,"i=23,j=80"
2013,12.762417815476045,52.42059663327968,0.8112705220144637,"i=23,j=81"
2014,12.762564750625803,52.42059941498456,0.45627867575099545,"i=23,j=82"
2015,12.762711685799543,52.42060219650697,0.6340006806110642,"i=23,j=83"
2016,12.750520722237212,52.42028087538589,0.060504349541868674,"i=24,j=0"
2017,12.750667655140992,52.42028367186215,0.9080747663723716,"i=24,j=1"
2018,12.750814588068886,52.420286468155936,0.14998044798076482,"i=24,j=2"
2019,12.750961521020887,52.420289264267254,0.2698987854716076,"i=24,j=3"
2020,12.751108453996993,52.420292060196104,0.7703635732674552,"i=24,j=4"
2021,12.751255386997206,52.42029485594247,0.7627400366505277,"i=24,j=5"
2022,12.751402320021521,52.42029765150638,0.25498356941748823,"i=24,j=6"
2023,12.751549253069937,52.420300446887815,0.15392090444549056,"i=24,j=7"
2024,12.751696186142455,52.42030324208678,0.569740300191021,"i=24,j=8"
2025,12.751843119239071,52.420306037103266,0.7722989929933908,"i=24,j=9"
2026,12.751990052359783,52.420308831937284,0.5702724059004518,"i=24,j=10"
2027,12.752136985504592,52.42031162658884,0.359002569159498,"i=24,j=11"
2028,12.752283918673493,52.42031442105791,0.23036383857757559,"i=24,j=12"
2029,12.752430851866489,52.42031721534452,0.71362606608088,"i=24,j=13"
2030,12.752577785083576,52.42032000944866,0.5843120268923863,"i=24,j=14"
2031,12.752724718324751,52.42032280337032,0.5254559524305318,"i=24,j=15"
2032,12.752871651590011,52.42032559710951,0.11822634256150699,"i=24,j=16"
2033,12.753018584879362,52.42032839066623,0.674108236265069,"i=24,j=17"
2034,12.753165518192795,52.42033118404047,0.4794150956420735,"i=24,j=18"
2035,12.753312451530311,52.420333977232254,0.6963600153385779,"i=24,j=19"
2036,12.75345938489191,52.42033677024155,0.9856946624728867,"i=24,j=20"
2037,12.753606318277587,52.42033956306839,0.017131391977277866,"i=24,j=21"
2038,12.753753251687343,52.42034235571275,0.40289964916566745,"i=24,j=22"
2039,12.753900185121175,52.42034514817463,0.29735896698219355,"i=24,j=23"
2040,12.754047118579082,52.42034794045405,0.13850997086902983,"i=24,j=24"
2041,12.754194052061063,52.420350732550986,0.5300248797700982,"i=24,j=25"
2042,12.754340985567117,52.420353524465455,0.5650091136676189,"i=24,j=26"
2043,12.75448791909724,52.420356316197456,0.6683567908081068,"i=24,j=27"
2044,12.754634852651433,52.42035910774698,0.07264850631462472,"i=24,j=28"
2045,12.754781786229694,52.420361899114035,0.5991242204759102,"i=24,j=29"
2046,12.75492871983202,52.42036469029862,0.0253476570326584,"i=24,j=30"
2047,12.755075653458409,52.42036748130072,0.05757022753778018,"i=24,j=31"
2048,12.755222587108863,52.42037027212036,0.6269605456519012,"i=24,j=32"
2049,12.755369520783375,52.42037306275752,0.10117283313348402,"i=24,j=33"
2050,12.755516454481949,52.4203758532122,0.34972454943645126,"i=24,j=34"
2051,12.75566338820458,52.42037864348442,0.9643796154735524,"i=24,j=35"
2052,12.755810321951266,52.42038143357417,0.7758879236239757,"i=24,j=36"
2053,12.75595725572201,52.42038422348144,0.6739382925223825,"i=24,j=37"
2054,12.756104189516803,52.42038701320624,0.030502785358228812,"i=24,j=38"
2055,12.75625112333565,52.42038980274856,0.8953985339254771,"i=24,j=39"
2056,12.756398057178547,52.420392592108406,0.11855340029322747,"i=24,j=40"
2057,12.756544991045493,52.42039538128579,0.04340106501434171,"i=24,j=41"
2058,12.756691924936485,52.420398170280684,0.0525610797729249,"i=24,j=42"
2059,12.756838858851523,52.42040095909312,0.7105683361700924,"i=24,j=43"
2060,12.756985792790605,52.42040374772308,0.31652044948327274,"i=24,j=44"
2061,12.757132726753728,52.42040653617055,0.1312344861550191,"i=24,j=45"
2062,12.757279660740892,52.420409324435575,0.6840010605576019,"i=24,j=46"
2063,12.757426594752094,52.42041211251811,0.8212582904147294,"i=24,j=47"
2064,12.757573528787335,52.42041490041817,0.7785432506440573,"i=24,j=48"
2065,12.757720462846613,52.42041768813575,0.8262124141904733,"i=24,j=49"
2066,12.757867396929923,52.420420475670866,0.25807467101683723,"i=24,j=50"
2067,12.758014331037268,52.42042326302351,0.37000130215866267,"i=24,j=51"
2068,12.758161265168642,52.420426050193676,0.39861690847565523,"i=24,j=52"
2069,12.758308199324048,52.42042883718137,0.5855152501587866,"i=24,j=53"
2070,12.758455133503482,52.42043162398658,0.7370436194430546,"i=24,j=54"
2071,12.75860206770694,52.42043441060932,0.9717215114865306,"i=24,j=55"
2072,12.758749001934426,52.4204371970496,0.015932393774512277,"i=24,j=56"
2073,12.758895936185933,52.42043998330738,0.3646611813558923,"i=24,j=57"
2074,12.759042870461464,52.4204427693827,0.6758811276488795,"i=24,j=58"
2075,12.759189804761013,52.42044555527555,0.8412316636429678,"i=24,j=59"
2076,12.759336739084583,52.42044834098592,0.3822241073231111,"i=24,j=60"
2077,12.759483673432168,52.42045112651381,0.2936933062397873,"i=24,j=61"
2078,12.75963060780377,52.420453911859234,0.1599495960007471,"i=24,j=62"
2079,12.759777542199384,52.420456697022175,0.04412885054087268,"i=24,j=63"
2080,12.759924476619013,52.42045948200265,0.386728071915037,"i=24,j=64"
2081,12.760071411062652,52.42046226680065,0.9190286482981384,"i=24,j=65"
2082,12.7602183455303,52.420465051416166,0.03671739027466514,"i=24,j=66"
2083,12.760365280021956,52.42046783584921,0.9251723388005821,"i=24,j=67"
2084,12.760512214537618,52.420470620099785,0.20408636208523223,"i=24,j=68"
2085,12.760659149077284,52.42047340416788,0.1545355898683065,"i=24,j=69"
2086,12.760806083640952,52.42047618805349,0.065167465330494,"i=24,j=70"
2087,12.760953018228625,52.42047897175664,0.9172869984656385,"i=24,j=71"
2088,12.761099952840295,52.4204817552773,0.5578703731954369,"i=24,j=72"
2089,12.761246887475965,52.420484538615504,0.623740680547545,"i=24,j=73"
2090,12.76139382213563,52.42048732177122,0.6521915953421558,"i=24,j=74"
2091,12.761540756819292,52.42049010474447,0.4834894681269907,"i=24,j=75"
2092,12.761687691526946,52.420492887535225,0.96114236667083,"i=24,j=76"
2093,12.761834626258594,52.42049567014351,0.8452423778425139,"i=24,j=77"
2094,12.761981561014231,52.42049845256933,0.44167723214007126,"i=24,j=78"
2095,12.762128495793856,52.42050123481268,0.25686985432121845,"i=24,j=79"
2096,12.76227543059747,52.42050401687354,0.3618071683498697,"i=24,j=80"
2097,12.76242236542507,52.42050679875192,0.7840837724865393,"i=24,j=81"
2098,12.762569300276652,52.420509580447835,0.9592775102081627,"i=24,j=82"
2099,12.762716235152219,52.42051236196126,0.33224103591188137,"i=24,j=83"
2100,12.750525296313612,52.42019104158476,0.22912560918474534,"i=25,j=0"
2101,12.750672228919235,52.42019383805199,0.2837408530004246,"i=25,j=1"
2102,12.750819161548968,52.420196634336776,0.47963758274996005,"i=25,j=2"
2103,12.750966094202813,52.42019943043907,0.6698919766433533,"i=25,j=3"
2104,12.751113026880759,52.42020222635891,0.07108320123332568,"i=25,j=4"
2105,12.751259959582812,52.420205022096276,0.9767149875940591,"i=25,j=5"
2106,12.75140689230897,52.420207817651175,0.9664962070405031,"i=25,j=6"
2107,12.751553825059226,52.42021061302359,0.7443288368131141,"i=25,j=7"
2108,12.751700757833584,52.42021340821354,0.7012561070959612,"i=25,j=8"
2109,12.75184769063204,52.420216203221024,0.9566496612114579,"i=25,j=9"
2110,12.751994623454593,52.42021899804604,0.0026367904992269375,"i=25,j=10"
2111,12.752141556301241,52.42022179268857,0.6057876408010068,"i=25,j=11"
2112,12.752288489171985,52.420224587148645,0.4421013104481417,"i=25,j=12"
2113,12.752435422066819,52.420227381426244,0.9027444266025233,"i=25,j=13"
2114,12.752582354985746,52.42023017552136,0.37269194441118203,"i=25,j=14"
2115,12.752729287928759,52.42023296943402,0.12373381188703825,"i=25,j=15"
2116,12.752876220895862,52.42023576316421,0.6976933834588153,"i=25,j=16"
2117,12.75302315388705,52.42023855671192,0.916692754191609,"i=25,j=17"
2118,12.75317008690232,52.42024135007716,0.6404253668363774,"i=25,j=18"
2119,12.753317019941676,52.420244143259936,0.48185619276246383,"i=25,j=19"
2120,12.753463953005113,52.42024693626023,0.2533842234866569,"i=25,j=20"
2121,12.753610886092629,52.42024972907806,0.9399459162682123,"i=25,j=21"
2122,12.753757819204223,52.42025252171343,0.6907731733309174,"i=25,j=22"
2123,12.753904752339892,52.420255314166305,0.05770601617372806,"i=25,j=23"
2124,12.754051685499638,52.42025810643673,0.12070053900289868,"i=25,j=24"
2125,12.754198618683457,52.42026089852466,0.12126359283044097,"i=25,j=25"
2126,12.75434555189135,52.420263690430126,0.34372550515305555,"i=25,j=26"
2127,12.754492485123311,52.420266482153124,0.7303177760358067,"i=25,j=27"
2128,12.754639418379341,52.420269273693656,0.9751778598635731,"i=25,j=28"
2129,12.754786351659437,52.42027206505171,0.45157391806343516,"i=25,j=29"
2130,12.754933284963599,52.420274856227294,0.725466334530841,"i=25,j=30"
2131,12.755080218291827,52.4202776472204,0.8254539216377397,"i=25,j=31"
2132,12.755227151644116,52.42028043803105,0.8864375228912436,"i=25,j=32"
2133,12.755374085020467,52.420283228659216,0.13782234615181388,"i=25,j=33"
2134,12.755521018420875,52.42028601910491,0.0600260651253266,"i=25,j=34"
2135,12.755667951845341,52.420288809368124,0.9655122105091123,"i=25,j=35"
2136,12.755814885293866,52.42029159944887,0.9325466102955622,"i=25,j=36"
2137,12.755961818766442,52.42029438934715,0.790471751221514,"i=25,j=37"
2138,12.756108752263074,52.42029717906295,0.37409596174678406,"i=25,j=38"
2139,12.756255685783756,52.42029996859628,0.048772305221857604,"i=25,j=39"
2140,12.756402619328487,52.42030275794715,0.7981155029526037,"i=25,j=40"
2141,12.756549552897267,52.42030554711553,0.8178162521086838,"i=25,j=41"
2142,12.756696486490096,52.420308336101435,0.029827617756211455,"i=25,j=42"
2143,12.756843420106968,52.42031112490488,0.6619158650290553,"i=25,j=43"
2144,12.756990353747883,52.42031391352585,0.19242970643157398,"i=25,j=44"
2145,12.757137287412842,52.420316701964346,0.5469900581384889,"i=25,j=45"
2146,12.757284221101841,52.42031949022036,0.7994066915954356,"i=25,j=46"
2147,12.757431154814878,52.420322278293916,0.3331028306694842,"i=25,j=47"
2148,12.757578088551952,52.420325066184986,0.17350848833680366,"i=25,j=48"
2149,12.757725022313062,52.42032785389358,0.509652657133182,"i=25,j=49"
2150,12.757871956098207,52.42033064141972,0.7805400600945696,"i=25,j=50"
2151,12.758018889907385,52.42033342876337,0.9786191159775056,"i=25,j=51"
2152,12.758165823740594,52.42033621592455,0.5732076106121377,"i=25,j=52"
2153,12.758312757597832,52.420339002903255,0.3815352991484643,"i=25,j=53"
2154,12.758459691479098,52.420341789699485,0.8264037319011335,"i=25,j=54"
2155,12.75860662538439,52.42034457631325,0.5807667372936908,"i=25,j=55"
2156,12.758753559313707,52.420347362744536,0.8051259564076516,"i=25,j=56"
2157,12.758900493267047,52.42035014899335,0.9564234545915649,"i=25,j=57"
2158,12.75904742724441,52.42035293505969,0.013342859552587405,"i=25,j=58"
2159,12.759194361245793,52.42035572094355,0.9431375333028691,"i=25,j=59"
2160,12.759341295271192,52.42035850664494,0.5377083422031007,"i=25,j=60"
2161,12.75948822932061,52.42036129216385,0.8727242408762965,"i=25,j=61"
2162,12.759635163394043,52.420364077500295,0.6637191271166529,"i=25,j=62"
2163,12.75978209749149,52.42036686265426,0.6482292096757177,"i=25,j=63"
2164,12.759929031612948,52.420369647625755,0.2467284958682271,"i=25,j=64"
2165,12.760075965758418,52.42037243241478,0.2498746723284263,"i=25,j=65"
2166,12.760222899927898,52.42037521702132,0.4077013854122189,"i=25,j=66"
2167,12.760369834121384,52.420378001445386,0.48364749542499763,"i=25,j=67"
2168,12.760516768338876,52.42038078568698,0.2866062029240215,"i=25,j=68"
2169,12.760663702580374,52.4203835697461,0.7464819373610532,"i=25,j=69"
2170,12.760810636845873,52.42038635362274,0.409887161374897,"i=25,j=70"
2171,12.760957571135375,52.42038913731692,0.5524390125220745,"i=25,j=71"
2172,12.761104505448873,52.42039192082861,0.2493880149122294,"i=25,j=72"
2173,12.761251439786372,52.42039470415783,0.208711341764946,"i=25,j=73"
2174,12.761398374147868,52.420397487304584,0.35523268285868626,"i=25,j=74"
2175,12.761545308533359,52.420400270268864,0.12770630620948198,"i=25,j=75"
2176,12.761692242942843,52.42040305305065,0.4811090209690948,"i=25,j=76"
2177,12.761839177376318,52.420405835649966,0.5146467784630313,"i=25,j=77"
2178,12.761986111833785,52.42040861806681,0.8251432978094976,"i=25,j=78"
2179,12.76213304631524,52.420411400301184,0.09459048070278675,"i=25,j=79"
2180,12.762279980820683,52.42041418235308,0.10499880163768294,"i=25,j=80"
2181,12.762426915350108,52.4204169642225,0.19482630237324328,"i=25,j=81"
2182,12.762573849903522,52.42041974590944,0.045329758316625224,"i=25,j=82"
2183,12.762720784480914,52.4204225274139,0.008410793540225225,"i=25,j=83"
2184,12.750529870365899,52.42010120778199,0.2611858414121877,"i=26,j=0"
2185,12.750676802673366,52.420104004240216,0.6761623634720758,"i=26,j=1"
2186,12.750823735004943,52.420106800515974,0.5617737026219533,"i=26,j=2"
2187,12.75097066736063,52.420109596609265,0.8949183982763458,"i=26,j=3"
2188,12.75111759974042,52.420112392520075,0.3177630035019907,"i=26,j=4"
2189,12.751264532144317,52.42011518824843,0.06606307667153455,"i=26,j=5"
2190,12.751411464572314,52.42011798379431,0.10964019013243398,"i=26,j=6"
2191,12.751558397024414,52.42012077915772,0.7480468977217488,"i=26,j=7"
2192,12.751705329500615,52.42012357433866,0.39539897334848284,"i=26,j=8"
2193,12.751852262000913,52.42012636933714,0.4123612092679253,"i=26,j=9"
2194,12.751999194525308,52.42012916415314,0.11838135006368,"i=26,j=10"
2195,12.752146127073798,52.42013195878667,0.5369498814738732,"i=26,j=11"
2196,12.752293059646382,52.42013475323773,0.7059758115648598,"i=26,j=12"
2197,12.752439992243058,52.420137547506314,0.13952446065003865,"i=26,j=13"
2198,12.752586924863826,52.42014034159243,0.054973320409202,"i=26,j=14"
2199,12.75273385750868,52.420143135496076,0.4369388589936174,"i=26,j=15"
2200,12.752880790177624,52.42014592921726,0.3780334722229235,"i=26,j=16"
2201,12.753027722870653,52.420148722755975,0.48180073512497623,"i=26,j=17"
2202,12.753174655587765,52.42015151611221,0.9132186866828362,"i=26,j=18"
2203,12.753321588328959,52.42015430928598,0.3773770804677704,"i=26,j=19"
2204,12.753468521094236,52.420157102277265,0.23210483777961743,"i=26,j=20"
2205,12.753615453883594,52.42015989508611,0.20125874311326375,"i=26,j=21"
2206,12.753762386697026,52.42016268771246,0.7251979846581648,"i=26,j=22"
2207,12.753909319534538,52.42016548015634,0.772064073605668,"i=26,j=23"
2208,12.75405625239612,52.420168272417754,0.06007057228503121,"i=26,j=24"
2209,12.754203185281781,52.4201710644967,0.18163196502538548,"i=26,j=25"
2210,12.754350118191509,52.42017385639317,0.5002707417747928,"i=26,j=26"
2211,12.75449705112531,52.42017664810717,0.006006056385667979,"i=26,j=27"
2212,12.75464398408318,52.420179439638694,0.33380796825980186,"i=26,j=28"
2213,12.754790917065115,52.42018223098775,0.6102683204525845,"i=26,j=29"
2214,12.754937850071116,52.42018502215433,0.11820589729883002,"i=26,j=30"
2215,12.75508478310118,52.42018781313844,0.19571735718615502,"i=26,j=31"
2216,12.75523171615531,52.420190603940085,0.6762477249295666,"i=26,j=32"
2217,12.755378649233496,52.42019339455926,0.37355405423586163,"i=26,j=33"
2218,12.755525582335745,52.42019618499595,0.5317300941212858,"i=26,j=34"
2219,12.755672515462047,52.42019897525018,0.7321246155637471,"i=26,j=35"
2220,12.755819448612408,52.420201765321934,0.647195257690562,"i=26,j=36"
2221,12.755966381786823,52.42020455521123,0.8389405610630555,"i=26,j=37"
2222,12.756113314985292,52.420207344918026,0.9853725004591786,"i=26,j=38"
2223,12.756260248207811,52.42021013444237,0.2438910326982029,"i=26,j=39"
2224,12.75640718145438,52.42021292378424,0.7629011122207261,"i=26,j=40"
2225,12.756554114724995,52.42021571294364,0.9726296670622419,"i=26,j=41"
2226,12.756701048019659,52.42021850192056,0.8937462066241,"i=26,j=42"
2227,12.75684798133837,52.420221290715006,0.01756894108472784,"i=26,j=43"
2228,12.75699491468112,52.42022407932698,0.4494137613231439,"i=26,j=44"
2229,12.757141848047915,52.42022686775648,0.948247479777939,"i=26,j=45"
2230,12.75728878143875,52.42022965600352,0.3101958649039315,"i=26,j=46"
2231,12.757435714853623,52.42023244406808,0.7399163902420625,"i=26,j=47"
2232,12.757582648292532,52.42023523195016,0.6518279512315192,"i=26,j=48"
2233,12.757729581755479,52.42023801964978,0.4408840179616599,"i=26,j=49"
2234,12.757876515242458,52.42024080716692,0.46812361726517404,"i=26,j=50"
2235,12.758023448753471,52.42024359450159,0.37580924338655186,"i=26,j=51"
2236,12.758170382288514,52.420246381653776,0.020237081803152535,"i=26,j=52"
2237,12.758317315847586,52.420249168623506,0.7943505526564089,"i=26,j=53"
2238,12.758464249430688,52.420251955410755,0.685616475181807,"i=26,j=54"
2239,12.758611183037813,52.42025474201554,0.6196833934926979,"i=26,j=55"
2240,12.758758116668965,52.42025752843784,0.8864003593601298,"i=26,j=56"
2241,12.75890505032414,52.42026031467767,0.31329188762315974,"i=26,j=57"
2242,12.759051984003335,52.42026310073502,0.5461162816490372,"i=26,j=58"
2243,12.759198917706552,52.420265886609904,0.04608356583069395,"i=26,j=59"
2244,12.759345851433784,52.42026867230232,0.08789478333533884,"i=26,j=60"
2245,12.759492785185035,52.420271457812255,0.8330446247951493,"i=26,j=61"
2246,12.759639718960301,52.42027424313973,0.977712651725959,"i=26,j=62"
2247,12.759786652759582,52.42027702828471,0.6184916367448013,"i=26,j=63"
2248,12.759933586582871,52.42027981324722,0.6125232367525717,"i=26,j=64"
2249,12.760080520430176,52.42028259802726,0.563050125933062,"i=26,j=65"
2250,12.760227454301486,52.42028538262483,0.06080243308505928,"i=26,j=66"
2251,12.760374388196805,52.42028816703992,0.2035008224400786,"i=26,j=67"
2252,12.76052132211613,52.42029095127254,0.1716587161133798,"i=26,j=68"
2253,12.760668256059459,52.42029373532269,0.18114151289159064,"i=26,j=69"
2254,12.76081519002679,52.420296519190366,0.4862759210195685,"i=26,j=70"
2255,12.760962124018123,52.42029930287556,0.8278944135755846,"i=26,j=71"
2256,12.761109058033455,52.42030208637827,0.2978453001496655,"i=26,j=72"
2257,12.761255992072785,52.42030486969853,0.04197575840156442,"i=26,j=73"
2258,12.761402926136112,52.4203076528363,0.09184386695959368,"i=26,j=74"
2259,12.761549860223433,52.42031043579159,0.7879213738926049,"i=26,j=75"
2260,12.761696794334748,52.420313218564424,0.5036832854104577,"i=26,j=76"
2261,12.761843728470055,52.420316001154774,0.3810523342399953,"i=26,j=77"
2262,12.76199066262935,52.42031878356266,0.21741636336611014,"i=26,j=78"
2263,12.762137596812636,52.42032156578804,0.11174026808530557,"i=26,j=79"
2264,12.762284531019906,52.420324347830984,0.2529146373509097,"i=26,j=80"
2265,12.762431465251165,52.42032712969143,0.22773237998787443,"i=26,j=81"
2266,12.762578399506408,52.4203299113694,0.45574083840400303,"i=26,j=82"
2267,12.76272533378563,52.4203326928649,0.4032823280888703,"i=26,j=83"
2268,12.750534444394075,52.42001137397756,0.8499823758739667,"i=27,j=0"
2269,12.750681376403389,52.42001417042677,0.013217696437482052,"i=27,j=1"
2270,12.750828308436809,52.42001696669352,0.8052441197439111,"i=27,j=2"
2271,12.75097524049434,52.42001976277779,0.43807175144233657,"i=27,j=3"
2272,12.751122172575975,52.420022558679605,0.10355903765295871,"i=27,j=4"
2273,12.751269104681715,52.42002535439894,0.8763981622606564,"i=27,j=5"
2274,12.751416036811559,52.4200281499358,0.38401226152255763,"i=27,j=6"
2275,12.751562968965501,52.420030945290215,0.9495473653208265,"i=27,j=7"
2276,12.751709901143547,52.42003374046214,0.23776637607358675,"i=27,j=8"
2277,12.751856833345688,52.4200365354516,0.856555097742618,"i=27,j=9"
2278,12.752003765571926,52.42003933025859,0.008583280147846817,"i=27,j=10"
2279,12.75215069782226,52.4200421248831,0.9042940101020007,"i=27,j=11"
2280,12.752297630096688,52.420044919325164,0.05664300224730412,"i=27,j=12"
2281,12.752444562395207,52.42004771358475,0.010293543187308463,"i=27,j=13"
2282,12.752591494717816,52.420050507661855,0.19123328852556676,"i=27,j=14"
2283,12.752738427064514,52.42005330155651,0.12780726362118078,"i=27,j=15"
2284,12.7528853594353,52.42005609526867,0.19651984619638607,"i=27,j=16"
2285,12.75303229183017,52.42005888879837,0.9254943952937115,"i=27,j=17"
2286,12.753179224249125,52.420061682145615,0.3976856139934041,"i=27,j=18"
2287,12.753326156692163,52.42006447531037,0.37163856048854094,"i=27,j=19"
2288,12.75347308915928,52.42006726829267,0.7273796339118308,"i=27,j=20"
2289,12.753620021650478,52.420070061092495,0.31176040641565483,"i=27,j=21"
2290,12.753766954165753,52.42007285370983,0.747089883729867,"i=27,j=22"
2291,12.753913886705105,52.420075646144724,0.0036279820617874936,"i=27,j=23"
2292,12.754060819268531,52.420078438397134,0.7124674282771144,"i=27,j=24"
2293,12.75420775185603,52.42008123046708,0.929042704890516,"i=27,j=25"
2294,12.754354684467602,52.420084022354544,0.02210169138878071,"i=27,j=26"
2295,12.754501617103243,52.420086814059545,0.9333579316092938,"i=27,j=27"
2296,12.754648549762953,52.42008960558207,0.11279488167128993,"i=27,j=28"
2297,12.754795482446728,52.42009239692213,0.3892521344252273,"i=27,j=29"
2298,12.75494241515457,52.42009518807972,0.7318167112567633,"i=27,j=30"
2299,12.755089347886473,52.42009797905483,0.8695694907087086,"i=27,j=31"
2300,12.75523628064244,52.42010076984747,0.8785117669453587,"i=27,j=32"
2301,12.755383213422467,52.420103560457655,0.7545387889358177,"i=27,j=33"
2302,12.755530146226553,52.420106350885355,0.40269591201673693,"i=27,j=34"
2303,12.7556770790547,52.42010914113058,0.33439189570803696,"i=27,j=35"
2304,12.755824011906897,52.42011193119335,0.5315154285769563,"i=27,j=36"
2305,12.75597094478315,52.420114721073645,0.3910086850056218,"i=27,j=37"
2306,12.756117877683458,52.420117510771455,0.6954830117225907,"i=27,j=38"
2307,12.756264810607817,52.420120300286804,0.0706962677094144,"i=27,j=39"
2308,12.756411743556223,52.42012308961967,0.16270268018993006,"i=27,j=40"
2309,12.756558676528678,52.42012587877009,0.3747207361833387,"i=27,j=41"
2310,12.756705609525179,52.42012866773801,0.7393078870084452,"i=27,j=42"
2311,12.756852542545726,52.42013145652347,0.40814115559774333,"i=27,j=43"
2312,12.756999475590318,52.42013424512646,0.1336675009984576,"i=27,j=44"
2313,12.757146408658947,52.42013703354698,0.3442437423543774,"i=27,j=45"
2314,12.75729334175162,52.42013982178502,0.7807051085584039,"i=27,j=46"
2315,12.75744027486833,52.42014260984059,0.6014193252003349,"i=27,j=47"
2316,12.757587208009076,52.42014539771369,0.901276615235162,"i=27,j=48"
2317,12.75773414117386,52.420148185404315,0.18517052978976145,"i=27,j=49"
2318,12.757881074362675,52.420150972912474,0.4522797562090035,"i=27,j=50"
2319,12.758028007575525,52.42015376023816,0.9828079130042683,"i=27,j=51"
2320,12.758174940812404,52.42015654738137,0.5400128026828176,"i=27,j=52"
2321,12.758321874073314,52.4201593343421,0.9496964556680035,"i=27,j=53"
2322,12.75846880735825,52.420162121120384,0.14179620378931634,"i=27,j=54"
2323,12.758615740667214,52.42016490771617,0.20565094084922686,"i=27,j=55"
2324,12.758762674000199,52.42016769412949,0.5119866045593463,"i=27,j=56"
2325,12.758909607357209,52.42017048036034,0.4804464217893393,"i=27,j=57"
2326,12.759056540738241,52.42017326640871,0.38538928439443476,"i=27,j=58"
2327,12.759203474143291,52.42017605227461,0.29843149382016265,"i=27,j=59"
2328,12.759350407572361,52.42017883795805,0.3770425587288644,"i=27,j=60"
2329,12.759497341025446,52.42018162345901,0.9645769720908217,"i=27,j=61"
2330,12.759644274502547,52.42018440877749,0.5757357911908519,"i=27,j=62"
2331,12.75979120800366,52.42018719391349,0.7542685665670686,"i=27,j=63"
2332,12.759938141528787,52.420189978867036,0.18394509673408221,"i=27,j=64"
2333,12.760085075077923,52.420192763638106,0.2933063351120201,"i=27,j=65"
2334,12.76023200865107,52.42019554822669,0.9813881550384352,"i=27,j=66"
2335,12.760378942248222,52.42019833263281,0.9805012523157862,"i=27,j=67"
2336,12.76052587586938,52.42020111685645,0.5099881423134507,"i=27,j=68"
2337,12.760672809514542,52.42020390089762,0.9173132991244846,"i=27,j=69"
2338,12.760819743183708,52.420206684756316,0.5805586029516577,"i=27,j=70"
2339,12.760966676876873,52.420209468432546,0.15979219611897544,"i=27,j=71"
2340,12.761113610594037,52.42021225192629,0.6118728685384006,"i=27,j=72"
2341,12.761260544335201,52.42021503523756,0.43990872915324586,"i=27,j=73"
2342,12.76140747810036,52.420217818366375,0.2802658536725441,"i=27,j=74"
2343,12.761554411889513,52.42022060131269,0.8242619039835303,"i=27,j=75"
2344,12.76170134570266,52.42022338407655,0.6160090026817139,"i=27,j=76"
2345,12.7618482795398,52.42022616665793,0.4705437942728349,"i=27,j=77"
2346,12.761995213400928,52.420228949056835,0.9588925622004417,"i=27,j=78"
2347,12.762142147286044,52.42023173127327,0.32963974701687093,"i=27,j=79"
2348,12.762289081195147,52.42023451330723,0.884966027199948,"i=27,j=80"
2349,12.762436015128237,52.420237295158714,0.9966864186007929,"i=27,j=81"
2350,12.76258294908531,52.42024007682772,0.8488207686553544,"i=27,j=82"
2351,12.762729883066365,52.420242858314246,0.21194296403385926,"i=27,j=83"
2352,12.750539018398142,52.419921540171465,0.9814736814825396,"i=28,j=0"
2353,12.750685950109302,52.41992433661167,0.5342063662209834,"i=28,j=1"
2354,12.75083288184457,52.419927132869404,0.7169777075765211,"i=28,j=2"
2355,12.750979813603946,52.41992992894466,0.6402767665799256,"i=28,j=3"
2356,12.751126745387428,52.41993272483746,0.15436581842128883,"i=28,j=4"
2357,12.751273677195014,52.41993552054778,0.6475345520687179,"i=28,j=5"
2358,12.751420609026702,52.41993831607564,0.37648745270651085,"i=28,j=6"
2359,12.751567540882492,52.419941111421025,0.9697626386070615,"i=28,j=7"
2360,12.75171447276238,52.419943906583946,0.6020799829457977,"i=28,j=8"
2361,12.751861404666368,52.41994670156439,0.9889898129834728,"i=28,j=9"
2362,12.75200833659445,52.41994949636238,0.17761365026275755,"i=28,j=10"
2363,12.752155268546629,52.41995229097789,0.5743627361304018,"i=28,j=11"
2364,12.752302200522902,52.41995508541093,0.3631713710149632,"i=28,j=12"
2365,12.752449132523264,52.41995787966152,0.024055432675213373,"i=28,j=13"
2366,12.752596064547719,52.41996067372961,0.4052546879034211,"i=28,j=14"
2367,12.75274299659626,52.419963467615254,0.3879690405678752,"i=28,j=15"
2368,12.75288992866889,52.41996626131842,0.17170755746515565,"i=28,j=16"
2369,12.753036860765604,52.41996905483912,0.7257659944329365,"i=28,j=17"
2370,12.753183792886404,52.41997184817735,0.7678230982978371,"i=28,j=18"
2371,12.753330725031285,52.419974641333106,0.15776203890438234,"i=28,j=19"
2372,12.753477657200246,52.419977434306396,0.7519975175534652,"i=28,j=20"
2373,12.753624589393286,52.41998022709721,0.7903989992338383,"i=28,j=21"
2374,12.753771521610405,52.41998301970556,0.6919890644347537,"i=28,j=22"
2375,12.753918453851599,52.41998581213144,0.5770281945672651,"i=28,j=23"
2376,12.754065386116867,52.41998860437484,0.7506351067571225,"i=28,j=24"
2377,12.75421231840621,52.4199913964358,0.4205626141922929,"i=28,j=25"
2378,12.754359250719622,52.41999418831427,0.12201989060297758,"i=28,j=26"
2379,12.754506183057106,52.41999698001026,0.12961238159258648,"i=28,j=27"
2380,12.754653115418657,52.41999977152379,0.18506703756070586,"i=28,j=28"
2381,12.754800047804274,52.42000256285486,0.9433529473507924,"i=28,j=29"
2382,12.754946980213958,52.42000535400344,0.2546166804052108,"i=28,j=30"
2383,12.755093912647704,52.42000814496957,0.13941161711084804,"i=28,j=31"
2384,12.755240845105511,52.42001093575321,0.2548682645967497,"i=28,j=32"
2385,12.755387777587382,52.42001372635439,0.9475093362860302,"i=28,j=33"
2386,12.755534710093308,52.4200165167731,0.14384491640509312,"i=28,j=34"
2387,12.755681642623292,52.42001930700933,0.6591402991092413,"i=28,j=35"
2388,12.755828575177333,52.4200220970631,0.658856087114623,"i=28,j=36"
2389,12.755975507755426,52.42002488693439,0.46051533331277694,"i=28,j=37"
2390,12.756122440357574,52.420027676623214,0.4929369521591572,"i=28,j=38"
2391,12.756269372983772,52.42003046612958,0.7674572533573997,"i=28,j=39"
2392,12.75641630563402,52.420033255453454,0.24027434134549253,"i=28,j=40"
2393,12.756563238308313,52.420036044594866,0.15229512901730335,"i=28,j=41"
2394,12.756710171006656,52.42003883355382,0.7075116257202723,"i=28,j=42"
2395,12.756857103729043,52.42004162233029,0.8895499495728988,"i=28,j=43"
2396,12.75700403647547,52.42004441092427,0.5169389143641621,"i=28,j=44"
2397,12.757150969245941,52.420047199335805,0.9006008283252567,"i=28,j=45"
2398,12.757297902040452,52.42004998756486,0.14009041891227225,"i=28,j=46"
2399,12.757444834859001,52.42005277561145,0.6291634219333225,"i=28,j=47"
2400,12.757591767701587,52.420055563475564,0.40253377901099086,"i=28,j=48"
2401,12.757738700568206,52.42005835115721,0.5101026601094361,"i=28,j=49"
2402,12.757885633458862,52.42006113865638,0.49206851041354327,"i=28,j=50"
2403,12.75803256637355,52.420063925973075,0.7669686899311947,"i=28,j=51"
2404,12.758179499312268,52.4200667131073,0.9391528917491946,"i=28,j=52"
2405,12.758326432275013,52.42006950005906,0.12933501892306176,"i=28,j=53"
2406,12.758473365261787,52.42007228682833,0.7390483691328827,"i=28,j=54"
2407,12.758620298272588,52.42007507341515,0.5901057009249194,"i=28,j=55"
2408,12.758767231307413,52.420077859819486,0.3982958594538665,"i=28,j=56"
2409,12.758914164366258,52.42008064604136,0.5965093581868668,"i=28,j=57"
2410,12.759061097449127,52.42008343208074,0.17248921758996405,"i=28,j=58"
2411,12.759208030556014,52.420086217937666,0.001599415567861917,"i=28,j=59"
2412,12.759354963686919,52.42008900361212,0.14186876633132672,"i=28,j=60"
2413,12.759501896841844,52.4200917891041,0.5557950061499574,"i=28,j=61"
2414,12.759648830020778,52.4200945744136,0.4922457122633539,"i=28,j=62"
2415,12.759795763223728,52.420097359540634,0.7038626985685467,"i=28,j=63"
2416,12.759942696450691,52.42010014448519,0.09983026910849846,"i=28,j=64"
2417,12.760089629701664,52.42010292924728,0.3495781742422691,"i=28,j=65"
2418,12.760236562976644,52.42010571382689,0.13044869797384806,"i=28,j=66"
2419,12.760383496275631,52.42010849822403,0.13306645027801922,"i=28,j=67"
2420,12.760530429598626,52.4201112824387,0.6465731118745635,"i=28,j=68"
2421,12.760677362945623,52.4201140664709,0.9834523519195134,"i=28,j=69"
2422,12.76082429631662,52.420116850320625,0.20409852195611045,"i=28,j=70"
2423,12.760971229711624,52.420119633987866,0.6243888524169247,"i=28,j=71"
2424,12.761118163130622,52.42012241747264,0.23496208714271827,"i=28,j=72"
2425,12.76126509657362,52.42012520077495,0.6253547722372516,"i=28,j=73"
2426,12.761412030040614,52.42012798389478,0.6926710379687743,"i=28,j=74"
2427,12.761558963531602,52.420130766832145,0.712301523696353,"i=28,j=75"
2428,12.761705897046582,52.42013354958702,0.12568231414610676,"i=28,j=76"
2429,12.761852830585553,52.42013633215944,0.6656120157470474,"i=28,j=77"
2430,12.761999764148516,52.420139114549364,0.01441587934887345,"i=28,j=78"
2431,12.762146697735465,52.42014189675683,0.6317147290598197,"i=28,j=79"
2432,12.762293631346402,52.42014467878182,0.22789061682110312,"i=28,j=80"
2433,12.762440564981326,52.420147460624335,0.8350893230111828,"i=28,j=81"
2434,12.762587498640231,52.42015024228438,0.8426322691882709,"i=28,j=82"
2435,12.76273443232312,52.42015302376194,0.819695257387386,"i=28,j=83"
2436,12.750543592378099,52.41983170636373,0.18457839561007505,"i=29,j=0"
2437,12.750690523791105,52.41983450279491,0.47098701821238087,"i=29,j=1"
2438,12.750837455228222,52.419837299043635,0.46769257794200025,"i=29,j=2"
2439,12.750984386689446,52.41984009510988,0.32491851951148265,"i=29,j=3"
2440,12.751131318174775,52.41984289099366,0.38264216002636064,"i=29,j=4"
2441,12.751278249684209,52.41984568669498,0.683141150710355,"i=29,j=5"
2442,12.751425181217742,52.419848482213816,0.6649299686728481,"i=29,j=6"
2443,12.75157211277538,52.4198512775502,0.8683989973429971,"i=29,j=7"
2444,12.751719044357117,52.419854072704105,0.562517604588054,"i=29,j=8"
2445,12.75186597596295,52.41985686767554,0.8477541813737567,"i=29,j=9"
2446,12.75201290759288,52.419859662464525,0.041923442563219115,"i=29,j=10"
2447,12.752159839246906,52.41986245707102,0.7706057178795638,"i=29,j=11"
2448,12.752306770925022,52.41986525149506,0.5401500046826164,"i=29,j=12"
2449,12.752453702627234,52.41986804573663,0.9298850814964771,"i=29,j=13"
2450,12.752600634353533,52.41987083979573,0.6840255197497717,"i=29,j=14"
2451,12.75274756610392,52.41987363367236,0.422792720816605,"i=29,j=15"
2452,12.752894497878396,52.41987642736652,0.1368508846114399,"i=29,j=16"
2453,12.753041429676955,52.41987922087821,0.9952286315527015,"i=29,j=17"
2454,12.7531883614996,52.41988201420743,0.40594596828919616,"i=29,j=18"
2455,12.753335293346325,52.41988480735418,0.5684014379500165,"i=29,j=19"
2456,12.753482225217132,52.41988760031847,0.41413987573324496,"i=29,j=20"
2457,12.753629157112016,52.419890393100296,0.4215159146748999,"i=29,j=21"
2458,12.75377608903098,52.419893185699635,0.24846123795886255,"i=29,j=22"
2459,12.75392302097402,52.41989597811651,0.044932311411085335,"i=29,j=23"
2460,12.754069952941132,52.41989877035092,0.74737550466659,"i=29,j=24"
2461,12.754216884932317,52.41990156240286,0.40105226548216766,"i=29,j=25"
2462,12.754363816947574,52.41990435427233,0.3452380801448178,"i=29,j=26"
2463,12.754510748986903,52.419907145959336,0.8499118370493873,"i=29,j=27"
2464,12.754657681050297,52.41990993746387,0.6226933664371593,"i=29,j=28"
2465,12.754804613137757,52.41991272878593,0.938015745574624,"i=29,j=29"
2466,12.754951545249282,52.41991551992552,0.06295781036052173,"i=29,j=30"
2467,12.755098477384873,52.419918310882636,0.07328015836721913,"i=29,j=31"
2468,12.755245409544523,52.419921101657295,0.8749181352099634,"i=29,j=32"
2469,12.755392341728234,52.41992389224947,0.3684417721254183,"i=29,j=33"
2470,12.755539273936005,52.41992668265918,0.20476234084090839,"i=29,j=34"
2471,12.75568620616783,52.41992947288644,0.6992283494297902,"i=29,j=35"
2472,12.755833138423712,52.419932262931205,0.0015787911957213518,"i=29,j=36"
2473,12.75598007070365,52.4199350527935,0.1422108440562,"i=29,j=37"
2474,12.75612700300764,52.41993784247333,0.31627503710779525,"i=29,j=38"
2475,12.756273935335678,52.419940631970704,0.7458171595251308,"i=29,j=39"
2476,12.756420867687767,52.41994342128559,0.9968864515598912,"i=29,j=40"
2477,12.756567800063904,52.41994621041801,0.3022634536470723,"i=29,j=41"
2478,12.756714732464086,52.41994899936797,0.7875920509381387,"i=29,j=42"
2479,12.756861664888312,52.41995178813544,0.9811282075841784,"i=29,j=43"
2480,12.757008597336585,52.41995457672046,0.8412095030238523,"i=29,j=44"
2481,12.757155529808895,52.419957365123,0.03144570467710284,"i=29,j=45"
2482,12.757302462305246,52.419960153343055,0.08129048406065598,"i=29,j=46"
2483,12.757449394825633,52.41996294138067,0.5553296302103324,"i=29,j=47"
2484,12.757596327370061,52.419965729235784,0.6784743376059358,"i=29,j=48"
2485,12.75774325993852,52.41996851690845,0.128490170272611,"i=29,j=49"
2486,12.757890192531017,52.41997130439863,0.4221613946303848,"i=29,j=50"
2487,12.758037125147544,52.419974091706344,0.6661559786768666,"i=29,j=51"
2488,12.7581840577881,52.41997687883158,0.7838930759808225,"i=29,j=52"
2489,12.758330990452686,52.41997966577435,0.8545250980088502,"i=29,j=53"
2490,12.7584779231413,52.41998245253465,0.654139561559799,"i=29,j=54"
2491,12.758624855853938,52.41998523911247,0.6234667891787323,"i=29,j=55"
2492,12.7587717885906,52.419988025507834,0.21566703754053917,"i=29,j=56"
2493,12.758918721351286,52.419990811720716,0.20280607508886417,"i=29,j=57"
2494,12.759065654135993,52.41999359775112,0.9527682262832554,"i=29,j=58"
2495,12.759212586944718,52.41999638359906,0.8199699462197262,"i=29,j=59"
2496,12.759359519777462,52.419999169264536,0.15577630743158621,"i=29,j=60"
2497,12.759506452634222,52.42000195474753,0.8950126181770596,"i=29,j=61"
2498,12.759653385514996,52.420004740048064,0.6345592450408682,"i=29,j=62"
2499,12.759800318419785,52.42000752516612,0.35718540214777716,"i=29,j=63"
2500,12.759947251348585,52.4200103101017,0.3706183348643234,"i=29,j=64"
2501,12.760094184301394,52.4200130948548,0.08851794514319589,"i=29,j=65"
2502,12.760241117278213,52.42001587942545,0.08992095726206595,"i=29,j=66"
2503,12.760388050279039,52.420018663813615,0.8713963588082266,"i=29,j=67"
2504,12.760534983303868,52.42002144801931,0.33800057807966377,"i=29,j=68"
2505,12.7606819163527,52.42002423204253,0.3098216396320207,"i=29,j=69"
2506,12.760828849425538,52.42002701588327,0.33081787793846273,"i=29,j=70"
2507,12.760975782522374,52.42002979954155,0.4387288896697872,"i=29,j=71"
2508,12.76112271564321,52.42003258301735,0.6061278523026732,"i=29,j=72"
2509,12.761269648788042,52.420035366310685,0.6373068621251536,"i=29,j=73"
2510,12.76141658195687,52.42003814942155,0.9915903696665356,"i=29,j=74"
2511,12.761563515149694,52.42004093234993,0.7765729504632223,"i=29,j=75"
2512,12.761710448366513,52.420043715095844,0.6623758869561721,"i=29,j=76"
2513,12.761857381607319,52.420046497659285,0.7655134810927917,"i=29,j=77"
2514,12.762004314872117,52.42004928004025,0.1420963815557853,"i=29,j=78"
2515,12.762151248160901,52.42005206223873,0.2471018080275933,"i=29,j=79"
2516,12.762298181473673,52.42005484425476,0.7710094070585837,"i=29,j=80"
2517,12.76244511481043,52.42005762608831,0.7792691814916295,"i=29,j=81"
2518,12.76259204817117,52.420060407739385,0.3651722188457023,"i=29,j=82"
2519,12.762738981555891,52.42006318920799,0.7795401747124199,"i=29,j=83"
2520,12.750548166333944,52.419741872554326,0.5470975848776428,"i=30,j=0"
2521,12.750695097448801,52.4197446689765,0.11612435929469977,"i=30,j=1"
2522,12.750842028587767,52.419747465216204,0.5934155785841738,"i=30,j=2"
2523,12.75098895975084,52.41975026127344,0.03749859016042556,"i=30,j=3"
2524,12.751135890938018,52.4197530571482,0.3655165456738899,"i=30,j=4"
2525,12.7512828221493,52.41975585284051,0.7717186140175953,"i=30,j=5"
2526,12.751429753384684,52.419758648350346,0.8152860184143187,"i=30,j=6"
2527,12.751576684644169,52.419761443677714,0.4044967067011537,"i=30,j=7"
2528,12.751723615927755,52.41976423882261,0.3890674315717909,"i=30,j=8"
2529,12.751870547235438,52.419767033785035,0.08997373552094867,"i=30,j=9"
2530,12.752017478567215,52.419769828565,0.578202645196671,"i=30,j=10"
2531,12.752164409923088,52.4197726231625,0.5498879292973778,"i=30,j=11"
2532,12.752311341303054,52.41977541757751,0.5310964410284683,"i=30,j=12"
2533,12.752458272707111,52.41977821181008,0.7160795283817172,"i=30,j=13"
2534,12.752605204135257,52.41978100586018,0.8229115166572151,"i=30,j=14"
2535,12.752752135587492,52.4197837997278,0.6809637128105325,"i=30,j=15"
2536,12.752899067063815,52.41978659341296,0.7465329435854319,"i=30,j=16"
2537,12.753045998564222,52.419789386915646,0.7241061547168529,"i=30,j=17"
2538,12.753192930088712,52.41979218023586,0.8375804557874889,"i=30,j=18"
2539,12.753339861637285,52.41979497337361,0.5258677698575682,"i=30,j=19"
2540,12.75348679320994,52.41979776632889,0.509719362104034,"i=30,j=20"
2541,12.75363372480667,52.41980055910171,0.016566603002038938,"i=30,j=21"
2542,12.75378065642748,52.419803351692046,0.7174012320180105,"i=30,j=22"
2543,12.753927588072365,52.41980614409993,0.9939939771938345,"i=30,j=23"
2544,12.754074519741323,52.41980893632534,0.3970670451938102,"i=30,j=24"
2545,12.754221451434354,52.41981172836828,0.5803620391938554,"i=30,j=25"
2546,12.754368383151457,52.41981452022874,0.5977534687476529,"i=30,j=26"
2547,12.754515314892627,52.41981731190675,0.05359042857350349,"i=30,j=27"
2548,12.754662246657869,52.41982010340229,0.7442155690904605,"i=30,j=28"
2549,12.754809178447173,52.41982289471534,0.3697257266658479,"i=30,j=29"
2550,12.754956110260546,52.41982568584595,0.5316954369267518,"i=30,j=30"
2551,12.75510304209798,52.41982847679406,0.48083826562334453,"i=30,j=31"
2552,12.755249973959474,52.419831267559715,0.17429915563600962,"i=30,j=32"
2553,12.75539690584503,52.41983405814291,0.45809738384743115,"i=30,j=33"
2554,12.755543837754644,52.419836848543625,0.13247788266231564,"i=30,j=34"
2555,12.755690769688314,52.41983963876187,0.653544500366245,"i=30,j=35"
2556,12.755837701646042,52.419842428797644,0.5143412805582098,"i=30,j=36"
2557,12.75598463362782,52.419845218650956,0.21828261972636576,"i=30,j=37"
2558,12.756131565633654,52.41984800832179,0.8931061148293662,"i=30,j=38"
2559,12.756278497663535,52.41985079781016,0.8662143016695092,"i=30,j=39"
2560,12.756425429717467,52.419853587116066,0.6411442350046144,"i=30,j=40"
2561,12.756572361795447,52.4198563762395,0.12675684846078517,"i=30,j=41"
2562,12.756719293897472,52.419859165180455,0.7954032947218778,"i=30,j=42"
2563,12.756866226023542,52.41986195393895,0.8820609453540298,"i=30,j=43"
2564,12.757013158173654,52.41986474251497,0.0018955785332170905,"i=30,j=44"
2565,12.757160090347808,52.41986753090852,0.6865730373857143,"i=30,j=45"
2566,12.757307022546,52.4198703191196,0.6465588238489323,"i=30,j=46"
2567,12.757453954768232,52.41987310714821,0.18213119004897937,"i=30,j=47"
2568,12.757600887014501,52.41987589499434,0.6579956462256246,"i=30,j=48"
2569,12.757747819284802,52.41987868265802,0.4983960253864813,"i=30,j=49"
2570,12.757894751579139,52.41988147013922,0.42173208741500956,"i=30,j=50"
2571,12.758041683897506,52.41988425743795,0.9667767553672569,"i=30,j=51"
2572,12.758188616239906,52.419887044554194,0.3851943188771606,"i=30,j=52"
2573,12.75833554860633,52.419889831487986,0.036471903761096436,"i=30,j=53"
2574,12.758482480996785,52.41989261823931,0.9611756792734554,"i=30,j=54"
2575,12.758629413411265,52.41989540480814,0.1769527415845692,"i=30,j=55"
2576,12.758776345849768,52.41989819119452,0.26891845932936065,"i=30,j=56"
2577,12.758923278312292,52.41990097739842,0.5726852721314932,"i=30,j=57"
2578,12.759070210798841,52.419903763419846,0.9158582271935947,"i=30,j=58"
2579,12.759217143309407,52.41990654925881,0.3828794648473278,"i=30,j=59"
2580,12.75936407584399,52.4199093349153,0.08321590104861842,"i=30,j=60"
2581,12.759511008402589,52.41991212038933,0.30005257545157227,"i=30,j=61"
2582,12.759657940985203,52.41991490568087,0.07685163476324852,"i=30,j=62"
2583,12.759804873591829,52.419917690789944,0.9375870192937753,"i=30,j=63"
2584,12.759951806222467,52.419920475716545,0.9756442068115595,"i=30,j=64"
2585,12.760098738877117,52.41992326046068,0.05109378193182901,"i=30,j=65"
2586,12.760245671555774,52.41992604502234,0.8568429488626345,"i=30,j=66"
2587,12.760392604258437,52.41992882940153,0.9056232912457071,"i=30,j=67"
2588,12.760539536985107,52.41993161359825,0.7120400863012945,"i=30,j=68"
2589,12.760686469735779,52.4199343976125,0.1296784311781659,"i=30,j=69"
2590,12.760833402510452,52.419937181444276,0.37312921664838594,"i=30,j=70"
2591,12.760980335309126,52.41993996509358,0.6861617915957691,"i=30,j=71"
2592,12.7611272681318,52.4199427485604,0.6117481547855059,"i=30,j=72"
2593,12.76127420097847,52.41994553184477,0.07028787707818518,"i=30,j=73"
2594,12.761421133849137,52.41994831494665,0.0028964971623043345,"i=30,j=74"
2595,12.761568066743799,52.41995109786607,0.729942529999987,"i=30,j=75"
2596,12.76171499966245,52.419953880603,0.6525870292702782,"i=30,j=76"
2597,12.761861932605093,52.41995666315748,0.6399270202783779,"i=30,j=77"
2598,12.762008865571728,52.419959445529464,0.31477699659396907,"i=30,j=78"
2599,12.76215579856235,52.419962227719,0.4841381455997359,"i=30,j=79"
2600,12.762302731576959,52.41996500972605,0.5292194622702281,"i=30,j=80"
2601,12.76244966461555,52.419967791550626,0.2676806443612263,"i=30,j=81"
2602,12.762596597678128,52.41997057319274,0.6949076953564451,"i=30,j=82"
2603,12.762743530764686,52.41997335465237,0.185673263058037,"i=30,j=83"
2604,12.750552740265679,52.41965203874328,0.9785059080823137,"i=31,j=0"
2605,12.750699671082387,52.419654835156436,0.5567293511073396,"i=31,j=1"
2606,12.750846601923204,52.41965763138712,0.5619300929213806,"i=31,j=2"
2607,12.750993532788128,52.419660427435346,0.8646432945331515,"i=31,j=3"
2608,12.751140463677158,52.4196632233011,0.8428043641046158,"i=31,j=4"
2609,12.751287394590289,52.41966601898439,0.7735131230361237,"i=31,j=5"
2610,12.751434325527525,52.41966881448521,0.20240201869165897,"i=31,j=6"
2611,12.75158125648886,52.41967160980357,0.18826973855604867,"i=31,j=7"
2612,12.751728187474297,52.41967440493946,0.6197884536872919,"i=31,j=8"
2613,12.751875118483827,52.41967719989288,0.1415431191814016,"i=31,j=9"
2614,12.752022049517455,52.41967999466383,0.52269025706557,"i=31,j=10"
2615,12.752168980575178,52.41968278925231,0.1551115911167953,"i=31,j=11"
2616,12.752315911656993,52.41968558365834,0.1966789560979677,"i=31,j=12"
2617,12.752462842762899,52.41968837788189,0.25935132396310245,"i=31,j=13"
2618,12.752609773892896,52.41969117192297,0.32200667039639175,"i=31,j=14"
2619,12.752756705046979,52.41969396578159,0.9119599603673041,"i=31,j=15"
2620,12.75290363622515,52.419696759457736,0.19262739410194418,"i=31,j=16"
2621,12.753050567427406,52.41969955295142,0.2815470611980031,"i=31,j=17"
2622,12.753197498653744,52.41970234626264,0.4172089857501903,"i=31,j=18"
2623,12.753344429904166,52.41970513939138,0.8094750729152251,"i=31,j=19"
2624,12.753491361178666,52.41970793233766,0.5151285866952747,"i=31,j=20"
2625,12.753638292477246,52.41971072510147,0.8519650121965964,"i=31,j=21"
2626,12.753785223799902,52.419713517682816,0.21966680785480663,"i=31,j=22"
2627,12.753932155146634,52.41971631008169,0.7343974571130089,"i=31,j=23"
2628,12.754079086517441,52.419719102298096,0.19586805947341523,"i=31,j=24"
2629,12.75422601791232,52.41972189433204,0.6245817137124722,"i=31,j=25"
2630,12.75437294933127,52.41972468618351,0.6072459003239914,"i=31,j=26"
2631,12.754519880774287,52.419727477852504,0.25929464009340797,"i=31,j=27"
2632,12.754666812241375,52.41973026933905,0.7927026604988452,"i=31,j=28"
2633,12.754813743732527,52.419733060643104,0.4824642969891658,"i=31,j=29"
2634,12.754960675247744,52.419735851764706,0.30110232412858495,"i=31,j=30"
2635,12.755107606787023,52.419738642703834,0.2212195451821416,"i=31,j=31"
2636,12.755254538350364,52.4197414334605,0.9433831356145387,"i=31,j=32"
2637,12.755401469937766,52.41974422403468,0.20329528837800714,"i=31,j=33"
2638,12.755548401549227,52.419747014426406,0.8619577278299796,"i=31,j=34"
2639,12.755695333184741,52.419749804635664,0.0144393425525291,"i=31,j=35"
2640,12.755842264844315,52.41975259466245,0.5680912934605197,"i=31,j=36"
2641,12.75598919652794,52.419755384506765,0.7799779753387192,"i=31,j=37"
2642,12.756136128235616,52.41975817416861,0.4073023858898912,"i=31,j=38"
2643,12.756283059967345,52.41976096364798,0.20895069218713713,"i=31,j=39"
2644,12.75642999172312,52.419763752944895,0.23864000126526408,"i=31,j=40"
2645,12.756576923502944,52.41976654205933,0.2973246528575155,"i=31,j=41"
2646,12.756723855306813,52.41976933099131,0.01584906492412641,"i=31,j=42"
2647,12.756870787134728,52.4197721197408,0.05643559110225527,"i=31,j=43"
2648,12.757017718986685,52.419774908307836,0.9017419221213004,"i=31,j=44"
2649,12.757164650862682,52.41977769669239,0.6246129338495202,"i=31,j=45"
2650,12.757311582762718,52.419780484894474,0.4430261518176548,"i=31,j=46"
2651,12.757458514686792,52.4197832729141,0.24147031885768444,"i=31,j=47"
2652,12.757605446634903,52.419786060751264,0.058977913686360295,"i=31,j=48"
2653,12.757752378607048,52.41978884840594,0.6380683297469956,"i=31,j=49"
2654,12.757899310603229,52.419791635878155,0.8920706051552633,"i=31,j=50"
2655,12.75804624262344,52.41979442316789,0.12856650492908583,"i=31,j=51"
2656,12.75819317466768,52.41979721027517,0.9509219549460922,"i=31,j=52"
2657,12.758340106735949,52.419799997199966,0.10247640888188236,"i=31,j=53"
2658,12.758487038828244,52.4198027839423,0.13591019419654082,"i=31,j=54"
2659,12.758633970944567,52.41980557050217,0.6042166837133914,"i=31,j=55"
2660,12.758780903084912,52.41980835687955,0.16095936689482793,"i=31,j=56"
2661,12.758927835249278,52.41981114307448,0.5709750037180696,"i=31,j=57"
2662,12.759074767437667,52.41981392908693,0.4057011280002376,"i=31,j=58"
2663,12.759221699650075,52.419816714916905,0.5981398716268894,"i=31,j=59"
2664,12.7593686318865,52.41981950056441,0.11062078661012109,"i=31,j=60"
2665,12.75951556414694,52.41982228602945,0.8779002440467318,"i=31,j=61"
2666,12.759662496431394,52.41982507131202,0.20204239046553352,"i=31,j=62"
2667,12.759809428739862,52.41982785641213,0.02764959736860295,"i=31,j=63"
2668,12.759956361072343,52.41983064132975,0.8732072025400434,"i=31,j=64"
2669,12.76010329342883,52.419833426064905,0.9071288346040967,"i=31,j=65"
2670,12.760250225809328,52.41983621061759,0.26546292127171867,"i=31,j=66"
2671,12.760397158213832,52.419838994987806,0.5727042214821064,"i=31,j=67"
2672,12.760544090642341,52.41984177917555,0.09570752134888993,"i=31,j=68"
2673,12.760691023094852,52.41984456318082,0.15385080221909297,"i=31,j=69"
2674,12.760837955571365,52.41984734700361,0.9712766551660047,"i=31,j=70"
2675,12.76098488807188,52.41985013064395,0.08779960060193559,"i=31,j=71"
2676,12.761131820596392,52.41985291410181,0.27216517801506745,"i=31,j=72"
2677,12.761278753144904,52.419855697377194,0.924611519560634,"i=31,j=73"
2678,12.761425685717409,52.419858480470104,0.39098044860846937,"i=31,j=74"
2679,12.761572618313906,52.41986126338055,0.011262512917765255,"i=31,j=75"
2680,12.761719550934398,52.41986404610853,0.7616552388878826,"i=31,j=76"
2681,12.761866483578881,52.41986682865402,0.7622991343170422,"i=31,j=77"
2682,12.762013416247353,52.419869611017056,0.48057254965579765,"i=31,j=78"
2683,12.762160348939812,52.41987239319761,0.3598791249453124,"i=31,j=79"
2684,12.762307281656259,52.419875175195685,0.20318781361614668,"i=31,j=80"
2685,12.762454214396689,52.41987795701131,0.5983643107497123,"i=31,j=81"
2686,12.762601147161103,52.41988073864445,0.610090421675639,"i=31,j=82"
2687,12.762748079949498,52.419883520095105,0.06852431061678188,"i=31,j=83"
2688,12.750557314173305,52.41956220493058,0.2294571725486304,"i=32,j=0"
2689,12.750704244691866,52.41956500133471,0.8482344578093147,"i=32,j=1"
2690,12.750851175234535,52.41956779755639,0.1396597902972252,"i=32,j=2"
2691,12.750998105801312,52.4195705935956,0.07083658575666474,"i=32,j=3"
2692,12.751145036392193,52.419573389452346,0.3700859737020413,"i=32,j=4"
2693,12.751291967007177,52.41957618512662,0.3336247772797092,"i=32,j=5"
2694,12.751438897646265,52.41957898061843,0.026741785801138285,"i=32,j=6"
2695,12.751585828309452,52.419581775927774,0.10057593120378139,"i=32,j=7"
2696,12.75173275899674,52.419584571054656,0.6392828537055445,"i=32,j=8"
2697,12.751879689708122,52.419587365999064,0.8987775648466001,"i=32,j=9"
2698,12.752026620443601,52.41959016076101,0.3051449755981225,"i=32,j=10"
2699,12.752173551203173,52.419592955340484,0.2601531636485671,"i=32,j=11"
2700,12.75232048198684,52.4195957497375,0.022669524463696744,"i=32,j=12"
2701,12.752467412794598,52.41959854395205,0.534428540226377,"i=32,j=13"
2702,12.752614343626446,52.41960133798412,0.3232026956788995,"i=32,j=14"
2703,12.75276127448238,52.41960413183373,0.48305055497625615,"i=32,j=15"
2704,12.752908205362399,52.41960692550088,0.9118665381692627,"i=32,j=16"
2705,12.753055136266507,52.419609718985555,0.6062950561552902,"i=32,j=17"
2706,12.753202067194694,52.41961251228777,0.061933085352840256,"i=32,j=18"
2707,12.753348998146965,52.41961530540751,0.2721898874208126,"i=32,j=19"
2708,12.753495929123316,52.41961809834478,0.8346261677721766,"i=32,j=20"
2709,12.753642860123746,52.41962089109959,0.10979628021583365,"i=32,j=21"
2710,12.753789791148252,52.41962368367193,0.8489430190242065,"i=32,j=22"
2711,12.75393672219683,52.41962647606181,0.23133811731398457,"i=32,j=23"
2712,12.754083653269486,52.419629268269205,0.7056431283183905,"i=32,j=24"
2713,12.754230584366214,52.41963206029415,0.5775209253452901,"i=32,j=25"
2714,12.754377515487011,52.41963485213662,0.5215889155776562,"i=32,j=26"
2715,12.75452444663188,52.419637643796634,0.6330060726152963,"i=32,j=27"
2716,12.754671377800815,52.41964043527416,0.4470319953815266,"i=32,j=28"
2717,12.754818308993814,52.41964322656923,0.5767978864074701,"i=32,j=29"
2718,12.75496524021088,52.419646017681835,0.8607335715298675,"i=32,j=30"
2719,12.755112171452007,52.41964880861196,0.3231764177077243,"i=32,j=31"
2720,12.755259102717197,52.41965159935963,0.06997135467701476,"i=32,j=32"
2721,12.755406034006445,52.419654389924816,0.42105042443921636,"i=32,j=33"
2722,12.755552965319751,52.41965718030754,0.4020656351848628,"i=32,j=34"
2723,12.755699896657116,52.4196599705078,0.6110227205711124,"i=32,j=35"
2724,12.755846828018536,52.41966276052559,0.25436994268049995,"i=32,j=36"
2725,12.755993759404006,52.41966555036091,0.8010677726860196,"i=32,j=37"
2726,12.75614069081353,52.419668340013764,0.9243957487592132,"i=32,j=38"
2727,12.756287622247104,52.41967112948415,0.37884478573498614,"i=32,j=39"
2728,12.756434553704727,52.41967391877207,0.9298328636442952,"i=32,j=40"
2729,12.756581485186397,52.41967670787751,0.865817056737653,"i=32,j=41"
2730,12.75672841669211,52.419679496800505,0.10550247795952838,"i=32,j=42"
2731,12.75687534822187,52.41968228554101,0.15461494353480665,"i=32,j=43"
2732,12.757022279775674,52.41968507409905,0.20642875302713393,"i=32,j=44"
2733,12.757169211353515,52.41968786247462,0.5582038329476156,"i=32,j=45"
2734,12.757316142955398,52.419690650667725,0.4224380584889651,"i=32,j=46"
2735,12.757463074581317,52.41969343867836,0.36220473587720814,"i=32,j=47"
2736,12.757610006231273,52.41969622650652,0.7458361964878935,"i=32,j=48"
2737,12.757756937905263,52.419699014152215,0.6064141512946093,"i=32,j=49"
2738,12.757903869603286,52.419701801615446,0.11795977049504014,"i=32,j=50"
2739,12.758050801325343,52.419704588896195,0.9485465452475845,"i=32,j=51"
2740,12.758197733071427,52.419707375994484,0.9964139979933405,"i=32,j=52"
2741,12.75834466484154,52.4197101629103,0.38501433433350674,"i=32,j=53"
2742,12.75849159663568,52.41971294964366,0.3830471653125582,"i=32,j=54"
2743,12.758638528453845,52.41971573619454,0.7618775685746073,"i=32,j=55"
2744,12.758785460296034,52.41971852256294,0.3205382900615529,"i=32,j=56"
2745,12.758932392162246,52.41972130874888,0.7113837252632199,"i=32,j=57"
2746,12.759079324052475,52.419724094752354,0.3154788350008093,"i=32,j=58"
2747,12.759226255966725,52.41972688057335,0.5179799198618306,"i=32,j=59"
2748,12.759373187904993,52.41972966621189,0.16258243945587192,"i=32,j=60"
2749,12.759520119867277,52.41973245166794,0.6716313945003041,"i=32,j=61"
2750,12.759667051853576,52.41973523694153,0.9966199831360201,"i=32,j=62"
2751,12.759813983863884,52.41973802203266,0.05532395933289991,"i=32,j=63"
2752,12.759960915898207,52.4197408069413,0.21614385224074106,"i=32,j=64"
2753,12.760107847956537,52.41974359166748,0.02543141880649058,"i=32,j=65"
2754,12.760254780038876,52.41974637621119,0.09339867399897395,"i=32,j=66"
2755,12.760401712145221,52.41974916057244,0.7773737296894319,"i=32,j=67"
2756,12.760548644275572,52.41975194475119,0.45928234713034943,"i=32,j=68"
2757,12.760695576429924,52.41975472874749,0.08355864219673748,"i=32,j=69"
2758,12.76084250860828,52.41975751256131,0.4334486895610381,"i=32,j=70"
2759,12.760989440810633,52.41976029619267,0.19043492930492567,"i=32,j=71"
2760,12.761136373036988,52.41976307964156,0.7029862179715902,"i=32,j=72"
2761,12.761283305287337,52.41976586290797,0.10086510571368645,"i=32,j=73"
2762,12.761430237561685,52.419768645991915,0.741507041145152,"i=32,j=74"
2763,12.761577169860022,52.419771428893384,0.6979453607424022,"i=32,j=75"
2764,12.761724102182356,52.4197742116124,0.3975702583687002,"i=32,j=76"
2765,12.761871034528678,52.419776994148926,0.08121690006419002,"i=32,j=77"
2766,12.76201796689899,52.41977977650297,0.8223695136416204,"i=32,j=78"
2767,12.762164899293289,52.41978255867457,0.5781765934779174,"i=32,j=79"
2768,12.762311831711575,52.41978534066368,0.38863032285859,"i=32,j=80"
2769,12.762458764153845,52.41978812247032,0.7788810570994936,"i=32,j=81"
2770,12.762605696620097,52.419790904094505,0.29774162120622394,"i=32,j=82"
2771,12.76275262911033,52.419793685536206,0.7653939996826608,"i=32,j=83"
2772,12.75056188805682,52.41947237111622,0.4393273554318048,"i=33,j=0"
2773,12.750708818277236,52.419475167511344,0.24486906502940542,"i=33,j=1"
2774,12.75085574852176,52.419477963724006,0.9771614996816004,"i=33,j=2"
2775,12.751002678790389,52.41948075975421,0.1956539174616071,"i=33,j=3"
2776,12.751149609083123,52.41948355560193,0.698840123422278,"i=33,j=4"
2777,12.751296539399963,52.4194863512672,0.9911641530413163,"i=33,j=5"
2778,12.751443469740902,52.419489146749996,0.15852250410174573,"i=33,j=6"
2779,12.751590400105943,52.419491942050335,0.5635076512039754,"i=33,j=7"
2780,12.751737330495084,52.4194947371682,0.1872381762454879,"i=33,j=8"
2781,12.75188426090832,52.419497532103605,0.7560300201581217,"i=33,j=9"
2782,12.752031191345653,52.419500326856536,0.7902826923569237,"i=33,j=10"
2783,12.752178121807077,52.41950312142701,0.98022603220711,"i=33,j=11"
2784,12.752325052292598,52.41950591581501,0.07882960198287148,"i=33,j=12"
2785,12.752471982802208,52.41950871002055,0.4853704074289733,"i=33,j=13"
2786,12.752618913335906,52.41951150404362,0.6862866174691126,"i=33,j=14"
2787,12.752765843893693,52.41951429788422,0.7152084762985514,"i=33,j=15"
2788,12.752912774475565,52.41951709154236,0.5923869074428527,"i=33,j=16"
2789,12.753059705081522,52.41951988501803,0.007094552105383567,"i=33,j=17"
2790,12.753206635711562,52.41952267831124,0.2185752890932967,"i=33,j=18"
2791,12.753353566365686,52.419525471421984,0.012568526692090076,"i=33,j=19"
2792,12.753500497043886,52.41952826435024,0.07628606275362093,"i=33,j=20"
2793,12.753647427746166,52.419531057096044,0.42725457715640436,"i=33,j=21"
2794,12.753794358472524,52.419533849659395,0.7122301376763175,"i=33,j=22"
2795,12.753941289222954,52.41953664204026,0.7741933316264777,"i=33,j=23"
2796,12.754088219997461,52.419539434238665,0.39745601997651836,"i=33,j=24"
2797,12.754235150796037,52.419542226254606,0.41630725254126744,"i=33,j=25"
2798,12.754382081618687,52.41954501808809,0.03457059548803387,"i=33,j=26"
2799,12.754529012465403,52.41954780973908,0.09802235982340002,"i=33,j=27"
2800,12.754675943336188,52.419550601207625,0.36226766912305475,"i=33,j=28"
2801,12.754822874231039,52.4195533924937,0.577154509255238,"i=33,j=29"
2802,12.754969805149953,52.41955618359729,0.8561961075115092,"i=33,j=30"
2803,12.75511673609293,52.419558974518424,0.5612246817212252,"i=33,j=31"
2804,12.755263667059968,52.4195617652571,0.04033982513369483,"i=33,j=32"
2805,12.755410598051064,52.41956455581329,0.5728892696821024,"i=33,j=33"
2806,12.755557529066222,52.41956734618702,0.9635173600358508,"i=33,j=34"
2807,12.755704460105433,52.41957013637829,0.6000793800808776,"i=33,j=35"
2808,12.755851391168699,52.41957292638708,0.22707751350652794,"i=33,j=36"
2809,12.755998322256021,52.41957571621341,0.493935012545372,"i=33,j=37"
2810,12.756145253367393,52.419578505857274,0.8333920680553093,"i=33,j=38"
2811,12.756292184502813,52.41958129531867,0.00189011792853222,"i=33,j=39"
2812,12.756439115662285,52.41958408459759,0.3257141572428931,"i=33,j=40"
2813,12.756586046845802,52.41958687369405,0.12486484723786262,"i=33,j=41"
2814,12.756732978053364,52.419589662608026,0.7494301322552762,"i=33,j=42"
2815,12.756879909284972,52.419592451339554,0.9333064486912322,"i=33,j=43"
2816,12.75702684054062,52.41959523988861,0.07146445846208949,"i=33,j=44"
2817,12.757173771820309,52.419598028255194,0.9033171152552406,"i=33,j=45"
2818,12.757320703124039,52.419600816439306,0.5382191418217218,"i=33,j=46"
2819,12.757467634451805,52.41960360444096,0.5586546332135401,"i=33,j=47"
2820,12.757614565803607,52.419606392260135,0.6747684934481941,"i=33,j=48"
2821,12.757761497179445,52.419609179896845,0.5261733387457714,"i=33,j=49"
2822,12.757908428579313,52.41961196735109,0.23146317482469236,"i=33,j=50"
2823,12.758055360003214,52.41961475462286,0.9041755887618218,"i=33,j=51"
2824,12.758202291451145,52.41961754171216,0.7894790634415765,"i=33,j=52"
2825,12.758349222923105,52.419620328619,0.5540615897534853,"i=33,j=53"
2826,12.75849615441909,52.41962311534335,0.7020936284927903,"i=33,j=54"
2827,12.758643085939099,52.419625901885254,0.7545457991881557,"i=33,j=55"
2828,12.758790017483134,52.41962868824468,0.3338450731488909,"i=33,j=56"
2829,12.758936949051188,52.419631474421635,0.9361419910053782,"i=33,j=57"
2830,12.759083880643265,52.41963426041614,0.284285950614943,"i=33,j=58"
2831,12.75923081225936,52.419637046228154,0.5807255674292058,"i=33,j=59"
2832,12.759377743899472,52.4196398318577,0.3932112396064953,"i=33,j=60"
2833,12.759524675563599,52.419642617304774,0.6151202054282402,"i=33,j=61"
2834,12.759671607251743,52.41964540256939,0.20671873249424166,"i=33,j=62"
2835,12.759818538963895,52.419648187651525,0.40438438592176185,"i=33,j=63"
2836,12.759965470700061,52.4196509725512,0.9522144790116096,"i=33,j=64"
2837,12.760112402460235,52.41965375726841,0.051470074169918334,"i=33,j=65"
2838,12.760259334244417,52.41965654180314,0.8612249667890209,"i=33,j=66"
2839,12.760406266052605,52.4196593261554,0.40900282434424695,"i=33,j=67"
2840,12.7605531978848,52.41966211032519,0.33443356453245776,"i=33,j=68"
2841,12.760700129740995,52.41966489431252,0.07100110958473294,"i=33,j=69"
2842,12.760847061621192,52.41966767811737,0.5419646638382712,"i=33,j=70"
2843,12.760993993525389,52.41967046173975,0.8888029965682966,"i=33,j=71"
2844,12.761140925453585,52.41967324517966,0.9507724781384356,"i=33,j=72"
2845,12.761287857405778,52.41967602843711,0.22855104393836045,"i=33,j=73"
2846,12.761434789381966,52.41967881151208,0.7089481180754964,"i=33,j=74"
2847,12.761581721382148,52.41968159440458,0.4612700483468257,"i=33,j=75"
2848,12.76172865340632,52.4196843771146,0.032434524811576715,"i=33,j=76"
2849,12.761875585454485,52.41968715964218,0.10869395701099016,"i=33,j=77"
2850,12.762022517526638,52.41968994198726,0.15999568565900324,"i=33,j=78"
2851,12.76216944962278,52.41969272414987,0.35385786970873456,"i=33,j=79"
2852,12.762316381742906,52.419695506130026,0.3576357137258349,"i=33,j=80"
2853,12.762463313887016,52.41969828792771,0.7701418661323243,"i=33,j=81"
2854,12.762610246055111,52.41970106954291,0.6265854917942811,"i=33,j=82"
2855,12.762757178247185,52.419703850975644,0.7414372171837871,"i=33,j=83"
2856,12.750566461916225,52.41938253730021,0.3388689162875649,"i=34,j=0"
2857,12.750713391838497,52.41938533368632,0.8711477748229745,"i=34,j=1"
2858,12.750860321784875,52.41938812988996,0.4534098886604653,"i=34,j=2"
2859,12.751007251755363,52.419390925911145,0.5302093343738831,"i=34,j=3"
2860,12.751154181749953,52.419393721749856,0.5741086099198883,"i=34,j=4"
2861,12.751301111768647,52.41939651740611,0.2609935760211748,"i=34,j=5"
2862,12.751448041811443,52.419399312879904,0.47372349657260315,"i=34,j=6"
2863,12.751594971878339,52.41940210817122,0.6152926817000349,"i=34,j=7"
2864,12.751741901969332,52.41940490328009,0.45866843690624637,"i=34,j=8"
2865,12.751888832084422,52.419407698206484,0.972223184839787,"i=34,j=9"
2866,12.75203576222361,52.419410492950405,0.28239883037588953,"i=34,j=10"
2867,12.75218269238689,52.41941328751186,0.26970722119822077,"i=34,j=11"
2868,12.752329622574264,52.41941608189086,0.08695372047064276,"i=34,j=12"
2869,12.752476552785728,52.419418876087384,0.7109985811225101,"i=34,j=13"
2870,12.752623483021278,52.41942167010146,0.46898344680954895,"i=34,j=14"
2871,12.75277041328092,52.41942446393305,0.6238659489673964,"i=34,j=15"
2872,12.752917343564645,52.419427257582186,0.6915755877772047,"i=34,j=16"
2873,12.753064273872457,52.41943005104885,0.35578699896824706,"i=34,j=17"
2874,12.753211204204348,52.41943284433306,0.05974143239398,"i=34,j=18"
2875,12.753358134560324,52.41943563743478,0.2294435125881389,"i=34,j=19"
2876,12.753505064940377,52.419438430354056,0.09798981387493011,"i=34,j=20"
2877,12.753651995344512,52.41944122309086,0.005315169151610344,"i=34,j=21"
2878,12.75379892577272,52.41944401564519,0.25347683347830574,"i=34,j=22"
2879,12.753945856225005,52.41944680801707,0.8268948503153318,"i=34,j=23"
2880,12.754092786701362,52.41944960020648,0.41714669426093565,"i=34,j=24"
2881,12.754239717201791,52.41945239221341,0.03627174793759458,"i=34,j=25"
2882,12.75438664772629,52.419455184037886,0.432378963372534,"i=34,j=26"
2883,12.75453357827486,52.41945797567988,0.9867295688694625,"i=34,j=27"
2884,12.754680508847496,52.41946076713942,0.07112179664006968,"i=34,j=28"
2885,12.754827439444199,52.419463558416496,0.01314867262622732,"i=34,j=29"
2886,12.754974370064962,52.4194663495111,0.7858033743527489,"i=34,j=30"
2887,12.755121300709792,52.41946914042323,0.08748547829364806,"i=34,j=31"
2888,12.755268231378679,52.419471931152906,0.4883343786706814,"i=34,j=32"
2889,12.755415162071628,52.419474721700105,0.14134777204293114,"i=34,j=33"
2890,12.755562092788635,52.41947751206485,0.096853436314701,"i=34,j=34"
2891,12.755709023529695,52.41948030224712,0.4943881615987247,"i=34,j=35"
2892,12.755855954294814,52.41948309224692,0.27270785580200685,"i=34,j=36"
2893,12.756002885083984,52.41948588206426,0.9177000761678418,"i=34,j=37"
2894,12.756149815897205,52.41948867169912,0.1406834739629369,"i=34,j=38"
2895,12.756296746734476,52.419491461151516,0.46029687682146636,"i=34,j=39"
2896,12.756443677595797,52.41949425042146,0.2442295151472611,"i=34,j=40"
2897,12.756590608481163,52.41949703950891,0.34791982061555826,"i=34,j=41"
2898,12.756737539390576,52.41949982841391,0.24894278688718463,"i=34,j=42"
2899,12.75688447032403,52.41950261713645,0.8795378935435594,"i=34,j=43"
2900,12.757031401281527,52.41950540567651,0.16286506725541028,"i=34,j=44"
2901,12.757178332263065,52.41950819403411,0.018463457289137564,"i=34,j=45"
2902,12.757325263268642,52.41951098220923,0.5851071821845953,"i=34,j=46"
2903,12.757472194298257,52.419513770201895,0.7154381011122168,"i=34,j=47"
2904,12.757619125351908,52.41951655801209,0.9630109551260713,"i=34,j=48"
2905,12.757766056429592,52.41951934563981,0.5941248096395545,"i=34,j=49"
2906,12.75791298753131,52.419522133085074,0.1735601251584492,"i=34,j=50"
2907,12.75805991865706,52.41952492034785,0.30058886118680395,"i=34,j=51"
2908,12.758206849806836,52.419527707428166,0.2712808045339209,"i=34,j=52"
2909,12.758353780980642,52.41953049432602,0.5444299296516751,"i=34,j=53"
2910,12.758500712178474,52.419533281041396,0.5238159449371558,"i=34,j=54"
2911,12.758647643400332,52.41953606757432,0.5828900089391299,"i=34,j=55"
2912,12.758794574646211,52.41953885392476,0.5155834449423572,"i=34,j=56"
2913,12.758941505916113,52.41954164009273,0.8883041132770751,"i=34,j=57"
2914,12.759088437210035,52.41954442607825,0.40953793302345454,"i=34,j=58"
2915,12.759235368527978,52.41954721188129,0.8909201107844528,"i=34,j=59"
2916,12.759382299869936,52.41954999750185,0.09596947742317519,"i=34,j=60"
2917,12.759529231235907,52.41955278293995,0.4202377315014425,"i=34,j=61"
2918,12.759676162625896,52.41955556819559,0.012995830119922558,"i=34,j=62"
2919,12.759823094039895,52.419558353268755,0.20656425807433842,"i=34,j=63"
2920,12.759970025477907,52.419561138159445,0.769822465507539,"i=34,j=64"
2921,12.760116956939925,52.41956392286768,0.9788354120994783,"i=34,j=65"
2922,12.760263888425953,52.41956670739343,0.9192730077309448,"i=34,j=66"
2923,12.760410819935986,52.419569491736716,0.2514531437437061,"i=34,j=67"
2924,12.760557751470023,52.41957227589753,0.2873457153952844,"i=34,j=68"
2925,12.760704683028063,52.419575059875875,0.4477215524562498,"i=34,j=69"
2926,12.760851614610106,52.41957784367175,0.8107816596135559,"i=34,j=70"
2927,12.760998546216149,52.41958062728517,0.043837871094732805,"i=34,j=71"
2928,12.761145477846188,52.4195834107161,0.8426489791464917,"i=34,j=72"
2929,12.761292409500225,52.41958619396457,0.8825079941320005,"i=34,j=73"
2930,12.761439341178255,52.41958897703057,0.9693794741625074,"i=34,j=74"
2931,12.76158627288028,52.419591759914105,0.8454311033392596,"i=34,j=75"
2932,12.761733204606298,52.419594542615165,0.04623008110431981,"i=34,j=76"
2933,12.761880136356304,52.41959732513375,0.1342410465506585,"i=34,j=77"
2934,12.762027068130301,52.419600107469876,0.3686532043865234,"i=34,j=78"
2935,12.762173999928283,52.419602889623526,0.4927086562944526,"i=34,j=79"
2936,12.762320931750253,52.4196056715947,0.8276591548655836,"i=34,j=80"
2937,12.762467863596205,52.41960845338342,0.8113759050486201,"i=34,j=81"
2938,12.762614795466142,52.41961123498966,0.16535239304107197,"i=34,j=82"
2939,12.76276172736006,52.419614016413426,0.6541524972701922,"i=34,j=83"
2940,12.750571035751523,52.419292703482526,0.18727150629423572,"i=35,j=0"
2941,12.750717965375651,52.41929549985963,0.29801228056857976,"i=35,j=1"
2942,12.750864895023888,52.419298296054265,0.8358174225474376,"i=35,j=2"
2943,12.751011824696231,52.419301092066426,0.542020275478668,"i=35,j=3"
2944,12.751158754392678,52.41930388789614,0.5780004641788244,"i=35,j=4"
2945,12.751305684113229,52.41930668354338,0.6085357498548469,"i=35,j=5"
2946,12.751452613857882,52.419309479008156,0.18800398098650806,"i=35,j=6"
2947,12.751599543626634,52.41931227429046,0.17660645121629992,"i=35,j=7"
2948,12.751746473419484,52.419315069390315,0.5989718992103156,"i=35,j=8"
2949,12.751893403236432,52.41931786430769,0.23455696736124954,"i=35,j=9"
2950,12.752040333077474,52.419320659042604,0.9388186948847769,"i=35,j=10"
2951,12.75218726294261,52.41932345359507,0.724543913692275,"i=35,j=11"
2952,12.752334192831839,52.419326247965046,0.49220757624433187,"i=35,j=12"
2953,12.752481122745158,52.419329042152576,0.955444229289481,"i=35,j=13"
2954,12.752628052682565,52.41933183615763,0.20991526523307202,"i=35,j=14"
2955,12.75277498264406,52.41933462998021,0.9512521539706363,"i=35,j=15"
2956,12.752921912629642,52.41933742362035,0.13994636558902573,"i=35,j=16"
2957,12.753068842639307,52.41934021707802,0.4809557757059274,"i=35,j=17"
2958,12.753215772673055,52.41934301035321,0.6219161629530385,"i=35,j=18"
2959,12.753362702730884,52.419345803445935,0.03873795309491046,"i=35,j=19"
2960,12.753509632812793,52.4193485963562,0.6600453401251956,"i=35,j=20"
2961,12.75365656291878,52.41935138908401,0.7423801387897068,"i=35,j=21"
2962,12.753803493048844,52.41935418162934,0.3063910553527204,"i=35,j=22"
2963,12.753950423202982,52.419356973992215,0.38566748249391436,"i=35,j=23"
2964,12.754097353381193,52.41935976617261,0.9055756689709248,"i=35,j=24"
2965,12.754244283583475,52.419362558170555,0.09790754871441254,"i=35,j=25"
2966,12.754391213809829,52.41936534998602,0.9809849248101681,"i=35,j=26"
2967,12.754538144060252,52.41936814161903,0.7937061042688995,"i=35,j=27"
2968,12.75468507433474,52.419370933069565,0.4411196885604326,"i=35,j=28"
2969,12.754832004633295,52.41937372433764,0.9667607347768822,"i=35,j=29"
2970,12.754978934955911,52.419376515423245,0.24399589876384375,"i=35,j=30"
2971,12.755125865302592,52.41937930632639,0.4235464101934575,"i=35,j=31"
2972,12.755272795673333,52.419382097047055,0.08349921492205392,"i=35,j=32"
2973,12.755419726068132,52.41938488758528,0.8941092611842336,"i=35,j=33"
2974,12.755566656486993,52.41938767794102,0.14279208704465296,"i=35,j=34"
2975,12.755713586929904,52.41939046811429,0.4952153595508697,"i=35,j=35"
2976,12.755860517396874,52.419393258105096,0.3999148767050834,"i=35,j=36"
2977,12.756007447887894,52.41939604791344,0.07585869679267954,"i=35,j=37"
2978,12.756154378402968,52.41939883753931,0.45913695234370777,"i=35,j=38"
2979,12.75630130894209,52.41940162698271,0.5788375816375699,"i=35,j=39"
2980,12.75644823950526,52.419404416243665,0.9893398617131542,"i=35,j=40"
2981,12.756595170092478,52.419407205322145,0.8245435170821421,"i=35,j=41"
2982,12.756742100703741,52.41940999421815,0.4947523616166798,"i=35,j=42"
2983,12.756889031339046,52.41941278293168,0.19914626247643463,"i=35,j=43"
2984,12.757035961998394,52.41941557146277,0.34674182575193724,"i=35,j=44"
2985,12.757182892681783,52.41941835981137,0.03528914616285361,"i=35,j=45"
2986,12.75732982338921,52.4194211479775,0.12197502758868162,"i=35,j=46"
2987,12.757476754120674,52.419423935961184,0.1768222135230616,"i=35,j=47"
2988,12.757623684876174,52.419426723762385,0.056451585650216685,"i=35,j=48"
2989,12.757770615655707,52.419429511381125,0.4204734802414577,"i=35,j=49"
2990,12.757917546459273,52.41943229881739,0.3595436591829053,"i=35,j=50"
2991,12.75806447728687,52.41943508607119,0.1642101216151638,"i=35,j=51"
2992,12.758211408138498,52.41943787314253,0.22952379644333043,"i=35,j=52"
2993,12.758358339014153,52.41944066003139,0.15403616085163563,"i=35,j=53"
2994,12.758505269913835,52.4194434467378,0.6817842367284654,"i=35,j=54"
2995,12.75865220083754,52.41944623326172,0.3909935590889324,"i=35,j=55"
2996,12.758799131785269,52.41944901960319,0.056533696321480864,"i=35,j=56"
2997,12.758946062757017,52.41945180576217,0.8968732614296345,"i=35,j=57"
2998,12.75909299375279,52.419454591738706,0.692829990395656,"i=35,j=58"
2999,12.759239924772578,52.419457377532765,0.766977240303224,"i=35,j=59"
3000,12.759386855816384,52.41946016314435,0.5468468148734996,"i=35,j=60"
3001,12.759533786884203,52.41946294857348,0.7990488548590368,"i=35,j=61"
3002,12.759680717976039,52.419465733820125,0.5865289794018771,"i=35,j=62"
3003,12.759827649091886,52.41946851888432,0.1274137707239298,"i=35,j=63"
3004,12.759974580231743,52.41947130376604,0.6450161026684319,"i=35,j=64"
3005,12.760121511395608,52.41947408846529,0.48617348110801595,"i=35,j=65"
3006,12.760268442583483,52.41947687298207,0.058733468947713474,"i=35,j=66"
3007,12.760415373795361,52.41947965731638,0.8683149407753503,"i=35,j=67"
3008,12.760562305031245,52.41948244146822,0.02911971870024188,"i=35,j=68"
3009,12.760709236291133,52.41948522543759,0.01179233055258977,"i=35,j=69"
3010,12.760856167575021,52.419488009224494,0.17741375749839827,"i=35,j=70"
3011,12.761003098882908,52.41949079282894,0.6603496296542415,"i=35,j=71"
3012,12.761150030214793,52.41949357625089,0.22457882241988103,"i=35,j=72"
3013,12.761296961570674,52.4194963594904,0.2995270538827315,"i=35,j=73"
3014,12.76144389295055,52.41949914254742,0.7397946642992054,"i=35,j=74"
3015,12.761590824354421,52.41950192542199,0.9811975438524173,"i=35,j=75"
3016,12.761737755782283,52.419504708114076,0.11992428252680298,"i=35,j=76"
3017,12.761884687234135,52.419507490623694,0.26140651596121434,"i=35,j=77"
3018,12.762031618709976,52.41951027295084,0.20131708711379104,"i=35,j=78"
3019,12.762178550209804,52.41951305509553,0.05903084055584151,"i=35,j=79"
3020,12.762325481733617,52.41951583705773,0.6223961404156492,"i=35,j=80"
3021,12.762472413281413,52.41951861883748,0.21778864484330396,"i=35,j=81"
3022,12.762619344853192,52.41952140043476,0.16691363869087716,"i=35,j=82"
3023,12.762766276448954,52.41952418184957,0.8735132129323152,"i=35,j=83"
3024,12.75057560956271,52.41920286966321,0.5083159958933252,"i=36,j=0"
3025,12.750722538888695,52.4192056660313,0.39344098379660475,"i=36,j=1"
3026,12.750869468238792,52.41920846221692,0.0989479781203404,"i=36,j=2"
3027,12.751016397612993,52.41921125822008,0.8783798057020347,"i=36,j=3"
3028,12.751163327011302,52.41921405404077,0.24962417828750416,"i=36,j=4"
3029,12.75131025643371,52.419216849678996,0.88586414279976,"i=36,j=5"
3030,12.751457185880218,52.41921964513476,0.23888438417320657,"i=36,j=6"
3031,12.75160411535083,52.419222440408056,0.9564854574696917,"i=36,j=7"
3032,12.75175104484554,52.4192252354989,0.9120590345832795,"i=36,j=8"
3033,12.751897974364343,52.41922803040727,0.8827340750350783,"i=36,j=9"
3034,12.752044903907244,52.41923082513318,0.3469592680877108,"i=36,j=10"
3035,12.752191833474237,52.41923361967662,0.043887774955940206,"i=36,j=11"
3036,12.752338763065323,52.419236414037606,0.8341980803207565,"i=36,j=12"
3037,12.7524856926805,52.41923920821612,0.6939399223856588,"i=36,j=13"
3038,12.752632622319764,52.419242002212165,0.4458506659702668,"i=36,j=14"
3039,12.752779551983116,52.41924479602575,0.9694857588396203,"i=36,j=15"
3040,12.752926481670553,52.41924758965688,0.621969508292999,"i=36,j=16"
3041,12.753073411382076,52.419250383105535,0.22220695989350914,"i=36,j=17"
3042,12.753220341117679,52.41925317637172,0.16637404583081938,"i=36,j=18"
3043,12.753367270877364,52.419255969455456,0.7605013798326772,"i=36,j=19"
3044,12.75351420066113,52.41925876235671,0.709154761446537,"i=36,j=20"
3045,12.75366113046897,52.41926155507551,0.1853481525690125,"i=36,j=21"
3046,12.75380806030089,52.41926434761185,0.8022622925221684,"i=36,j=22"
3047,12.753954990156885,52.41926713996571,0.29366336346173827,"i=36,j=23"
3048,12.75410192003695,52.41926993213711,0.6604667372346571,"i=36,j=24"
3049,12.754248849941089,52.41927272412605,0.6672584190107902,"i=36,j=25"
3050,12.754395779869297,52.419275515932526,0.2947790151307226,"i=36,j=26"
3051,12.754542709821573,52.419278307556525,0.2354938491084505,"i=36,j=27"
3052,12.754689639797917,52.41928109899806,0.39638121227202583,"i=36,j=28"
3053,12.754836569798325,52.41928389025715,0.5257417524948125,"i=36,j=29"
3054,12.754983499822798,52.41928668133375,0.4937412929578292,"i=36,j=30"
3055,12.75513042987133,52.4192894722279,0.7755115906326744,"i=36,j=31"
3056,12.755277359943927,52.41929226293957,0.9342888339052656,"i=36,j=32"
3057,12.75542429004058,52.41929505346879,0.3731923964427021,"i=36,j=33"
3058,12.755571220161292,52.419297843815535,0.5850343462865869,"i=36,j=34"
3059,12.755718150306059,52.41930063397982,0.8244768881723508,"i=36,j=35"
3060,12.75586508047488,52.41930342396163,0.15990556519978016,"i=36,j=36"
3061,12.756012010667755,52.41930621376098,0.10956496085036427,"i=36,j=37"
3062,12.756158940884681,52.41930900337786,0.06226855519565655,"i=36,j=38"
3063,12.756305871125655,52.41931179281228,0.1472791400405784,"i=36,j=39"
3064,12.75645280139068,52.41931458206423,0.18696455611455498,"i=36,j=40"
3065,12.75659973167975,52.419317371133715,0.18713300836806823,"i=36,j=41"
3066,12.756746661992862,52.41932016002073,0.3219552926365531,"i=36,j=42"
3067,12.756893592330021,52.41932294872528,0.7276055978801468,"i=36,j=43"
3068,12.75704052269122,52.41932573724737,0.8341143963977459,"i=36,j=44"
3069,12.757187453076462,52.419328525586984,0.2519618914095727,"i=36,j=45"
3070,12.757334383485738,52.41933131374414,0.3474194768656097,"i=36,j=46"
3071,12.757481313919055,52.41933410171883,0.01767235495925723,"i=36,j=47"
3072,12.757628244376406,52.419336889511044,0.002002002889544885,"i=36,j=48"
3073,12.75777517485779,52.419339677120796,0.4885854415163091,"i=36,j=49"
3074,12.757922105363207,52.419342464548066,0.4460377562025868,"i=36,j=50"
3075,12.758069035892657,52.4193452517929,0.5574515540317099,"i=36,j=51"
3076,12.758215966446134,52.41934803885524,0.7747632543372779,"i=36,j=52"
3077,12.758362897023638,52.419350825735116,0.891377470621643,"i=36,j=53"
3078,12.758509827625168,52.419353612432545,0.9851294471126424,"i=36,j=54"
3079,12.758656758250725,52.419356398947485,0.07571839022424809,"i=36,j=55"
3080,12.758803688900304,52.419359185279966,0.3368983830481429,"i=36,j=56"
3081,12.758950619573904,52.41936197142998,0.03058662480400287,"i=36,j=57"
3082,12.759097550271523,52.41936475739753,0.3487521562959639,"i=36,j=58"
3083,12.759244480993162,52.4193675431826,0.4427196159979082,"i=36,j=59"
3084,12.759391411738816,52.41937032878522,0.9172525151572724,"i=36,j=60"
3085,12.759538342508485,52.41937311420536,0.9040861322921268,"i=36,j=61"
3086,12.75968527330217,52.41937589944303,0.17337085274679054,"i=36,j=62"
3087,12.759832204119864,52.41937868449824,0.4776726455569452,"i=36,j=63"
3088,12.759979134961569,52.419381469370975,0.7416795370636569,"i=36,j=64"
3089,12.760126065827285,52.41938425406126,0.3415967366912124,"i=36,j=65"
3090,12.760272996717006,52.419387038569056,0.7343829940838406,"i=36,j=66"
3091,12.760419927630732,52.41938982289439,0.2769045081996342,"i=36,j=67"
3092,12.760566858568465,52.41939260703726,0.8362667161592372,"i=36,j=68"
3093,12.760713789530199,52.419395390997664,0.7809861719839646,"i=36,j=69"
3094,12.760860720515934,52.41939817477559,0.6254430200972142,"i=36,j=70"
3095,12.761007651525667,52.41940095837105,0.5129072644377881,"i=36,j=71"
3096,12.7611545825594,52.41940374178405,0.7975144532336967,"i=36,j=72"
3097,12.761301513617129,52.41940652501457,0.8559629450392447,"i=36,j=73"
3098,12.761448444698853,52.41940930806263,0.8496338528363416,"i=36,j=74"
3099,12.76159537580457,52.41941209092822,0.29599923241714043,"i=36,j=75"
3100,12.761742306934277,52.41941487361134,0.521686197807914,"i=36,j=76"
3101,12.761889238087976,52.419417656111996,0.7199430754987527,"i=36,j=77"
3102,12.762036169265661,52.419420438430166,0.8289674866999537,"i=36,j=78"
3103,12.762183100467336,52.41942322056589,0.4664713130778224,"i=36,j=79"
3104,12.762330031692994,52.41942600251913,0.5150466890050411,"i=36,j=80"
3105,12.762476962942637,52.4194287842899,0.9527954265733924,"i=36,j=81"
3106,12.762623894216263,52.4194315658782,0.10006739654666286,"i=36,j=82"
3107,12.762770825513869,52.419434347284046,0.4349969034942204,"i=36,j=83"
3108,12.750580183349788,52.41911303584224,0.40059629961868526,"i=37,j=0"
3109,12.750727112377636,52.4191158322013,0.9986139045415445,"i=37,j=1"
3110,12.750874041429592,52.41911862837791,0.6103671345102181,"i=37,j=2"
3111,12.751020970505653,52.41912142437205,0.8972959380489542,"i=37,j=3"
3112,12.751167899605822,52.41912422018374,0.3806710273998958,"i=37,j=4"
3113,12.75131482873009,52.41912701581295,0.585000400532452,"i=37,j=5"
3114,12.75146175787846,52.41912981125971,0.9734600397154499,"i=37,j=6"
3115,12.751608687050929,52.41913260652399,0.5016588521973101,"i=37,j=7"
3116,12.751755616247497,52.41913540160583,0.6739764978634895,"i=37,j=8"
3117,12.75190254546816,52.41913819650518,0.3573463560272718,"i=37,j=9"
3118,12.752049474712921,52.41914099122208,0.443561757372408,"i=37,j=10"
3119,12.752196403981772,52.41914378575652,0.4206631658416774,"i=37,j=11"
3120,12.752343333274716,52.41914658010849,0.9552167333372489,"i=37,j=12"
3121,12.752490262591753,52.41914937427799,0.8225386776320616,"i=37,j=13"
3122,12.752637191932875,52.41915216826504,0.3444243196687439,"i=37,j=14"
3123,12.752784121298085,52.41915496206962,0.5188650594364178,"i=37,j=15"
3124,12.752931050687382,52.419157755691735,0.1112339409132086,"i=37,j=16"
3125,12.75307798010076,52.41916054913139,0.44553227094305425,"i=37,j=17"
3126,12.753224909538224,52.41916334238858,0.6662789944463898,"i=37,j=18"
3127,12.753371838999765,52.4191661354633,0.6552998384242625,"i=37,j=19"
3128,12.753518768485387,52.41916892835557,0.671901201105858,"i=37,j=20"
3129,12.753665697995087,52.419171721065354,0.953851376430549,"i=37,j=21"
3130,12.753812627528864,52.41917451359268,0.49661883150652564,"i=37,j=22"
3131,12.753959557086715,52.41917730593755,0.27006627537855266,"i=37,j=23"
3132,12.754106486668638,52.41918009809995,0.5063093089705896,"i=37,j=24"
3133,12.754253416274631,52.419182890079895,0.06993869722400381,"i=37,j=25"
3134,12.754400345904697,52.41918568187736,0.01523830537315074,"i=37,j=26"
3135,12.754547275558828,52.41918847349237,0.42614685640653793,"i=37,j=27"
3136,12.754694205237028,52.419191264924905,0.09089378593302622,"i=37,j=28"
3137,12.754841134939293,52.41919405617499,0.8136420090675974,"i=37,j=29"
3138,12.754988064665621,52.419196847242596,0.1904867562751853,"i=37,j=30"
3139,12.75513499441601,52.41919963812775,0.9307517407213778,"i=37,j=31"
3140,12.755281924190461,52.41920242883043,0.06956893261523134,"i=37,j=32"
3141,12.75542885398897,52.419205219350644,0.4831974714471896,"i=37,j=33"
3142,12.755575783811537,52.419208009688404,0.307748545429802,"i=37,j=34"
3143,12.755722713658159,52.41921079984369,0.7500859055224024,"i=37,j=35"
3144,12.755869643528836,52.41921358981651,0.3518897619648218,"i=37,j=36"
3145,12.756016573423564,52.41921637960686,0.7862015897496701,"i=37,j=37"
3146,12.756163503342343,52.41921916921475,0.9640103123816011,"i=37,j=38"
3147,12.756310433285172,52.41922195864018,0.29548851247625596,"i=37,j=39"
3148,12.75645736325205,52.41922474788314,0.3040784932677737,"i=37,j=40"
3149,12.756604293242974,52.41922753694362,0.24408979973614742,"i=37,j=41"
3150,12.756751223257943,52.41923032582166,0.3891701321120804,"i=37,j=42"
3151,12.756898153296953,52.419233114517226,0.3705753634629184,"i=37,j=43"
3152,12.757045083360007,52.41923590303031,0.21132347698389198,"i=37,j=44"
3153,12.757192013447101,52.41923869136094,0.4219600200610457,"i=37,j=45"
3154,12.757338943558231,52.419241479509104,0.7850385111481006,"i=37,j=46"
3155,12.7574858736934,52.419244267474795,0.030071689658611844,"i=37,j=47"
3156,12.757632803852603,52.41924705525803,0.008057096087434767,"i=37,j=48"
3157,12.75777973403584,52.419249842858804,0.2892895347806742,"i=37,j=49"
3158,12.757926664243112,52.41925263027709,0.006525129694646359,"i=37,j=50"
3159,12.758073594474412,52.41925541751292,0.2044453449047574,"i=37,j=51"
3160,12.75822052472974,52.41925820456629,0.9241973839767239,"i=37,j=52"
3161,12.758367455009097,52.4192609914372,0.6646856204584036,"i=37,j=53"
3162,12.758514385312479,52.41926377812563,0.005199046349968595,"i=37,j=54"
3163,12.758661315639888,52.41926656463159,0.38828540930240263,"i=37,j=55"
3164,12.758808245991318,52.41926935095509,0.27653597629433646,"i=37,j=56"
3165,12.758955176366767,52.419272137096115,0.5455868806202765,"i=37,j=57"
3166,12.759102106766239,52.41927492305469,0.9683347087199937,"i=37,j=58"
3167,12.759249037189727,52.41927770883079,0.9579116819781915,"i=37,j=59"
3168,12.759395967637232,52.41928049442441,0.935234968989301,"i=37,j=60"
3169,12.759542898108753,52.41928327983558,0.008561147002437819,"i=37,j=61"
3170,12.759689828604287,52.41928606506428,0.8137484012546304,"i=37,j=62"
3171,12.759836759123832,52.419288850110505,0.3141602315207276,"i=37,j=63"
3172,12.759983689667388,52.419291634974265,0.1278282580650164,"i=37,j=64"
3173,12.760130620234952,52.419294419655564,0.5192250943062184,"i=37,j=65"
3174,12.760277550826522,52.41929720415439,0.9466399241062049,"i=37,j=66"
3175,12.7604244814421,52.419299988470755,0.2812763436316541,"i=37,j=67"
3176,12.760571412081681,52.41930277260464,0.1446243707030247,"i=37,j=68"
3177,12.760718342745266,52.41930555655606,0.3960503194955728,"i=37,j=69"
3178,12.760865273432849,52.419308340325024,0.4795483840669612,"i=37,j=70"
3179,12.761012204144432,52.41931112391151,0.37679507823599623,"i=37,j=71"
3180,12.761159134880012,52.41931390731555,0.9531775245799061,"i=37,j=72"
3181,12.76130606563959,52.419316690537094,0.5965119688538708,"i=37,j=73"
3182,12.761452996423161,52.419319473576174,0.3005442063781949,"i=37,j=74"
3183,12.761599927230726,52.419322256432785,0.33208508694160577,"i=37,j=75"
3184,12.761746858062283,52.419325039106944,0.07501552851398408,"i=37,j=76"
3185,12.76189378891783,52.41932782159862,0.04617253129115395,"i=37,j=77"
3186,12.762040719797364,52.41933060390783,0.7850556817096505,"i=37,j=78"
3187,12.762187650700884,52.41933338603458,0.08563307995101299,"i=37,j=79"
3188,12.76233458162839,52.41933616797885,0.5402874186025403,"i=37,j=80"
3189,12.76248151257988,52.419338949740656,0.1164946246417804,"i=37,j=81"
3190,12.762628443555352,52.419341731319996,0.7499267965524,"i=37,j=82"
3191,12.762775374554804,52.41934451271687,0.7022524476632638,"i=37,j=83"
3192,12.750584757112756,52.41902320201961,0.7670464621740134,"i=38,j=0"
3193,12.750731685842466,52.41902599836966,0.8996387542217965,"i=38,j=1"
3194,12.750878614596285,52.419028794537255,0.8096714253561851,"i=38,j=2"
3195,12.751025543374208,52.41903159052239,0.7161567047811453,"i=38,j=3"
3196,12.751172472176236,52.41903438632506,0.420143682157344,"i=38,j=4"
3197,12.751319401002366,52.419037181945264,0.07707934227537205,"i=38,j=5"
3198,12.7514663298526,52.419039977382994,0.4359547585708273,"i=38,j=6"
3199,12.751613258726929,52.41904277263828,0.4212646824074199,"i=38,j=7"
3200,12.75176018762536,52.41904556771109,0.02547939963617385,"i=38,j=8"
3201,12.751907116547885,52.419048362601444,0.38754264364078206,"i=38,j=9"
3202,12.752054045494503,52.41905115730934,0.48421023626582693,"i=38,j=10"
3203,12.752200974465216,52.41905395183477,0.5024459881396788,"i=38,j=11"
3204,12.752347903460022,52.41905674617773,0.7760852922331438,"i=38,j=12"
3205,12.752494832478916,52.41905954033824,0.8661226560938543,"i=38,j=13"
3206,12.752641761521899,52.41906233431626,0.4943107908334017,"i=38,j=14"
3207,12.75278869058897,52.419065128111846,0.9247403419897031,"i=38,j=15"
3208,12.752935619680125,52.419067921724945,0.3039039618656936,"i=38,j=16"
3209,12.753082548795364,52.41907071515559,0.23340292083671355,"i=38,j=17"
3210,12.753229477934685,52.41907350840378,0.9984996854100799,"i=38,j=18"
3211,12.753376407098088,52.4190763014695,0.5231704156147345,"i=38,j=19"
3212,12.75352333628557,52.41907909435276,0.03001903388425642,"i=38,j=20"
3213,12.753670265497126,52.41908188705356,0.9213628355848973,"i=38,j=21"
3214,12.753817194732761,52.41908467957188,0.850834539363009,"i=38,j=22"
3215,12.75396412399247,52.419087471907744,0.6757212920597003,"i=38,j=23"
3216,12.754111053276251,52.41909026406114,0.5085799189710017,"i=38,j=24"
3217,12.754257982584104,52.41909305603207,0.33446821603139865,"i=38,j=25"
3218,12.754404911916026,52.41909584782055,0.782481428543782,"i=38,j=26"
3219,12.754551841272018,52.419098639426565,0.9866883429108219,"i=38,j=27"
3220,12.754698770652075,52.41910143085011,0.8973008996652946,"i=38,j=28"
3221,12.754845700056196,52.41910422209119,0.046586816083273086,"i=38,j=29"
3222,12.75499262948438,52.419107013149805,0.30447710907309966,"i=38,j=30"
3223,12.755139558936628,52.41910980402595,0.09518541650989654,"i=38,j=31"
3224,12.755286488412937,52.41911259471964,0.02392396733141644,"i=38,j=32"
3225,12.755433417913302,52.41911538523086,0.5881007898015075,"i=38,j=33"
3226,12.755580347437725,52.41911817555962,0.34909034505893566,"i=38,j=34"
3227,12.755727276986203,52.41912096570591,0.26739143946965704,"i=38,j=35"
3228,12.755874206558737,52.41912375566973,0.2527274880106103,"i=38,j=36"
3229,12.756021136155322,52.4191265454511,0.9533684297234738,"i=38,j=37"
3230,12.756168065775958,52.41912933505,0.5257880355075655,"i=38,j=38"
3231,12.756314995420643,52.41913212446644,0.7631533346251536,"i=38,j=39"
3232,12.756461925089376,52.41913491370039,0.176135631037315,"i=38,j=40"
3233,12.756608854782154,52.41913770275189,0.019574579656844837,"i=38,j=41"
3234,12.756755784498978,52.41914049162093,0.4585045528970235,"i=38,j=42"
3235,12.756902714239846,52.4191432803075,0.7468155792500922,"i=38,j=43"
3236,12.757049644004752,52.41914606881162,0.67402172785275,"i=38,j=44"
3237,12.757196573793701,52.41914885713325,0.06341136201164643,"i=38,j=45"
3238,12.757343503606688,52.419151645272436,0.7609360247234498,"i=38,j=46"
3239,12.75749043344371,52.41915443322914,0.827514433315784,"i=38,j=47"
3240,12.757637363304767,52.41915722100339,0.9047547437267027,"i=38,j=48"
3241,12.757784293189859,52.419160008595156,0.6359998242389783,"i=38,j=49"
3242,12.757931223098982,52.419162796004464,0.7661972432502298,"i=38,j=50"
3243,12.758078153032137,52.419165583231326,0.9646405445976994,"i=38,j=51"
3244,12.75822508298932,52.4191683702757,0.19056712609932602,"i=38,j=52"
3245,12.75837201297053,52.41917115713761,0.576109543385971,"i=38,j=53"
3246,12.758518942975765,52.41917394381707,0.7816466028853829,"i=38,j=54"
3247,12.758665873005025,52.41917673031405,0.44164161581817696,"i=38,j=55"
3248,12.758812803058309,52.41917951662856,0.12146717535864215,"i=38,j=56"
3249,12.758959733135612,52.4191823027606,0.21757127612587657,"i=38,j=57"
3250,12.759106663236937,52.4191850887102,0.968702292630693,"i=38,j=58"
3251,12.759253593362278,52.419187874477316,0.168652475897895,"i=38,j=59"
3252,12.759400523511633,52.419190660061965,0.07177581102638009,"i=38,j=60"
3253,12.759547453685007,52.41919344546415,0.995874187550008,"i=38,j=61"
3254,12.759694383882392,52.41919623068387,0.6651599519122379,"i=38,j=62"
3255,12.759841314103788,52.41919901572112,0.058768281606006,"i=38,j=63"
3256,12.759988244349197,52.419201800575905,0.4652783489103264,"i=38,j=64"
3257,12.760135174618613,52.419204585248224,0.8342952995981576,"i=38,j=65"
3258,12.760282104912035,52.41920736973808,0.1460221085701371,"i=38,j=66"
3259,12.760429035229464,52.41921015404545,0.2198515162244442,"i=38,j=67"
3260,12.760575965570895,52.41921293817039,0.5432663743692394,"i=38,j=68"
3261,12.760722895936329,52.41921572211283,0.38447585372271864,"i=38,j=69"
3262,12.760869826325765,52.419218505872806,0.8209234044416919,"i=38,j=70"
3263,12.761016756739197,52.41922128945033,0.11513478031466262,"i=38,j=71"
3264,12.761163687176628,52.41922407284538,0.5403125448408777,"i=38,j=72"
3265,12.761310617638056,52.41922685605796,0.08572236780229447,"i=38,j=73"
3266,12.761457548123477,52.41922963908808,0.5368012205958513,"i=38,j=74"
3267,12.761604478632892,52.41923242193572,0.5160987925659886,"i=38,j=75"
3268,12.761751409166298,52.4192352046009,0.01931023115353614,"i=38,j=76"
3269,12.761898339723693,52.41923798708361,0.7501027036692259,"i=38,j=77"
3270,12.762045270305077,52.419240769383855,0.2771249320100947,"i=38,j=78"
3271,12.762192200910446,52.41924355150162,0.41761314770432056,"i=38,j=79"
3272,12.762339131539802,52.41924633343694,0.028516531565314085,"i=38,j=80"
3273,12.76248606219314,52.419249115189785,0.8418055342949207,"i=38,j=81"
3274,12.762632992870461,52.419251896760144,0.8898401642209702,"i=38,j=82"
3275,12.762779923571763,52.41925467814806,0.618573426635971,"i=38,j=83"
3276,12.750589330851616,52.418933368195326,0.998106365904342,"i=39,j=0"
3277,12.75073625928319,52.41893616453637,0.9530369863857139,"i=39,j=1"
3278,12.750883187738872,52.418938960694945,0.15039336348539944,"i=39,j=2"
3279,12.751030116218658,52.41894175667107,0.22500772671712954,"i=39,j=3"
3280,12.75117704472255,52.41894455246472,0.5488732146006222,"i=39,j=4"
3281,12.751323973250544,52.4189473480759,0.059406849867962186,"i=39,j=5"
3282,12.751470901802639,52.41895014350464,0.19105745513845496,"i=39,j=6"
3283,12.751617830378832,52.41895293875091,0.9285079417530246,"i=39,j=7"
3284,12.751764758979125,52.41895573381472,0.48047698445776055,"i=39,j=8"
3285,12.75191168760351,52.41895852869606,0.2561828803155177,"i=39,j=9"
3286,12.752058616251993,52.41896132339494,0.48067313540807644,"i=39,j=10"
3287,12.752205544924568,52.41896411791136,0.0323624741060784,"i=39,j=11"
3288,12.752352473621235,52.41896691224531,0.2850872156161227,"i=39,j=12"
3289,12.752499402341993,52.4189697063968,0.06345468630341566,"i=39,j=13"
3290,12.752646331086837,52.41897250036583,0.5451034313903336,"i=39,j=14"
3291,12.752793259855768,52.4189752941524,0.34796925439415993,"i=39,j=15"
3292,12.752940188648786,52.418978087756514,0.014828770602771435,"i=39,j=16"
3293,12.753087117465885,52.41898088117815,0.34563010091100677,"i=39,j=17"
3294,12.753234046307067,52.418983674417326,0.1665960888733583,"i=39,j=18"
3295,12.753380975172329,52.418986467474056,0.022177643314359008,"i=39,j=19"
3296,12.753527904061672,52.418989260348305,0.9671707812241638,"i=39,j=20"
3297,12.75367483297509,52.41899205304009,0.09428529720626022,"i=39,j=21"
3298,12.753821761912585,52.41899484554943,0.3947140193320955,"i=39,j=22"
3299,12.753968690874155,52.41899763787628,0.2785421766325554,"i=39,j=23"
3300,12.754115619859794,52.41900043002069,0.4160330852905828,"i=39,j=24"
3301,12.754262548869509,52.419003221982614,0.09027280058623832,"i=39,j=25"
3302,12.754409477903291,52.419006013762086,0.010831395309463865,"i=39,j=26"
3303,12.75455640696114,52.4190088053591,0.42090457434791717,"i=39,j=27"
3304,12.754703336043056,52.41901159677364,0.2848117841457972,"i=39,j=28"
3305,12.754850265149038,52.41901438800573,0.20689361994079103,"i=39,j=29"
3306,12.754997194279081,52.419017179055345,0.4610489239667731,"i=39,j=30"
3307,12.755144123433189,52.419019969922495,0.7114834168001514,"i=39,j=31"
3308,12.755291052611353,52.41902276060719,0.18722203145534055,"i=39,j=32"
3309,12.755437981813577,52.41902555110942,0.7117972821196185,"i=39,j=33"
3310,12.755584911039858,52.41902834142918,0.6015899651857144,"i=39,j=34"
3311,12.755731840290194,52.41903113156647,0.27567739061769736,"i=39,j=35"
3312,12.755878769564585,52.41903392152131,0.951973761506203,"i=39,j=36"
3313,12.756025698863029,52.41903671129368,0.38043093911342796,"i=39,j=37"
3314,12.756172628185523,52.41903950088358,0.10519170548342571,"i=39,j=38"
3315,12.756319557532064,52.419042290291024,0.0585396593265497,"i=39,j=39"
3316,12.756466486902655,52.419045079516,0.6753357971994418,"i=39,j=40"
3317,12.75661341629729,52.419047868558515,0.7645856977718919,"i=39,j=41"
3318,12.756760345715971,52.41905065741856,0.3040950508461858,"i=39,j=42"
3319,12.756907275158694,52.41905344609614,0.6868227946391536,"i=39,j=43"
3320,12.75705420462546,52.41905623459126,0.5688232766376956,"i=39,j=44"
3321,12.757201134116263,52.41905902290391,0.7175848026370653,"i=39,j=45"
3322,12.757348063631104,52.4190618110341,0.8174278109409946,"i=39,j=46"
3323,12.757494993169985,52.41906459898182,0.42434940462473936,"i=39,j=47"
3324,12.757641922732898,52.419067386747074,0.1568538522134315,"i=39,j=48"
3325,12.757788852319845,52.419070174329875,0.9060675707638071,"i=39,j=49"
3326,12.757935781930824,52.419072961730194,0.3505376555489189,"i=39,j=50"
3327,12.758082711565834,52.41907574894805,0.6597056740943263,"i=39,j=51"
3328,12.758229641224872,52.41907853598346,0.8919525091442166,"i=39,j=52"
3329,12.758376570907936,52.41908132283639,0.04699209916471869,"i=39,j=53"
3330,12.758523500615027,52.419084109506855,0.2899006529721794,"i=39,j=54"
3331,12.758670430346143,52.41908689599486,0.13948423611277438,"i=39,j=55"
3332,12.758817360101279,52.41908968230039,0.6911600104859921,"i=39,j=56"
3333,12.758964289880437,52.419092468423464,0.5016193580152055,"i=39,j=57"
3334,12.759111219683616,52.419095254364066,0.7394552738723709,"i=39,j=58"
3335,12.759258149510812,52.41909804012219,0.27190665052148355,"i=39,j=59"
3336,12.759405079362022,52.419100825697875,0.633245622553755,"i=39,j=60"
3337,12.759552009237249,52.419103611091074,0.33244424449796905,"i=39,j=61"
3338,12.759698939136486,52.41910639630182,0.6992273306838104,"i=39,j=62"
3339,12.759845869059737,52.41910918133009,0.45572758577761063,"i=39,j=63"
3340,12.759992799006996,52.419111966175905,0.2505941532972574,"i=39,j=64"
3341,12.760139728978267,52.419114750839235,0.0202602198618429,"i=39,j=65"
3342,12.760286658973543,52.41911753532012,0.702675881655745,"i=39,j=66"
3343,12.760433588992822,52.41912031961852,0.15692761891862161,"i=39,j=67"
3344,12.760580519036107,52.419123103734464,0.13327024911319607,"i=39,j=68"
3345,12.760727449103392,52.419125887667946,0.3496725832626325,"i=39,j=69"
3346,12.760874379194679,52.41912867141895,0.22896550975733876,"i=39,j=70"
3347,12.761021309309966,52.41913145498749,0.07098299389843299,"i=39,j=71"
3348,12.76116823944925,52.419134238373566,0.4461695522859448,"i=39,j=72"
3349,12.761315169612526,52.41913702157718,0.46214123790852857,"i=39,j=73"
3350,12.7614620997998,52.41913980459832,0.27120696880902195,"i=39,j=74"
3351,12.761609030011067,52.419142587436994,0.9914251137307039,"i=39,j=75"
3352,12.761755960246322,52.41914537009321,0.7260634387076074,"i=39,j=76"
3353,12.76190289050557,52.419148152566954,0.22008056633569584,"i=39,j=77"
3354,12.762049820788805,52.41915093485822,0.4443341468518971,"i=39,j=78"
3355,12.762196751096026,52.41915371696703,0.779504188264536,"i=39,j=79"
3356,12.76234368142723,52.41915649889338,0.4469173246670818,"i=39,j=80"
3357,12.762490611782418,52.419159280637246,0.9497830001371887,"i=39,j=81"
3358,12.76263754216159,52.41916206219865,0.35491957421634557,"i=39,j=82"
3359,12.762784472564741,52.41916484357758,0.5250349747237486,"i=39,j=83"
3360,12.750593904566367,52.41884353436938,0.740627744416184,"i=40,j=0"
3361,12.750740832699806,52.4188463307014,0.600048032449476,"i=40,j=1"
3362,12.750887760857355,52.41884912685097,0.3244863072118641,"i=40,j=2"
3363,12.751034689039006,52.41885192281808,0.421501002700043,"i=40,j=3"
3364,12.751181617244761,52.41885471860272,0.6458941340499662,"i=40,j=4"
3365,12.751328545474621,52.418857514204895,0.68522712460974,"i=40,j=5"
3366,12.751475473728581,52.41886030962462,0.2704666028652941,"i=40,j=6"
3367,12.751622402006637,52.41886310486188,0.7248664042708417,"i=40,j=7"
3368,12.751769330308793,52.41886589991667,0.0931475828943612,"i=40,j=8"
3369,12.751916258635045,52.418868694789,0.7097760203000457,"i=40,j=9"
3370,12.75206318698539,52.418871489478875,0.4159439387584598,"i=40,j=10"
3371,12.75221011535983,52.418874283986284,0.4338073423337261,"i=40,j=11"
3372,12.75235704375836,52.41887707831124,0.7759416693113786,"i=40,j=12"
3373,12.75250397218098,52.41887987245372,0.5281635406258962,"i=40,j=13"
3374,12.752650900627689,52.41888266641374,0.504692043258294,"i=40,j=14"
3375,12.752797829098483,52.418885460191305,0.09322436254731237,"i=40,j=15"
3376,12.752944757593362,52.418888253786406,0.3607229077518024,"i=40,j=16"
3377,12.753091686112324,52.41889104719905,0.7081525102519529,"i=40,j=17"
3378,12.75323861465537,52.41889384042922,0.168276450631896,"i=40,j=18"
3379,12.753385543222494,52.418896633476926,0.07181809230800451,"i=40,j=19"
3380,12.753532471813697,52.41889942634217,0.25527370907330504,"i=40,j=20"
3381,12.753679400428979,52.418902219024964,0.5842684706205035,"i=40,j=21"
3382,12.753826329068335,52.41890501152529,0.2946817784524194,"i=40,j=22"
3383,12.753973257731767,52.41890780384315,0.29291789267064816,"i=40,j=23"
3384,12.75412018641927,52.41891059597855,0.4185353390876442,"i=40,j=24"
3385,12.754267115130842,52.41891338793149,0.3866347712651368,"i=40,j=25"
3386,12.754414043866486,52.41891617970197,0.44288241688605867,"i=40,j=26"
3387,12.754560972626196,52.418918971289976,0.3884664458652729,"i=40,j=27"
3388,12.754707901409974,52.41892176269552,0.8986920182369462,"i=40,j=28"
3389,12.754854830217814,52.41892455391861,0.793120929744376,"i=40,j=29"
3390,12.755001759049721,52.41892734495923,0.4208549157059879,"i=40,j=30"
3391,12.755148687905686,52.418930135817384,0.3202036989520227,"i=40,j=31"
3392,12.755295616785713,52.41893292649307,0.5110577333294963,"i=40,j=32"
3393,12.755442545689796,52.418935716986304,0.9645995490660831,"i=40,j=33"
3394,12.755589474617938,52.41893850729707,0.3594620937073526,"i=40,j=34"
3395,12.755736403570134,52.41894129742538,0.039486799515775606,"i=40,j=35"
3396,12.755883332546384,52.41894408737122,0.37345732944711185,"i=40,j=36"
3397,12.756030261546687,52.418946877134594,0.7677859171283309,"i=40,j=37"
3398,12.756177190571039,52.418949666715505,0.04851289993234653,"i=40,j=38"
3399,12.756324119619439,52.418952456113956,0.7321846380563014,"i=40,j=39"
3400,12.756471048691889,52.41895524532994,0.863430791221266,"i=40,j=40"
3401,12.756617977788384,52.41895803436346,0.230361238187889,"i=40,j=41"
3402,12.756764906908922,52.41896082321451,0.3443140203766297,"i=40,j=42"
3403,12.756911836053503,52.41896361188311,0.670449074708339,"i=40,j=43"
3404,12.757058765222125,52.41896640036924,0.9527279465136164,"i=40,j=44"
3405,12.757205694414788,52.418969188672904,0.0935522613406784,"i=40,j=45"
3406,12.757352623631487,52.4189719767941,0.18504639910614717,"i=40,j=46"
3407,12.757499552872224,52.41897476473283,0.5812816711714439,"i=40,j=47"
3408,12.757646482136996,52.4189775524891,0.24378779164547104,"i=40,j=48"
3409,12.7577934114258,52.41898034006291,0.8676844651644716,"i=40,j=49"
3410,12.757940340738635,52.418983127454254,0.2801696745888129,"i=40,j=50"
3411,12.758087270075503,52.41898591466313,0.519359379747683,"i=40,j=51"
3412,12.758234199436396,52.41898870168955,0.907206646898915,"i=40,j=52"
3413,12.758381128821318,52.41899148853349,0.9946483581939245,"i=40,j=53"
3414,12.758528058230267,52.418994275194976,0.013674031537499798,"i=40,j=54"
3415,12.758674987663237,52.418997061674,0.9153686478583243,"i=40,j=55"
3416,12.75882191712023,52.41899984797054,0.5445454557751023,"i=40,j=56"
3417,12.758968846601244,52.419002634084634,0.38359355910242143,"i=40,j=57"
3418,12.759115776106277,52.41900542001626,0.8804311801227175,"i=40,j=58"
3419,12.759262705635328,52.419008205765415,0.24455598550702662,"i=40,j=59"
3420,12.759409635188394,52.41901099133211,0.45885195838040893,"i=40,j=60"
3421,12.759556564765477,52.419013776716326,0.024283344227514658,"i=40,j=61"
3422,12.75970349436657,52.41901656191809,0.5130711389287881,"i=40,j=62"
3423,12.759850423991676,52.41901934693739,0.9050870554715438,"i=40,j=63"
3424,12.759997353640792,52.41902213177422,0.3787939082694507,"i=40,j=64"
3425,12.760144283313915,52.41902491642858,0.42183028402466194,"i=40,j=65"
3426,12.760291213011044,52.419027700900486,0.8999045802998528,"i=40,j=66"
3427,12.760438142732179,52.41903048518992,0.20465074092543678,"i=40,j=67"
3428,12.760585072477319,52.41903326929689,0.8706730117084223,"i=40,j=68"
3429,12.760732002246458,52.41903605322138,0.40114830896822806,"i=40,j=69"
3430,12.760878932039597,52.41903883696342,0.9372975673274501,"i=40,j=70"
3431,12.761025861856737,52.419041620523,0.31665914475236745,"i=40,j=71"
3432,12.761172791697875,52.4190444039001,0.10716525385284514,"i=40,j=72"
3433,12.761319721563005,52.41904718709473,0.5081334295472245,"i=40,j=73"
3434,12.761466651452132,52.419049970106904,0.23338042947845905,"i=40,j=74"
3435,12.76161358136525,52.41905275293661,0.6840871835155707,"i=40,j=75"
3436,12.76176051130236,52.41905553558385,0.2886052167468136,"i=40,j=76"
3437,12.761907441263459,52.41905831804861,0.7974981283154853,"i=40,j=77"
3438,12.762054371248547,52.41906110033093,0.24143384384380284,"i=40,j=78"
3439,12.762201301257619,52.41906388243077,0.41636782993439647,"i=40,j=79"
3440,12.762348231290675,52.419066664348136,0.7392847636931638,"i=40,j=80"
3441,12.762495161347717,52.41906944608304,0.9979651249000407,"i=40,j=81"
3442,12.762642091428738,52.41907222763548,0.08659463010034463,"i=40,j=82"
3443,12.762789021533742,52.41907500900546,0.28889606542568924,"i=40,j=83"
3444,12.75059847825701,52.418753700541785,0.8662392189967225,"i=41,j=0"
3445,12.750745406092316,52.418756496864795,0.27329388090133877,"i=41,j=1"
3446,12.750892333951729,52.41875929300536,0.48695330677978554,"i=41,j=2"
3447,12.751039261835249,52.41876208896345,0.9545609272690854,"i=41,j=3"
3448,12.75118618974287,52.418764884739076,0.14246308745264458,"i=41,j=4"
3449,12.751333117674598,52.41876768033224,0.7562075495169573,"i=41,j=5"
3450,12.751480045630421,52.418770475742946,0.7530300085796345,"i=41,j=6"
3451,12.751626973610346,52.418773270971194,0.5824803275065187,"i=41,j=7"
3452,12.751773901614365,52.41877606601698,0.628186961380619,"i=41,j=8"
3453,12.751920829642485,52.41877886088031,0.5427505282826235,"i=41,j=9"
3454,12.752067757694695,52.41878165556117,0.6227447710709025,"i=41,j=10"
3455,12.752214685771,52.418784450059576,0.8534826786118467,"i=41,j=11"
3456,12.752361613871393,52.41878724437551,0.7898181182486843,"i=41,j=12"
3457,12.75250854199588,52.418790038508995,0.018604647093262483,"i=41,j=13"
3458,12.752655470144452,52.41879283246001,0.4890531188097682,"i=41,j=14"
3459,12.75280239831711,52.41879562622856,0.008155751632338726,"i=41,j=15"
3460,12.752949326513855,52.41879841981466,0.2343527261550088,"i=41,j=16"
3461,12.75309625473468,52.418801213218295,0.5728298442188637,"i=41,j=17"
3462,12.75324318297959,52.41880400643946,0.22936114411966935,"i=41,j=18"
3463,12.75339011124858,52.418806799478176,0.10753425172773223,"i=41,j=19"
3464,12.753537039541648,52.41880959233442,0.16426329952722463,"i=41,j=20"
3465,12.753683967858791,52.4188123850082,0.9798073077212764,"i=41,j=21"
3466,12.75383089620001,52.41881517749952,0.39323740051160283,"i=41,j=22"
3467,12.753977824565304,52.41881796980838,0.6218374899680954,"i=41,j=23"
3468,12.75412475295467,52.41882076193479,0.06266785437305777,"i=41,j=24"
3469,12.754271681368108,52.41882355387872,0.8779284803520641,"i=41,j=25"
3470,12.754418609805613,52.41882634564019,0.18677475176108327,"i=41,j=26"
3471,12.754565538267185,52.418829137219205,0.2570020636559057,"i=41,j=27"
3472,12.754712466752826,52.41883192861575,0.8727602445928561,"i=41,j=28"
3473,12.75485939526253,52.418834719829846,0.010515206601907634,"i=41,j=29"
3474,12.755006323796296,52.418837510861465,0.6445354366722719,"i=41,j=30"
3475,12.755153252354125,52.418840301710624,0.07384781043150712,"i=41,j=31"
3476,12.755300180936011,52.41884309237732,0.7852462501924059,"i=41,j=32"
3477,12.755447109541958,52.41884588286156,0.4733963350010604,"i=41,j=33"
3478,12.75559403817196,52.41884867316333,0.512791891706687,"i=41,j=34"
3479,12.755740966826018,52.41885146328264,0.7828525022011656,"i=41,j=35"
3480,12.755887895504129,52.418854253219486,0.1252269341539035,"i=41,j=36"
3481,12.75603482420629,52.41885704297387,0.08648116801446126,"i=41,j=37"
3482,12.756181752932505,52.418859832545785,0.9708089504339893,"i=41,j=38"
3483,12.756328681682767,52.41886262193524,0.8073687784113946,"i=41,j=39"
3484,12.756475610457075,52.418865411142235,0.05482952465286217,"i=41,j=40"
3485,12.75662253925543,52.41886820016677,0.3416034699636882,"i=41,j=41"
3486,12.75676946807783,52.41887098900884,0.9355983776084792,"i=41,j=42"
3487,12.75691639692427,52.41887377766844,0.257269434354064,"i=41,j=43"
3488,12.757063325794752,52.418876566145585,0.05762850605929326,"i=41,j=44"
3489,12.757210254689275,52.41887935444026,0.41060183040171994,"i=41,j=45"
3490,12.757357183607832,52.41888214255246,0.2023483706890038,"i=41,j=46"
3491,12.75750411255043,52.418884930482214,0.9838041795545246,"i=41,j=47"
3492,12.75765104151706,52.4188877182295,0.05254651369556318,"i=41,j=48"
3493,12.757797970507722,52.41889050579432,0.3906664562355927,"i=41,j=49"
3494,12.75794489952242,52.41889329317667,0.9931778661182604,"i=41,j=50"
3495,12.758091828561142,52.41889608037656,0.24059839475764455,"i=41,j=51"
3496,12.758238757623896,52.41889886739399,0.34665574548004585,"i=41,j=52"
3497,12.758385686710676,52.41890165422896,0.7370085819181303,"i=41,j=53"
3498,12.75853261582148,52.41890444088146,0.23380751553202983,"i=41,j=54"
3499,12.75867954495631,52.41890722735149,0.4614403771341006,"i=41,j=55"
3500,12.758826474115159,52.41891001363906,0.7521530538265068,"i=41,j=56"
3501,12.758973403298032,52.41891279974417,0.15206630278842415,"i=41,j=57"
3502,12.759120332504923,52.41891558566681,0.4340610605647791,"i=41,j=58"
3503,12.75926726173583,52.41891837140699,0.08471412034330428,"i=41,j=59"
3504,12.759414190990753,52.41892115696471,0.42046874062786144,"i=41,j=60"
3505,12.75956112026969,52.418923942339944,0.014043949410893153,"i=41,j=61"
3506,12.759708049572643,52.418926727532735,0.06531223094735916,"i=41,j=62"
3507,12.759854978899602,52.41892951254305,0.5175013940982702,"i=41,j=63"
3508,12.760001908250576,52.41893229737091,0.2744389297232004,"i=41,j=64"
3509,12.760148837625556,52.4189350820163,0.686898143928345,"i=41,j=65"
3510,12.760295767024541,52.41893786647922,0.6868430220686723,"i=41,j=66"
3511,12.76044269644753,52.41894065075968,0.7439950799299295,"i=41,j=67"
3512,12.760589625894525,52.418943434857674,0.4020711190709896,"i=41,j=68"
3513,12.76073655536552,52.41894621877319,0.18377524290475544,"i=41,j=69"
3514,12.760883484860516,52.41894900250626,0.31655065174130215,"i=41,j=70"
3515,12.761030414379512,52.41895178605686,0.519074634273062,"i=41,j=71"
3516,12.761177343922501,52.418954569424976,0.6475026760400703,"i=41,j=72"
3517,12.761324273489489,52.41895735261065,0.5768864837945268,"i=41,j=73"
3518,12.761471203080468,52.41896013561385,0.20946940531853997,"i=41,j=74"
3519,12.761618132695443,52.41896291843459,0.020960205751187067,"i=41,j=75"
3520,12.761765062334405,52.41896570107286,0.7067084408992559,"i=41,j=76"
3521,12.76191199199736,52.41896848352865,0.17865660139153006,"i=41,j=77"
3522,12.7620589216843,52.418971265801986,0.9093680964512767,"i=41,j=78"
3523,12.762205851395226,52.41897404789286,0.2500739438896332,"i=41,j=79"
3524,12.762352781130138,52.41897682980127,0.545050630300594,"i=41,j=80"
3525,12.762499710889031,52.418979611527206,0.8544762739225833,"i=41,j=81"
3526,12.762646640671907,52.41898239307068,0.7487616552497051,"i=41,j=82"
3527,12.762793570478763,52.41898517443168,0.5104128190280631,"i=41,j=83"
3528,12.750603051923544,52.41866386671254,0.13801185917242997,"i=42,j=0"
3529,12.75074997946072,52.41866666302655,0.32361243841622667,"i=42,j=1"
3530,12.750896907022002,52.41866945915808,0.05086398944978887,"i=42,j=2"
3531,12.751043834607387,52.418672255107154,0.6207073207044942,"i=42,j=3"
3532,12.75119076221688,52.41867505087378,0.44719880312958815,"i=42,j=4"
3533,12.751337689850471,52.41867784645794,0.07391553838022025,"i=42,j=5"
3534,12.751484617508163,52.41868064185964,0.8489663856178967,"i=42,j=6"
3535,12.751631545189955,52.41868343707886,0.08201766480143258,"i=42,j=7"
3536,12.751778472895845,52.41868623211564,0.6533690151789888,"i=42,j=8"
3537,12.751925400625828,52.418689026969965,0.10490738018127554,"i=42,j=9"
3538,12.752072328379906,52.41869182164181,0.8613045918622451,"i=42,j=10"
3539,12.752219256158078,52.418694616131205,0.33570362422858646,"i=42,j=11"
3540,12.752366183960339,52.41869741043813,0.6274059935106271,"i=42,j=12"
3541,12.75251311178669,52.418700204562604,0.8339392192454412,"i=42,j=13"
3542,12.75266003963713,52.41870299850462,0.8974456859118943,"i=42,j=14"
3543,12.752806967511654,52.41870579226417,0.19807027904094,"i=42,j=15"
3544,12.752953895410265,52.41870858584125,0.3495123054834097,"i=42,j=16"
3545,12.753100823332957,52.41871137923588,0.673501915211609,"i=42,j=17"
3546,12.753247751279732,52.41871417244805,0.053210982775889204,"i=42,j=18"
3547,12.753394679250585,52.41871696547776,0.359880044773628,"i=42,j=19"
3548,12.753541607245518,52.418719758325,0.18059478016317,"i=42,j=20"
3549,12.753688535264528,52.418722550989784,0.1195347974882347,"i=42,j=21"
3550,12.753835463307613,52.418725343472104,0.24578549311491982,"i=42,j=22"
3551,12.753982391374771,52.418728135771964,0.7316221260587691,"i=42,j=23"
3552,12.754129319466003,52.418730927889364,0.19842393208484732,"i=42,j=24"
3553,12.754276247581302,52.418733719824296,0.9383610885943893,"i=42,j=25"
3554,12.754423175720673,52.41873651157677,0.19958127495059508,"i=42,j=26"
3555,12.75457010388411,52.41873930314678,0.6411095512060184,"i=42,j=27"
3556,12.754717032071614,52.41874209453433,0.6008717019308454,"i=42,j=28"
3557,12.754863960283181,52.418744885739414,0.554615237386707,"i=42,j=29"
3558,12.755010888518811,52.418747676762045,0.7651879959529254,"i=42,j=30"
3559,12.755157816778501,52.418750467602216,0.6801151034605742,"i=42,j=31"
3560,12.755304745062254,52.41875325825991,0.18602943206530465,"i=42,j=32"
3561,12.755451673370063,52.418756048735155,0.1974128342893906,"i=42,j=33"
3562,12.755598601701926,52.418758839027944,0.6605974323849527,"i=42,j=34"
3563,12.755745530057848,52.418761629138245,0.8626662463699696,"i=42,j=35"
3564,12.755892458437822,52.4187644190661,0.8197227478804994,"i=42,j=36"
3565,12.756039386841847,52.41876720881149,0.3840057317207751,"i=42,j=37"
3566,12.756186315269922,52.418769998374415,0.6339126204984914,"i=42,j=38"
3567,12.756333243722047,52.41877278775489,0.8049349698504653,"i=42,j=39"
3568,12.756480172198216,52.41877557695289,0.7544834671328711,"i=42,j=40"
3569,12.756627100698433,52.41877836596843,0.8048414148849846,"i=42,j=41"
3570,12.756774029222694,52.41878115480151,0.23671968989760328,"i=42,j=42"
3571,12.756920957770998,52.41878394345211,0.24170596515454612,"i=42,j=43"
3572,12.75706788634334,52.41878673192027,0.3791125881621038,"i=42,j=44"
3573,12.757214814939722,52.418789520205955,0.19910243080378487,"i=42,j=45"
3574,12.757361743560143,52.41879230830918,0.618239224939377,"i=42,j=46"
3575,12.7575086722046,52.41879509622993,0.6558089359170423,"i=42,j=47"
3576,12.75765560087309,52.41879788396823,0.15370239965524146,"i=42,j=48"
3577,12.757802529565613,52.41880067152407,0.6618003615603791,"i=42,j=49"
3578,12.757949458282168,52.41880345889744,0.6900233909656518,"i=42,j=50"
3579,12.758096387022754,52.418806246088344,0.17884975363358913,"i=42,j=51"
3580,12.758243315787368,52.41880903309679,0.45938530842996195,"i=42,j=52"
3581,12.758390244576006,52.41881181992277,0.7339390198061857,"i=42,j=53"
3582,12.758537173388671,52.41881460656629,0.5080565426149044,"i=42,j=54"
3583,12.75868410222536,52.41881739302734,0.5997998998624858,"i=42,j=55"
3584,12.75883103108607,52.41882017930592,0.303915200472091,"i=42,j=56"
3585,12.758977959970798,52.41882296540206,0.7426643891058667,"i=42,j=57"
3586,12.759124888879548,52.41882575131572,0.7167841639014324,"i=42,j=58"
3587,12.759271817812316,52.41882853704693,0.019986860701925124,"i=42,j=59"
3588,12.759418746769098,52.41883132259565,0.1358504504208773,"i=42,j=60"
3589,12.759565675749894,52.41883410796192,0.5890210019140282,"i=42,j=61"
3590,12.759712604754704,52.41883689314572,0.643891811674821,"i=42,j=62"
3591,12.759859533783523,52.418839678147066,0.994523640517665,"i=42,j=63"
3592,12.760006462836351,52.41884246296595,0.8399146317661376,"i=42,j=64"
3593,12.760153391913189,52.41884524760235,0.5659767920788333,"i=42,j=65"
3594,12.76030032101403,52.418848032056296,0.7881726623833797,"i=42,j=66"
3595,12.760447250138881,52.418850816327776,0.43658523170737407,"i=42,j=67"
3596,12.76059417928773,52.4188536004168,0.2696170258136156,"i=42,j=68"
3597,12.760741108460584,52.41885638432335,0.9923082285508037,"i=42,j=69"
3598,12.760888037657436,52.41885916804744,0.23328209772987085,"i=42,j=70"
3599,12.761034966878286,52.41886195158906,0.7452804537984685,"i=42,j=71"
3600,12.761181896123135,52.418864734948215,0.7433158201831769,"i=42,j=72"
3601,12.76132882539198,52.41886751812491,0.7919349836105025,"i=42,j=73"
3602,12.761475754684815,52.41887030111914,0.02821673153652471,"i=42,j=74"
3603,12.761622684001646,52.41887308393091,0.672098854445539,"i=42,j=75"
3604,12.761769613342464,52.4188758665602,0.010796705729161804,"i=42,j=76"
3605,12.761916542707274,52.41887864900703,0.20311308192712285,"i=42,j=77"
3606,12.762063472096067,52.41888143127141,0.0553539305720846,"i=42,j=78"
3607,12.76221040150885,52.4188842133533,0.9878448949122365,"i=42,j=79"
3608,12.762357330945616,52.41888699525275,0.49527851185537164,"i=42,j=80"
3609,12.762504260406365,52.41888977696972,0.34007968074169936,"i=42,j=81"
3610,12.762651189891097,52.418892558504226,0.5246697813579785,"i=42,j=82"
3611,12.762798119399806,52.41889533985626,0.06770456169107586,"i=42,j=83"
3612,12.750607625565971,52.41857403288164,0.7676597067350445,"i=43,j=0"
3613,12.750754552805015,52.41857682918662,0.2934145779820212,"i=43,j=1"
3614,12.750901480068165,52.41857962530915,0.7785242042328,"i=43,j=2"
3615,12.751048407355423,52.41858242124921,0.11423998216516573,"i=43,j=3"
3616,12.751195334666784,52.41858521700682,0.3563728257533856,"i=43,j=4"
3617,12.751342262002245,52.41858801258196,0.6404123315028867,"i=43,j=5"
3618,12.75148918936181,52.418590807974645,0.8066210647928934,"i=43,j=6"
3619,12.751636116745468,52.41859360318487,0.8865133360018314,"i=43,j=7"
3620,12.751783044153226,52.418596398212635,0.7842923502231914,"i=43,j=8"
3621,12.75192997158508,52.41859919305794,0.108824177788588,"i=43,j=9"
3622,12.752076899041025,52.41860198772079,0.7769394607630694,"i=43,j=10"
3623,12.752223826521064,52.41860478220118,0.893743439213837,"i=43,j=11"
3624,12.752370754025195,52.4186075764991,0.5285534314149699,"i=43,j=12"
3625,12.752517681553414,52.418610370614566,0.79642554365255,"i=43,j=13"
3626,12.752664609105722,52.418613164547565,0.9923436009622258,"i=43,j=14"
3627,12.752811536682115,52.418615958298105,0.926234081430554,"i=43,j=15"
3628,12.75295846428259,52.418618751866205,0.07704683599633444,"i=43,j=16"
3629,12.753105391907152,52.41862154525182,0.7791573128173076,"i=43,j=17"
3630,12.753252319555793,52.41862433845498,0.9089308889834393,"i=43,j=18"
3631,12.753399247228515,52.41862713147568,0.11274726133422097,"i=43,j=19"
3632,12.753546174925313,52.418629924313926,0.3076468947944794,"i=43,j=20"
3633,12.75369310264619,52.418632716969704,0.8969482719549277,"i=43,j=21"
3634,12.75384003039114,52.41863550944303,0.1842492594896208,"i=43,j=22"
3635,12.753986958160166,52.418638301733885,0.24636504153859295,"i=43,j=23"
3636,12.754133885953264,52.418641093842275,0.7655895484286062,"i=43,j=24"
3637,12.75428081377043,52.418643885768205,0.27541343119181894,"i=43,j=25"
3638,12.754427741611666,52.418646677511695,0.409140429290228,"i=43,j=26"
3639,12.754574669476968,52.418649469072705,0.27561967686842714,"i=43,j=27"
3640,12.754721597366338,52.41865226045125,0.6980464311705006,"i=43,j=28"
3641,12.75486852527977,52.41865505164734,0.7207717657274177,"i=43,j=29"
3642,12.755015453217265,52.41865784266098,0.282983190909322,"i=43,j=30"
3643,12.755162381178822,52.41866063349214,0.47764107387734556,"i=43,j=31"
3644,12.755309309164439,52.418663424140846,0.29283158465164405,"i=43,j=32"
3645,12.75545623717411,52.41866621460709,0.7723248553755562,"i=43,j=33"
3646,12.755603165207841,52.41866900489087,0.6810785139810314,"i=43,j=34"
3647,12.755750093265625,52.4186717949922,0.2587494153301806,"i=43,j=35"
3648,12.755897021347463,52.41867458491106,0.9513393822449224,"i=43,j=36"
3649,12.756043949453353,52.41867737464745,0.5145955147929964,"i=43,j=37"
3650,12.756190877583292,52.41868016420138,0.7380727512705954,"i=43,j=38"
3651,12.75633780573728,52.41868295357286,0.2397415927503077,"i=43,j=39"
3652,12.756484733915313,52.418685742761866,0.42639861200111573,"i=43,j=40"
3653,12.756631662117394,52.41868853176842,0.507749498616081,"i=43,j=41"
3654,12.756778590343515,52.41869132059252,0.6632889587883766,"i=43,j=42"
3655,12.756925518593683,52.41869410923413,0.5605431663573682,"i=43,j=43"
3656,12.757072446867888,52.41869689769329,0.7966839162027456,"i=43,j=44"
3657,12.757219375166134,52.41869968596999,0.44504168956101586,"i=43,j=45"
3658,12.757366303488416,52.41870247406423,0.0696189891794089,"i=43,j=46"
3659,12.757513231834736,52.418705261976,0.7456637711296928,"i=43,j=47"
3660,12.757660160205088,52.418708049705316,0.3868863485572891,"i=43,j=48"
3661,12.757807088599474,52.41871083725216,0.7222696309916611,"i=43,j=49"
3662,12.757954017017891,52.41871362461655,0.6708687490149714,"i=43,j=50"
3663,12.758100945460336,52.41871641179848,0.9011825527427229,"i=43,j=51"
3664,12.75824787392681,52.41871919879793,0.9354575527435678,"i=43,j=52"
3665,12.758394802417312,52.41872198561492,0.14019898412840914,"i=43,j=53"
3666,12.758541730931839,52.41872477224946,0.8887730715270208,"i=43,j=54"
3667,12.758688659470387,52.418727558701534,0.638794705601687,"i=43,j=55"
3668,12.758835588032959,52.41873034497114,0.6933534165055513,"i=43,j=56"
3669,12.758982516619549,52.41873313105828,0.01584775754683654,"i=43,j=57"
3670,12.759129445230158,52.418735916962966,0.8774995435836707,"i=43,j=58"
3671,12.759276373864786,52.41873870268519,0.769169029944744,"i=43,j=59"
3672,12.759423302523427,52.41874148822493,0.5805696977668279,"i=43,j=60"
3673,12.759570231206084,52.41874427358223,0.21420785430750222,"i=43,j=61"
3674,12.759717159912752,52.418747058757056,0.9119204731638915,"i=43,j=62"
3675,12.75986408864343,52.41874984374942,0.1755590684239864,"i=43,j=63"
3676,12.76001101739812,52.41875262855931,0.6144981998752145,"i=43,j=64"
3677,12.760157946176816,52.418755413186744,0.3742603687330349,"i=43,j=65"
3678,12.76030487497952,52.41875819763172,0.3232100617814575,"i=43,j=66"
3679,12.760451803806227,52.41876098189423,0.41636047421314304,"i=43,j=67"
3680,12.760598732656936,52.41876376597427,0.1930005282565842,"i=43,j=68"
3681,12.760745661531647,52.41876654987185,0.1307702693883177,"i=43,j=69"
3682,12.760892590430357,52.418769333586965,0.11319454053218303,"i=43,j=70"
3683,12.761039519353067,52.41877211711961,0.9252993800421412,"i=43,j=71"
3684,12.761186448299773,52.4187749004698,0.11664636062894918,"i=43,j=72"
3685,12.761333377270475,52.41877768363752,0.6160928954365663,"i=43,j=73"
3686,12.761480306265168,52.41878046662278,0.06151484498247339,"i=43,j=74"
3687,12.761627235283855,52.41878324942557,0.08090473273971521,"i=43,j=75"
3688,12.761774164326534,52.41878603204591,0.27042248370358446,"i=43,j=76"
3689,12.761921093393198,52.41878881448376,0.31602918676686087,"i=43,j=77"
3690,12.76206802248385,52.41879159673916,0.16492474524394096,"i=43,j=78"
3691,12.76221495159849,52.4187943788121,0.37768561789955146,"i=43,j=79"
3692,12.762361880737114,52.41879716070257,0.4950331901185496,"i=43,j=80"
3693,12.762508809899717,52.418799942410566,0.4532081767657493,"i=43,j=81"
3694,12.762655739086306,52.4188027239361,0.41353641416080733,"i=43,j=82"
3695,12.762802668296873,52.41880550527919,0.8937216449422747,"i=43,j=83"
3696,12.750612199184287,52.4184841990491,0.2885740983215549,"i=44,j=0"
3697,12.750759126125205,52.418486995345056,0.2999544878080649,"i=44,j=1"
3698,12.75090605309023,52.41848979145857,0.7648023025675833,"i=44,j=2"
3699,12.751052980079356,52.418492587389615,0.08678418928219933,"i=44,j=3"
3700,12.751199907092586,52.41849538313821,0.1766557360773956,"i=44,j=4"
3701,12.75134683412992,52.41849817870434,0.30492989882667554,"i=44,j=5"
3702,12.751493761191353,52.418500974088026,0.3061442066076049,"i=44,j=6"
3703,12.751640688276884,52.41850376928924,0.769524195162277,"i=44,j=7"
3704,12.751787615386514,52.41850656430798,0.19399864103621256,"i=44,j=8"
3705,12.751934542520235,52.41850935914429,0.5738290711637151,"i=44,j=9"
3706,12.752081469678053,52.418512153798126,0.4241430609404171,"i=44,j=10"
3707,12.752228396859962,52.41851494826951,0.06570481350543367,"i=44,j=11"
3708,12.75237532406596,52.41851774255842,0.7655083901987173,"i=44,j=12"
3709,12.752522251296051,52.41852053666487,0.5841441959402324,"i=44,j=13"
3710,12.752669178550226,52.41852333058887,0.8190242459866499,"i=44,j=14"
3711,12.752816105828488,52.41852612433041,0.4709813279038402,"i=44,j=15"
3712,12.752963033130834,52.41852891788949,0.771931199034706,"i=44,j=16"
3713,12.753109960457264,52.418531711266105,0.26767310212784545,"i=44,j=17"
3714,12.753256887807774,52.41853450446026,0.528259682134511,"i=44,j=18"
3715,12.753403815182365,52.418537297471964,0.8584927112574269,"i=44,j=19"
3716,12.753550742581032,52.4185400903012,0.31795309300928787,"i=44,j=20"
3717,12.753697670003778,52.418542882947975,0.6936785645745893,"i=44,j=21"
3718,12.753844597450597,52.4185456754123,0.1969765675080617,"i=44,j=22"
3719,12.753991524921489,52.41854846769416,0.7535915960559435,"i=44,j=23"
3720,12.754138452416454,52.418551259793546,0.31128562887479394,"i=44,j=24"
3721,12.754285379935487,52.41855405171049,0.382299918352361,"i=44,j=25"
3722,12.75443230747859,52.41855684344497,0.26632550602023397,"i=44,j=26"
3723,12.754579235045762,52.418559634996974,0.3601677041244924,"i=44,j=27"
3724,12.754726162636997,52.41856242636652,0.22698824698999165,"i=44,j=28"
3725,12.754873090252296,52.41856521755363,0.5670203914246155,"i=44,j=29"
3726,12.755020017891658,52.41856800855825,0.46866760589210876,"i=44,j=30"
3727,12.75516694555508,52.41857079938043,0.05903086242961808,"i=44,j=31"
3728,12.755313873242564,52.41857359002013,0.8653134252278801,"i=44,j=32"
3729,12.755460800954102,52.41857638047738,0.8674482785485413,"i=44,j=33"
3730,12.755607728689698,52.418579170752174,0.7368332208264808,"i=44,j=34"
3731,12.75575465644935,52.41858196084449,0.9610124411870522,"i=44,j=35"
3732,12.755901584233053,52.41858475075436,0.8675730774747801,"i=44,j=36"
3733,12.756048512040808,52.418587540481774,0.39156856523044115,"i=44,j=37"
3734,12.756195439872611,52.41859033002671,0.22639126093772377,"i=44,j=38"
3735,12.756342367728465,52.418593119389186,0.7712621562157813,"i=44,j=39"
3736,12.756489295608365,52.41859590856921,0.30396346103187266,"i=44,j=40"
3737,12.756636223512308,52.41859869756677,0.2121606944256723,"i=44,j=41"
3738,12.756783151440297,52.418601486381874,0.3075093437384472,"i=44,j=42"
3739,12.756930079392328,52.4186042750145,0.1631515326155477,"i=44,j=43"
3740,12.757077007368398,52.41860706346468,0.08473020893012884,"i=44,j=44"
3741,12.757223935368508,52.41860985173238,0.9456943328460797,"i=44,j=45"
3742,12.757370863392655,52.41861263981764,0.7403944508751426,"i=44,j=46"
3743,12.757517791440835,52.418615427720425,0.6975693679885528,"i=44,j=47"
3744,12.757664719513054,52.418618215440745,0.860724480456424,"i=44,j=48"
3745,12.757811647609302,52.41862100297861,0.713210803506713,"i=44,j=49"
3746,12.757958575729583,52.41862379033401,0.9971407082463335,"i=44,j=50"
3747,12.75810550387389,52.418626577506956,0.1232998078954689,"i=44,j=51"
3748,12.75825243204223,52.41862936449743,0.7025354100614145,"i=44,j=52"
3749,12.758399360234593,52.41863215130543,0.6718538112418065,"i=44,j=53"
3750,12.758546288450981,52.41863493793098,0.06870185007522855,"i=44,j=54"
3751,12.758693216691393,52.41863772437408,0.3837949032281429,"i=44,j=55"
3752,12.758840144955826,52.4186405106347,0.9141661069952367,"i=44,j=56"
3753,12.758987073244278,52.418643296712865,0.21210350960383872,"i=44,j=57"
3754,12.75913400155675,52.41864608260856,0.46962378388846604,"i=44,j=58"
3755,12.759280929893238,52.4186488683218,0.6371172457125787,"i=44,j=59"
3756,12.759427858253744,52.41865165385258,0.16022749486040144,"i=44,j=60"
3757,12.759574786638263,52.418654439200886,0.9063819430000686,"i=44,j=61"
3758,12.75972171504679,52.41865722436674,0.7327097739812123,"i=44,j=62"
3759,12.759868643479331,52.41866000935013,0.6021391941347864,"i=44,j=63"
3760,12.760015571935881,52.41866279415104,0.8873862426639032,"i=44,j=64"
3761,12.760162500416438,52.4186655787695,0.035268654351151674,"i=44,j=65"
3762,12.760309428921001,52.41866836320549,0.13531040777874337,"i=44,j=66"
3763,12.760456357449568,52.41867114745903,0.5811063716754488,"i=44,j=67"
3764,12.760603286002139,52.418673931530094,0.914251479286652,"i=44,j=68"
3765,12.76075021457871,52.418676715418705,0.22653030038081556,"i=44,j=69"
3766,12.760897143179282,52.418679499124835,0.12881226554740666,"i=44,j=70"
3767,12.76104407180385,52.41868228264852,0.415631422447971,"i=44,j=71"
3768,12.761191000452415,52.41868506598973,0.47318649533846724,"i=44,j=72"
3769,12.761337929124977,52.418687849148476,0.787552283282837,"i=44,j=73"
3770,12.76148485782153,52.41869063212477,0.6686062803471008,"i=44,j=74"
3771,12.761631786542077,52.41869341491859,0.46451930481990156,"i=44,j=75"
3772,12.761778715286612,52.41869619752995,0.4172520689521192,"i=44,j=76"
3773,12.761925644055136,52.41869897995884,0.9642292419792954,"i=44,j=77"
3774,12.762072572847648,52.418701762205274,0.24469874661820812,"i=44,j=78"
3775,12.762219501664145,52.41870454426924,0.35499898170330635,"i=44,j=79"
3776,12.762366430504628,52.418707326150745,0.016554540197688317,"i=44,j=80"
3777,12.762513359369091,52.41871010784978,0.60308665832031,"i=44,j=81"
3778,12.762660288257534,52.41871288936635,0.432209420397088,"i=44,j=82"
3779,12.762807217169959,52.41871567070045,0.6266105347827929,"i=44,j=83"
3780,12.750616772778498,52.41839436521488,0.193751595624996,"i=45,j=0"
3781,12.750763699421288,52.41839716150183,0.9357646452390593,"i=45,j=1"
3782,12.750910626088185,52.418399957606326,0.5025084186430038,"i=45,j=2"
3783,12.751057552779185,52.41840275352837,0.5421629639144736,"i=45,j=3"
3784,12.75120447949429,52.41840554926795,0.5183931297553352,"i=45,j=4"
3785,12.751351406233495,52.41840834482507,0.6249871585294241,"i=45,j=5"
3786,12.7514983329968,52.41841114019973,0.3623581074381944,"i=45,j=6"
3787,12.751645259784203,52.41841393539193,0.8892775600807199,"i=45,j=7"
3788,12.751792186595704,52.41841673040169,0.8075978660410611,"i=45,j=8"
3789,12.751939113431298,52.41841952522897,0.8396496028595931,"i=45,j=9"
3790,12.752086040290987,52.4184223198738,0.5756698524066556,"i=45,j=10"
3791,12.752232967174768,52.418425114336166,0.10637307520105599,"i=45,j=11"
3792,12.752379894082639,52.418427908616074,0.20138817648129104,"i=45,j=12"
3793,12.7525268210146,52.41843070271353,0.5075289138653017,"i=45,j=13"
3794,12.752673747970645,52.41843349662852,0.38742362537463226,"i=45,j=14"
3795,12.75282067495078,52.41843629036106,0.8576449741812299,"i=45,j=15"
3796,12.752967601954994,52.418439083911124,0.5616257608909255,"i=45,j=16"
3797,12.753114528983296,52.418441877278745,0.44717523622166844,"i=45,j=17"
3798,12.753261456035675,52.41844467046389,0.5154946047442182,"i=45,j=18"
3799,12.753408383112134,52.41844746346659,0.15623903175492926,"i=45,j=19"
3800,12.753555310212674,52.418450256286825,0.7474922662519335,"i=45,j=20"
3801,12.753702237337288,52.418453048924604,0.6795438576499476,"i=45,j=21"
3802,12.753849164485977,52.41845584137992,0.2482493813449267,"i=45,j=22"
3803,12.75399609165874,52.41845863365276,0.22848690771797253,"i=45,j=23"
3804,12.754143018855572,52.41846142574317,0.48948063488668325,"i=45,j=24"
3805,12.754289946076476,52.418464217651106,0.27838796182718806,"i=45,j=25"
3806,12.754436873321447,52.41846700937658,0.1608656797307486,"i=45,j=26"
3807,12.754583800590488,52.418469800919596,0.5136599478363896,"i=45,j=27"
3808,12.754730727883592,52.41847259228015,0.20304794844386875,"i=45,j=28"
3809,12.754877655200762,52.41847538345825,0.6372181990227261,"i=45,j=29"
3810,12.75502458254199,52.41847817445388,0.36136719226441716,"i=45,j=30"
3811,12.755171509907282,52.41848096526706,0.38272333822063354,"i=45,j=31"
3812,12.755318437296632,52.418483755897775,0.4517950160684099,"i=45,j=32"
3813,12.755465364710039,52.41848654634603,0.09472388900399387,"i=45,j=33"
3814,12.755612292147502,52.41848933661182,0.36026240414868027,"i=45,j=34"
3815,12.75575921960902,52.41849212669515,0.05170900609337692,"i=45,j=35"
3816,12.755906147094592,52.418494916596025,0.20194656621056228,"i=45,j=36"
3817,12.756053074604212,52.41849770631444,0.9622451981117204,"i=45,j=37"
3818,12.756200002137884,52.41850049585038,0.7404137618155223,"i=45,j=38"
3819,12.756346929695605,52.41850328520388,0.9438367095327165,"i=45,j=39"
3820,12.75649385727737,52.41850607437491,0.2401271441211773,"i=45,j=40"
3821,12.756640784883182,52.41850886336348,0.027052017697315134,"i=45,j=41"
3822,12.756787712513034,52.41851165216958,0.6853596010043823,"i=45,j=42"
3823,12.756934640166932,52.41851444079322,0.948254748791468,"i=45,j=43"
3824,12.757081567844867,52.4185172292344,0.18818870118269082,"i=45,j=44"
3825,12.757228495546844,52.41852001749312,0.4603260594566412,"i=45,j=45"
3826,12.757375423272856,52.418522805569395,0.6132954588722485,"i=45,j=46"
3827,12.757522351022903,52.41852559346319,0.2693209152392778,"i=45,j=47"
3828,12.757669278796985,52.418528381174525,0.6742299811376424,"i=45,j=48"
3829,12.7578162065951,52.41853116870341,0.15243381349394725,"i=45,j=49"
3830,12.757963134417245,52.41853395604982,0.9799735733433778,"i=45,j=50"
3831,12.75811006226342,52.41853674321377,0.6616108512016621,"i=45,j=51"
3832,12.75825699013362,52.41853953019526,0.7219324992836149,"i=45,j=52"
3833,12.758403918027849,52.4185423169943,0.4748612479731652,"i=45,j=53"
3834,12.758550845946102,52.41854510361085,0.981603862574139,"i=45,j=54"
3835,12.758697773888379,52.41854789004498,0.04118108785959951,"i=45,j=55"
3836,12.758844701854674,52.41855067629662,0.7934816467093212,"i=45,j=56"
3837,12.75899162984499,52.41855346236579,0.6491978969013509,"i=45,j=57"
3838,12.759138557859325,52.41855624825251,0.9304414999529543,"i=45,j=58"
3839,12.75928548589768,52.418559033956775,0.7524656059069975,"i=45,j=59"
3840,12.759432413960045,52.41856181947856,0.188180492775477,"i=45,j=60"
3841,12.759579342046427,52.418564604817895,0.4493374892991725,"i=45,j=61"
3842,12.75972627015682,52.41856738997477,0.8706794040773675,"i=45,j=62"
3843,12.759873198291222,52.418570174949174,0.2428148064839285,"i=45,j=63"
3844,12.760020126449636,52.41857295974111,0.8673838942454668,"i=45,j=64"
3845,12.760167054632054,52.418575744350605,0.5885913090751846,"i=45,j=65"
3846,12.76031398283848,52.41857852877762,0.5586593866905971,"i=45,j=66"
3847,12.760460911068908,52.41858131302217,0.35172875693279904,"i=45,j=67"
3848,12.76060783932334,52.41858409708426,0.4794482124059978,"i=45,j=68"
3849,12.760754767601775,52.4185868809639,0.18804994321938084,"i=45,j=69"
3850,12.760901695904208,52.41858966466107,0.8994665381844852,"i=45,j=70"
3851,12.761048624230638,52.41859244817578,0.7815054181180939,"i=45,j=71"
3852,12.761195552581063,52.418595231508014,0.7154448682041162,"i=45,j=72"
3853,12.761342480955486,52.41859801465779,0.352124097057649,"i=45,j=73"
3854,12.7614894093539,52.41860079762512,0.7702583629480646,"i=45,j=74"
3855,12.761636337776306,52.41860358040995,0.32182808724016987,"i=45,j=75"
3856,12.761783266222704,52.418606363012344,0.8348906914796564,"i=45,j=76"
3857,12.761930194693086,52.41860914543227,0.6446246112261091,"i=45,j=77"
3858,12.76207712318746,52.41861192766974,0.6836274627670822,"i=45,j=78"
3859,12.762224051705816,52.41861470972473,0.2937141337195174,"i=45,j=79"
3860,12.762370980248157,52.41861749159726,0.9631551665092435,"i=45,j=80"
3861,12.762517908814482,52.41862027328733,0.8703181022767661,"i=45,j=81"
3862,12.762664837404786,52.418623054794935,0.29832328871481995,"i=45,j=82"
3863,12.762811766019068,52.418625836120086,0.33995153975229364,"i=45,j=83"
3864,12.7506213463486,52.41830453137901,0.7882645773260613,"i=46,j=0"
3865,12.750768272693266,52.41830732765696,0.7080334836720094,"i=46,j=1"
3866,12.750915199062037,52.418310123752434,0.018500114250206035,"i=46,j=2"
3867,12.751062125454911,52.41831291966545,0.27116560283194635,"i=46,j=3"
3868,12.751209051871891,52.41831571539603,0.8323569890060903,"i=46,j=4"
3869,12.751355978312969,52.41831851094413,0.18530907804290098,"i=46,j=5"
3870,12.751502904778148,52.418321306309785,0.559049004524894,"i=46,j=6"
3871,12.751649831267427,52.41832410149298,0.9900572716490974,"i=46,j=7"
3872,12.751796757780799,52.41832689649372,0.0928808329653481,"i=46,j=8"
3873,12.751943684318269,52.418329691311996,0.9878620703593117,"i=46,j=9"
3874,12.75209061087983,52.418332485947815,0.12705321545053883,"i=46,j=10"
3875,12.752237537465483,52.41833528040118,0.37098305692764433,"i=46,j=11"
3876,12.752384464075227,52.41833807467208,0.8176060966662583,"i=46,j=12"
3877,12.752531390709061,52.418340868760524,0.47614452495311077,"i=46,j=13"
3878,12.75267831736698,52.41834366266651,0.5283511386795775,"i=46,j=14"
3879,12.752825244048985,52.41834645639003,0.7685782841397486,"i=46,j=15"
3880,12.752972170755074,52.418349249931104,0.802334675472423,"i=46,j=16"
3881,12.753119097485246,52.418352043289715,0.5516273089321979,"i=46,j=17"
3882,12.753266024239498,52.418354836465866,0.21609770376314452,"i=46,j=18"
3883,12.75341295101783,52.41835762945955,0.15531451693079734,"i=46,j=19"
3884,12.75355987782024,52.41836042227079,0.5766513255702281,"i=46,j=20"
3885,12.753706804646725,52.41836321489956,0.615758994329155,"i=46,j=21"
3886,12.753853731497285,52.418366007345874,0.17828970963664204,"i=46,j=22"
3887,12.75400065837192,52.41836879960972,0.7114409249980289,"i=46,j=23"
3888,12.754147585270623,52.41837159169113,0.05816883663674244,"i=46,j=24"
3889,12.754294512193397,52.418374383590056,0.20616264335670165,"i=46,j=25"
3890,12.754441439140239,52.41837717530654,0.4899603581935551,"i=46,j=26"
3891,12.75458836611115,52.418379966840554,0.4453801567372181,"i=46,j=27"
3892,12.754735293106124,52.41838275819212,0.9512444898995907,"i=46,j=28"
3893,12.754882220125161,52.41838554936121,0.6584857461528658,"i=46,j=29"
3894,12.755029147168262,52.41838834034786,0.36882156102436625,"i=46,j=30"
3895,12.755176074235424,52.41839113115203,0.9408490201215808,"i=46,j=31"
3896,12.755323001326643,52.41839392177374,0.8989505478384847,"i=46,j=32"
3897,12.755469928441919,52.418396712213,0.5783877530584808,"i=46,j=33"
3898,12.755616855581252,52.418399502469796,0.4709707528509324,"i=46,j=34"
3899,12.755763782744639,52.41840229254414,0.19713516178637913,"i=46,j=35"
3900,12.75591070993208,52.41840508243602,0.6731674758440259,"i=46,j=36"
3901,12.75605763714357,52.41840787214543,0.8293853727676728,"i=46,j=37"
3902,12.756204564379109,52.4184106616724,0.2495903787854722,"i=46,j=38"
3903,12.756351491638696,52.41841345101689,0.18668910195579225,"i=46,j=39"
3904,12.756498418922332,52.41841624017893,0.74564248128666,"i=46,j=40"
3905,12.756645346230009,52.41841902915851,0.2583566983450145,"i=46,j=41"
3906,12.756792273561732,52.41842181795562,0.2374453635075937,"i=46,j=42"
3907,12.756939200917497,52.418424606570284,0.21716350087308545,"i=46,j=43"
3908,12.757086128297301,52.41842739500248,0.5183795796862402,"i=46,j=44"
3909,12.757233055701143,52.41843018325221,0.3574374101078279,"i=46,j=45"
3910,12.757379983129022,52.41843297131948,0.7142542780443767,"i=46,j=46"
3911,12.757526910580937,52.4184357592043,0.4518411239339508,"i=46,j=47"
3912,12.757673838056887,52.41843854690665,0.5142689364750557,"i=46,j=48"
3913,12.757820765556867,52.41844133442654,0.8779334943726016,"i=46,j=49"
3914,12.757967693080877,52.41844412176397,0.8726304242864912,"i=46,j=50"
3915,12.758114620628918,52.41844690891894,0.5790092081898298,"i=46,j=51"
3916,12.758261548200988,52.41844969589145,0.9946211602648796,"i=46,j=52"
3917,12.758408475797081,52.41845248268149,0.915660775445751,"i=46,j=53"
3918,12.758555403417198,52.418455269289076,0.8295200692191605,"i=46,j=54"
3919,12.758702331061341,52.4184580557142,0.7136867931673437,"i=46,j=55"
3920,12.758849258729503,52.41846084195686,0.6030210069087657,"i=46,j=56"
3921,12.758996186421683,52.418463628017065,0.6681229228952509,"i=46,j=57"
3922,12.759143114137885,52.418466413894805,0.8050281389533787,"i=46,j=58"
3923,12.759290041878103,52.418469199590085,0.2223720890732952,"i=46,j=59"
3924,12.759436969642335,52.41847198510289,0.17207338970785824,"i=46,j=60"
3925,12.759583897430579,52.41847477043325,0.18297357155402405,"i=46,j=61"
3926,12.759730825242837,52.418477555581134,0.9207774981244077,"i=46,j=62"
3927,12.759877753079104,52.41848034054656,0.45562087646851424,"i=46,j=63"
3928,12.760024680939381,52.418483125329544,0.30702259098085394,"i=46,j=64"
3929,12.760171608823665,52.41848590993005,0.7271974958347758,"i=46,j=65"
3930,12.760318536731953,52.41848869434809,0.9625268952026163,"i=46,j=66"
3931,12.760465464664247,52.41849147858367,0.5643377312053844,"i=46,j=67"
3932,12.760612392620542,52.418494262636784,0.7838425243051709,"i=46,j=68"
3933,12.760759320600837,52.41849704650745,0.12898289651992856,"i=46,j=69"
3934,12.760906248605133,52.41849983019563,0.192866600792569,"i=46,j=70"
3935,12.761053176633427,52.418502613701364,0.26868896539781806,"i=46,j=71"
3936,12.761200104685717,52.41850539702463,0.8167389368462499,"i=46,j=72"
3937,12.761347032762,52.41850818016545,0.9558010708680612,"i=46,j=73"
3938,12.761493960862278,52.418510963123786,0.5559280757002151,"i=46,j=74"
3939,12.761640888986548,52.418513745899666,0.4940571314915647,"i=46,j=75"
3940,12.761787817134804,52.418516528493086,0.6716531197072143,"i=46,j=76"
3941,12.761934745307052,52.41851931090404,0.6071370736344848,"i=46,j=77"
3942,12.762081673503285,52.41852209313254,0.9887165408057836,"i=46,j=78"
3943,12.762228601723505,52.41852487517856,0.5650626334096346,"i=46,j=79"
3944,12.762375529967708,52.418527657042134,0.5505683084837946,"i=46,j=80"
3945,12.762522458235892,52.41853043872323,0.7816398592664207,"i=46,j=81"
3946,12.762669386528056,52.41853322022187,0.7388953880935392,"i=46,j=82"
3947,12.762816314844201,52.41853600153805,0.7375289702030058,"i=46,j=83"
3948,12.750625919894597,52.41821469754149,0.043417309680973126,"i=47,j=0"
3949,12.750772845941137,52.41821749381042,0.4503494553110363,"i=47,j=1"
3950,12.750919772011784,52.41822028989689,0.27392395897086474,"i=47,j=2"
3951,12.751066698106536,52.4182230858009,0.7082550925225193,"i=47,j=3"
3952,12.75121362422539,52.418225881522446,0.8557451442498178,"i=47,j=4"
3953,12.751360550368345,52.41822867706155,0.600277977061927,"i=47,j=5"
3954,12.7515074765354,52.41823147241819,0.5867134252327798,"i=47,j=6"
3955,12.751654402726551,52.41823426759238,0.6833840167310784,"i=47,j=7"
3956,12.7518013289418,52.4182370625841,0.8424081643335091,"i=47,j=8"
3957,12.751948255181144,52.418239857393374,0.4492282383313846,"i=47,j=9"
3958,12.752095181444579,52.41824265202018,0.8450559629894185,"i=47,j=10"
3959,12.752242107732108,52.41824544646453,0.9451526641588585,"i=47,j=11"
3960,12.752389034043727,52.41824824072643,0.53923746595714,"i=47,j=12"
3961,12.752535960379435,52.41825103480586,0.9191369541579225,"i=47,j=13"
3962,12.752682886739228,52.41825382870284,0.05064772563983844,"i=47,j=14"
3963,12.752829813123107,52.418256622417374,0.09297504783882893,"i=47,j=15"
3964,12.75297673953107,52.41825941594943,0.2873012230586728,"i=47,j=16"
3965,12.753123665963116,52.41826220929904,0.08675144697318038,"i=47,j=17"
3966,12.753270592419241,52.41826500246618,0.04528597438026938,"i=47,j=18"
3967,12.753417518899447,52.41826779545086,0.022500293247182612,"i=47,j=19"
3968,12.753564445403729,52.4182705882531,0.8178115789460806,"i=47,j=20"
3969,12.753711371932088,52.41827338087287,0.20578012915427257,"i=47,j=21"
3970,12.75385829848452,52.418276173310176,0.12719985306848802,"i=47,j=22"
3971,12.754005225061025,52.41827896556503,0.13613907884359,"i=47,j=23"
3972,12.754152151661604,52.41828175763742,0.5049265346639259,"i=47,j=24"
3973,12.75429907828625,52.418284549527364,0.7433684278808907,"i=47,j=25"
3974,12.754446004934964,52.41828734123484,0.09396404207887576,"i=47,j=26"
3975,12.754592931607746,52.41829013275986,0.1566150953524491,"i=47,j=27"
3976,12.754739858304593,52.418292924102424,0.7321714748893756,"i=47,j=28"
3977,12.754886785025503,52.418295715262516,0.0899634279544933,"i=47,j=29"
3978,12.755033711770475,52.418298506240156,0.18098079717452842,"i=47,j=30"
3979,12.755180638539507,52.41830129703534,0.4296370542345569,"i=47,j=31"
3980,12.755327565332596,52.41830408764806,0.35648749355796194,"i=47,j=32"
3981,12.755474492149744,52.418306878078326,0.8455804797109691,"i=47,j=33"
3982,12.755621418990948,52.41830966832613,0.8028099834456351,"i=47,j=34"
3983,12.755768345856204,52.418312458391476,0.03688828081817752,"i=47,j=35"
3984,12.755915272745515,52.41831524827437,0.5967044214753844,"i=47,j=36"
3985,12.756062199658876,52.418318037974785,0.5966560108548656,"i=47,j=37"
3986,12.756209126596286,52.41832082749276,0.02120874784402682,"i=47,j=38"
3987,12.756356053557743,52.41832361682826,0.12355906382601034,"i=47,j=39"
3988,12.756502980543248,52.41832640598131,0.25882148189859033,"i=47,j=40"
3989,12.756649907552797,52.418329194951895,0.841492457781566,"i=47,j=41"
3990,12.756796834586389,52.418331983740025,0.22238096731684087,"i=47,j=42"
3991,12.756943761644022,52.41833477234568,0.9106676266848902,"i=47,j=43"
3992,12.757090688725693,52.41833756076888,0.377201745996242,"i=47,j=44"
3993,12.757237615831407,52.41834034900964,0.7874471101852034,"i=47,j=45"
3994,12.757384542961155,52.41834313706792,0.8257566676949827,"i=47,j=46"
3995,12.757531470114937,52.41834592494376,0.7121841989084621,"i=47,j=47"
3996,12.757678397292754,52.41834871263711,0.8547704803254809,"i=47,j=48"
3997,12.757825324494602,52.41835150014802,0.8643925371652857,"i=47,j=49"
3998,12.757972251720481,52.41835428747647,0.7917961422833558,"i=47,j=50"
3999,12.758119178970391,52.418357074622456,0.8888189769917394,"i=47,j=51"
4000,12.758266106244326,52.41835986158598,0.2501838701624597,"i=47,j=52"
4001,12.758413033542288,52.41836264836704,0.7470012775938065,"i=47,j=53"
4002,12.758559960864273,52.41836543496565,0.32759261799313966,"i=47,j=54"
4003,12.758706888210282,52.41836822138178,0.5410181410232248,"i=47,j=55"
4004,12.758853815580311,52.418371007615455,0.4656392794139511,"i=47,j=56"
4005,12.759000742974361,52.41837379366668,0.6346316498352773,"i=47,j=57"
4006,12.759147670392426,52.41837657953544,0.2196977501955708,"i=47,j=58"
4007,12.759294597834511,52.41837936522174,0.7682920357856757,"i=47,j=59"
4008,12.75944152530061,52.41838215072558,0.5782509173689716,"i=47,j=60"
4009,12.759588452790721,52.41838493604694,0.23642940378213184,"i=47,j=61"
4010,12.759735380304846,52.41838772118586,0.8287851207753981,"i=47,j=62"
4011,12.759882307842979,52.41839050614231,0.05317660218464226,"i=47,j=63"
4012,12.76002923540512,52.418393290916306,0.6218384568350153,"i=47,j=64"
4013,12.76017616299127,52.41839607550784,0.1180922530867139,"i=47,j=65"
4014,12.760323090601425,52.418398859916906,0.45473837871185263,"i=47,j=66"
4015,12.760470018235582,52.418401644143515,0.4390024623453027,"i=47,j=67"
4016,12.760616945893743,52.41840442818765,0.5339574292546795,"i=47,j=68"
4017,12.760763873575904,52.41840721204933,0.2935191193449971,"i=47,j=69"
4018,12.760910801282064,52.41840999572855,0.3054690781271956,"i=47,j=70"
4019,12.76105772901222,52.418412779225314,0.9789068660582263,"i=47,j=71"
4020,12.761204656766376,52.418415562539614,0.3818585737270753,"i=47,j=72"
4021,12.761351584544524,52.418418345671434,0.2814968936777067,"i=47,j=73"
4022,12.761498512346666,52.41842112862081,0.5841497592643302,"i=47,j=74"
4023,12.761645440172797,52.41842391138773,0.542599118607719,"i=47,j=75"
4024,12.76179236802292,52.418426693972165,0.9945916080537435,"i=47,j=76"
4025,12.76193929589703,52.41842947637416,0.4667303648371176,"i=47,j=77"
4026,12.762086223795126,52.41843225859369,0.5501789856616913,"i=47,j=78"
4027,12.762233151717208,52.41843504063075,0.45738895950929614,"i=47,j=79"
4028,12.762380079663274,52.41843782248534,0.1914542135491778,"i=47,j=80"
4029,12.762527007633322,52.418440604157475,0.03449691595788218,"i=47,j=81"
4030,12.762673935627351,52.41844338564716,0.7741023463668057,"i=47,j=82"
4031,12.762820863645358,52.418446166954354,0.08597395257313423,"i=47,j=83"
4032,12.750630493416484,52.41812486370232,0.8684380329242232,"i=48,j=0"
4033,12.750777419164903,52.41812765996223,0.13908288746561437,"i=48,j=1"
4034,12.75092434493743,52.418130456039684,0.023795866143566546,"i=48,j=2"
4035,12.751071270734057,52.41813325193469,0.509333077766122,"i=48,j=3"
4036,12.751218196554788,52.41813604764723,0.33035045072766345,"i=48,j=4"
4037,12.751365122399621,52.41813884317731,0.8585687387612284,"i=48,j=5"
4038,12.751512048268552,52.418141638524936,0.5554683977675228,"i=48,j=6"
4039,12.75165897416158,52.418144433690124,0.7352163226212034,"i=48,j=7"
4040,12.751805900078708,52.41814722867283,0.3392193636252614,"i=48,j=8"
4041,12.751952826019927,52.41815002347309,0.13454485700028984,"i=48,j=9"
4042,12.75209975198524,52.418152818090896,0.8557034838218133,"i=48,j=10"
4043,12.752246677974645,52.418155612526235,0.7061910020696824,"i=48,j=11"
4044,12.75239360398814,52.41815840677913,0.7266681332564515,"i=48,j=12"
4045,12.75254053002572,52.41816120084955,0.38084427091725526,"i=48,j=13"
4046,12.752687456087392,52.41816399473753,0.7259321878092835,"i=48,j=14"
4047,12.752834382173146,52.418166788443045,0.2509402708526912,"i=48,j=15"
4048,12.752981308282983,52.418169581966104,0.09210038514698804,"i=48,j=16"
4049,12.753128234416904,52.4181723753067,0.7722273994626101,"i=48,j=17"
4050,12.753275160574905,52.41817516846485,0.4356126804759305,"i=48,j=18"
4051,12.753422086756984,52.418177961440534,0.05121892568379316,"i=48,j=19"
4052,12.753569012963142,52.41818075423376,0.18996618980643076,"i=48,j=20"
4053,12.753715939193375,52.418183546844524,0.17572988009492596,"i=48,j=21"
4054,12.753862865447683,52.418186339272836,0.792986841902463,"i=48,j=22"
4055,12.754009791726062,52.41818913151869,0.7778704715984629,"i=48,j=23"
4056,12.754156718028513,52.418191923582086,0.9483923811093748,"i=48,j=24"
4057,12.754303644355035,52.41819471546302,0.6164353635692174,"i=48,j=25"
4058,12.754450570705623,52.41819750716151,0.10514305130914214,"i=48,j=26"
4059,12.754597497080276,52.418200298677526,0.7018980460250579,"i=48,j=27"
4060,12.754744423478996,52.41820309001108,0.064639044744221,"i=48,j=28"
4061,12.754891349901781,52.41820588116218,0.8094460065020922,"i=48,j=29"
4062,12.755038276348625,52.418208672130824,0.9944151725923593,"i=48,j=30"
4063,12.755185202819531,52.41821146291701,0.03349387816849203,"i=48,j=31"
4064,12.755332129314494,52.418214253520745,0.7304181727691389,"i=48,j=32"
4065,12.755479055833513,52.41821704394201,0.499356446915711,"i=48,j=33"
4066,12.75562598237659,52.418219834180825,0.058508480474339764,"i=48,j=34"
4067,12.755772908943717,52.41822262423717,0.9774672291187902,"i=48,j=35"
4068,12.7559198355349,52.418225414111056,0.3640819595503131,"i=48,j=36"
4069,12.756066762150134,52.41822820380249,0.47147048479294607,"i=48,j=37"
4070,12.756213688789414,52.41823099331147,0.8169932115874718,"i=48,j=38"
4071,12.756360615452746,52.418233782637984,0.19492166195137306,"i=48,j=39"
4072,12.756507542140119,52.41823657178204,0.4605508496195724,"i=48,j=40"
4073,12.75665446885154,52.418239360743634,0.9027633553161993,"i=48,j=41"
4074,12.756801395587003,52.41824214952277,0.15972434638035904,"i=48,j=42"
4075,12.756948322346505,52.41824493811945,0.5285651204605862,"i=48,j=43"
4076,12.75709524913005,52.41824772653366,0.030459213605418256,"i=48,j=44"
4077,12.75724217593763,52.41825051476542,0.44536632484404715,"i=48,j=45"
4078,12.757389102769247,52.41825330281473,0.7765781074008596,"i=48,j=46"
4079,12.757536029624902,52.41825609068156,0.31787706048399456,"i=48,j=47"
4080,12.757682956504588,52.41825887836593,0.7818635050980334,"i=48,j=48"
4081,12.757829883408307,52.41826166586786,0.7292107901862069,"i=48,j=49"
4082,12.757976810336057,52.41826445318732,0.2051055782178608,"i=48,j=50"
4083,12.758123737287836,52.41826724032432,0.36417768643176995,"i=48,j=51"
4084,12.758270664263641,52.41827002727886,0.20173025292396463,"i=48,j=52"
4085,12.758417591263472,52.41827281405094,0.7893094930671677,"i=48,j=53"
4086,12.758564518287326,52.418275600640555,0.74845355530649,"i=48,j=54"
4087,12.758711445335203,52.418278387047714,0.40144671879527805,"i=48,j=55"
4088,12.7588583724071,52.41828117327241,0.5688481548036921,"i=48,j=56"
4089,12.75900529950302,52.41828395931466,0.6144340434103166,"i=48,j=57"
4090,12.759152226622955,52.418286745174434,0.09407713145799379,"i=48,j=58"
4091,12.759299153766905,52.418289530851744,0.8391606976839366,"i=48,j=59"
4092,12.759446080934872,52.41829231634661,0.09168928455554282,"i=48,j=60"
4093,12.759593008126851,52.418295101659,0.283687194627668,"i=48,j=61"
4094,12.759739935342841,52.418297886788935,0.8267340623539201,"i=48,j=62"
4095,12.759886862582844,52.41830067173641,0.6163409635687993,"i=48,j=63"
4096,12.760033789846853,52.41830345650142,0.03593425454206056,"i=48,j=64"
4097,12.760180717134867,52.41830624108398,0.927402543110137,"i=48,j=65"
4098,12.76032764444689,52.41830902548407,0.31299792237710955,"i=48,j=66"
4099,12.760474571782915,52.4183118097017,0.0752129791513444,"i=48,j=67"
4100,12.76062149914294,52.418314593736866,0.1505944667113298,"i=48,j=68"
4101,12.760768426526969,52.41831737758957,0.39070148473559185,"i=48,j=69"
4102,12.760915353934996,52.41832016125982,0.610746110360266,"i=48,j=70"
4103,12.761062281367018,52.418322944747615,0.7762835907166354,"i=48,j=71"
4104,12.761209208823038,52.418325728052935,0.5189140337612504,"i=48,j=72"
4105,12.761356136303053,52.4183285111758,0.2171368638045087,"i=48,j=73"
4106,12.76150306380706,52.41833129411619,0.16930456037272223,"i=48,j=74"
4107,12.761649991335059,52.41833407687414,0.8537293367984344,"i=48,j=75"
4108,12.761796918887045,52.41833685944962,0.5030510443592467,"i=48,j=76"
4109,12.761943846463021,52.418339641842636,0.9994358182530876,"i=48,j=77"
4110,12.762090774062983,52.418342424053186,0.3932303129958792,"i=48,j=78"
4111,12.76223770168693,52.41834520608128,0.9899729444986324,"i=48,j=79"
4112,12.762384629334859,52.41834798792691,0.4690480492753827,"i=48,j=80"
4113,12.762531557006772,52.41835076959008,0.08221380310450077,"i=48,j=81"
4114,12.762678484702663,52.41835355107078,0.8802194006916036,"i=48,j=82"
4115,12.762825412422533,52.41835633236904,0.8900895874327079,"i=48,j=83"
4116,12.750635066914263,52.41803502986149,0.5701031720013319,"i=49,j=0"
4117,12.750781992364562,52.41803782611239,0.1243820020897809,"i=49,j=1"
4118,12.75092891783897,52.418040622180825,0.8757811256758964,"i=49,j=2"
4119,12.751075843337476,52.418043418066816,0.7834795221232054,"i=49,j=3"
4120,12.751222768860085,52.418046213770346,0.6582526015032673,"i=49,j=4"
4121,12.751369694406797,52.41804900929143,0.1528699290789528,"i=49,j=5"
4122,12.751516619977608,52.41805180463005,0.7869309922584455,"i=49,j=6"
4123,12.751663545572514,52.41805459978621,0.7351279207027575,"i=49,j=7"
4124,12.751810471191519,52.41805739475991,0.8889088608692015,"i=49,j=8"
4125,12.751957396834616,52.418060189551156,0.2838199130557455,"i=49,j=9"
4126,12.752104322501808,52.41806298415995,0.6617767958975789,"i=49,j=10"
4127,12.75225124819309,52.41806577858629,0.09074325104955772,"i=49,j=11"
4128,12.75239817390846,52.41806857283018,0.3173098033845895,"i=49,j=12"
4129,12.752545099647921,52.418071366891596,0.5973528673994639,"i=49,j=13"
4130,12.752692025411468,52.41807416077056,0.9117831935139522,"i=49,j=14"
4131,12.7528389511991,52.41807695446707,0.2275412069582199,"i=49,j=15"
4132,12.752985877010815,52.41807974798113,0.28571443656302176,"i=49,j=16"
4133,12.753132802846613,52.41808254131272,0.15485556331021522,"i=49,j=17"
4134,12.75327972870649,52.418085334461864,0.9172668009127233,"i=49,j=18"
4135,12.753426654590447,52.41808812742854,0.7376268054374087,"i=49,j=19"
4136,12.75357358049848,52.418090920212755,0.4440907861875081,"i=49,j=20"
4137,12.753720506430588,52.41809371281454,0.441848376612627,"i=49,j=21"
4138,12.753867432386771,52.41809650523385,0.04340825814366811,"i=49,j=22"
4139,12.75401435836703,52.4180992974707,0.3393426507715436,"i=49,j=23"
4140,12.754161284371353,52.418102089525085,0.23464135379978146,"i=49,j=24"
4141,12.754308210399751,52.41810488139702,0.5467914619429262,"i=49,j=25"
4142,12.754455136452215,52.4181076730865,0.6531380814537311,"i=49,j=26"
4143,12.754602062528743,52.41811046459353,0.7083743090824216,"i=49,j=27"
4144,12.75474898862934,52.41811325591809,0.27932094275744235,"i=49,j=28"
4145,12.754895914753996,52.418116047060195,0.601940127192975,"i=49,j=29"
4146,12.755042840902716,52.41811883801984,0.855642252503382,"i=49,j=30"
4147,12.755189767075494,52.418121628797024,0.855312661608144,"i=49,j=31"
4148,12.755336693272332,52.418124419391766,0.389085322151403,"i=49,j=32"
4149,12.755483619493226,52.418127209804034,0.9732204769675478,"i=49,j=33"
4150,12.755630545738176,52.41813000003384,0.894426224512122,"i=49,j=34"
4151,12.755777472007178,52.41813279008121,0.7284403166678723,"i=49,j=35"
4152,12.755924398300236,52.41813557994611,0.5639872983194608,"i=49,j=36"
4153,12.75607132461734,52.418138369628544,0.5278781339791386,"i=49,j=37"
4154,12.756218250958495,52.418141159128524,0.42084823552435513,"i=49,j=38"
4155,12.756365177323698,52.41814394844605,0.16119258846863116,"i=49,j=39"
4156,12.756512103712947,52.41814673758111,0.27822791735391283,"i=49,j=40"
4157,12.75665903012624,52.41814952653372,0.6416637861225485,"i=49,j=41"
4158,12.756805956563575,52.418152315303864,0.00033974889502408345,"i=49,j=42"
4159,12.756952883024951,52.41815510389156,0.38201582675174506,"i=49,j=43"
4160,12.757099809510366,52.41815789229679,0.7883898594747433,"i=49,j=44"
4161,12.75724673601982,52.418160680519556,0.7882323888488875,"i=49,j=45"
4162,12.757393662553309,52.41816346855986,0.8089409729591645,"i=49,j=46"
4163,12.757540589110834,52.41816625641772,0.38727571455070353,"i=49,j=47"
4164,12.757687515692393,52.41816904409311,0.6073677680761717,"i=49,j=48"
4165,12.757834442297984,52.418171831586044,0.32887980413089524,"i=49,j=49"
4166,12.757981368927604,52.418174618896515,0.14096669485839652,"i=49,j=50"
4167,12.758128295581253,52.41817740602453,0.6737374493170154,"i=49,j=51"
4168,12.758275222258929,52.418180192970084,0.1959080025824398,"i=49,j=52"
4169,12.75842214896063,52.41818297973318,0.22163733514355743,"i=49,j=53"
4170,12.758569075686356,52.418185766313826,0.635837371267434,"i=49,j=54"
4171,12.758716002436104,52.418188552711996,0.10450208748128997,"i=49,j=55"
4172,12.75886292920987,52.41819133892772,0.4784981170460705,"i=49,j=56"
4173,12.75900985600766,52.41819412496097,0.49048859303970327,"i=49,j=57"
4174,12.759156782829463,52.418196910811766,0.23466786425217678,"i=49,j=58"
4175,12.759303709675285,52.41819969648011,0.8421508137624569,"i=49,j=59"
4176,12.759450636545122,52.41820248196599,0.7547757514953874,"i=49,j=60"
4177,12.759597563438968,52.41820526726941,0.7942542485874474,"i=49,j=61"
4178,12.75974449035683,52.41820805239036,0.931095215361816,"i=49,j=62"
4179,12.759891417298698,52.41821083732886,0.7816038955088173,"i=49,j=63"
4180,12.760038344264578,52.4182136220849,0.5503814308369601,"i=49,j=64"
4181,12.760185271254462,52.41821640665847,0.9230089636260586,"i=49,j=65"
4182,12.760332198268353,52.41821919104958,0.03027163081264206,"i=49,j=66"
4183,12.760479125306246,52.418221975258234,0.23343345368755064,"i=49,j=67"
4184,12.76062605236814,52.418224759284435,0.05737162676004803,"i=49,j=68"
4185,12.760772979454037,52.41822754312817,0.6095379832130771,"i=49,j=69"
4186,12.76091990656393,52.41823032678944,0.27135908394943864,"i=49,j=70"
4187,12.761066833697821,52.41823311026826,0.7344165083034384,"i=49,j=71"
4188,12.761213760855709,52.4182358935646,0.9711732031645546,"i=49,j=72"
4189,12.76136068803759,52.41823867667849,0.20258633222908762,"i=49,j=73"
4190,12.761507615243465,52.41824145960993,0.11313969704194082,"i=49,j=74"
4191,12.761654542473329,52.4182442423589,0.4069538584155129,"i=49,j=75"
4192,12.761801469727184,52.41824702492541,0.13525044900685523,"i=49,j=76"
4193,12.761948397005026,52.41824980730946,0.3846201695364613,"i=49,j=77"
4194,12.762095324306854,52.41825258951104,0.16378537251151115,"i=49,j=78"
4195,12.762242251632665,52.418255371530165,0.13056726710132804,"i=49,j=79"
4196,12.762389178982462,52.41825815336683,0.30811482372095444,"i=49,j=80"
4197,12.762536106356242,52.41826093502103,0.5736650467973996,"i=49,j=81"
4198,12.762683033754,52.41826371649277,0.6679067478212617,"i=49,j=82"
4199,12.762829961175735,52.41826649778205,0.00041439609269078304,"i=49,j=83"
4200,12.75063964038794,52.417945196019005,0.33555423594733225,"i=50,j=0"
4201,12.75078656554012,52.41794799226089,0.07930762088308485,"i=50,j=1"
4202,12.750933490716404,52.41795078832032,0.3850155942620582,"i=50,j=2"
4203,12.751080415916793,52.417953584197285,0.9237722077109656,"i=50,j=3"
4204,12.751227341141282,52.417956379891805,0.10076697745659724,"i=50,j=4"
4205,12.751374266389874,52.41795917540387,0.7992365008641515,"i=50,j=5"
4206,12.751521191662565,52.41796197073348,0.6194282652568869,"i=50,j=6"
4207,12.751668116959353,52.41796476588065,0.15697497257056592,"i=50,j=7"
4208,12.751815042280237,52.41796756084535,0.10372653972698098,"i=50,j=8"
4209,12.751961967625213,52.417970355627574,0.49493417375536575,"i=50,j=9"
4210,12.752108892994283,52.41797315022736,0.28510909934069206,"i=50,j=10"
4211,12.752255818387445,52.417975944644695,0.9993488977459485,"i=50,j=11"
4212,12.752402743804694,52.41797873887957,0.43596744395901343,"i=50,j=12"
4213,12.752549669246037,52.41798153293198,0.2621179571790405,"i=50,j=13"
4214,12.752696594711463,52.417984326801935,0.0860559426558486,"i=50,j=14"
4215,12.752843520200972,52.417987120489435,0.18999724711266286,"i=50,j=15"
4216,12.752990445714566,52.41798991399449,0.07536482647850595,"i=50,j=16"
4217,12.75313737125224,52.41799270731708,0.17738110841102173,"i=50,j=17"
4218,12.753284296813998,52.41799550045722,0.5040828005516984,"i=50,j=18"
4219,12.753431222399831,52.41799829341489,0.12406890671737225,"i=50,j=19"
4220,12.753578148009744,52.41800108619011,0.31616811623855956,"i=50,j=20"
4221,12.753725073643729,52.41800387878287,0.22179788096516917,"i=50,j=21"
4222,12.75387199930179,52.41800667119318,0.40579527957256056,"i=50,j=22"
4223,12.754018924983923,52.418009463421036,0.7915955306616927,"i=50,j=23"
4224,12.754165850690125,52.41801225546642,0.5686494215113392,"i=50,j=24"
4225,12.754312776420399,52.41801504732937,0.17136573511217568,"i=50,j=25"
4226,12.75445970217474,52.418017839009856,0.05485807931945785,"i=50,j=26"
4227,12.754606627953146,52.41802063050787,0.2003080771589988,"i=50,j=27"
4228,12.754753553755616,52.418023421823435,0.3565026202807563,"i=50,j=28"
4229,12.754900479582153,52.41802621295655,0.7955188411658316,"i=50,j=29"
4230,12.755047405432746,52.4180290039072,0.7839579273910854,"i=50,j=30"
4231,12.7551943313074,52.41803179467539,0.4353685888614284,"i=50,j=31"
4232,12.755341257206116,52.418034585261125,0.8087942051095066,"i=50,j=32"
4233,12.755488183128884,52.418037375664404,0.12205823685797523,"i=50,j=33"
4234,12.75563510907571,52.41804016588522,0.4390018217942758,"i=50,j=34"
4235,12.755782035046588,52.41804295592359,0.5486277934738523,"i=50,j=35"
4236,12.75592896104152,52.41804574577949,0.009265039049288437,"i=50,j=36"
4237,12.7560758870605,52.41804853545293,0.47016003450816257,"i=50,j=37"
4238,12.75622281310353,52.418051324943924,0.9770316432006193,"i=50,j=38"
4239,12.756369739170607,52.41805411425245,0.48425276806870543,"i=50,j=39"
4240,12.75651666526173,52.41805690337853,0.39788972005584033,"i=50,j=40"
4241,12.756663591376896,52.41805969232215,0.027489511371728392,"i=50,j=41"
4242,12.756810517516104,52.418062481083304,0.8037831566430443,"i=50,j=42"
4243,12.756957443679354,52.418065269661994,0.025079353212030697,"i=50,j=43"
4244,12.757104369866646,52.41806805805824,0.3599736139873221,"i=50,j=44"
4245,12.757251296077971,52.41807084627202,0.6284862445615406,"i=50,j=45"
4246,12.757398222313336,52.41807363430335,0.36578930914735597,"i=50,j=46"
4247,12.757545148572733,52.41807642215221,0.6460085708637727,"i=50,j=47"
4248,12.757692074856164,52.41807920981862,0.8330793636713858,"i=50,j=48"
4249,12.757839001163628,52.418081997302565,0.26654767129259727,"i=50,j=49"
4250,12.757985927495122,52.41808478460406,0.23571550613729497,"i=50,j=50"
4251,12.758132853850643,52.41808757172309,0.04191128484197093,"i=50,j=51"
4252,12.758279780230191,52.41809035865966,0.213699524760818,"i=50,j=52"
4253,12.758426706633765,52.41809314541377,0.7083953452022956,"i=50,j=53"
4254,12.758573633061363,52.41809593198543,0.5470627969258685,"i=50,j=54"
4255,12.758720559512984,52.418098718374615,0.07145385787035163,"i=50,j=55"
4256,12.758867485988622,52.41810150458136,0.7659488728532068,"i=50,j=56"
4257,12.75901441248828,52.41810429060563,0.9884526712840715,"i=50,j=57"
4258,12.759161339011959,52.41810707644744,0.2895625611770901,"i=50,j=58"
4259,12.75930826555965,52.41810986210681,0.22146097434225698,"i=50,j=59"
4260,12.759455192131357,52.418112647583705,0.20049164503532313,"i=50,j=60"
4261,12.759602118727077,52.41811543287813,0.7493870911796227,"i=50,j=61"
4262,12.759749045346807,52.41811821799012,0.2022218515382388,"i=50,j=62"
4263,12.759895971990547,52.41812100291964,0.5014910978216603,"i=50,j=63"
4264,12.760042898658297,52.4181237876667,0.3464435602748688,"i=50,j=64"
4265,12.760189825350052,52.4181265722313,0.903958196223585,"i=50,j=65"
4266,12.760336752065811,52.418129356613434,0.025732148545121514,"i=50,j=66"
4267,12.760483678805572,52.41813214081313,0.10703039744051912,"i=50,j=67"
4268,12.76063060556934,52.41813492483034,0.7409361774043771,"i=50,j=68"
4269,12.760777532357103,52.41813770866511,0.34135070448723703,"i=50,j=69"
4270,12.760924459168868,52.418140492317406,0.9716027526103717,"i=50,j=70"
4271,12.761071386004629,52.418143275787244,0.8074035947552466,"i=50,j=71"
4272,12.761218312864385,52.418146059074616,0.6897551142309424,"i=50,j=72"
4273,12.761365239748134,52.41814884217955,0.35596468518671187,"i=50,j=73"
4274,12.761512166655878,52.418151625102,0.10767624087967531,"i=50,j=74"
4275,12.76165909358761,52.418154407842,0.8523521613408823,"i=50,j=75"
4276,12.761806020543334,52.41815719039955,0.8763132137224771,"i=50,j=76"
4277,12.761952947523044,52.41815997277462,0.5288810469091249,"i=50,j=77"
4278,12.76209987452674,52.418162754967234,0.8083679072562372,"i=50,j=78"
4279,12.76224680155442,52.4181655369774,0.45459920040194834,"i=50,j=79"
4280,12.762393728606085,52.418168318805094,0.48404976444201275,"i=50,j=80"
4281,12.762540655681729,52.41817110045032,0.05082546196164106,"i=50,j=81"
4282,12.762687582781355,52.4181738819131,0.028634840392239957,"i=50,j=82"
4283,12.762834509904959,52.4181766631934,0.6867124190161906,"i=50,j=83"
4284,12.750644213837505,52.417855362174855,0.8465849172781937,"i=51,j=0"
4285,12.750791138691568,52.41785815840773,0.4619319798573205,"i=51,j=1"
4286,12.750938063569736,52.41786095445815,0.20505290738617665,"i=51,j=2"
4287,12.751084988472007,52.41786375032611,0.20113646218712988,"i=51,j=3"
4288,12.75123191339838,52.417866546011616,0.5217873755516309,"i=51,j=4"
4289,12.751378838348854,52.417869341514674,0.5534178026178669,"i=51,j=5"
4290,12.751525763323425,52.41787213683527,0.06341178324297814,"i=51,j=6"
4291,12.751672688322094,52.417874931973415,0.33824801869499477,"i=51,j=7"
4292,12.75181961334486,52.417877726929106,0.9547440209514908,"i=51,j=8"
4293,12.751966538391716,52.41788052170234,0.34398008970672356,"i=51,j=9"
4294,12.752113463462669,52.41788331629311,0.7929206555245774,"i=51,j=10"
4295,12.752260388557712,52.417886110701424,0.20078141944746664,"i=51,j=11"
4296,12.752407313676843,52.4178889049273,0.22466425235718746,"i=51,j=12"
4297,12.752554238820064,52.417891698970706,0.6487782698539025,"i=51,j=13"
4298,12.752701163987368,52.417894492831664,0.5838937755930348,"i=51,j=14"
4299,12.75284808917876,52.417897286510154,0.19196027992056452,"i=51,j=15"
4300,12.752995014394234,52.4179000800062,0.6884435985325578,"i=51,j=16"
4301,12.75314193963379,52.41790287331978,0.7640869776220961,"i=51,j=17"
4302,12.753288864897426,52.41790566645091,0.4571534538180452,"i=51,j=18"
4303,12.753435790185138,52.41790845939959,0.7277186260885126,"i=51,j=19"
4304,12.753582715496929,52.41791125216581,0.14688493458865703,"i=51,j=20"
4305,12.753729640832796,52.41791404474957,0.522964689018396,"i=51,j=21"
4306,12.753876566192735,52.41791683715088,0.7556283313989351,"i=51,j=22"
4307,12.754023491576746,52.41791962936973,0.9792340613654467,"i=51,j=23"
4308,12.75417041698483,52.417922421406125,0.9897772419683308,"i=51,j=24"
4309,12.75431734241698,52.41792521326006,0.4813162004931173,"i=51,j=25"
4310,12.7544642678732,52.41792800493153,0.7492880655154347,"i=51,j=26"
4311,12.754611193353483,52.417930796420556,0.9532808368617204,"i=51,j=27"
4312,12.754758118857833,52.41793358772713,0.8572539560872848,"i=51,j=28"
4313,12.754905044386245,52.41793637885123,0.5656829045082503,"i=51,j=29"
4314,12.755051969938718,52.417939169792895,0.0276984592554399,"i=51,j=30"
4315,12.755198895515251,52.4179419605521,0.8032724908649906,"i=51,j=31"
4316,12.75534582111584,52.417944751128836,0.8927622832552732,"i=51,j=32"
4317,12.755492746740488,52.41794754152312,0.9350850625547728,"i=51,j=33"
4318,12.75563967238919,52.417950331734936,0.985775613958562,"i=51,j=34"
4319,12.755786598061945,52.41795312176431,0.4472052900204875,"i=51,j=35"
4320,12.755933523758753,52.41795591161122,0.5715100916018009,"i=51,j=36"
4321,12.756080449479612,52.41795870127567,0.5298964096271881,"i=51,j=37"
4322,12.756227375224517,52.41796149075767,0.697678105179905,"i=51,j=38"
4323,12.75637430099347,52.417964280057205,0.6263813721055638,"i=51,j=39"
4324,12.756521226786468,52.417967069174296,0.4776917469625762,"i=51,j=40"
4325,12.75666815260351,52.41796985810892,0.006499609599915246,"i=51,j=41"
4326,12.756815078444596,52.41797264686108,0.6275130701753115,"i=51,j=42"
4327,12.756962004309722,52.41797543543079,0.023391664948458235,"i=51,j=43"
4328,12.757108930198887,52.41797822381805,0.4349572563716978,"i=51,j=44"
4329,12.757255856112089,52.41798101202285,0.28581238068738435,"i=51,j=45"
4330,12.757402782049327,52.41798380004518,0.23389700404623537,"i=51,j=46"
4331,12.7575497080106,52.41798658788505,0.74325708333463,"i=51,j=47"
4332,12.757696633995906,52.41798937554248,0.8443938248839117,"i=51,j=48"
4333,12.757843560005243,52.417992163017445,0.9119815660355484,"i=51,j=49"
4334,12.757990486038612,52.41799495030994,0.9749540522123719,"i=51,j=50"
4335,12.758137412096008,52.41799773741999,0.04782665252066853,"i=51,j=51"
4336,12.758284338177429,52.418000524347576,0.7717140696132332,"i=51,j=52"
4337,12.758431264282876,52.418003311092704,0.7972073750975769,"i=51,j=53"
4338,12.758578190412347,52.418006097655386,0.15310553687130146,"i=51,j=54"
4339,12.75872511656584,52.418008884035594,0.863234242386892,"i=51,j=55"
4340,12.758872042743354,52.41801167023334,0.4422428574417683,"i=51,j=56"
4341,12.759018968944886,52.418014456248635,0.2879622935978884,"i=51,j=57"
4342,12.759165895170437,52.418017242081476,0.22338147913197182,"i=51,j=58"
4343,12.759312821420002,52.41802002773185,0.5327997234014452,"i=51,j=59"
4344,12.759459747693581,52.41802281319978,0.7776427998043521,"i=51,j=60"
4345,12.759606673991172,52.418025598485244,0.8881379482958243,"i=51,j=61"
4346,12.759753600312777,52.41802838358823,0.08860432707519295,"i=51,j=62"
4347,12.759900526658388,52.41803116850877,0.1684062085151663,"i=51,j=63"
4348,12.760047453028008,52.41803395324687,0.8813514742650803,"i=51,j=64"
4349,12.760194379421634,52.41803673780248,0.6079159668427442,"i=51,j=65"
4350,12.760341305839267,52.41803952217565,0.07727956869642438,"i=51,j=66"
4351,12.7604882322809,52.41804230636635,0.3188962350809993,"i=51,j=67"
4352,12.760635158746538,52.418045090374605,0.5420382140825801,"i=51,j=68"
4353,12.760782085236173,52.41804787420038,0.8465753531318527,"i=51,j=69"
4354,12.760929011749809,52.418050657843715,0.09091739818248856,"i=51,j=70"
4355,12.76107593828744,52.418053441304586,0.33526141696588985,"i=51,j=71"
4356,12.761222864849067,52.41805622458299,0.6160617452679565,"i=51,j=72"
4357,12.761369791434687,52.41805900767893,0.2794653716084886,"i=51,j=73"
4358,12.7615167180443,52.41806179059242,0.9238945851835692,"i=51,j=74"
4359,12.761663644677903,52.418064573323456,0.19570352361813648,"i=51,j=75"
4360,12.761810571335497,52.418067355872026,0.3813457066641668,"i=51,j=76"
4361,12.761957498017077,52.41807013823813,0.9201813373404307,"i=51,j=77"
4362,12.762104424722642,52.41807292042178,0.46884060668931604,"i=51,j=78"
4363,12.762251351452193,52.41807570242296,0.03750409479172079,"i=51,j=79"
4364,12.762398278205724,52.4180784842417,0.0970098365043447,"i=51,j=80"
4365,12.76254520498324,52.418081265877966,0.988985460365273,"i=51,j=81"
4366,12.762692131784734,52.41808404733177,0.32523852197849334,"i=51,j=82"
4367,12.762839058610206,52.41808682860312,0.8661820976285791,"i=51,j=83"
4368,12.750648787262966,52.41776552832907,0.3767939134804118,"i=52,j=0"
4369,12.750795711818913,52.41776832455293,0.7016824182596798,"i=52,j=1"
4370,12.750942636398964,52.41777112059433,0.6808993580637656,"i=52,j=2"
4371,12.751089561003118,52.417773916453285,0.10129550908440499,"i=52,j=3"
4372,12.751236485631376,52.41777671212977,0.35706528991170394,"i=52,j=4"
4373,12.751383410283733,52.41777950762382,0.08334637742596518,"i=52,j=5"
4374,12.751530334960187,52.41778230293541,0.1430045290631392,"i=52,j=6"
4375,12.751677259660738,52.41778509806454,0.24928892570927108,"i=52,j=7"
4376,12.751824184385388,52.417787893011216,0.2505009928345566,"i=52,j=8"
4377,12.751971109134129,52.41779068777544,0.0025436613924927354,"i=52,j=9"
4378,12.752118033906964,52.417793482357204,0.732056799997588,"i=52,j=10"
4379,12.752264958703888,52.41779627675651,0.3516904389655625,"i=52,j=11"
4380,12.752411883524903,52.41779907097337,0.5803740878667926,"i=52,j=12"
4381,12.752558808370004,52.41780186500778,0.942630484607391,"i=52,j=13"
4382,12.752705733239194,52.41780465885973,0.15310734454125552,"i=52,j=14"
4383,12.752852658132465,52.417807452529225,0.4334679817620172,"i=52,j=15"
4384,12.75299958304982,52.41781024601625,0.9940001567859718,"i=52,j=16"
4385,12.753146507991257,52.41781303932084,0.2585286572621486,"i=52,j=17"
4386,12.753293432956774,52.41781583244296,0.613684148343918,"i=52,j=18"
4387,12.753440357946369,52.41781862538264,0.5937301878865594,"i=52,j=19"
4388,12.75358728296004,52.41782141813986,0.5678742776705457,"i=52,j=20"
4389,12.753734207997788,52.41782421071461,0.2379766281190252,"i=52,j=21"
4390,12.753881133059608,52.41782700310692,0.07789577496722166,"i=52,j=22"
4391,12.7540280581455,52.41782979531677,0.7911201413235334,"i=52,j=23"
4392,12.754174983255462,52.417832587344165,0.8615646647181759,"i=52,j=24"
4393,12.754321908389493,52.4178353791891,0.05694326192188848,"i=52,j=25"
4394,12.754468833547593,52.417838170851574,0.7887649373095982,"i=52,j=26"
4395,12.754615758729758,52.4178409623316,0.8673459065913695,"i=52,j=27"
4396,12.754762683935986,52.41784375362918,0.4515273188322838,"i=52,j=28"
4397,12.754909609166278,52.41784654474429,0.7885894841323186,"i=52,j=29"
4398,12.75505653442063,52.41784933567695,0.9384506523494909,"i=52,j=30"
4399,12.755203459699041,52.41785212642714,0.32278046345771383,"i=52,j=31"
4400,12.755350385001512,52.41785491699489,0.39816015315202735,"i=52,j=32"
4401,12.755497310328037,52.417857707380186,0.13607754651635318,"i=52,j=33"
4402,12.755644235678618,52.417860497583014,0.8445520143253674,"i=52,j=34"
4403,12.755791161053251,52.41786328760338,0.9213680981893128,"i=52,j=35"
4404,12.755938086451938,52.41786607744131,0.22858532456667946,"i=52,j=36"
4405,12.756085011874672,52.417868867096765,0.868454295161309,"i=52,j=37"
4406,12.756231937321456,52.41787165656977,0.45803954414676895,"i=52,j=38"
4407,12.756378862792285,52.41787444586033,0.6773111372714876,"i=52,j=39"
4408,12.756525788287162,52.417877234968415,0.3753267990582657,"i=52,j=40"
4409,12.756672713806083,52.41788002389405,0.34218252343468425,"i=52,j=41"
4410,12.756819639349045,52.41788281263723,0.9228293120784433,"i=52,j=42"
4411,12.756966564916047,52.417885601197945,0.6046817313952504,"i=52,j=43"
4412,12.75711349050709,52.41788838957621,0.5948446431777664,"i=52,j=44"
4413,12.75726041612217,52.41789117777201,0.0500123053973226,"i=52,j=45"
4414,12.757407341761283,52.41789396578537,0.954925292819357,"i=52,j=46"
4415,12.757554267424434,52.417896753616255,0.8565217244509576,"i=52,j=47"
4416,12.757701193111615,52.41789954126469,0.17002333664861047,"i=52,j=48"
4417,12.75784811882283,52.417902328730655,0.9323618030582832,"i=52,j=49"
4418,12.757995044558072,52.41790511601418,0.8763388220260947,"i=52,j=50"
4419,12.758141970317343,52.41790790311525,0.7198908739004579,"i=52,j=51"
4420,12.758288896100641,52.41791069003384,0.9789928220287762,"i=52,j=52"
4421,12.758435821907964,52.41791347677,0.6060323147822378,"i=52,j=53"
4422,12.758582747739311,52.41791626332368,0.7843780099291436,"i=52,j=54"
4423,12.758729673594678,52.417919049694916,0.7861186579961376,"i=52,j=55"
4424,12.758876599474068,52.41792183588369,0.383495316617845,"i=52,j=56"
4425,12.759023525377474,52.417924621889995,0.38768168270433945,"i=52,j=57"
4426,12.759170451304897,52.417927407713854,0.5905422592612307,"i=52,j=58"
4427,12.75931737725634,52.417930193355254,0.13845872173215823,"i=52,j=59"
4428,12.759464303231793,52.417932978814186,0.47603395396651205,"i=52,j=60"
4429,12.759611229231258,52.41793576409067,0.4272191669746188,"i=52,j=61"
4430,12.759758155254735,52.4179385491847,0.8380016900481227,"i=52,j=62"
4431,12.759905081302222,52.41794133409626,0.5946701462342254,"i=52,j=63"
4432,12.760052007373714,52.417944118825375,0.32059941249417534,"i=52,j=64"
4433,12.760198933469214,52.41794690337201,0.5724670575854186,"i=52,j=65"
4434,12.76034585958872,52.41794968773621,0.3069472062669787,"i=52,j=66"
4435,12.760492785732227,52.41795247191794,0.11468781956288066,"i=52,j=67"
4436,12.760639711899735,52.41795525591721,0.35835645047043363,"i=52,j=68"
4437,12.760786638091243,52.417958039734025,0.5320481038793496,"i=52,j=69"
4438,12.76093356430675,52.417960823368375,0.9325176742537153,"i=52,j=70"
4439,12.761080490546256,52.41796360682027,0.3886177023304833,"i=52,j=71"
4440,12.761227416809753,52.41796639008971,0.48386071490789073,"i=52,j=72"
4441,12.761374343097247,52.417969173176694,0.45589035177367876,"i=52,j=73"
4442,12.761521269408732,52.4179719560812,0.0038822619900734656,"i=52,j=74"
4443,12.761668195744207,52.41797473880326,0.226641983120758,"i=52,j=75"
4444,12.761815122103672,52.41797752134286,0.35424336377325927,"i=52,j=76"
4445,12.761962048487122,52.4179803037,0.42353569826189963,"i=52,j=77"
4446,12.76210897489456,52.41798308587468,0.8113167439369536,"i=52,j=78"
4447,12.76225590132598,52.417985867866896,0.9871347941939254,"i=52,j=79"
4448,12.762402827781385,52.417988649676666,0.7381122274213738,"i=52,j=80"
4449,12.762549754260771,52.41799143130396,0.6034308987548431,"i=52,j=81"
4450,12.762696680764133,52.41799421274881,0.5041978018196974,"i=52,j=82"
4451,12.762843607291478,52.41799699401118,0.6362626601932017,"i=52,j=83"
4452,12.750653360664321,52.41767569448162,0.8778879524060416,"i=53,j=0"
4453,12.750800284922152,52.41767849069647,0.9071648382138898,"i=53,j=1"
4454,12.750947209204089,52.41768128672886,0.1972655167394054,"i=53,j=2"
4455,12.75109413351013,52.417684082578795,0.3161184089346527,"i=53,j=3"
4456,12.751241057840272,52.41768687824628,0.5827557116745408,"i=53,j=4"
4457,12.751387982194514,52.4176896737313,0.15923818796215428,"i=53,j=5"
4458,12.751534906572854,52.41769246903389,0.2470130306506324,"i=53,j=6"
4459,12.75168183097529,52.41769526415401,0.08970502042958473,"i=53,j=7"
4460,12.751828755401823,52.41769805909167,0.15875425891728046,"i=53,j=8"
4461,12.75197567985245,52.41770085384689,0.16650729134298614,"i=53,j=9"
4462,12.752122604327168,52.417703648419646,0.23904568973600748,"i=53,j=10"
4463,12.752269528825977,52.41770644280996,0.9503199312838703,"i=53,j=11"
4464,12.752416453348873,52.4177092370178,0.2800829909716043,"i=53,j=12"
4465,12.752563377895859,52.4177120310432,0.9916689893181881,"i=53,j=13"
4466,12.75271030246693,52.41771482488614,0.8270991300993057,"i=53,j=14"
4467,12.752857227062087,52.417717618546625,0.1757887650945269,"i=53,j=15"
4468,12.753004151681326,52.41772041202466,0.22118219538566364,"i=53,j=16"
4469,12.753151076324645,52.41772320532024,0.10992967553831545,"i=53,j=17"
4470,12.753298000992046,52.417725998433355,0.22542102839465572,"i=53,j=18"
4471,12.753444925683523,52.41772879136403,0.7583547689645843,"i=53,j=19"
4472,12.753591850399078,52.417731584112246,0.12404779812118816,"i=53,j=20"
4473,12.753738775138705,52.417734376678,0.9411415063968226,"i=53,j=21"
4474,12.753885699902408,52.417737169061304,0.18550286666428162,"i=53,j=22"
4475,12.754032624690183,52.41773996126215,0.6818571830758363,"i=53,j=23"
4476,12.754179549502027,52.41774275328054,0.18616253637358982,"i=53,j=24"
4477,12.75432647433794,52.417745545116475,0.23437412177701678,"i=53,j=25"
4478,12.75447339919792,52.41774833676996,0.6674091590445711,"i=53,j=26"
4479,12.754620324081968,52.417751128241,0.9568961614641731,"i=53,j=27"
4480,12.754767248990076,52.41775391952957,0.5375555519834906,"i=53,j=28"
4481,12.754914173922248,52.41775671063568,0.8475925761163654,"i=53,j=29"
4482,12.755061098878482,52.41775950155934,0.8115164856963146,"i=53,j=30"
4483,12.755208023858774,52.417762292300544,0.5729401654371032,"i=53,j=31"
4484,12.755354948863124,52.4177650828593,0.9855070364584612,"i=53,j=32"
4485,12.75550187389153,52.41776787323558,0.4072364049415096,"i=53,j=33"
4486,12.75564879894399,52.41777066342942,0.9430938737769925,"i=53,j=34"
4487,12.755795724020505,52.417773453440795,0.3487477925308561,"i=53,j=35"
4488,12.75594264912107,52.41777624326973,0.9529340977559181,"i=53,j=36"
4489,12.756089574245685,52.417779032916194,0.4305047541662108,"i=53,j=37"
4490,12.756236499394348,52.41778182238021,0.8301990512671327,"i=53,j=38"
4491,12.756383424567058,52.41778461166177,0.5341643908731464,"i=53,j=39"
4492,12.756530349763814,52.417787400760865,0.37586169225153154,"i=53,j=40"
4493,12.756677274984613,52.41779018967751,0.841696275513707,"i=53,j=41"
4494,12.756824200229454,52.417792978411704,0.9645336505090789,"i=53,j=42"
4495,12.756971125498335,52.41779576696343,0.49772809115969563,"i=53,j=43"
4496,12.757118050791256,52.417798555332716,0.6325919575262948,"i=53,j=44"
4497,12.757264976108214,52.41780134351953,0.10451710182915863,"i=53,j=45"
4498,12.757411901449206,52.41780413152389,0.2612730746554869,"i=53,j=46"
4499,12.757558826814234,52.41780691934579,0.36572740357328815,"i=53,j=47"
4500,12.757705752203293,52.41780970698524,0.6824728949788085,"i=53,j=48"
4501,12.757852677616384,52.417812494442224,0.7497797870584504,"i=53,j=49"
4502,12.757999603053507,52.41781528171677,0.5399623394413061,"i=53,j=50"
4503,12.758146528514654,52.41781806880885,0.49434351901042384,"i=53,j=51"
4504,12.75829345399983,52.41782085571846,0.8979895232813178,"i=53,j=52"
4505,12.758440379509029,52.417823642445626,0.33681551603232474,"i=53,j=53"
4506,12.758587305042251,52.41782642899033,0.7202813125853856,"i=53,j=54"
4507,12.758734230599497,52.417829215352576,0.7635592962165637,"i=53,j=55"
4508,12.758881156180761,52.417832001532375,0.7985239224564625,"i=53,j=56"
4509,12.759028081786045,52.4178347875297,0.9841570105868432,"i=53,j=57"
4510,12.759175007415346,52.417837573344585,0.33557126326192466,"i=53,j=58"
4511,12.75932193306866,52.417840358976996,0.2968368027289693,"i=53,j=59"
4512,12.75946885874599,52.41784314442695,0.5977976653149009,"i=53,j=60"
4513,12.75961578444733,52.417845929694465,0.01714122744685531,"i=53,j=61"
4514,12.759762710172682,52.41784871477952,0.9658775979577354,"i=53,j=62"
4515,12.759909635922044,52.417851499682094,0.6940674927066232,"i=53,j=63"
4516,12.760056561695414,52.417854284402225,0.9740965393188513,"i=53,j=64"
4517,12.760203487492788,52.4178570689399,0.4937149185693621,"i=53,j=65"
4518,12.76035041331417,52.41785985329511,0.10294165143492129,"i=53,j=66"
4519,12.76049733915955,52.41786263746786,0.1351633531590869,"i=53,j=67"
4520,12.760644265028935,52.41786542145817,0.4298456149454628,"i=53,j=68"
4521,12.760791190922317,52.417868205266004,0.9122464241440814,"i=53,j=69"
4522,12.760938116839698,52.41787098889138,0.032855701918315106,"i=53,j=70"
4523,12.761085042781076,52.417873772334296,0.013847260753744983,"i=53,j=71"
4524,12.761231968746449,52.417876555594766,0.6197928517968655,"i=53,j=72"
4525,12.761378894735815,52.41787933867277,0.027853157948961704,"i=53,j=73"
4526,12.761525820749174,52.417882121568326,0.6197591443292662,"i=53,j=74"
4527,12.761672746786521,52.41788490428141,0.9620102238581167,"i=53,j=75"
4528,12.76181967284786,52.41788768681204,0.6846137046982664,"i=53,j=76"
4529,12.761966598933183,52.417890469160206,0.5352897246392894,"i=53,j=77"
4530,12.762113525042492,52.417893251325914,0.3104243095937619,"i=53,j=78"
4531,12.762260451175788,52.41789603330917,0.8008235067622598,"i=53,j=79"
4532,12.762407377333064,52.41789881510996,0.7760632533377454,"i=53,j=80"
4533,12.762554303514321,52.4179015967283,0.3051017265970951,"i=53,j=81"
4534,12.762701229719557,52.417904378164174,0.040424389650674075,"i=53,j=82"
4535,12.762848155948772,52.41790715941759,0.3086997920190201,"i=53,j=83"
4536,12.750657934041566,52.41758586063252,0.9733770457573739,"i=54,j=0"
4537,12.750804858001288,52.417588656838355,0.22108601318883714,"i=54,j=1"
4538,12.75095178198511,52.417591452861735,0.4773022581507744,"i=54,j=2"
4539,12.751098705993037,52.417594248702656,0.5466252209087782,"i=54,j=3"
4540,12.751245630025068,52.41759704436113,0.2987673153934467,"i=54,j=4"
4541,12.751392554081196,52.41759983983715,0.9721961012361966,"i=54,j=5"
4542,12.751539478161423,52.41760263513071,0.7500087748551789,"i=54,j=6"
4543,12.751686402265744,52.41760543024183,0.7825883863599621,"i=54,j=7"
4544,12.751833326394163,52.41760822517048,0.27069486834170964,"i=54,j=8"
4545,12.751980250546675,52.417611019916684,0.11695351214938776,"i=54,j=9"
4546,12.75212717472328,52.41761381448044,0.8359749696944364,"i=54,j=10"
4547,12.752274098923973,52.417616608861735,0.07354032216685114,"i=54,j=11"
4548,12.752421023148758,52.417619403060584,0.1415196723899148,"i=54,j=12"
4549,12.752567947397628,52.41762219707697,0.2269397719525874,"i=54,j=13"
4550,12.752714871670586,52.4176249909109,0.19397115866059256,"i=54,j=14"
4551,12.752861795967625,52.41762778456238,0.15166160568066755,"i=54,j=15"
4552,12.75300872028875,52.417630578031414,0.5292849648656799,"i=54,j=16"
4553,12.753155644633955,52.41763337131798,0.6652676076982065,"i=54,j=17"
4554,12.753302569003239,52.417636164422106,0.9548493037626639,"i=54,j=18"
4555,12.7534494933966,52.417638957343776,0.7856387412606296,"i=54,j=19"
4556,12.75359641781404,52.417641750082986,0.6130746044571262,"i=54,j=20"
4557,12.753743342255552,52.417644542639735,0.11849383272055092,"i=54,j=21"
4558,12.753890266721138,52.417647335014045,0.36972886474299327,"i=54,j=22"
4559,12.754037191210795,52.41765012720589,0.6541491883810236,"i=54,j=23"
4560,12.754184115724522,52.417652919215286,0.13018615835155267,"i=54,j=24"
4561,12.75433104026232,52.41765571104222,0.7356723321157876,"i=54,j=25"
4562,12.754477964824183,52.417658502686706,0.9961934270692041,"i=54,j=26"
4563,12.754624889410112,52.41766129414872,0.7030002255704142,"i=54,j=27"
4564,12.754771814020105,52.41766408542829,0.9270789464847321,"i=54,j=28"
4565,12.754918738654158,52.41766687652542,0.535944394427921,"i=54,j=29"
4566,12.755065663312275,52.41766966744008,0.503937390376272,"i=54,j=30"
4567,12.75521258799445,52.41767245817229,0.7122457268571504,"i=54,j=31"
4568,12.755359512700682,52.41767524872204,0.49509098402021445,"i=54,j=32"
4569,12.755506437430968,52.41767803908934,0.1082807145940693,"i=54,j=33"
4570,12.755653362185312,52.41768082927418,0.21593482842183143,"i=54,j=34"
4571,12.755800286963707,52.41768361927658,0.21670366622346682,"i=54,j=35"
4572,12.755947211766156,52.417686409096504,0.5210012560276287,"i=54,j=36"
4573,12.756094136592651,52.41768919873398,0.27557722564768194,"i=54,j=37"
4574,12.756241061443193,52.417691988189006,0.5627609531640255,"i=54,j=38"
4575,12.756387986317785,52.41769477746158,0.3017573383774974,"i=54,j=39"
4576,12.75653491121642,52.41769756655169,0.5864110331345841,"i=54,j=40"
4577,12.7566818361391,52.41770035545934,0.11746120508550162,"i=54,j=41"
4578,12.756828761085822,52.417703144184536,0.823715211230485,"i=54,j=42"
4579,12.756975686056585,52.41770593272728,0.16861551638618277,"i=54,j=43"
4580,12.757122611051384,52.41770872108756,0.17260633280508075,"i=54,j=44"
4581,12.757269536070222,52.417711509265395,0.5226839107672648,"i=54,j=45"
4582,12.757416461113094,52.41771429726077,0.010312183322667257,"i=54,j=46"
4583,12.757563386180001,52.41771708507369,0.8850007441406877,"i=54,j=47"
4584,12.757710311270941,52.41771987270414,0.3487621488660533,"i=54,j=48"
4585,12.757857236385911,52.41772266015215,0.6152386829271249,"i=54,j=49"
4586,12.75800416152491,52.41772544741771,0.9234817316589987,"i=54,j=50"
4587,12.758151086687938,52.41772823450079,0.8801777305875441,"i=54,j=51"
4588,12.758298011874992,52.41773102140144,0.07044449293931954,"i=54,j=52"
4589,12.75844493708607,52.41773380811961,0.7212704714480199,"i=54,j=53"
4590,12.758591862321172,52.41773659465534,0.9560778369515466,"i=54,j=54"
4591,12.758738787580294,52.41773938100861,0.9964720366475036,"i=54,j=55"
4592,12.758885712863437,52.417742167179405,0.8433400243200513,"i=54,j=56"
4593,12.759032638170597,52.41774495316777,0.9913286307596305,"i=54,j=57"
4594,12.759179563501776,52.41774773897365,0.1808452783238319,"i=54,j=58"
4595,12.759326488856969,52.4177505245971,0.622720709071778,"i=54,j=59"
4596,12.759473414236176,52.41775331003808,0.6307926843391141,"i=54,j=60"
4597,12.759620339639394,52.41775609529661,0.9733121424891,"i=54,j=61"
4598,12.759767265066623,52.417758880372666,0.1919890795192074,"i=54,j=62"
4599,12.759914190517863,52.417761665266276,0.04926446782705496,"i=54,j=63"
4600,12.760061115993107,52.41776444997744,0.10227311710327214,"i=54,j=64"
4601,12.760208041492358,52.41776723450614,0.2914476138065293,"i=54,j=65"
4602,12.760354967015616,52.417770018852366,0.34915175167628865,"i=54,j=66"
4603,12.760501892562873,52.41777280301614,0.8729227332733469,"i=54,j=67"
4604,12.760648818134133,52.41777558699747,0.5349612485064952,"i=54,j=68"
4605,12.760795743729393,52.417778370796334,0.3618828152416107,"i=54,j=69"
4606,12.76094266934865,52.41778115441274,0.05785081540408388,"i=54,j=70"
4607,12.761089594991901,52.417783937846686,0.9235740773780977,"i=54,j=71"
4608,12.761236520659148,52.41778672109819,0.7980534276514578,"i=54,j=72"
4609,12.76138344635039,52.41778950416722,0.410250944199969,"i=54,j=73"
4610,12.761530372065623,52.41779228705379,0.35379648044910095,"i=54,j=74"
4611,12.761677297804846,52.41779506975791,0.7114907680717066,"i=54,j=75"
4612,12.761824223568059,52.41779785227957,0.8301517113080777,"i=54,j=76"
4613,12.761971149355258,52.41780063461877,0.3624443786577729,"i=54,j=77"
4614,12.762118075166441,52.417803416775506,0.05270733369623104,"i=54,j=78"
4615,12.76226500100161,52.4178061987498,0.5573371214984054,"i=54,j=79"
4616,12.762411926860759,52.417808980541615,0.26264740507039896,"i=54,j=80"
4617,12.762558852743892,52.41781176215098,0.4356362479818089,"i=54,j=81"
4618,12.762705778651002,52.417814543577904,0.9946044337662432,"i=54,j=82"
4619,12.76285270458209,52.41781732482235,0.20544244066375061,"i=54,j=83"
4620,12.750662507394708,52.41749602678178,0.8325859596082037,"i=55,j=0"
4621,12.750809431056316,52.41749882297859,0.03568330476475179,"i=55,j=1"
4622,12.75095635474203,52.417501618992965,0.21552647053691565,"i=55,j=2"
4623,12.751103278451845,52.41750441482487,0.8148757813086932,"i=55,j=3"
4624,12.751250202185762,52.417507210474334,0.10198529016518898,"i=55,j=4"
4625,12.751397125943779,52.41751000594133,0.21766642628679245,"i=55,j=5"
4626,12.751544049725894,52.41751280122589,0.19645236492018947,"i=55,j=6"
4627,12.751690973532105,52.41751559632799,0.708431211190591,"i=55,j=7"
4628,12.751837897362412,52.41751839124764,0.03657051866443706,"i=55,j=8"
4629,12.751984821216812,52.417521185984825,0.9721719145328569,"i=55,j=9"
4630,12.752131745095303,52.41752398053958,0.881388514806002,"i=55,j=10"
4631,12.752278668997883,52.41752677491187,0.884605238607413,"i=55,j=11"
4632,12.752425592924554,52.4175295691017,0.6837959109046708,"i=55,j=12"
4633,12.752572516875311,52.41753236310909,0.3873293150290795,"i=55,j=13"
4634,12.752719440850155,52.41753515693401,0.5332558981070656,"i=55,j=14"
4635,12.752866364849082,52.41753795057649,0.5503297820106059,"i=55,j=15"
4636,12.753013288872092,52.41754074403651,0.48296148505764425,"i=55,j=16"
4637,12.753160212919184,52.41754353731408,0.6497917027891058,"i=55,j=17"
4638,12.753307136990355,52.4175463304092,0.6180834137673108,"i=55,j=18"
4639,12.753454061085602,52.417549123321855,0.23637959498730043,"i=55,j=19"
4640,12.753600985204924,52.41755191605207,0.18021888743883152,"i=55,j=20"
4641,12.753747909348322,52.41755470859982,0.4578752674365669,"i=55,j=21"
4642,12.753894833515796,52.41755750096512,0.5389198293411388,"i=55,j=22"
4643,12.754041757707338,52.41756029314797,0.701787517021177,"i=55,j=23"
4644,12.75418868192295,52.417563085148366,0.01656553265395866,"i=55,j=24"
4645,12.75433560616263,52.41756587696629,0.6367015441847383,"i=55,j=25"
4646,12.75448253042638,52.41756866860178,0.07123278101796027,"i=55,j=26"
4647,12.754629454714193,52.417571460054816,0.37774440846693025,"i=55,j=27"
4648,12.754776379026069,52.41757425132539,0.5035977169646345,"i=55,j=28"
4649,12.754923303362007,52.41757704241351,0.4102691922602848,"i=55,j=29"
4650,12.755070227722008,52.41757983331918,0.29901490071975834,"i=55,j=30"
4651,12.755217152106066,52.417582624042396,0.6376513477422808,"i=55,j=31"
4652,12.755364076514184,52.41758541458315,0.45694554820161226,"i=55,j=32"
4653,12.755511000946354,52.41758820494145,0.6901465882213274,"i=55,j=33"
4654,12.755657925402579,52.4175909951173,0.013505307052495974,"i=55,j=34"
4655,12.755804849882859,52.4175937851107,0.8041421494732116,"i=55,j=35"
4656,12.755951774387189,52.417596574921625,0.341091776451535,"i=55,j=36"
4657,12.756098698915567,52.417599364550114,0.049746775393699205,"i=55,j=37"
4658,12.756245623467994,52.41760215399615,0.2779204860334733,"i=55,j=38"
4659,12.756392548044465,52.41760494325973,0.278250688275568,"i=55,j=39"
4660,12.756539472644986,52.41760773234084,0.22898973163503888,"i=55,j=40"
4661,12.756686397269547,52.4176105212395,0.970172290802774,"i=55,j=41"
4662,12.75683332191815,52.41761330995571,0.29358188220275794,"i=55,j=42"
4663,12.756980246590793,52.417616098489475,0.9925042838424744,"i=55,j=43"
4664,12.757127171287475,52.417618886840756,0.19815604221223315,"i=55,j=44"
4665,12.757274096008194,52.417621675009606,0.18349957345397894,"i=55,j=45"
4666,12.757421020752949,52.417624462995995,0.2425926519312125,"i=55,j=46"
4667,12.757567945521735,52.417627250799924,0.9126095422276728,"i=55,j=47"
4668,12.757714870314556,52.41763003842139,0.9207115411272435,"i=55,j=48"
4669,12.757861795131406,52.41763282586043,0.333642732771152,"i=55,j=49"
4670,12.758008719972288,52.41763561311699,0.46723665919925017,"i=55,j=50"
4671,12.758155644837197,52.417638400191095,0.7330168418876855,"i=55,j=51"
4672,12.75830256972613,52.417641187082744,0.548047761600232,"i=55,j=52"
4673,12.75844949463909,52.41764397379194,0.9913244789479622,"i=55,j=53"
4674,12.75859641957607,52.41764676031868,0.8113207531846343,"i=55,j=54"
4675,12.758743344537073,52.41764954666297,0.15786298593487957,"i=55,j=55"
4676,12.758890269522094,52.417652332824794,0.6897752865653829,"i=55,j=56"
4677,12.759037194531135,52.41765511880417,0.38560480806603725,"i=55,j=57"
4678,12.759184119564193,52.41765790460108,0.929038509906933,"i=55,j=58"
4679,12.759331044621264,52.417660690215534,0.4793064037799205,"i=55,j=59"
4680,12.759477969702349,52.417663475647544,0.1550214220737135,"i=55,j=60"
4681,12.759624894807446,52.41766626089709,0.17648807607042882,"i=55,j=61"
4682,12.759771819936557,52.417669045964175,0.6301833604177383,"i=55,j=62"
4683,12.759918745089672,52.41767183084882,0.4203874864148641,"i=55,j=63"
4684,12.760065670266796,52.41767461555099,0.9416786118030949,"i=55,j=64"
4685,12.760212595467925,52.417677400070716,0.2551464134349414,"i=55,j=65"
4686,12.76035952069306,52.41768018440797,0.9012007503574472,"i=55,j=66"
4687,12.760506445942195,52.41768296856277,0.5654683600942214,"i=55,j=67"
4688,12.760653371215332,52.41768575253512,0.5453740876074288,"i=55,j=68"
4689,12.760800296512468,52.417688536325024,0.05449797643901744,"i=55,j=69"
4690,12.760947221833602,52.417691319932445,0.4337391905465876,"i=55,j=70"
4691,12.761094147178731,52.41769410335743,0.497784750544108,"i=55,j=71"
4692,12.761241072547858,52.41769688659994,0.5632864056779878,"i=55,j=72"
4693,12.761387997940975,52.41769966966001,0.23361098851440343,"i=55,j=73"
4694,12.761534923358084,52.41770245253762,0.5618554147966174,"i=55,j=74"
4695,12.761681848799185,52.41770523523276,0.9457924612970007,"i=55,j=75"
4696,12.761828774264272,52.41770801774546,0.11277569016550448,"i=55,j=76"
4697,12.761975699753346,52.417710800075696,0.22574304520679955,"i=55,j=77"
4698,12.762122625266407,52.41771358222345,0.11813182159684965,"i=55,j=78"
4699,12.76226955080345,52.417716364188784,0.8240390072683144,"i=55,j=79"
4700,12.762416476364477,52.41771914597163,0.39642189921784,"i=55,j=80"
4701,12.762563401949484,52.417721927572046,0.7807658113782585,"i=55,j=81"
4702,12.76271032755847,52.41772470898997,0.9112231564048183,"i=55,j=82"
4703,12.762857253191433,52.41772749022546,0.954893915000976,"i=55,j=83"
4704,12.750667080723744,52.417406192929356,0.30960142029755544,"i=56,j=0"
4705,12.750814004087244,52.417408989117156,0.6438855990908907,"i=56,j=1"
4706,12.750960927474846,52.41741178512251,0.653581132962414,"i=56,j=2"
4707,12.751107850886553,52.417414580945405,0.7989437005598956,"i=56,j=3"
4708,12.751254774322359,52.41741737658587,0.9726183475942052,"i=56,j=4"
4709,12.751401697782265,52.417420172043855,0.1626248335439634,"i=56,j=5"
4710,12.75154862126627,52.4174229673194,0.31684657945317496,"i=56,j=6"
4711,12.75169554477437,52.417425762412485,0.9098052620104897,"i=56,j=7"
4712,12.751842468306565,52.41742855732313,0.813376335090714,"i=56,j=8"
4713,12.751989391862853,52.41743135205132,0.3160852514391459,"i=56,j=9"
4714,12.752136315443234,52.41743414659705,0.2098468642957878,"i=56,j=10"
4715,12.752283239047705,52.41743694096033,0.40613432801022664,"i=56,j=11"
4716,12.752430162676264,52.41743973514116,0.3084786612141316,"i=56,j=12"
4717,12.75257708632891,52.417442529139535,0.6949133593391967,"i=56,j=13"
4718,12.752724010005641,52.41744532295546,0.23532034480790442,"i=56,j=14"
4719,12.752870933706458,52.41744811658893,0.8478690926348261,"i=56,j=15"
4720,12.753017857431356,52.41745091003995,0.8888805215639655,"i=56,j=16"
4721,12.753164781180333,52.41745370330851,0.8064092845477391,"i=56,j=17"
4722,12.75331170495339,52.41745649639462,0.004818180862671051,"i=56,j=18"
4723,12.753458628750526,52.41745928929828,0.40141500054825463,"i=56,j=19"
4724,12.753605552571736,52.41746208201949,0.26036759039262125,"i=56,j=20"
4725,12.753752476417022,52.41746487455824,0.6460876878766061,"i=56,j=21"
4726,12.75389940028638,52.41746766691453,0.6381663694611741,"i=56,j=22"
4727,12.75404632417981,52.41747045908838,0.594111369534477,"i=56,j=23"
4728,12.75419324809731,52.41747325107977,0.21879148500374457,"i=56,j=24"
4729,12.754340172038878,52.41747604288872,0.2786055331235644,"i=56,j=25"
4730,12.754487096004512,52.41747883451521,0.8954197807388949,"i=56,j=26"
4731,12.75463401999421,52.41748162595923,0.9497758146241069,"i=56,j=27"
4732,12.754780944007974,52.41748441722081,0.13630307347327553,"i=56,j=28"
4733,12.754927868045797,52.41748720829994,0.21447176184227157,"i=56,j=29"
4734,12.755074792107683,52.417489999196604,0.9493582287645794,"i=56,j=30"
4735,12.755221716193628,52.417492789910824,0.48034411569386326,"i=56,j=31"
4736,12.755368640303628,52.41749558044258,0.6987776855209313,"i=56,j=32"
4737,12.755515564437685,52.41749837079189,0.6579210490848185,"i=56,j=33"
4738,12.755662488595794,52.41750116095876,0.35602731308639846,"i=56,j=34"
4739,12.755809412777957,52.41750395094316,0.7644620086762148,"i=56,j=35"
4740,12.755956336984173,52.41750674074508,0.13828066711502807,"i=56,j=36"
4741,12.756103261214436,52.41750953036458,0.13621719441675084,"i=56,j=37"
4742,12.756250185468746,52.417512319801624,0.9959625210817654,"i=56,j=38"
4743,12.756397109747104,52.41751510905621,0.400658011407546,"i=56,j=39"
4744,12.756544034049506,52.41751789812834,0.5904425451759968,"i=56,j=40"
4745,12.756690958375952,52.41752068701801,0.42568146844896837,"i=56,j=41"
4746,12.756837882726439,52.417523475725226,0.6000660476785731,"i=56,j=42"
4747,12.756984807100965,52.41752626424999,0.11080379949422325,"i=56,j=43"
4748,12.75713173149953,52.41752905259231,0.9676167636382407,"i=56,j=44"
4749,12.757278655922132,52.41753184075215,0.16685802037076047,"i=56,j=45"
4750,12.757425580368768,52.41753462872956,0.9691122219400283,"i=56,j=46"
4751,12.757572504839441,52.417537416524496,0.49033101313681604,"i=56,j=47"
4752,12.757719429334143,52.41754020413699,0.6009299012792316,"i=56,j=48"
4753,12.757866353852876,52.41754299156702,0.8558944619416751,"i=56,j=49"
4754,12.758013278395637,52.417545778814606,0.370784306962222,"i=56,j=50"
4755,12.758160202962427,52.41754856587972,0.10659031892691062,"i=56,j=51"
4756,12.758307127553245,52.4175513527624,0.45183865641635934,"i=56,j=52"
4757,12.758454052168084,52.41755413946261,0.47512476895255784,"i=56,j=53"
4758,12.758600976806948,52.417556925980364,0.6794750200128203,"i=56,j=54"
4759,12.75874790146983,52.41755971231567,0.5810118362107353,"i=56,j=55"
4760,12.758894826156734,52.41756249846851,0.7345996821683433,"i=56,j=56"
4761,12.759041750867656,52.41756528443891,0.3140592922851785,"i=56,j=57"
4762,12.759188675602593,52.41756807022684,0.9190614132763301,"i=56,j=58"
4763,12.759335600361545,52.417570855832324,0.1576318490914692,"i=56,j=59"
4764,12.759482525144513,52.417573641255345,0.2250502384572648,"i=56,j=60"
4765,12.759629449951492,52.41757642649591,0.5219085928341052,"i=56,j=61"
4766,12.75977637478248,52.41757921155403,0.1643575496687154,"i=56,j=62"
4767,12.759923299637475,52.41758199642968,0.2793681731323867,"i=56,j=63"
4768,12.760070224516477,52.41758478112288,0.8444271332851007,"i=56,j=64"
4769,12.760217149419487,52.41758756563363,0.842027139988617,"i=56,j=65"
4770,12.760364074346501,52.41759034996191,0.6953406643656318,"i=56,j=66"
4771,12.760510999297516,52.41759313410775,0.53117246471722,"i=56,j=67"
4772,12.760657924272532,52.417595918071115,0.2015958497556415,"i=56,j=68"
4773,12.760804849271548,52.41759870185203,0.8830703948711949,"i=56,j=69"
4774,12.76095177429456,52.4176014854505,0.09033234094124831,"i=56,j=70"
4775,12.761098699341568,52.4176042688665,0.020954094444216698,"i=56,j=71"
4776,12.761245624412572,52.417607052100045,0.07238968889060848,"i=56,j=72"
4777,12.761392549507569,52.41760983515115,0.6104433143804027,"i=56,j=73"
4778,12.761539474626558,52.41761261801977,0.35134401196099907,"i=56,j=74"
4779,12.761686399769534,52.41761540070595,0.4961648849888892,"i=56,j=75"
4780,12.7618333249365,52.41761818320966,0.27607853032738183,"i=56,j=76"
4781,12.761980250127452,52.417620965530936,0.5386595865486732,"i=56,j=77"
4782,12.762127175342389,52.417623747669744,0.11089354146052621,"i=56,j=78"
4783,12.76227410058131,52.417626529626084,0.8375590441448375,"i=56,j=79"
4784,12.762421025844214,52.41762931139997,0.5856833226489819,"i=56,j=80"
4785,12.762567951131095,52.41763209299141,0.28633462987291314,"i=56,j=81"
4786,12.762714876441958,52.417634874400385,0.616068776506776,"i=56,j=82"
4787,12.762861801776799,52.41763765562692,0.9806417371107157,"i=56,j=83"
4788,12.750671654028675,52.4173163590753,0.13729827264796246,"i=57,j=0"
4789,12.750818577094066,52.417319155254084,0.15802234269846926,"i=57,j=1"
4790,12.75096550018356,52.41732195125042,0.3345936432928348,"i=57,j=2"
4791,12.751112423297156,52.417324747064306,0.5227515051194227,"i=57,j=3"
4792,12.751259346434855,52.41732754269575,0.7577382320027226,"i=57,j=4"
4793,12.751406269596654,52.417330338144744,0.6866308145219259,"i=57,j=5"
4794,12.751553192782549,52.41733313341126,0.6884510969025205,"i=57,j=6"
4795,12.751700115992541,52.41733592849534,0.07205024062501375,"i=57,j=7"
4796,12.751847039226627,52.41733872339697,0.6551295306009605,"i=57,j=8"
4797,12.751993962484805,52.417341518116146,0.5046838024492423,"i=57,j=9"
4798,12.752140885767076,52.41734431265288,0.6623001260107002,"i=57,j=10"
4799,12.752287809073437,52.41734710700715,0.3795404964224698,"i=57,j=11"
4800,12.752434732403886,52.41734990117898,0.15453692939203634,"i=57,j=12"
4801,12.752581655758423,52.41735269516835,0.646504041136859,"i=57,j=13"
4802,12.752728579137043,52.41735548897526,0.4261613491631182,"i=57,j=14"
4803,12.75287550253975,52.41735828259972,0.4091886383591421,"i=57,j=15"
4804,12.753022425966536,52.417361076041736,0.9316916749867208,"i=57,j=16"
4805,12.753169349417405,52.4173638693013,0.290100599612481,"i=57,j=17"
4806,12.75331627289235,52.417366662378406,0.22891953295544132,"i=57,j=18"
4807,12.753463196391374,52.41736945527306,0.03531332546830235,"i=57,j=19"
4808,12.753610119914475,52.41737224798527,0.9038832825035321,"i=57,j=20"
4809,12.753757043461647,52.41737504051501,0.8729303072853419,"i=57,j=21"
4810,12.753903967032896,52.41737783286232,0.548531881335456,"i=57,j=22"
4811,12.754050890628212,52.417380625027164,0.96353490705709,"i=57,j=23"
4812,12.7541978142476,52.41738341700955,0.2697503810931905,"i=57,j=24"
4813,12.754344737891056,52.417386208809496,0.24629613185978316,"i=57,j=25"
4814,12.754491661558578,52.41738900042697,0.3376032903756936,"i=57,j=26"
4815,12.754638585250165,52.41739179186201,0.6734540230935367,"i=57,j=27"
4816,12.754785508965815,52.41739458311459,0.8518551010147903,"i=57,j=28"
4817,12.754932432705527,52.417397374184716,0.23048040465024122,"i=57,j=29"
4818,12.755079356469299,52.417400165072394,0.7670783485344279,"i=57,j=30"
4819,12.75522628025713,52.41740295577761,0.48572071412439355,"i=57,j=31"
4820,12.755373204069016,52.417405746300375,0.7270712865308153,"i=57,j=32"
4821,12.75552012790496,52.41740853664069,0.9963455034541524,"i=57,j=33"
4822,12.755667051764958,52.41741132679855,0.9037685228594134,"i=57,j=34"
4823,12.755813975649007,52.41741411677397,0.3090882384463416,"i=57,j=35"
4824,12.755960899557108,52.41741690656691,0.24758739547609654,"i=57,j=36"
4825,12.756107823489256,52.41741969617742,0.29122025331339696,"i=57,j=37"
4826,12.756254747445453,52.41742248560546,0.039723166706513546,"i=57,j=38"
4827,12.756401671425696,52.41742527485104,0.24521211367499685,"i=57,j=39"
4828,12.756548595429983,52.41742806391418,0.12301492123796631,"i=57,j=40"
4829,12.756695519458315,52.417430852794865,0.01218010065287456,"i=57,j=41"
4830,12.756842443510687,52.417433641493105,0.33145949187007084,"i=57,j=42"
4831,12.756989367587098,52.41743643000887,0.6814005823443259,"i=57,j=43"
4832,12.757136291687548,52.4174392183422,0.9162888127383654,"i=57,j=44"
4833,12.757283215812034,52.41744200649307,0.22757558989535331,"i=57,j=45"
4834,12.757430139960555,52.417444794461474,0.4557380063377299,"i=57,j=46"
4835,12.757577064133109,52.41744758224743,0.45580162787858425,"i=57,j=47"
4836,12.757723988329698,52.41745036985095,0.9346620796768497,"i=57,j=48"
4837,12.757870912550315,52.41745315727198,0.985319706223555,"i=57,j=49"
4838,12.758017836794961,52.417455944510586,0.6598125514475471,"i=57,j=50"
4839,12.758164761063634,52.41745873156672,0.6752706969183627,"i=57,j=51"
4840,12.758311685356334,52.417461518440405,0.31547965494001584,"i=57,j=52"
4841,12.758458609673058,52.41746430513164,0.7608558211895375,"i=57,j=53"
4842,12.758605534013801,52.417467091640404,0.92155588007307,"i=57,j=54"
4843,12.75875245837857,52.41746987796673,0.8773181411129801,"i=57,j=55"
4844,12.758899382767355,52.41747266411059,0.002089415615046497,"i=57,j=56"
4845,12.75904630718016,52.41747545007201,0.7973855146860511,"i=57,j=57"
4846,12.75919323161698,52.41747823585096,0.9412165569076207,"i=57,j=58"
4847,12.759340156077815,52.417481021447465,0.029323554487250436,"i=57,j=59"
4848,12.759487080562664,52.417483806861505,0.9052940466355295,"i=57,j=60"
4849,12.759634005071524,52.41748659209309,0.045214469741309715,"i=57,j=61"
4850,12.759780929604393,52.41748937714223,0.9931592368242381,"i=57,j=62"
4851,12.759927854161269,52.41749216200891,0.8364982179164531,"i=57,j=63"
4852,12.760074778742155,52.41749494669314,0.9235016651687478,"i=57,j=64"
4853,12.760221703347046,52.4174977311949,0.36114772102901205,"i=57,j=65"
4854,12.76036862797594,52.41750051551421,0.4420299373386011,"i=57,j=66"
4855,12.760515552628835,52.417503299651074,0.2997921907837331,"i=57,j=67"
4856,12.760662477305733,52.41750608360547,0.4423745343680481,"i=57,j=68"
4857,12.760809402006627,52.417508867377414,0.5702236465794359,"i=57,j=69"
4858,12.760956326731522,52.4175116509669,0.9917531635860432,"i=57,j=70"
4859,12.76110325148041,52.41751443437393,0.8284786987773985,"i=57,j=71"
4860,12.761250176253293,52.4175172175985,0.04753993320519989,"i=57,j=72"
4861,12.76139710105017,52.417520000640636,0.7564905873265002,"i=57,j=73"
4862,12.76154402587104,52.417522783500296,0.7429743018835172,"i=57,j=74"
4863,12.761690950715895,52.41752556617749,0.6919854512388312,"i=57,j=75"
4864,12.761837875584739,52.41752834867224,0.25288695429901964,"i=57,j=76"
4865,12.761984800477572,52.41753113098454,0.07631890679872888,"i=57,j=77"
4866,12.762131725394388,52.41753391311438,0.0018113057755905215,"i=57,j=78"
4867,12.762278650335187,52.417536695061756,0.7364806935894728,"i=57,j=79"
4868,12.762425575299968,52.41753947682668,0.08368850759994662,"i=57,j=80"
4869,12.76257250028873,52.41754225840915,0.5162259436673212,"i=57,j=81"
4870,12.762719425301471,52.41754503980916,0.5310274260011293,"i=57,j=82"
4871,12.76286635033819,52.417547821026716,0.26393927949304785,"i=57,j=83"
4872,12.750676227309498,52.41722652521958,0.888032570283405,"i=58,j=0"
4873,12.750823150076783,52.41722932138936,0.45418105825372546,"i=58,j=1"
4874,12.75097007286817,52.41723211737668,0.6041263066120863,"i=58,j=2"
4875,12.751116995683661,52.41723491318156,0.422575558633403,"i=58,j=3"
4876,12.751263918523252,52.417237708803974,0.7239770515096193,"i=58,j=4"
4877,12.751410841386942,52.417240504243956,0.6967699290049811,"i=58,j=5"
4878,12.75155776427473,52.41724329950148,0.8957701589723162,"i=58,j=6"
4879,12.751704687186615,52.41724609457655,0.8317951913336438,"i=58,j=7"
4880,12.751851610122594,52.41724888946917,0.014431384191495256,"i=58,j=8"
4881,12.751998533082666,52.417251684179334,0.7895524727434311,"i=58,j=9"
4882,12.75214545606683,52.417254478707065,0.5868446809957168,"i=58,j=10"
4883,12.752292379075081,52.417257273052314,0.3765871860915263,"i=58,j=11"
4884,12.752439302107422,52.41726006721513,0.3532186153073238,"i=58,j=12"
4885,12.75258622516385,52.417262861195496,0.07497268506408405,"i=58,j=13"
4886,12.752733148244364,52.41726565499341,0.4821567016737932,"i=58,j=14"
4887,12.752880071348958,52.417268448608866,0.5613876242697338,"i=58,j=15"
4888,12.753026994477636,52.41727124204187,0.4032703441497896,"i=58,j=16"
4889,12.753173917630395,52.41727403529243,0.02466491956449335,"i=58,j=17"
4890,12.753320840807232,52.417276828360535,0.21922527688287963,"i=58,j=18"
4891,12.753467764008148,52.41727962124619,0.21653193609329247,"i=58,j=19"
4892,12.753614687233139,52.41728241394939,0.44679897719112416,"i=58,j=20"
4893,12.7537616104822,52.41728520647015,0.2843432051387914,"i=58,j=21"
4894,12.753908533755338,52.41728799880843,0.6001561129590027,"i=58,j=22"
4895,12.754055457052546,52.41729079096427,0.46468406586721567,"i=58,j=23"
4896,12.754202380373824,52.41729358293767,0.49995726426673703,"i=58,j=24"
4897,12.754349303719168,52.417296374728615,0.09683547188157071,"i=58,j=25"
4898,12.754496227088579,52.417299166337095,0.5371604951466409,"i=58,j=26"
4899,12.754643150482055,52.41730195776314,0.7731483800877238,"i=58,j=27"
4900,12.754790073899596,52.41730474900671,0.8696681963079868,"i=58,j=28"
4901,12.754936997341195,52.41730754006784,0.03555393530943929,"i=58,j=29"
4902,12.755083920806857,52.41731033094653,0.706617887234656,"i=58,j=30"
4903,12.755230844296577,52.41731312164274,0.8525078270541179,"i=58,j=31"
4904,12.755377767810351,52.417315912156525,0.6158176357636734,"i=58,j=32"
4905,12.755524691348183,52.41731870248784,0.6368880821984999,"i=58,j=33"
4906,12.755671614910067,52.41732149263671,0.7379906083975054,"i=58,j=34"
4907,12.755818538496005,52.417324282603126,0.6634279966787084,"i=58,j=35"
4908,12.755965462105992,52.417327072387074,0.42517991509812647,"i=58,j=36"
4909,12.75611238574003,52.417329861988584,0.12247582939577484,"i=58,j=37"
4910,12.756259309398114,52.41733265140764,0.0707685925416246,"i=58,j=38"
4911,12.756406233080243,52.417335440644244,0.9990791973562898,"i=58,j=39"
4912,12.756553156786419,52.41733822969839,0.9278030642280075,"i=58,j=40"
4913,12.756700080516636,52.41734101857008,0.0019053377234989899,"i=58,j=41"
4914,12.756847004270893,52.41734380725932,0.3311029179352992,"i=58,j=42"
4915,12.756993928049193,52.4173465957661,0.8840356838967774,"i=58,j=43"
4916,12.75714085185153,52.41734938409044,0.3815080117308428,"i=58,j=44"
4917,12.757287775677902,52.41735217223233,0.5663682663134743,"i=58,j=45"
4918,12.757434699528309,52.41735496019174,0.7633092948918252,"i=58,j=46"
4919,12.75758162340275,52.417357747968715,0.17720490342178796,"i=58,j=47"
4920,12.757728547301221,52.41736053556324,0.7209520930626179,"i=58,j=48"
4921,12.757875471223723,52.4173633229753,0.21292407810614788,"i=58,j=49"
4922,12.758022395170256,52.41736611020491,0.7914992767414335,"i=58,j=50"
4923,12.758169319140816,52.41736889725206,0.9191212407528512,"i=58,j=51"
4924,12.758316243135399,52.41737168411675,0.4078074185655689,"i=58,j=52"
4925,12.758463167154005,52.41737447079901,0.9685634542462316,"i=58,j=53"
4926,12.758610091196637,52.41737725729881,0.10637277823300961,"i=58,j=54"
4927,12.758757015263289,52.41738004361614,0.31612667610050005,"i=58,j=55"
4928,12.758903939353958,52.41738282975103,0.0758320194060671,"i=58,j=56"
4929,12.759050863468646,52.41738561570345,0.2437805360816766,"i=58,j=57"
4930,12.75919778760735,52.417388401473424,0.7346287265796114,"i=58,j=58"
4931,12.75934471177007,52.41739118706095,0.48187292119934644,"i=58,j=59"
4932,12.759491635956802,52.417393972466016,0.009845185307116977,"i=58,j=60"
4933,12.759638560167543,52.41739675768863,0.6781404721102273,"i=58,j=61"
4934,12.759785484402297,52.41739954272879,0.302695306479168,"i=58,j=62"
4935,12.759932408661058,52.41740232758649,0.5418472191470498,"i=58,j=63"
4936,12.760079332943826,52.41740511226173,0.5983777221126394,"i=58,j=64"
4937,12.760226257250599,52.417407896754526,0.48048427211142153,"i=58,j=65"
4938,12.760373181581375,52.417410681064865,0.876307949614966,"i=58,j=66"
4939,12.760520105936154,52.417413465192745,0.03948238533992399,"i=58,j=67"
4940,12.760667030314934,52.41741624913817,0.05727791450455744,"i=58,j=68"
4941,12.760813954717712,52.417419032901144,0.7279942162434964,"i=58,j=69"
4942,12.760960879144486,52.41742181648166,0.10591351064178556,"i=58,j=70"
4943,12.761107803595257,52.41742459987971,0.6689276895740323,"i=58,j=71"
4944,12.761254728070023,52.417427383095315,0.7914470989196678,"i=58,j=72"
4945,12.76140165256878,52.41743016612846,0.45684785830235475,"i=58,j=73"
4946,12.76154857709153,52.417432948979155,0.5380416071646683,"i=58,j=74"
4947,12.761695501638266,52.41743573164739,0.3782206336853585,"i=58,j=75"
4948,12.761842426208993,52.417438514133174,0.9954132233817657,"i=58,j=76"
4949,12.761989350803704,52.41744129643651,0.2844307685944677,"i=58,j=77"
4950,12.762136275422403,52.41744407855736,0.05157889715388053,"i=58,j=78"
4951,12.762283200065081,52.41744686049578,0.6787537278863846,"i=58,j=79"
4952,12.762430124731743,52.41744964225174,0.9067154667153969,"i=58,j=80"
4953,12.762577049422386,52.41745242382523,0.5001205039963,"i=58,j=81"
4954,12.762723974137005,52.417455205216285,0.8159026242796376,"i=58,j=82"
4955,12.762870898875605,52.41745798642487,0.5368120543564724,"i=58,j=83"
4956,12.750680800566217,52.417136691362195,0.1218542772005754,"i=59,j=0"
4957,12.750827723035396,52.41713948752297,0.18854370310437352,"i=59,j=1"
4958,12.750974645528679,52.41714228350128,0.4921529117326826,"i=59,j=2"
4959,12.751121568046065,52.41714507929714,0.5443343832668891,"i=59,j=3"
4960,12.75126849058755,52.417147874910555,0.7220619914852617,"i=59,j=4"
4961,12.751415413153136,52.41715067034151,0.7257279093459643,"i=59,j=5"
4962,12.751562335742818,52.417153465590026,0.09909333645593299,"i=59,j=6"
4963,12.751709258356598,52.417156260656085,0.10662978636728104,"i=59,j=7"
4964,12.75185618099447,52.41715905553969,0.019879765313347786,"i=59,j=8"
4965,12.752003103656435,52.41716185024086,0.8352013935263662,"i=59,j=9"
4966,12.752150026342491,52.417164644759566,0.9006993514403075,"i=59,j=10"
4967,12.752296949052637,52.41716743909583,0.5515446620073002,"i=59,j=11"
4968,12.752443871786872,52.417170233249635,0.884926996561863,"i=59,j=12"
4969,12.752590794545194,52.41717302722099,0.6044858398209966,"i=59,j=13"
4970,12.752737717327598,52.4171758210099,0.008338246994559873,"i=59,j=14"
4971,12.752884640134086,52.41717861461635,0.37724367489444477,"i=59,j=15"
4972,12.753031562964656,52.41718140804035,0.6357507351334069,"i=59,j=16"
4973,12.753178485819308,52.417184201281906,0.27790697238034023,"i=59,j=17"
4974,12.753325408698037,52.41718699434101,0.2115814384673833,"i=59,j=18"
4975,12.753472331600845,52.41718978721765,0.8791760611914639,"i=59,j=19"
4976,12.753619254527726,52.41719257991185,0.9516963655890008,"i=59,j=20"
4977,12.753766177478681,52.417195372423606,0.5195377374684157,"i=59,j=21"
4978,12.753913100453712,52.4171981647529,0.6546102158237593,"i=59,j=22"
4979,12.75406002345281,52.417200956899734,0.42029427943447606,"i=59,j=23"
4980,12.754206946475977,52.41720374886415,0.08511523037640645,"i=59,j=24"
4981,12.754353869523214,52.41720654064607,0.816144474160021,"i=59,j=25"
4982,12.754500792594518,52.41720933224556,0.4459213553724767,"i=59,j=26"
4983,12.754647715689883,52.417212123662594,0.48832713719593124,"i=59,j=27"
4984,12.754794638809313,52.41721491489719,0.8390076509753808,"i=59,j=28"
4985,12.754941561952805,52.41721770594933,0.7246433398868967,"i=59,j=29"
4986,12.755088485120355,52.417220496819006,0.08194578752866943,"i=59,j=30"
4987,12.755235408311966,52.41722328750623,0.2586881320321176,"i=59,j=31"
4988,12.755382331527631,52.417226078011,0.6608088738765816,"i=59,j=32"
4989,12.755529254767351,52.41722886833333,0.10020987797326619,"i=59,j=33"
4990,12.755676178031125,52.4172316584732,0.6494856314111408,"i=59,j=34"
4991,12.755823101318953,52.41723444843062,0.19561567036958594,"i=59,j=35"
4992,12.75597002463083,52.41723723820558,0.7692189221574062,"i=59,j=36"
4993,12.756116947966756,52.4172400277981,0.42591948784510936,"i=59,j=37"
4994,12.756263871326729,52.417242817208155,0.35533693852826165,"i=59,j=38"
4995,12.756410794710748,52.41724560643578,0.7944538320743946,"i=59,j=39"
4996,12.75655771811881,52.41724839548094,0.46248862124802137,"i=59,j=40"
4997,12.756704641550916,52.41725118434363,0.7038686805138756,"i=59,j=41"
4998,12.756851565007063,52.41725397302388,0.8119564306641894,"i=59,j=42"
4999,12.75699848848725,52.417256761521685,0.7397584112624457,"i=59,j=43"
5000,12.757145411991472,52.41725954983703,0.35649337082412447,"i=59,j=44"
5001,12.757292335519733,52.41726233796993,0.44912126722144907,"i=59,j=45"
5002,12.757439259072028,52.41726512592035,0.9942912295293098,"i=59,j=46"
5003,12.757586182648357,52.41726791368834,0.772655768723057,"i=59,j=47"
5004,12.757733106248716,52.41727070127388,0.7287762034035749,"i=59,j=48"
5005,12.757880029873105,52.41727348867695,0.39977081267519954,"i=59,j=49"
5006,12.758026953521524,52.41727627589757,0.43017355547293223,"i=59,j=50"
5007,12.75817387719397,52.41727906293574,0.04121600675592674,"i=59,j=51"
5008,12.75832080089044,52.417281849791465,0.3196192280363437,"i=59,j=52"
5009,12.758467724610934,52.41728463646473,0.7065184155212638,"i=59,j=53"
5010,12.75861464835545,52.41728742295554,0.3854029139568219,"i=59,j=54"
5011,12.758761572123989,52.417290209263896,0.08695056194554396,"i=59,j=55"
5012,12.758908495916545,52.4172929953898,0.7563675122237835,"i=59,j=56"
5013,12.759055419733118,52.417295781333245,0.14561718823913394,"i=59,j=57"
5014,12.759202343573708,52.41729856709424,0.7945583052863708,"i=59,j=58"
5015,12.759349267438312,52.41730135267278,0.25546385926372095,"i=59,j=59"
5016,12.75949619132693,52.41730413806887,0.8795108908750671,"i=59,j=60"
5017,12.759643115239557,52.4173069232825,0.09712805175643502,"i=59,j=61"
5018,12.759790039176194,52.41730970831369,0.9648186829196911,"i=59,j=62"
5019,12.759936963136841,52.417312493162406,0.19586295557278,"i=59,j=63"
5020,12.760083887121494,52.41731527782867,0.8736813281150215,"i=59,j=64"
5021,12.760230811130151,52.41731806231249,0.8926511382265622,"i=59,j=65"
5022,12.76037773516281,52.417320846613855,0.7030789702994642,"i=59,j=66"
5023,12.760524659219474,52.41732363073276,0.20609020724207483,"i=59,j=67"
5024,12.760671583300137,52.417326414669205,0.5802194759366974,"i=59,j=68"
5025,12.7608185074048,52.41732919842321,0.9360415871394083,"i=59,j=69"
5026,12.760965431533457,52.41733198199474,0.49565494379678887,"i=59,j=70"
5027,12.76111235568611,52.417334765383835,0.7945200303322292,"i=59,j=71"
5028,12.76125927986276,52.41733754859046,0.812732812387887,"i=59,j=72"
5029,12.761406204063398,52.417340331614646,0.42383121910302257,"i=59,j=73"
5030,12.761553128288032,52.417343114456365,0.811014527561117,"i=59,j=74"
5031,12.761700052536652,52.41734589711563,0.7599908354986628,"i=59,j=75"
5032,12.761846976809261,52.417348679592436,0.8323271094280454,"i=59,j=76"
5033,12.761993901105853,52.41735146188679,0.040692987607353404,"i=59,j=77"
5034,12.762140825426433,52.4173542439987,0.3958329125100496,"i=59,j=78"
5035,12.762287749770996,52.417357025928155,0.673290900498913,"i=59,j=79"
5036,12.76243467413954,52.41735980767514,0.1843576456993662,"i=59,j=80"
5037,12.762581598532062,52.41736258923967,0.38337732523509116,"i=59,j=81"
5038,12.762728522948565,52.41736537062175,0.22002213175200624,"i=59,j=82"
5039,12.762875447389042,52.41736815182137,0.14974148715016522,"i=59,j=83"
5040,12.75068537379883,52.41704685750319,0.36413759034828097,"i=60,j=0"
5041,12.750832295969905,52.41704965365493,0.20060139399576093,"i=60,j=1"
5042,12.750979218165085,52.41705244962422,0.9610413494383769,"i=60,j=2"
5043,12.751126140384367,52.41705524541108,0.13074132236135128,"i=60,j=3"
5044,12.75127306262775,52.41705804101549,0.5820136079038365,"i=60,j=4"
5045,12.75141998489523,52.41706083643743,0.5568675892781868,"i=60,j=5"
5046,12.751566907186808,52.41706363167694,0.3957160030653828,"i=60,j=6"
5047,12.751713829502483,52.41706642673399,0.9881046980727867,"i=60,j=7"
5048,12.751860751842251,52.417069221608585,0.48947328100654164,"i=60,j=8"
5049,12.752007674206112,52.417072016300736,0.35859416582896675,"i=60,j=9"
5050,12.752154596594062,52.41707481081043,0.8666276532054605,"i=60,j=10"
5051,12.752301519006105,52.41707760513769,0.8781058118889172,"i=60,j=11"
5052,12.752448441442233,52.41708039928248,0.7937241531210836,"i=60,j=12"
5053,12.752595363902449,52.41708319324484,0.4717752688061304,"i=60,j=13"
5054,12.752742286386749,52.417085987024734,0.20492110386633067,"i=60,j=14"
5055,12.752889208895134,52.41708878062219,0.5530770519606253,"i=60,j=15"
5056,12.753036131427598,52.417091574037194,0.6818433575167839,"i=60,j=16"
5057,12.753183053984142,52.41709436726974,0.9312361783776245,"i=60,j=17"
5058,12.753329976564764,52.417097160319834,0.19648239255671973,"i=60,j=18"
5059,12.753476899169467,52.41709995318747,0.24343501683020408,"i=60,j=19"
5060,12.753623821798243,52.417102745872675,0.39881431648940324,"i=60,j=20"
5061,12.75377074445109,52.41710553837541,0.745243755328142,"i=60,j=21"
5062,12.753917667128013,52.41710833069572,0.22910665045794865,"i=60,j=22"
5063,12.754064589829005,52.41711112283356,0.8518729654568736,"i=60,j=23"
5064,12.754211512554065,52.41711391478895,0.8142188042872999,"i=60,j=24"
5065,12.754358435303194,52.41711670656189,0.8290734598678233,"i=60,j=25"
5066,12.754505358076388,52.41711949815238,0.6955606349395258,"i=60,j=26"
5067,12.754652280873648,52.417122289560425,0.1019385388490105,"i=60,j=27"
5068,12.75479920369497,52.417125080786,0.1569310187033658,"i=60,j=28"
5069,12.754946126540354,52.41712787182914,0.2838589130421034,"i=60,j=29"
5070,12.755093049409796,52.41713066268982,0.3291800374380226,"i=60,j=30"
5071,12.755239972303297,52.41713345336806,0.5663624800199673,"i=60,j=31"
5072,12.755386895220855,52.417136243863844,0.6428434750589833,"i=60,j=32"
5073,12.755533818162467,52.417139034177175,0.6001903784202435,"i=60,j=33"
5074,12.755680741128131,52.417141824308054,0.8585260787147729,"i=60,j=34"
5075,12.75582766411785,52.417144614256465,0.5649071475121782,"i=60,j=35"
5076,12.755974587131618,52.417147404022444,0.3861827120018878,"i=60,j=36"
5077,12.756121510169434,52.41715019360597,0.23103979175307254,"i=60,j=37"
5078,12.756268433231298,52.417152983007036,0.4521485173851292,"i=60,j=38"
5079,12.756415356317206,52.417155772225655,0.2202488196809087,"i=60,j=39"
5080,12.75656227942716,52.41715856126182,0.3081364001731631,"i=60,j=40"
5081,12.756709202561156,52.41716135011554,0.9525626309766306,"i=60,j=41"
5082,12.756856125719192,52.417164138786795,0.46729056704125915,"i=60,j=42"
5083,12.757003048901268,52.4171669272756,0.6911172236720073,"i=60,j=43"
5084,12.757149972107381,52.41716971558196,0.3159770373301046,"i=60,j=44"
5085,12.75729689533753,52.417172503705864,0.829194916812352,"i=60,j=45"
5086,12.757443818591716,52.41717529164731,0.9798844074175933,"i=60,j=46"
5087,12.757590741869931,52.41717807940631,0.690305132172464,"i=60,j=47"
5088,12.75773766517218,52.41718086698286,0.026762930469728552,"i=60,j=48"
5089,12.757884588498458,52.417183654376956,0.5932642018730881,"i=60,j=49"
5090,12.758031511848767,52.4171864415886,0.4594544347503384,"i=60,j=50"
5091,12.7581784352231,52.41718922861779,0.34294858322084465,"i=60,j=51"
5092,12.758325358621457,52.417192015464515,0.3853056859961108,"i=60,j=52"
5093,12.75847228204384,52.4171948021288,0.4482680972338883,"i=60,j=53"
5094,12.758619205490245,52.41719758861063,0.447215079274386,"i=60,j=54"
5095,12.75876612896067,52.41720037491001,0.7087229149021116,"i=60,j=55"
5096,12.758913052455112,52.417203161026926,0.30729642658159184,"i=60,j=56"
5097,12.759059975973573,52.417205946961396,0.6362913822750965,"i=60,j=57"
5098,12.759206899516052,52.417208732713405,0.4189050496111808,"i=60,j=58"
5099,12.75935382308254,52.41721151828297,0.9561282741440521,"i=60,j=59"
5100,12.759500746673046,52.41721430367007,0.5707549681074482,"i=60,j=60"
5101,12.75964767028756,52.41721708887473,0.729779407737537,"i=60,j=61"
5102,12.759794593926083,52.41721987389693,0.5112624090589508,"i=60,j=62"
5103,12.759941517588617,52.41722265873668,0.17089040660442956,"i=60,j=63"
5104,12.760088441275155,52.41722544339397,0.42732784093929554,"i=60,j=64"
5105,12.760235364985698,52.417228227868804,0.9693947312224095,"i=60,j=65"
5106,12.760382288720244,52.417231012161196,0.1258721039551024,"i=60,j=66"
5107,12.760529212478792,52.41723379627112,0.6324838923922159,"i=60,j=67"
5108,12.76067613626134,52.417236580198605,0.26465264304139224,"i=60,j=68"
5109,12.760823060067887,52.41723936394362,0.3179724733228101,"i=60,j=69"
5110,12.76096998389843,52.417242147506194,0.7531285216381853,"i=60,j=70"
5111,12.761116907752971,52.41724493088631,0.7701399570090194,"i=60,j=71"
5112,12.761263831631503,52.41724771408396,0.5709451073950461,"i=60,j=72"
5113,12.761410755534028,52.417250497099175,0.34125711757160204,"i=60,j=73"
5114,12.761557679460543,52.41725327993193,0.37250917729217836,"i=60,j=74"
5115,12.761704603411049,52.417256062582226,0.7077420497217,"i=60,j=75"
5116,12.76185152738554,52.417258845050064,0.853063487820341,"i=60,j=76"
5117,12.76199845138402,52.41726162733545,0.3798570327750419,"i=60,j=77"
5118,12.762145375406483,52.417264409438395,0.38014916383931907,"i=60,j=78"
5119,12.762292299452929,52.41726719135886,0.7847435752187693,"i=60,j=79"
5120,12.762439223523355,52.417269973096886,0.17346690677531218,"i=60,j=80"
5121,12.762586147617762,52.41727275465245,0.49486287921013083,"i=60,j=81"
5122,12.762733071736147,52.417275536025564,0.723807105289968,"i=60,j=82"
5123,12.76287999587851,52.417278317216216,0.7717496656675534,"i=60,j=83"
5124,12.75068994700734,52.4169570236425,0.8193498480808229,"i=61,j=0"
5125,12.750836868880313,52.41695981978523,0.38603607252243133,"i=61,j=1"
5126,12.750983790777392,52.41696261574552,0.4171321012500576,"i=61,j=2"
5127,12.75113071269857,52.41696541152336,0.6239798192419997,"i=61,j=3"
5128,12.75127763464385,52.41696820711874,0.770631053289309,"i=61,j=4"
5129,12.75142455661323,52.41697100253168,0.4868704085755653,"i=61,j=5"
5130,12.751571478606705,52.41697379776218,0.2855758607832327,"i=61,j=6"
5131,12.751718400624275,52.416976592810215,0.9651246155722009,"i=61,j=7"
5132,12.75186532266594,52.41697938767581,0.8275512946997895,"i=61,j=8"
5133,12.752012244731699,52.41698218235895,0.5868428151162314,"i=61,j=9"
5134,12.752159166821547,52.416984976859645,0.4916017234057407,"i=61,j=10"
5135,12.752306088935484,52.41698777117789,0.6392325235085553,"i=61,j=11"
5136,12.752453011073511,52.41699056531368,0.2234117185914125,"i=61,j=12"
5137,12.752599933235622,52.416993359267025,0.6034849850243269,"i=61,j=13"
5138,12.752746855421817,52.416996153037914,0.012837505210207545,"i=61,j=14"
5139,12.752893777632096,52.41699894662636,0.009898869545763356,"i=61,j=15"
5140,12.753040699866458,52.417001740032354,0.590894876815304,"i=61,j=16"
5141,12.753187622124898,52.417004533255906,0.46048179546243306,"i=61,j=17"
5142,12.753334544407416,52.41700732629698,0.1393934217015098,"i=61,j=18"
5143,12.753481466714012,52.41701011915564,0.8172330943957595,"i=61,j=19"
5144,12.753628389044684,52.417012911831826,0.5058780453317833,"i=61,j=20"
5145,12.753775311399428,52.41701570432558,0.275078157928476,"i=61,j=21"
5146,12.753922233778242,52.41701849663687,0.4589846991853057,"i=61,j=22"
5147,12.75406915618113,52.4170212887657,0.3184944149176563,"i=61,j=23"
5148,12.754216078608087,52.4170240807121,0.18855274034568492,"i=61,j=24"
5149,12.75436300105911,52.41702687247604,0.6199204749692675,"i=61,j=25"
5150,12.754509923534197,52.41702966405754,0.4668921569752986,"i=61,j=26"
5151,12.75465684603335,52.41703245545658,0.26139430035252187,"i=61,j=27"
5152,12.754803768556567,52.417035246673166,0.41945711233936556,"i=61,j=28"
5153,12.754950691103843,52.4170380377073,0.16090799360658692,"i=61,j=29"
5154,12.75509761367518,52.417040828558996,0.6835815949398211,"i=61,j=30"
5155,12.755244536270574,52.41704361922823,0.8844231514173763,"i=61,j=31"
5156,12.755391458890024,52.41704640971501,0.3095888172026904,"i=61,j=32"
5157,12.755538381533528,52.417049200019356,0.5423422055882426,"i=61,j=33"
5158,12.755685304201087,52.417051990141225,0.1934117511618948,"i=61,j=34"
5159,12.755832226892696,52.417054780080676,0.419582094055865,"i=61,j=35"
5160,12.755979149608358,52.417057569837645,0.5358402397005416,"i=61,j=36"
5161,12.756126072348065,52.417060359412176,0.4514686005965104,"i=61,j=37"
5162,12.756272995111821,52.41706314880425,0.4876119899419882,"i=61,j=38"
5163,12.756419917899622,52.417065938013884,0.9612556786447245,"i=61,j=39"
5164,12.756566840711468,52.41706872704107,0.4315250637438799,"i=61,j=40"
5165,12.756713763547353,52.41707151588578,0.7950226953241486,"i=61,j=41"
5166,12.75686068640728,52.41707430454806,0.5099162646670756,"i=61,j=42"
5167,12.757007609291248,52.41707709302788,0.4757441599112554,"i=61,j=43"
5168,12.757154532199253,52.41707988132524,0.8601442244083481,"i=61,j=44"
5169,12.757301455131294,52.417082669440155,0.6180776228654359,"i=61,j=45"
5170,12.757448378087368,52.41708545737262,0.08419541543734244,"i=61,j=46"
5171,12.757595301067475,52.41708824512264,0.2702988952537102,"i=61,j=47"
5172,12.757742224071615,52.41709103269019,0.6549518515723777,"i=61,j=48"
5173,12.757889147099784,52.417093820075294,0.3068730100154644,"i=61,j=49"
5174,12.75803607015198,52.417096607277955,0.6795500614823529,"i=61,j=50"
5175,12.758182993228203,52.41709939429816,0.572397990602858,"i=61,j=51"
5176,12.758329916328453,52.4171021811359,0.07645926527681102,"i=61,j=52"
5177,12.758476839452724,52.41710496779121,0.020317365505121088,"i=61,j=53"
5178,12.758623762601017,52.41710775426406,0.23070239677813809,"i=61,j=54"
5179,12.758770685773332,52.41711054055445,0.04321484642518647,"i=61,j=55"
5180,12.758917608969664,52.41711332666239,0.07575483014378004,"i=61,j=56"
5181,12.759064532190013,52.41711611258788,0.18214634927597328,"i=61,j=57"
5182,12.759211455434379,52.41711889833091,0.5492901914956285,"i=61,j=58"
5183,12.759358378702759,52.4171216838915,0.7404383204658321,"i=61,j=59"
5184,12.75950530199515,52.41712446926962,0.7767009612346645,"i=61,j=60"
5185,12.759652225311552,52.41712725446529,0.5628734452851457,"i=61,j=61"
5186,12.759799148651965,52.417130039478515,0.9631925357696294,"i=61,j=62"
5187,12.759946072016385,52.41713282430929,0.49324410976539657,"i=61,j=63"
5188,12.760092995404811,52.41713560895761,0.6277375634781084,"i=61,j=64"
5189,12.760239918817241,52.41713839342347,0.4058604130172434,"i=61,j=65"
5190,12.760386842253675,52.41714117770688,0.4597160190255869,"i=61,j=66"
5191,12.760533765714111,52.41714396180784,0.058072354216721966,"i=61,j=67"
5192,12.760680689198546,52.41714674572634,0.3961256560361591,"i=61,j=68"
5193,12.76082761270698,52.4171495294624,0.13158011540194492,"i=61,j=69"
5194,12.76097453623941,52.41715231301599,0.09584172431050153,"i=61,j=70"
5195,12.761121459795834,52.41715509638713,0.28594881310922815,"i=61,j=71"
5196,12.761268383376255,52.41715787957582,0.4149151640000831,"i=61,j=72"
5197,12.761415306980666,52.41716066258205,0.8568932507702003,"i=61,j=73"
5198,12.761562230609067,52.417163445405826,0.0552390425409206,"i=61,j=74"
5199,12.761709154261458,52.417166228047165,0.4542343427493928,"i=61,j=75"
5200,12.761856077937836,52.417169010506036,0.5395469134692126,"i=61,j=76"
5201,12.7620030016382,52.417171792782455,0.7077349139550512,"i=61,j=77"
5202,12.762149925362548,52.41717457487641,0.5840910670256708,"i=61,j=78"
5203,12.762296849110879,52.417177356787924,0.23069402805166173,"i=61,j=79"
5204,12.762443772883191,52.41718013851698,0.06357042683866154,"i=61,j=80"
5205,12.762590696679483,52.41718292006358,0.6743684535584559,"i=61,j=81"
5206,12.762737620499752,52.41718570142773,0.7786498575588713,"i=61,j=82"
5207,12.762884544343997,52.41718848260942,0.9458082723834671,"i=61,j=83"
5208,12.750694520191741,52.416867189780156,0.9123992933074814,"i=62,j=0"
5209,12.750841441766616,52.416869985913884,0.8310366658193025,"i=62,j=1"
5210,12.750988363365593,52.41687278186515,0.6775342571946364,"i=62,j=2"
5211,12.751135284988672,52.41687557763399,0.3189727842741342,"i=62,j=3"
5212,12.751282206635853,52.416878373220364,0.010766332955070346,"i=62,j=4"
5213,12.751429128307128,52.41688116862429,0.7081928900570222,"i=62,j=5"
5214,12.751576050002505,52.41688396384577,0.2549215790633398,"i=62,j=6"
5215,12.751722971721973,52.4168867588848,0.8952989637595198,"i=62,j=7"
5216,12.751869893465537,52.416889553741385,0.09140216959180958,"i=62,j=8"
5217,12.752016815233194,52.41689234841552,0.15730159849866154,"i=62,j=9"
5218,12.752163737024942,52.416895142907194,0.40639340110332145,"i=62,j=10"
5219,12.752310658840777,52.41689793721644,0.3467216991395682,"i=62,j=11"
5220,12.7524575806807,52.41690073134322,0.3470901015408556,"i=62,j=12"
5221,12.75260450254471,52.41690352528756,0.5361352732648028,"i=62,j=13"
5222,12.752751424432805,52.416906319049446,0.7148158003488266,"i=62,j=14"
5223,12.75289834634498,52.416909112628886,0.6737054574838606,"i=62,j=15"
5224,12.753045268281237,52.416911906025874,0.35164049861971236,"i=62,j=16"
5225,12.753192190241576,52.41691469924041,0.6693292344143354,"i=62,j=17"
5226,12.753339112225992,52.4169174922725,0.11204180169236733,"i=62,j=18"
5227,12.753486034234484,52.41692028512215,0.3654701809200933,"i=62,j=19"
5228,12.753632956267051,52.416923077789335,0.7669520699349345,"i=62,j=20"
5229,12.75377987832369,52.41692587027407,0.496173478155966,"i=62,j=21"
5230,12.753926800404404,52.416928662576375,0.8764053543999881,"i=62,j=22"
5231,12.754073722509187,52.41693145469621,0.1499056925893537,"i=62,j=23"
5232,12.754220644638039,52.416934246633595,0.3164580571707438,"i=62,j=24"
5233,12.754367566790958,52.41693703838855,0.24747191252057377,"i=62,j=25"
5234,12.75451448896794,52.416939829961045,0.3911394942235563,"i=62,j=26"
5235,12.754661411168989,52.416942621351076,0.8620197491834485,"i=62,j=27"
5236,12.7548083333941,52.416945412558675,0.29941330492133167,"i=62,j=28"
5237,12.754955255643273,52.41694820358382,0.6264679195048694,"i=62,j=29"
5238,12.755102177916504,52.41695099442651,0.5984343803687525,"i=62,j=30"
5239,12.755249100213794,52.41695378508675,0.8159893200409154,"i=62,j=31"
5240,12.755396022535137,52.41695657556454,0.6720225880515335,"i=62,j=32"
5241,12.755542944880538,52.416959365859874,0.05907875020320952,"i=62,j=33"
5242,12.75568986724999,52.416962155972776,0.7492229693067802,"i=62,j=34"
5243,12.755836789643494,52.41696494590322,0.00456762713574832,"i=62,j=35"
5244,12.755983712061047,52.4169677356512,0.40445123168251595,"i=62,j=36"
5245,12.75613063450265,52.41697052521674,0.3017514218010462,"i=62,j=37"
5246,12.7562775569683,52.41697331459982,0.3267782727831188,"i=62,j=38"
5247,12.756424479457994,52.41697610380045,0.3254891862173842,"i=62,j=39"
5248,12.756571401971732,52.41697889281864,0.8817706961013836,"i=62,j=40"
5249,12.756718324509512,52.41698168165436,0.4291719638009852,"i=62,j=41"
5250,12.756865247071332,52.41698447030766,0.014407790166067413,"i=62,j=42"
5251,12.757012169657191,52.41698725877849,0.7346951262567841,"i=62,j=43"
5252,12.757159092267088,52.41699004706687,0.6604368871848724,"i=62,j=44"
5253,12.757306014901022,52.41699283517279,0.07425087648188866,"i=62,j=45"
5254,12.75745293755899,52.41699562309628,0.4931603236665624,"i=62,j=46"
5255,12.757599860240989,52.4169984108373,0.13120204901390986,"i=62,j=47"
5256,12.75774678294702,52.417001198395866,0.12654722738536806,"i=62,j=48"
5257,12.75789370567708,52.417003985771984,0.45280143387338456,"i=62,j=49"
5258,12.758040628431168,52.417006772965664,0.3125409220601373,"i=62,j=50"
5259,12.758187551209282,52.41700955997688,0.008434637069991258,"i=62,j=51"
5260,12.758334474011424,52.41701234680565,0.7803955287424785,"i=62,j=52"
5261,12.758481396837585,52.417015133451976,0.0067435018433451566,"i=62,j=53"
5262,12.75862831968777,52.417017919915835,0.9826208495965862,"i=62,j=54"
5263,12.758775242561974,52.41702070619724,0.8463036877067355,"i=62,j=55"
5264,12.758922165460197,52.4170234922962,0.28573403243992546,"i=62,j=56"
5265,12.759069088382438,52.41702627821271,0.8287051258470245,"i=62,j=57"
5266,12.759216011328693,52.417029063946764,0.8776482139241372,"i=62,j=58"
5267,12.759362934298963,52.417031849498365,0.9901018163533338,"i=62,j=59"
5268,12.759509857293246,52.41703463486752,0.16304388264921998,"i=62,j=60"
5269,12.759656780311538,52.41703742005422,0.4979501797689643,"i=62,j=61"
5270,12.759803703353839,52.41704020505846,0.7206818136960471,"i=62,j=62"
5271,12.759950626420148,52.417042989880244,0.3984188135750978,"i=62,j=63"
5272,12.760097549510462,52.41704577451959,0.36111386718815286,"i=62,j=64"
5273,12.760244472624782,52.41704855897648,0.9213651467146338,"i=62,j=65"
5274,12.760391395763106,52.41705134325092,0.2566948919093479,"i=62,j=66"
5275,12.760538318925429,52.417054127342894,0.08026207168341914,"i=62,j=67"
5276,12.760685242111753,52.41705691125242,0.975442973761264,"i=62,j=68"
5277,12.760832165322075,52.4170596949795,0.07981060719560107,"i=62,j=69"
5278,12.760979088556393,52.41706247852413,0.4405279469565698,"i=62,j=70"
5279,12.761126011814707,52.41706526188629,0.724543202576708,"i=62,j=71"
5280,12.761272935097013,52.41706804506601,0.8604758037530748,"i=62,j=72"
5281,12.761419858403313,52.417070828063274,0.5490373986387569,"i=62,j=73"
5282,12.761566781733602,52.41707361087809,0.37036553394454186,"i=62,j=74"
5283,12.76171370508788,52.41707639351044,0.6309296477181998,"i=62,j=75"
5284,12.761860628466147,52.417079175960346,0.26757832853512564,"i=62,j=76"
5285,12.762007551868397,52.4170819582278,0.254100527033414,"i=62,j=77"
5286,12.762154475294633,52.41708474031278,0.6556320832684351,"i=62,j=78"
5287,12.76230139874485,52.41708752221533,0.22635564787394502,"i=62,j=79"
5288,12.762448322219047,52.417090303935424,0.23092437004745237,"i=62,j=80"
5289,12.762595245717225,52.417093085473056,0.4375614182047063,"i=62,j=81"
5290,12.762742169239381,52.417095866828234,0.040677923366185254,"i=62,j=82"
5291,12.762889092785514,52.417098648000966,0.5168204094670625,"i=62,j=83"
5292,12.75069909335204,52.41677735591617,0.41118218681690855,"i=63,j=0"
5293,12.750846014628817,52.41678015204088,0.18505495221613522,"i=63,j=1"
5294,12.750992935929695,52.41678294798314,0.4795129486178248,"i=63,j=2"
5295,12.751139857254675,52.416785743742956,0.6173845448976503,"i=63,j=3"
5296,12.751286778603754,52.41678853932032,0.8025667934248394,"i=63,j=4"
5297,12.751433699976932,52.41679133471524,0.22900114659244175,"i=63,j=5"
5298,12.751580621374208,52.4167941299277,0.5705503293454334,"i=63,j=6"
5299,12.75172754279558,52.41679692495773,0.3021699773936224,"i=63,j=7"
5300,12.751874464241043,52.4167997198053,0.3960724582271641,"i=63,j=8"
5301,12.752021385710599,52.416802514470426,0.17475498478543938,"i=63,j=9"
5302,12.752168307204245,52.4168053089531,0.31266186787937233,"i=63,j=10"
5303,12.752315228721981,52.41680810325334,0.6481170126412814,"i=63,j=11"
5304,12.752462150263804,52.416810897371114,0.051569719241294165,"i=63,j=12"
5305,12.752609071829713,52.41681369130644,0.13017152217958095,"i=63,j=13"
5306,12.752755993419708,52.41681648505933,0.9218520398885717,"i=63,j=14"
5307,12.752902915033781,52.41681927862976,0.45757212208934606,"i=63,j=15"
5308,12.753049836671938,52.41682207201774,0.7172496462061194,"i=63,j=16"
5309,12.753196758334175,52.41682486522328,0.02772157468137404,"i=63,j=17"
5310,12.753343680020489,52.41682765824637,0.8165549352966547,"i=63,j=18"
5311,12.75349060173088,52.416830451087,0.33171838583068824,"i=63,j=19"
5312,12.753637523465345,52.416833243745195,0.3360417402807979,"i=63,j=20"
5313,12.753784445223884,52.416836036220936,0.7029847089035859,"i=63,j=21"
5314,12.753931367006494,52.41683882851422,0.5412965165611572,"i=63,j=22"
5315,12.754078288813176,52.416841620625064,0.450486071933916,"i=63,j=23"
5316,12.754225210643924,52.416844412553466,0.5115396708167207,"i=63,j=24"
5317,12.75437213249874,52.4168472042994,0.9047663932795251,"i=63,j=25"
5318,12.75451905437762,52.416849995862904,0.5003932960873512,"i=63,j=26"
5319,12.754665976280569,52.41685278724394,0.9983737760099953,"i=63,j=27"
5320,12.754812898207575,52.41685557844254,0.5119634199237646,"i=63,j=28"
5321,12.754959820158643,52.41685836945868,0.8308668609874157,"i=63,j=29"
5322,12.755106742133771,52.41686116029238,0.07719372722835494,"i=63,j=30"
5323,12.755253664132956,52.416863950943615,0.23139697115052027,"i=63,j=31"
5324,12.755400586156195,52.41686674141241,0.003553348173976456,"i=63,j=32"
5325,12.755547508203492,52.41686953169876,0.8048752630017394,"i=63,j=33"
5326,12.75569443027484,52.41687232180266,0.7866704797394001,"i=63,j=34"
5327,12.75584135237024,52.4168751117241,0.28724759990091076,"i=63,j=35"
5328,12.755988274489692,52.4168779014631,0.8166528052709134,"i=63,j=36"
5329,12.756135196633188,52.41688069101964,0.6269461588075087,"i=63,j=37"
5330,12.756282118800733,52.416883480393736,0.654855973805214,"i=63,j=38"
5331,12.756429040992321,52.416886269585376,0.5109062532164006,"i=63,j=39"
5332,12.756575963207956,52.41688905859458,0.4359868369159744,"i=63,j=40"
5333,12.756722885447628,52.416891847421326,0.25142817434403353,"i=63,j=41"
5334,12.756869807711345,52.416894636065614,0.4873809381489067,"i=63,j=42"
5335,12.757016729999098,52.416897424527455,0.8356851129686539,"i=63,j=43"
5336,12.75716365231089,52.41690021280685,0.016609860874128746,"i=63,j=44"
5337,12.757310574646716,52.41690300090379,0.980116859334084,"i=63,j=45"
5338,12.757457497006577,52.41690578881828,0.32859097602831266,"i=63,j=46"
5339,12.75760441939047,52.41690857655032,0.04776798800777238,"i=63,j=47"
5340,12.757751341798393,52.4169113640999,0.5400187820923426,"i=63,j=48"
5341,12.757898264230347,52.41691415146704,0.9680760640756324,"i=63,j=49"
5342,12.75804518668633,52.41691693865174,0.12651532230282747,"i=63,j=50"
5343,12.758192109166338,52.41691972565397,0.7770688720027561,"i=63,j=51"
5344,12.758339031670369,52.416922512473754,0.6561589322390199,"i=63,j=52"
5345,12.758485954198425,52.41692529911107,0.9326613301349643,"i=63,j=53"
5346,12.758632876750502,52.41692808556596,0.5590476438366626,"i=63,j=54"
5347,12.758779799326598,52.41693087183839,0.18614605041660837,"i=63,j=55"
5348,12.758926721926715,52.41693365792837,0.3986030889661818,"i=63,j=56"
5349,12.759073644550847,52.416936443835894,0.6968622278333351,"i=63,j=57"
5350,12.759220567198993,52.416939229560974,0.38958342100393106,"i=63,j=58"
5351,12.759367489871154,52.416942015103594,0.069224920333252,"i=63,j=59"
5352,12.759514412567327,52.41694480046377,0.25188790714876985,"i=63,j=60"
5353,12.759661335287511,52.41694758564149,0.4169256888233719,"i=63,j=61"
5354,12.759808258031706,52.416950370636755,0.15358194345690956,"i=63,j=62"
5355,12.759955180799905,52.41695315544956,0.8436995660595401,"i=63,j=63"
5356,12.76010210359211,52.41695594007994,0.18860472976746723,"i=63,j=64"
5357,12.76024902640832,52.416958724527845,0.4022047816009292,"i=63,j=65"
5358,12.760395949248533,52.41696150879331,0.36664034918484356,"i=63,j=66"
5359,12.760542872112747,52.41696429287631,0.32819153526261546,"i=63,j=67"
5360,12.760689795000962,52.416967076776864,0.8990472956320109,"i=63,j=68"
5361,12.760836717913174,52.41696986049497,0.22402784763925365,"i=63,j=69"
5362,12.760983640849382,52.41697264403062,0.4700000909841534,"i=63,j=70"
5363,12.761130563809585,52.41697542738382,0.11533018375567772,"i=63,j=71"
5364,12.76127748679378,52.41697821055457,0.45939721394214905,"i=63,j=72"
5365,12.76142440980197,52.41698099354286,0.24519452093594074,"i=63,j=73"
5366,12.76157133283415,52.416983776348694,0.9907643388451134,"i=63,j=74"
5367,12.761718255890315,52.41698655897207,0.4409914308927566,"i=63,j=75"
5368,12.761865178970469,52.41698934141301,0.4762454066913788,"i=63,j=76"
5369,12.762012102074609,52.4169921236715,0.6256116070792912,"i=63,j=77"
5370,12.762159025202733,52.41699490574752,0.1616819363248596,"i=63,j=78"
5371,12.762305948354838,52.4169976876411,0.0898040338213163,"i=63,j=79"
5372,12.762452871530924,52.41700046935221,0.02918248105980059,"i=63,j=80"
5373,12.76259979473099,52.41700325088089,0.44575042072370896,"i=63,j=81"
5374,12.762746717955034,52.4170060322271,0.7688658196918783,"i=63,j=82"
5375,12.762893641203052,52.417008813390865,0.30493205888100106,"i=63,j=83"
5376,12.750703666488235,52.41668752205053,0.4640820438219334,"i=64,j=0"
5377,12.750850587466912,52.416690318166225,0.43905000002308825,"i=64,j=1"
5378,12.750997508469693,52.41669311409948,0.6107851703713216,"i=64,j=2"
5379,12.751144429496575,52.416695909850276,0.8002094834712008,"i=64,j=3"
5380,12.75129135054756,52.41669870541863,0.12026055111481715,"i=64,j=4"
5381,12.751438271622641,52.416701500804535,0.7290366174984046,"i=64,j=5"
5382,12.751585192721818,52.41670429600799,0.6911294801820352,"i=64,j=6"
5383,12.75173211384509,52.41670709102901,0.7215227380678451,"i=64,j=7"
5384,12.751879034992456,52.416709885867576,0.8750108787355222,"i=64,j=8"
5385,12.752025956163914,52.41671268052369,0.27965702461147923,"i=64,j=9"
5386,12.752172877359461,52.41671547499735,0.3661591552208644,"i=64,j=10"
5387,12.752319798579098,52.41671826928857,0.8557229712530091,"i=64,j=11"
5388,12.752466719822822,52.41672106339735,0.9384451618795269,"i=64,j=12"
5389,12.752613641090633,52.416723857323674,0.3497414019570021,"i=64,j=13"
5390,12.752760562382527,52.41672665106755,0.3827570161314824,"i=64,j=14"
5391,12.752907483698504,52.41672944462899,0.7609347732548085,"i=64,j=15"
5392,12.753054405038558,52.416732238007945,0.36385690111575386,"i=64,j=16"
5393,12.753201326402696,52.41673503120449,0.3802464692652763,"i=64,j=17"
5394,12.75334824779091,52.41673782421858,0.48051783192953923,"i=64,j=18"
5395,12.7534951692032,52.416740617050216,0.5415470798867699,"i=64,j=19"
5396,12.753642090639566,52.4167434096994,0.08488479961315964,"i=64,j=20"
5397,12.753789012100004,52.41674620216614,0.15288684109371364,"i=64,j=21"
5398,12.753935933584515,52.41674899445042,0.1808221132149097,"i=64,j=22"
5399,12.754082855093094,52.41675178655227,0.7913153410668519,"i=64,j=23"
5400,12.754229776625742,52.41675457847166,0.8527108139176782,"i=64,j=24"
5401,12.754376698182456,52.41675737020861,0.5640618953008261,"i=64,j=25"
5402,12.754523619763237,52.416760161763094,0.2955129135977115,"i=64,j=26"
5403,12.754670541368082,52.416762953135155,0.8954643392191547,"i=64,j=27"
5404,12.754817462996987,52.41676574432474,0.28929342966175553,"i=64,j=28"
5405,12.754964384649956,52.41676853533189,0.866738108103296,"i=64,j=29"
5406,12.755111306326981,52.4167713261566,0.7633293680639246,"i=64,j=30"
5407,12.755258228028062,52.41677411679884,0.22149897850470635,"i=64,j=31"
5408,12.755405149753201,52.41677690725863,0.5780310285435578,"i=64,j=32"
5409,12.755552071502397,52.416779697535986,0.16933959078534722,"i=64,j=33"
5410,12.755698993275642,52.41678248763089,0.4450017081593295,"i=64,j=34"
5411,12.755845915072937,52.41678527754334,0.7463478413279112,"i=64,j=35"
5412,12.755992836894285,52.41678806727335,0.8606968703470103,"i=64,j=36"
5413,12.756139758739678,52.416790856820896,0.17980970316469946,"i=64,j=37"
5414,12.75628668060912,52.416793646186,0.2771824156974677,"i=64,j=38"
5415,12.756433602502607,52.41679643536866,0.4500848624649263,"i=64,j=39"
5416,12.756580524420135,52.41679922436886,0.34428695121014175,"i=64,j=40"
5417,12.756727446361706,52.416802013186604,0.9531143514022352,"i=64,j=41"
5418,12.756874368327319,52.41680480182191,0.594166855170804,"i=64,j=42"
5419,12.757021290316967,52.41680759027477,0.30972063903956715,"i=64,j=43"
5420,12.757168212330654,52.41681037854517,0.7201342812705974,"i=64,j=44"
5421,12.757315134368376,52.416813166633126,0.07081200699920631,"i=64,j=45"
5422,12.757462056430132,52.416815954538635,0.6623445773511142,"i=64,j=46"
5423,12.75760897851592,52.41681874226168,0.17154870694870683,"i=64,j=47"
5424,12.75775590062574,52.416821529802284,0.3177676158620365,"i=64,j=48"
5425,12.757902822759588,52.41682431716043,0.23714078479006473,"i=64,j=49"
5426,12.758049744917464,52.416827104336136,0.23443312877756428,"i=64,j=50"
5427,12.758196667099366,52.4168298913294,0.7242151532369118,"i=64,j=51"
5428,12.758343589305294,52.41683267814019,0.38919727281078687,"i=64,j=52"
5429,12.758490511535243,52.41683546476853,0.6453693071062212,"i=64,j=53"
5430,12.758637433789215,52.41683825121443,0.8377912569704513,"i=64,j=54"
5431,12.758784356067205,52.41684103747789,0.15422538085342108,"i=64,j=55"
5432,12.758931278369213,52.416843823558885,0.9220410439631646,"i=64,j=56"
5433,12.759078200695239,52.41684660945743,0.06883262352467234,"i=64,j=57"
5434,12.759225123045281,52.41684939517353,0.786796508968943,"i=64,j=58"
5435,12.759372045419335,52.416852180707174,0.5893798422282324,"i=64,j=59"
5436,12.7595189678174,52.41685496605836,0.17522310419743814,"i=64,j=60"
5437,12.759665890239479,52.416857751227106,0.7652965304933018,"i=64,j=61"
5438,12.759812812685562,52.416860536213385,0.7727520578256972,"i=64,j=62"
5439,12.759959735155656,52.41686332101724,0.5400147488320535,"i=64,j=63"
5440,12.760106657649754,52.41686610563862,0.3711614696365334,"i=64,j=64"
5441,12.760253580167856,52.41686889007755,0.24799849954254605,"i=64,j=65"
5442,12.760400502709961,52.41687167433404,0.7908785395634339,"i=64,j=66"
5443,12.760547425276068,52.416874458408074,0.6897406339851099,"i=64,j=67"
5444,12.760694347866174,52.416877242299655,0.20909103971063725,"i=64,j=68"
5445,12.760841270480276,52.41688002600878,0.24461281563782478,"i=64,j=69"
5446,12.760988193118376,52.41688280953545,0.4637540955895769,"i=64,j=70"
5447,12.761135115780469,52.41688559287969,0.8855392394326439,"i=64,j=71"
5448,12.761282038466558,52.416888376041456,0.5371166502268249,"i=64,j=72"
5449,12.761428961176636,52.41689115902078,0.739341279990934,"i=64,j=73"
5450,12.761575883910705,52.41689394181765,0.18511735316085065,"i=64,j=74"
5451,12.761722806668763,52.416896724432064,0.7355015110099136,"i=64,j=75"
5452,12.761869729450806,52.416899506864034,0.5177221291430735,"i=64,j=76"
5453,12.762016652256836,52.416902289113544,0.3492086428520179,"i=64,j=77"
5454,12.76216357508685,52.4169050711806,0.17479245298480017,"i=64,j=78"
5455,12.762310497940845,52.41690785306521,0.25403144235926156,"i=64,j=79"
5456,12.762457420818821,52.41691063476737,0.8882947319472138,"i=64,j=80"
5457,12.762604343720776,52.416913416287066,0.33416584430686724,"i=64,j=81"
5458,12.762751266646712,52.41691619762432,0.5207763587834434,"i=64,j=82"
5459,12.762898189596617,52.416918978779115,0.6361861109212643,"i=64,j=83"
5460,12.750708239600323,52.41659768818323,0.4933346311708059,"i=65,j=0"
5461,12.750855160280906,52.416600484289916,0.18528999004201618,"i=65,j=1"
5462,12.751002080985591,52.41660328021415,0.6601393759033354,"i=65,j=2"
5463,12.75114900171438,52.41660607595594,0.256653563728904,"i=65,j=3"
5464,12.751295922467264,52.41660887151529,0.6073719680177874,"i=65,j=4"
5465,12.75144284324425,52.41661166689219,0.2162250581074674,"i=65,j=5"
5466,12.751589764045331,52.41661446208663,0.03580672548780062,"i=65,j=6"
5467,12.751736684870508,52.416617257098636,0.6462721774381859,"i=65,j=7"
5468,12.751883605719778,52.416620051928184,0.7386120704428656,"i=65,j=8"
5469,12.752030526593137,52.416622846575294,0.2231064861764338,"i=65,j=9"
5470,12.752177447490588,52.41662564103996,0.25545339272713175,"i=65,j=10"
5471,12.752324368412127,52.416628435322174,0.7796582347795297,"i=65,j=11"
5472,12.752471289357754,52.41663122942193,0.47205411020453925,"i=65,j=12"
5473,12.752618210327467,52.416634023339256,0.8027864384474579,"i=65,j=13"
5474,12.752765131321263,52.416636817074135,0.38127482931317913,"i=65,j=14"
5475,12.752912052339141,52.41663961062654,0.8764742608039091,"i=65,j=15"
5476,12.753058973381101,52.41664240399652,0.9566044621927084,"i=65,j=16"
5477,12.75320589444714,52.41664519718405,0.7865551528976433,"i=65,j=17"
5478,12.753352815537255,52.41664799018914,0.8380642859565252,"i=65,j=18"
5479,12.753499736651447,52.416650783011754,0.8610370752780192,"i=65,j=19"
5480,12.753646657789714,52.41665357565194,0.24015872974713182,"i=65,j=20"
5481,12.753793578952052,52.416656368109685,0.4686353104464459,"i=65,j=21"
5482,12.753940500138466,52.41665916038497,0.2752334393830169,"i=65,j=22"
5483,12.754087421348945,52.41666195247782,0.7488859350132906,"i=65,j=23"
5484,12.754234342583493,52.41666474438821,0.6829741795267344,"i=65,j=24"
5485,12.75438126384211,52.416667536116144,0.9384567570137244,"i=65,j=25"
5486,12.754528185124789,52.416670327661656,0.19411709344146333,"i=65,j=26"
5487,12.754675106431534,52.4166731190247,0.9571626761354872,"i=65,j=27"
5488,12.75482202776234,52.4166759102053,0.10704102178860186,"i=65,j=28"
5489,12.754968949117206,52.416678701203445,0.5483989836312477,"i=65,j=29"
5490,12.755115870496132,52.41668149201915,0.7701567372328696,"i=65,j=30"
5491,12.755262791899113,52.416684282652405,0.5052153973713892,"i=65,j=31"
5492,12.755409713326152,52.41668707310321,0.9988791702815571,"i=65,j=32"
5493,12.755556634777244,52.416689863371566,0.3739500874012005,"i=65,j=33"
5494,12.755703556252389,52.416692653457474,0.024487589415736588,"i=65,j=34"
5495,12.755850477751585,52.41669544336093,0.6975943358539991,"i=65,j=35"
5496,12.75599739927483,52.416698233081945,0.6138852075076734,"i=65,j=36"
5497,12.756144320822123,52.4167010226205,0.8577319098221255,"i=65,j=37"
5498,12.756291242393463,52.41670381197661,0.3180003981519428,"i=65,j=38"
5499,12.756438163988847,52.41670660115028,0.2763533036155712,"i=65,j=39"
5500,12.756585085608274,52.41670939014149,0.3239954177909572,"i=65,j=40"
5501,12.756732007251744,52.41671217895025,0.34202982016446637,"i=65,j=41"
5502,12.756878928919251,52.41671496757657,0.49016460846551624,"i=65,j=42"
5503,12.7570258506108,52.41671775602043,0.32387883604365186,"i=65,j=43"
5504,12.757172772326383,52.416720544281844,0.4382047778378757,"i=65,j=44"
5505,12.757319694066002,52.41672333236081,0.8429157773474215,"i=65,j=45"
5506,12.757466615829657,52.41672612025734,0.8682589850201977,"i=65,j=46"
5507,12.757613537617342,52.416728907971404,0.7083410887086594,"i=65,j=47"
5508,12.757760459429058,52.41673169550301,0.29026057245780745,"i=65,j=48"
5509,12.7579073812648,52.416734482852185,0.003859546057825569,"i=65,j=49"
5510,12.758054303124574,52.4167372700189,0.9004183331507013,"i=65,j=50"
5511,12.758201225008373,52.41674005700317,0.43929540064935513,"i=65,j=51"
5512,12.758348146916195,52.41674284380498,0.6244208479731388,"i=65,j=52"
5513,12.75849506884804,52.416745630424344,0.5541852222087095,"i=65,j=53"
5514,12.758641990803907,52.41674841686127,0.26783928859420736,"i=65,j=54"
5515,12.758788912783793,52.41675120311572,0.6884186342713918,"i=65,j=55"
5516,12.758935834787698,52.41675398918775,0.016821283118207853,"i=65,j=56"
5517,12.759082756815618,52.41675677507731,0.25757522190663684,"i=65,j=57"
5518,12.759229678867552,52.416759560784435,0.6527807029165046,"i=65,j=58"
5519,12.759376600943503,52.41676234630909,0.6411455147314199,"i=65,j=59"
5520,12.759523523043462,52.4167651316513,0.5378799129160131,"i=65,j=60"
5521,12.759670445167433,52.416767916811075,0.168514346640667,"i=65,j=61"
5522,12.759817367315414,52.41677070178839,0.7137636062983964,"i=65,j=62"
5523,12.759964289487401,52.416773486583246,0.3044702323266144,"i=65,j=63"
5524,12.760111211683393,52.416776271195666,0.606887716675886,"i=65,j=64"
5525,12.760258133903388,52.41677905562561,0.1711316115060013,"i=65,j=65"
5526,12.760405056147388,52.41678183987313,0.9867037447290332,"i=65,j=66"
5527,12.760551978415387,52.41678462393818,0.7982974419752,"i=65,j=67"
5528,12.760698900707386,52.416787407820784,0.5019340984527457,"i=65,j=68"
5529,12.760845823023383,52.41679019152095,0.8570603378549319,"i=65,j=69"
5530,12.760992745363373,52.41679297503865,0.10953535705244499,"i=65,j=70"
5531,12.761139667727361,52.4167957583739,0.15525886391670451,"i=65,j=71"
5532,12.761286590115342,52.416798541526695,0.20975973469256537,"i=65,j=72"
5533,12.761433512527313,52.41680132449706,0.5540470063517237,"i=65,j=73"
5534,12.761580434963275,52.41680410728495,0.57989080702969,"i=65,j=74"
5535,12.761727357423224,52.416806889890395,0.8995363694797122,"i=65,j=75"
5536,12.76187427990716,52.4168096723134,0.9037261629777609,"i=65,j=76"
5537,12.762021202415081,52.41681245455394,0.7617551900726215,"i=65,j=77"
5538,12.762168124946985,52.41681523661204,0.5863273024337677,"i=65,j=78"
5539,12.762315047502874,52.41681801848767,0.5400636619304798,"i=65,j=79"
5540,12.76246197008274,52.41682080018086,0.9602308124129062,"i=65,j=80"
5541,12.762608892686586,52.416823581691595,0.8370283044999923,"i=65,j=81"
5542,12.76275581531441,52.41682636301988,0.4354936491500079,"i=65,j=82"
5543,12.76290273796621,52.4168291441657,0.5899788343203276,"i=65,j=83"
5544,12.75071281268831,52.41650785431427,0.21405259190382153,"i=66,j=0"
5545,12.750859733070797,52.41651065041194,0.863341461534086,"i=66,j=1"
5546,12.75100665347739,52.41651344632716,0.32757171281881414,"i=66,j=2"
5547,12.751153573908082,52.416516242059934,0.8766604015355232,"i=66,j=3"
5548,12.751300494362875,52.41651903761027,0.6195239771027274,"i=66,j=4"
5549,12.751447414841765,52.41652183297816,0.05641776802940579,"i=66,j=5"
5550,12.751594335344752,52.41652462816359,0.14170331964833538,"i=66,j=6"
5551,12.751741255871833,52.41652742316659,0.9428915657320611,"i=66,j=7"
5552,12.751888176423005,52.41653021798714,0.15199995060040716,"i=66,j=8"
5553,12.752035096998272,52.41653301262523,0.410594308265229,"i=66,j=9"
5554,12.752182017597628,52.41653580708089,0.6929540029131522,"i=66,j=10"
5555,12.752328938221071,52.416538601354084,0.8564788609503359,"i=66,j=11"
5556,12.752475858868602,52.416541395444845,0.8224857665424289,"i=66,j=12"
5557,12.75262277954022,52.41654418935316,0.3504575043528382,"i=66,j=13"
5558,12.752769700235918,52.41654698307902,0.6549837866948139,"i=66,j=14"
5559,12.7529166209557,52.41654977662244,0.408631616222348,"i=66,j=15"
5560,12.753063541699563,52.41655256998342,0.922168370721136,"i=66,j=16"
5561,12.753210462467507,52.41655536316193,0.3646395004487224,"i=66,j=17"
5562,12.753357383259525,52.41655815615802,0.3724347853231742,"i=66,j=18"
5563,12.753504304075621,52.41656094897165,0.03044103146909738,"i=66,j=19"
5564,12.75365122491579,52.41656374160283,0.48720763652274424,"i=66,j=20"
5565,12.753798145780031,52.41656653405156,0.3772781003818334,"i=66,j=21"
5566,12.753945066668345,52.41656932631786,0.11396014879279048,"i=66,j=22"
5567,12.754091987580729,52.41657211840169,0.19506595679846606,"i=66,j=23"
5568,12.754238908517179,52.41657491030309,0.6073337312110466,"i=66,j=24"
5569,12.754385829477696,52.41657770202203,0.9203641501215959,"i=66,j=25"
5570,12.75453275046228,52.41658049355853,0.3120472349081511,"i=66,j=26"
5571,12.754679671470925,52.416583284912576,0.841359711843099,"i=66,j=27"
5572,12.754826592503633,52.41658607608417,0.97574183037633,"i=66,j=28"
5573,12.754973513560401,52.416588867073344,0.6250443490688808,"i=66,j=29"
5574,12.755120434641228,52.41659165788003,0.3563565267430664,"i=66,j=30"
5575,12.755267355746112,52.416594448504306,0.1176897819512206,"i=66,j=31"
5576,12.75541427687505,52.41659723894612,0.728311737265076,"i=66,j=32"
5577,12.755561198028042,52.416600029205476,0.8310237968009688,"i=66,j=33"
5578,12.755708119205087,52.41660281928238,0.05003739031925214,"i=66,j=34"
5579,12.755855040406184,52.41660560917685,0.04546086175652131,"i=66,j=35"
5580,12.75600196163133,52.41660839888886,0.5681891071653657,"i=66,j=36"
5581,12.756148882880524,52.416611188418436,0.9812641502094411,"i=66,j=37"
5582,12.756295804153762,52.416613977765564,0.6884332423525783,"i=66,j=38"
5583,12.756442725451045,52.416616766930225,0.8831190844270247,"i=66,j=39"
5584,12.756589646772373,52.416619555912455,0.675049662893814,"i=66,j=40"
5585,12.75673656811774,52.41662234471223,0.5439123738347403,"i=66,j=41"
5586,12.756883489487148,52.416625133329546,0.39653410286164614,"i=66,j=42"
5587,12.757030410880596,52.41662792176442,0.8085497822525144,"i=66,j=43"
5588,12.757177332298077,52.41663071001686,0.7967179769687537,"i=66,j=44"
5589,12.757324253739595,52.41663349808683,0.7020015386875827,"i=66,j=45"
5590,12.757471175205147,52.41663628597436,0.8338531595064659,"i=66,j=46"
5591,12.757618096694731,52.41663907367944,0.8151449708454855,"i=66,j=47"
5592,12.757765018208344,52.41664186120207,0.0430437971014922,"i=66,j=48"
5593,12.757911939745988,52.41664464854227,0.1379792953618536,"i=66,j=49"
5594,12.758058861307658,52.416647435699986,0.5319785847517559,"i=66,j=50"
5595,12.758205782893354,52.416650222675266,0.7559647099977266,"i=66,j=51"
5596,12.758352704503073,52.41665300946811,0.6992399371536951,"i=66,j=52"
5597,12.758499626136818,52.41665579607849,0.6766215263331489,"i=66,j=53"
5598,12.75864654779458,52.41665858250642,0.5787997439399314,"i=66,j=54"
5599,12.758793469476363,52.41666136875191,0.9233081555689044,"i=66,j=55"
5600,12.758940391182163,52.41666415481494,0.2960352189939731,"i=66,j=56"
5601,12.759087312911982,52.41666694069553,0.60677506216756,"i=66,j=57"
5602,12.759234234665813,52.416669726393664,0.782939283698953,"i=66,j=58"
5603,12.75938115644366,52.416672511909354,0.5865202019737412,"i=66,j=59"
5604,12.759528078245516,52.41667529724259,0.909588369032877,"i=66,j=60"
5605,12.759675000071383,52.41667808239337,0.6923806880867128,"i=66,j=61"
5606,12.759821921921258,52.416680867361706,0.8817005123380935,"i=66,j=62"
5607,12.759968843795141,52.41668365214759,0.7385139604705345,"i=66,j=63"
5608,12.760115765693028,52.41668643675103,0.3602272092890688,"i=66,j=64"
5609,12.76026268761492,52.416689221172014,0.10679187024420456,"i=66,j=65"
5610,12.760409609560813,52.41669200541054,0.5423340714481021,"i=66,j=66"
5611,12.760556531530709,52.41669478946663,0.4442862438914912,"i=66,j=67"
5612,12.760703453524602,52.416697573340265,0.09781431393789142,"i=66,j=68"
5613,12.760850375542493,52.416700357031445,0.6351828571907482,"i=66,j=69"
5614,12.76099729758438,52.41670314054017,0.16233402341722525,"i=66,j=70"
5615,12.76114421965026,52.41670592386646,0.026793812119863203,"i=66,j=71"
5616,12.761291141740136,52.41670870701029,0.2416756455212773,"i=66,j=72"
5617,12.761438063854,52.41671148997167,0.5736044626564749,"i=66,j=73"
5618,12.761584985991856,52.41671427275058,0.2850569025789025,"i=66,j=74"
5619,12.761731908153697,52.41671705534707,0.6880028696039535,"i=66,j=75"
5620,12.761878830339528,52.41671983776109,0.9735680334023517,"i=66,j=76"
5621,12.762025752549341,52.416722619992676,0.7049234418409077,"i=66,j=77"
5622,12.762172674783141,52.4167254020418,0.521487229593989,"i=66,j=78"
5623,12.76231959704092,52.41672818390848,0.22525460487500237,"i=66,j=79"
5624,12.76246651932268,52.416730965592684,0.4592854284646537,"i=66,j=80"
5625,12.762613441628421,52.416733747094455,0.022650770423289,"i=66,j=81"
5626,12.762760363958135,52.41673652841377,0.9163867832473289,"i=66,j=82"
5627,12.762907286311828,52.416739309550636,0.9668673476170943,"i=66,j=83"
5628,12.75071738575219,52.41641802044368,0.9341700839563212,"i=67,j=0"
5629,12.750864305836586,52.41642081653232,0.2150544685120469,"i=67,j=1"
5630,12.751011225945087,52.41642361243853,0.3852241961732703,"i=67,j=2"
5631,12.751158146077687,52.4164264081623,0.6100725469239865,"i=67,j=3"
5632,12.751305066234385,52.41642920370362,0.7332156713884487,"i=67,j=4"
5633,12.751451986415182,52.41643199906249,0.07984924630617618,"i=67,j=5"
5634,12.751598906620075,52.416434794238924,0.4523844598982777,"i=67,j=6"
5635,12.751745826849064,52.4164375892329,0.6381114208187646,"i=67,j=7"
5636,12.751892747102145,52.416440384044435,0.6862752733611936,"i=67,j=8"
5637,12.752039667379316,52.416443178673525,0.7404991254159382,"i=67,j=9"
5638,12.752186587680576,52.41644597312018,0.38820702317953126,"i=67,j=10"
5639,12.752333508005927,52.41644876738438,0.33295674098628125,"i=67,j=11"
5640,12.752480428355364,52.41645156146612,0.09268282266152061,"i=67,j=12"
5641,12.752627348728886,52.41645435536543,0.7008173528065667,"i=67,j=13"
5642,12.752774269126492,52.41645714908229,0.026916726227350973,"i=67,j=14"
5643,12.752921189548179,52.4164599426167,0.9136615829271546,"i=67,j=15"
5644,12.753068109993947,52.41646273596867,0.7816650534690506,"i=67,j=16"
5645,12.753215030463792,52.41646552913819,0.3162324406861541,"i=67,j=17"
5646,12.753361950957718,52.41646832212527,0.823481688146529,"i=67,j=18"
5647,12.753508871475717,52.4164711149299,0.7002329472077428,"i=67,j=19"
5648,12.753655792017792,52.41647390755207,0.6527948565164576,"i=67,j=20"
5649,12.753802712583939,52.416476699991804,0.677512471295358,"i=67,j=21"
5650,12.753949633174155,52.41647949224909,0.575078493824003,"i=67,j=22"
5651,12.754096553788443,52.41648228432393,0.6162581815365964,"i=67,j=23"
5652,12.754243474426797,52.416485076216325,0.1060348257082363,"i=67,j=24"
5653,12.754390395089219,52.41648786792627,0.40931154809413506,"i=67,j=25"
5654,12.754537315775703,52.41649065945378,0.3928511139216936,"i=67,j=26"
5655,12.754684236486254,52.416493450798825,0.009303084596263833,"i=67,j=27"
5656,12.754831157220863,52.41649624196143,0.6007920151932696,"i=67,j=28"
5657,12.754978077979535,52.41649903294159,0.332184794776912,"i=67,j=29"
5658,12.755124998762264,52.4165018237393,0.7072197324081524,"i=67,j=30"
5659,12.75527191956905,52.41650461435456,0.7765103634098225,"i=67,j=31"
5660,12.75541884039989,52.416507404787374,0.5044460759192184,"i=67,j=32"
5661,12.755565761254786,52.416510195037745,0.48143075667811386,"i=67,j=33"
5662,12.755712682133733,52.41651298510567,0.8624395416797609,"i=67,j=34"
5663,12.755859603036733,52.41651577499113,0.7740152971596154,"i=67,j=35"
5664,12.75600652396378,52.416518564694165,0.7965551775460479,"i=67,j=36"
5665,12.756153444914874,52.41652135421473,0.7957341784977244,"i=67,j=37"
5666,12.756300365890015,52.41652414355286,0.15118964810594326,"i=67,j=38"
5667,12.7564472868892,52.41652693270854,0.8763256496189682,"i=67,j=39"
5668,12.756594207912428,52.416529721681776,0.5107469810802465,"i=67,j=40"
5669,12.756741128959696,52.416532510472564,0.07318678293710812,"i=67,j=41"
5670,12.756888050031005,52.41653529908089,0.40581718975513315,"i=67,j=42"
5671,12.757034971126354,52.41653808750678,0.007312743796250798,"i=67,j=43"
5672,12.757181892245736,52.41654087575022,0.30847667903159126,"i=67,j=44"
5673,12.757328813389153,52.41654366381122,0.0072799286375034855,"i=67,j=45"
5674,12.757475734556605,52.41654645168976,0.733349554242431,"i=67,j=46"
5675,12.757622655748088,52.41654923938586,0.3600001577323304,"i=67,j=47"
5676,12.757769576963604,52.416552026899495,0.6363288250582407,"i=67,j=48"
5677,12.757916498203144,52.41655481423069,0.7047391402027243,"i=67,j=49"
5678,12.758063419466714,52.41655760137944,0.09064058710236922,"i=67,j=50"
5679,12.75821034075431,52.41656038834574,0.03722389998474562,"i=67,j=51"
5680,12.75835726206593,52.416563175129596,0.9824184276486353,"i=67,j=52"
5681,12.75850418340157,52.416565961730996,0.9249521675096919,"i=67,j=53"
5682,12.758651104761233,52.41656874814994,0.067231234815325,"i=67,j=54"
5683,12.758798026144916,52.41657153438645,0.2839131560010979,"i=67,j=55"
5684,12.758944947552616,52.4165743204405,0.6665765871364746,"i=67,j=56"
5685,12.75909186898433,52.416577106312104,0.876117361506977,"i=67,j=57"
5686,12.75923879044006,52.416579892001266,0.30387311868786593,"i=67,j=58"
5687,12.759385711919803,52.41658267750797,0.22513596664392843,"i=67,j=59"
5688,12.759532633423559,52.416585462832224,0.5180439194327718,"i=67,j=60"
5689,12.759679554951322,52.41658824797403,0.6066542806402252,"i=67,j=61"
5690,12.759826476503095,52.41659103293339,0.9371239010850358,"i=67,j=62"
5691,12.759973398078875,52.41659381771029,0.7629405287605951,"i=67,j=63"
5692,12.76012031967866,52.41659660230476,0.5071188092595663,"i=67,j=64"
5693,12.760267241302447,52.41659938671676,0.5711536282114136,"i=67,j=65"
5694,12.760414162950239,52.41660217094633,0.9894345271297738,"i=67,j=66"
5695,12.760561084622028,52.41660495499343,0.2098856090563298,"i=67,j=67"
5696,12.760708006317818,52.4166077388581,0.5861533379805218,"i=67,j=68"
5697,12.760854928037608,52.41661052254031,0.3409978892872916,"i=67,j=69"
5698,12.76100184978139,52.41661330604006,0.43895536177829686,"i=67,j=70"
5699,12.761148771549166,52.416616089357376,0.33491351589223894,"i=67,j=71"
5700,12.761295693340937,52.41661887249223,0.8166234102128686,"i=67,j=72"
5701,12.761442615156696,52.41662165544464,0.6122680245840874,"i=67,j=73"
5702,12.761589536996448,52.4166244382146,0.6002174613775351,"i=67,j=74"
5703,12.761736458860186,52.416627220802106,0.9585050894747538,"i=67,j=75"
5704,12.76188338074791,52.41663000320715,0.4093139186578728,"i=67,j=76"
5705,12.76203030265962,52.41663278542977,0.828880274347956,"i=67,j=77"
5706,12.762177224595314,52.416635567469925,0.6261540979270348,"i=67,j=78"
5707,12.762324146554988,52.41663834932763,0.29194899640680083,"i=67,j=79"
5708,12.762471068538643,52.41664113100288,0.3722758414196551,"i=67,j=80"
5709,12.762617990546275,52.41664391249568,0.6062529095329113,"i=67,j=81"
5710,12.762764912577886,52.41664669380603,0.18554939266927772,"i=67,j=82"
5711,12.76291183463347,52.41664947493394,0.08791205908448185,"i=67,j=83"
5712,12.750721958791965,52.416328186571405,0.07402083359852829,"i=68,j=0"
5713,12.750868878578274,52.416330982651054,0.020738543925652442,"i=68,j=1"
5714,12.75101579838868,52.41633377854825,0.5216255695837032,"i=68,j=2"
5715,12.75116271822319,52.416336574263,0.9521555061729856,"i=68,j=3"
5716,12.751309638081796,52.41633936979531,0.6554307266777386,"i=68,j=4"
5717,12.751456557964504,52.416342165145174,0.07074975016534701,"i=68,j=5"
5718,12.751603477871305,52.416344960312585,0.5646316176899822,"i=68,j=6"
5719,12.7517503978022,52.416347755297565,0.7642541949913243,"i=68,j=7"
5720,12.751897317757189,52.41635055010009,0.4215785185753811,"i=68,j=8"
5721,12.75204423773627,52.41635334472017,0.003873224997584468,"i=68,j=9"
5722,12.75219115773944,52.416356139157806,0.7435332025890561,"i=68,j=10"
5723,12.752338077766696,52.416358933413,0.08780445550018312,"i=68,j=11"
5724,12.75248499781804,52.41636172748574,0.5158953057483563,"i=68,j=12"
5725,12.75263191789347,52.416364521376046,0.7622569458038563,"i=68,j=13"
5726,12.752778837992983,52.416367315083896,0.09415103467971941,"i=68,j=14"
5727,12.752925758116577,52.41637010860931,0.4975139546728511,"i=68,j=15"
5728,12.753072678264251,52.41637290195228,0.6254485545223271,"i=68,j=16"
5729,12.753219598436004,52.41637569511279,0.8900008860917672,"i=68,j=17"
5730,12.753366518631836,52.416378488090864,0.1952053249315019,"i=68,j=18"
5731,12.753513438851742,52.41638128088649,0.989103079115023,"i=68,j=19"
5732,12.75366035909572,52.41638407349966,0.8418917742509083,"i=68,j=20"
5733,12.753807279363773,52.416386865930384,0.19230800268000048,"i=68,j=21"
5734,12.753954199655897,52.41638965817869,0.7316431973294,"i=68,j=22"
5735,12.75410111997209,52.416392450244516,0.17593184665999595,"i=68,j=23"
5736,12.75424804031235,52.41639524212792,0.16075676376051928,"i=68,j=24"
5737,12.754394960676676,52.41639803382886,0.9803143553691167,"i=68,j=25"
5738,12.754541881065066,52.41640082534736,0.08859307130940097,"i=68,j=26"
5739,12.75468880147752,52.41640361668342,0.784580686772612,"i=68,j=27"
5740,12.754835721914036,52.41640640783703,0.8462641189306148,"i=68,j=28"
5741,12.754982642374612,52.41640919880819,0.6243922480291787,"i=68,j=29"
5742,12.755129562859244,52.41641198959691,0.1680203244291959,"i=68,j=30"
5743,12.755276483367936,52.41641478020316,0.5672164308670723,"i=68,j=31"
5744,12.75542340390068,52.416417570627,0.40202578064808947,"i=68,j=32"
5745,12.75557032445748,52.41642036086836,0.8795797802587626,"i=68,j=33"
5746,12.75571724503833,52.416423150927294,0.14176931165669548,"i=68,j=34"
5747,12.755864165643233,52.41642594080376,0.2681232369880957,"i=68,j=35"
5748,12.756011086272183,52.41642873049779,0.2992070447380908,"i=68,j=36"
5749,12.756158006925181,52.41643152000939,0.4260453378685233,"i=68,j=37"
5750,12.756304927602224,52.41643430933851,0.3940935491098909,"i=68,j=38"
5751,12.756451848303312,52.416437098485204,0.7952824712810855,"i=68,j=39"
5752,12.756598769028441,52.41643988744944,0.49655478648804396,"i=68,j=40"
5753,12.756745689777615,52.41644267623124,0.9450663419698602,"i=68,j=41"
5754,12.756892610550825,52.41644546483058,0.08095632290952981,"i=68,j=42"
5755,12.757039531348076,52.41644825324749,0.5400557469400222,"i=68,j=43"
5756,12.75718645216936,52.416451041481935,0.9486211396325159,"i=68,j=44"
5757,12.75733337301468,52.41645382953394,0.9856072322290637,"i=68,j=45"
5758,12.757480293884033,52.4164566174035,0.6108182829622548,"i=68,j=46"
5759,12.757627214777417,52.416459405090606,0.6052412462244496,"i=68,j=47"
5760,12.757774135694833,52.41646219259527,0.37444790291711516,"i=68,j=48"
5761,12.757921056636278,52.416464979917485,0.17191481249104024,"i=68,j=49"
5762,12.758067977601748,52.41646776705724,0.10587413932941181,"i=68,j=50"
5763,12.758214898591243,52.41647055401456,0.8100911371176555,"i=68,j=51"
5764,12.758361819604762,52.41647334078942,0.24763538513675254,"i=68,j=52"
5765,12.758508740642304,52.41647612738184,0.10837524721295944,"i=68,j=53"
5766,12.758655661703868,52.41647891379181,0.5953102687638526,"i=68,j=54"
5767,12.75880258278945,52.41648170001933,0.30734356376106875,"i=68,j=55"
5768,12.758949503899048,52.41648448606441,0.6092116234275133,"i=68,j=56"
5769,12.759096425032663,52.41648727192704,0.40406971970670347,"i=68,j=57"
5770,12.759243346190294,52.41649005760721,0.8750898051488154,"i=68,j=58"
5771,12.759390267371936,52.41649284310493,0.508650769754594,"i=68,j=59"
5772,12.759537188577589,52.416495628420215,0.19627823165607916,"i=68,j=60"
5773,12.759684109807255,52.41649841355304,0.9349112879441445,"i=68,j=61"
5774,12.759831031060926,52.41650119850342,0.2642190765246608,"i=68,j=62"
5775,12.759977952338604,52.41650398327136,0.39881945188590373,"i=68,j=63"
5776,12.760124873640287,52.416506767856845,0.6133806845794828,"i=68,j=64"
5777,12.760271794965973,52.41650955225987,0.7181132802460345,"i=68,j=65"
5778,12.760418716315662,52.41651233648046,0.09669892372427924,"i=68,j=66"
5779,12.760565637689353,52.41651512051859,0.9984824465591532,"i=68,j=67"
5780,12.76071255908704,52.416517904374274,0.7022702080943577,"i=68,j=68"
5781,12.760859480508724,52.416520688047505,0.747606376472968,"i=68,j=69"
5782,12.761006401954404,52.41652347153829,0.7717035459435473,"i=68,j=70"
5783,12.76115332342408,52.41652625484663,0.7918588728372594,"i=68,j=71"
5784,12.761300244917747,52.416529037972516,0.47803905396274393,"i=68,j=72"
5785,12.761447166435405,52.41653182091596,0.30779940828439767,"i=68,j=73"
5786,12.761594087977052,52.41653460367695,0.4826384293627193,"i=68,j=74"
5787,12.761741009542687,52.41653738625549,0.18943461813364504,"i=68,j=75"
5788,12.761887931132307,52.41654016865157,0.04725139334194106,"i=68,j=76"
5789,12.762034852745915,52.41654295086521,0.36013476108122056,"i=68,j=77"
5790,12.762181774383503,52.416545732896395,0.9613509822895583,"i=68,j=78"
5791,12.762328696045074,52.41654851474513,0.4658809950184345,"i=68,j=79"
5792,12.762475617730622,52.416551296411406,0.6269528474936538,"i=68,j=80"
5793,12.762622539440153,52.416554077895256,0.48103882879336934,"i=68,j=81"
5794,12.762769461173658,52.41655685919664,0.9798308947661334,"i=68,j=82"
5795,12.76291638293114,52.41655964031559,0.741211787649565,"i=68,j=83"
5796,12.75072653180764,52.41623835269749,0.8598119299763806,"i=69,j=0"
5797,12.750873451295856,52.41624114876812,0.3714976495562208,"i=69,j=1"
5798,12.751020370808176,52.4162439446563,0.1585742301978318,"i=69,j=2"
5799,12.751167290344595,52.41624674036204,0.5558565166096539,"i=69,j=3"
5800,12.751314209905113,52.41624953588535,0.9329506147904811,"i=69,j=4"
5801,12.75146112948973,52.4162523312262,0.5076756820061779,"i=69,j=5"
5802,12.751608049098442,52.416255126384605,0.8759084185148702,"i=69,j=6"
5803,12.751754968731246,52.41625792136057,0.23144066764064175,"i=69,j=7"
5804,12.751901888388144,52.416260716154085,0.25061565044981304,"i=69,j=8"
5805,12.752048808069135,52.416263510765155,0.5348987692516126,"i=69,j=9"
5806,12.752195727774213,52.41626630519379,0.9857661199888782,"i=69,j=10"
5807,12.75234264750338,52.41626909943997,0.44509903136621964,"i=69,j=11"
5808,12.752489567256633,52.41627189350371,0.09292754848654683,"i=69,j=12"
5809,12.752636487033971,52.416274687385005,0.9720350211624081,"i=69,j=13"
5810,12.752783406835393,52.416277481083846,0.6412976115749582,"i=69,j=14"
5811,12.752930326660895,52.416280274600254,0.1254754359053647,"i=69,j=15"
5812,12.753077246510477,52.4162830679342,0.05822303017364849,"i=69,j=16"
5813,12.75322416638414,52.416285861085726,0.6085439714983679,"i=69,j=17"
5814,12.753371086281877,52.416288654054796,0.12862579416231756,"i=69,j=18"
5815,12.753518006203691,52.416291446841406,0.8012768240855628,"i=69,j=19"
5816,12.753664926149579,52.4162942394456,0.5413174598415614,"i=69,j=20"
5817,12.753811846119538,52.41629703186732,0.30131588913791396,"i=69,j=21"
5818,12.753958766113568,52.416299824106616,0.7686378472105397,"i=69,j=22"
5819,12.75410568613167,52.416302616163456,0.24506779227395892,"i=69,j=23"
5820,12.754252606173836,52.41630540803784,0.3988927244901732,"i=69,j=24"
5821,12.75439952624007,52.41630819972979,0.9880217006986171,"i=69,j=25"
5822,12.754546446330366,52.4163109912393,0.44813811216853017,"i=69,j=26"
5823,12.754693366444727,52.41631378256635,0.25307361352431157,"i=69,j=27"
5824,12.754840286583148,52.416316573710965,0.9116868025151759,"i=69,j=28"
5825,12.754987206745628,52.41631936467312,0.38727177025456916,"i=69,j=29"
5826,12.75513412693217,52.41632215545284,0.6546300678898935,"i=69,j=30"
5827,12.755281047142764,52.41632494605011,0.415267289548618,"i=69,j=31"
5828,12.755427967377415,52.41632773646493,0.11743126956401118,"i=69,j=32"
5829,12.75557488763612,52.416330526697315,0.3221012795981474,"i=69,j=33"
5830,12.755721807918876,52.41633331674725,0.7431933492591933,"i=69,j=34"
5831,12.755868728225682,52.41633610661473,0.48210026600591416,"i=69,j=35"
5832,12.75601564855654,52.41633889629977,0.16413137559247992,"i=69,j=36"
5833,12.75616256891144,52.41634168580236,0.4483125915955445,"i=69,j=37"
5834,12.75630948929039,52.416344475122514,0.2848576498218396,"i=69,j=38"
5835,12.756456409693381,52.41634726426021,0.91156498239112,"i=69,j=39"
5836,12.756603330120416,52.41635005321546,0.7421968049804992,"i=69,j=40"
5837,12.756750250571493,52.416352841988264,0.9726114464523399,"i=69,j=41"
5838,12.756897171046608,52.41635563057863,0.35642172970023245,"i=69,j=42"
5839,12.757044091545762,52.41635841898653,0.9167387227254445,"i=69,j=43"
5840,12.75719101206895,52.416361207212,0.7604824467945004,"i=69,j=44"
5841,12.757337932616172,52.41636399525501,0.06566995961434452,"i=69,j=45"
5842,12.757484853187428,52.41636678311558,0.9384496557154929,"i=69,j=46"
5843,12.757631773782716,52.4163695707937,0.3884250716522346,"i=69,j=47"
5844,12.757778694402035,52.41637235828937,0.7015758102647343,"i=69,j=48"
5845,12.757925615045382,52.416375145602615,0.17206501384068318,"i=69,j=49"
5846,12.758072535712754,52.41637793273339,0.4238848383133549,"i=69,j=50"
5847,12.758219456404152,52.41638071968172,0.20611421737651836,"i=69,j=51"
5848,12.758366377119573,52.416383506447595,0.46650670419984697,"i=69,j=52"
5849,12.758513297859018,52.41638629303104,0.6829459938772542,"i=69,j=53"
5850,12.758660218622483,52.41638907943202,0.18882410316257303,"i=69,j=54"
5851,12.758807139409965,52.41639186565056,0.6541175346592459,"i=69,j=55"
5852,12.758954060221468,52.41639465168665,0.37542615104560073,"i=69,j=56"
5853,12.759100981056983,52.4163974375403,0.6056638704710072,"i=69,j=57"
5854,12.759247901916513,52.416400223211504,0.4181966071881845,"i=69,j=58"
5855,12.75939482280006,52.41640300870024,0.6652767364405678,"i=69,j=59"
5856,12.759541743707612,52.41640579400654,0.6725722849448096,"i=69,j=60"
5857,12.759688664639178,52.4164085791304,0.48478216384085804,"i=69,j=61"
5858,12.759835585594749,52.4164113640718,0.696754433223016,"i=69,j=62"
5859,12.759982506574328,52.41641414883076,0.1815718941397454,"i=69,j=63"
5860,12.760129427577912,52.416416933407255,0.6732545373664802,"i=69,j=64"
5861,12.7602763486055,52.41641971780132,0.8154334705913636,"i=69,j=65"
5862,12.760423269657085,52.41642250201293,0.43877422789211973,"i=69,j=66"
5863,12.760570190732675,52.41642528604208,0.23231028731212622,"i=69,j=67"
5864,12.760717111832264,52.416428069888795,0.26520694730884375,"i=69,j=68"
5865,12.760864032955848,52.41643085355306,0.8148147573156987,"i=69,j=69"
5866,12.761010954103426,52.41643363703488,0.939855305225262,"i=69,j=70"
5867,12.761157875275,52.41643642033424,0.25163023869016443,"i=69,j=71"
5868,12.761304796470567,52.416439203451155,0.18162933713590612,"i=69,j=72"
5869,12.761451717690123,52.416441986385614,0.24056913227753407,"i=69,j=73"
5870,12.76159863893367,52.416444769137634,0.14841578020172752,"i=69,j=74"
5871,12.761745560201204,52.4164475517072,0.47384172461784346,"i=69,j=75"
5872,12.761892481492723,52.41645033409433,0.9095519428641866,"i=69,j=76"
5873,12.762039402808226,52.41645311629899,0.2720619600472265,"i=69,j=77"
5874,12.762186324147713,52.41645589832122,0.4259220499541394,"i=69,j=78"
5875,12.76233324551118,52.41645868016098,0.9536872285484066,"i=69,j=79"
5876,12.762480166898628,52.416461461818315,0.45042477227200683,"i=69,j=80"
5877,12.762627088310055,52.41646424329318,0.1614545865145941,"i=69,j=81"
5878,12.762774009745458,52.41646702458559,0.09350566401110438,"i=69,j=82"
5879,12.762920931204835,52.41646980569556,0.9792537746469588,"i=69,j=83"
5880,12.75073110479921,52.41614851882192,0.8587290193669653,"i=70,j=0"
5881,12.750878023989339,52.416151314883535,0.9098276847726433,"i=70,j=1"
5882,12.751024943203571,52.41615411076271,0.3460634050302832,"i=70,j=2"
5883,12.751171862441902,52.41615690645944,0.034762476866911474,"i=70,j=3"
5884,12.751318781704333,52.416159701973726,0.029029419472458406,"i=70,j=4"
5885,12.75146570099086,52.416162497305564,0.7166795378162066,"i=70,j=5"
5886,12.751612620301483,52.41616529245497,0.7602756139931788,"i=70,j=6"
5887,12.7517595396362,52.416168087421916,0.7731413435706186,"i=70,j=7"
5888,12.751906458995009,52.41617088220642,0.1581439298328311,"i=70,j=8"
5889,12.752053378377909,52.41617367680849,0.3617097696093696,"i=70,j=9"
5890,12.7522002977849,52.41617647122811,0.1360915855574143,"i=70,j=10"
5891,12.752347217215977,52.41617926546529,0.836506077855958,"i=70,j=11"
5892,12.75249413667114,52.416182059520025,0.6877610183170867,"i=70,j=12"
5893,12.75264105615039,52.41618485339231,0.9231003787890864,"i=70,j=13"
5894,12.75278797565372,52.41618764708216,0.8868841948923735,"i=70,j=14"
5895,12.752934895181133,52.41619044058956,0.30789185268749375,"i=70,j=15"
5896,12.753081814732624,52.416193233914505,0.563207167352727,"i=70,j=16"
5897,12.753228734308196,52.41619602705701,0.15854828827797507,"i=70,j=17"
5898,12.753375653907844,52.41619882001709,0.006620783098898353,"i=70,j=18"
5899,12.753522573531567,52.416201612794694,0.15134323294516194,"i=70,j=19"
5900,12.753669493179364,52.41620440538987,0.13211144684047205,"i=70,j=20"
5901,12.753816412851233,52.4162071978026,0.09117858571782178,"i=70,j=21"
5902,12.753963332547173,52.41620999003289,0.06837559524765113,"i=70,j=22"
5903,12.75411025226718,52.41621278208073,0.05250966494587961,"i=70,j=23"
5904,12.754257172011256,52.41621557394612,0.7991941858995544,"i=70,j=24"
5905,12.754404091779397,52.41621836562907,0.04308229734163782,"i=70,j=25"
5906,12.754551011571602,52.416221157129584,0.20176644545054578,"i=70,j=26"
5907,12.75469793138787,52.41622394844763,0.4949375987123129,"i=70,j=27"
5908,12.754844851228201,52.416226739583244,0.1157836290600156,"i=70,j=28"
5909,12.75499177109259,52.416229530536405,0.7682816851330347,"i=70,j=29"
5910,12.755138690981036,52.41623232130713,0.727489376567734,"i=70,j=30"
5911,12.755285610893539,52.4162351118954,0.7493735365884662,"i=70,j=31"
5912,12.755432530830099,52.41623790230123,0.009209649183346547,"i=70,j=32"
5913,12.755579450790709,52.41624069252462,0.0017558835705742126,"i=70,j=33"
5914,12.755726370775372,52.41624348256556,0.722312888044746,"i=70,j=34"
5915,12.755873290784084,52.416246272424054,0.05169643229796994,"i=70,j=35"
5916,12.756020210816848,52.4162490621001,0.10249300281026241,"i=70,j=36"
5917,12.756167130873656,52.4162518515937,0.10643600276278531,"i=70,j=37"
5918,12.756314050954511,52.41625464090485,0.7891458673957248,"i=70,j=38"
5919,12.75646097105941,52.41625743003356,0.9515885660016243,"i=70,j=39"
5920,12.756607891188349,52.41626021897982,0.7934034760269664,"i=70,j=40"
5921,12.756754811341331,52.416263007743645,0.10852506184668342,"i=70,j=41"
5922,12.75690173151835,52.416265796325,0.5795348226937269,"i=70,j=42"
5923,12.757048651719408,52.41626858472393,0.8453163445088354,"i=70,j=43"
5924,12.757195571944504,52.41627137294041,0.05970158991395602,"i=70,j=44"
5925,12.757342492193631,52.41627416097443,0.8430769741292043,"i=70,j=45"
5926,12.757489412466793,52.41627694882602,0.4369207073700221,"i=70,j=46"
5927,12.757636332763985,52.416279736495156,0.542306132271988,"i=70,j=47"
5928,12.757783253085206,52.41628252398184,0.7011252140335039,"i=70,j=48"
5929,12.757930173430456,52.41628531128609,0.23517194388783125,"i=70,j=49"
5930,12.758077093799734,52.41628809840788,0.3452323890217669,"i=70,j=50"
5931,12.758224014193038,52.41629088534723,0.8907318641126697,"i=70,j=51"
5932,12.758370934610364,52.416293672104125,0.15781773193301463,"i=70,j=52"
5933,12.75851785505171,52.41629645867858,0.9291234925225222,"i=70,j=53"
5934,12.758664775517078,52.41629924507058,0.7641651362182927,"i=70,j=54"
5935,12.758811696006466,52.416302031280146,0.1826828592295766,"i=70,j=55"
5936,12.75895861651987,52.41630481730726,0.04400145656938759,"i=70,j=56"
5937,12.75910553705729,52.416307603151914,0.5052088893586193,"i=70,j=57"
5938,12.759252457618723,52.41631038881414,0.46227589903378596,"i=70,j=58"
5939,12.75939937820417,52.41631317429391,0.34915635060407757,"i=70,j=59"
5940,12.759546298813627,52.41631595959123,0.409259245217525,"i=70,j=60"
5941,12.759693219447092,52.4163187447061,0.32533003229043034,"i=70,j=61"
5942,12.759840140104568,52.41632152963852,0.6517171721029299,"i=70,j=62"
5943,12.759987060786047,52.416324314388504,0.12911065497753305,"i=70,j=63"
5944,12.760133981491531,52.41632709895603,0.13795133480889366,"i=70,j=64"
5945,12.760280902221021,52.41632988334111,0.16352290848585227,"i=70,j=65"
5946,12.76042782297451,52.416332667543756,0.516362707430803,"i=70,j=66"
5947,12.760574743752,52.41633545156394,0.326033185489781,"i=70,j=67"
5948,12.76072166455349,52.41633823540168,0.334725575525482,"i=70,j=68"
5949,12.760868585378974,52.416341019056965,0.5866039329097233,"i=70,j=69"
5950,12.761015506228455,52.416343802529795,0.017945797518741813,"i=70,j=70"
5951,12.76116242710193,52.4163465858202,0.1302842394575756,"i=70,j=71"
5952,12.761309347999394,52.41634936892814,0.0047319594535768505,"i=70,j=72"
5953,12.761456268920853,52.41635215185364,0.6597001994390606,"i=70,j=73"
5954,12.761603189866298,52.41635493459668,0.5359232374004382,"i=70,j=74"
5955,12.761750110835731,52.416357717157275,0.4182496386924689,"i=70,j=75"
5956,12.76189703182915,52.416360499535436,0.27045557933419917,"i=70,j=76"
5957,12.762043952846554,52.41636328173114,0.23523796999148994,"i=70,j=77"
5958,12.76219087388794,52.41636606374438,0.012312293019117626,"i=70,j=78"
5959,12.762337794953307,52.416368845575185,0.20868185539020534,"i=70,j=79"
5960,12.762484716042653,52.41637162722354,0.16786136157719544,"i=70,j=80"
5961,12.762631637155978,52.416374408689435,0.9336635804683,"i=70,j=81"
5962,12.762778558293281,52.4163771899729,0.43475305283398835,"i=70,j=82"
5963,12.762925479454557,52.4163799710739,0.45244183600086185,"i=70,j=83"
5964,12.750735677766675,52.416058684944694,0.12167683784281924,"i=71,j=0"
5965,12.75088259665872,52.41606148099729,0.7527904926778427,"i=71,j=1"
5966,12.751029515574865,52.41606427686746,0.9465135198574223,"i=71,j=2"
5967,12.75117643451511,52.41606707255518,0.5326242548636988,"i=71,j=3"
5968,12.751323353479453,52.41606986806044,0.6390383304319778,"i=71,j=4"
5969,12.751470272467895,52.41607266338329,0.16381553537851312,"i=71,j=5"
5970,12.75161719148043,52.416075458523665,0.2983194285582509,"i=71,j=6"
5971,12.75176411051706,52.41607825348161,0.8436344299261618,"i=71,j=7"
5972,12.751911029577782,52.41608104825712,0.009206976338377415,"i=71,j=8"
5973,12.752057948662596,52.41608384285017,0.7615384262132515,"i=71,j=9"
5974,12.752204867771498,52.41608663726078,0.532671553038438,"i=71,j=10"
5975,12.752351786904487,52.416089431488956,0.6285635205722216,"i=71,j=11"
5976,12.752498706061562,52.416092225534676,0.9878024253515504,"i=71,j=12"
5977,12.752645625242723,52.41609501939796,0.6952420651810313,"i=71,j=13"
5978,12.752792544447965,52.41609781307879,0.4605968256704477,"i=71,j=14"
5979,12.75293946367729,52.41610060657719,0.39677045047875037,"i=71,j=15"
5980,12.753086382930695,52.41610339989314,0.9786412401039035,"i=71,j=16"
5981,12.753233302208178,52.41610619302665,0.2822502094107925,"i=71,j=17"
5982,12.753380221509737,52.41610898597771,0.41721197219796125,"i=71,j=18"
5983,12.75352714083537,52.41611177874632,0.9450251102186316,"i=71,j=19"
5984,12.753674060185077,52.41611457133249,0.29399882069401795,"i=71,j=20"
5985,12.753820979558856,52.41611736373622,0.19571813593055298,"i=71,j=21"
5986,12.753967898956706,52.416120155957515,0.21114703553305125,"i=71,j=22"
5987,12.754114818378625,52.416122947996335,0.7548018185639209,"i=71,j=23"
5988,12.75426173782461,52.41612573985274,0.1571209385459219,"i=71,j=24"
5989,12.754408657294661,52.416128531526695,0.12937003631752697,"i=71,j=25"
5990,12.754555576788777,52.4161313230182,0.9804271072919922,"i=71,j=26"
5991,12.754702496306955,52.416134114327264,0.2239662242943551,"i=71,j=27"
5992,12.754849415849193,52.416136905453875,0.5131618189809578,"i=71,j=28"
5993,12.754996335415491,52.41613969639804,0.615992706294802,"i=71,j=29"
5994,12.755143255005846,52.41614248715977,0.5833419747302563,"i=71,j=30"
5995,12.75529017462026,52.416145277739055,0.5393940614465667,"i=71,j=31"
5996,12.755437094258728,52.41614806813588,0.08410141749693212,"i=71,j=32"
5997,12.755584013921247,52.41615085835028,0.6154960370797212,"i=71,j=33"
5998,12.755730933607818,52.41615364838221,0.125932043053947,"i=71,j=34"
5999,12.755877853318438,52.416156438231724,0.7637547085294478,"i=71,j=35"
6000,12.75602477305311,52.41615922789877,0.8595653625582098,"i=71,j=36"
6001,12.756171692811826,52.41616201738338,0.8404035673706582,"i=71,j=37"
6002,12.756318612594589,52.41616480668554,0.7689515985344068,"i=71,j=38"
6003,12.756465532401393,52.41616759580526,0.569588297518527,"i=71,j=39"
6004,12.756612452232241,52.41617038474253,0.6741158477058801,"i=71,j=40"
6005,12.75675937208713,52.41617317349736,0.5821208346748558,"i=71,j=41"
6006,12.756906291966057,52.41617596206973,0.003368620530143529,"i=71,j=42"
6007,12.757053211869023,52.41617875045967,0.5489273538448773,"i=71,j=43"
6008,12.757200131796022,52.41618153866715,0.7935305134571011,"i=71,j=44"
6009,12.757347051747056,52.4161843266922,0.6683527847981428,"i=71,j=45"
6010,12.757493971722123,52.4161871145348,0.5492420477088931,"i=71,j=46"
6011,12.757640891721225,52.416189902194944,0.35442605586732767,"i=71,j=47"
6012,12.757787811744352,52.41619268967264,0.7990416279994879,"i=71,j=48"
6013,12.75793473179151,52.41619547696789,0.28496499734396086,"i=71,j=49"
6014,12.75808165186269,52.41619826408071,0.06017272752482339,"i=71,j=50"
6015,12.7582285719579,52.41620105101108,0.11514767707734608,"i=71,j=51"
6016,12.75837549207713,52.41620383775899,0.3057196550253184,"i=71,j=52"
6017,12.758522412220382,52.41620662432447,0.20569956957385516,"i=71,j=53"
6018,12.758669332387656,52.41620941070749,0.1170633554692937,"i=71,j=54"
6019,12.758816252578947,52.41621219690807,0.0637741603853994,"i=71,j=55"
6020,12.758963172794257,52.416214982926206,0.26477383464524074,"i=71,j=56"
6021,12.75911009303358,52.416217768761875,0.11296116727484062,"i=71,j=57"
6022,12.759257013296919,52.41622055441512,0.24775355805392085,"i=71,j=58"
6023,12.75940393358427,52.41622333988591,0.6973402575777626,"i=71,j=59"
6024,12.75955085389563,52.41622612517425,0.04877454678234183,"i=71,j=60"
6025,12.759697774231,52.41622891028015,0.5399251605028383,"i=71,j=61"
6026,12.75984469459038,52.41623169520361,0.07139077061661336,"i=71,j=62"
6027,12.759991614973762,52.416234479944606,0.43052492121219565,"i=71,j=63"
6028,12.76013853538115,52.41623726450315,0.9316466067356538,"i=71,j=64"
6029,12.760285455812543,52.41624004887926,0.14038093780210414,"i=71,j=65"
6030,12.760432376267934,52.41624283307292,0.524781636215928,"i=71,j=66"
6031,12.760579296747327,52.41624561708413,0.037967317260301114,"i=71,j=67"
6032,12.76072621725072,52.41624840091289,0.7755671699459324,"i=71,j=68"
6033,12.760873137778106,52.41625118455921,0.9447573379399787,"i=71,j=69"
6034,12.761020058329489,52.41625396802308,0.6165595619684016,"i=71,j=70"
6035,12.761166978904866,52.416256751304495,0.25058587576744584,"i=71,j=71"
6036,12.761313899504232,52.41625953440347,0.08381109001668419,"i=71,j=72"
6037,12.761460820127594,52.41626231731999,0.2780372084827688,"i=71,j=73"
6038,12.76160774077494,52.41626510005407,0.5856474183114503,"i=71,j=74"
6039,12.761754661446274,52.416267882605695,0.08202567868615918,"i=71,j=75"
6040,12.761901582141595,52.416270664974874,0.9963990106494626,"i=71,j=76"
6041,12.7620485028609,52.41627344716161,0.4039615275121555,"i=71,j=77"
6042,12.762195423604187,52.41627622916589,0.632135193353241,"i=71,j=78"
6043,12.762342344371456,52.41627901098773,0.6066001191825813,"i=71,j=79"
6044,12.762489265162703,52.41628179262712,0.32908837067857866,"i=71,j=80"
6045,12.762636185977927,52.41628457408405,0.7552102276377299,"i=71,j=81"
6046,12.76278310681713,52.41628735535855,0.8274128095878706,"i=71,j=82"
6047,12.762930027680307,52.41629013645059,0.76941954466852,"i=71,j=83"
6048,12.75074025071004,52.415968851065806,0.2943929820481682,"i=72,j=0"
6049,12.750887169303997,52.41597164710941,0.7163143189515518,"i=72,j=1"
6050,12.751034087922058,52.41597444297055,0.36397781681626074,"i=72,j=2"
6051,12.751181006564218,52.41597723864926,0.37843193298073696,"i=72,j=3"
6052,12.751327925230475,52.41598003414552,0.7143354009182749,"i=72,j=4"
6053,12.751474843920834,52.41598282945934,0.714288073232059,"i=72,j=5"
6054,12.751621762635285,52.41598562459071,0.48621344902216246,"i=72,j=6"
6055,12.751768681373829,52.41598841953966,0.8612730602060834,"i=72,j=7"
6056,12.751915600136465,52.41599121430614,0.6498156870549111,"i=72,j=8"
6057,12.752062518923193,52.41599400889019,0.07372474533223594,"i=72,j=9"
6058,12.75220943773401,52.41599680329179,0.36144439353601654,"i=72,j=10"
6059,12.752356356568912,52.41599959751096,0.16344536070404658,"i=72,j=11"
6060,12.7525032754279,52.41600239154768,0.6378360395177691,"i=72,j=12"
6061,12.752650194310975,52.41600518540195,0.8387772715347759,"i=72,j=13"
6062,12.752797113218131,52.416007979073775,0.8971382851019706,"i=72,j=14"
6063,12.75294403214937,52.41601077256317,0.08181652309716769,"i=72,j=15"
6064,12.753090951104685,52.416013565870124,0.4432962640642494,"i=72,j=16"
6065,12.75323787008408,52.41601635899462,0.8050250794838139,"i=72,j=17"
6066,12.753384789087553,52.41601915193668,0.23466778084016826,"i=72,j=18"
6067,12.753531708115098,52.4160219446963,0.02866686630018045,"i=72,j=19"
6068,12.753678627166718,52.41602473727346,0.6447933365574054,"i=72,j=20"
6069,12.75382554624241,52.4160275296682,0.8966650106055445,"i=72,j=21"
6070,12.753972465342171,52.41603032188047,0.6036453425462697,"i=72,j=22"
6071,12.754119384466001,52.41603311391031,0.8702999389500053,"i=72,j=23"
6072,12.7542663036139,52.4160359057577,0.37705054338295774,"i=72,j=24"
6073,12.75441322278586,52.41603869742266,0.14458633535083598,"i=72,j=25"
6074,12.754560141981887,52.416041488905165,0.7907050281626632,"i=72,j=26"
6075,12.754707061201977,52.41604428020522,0.9435200220044471,"i=72,j=27"
6076,12.754853980446127,52.41604707132284,0.32631052755574275,"i=72,j=28"
6077,12.755000899714338,52.41604986225801,0.7929554750950466,"i=72,j=29"
6078,12.755147819006604,52.416052653010745,0.9218852149645301,"i=72,j=30"
6079,12.755294738322924,52.41605544358104,0.8296793442901758,"i=72,j=31"
6080,12.755441657663303,52.416058233968876,0.2832878664765911,"i=72,j=32"
6081,12.755588577027734,52.41606102417426,0.688780775812671,"i=72,j=33"
6082,12.755735496416214,52.416063814197216,0.2869057406455897,"i=72,j=34"
6083,12.755882415828745,52.416066604037724,0.8749920734826516,"i=72,j=35"
6084,12.756029335265325,52.416069393695786,0.02731144967603749,"i=72,j=36"
6085,12.75617625472595,52.41607218317141,0.7502153645155625,"i=72,j=37"
6086,12.756323174210621,52.41607497246458,0.8414769191832393,"i=72,j=38"
6087,12.756470093719338,52.4160777615753,0.16497628649777774,"i=72,j=39"
6088,12.756617013252091,52.41608055050358,0.28863804038300167,"i=72,j=40"
6089,12.75676393280889,52.41608333924942,0.4618478205498129,"i=72,j=41"
6090,12.756910852389726,52.41608612781281,0.0702882982695705,"i=72,j=42"
6091,12.7570577719946,52.41608891619376,0.9355703989392173,"i=72,j=43"
6092,12.757204691623508,52.416091704392265,0.8126574707911067,"i=72,j=44"
6093,12.757351611276452,52.416094492408305,0.4992624537056769,"i=72,j=45"
6094,12.757498530953427,52.41609728024192,0.5994536806809349,"i=72,j=46"
6095,12.757645450654433,52.416100067893076,0.9894654895218481,"i=72,j=47"
6096,12.75779237037947,52.41610285536179,0.3966469015506442,"i=72,j=48"
6097,12.757939290128533,52.41610564264807,0.5644603892274325,"i=72,j=49"
6098,12.758086209901622,52.4161084297519,0.14651623285071047,"i=72,j=50"
6099,12.758233129698738,52.41611121667328,0.6257626338806794,"i=72,j=51"
6100,12.758380049519875,52.41611400341221,0.3060790266137181,"i=72,j=52"
6101,12.758526969365034,52.4161167899687,0.19905789726480194,"i=72,j=53"
6102,12.758673889234215,52.416119576342744,0.2348371843104412,"i=72,j=54"
6103,12.758820809127412,52.41612236253434,0.1937074157363099,"i=72,j=55"
6104,12.758967729044628,52.416125148543486,0.944659616665446,"i=72,j=56"
6105,12.759114648985857,52.416127934370195,0.9128594896677182,"i=72,j=57"
6106,12.759261568951102,52.41613072001445,0.7429179233880829,"i=72,j=58"
6107,12.759408488940357,52.41613350547627,0.26302895263475523,"i=72,j=59"
6108,12.759555408953625,52.41613629075563,0.8961769077273122,"i=72,j=60"
6109,12.759702328990901,52.41613907585254,0.9467601037988157,"i=72,j=61"
6110,12.759849249052184,52.41614186076701,0.6349318692465655,"i=72,j=62"
6111,12.759996169137473,52.41614464549903,0.5226838265876977,"i=72,j=63"
6112,12.760143089246766,52.416147430048625,0.5124838800935336,"i=72,j=64"
6113,12.760290009380062,52.41615021441575,0.9299897492334813,"i=72,j=65"
6114,12.760436929537361,52.41615299860043,0.26386772575355244,"i=72,j=66"
6115,12.760583849718657,52.41615578260267,0.455557279963144,"i=72,j=67"
6116,12.760730769923951,52.41615856642246,0.07814951801199455,"i=72,j=68"
6117,12.760877690153244,52.41616135005982,0.6448958145158905,"i=72,j=69"
6118,12.761024610406531,52.41616413351469,0.9047075128064747,"i=72,j=70"
6119,12.76117153068381,52.41616691678714,0.1287515977220548,"i=72,j=71"
6120,12.761318450985081,52.41616969987715,0.7250519285459316,"i=72,j=72"
6121,12.761465371310344,52.416172482784695,0.8161024665834753,"i=72,j=73"
6122,12.761612291659596,52.4161752655098,0.0049945394743688976,"i=72,j=74"
6123,12.761759212032834,52.416178048052465,0.5274360631799837,"i=72,j=75"
6124,12.761906132430056,52.416180830412685,0.9216985189036433,"i=72,j=76"
6125,12.762053052851261,52.416183612590444,0.8848814004649228,"i=72,j=77"
6126,12.762199973296452,52.41618639458576,0.7582586098410585,"i=72,j=78"
6127,12.762346893765622,52.41618917639863,0.6510951018159666,"i=72,j=79"
6128,12.762493814258772,52.41619195802904,0.2747601369581052,"i=72,j=80"
6129,12.762640734775902,52.41619473947702,0.48094669408998114,"i=72,j=81"
6130,12.762787655317002,52.41619752074254,0.14492268195205305,"i=72,j=82"
6131,12.762934575882083,52.41620030182562,0.7062656626641032,"i=72,j=83"
6132,12.750744823629299,52.41587901718528,0.35763296753602836,"i=73,j=0"
6133,12.750891741925175,52.41588181321986,0.020462955343416023,"i=73,j=1"
6134,12.751038660245152,52.415884609072,0.6292149640127626,"i=73,j=2"
6135,12.751185578589231,52.41588740474169,0.5538265069573286,"i=73,j=3"
6136,12.751332496957405,52.415890200228944,0.8620845346375633,"i=73,j=4"
6137,12.751479415349676,52.415892995533746,0.08499613227368386,"i=73,j=5"
6138,12.751626333766044,52.41589579065612,0.8318895472046194,"i=73,j=6"
6139,12.751773252206505,52.41589858559604,0.8564590293579387,"i=73,j=7"
6140,12.751920170671056,52.415901380353525,0.26741501578400606,"i=73,j=8"
6141,12.752067089159699,52.41590417492856,0.8277988223318891,"i=73,j=9"
6142,12.75221400767243,52.415906969321156,0.3640132340960561,"i=73,j=10"
6143,12.75236092620925,52.41590976353132,0.6261148019816696,"i=73,j=11"
6144,12.752507844770154,52.41591255755903,0.4365311569571425,"i=73,j=12"
6145,12.752654763355142,52.4159153514043,0.9464292983443036,"i=73,j=13"
6146,12.752801681964215,52.41591814506713,0.0769310358172891,"i=73,j=14"
6147,12.752948600597367,52.41592093854751,0.3542931528963976,"i=73,j=15"
6148,12.753095519254598,52.415923731845446,0.868127955722258,"i=73,j=16"
6149,12.753242437935908,52.41592652496095,0.8549433502659423,"i=73,j=17"
6150,12.753389356641295,52.415929317894005,0.5271819085156327,"i=73,j=18"
6151,12.753536275370752,52.41593211064461,0.61145053076262,"i=73,j=19"
6152,12.753683194124287,52.415934903212786,0.48215656458183986,"i=73,j=20"
6153,12.753830112901893,52.41593769559851,0.03800510362372023,"i=73,j=21"
6154,12.753977031703569,52.41594048780179,0.11036993289628527,"i=73,j=22"
6155,12.75412395052931,52.415943279822635,0.7115680749421355,"i=73,j=23"
6156,12.75427086937912,52.415946071661025,0.5639854673989956,"i=73,j=24"
6157,12.754417788252997,52.41594886331698,0.9878486942118573,"i=73,j=25"
6158,12.754564707150935,52.4159516547905,0.05526700158758435,"i=73,j=26"
6159,12.75471162607294,52.41595444608155,0.4916161889358468,"i=73,j=27"
6160,12.754858545019001,52.41595723719017,0.7720960567822803,"i=73,j=28"
6161,12.755005463989121,52.415960028116345,0.8293417602149035,"i=73,j=29"
6162,12.755152382983301,52.41596281886008,0.5805180123614171,"i=73,j=30"
6163,12.755299302001536,52.41596560942137,0.18446443977109417,"i=73,j=31"
6164,12.755446221043824,52.41596839980021,0.5517623971974107,"i=73,j=32"
6165,12.755593140110166,52.41597118999662,0.7435971246137404,"i=73,j=33"
6166,12.75574005920056,52.41597398001058,0.6907316491222003,"i=73,j=34"
6167,12.755886978315,52.41597676984209,0.8378947235829387,"i=73,j=35"
6168,12.756033897453493,52.41597955949115,0.10193082450361401,"i=73,j=36"
6169,12.756180816616029,52.41598234895778,0.857426897439409,"i=73,j=37"
6170,12.756327735802612,52.415985138241965,0.4287193650433583,"i=73,j=38"
6171,12.756474655013237,52.4159879273437,0.32310562162590173,"i=73,j=39"
6172,12.756621574247903,52.41599071626299,0.9468741527741494,"i=73,j=40"
6173,12.756768493506613,52.41599350499983,0.2910054805888217,"i=73,j=41"
6174,12.756915412789358,52.415996293554244,0.1599270268991504,"i=73,j=42"
6175,12.757062332096142,52.4159990819262,0.651084864893465,"i=73,j=43"
6176,12.757209251426959,52.41600187011571,0.28972493569327784,"i=73,j=44"
6177,12.757356170781813,52.41600465812277,0.6618671585788727,"i=73,j=45"
6178,12.757503090160698,52.41600744594739,0.5164132225884697,"i=73,j=46"
6179,12.757650009563614,52.416010233589574,0.6528309811823035,"i=73,j=47"
6180,12.757796928990556,52.41601302104931,0.7817724113261766,"i=73,j=48"
6181,12.75794384844153,52.41601580832659,0.34210452079236175,"i=73,j=49"
6182,12.758090767916528,52.41601859542144,0.9333463521159069,"i=73,j=50"
6183,12.758237687415553,52.41602138233383,0.8303216863635957,"i=73,j=51"
6184,12.758384606938598,52.41602416906379,0.1968731299781119,"i=73,j=52"
6185,12.758531526485667,52.416026955611294,0.368600311099762,"i=73,j=53"
6186,12.758678446056756,52.416029741976345,0.6333729833653958,"i=73,j=54"
6187,12.75882536565186,52.416032528158965,0.3535327133169247,"i=73,j=55"
6188,12.758972285270984,52.41603531415913,0.12494982080224748,"i=73,j=56"
6189,12.759119204914121,52.41603809997686,0.7417001724259501,"i=73,j=57"
6190,12.759266124581272,52.416040885612134,0.4192325086123495,"i=73,j=58"
6191,12.759413044272437,52.41604367106496,0.831932797778167,"i=73,j=59"
6192,12.75955996398761,52.41604645633535,0.43586240205145144,"i=73,j=60"
6193,12.759706883726793,52.41604924142329,0.27499197288837873,"i=73,j=61"
6194,12.759853803489982,52.41605202632879,0.81348466242688,"i=73,j=62"
6195,12.760000723277178,52.416054811051836,0.06179386653425156,"i=73,j=63"
6196,12.760147643088377,52.41605759559244,0.43696954920361886,"i=73,j=64"
6197,12.76029456292358,52.4160603799506,0.43866213115060704,"i=73,j=65"
6198,12.760441482782785,52.41606316412631,0.4602736216697386,"i=73,j=66"
6199,12.760588402665988,52.41606594811956,0.43192308245218003,"i=73,j=67"
6200,12.76073532257319,52.41606873193038,0.6342131571687741,"i=73,j=68"
6201,12.760882242504387,52.41607151555875,0.4714557060857718,"i=73,j=69"
6202,12.761029162459577,52.41607429900467,0.29769054174130205,"i=73,j=70"
6203,12.761176082438764,52.416077082268146,0.16230782026656143,"i=73,j=71"
6204,12.761323002441939,52.416079865349175,0.8414788266653759,"i=73,j=72"
6205,12.761469922469107,52.416082648247766,0.4578852871689635,"i=73,j=73"
6206,12.761616842520263,52.416085430963896,0.2036165167105769,"i=73,j=74"
6207,12.761763762595404,52.416088213497595,0.14164846560460032,"i=73,j=75"
6208,12.76191068269453,52.41609099584883,0.35468870557951315,"i=73,j=76"
6209,12.762057602817643,52.416093778017625,0.08600547535426717,"i=73,j=77"
6210,12.762204522964737,52.41609656000398,0.3980426148681585,"i=73,j=78"
6211,12.762351443135811,52.41609934180788,0.7747055188952912,"i=73,j=79"
6212,12.762498363330865,52.41610212342932,0.4208650757214202,"i=73,j=80"
6213,12.762645283549897,52.41610490486834,0.31447155738913557,"i=73,j=81"
6214,12.762792203792902,52.41610768612489,0.5824239842520222,"i=73,j=82"
6215,12.762939124059885,52.416110467199,0.9909870324841409,"i=73,j=83"
6216,12.750749396524455,52.4157891833031,0.7430074915878057,"i=74,j=0"
6217,12.750896314522251,52.41579197932867,0.31593756029998665,"i=74,j=1"
6218,12.751043232544147,52.415794775171776,0.7249115291352718,"i=74,j=2"
6219,12.75119015059014,52.41579757083247,0.5365385182294227,"i=74,j=3"
6220,12.751337068660234,52.415800366310705,0.8352649264844335,"i=74,j=4"
6221,12.751483986754426,52.4158031616065,0.8924253873761396,"i=74,j=5"
6222,12.75163090487271,52.41580595671986,0.14776145957915798,"i=74,j=6"
6223,12.751777823015088,52.41580875165078,0.584482661687053,"i=74,j=7"
6224,12.751924741181558,52.41581154639925,0.9116105739675504,"i=74,j=8"
6225,12.752071659372119,52.41581434096528,0.7553116609198167,"i=74,j=9"
6226,12.752218577586767,52.41581713534887,0.5026539220019249,"i=74,j=10"
6227,12.752365495825503,52.41581992955002,0.881058740541995,"i=74,j=11"
6228,12.752512414088324,52.41582272356873,0.08620704531776091,"i=74,j=12"
6229,12.752659332375229,52.41582551740498,0.03856218348142981,"i=74,j=13"
6230,12.752806250686216,52.41582831105882,0.4340199678418609,"i=74,j=14"
6231,12.752953169021286,52.415831104530184,0.10818964904304429,"i=74,j=15"
6232,12.753100087380433,52.415833897819134,0.3761222715665846,"i=74,j=16"
6233,12.75324700576366,52.41583669092562,0.1612795009878648,"i=74,j=17"
6234,12.75339392417096,52.415839483849666,0.46693881087522915,"i=74,j=18"
6235,12.753540842602336,52.415842276591285,0.8063512733753478,"i=74,j=19"
6236,12.753687761057785,52.41584506915045,0.39638557947699016,"i=74,j=20"
6237,12.753834679537306,52.415847861527176,0.4397048049258574,"i=74,j=21"
6238,12.753981598040895,52.415850653721456,0.3049486823358094,"i=74,j=22"
6239,12.754128516568555,52.4158534457333,0.2488643202228884,"i=74,j=23"
6240,12.75427543512028,52.41585623756269,0.46635468214657705,"i=74,j=24"
6241,12.75442235369607,52.41585902920965,0.7818011844136913,"i=74,j=25"
6242,12.754569272295925,52.41586182067415,0.8246932848677023,"i=74,j=26"
6243,12.75471619091984,52.41586461195622,0.5316504544198507,"i=74,j=27"
6244,12.754863109567816,52.41586740305584,0.6469335390681203,"i=74,j=28"
6245,12.75501002823985,52.41587019397302,0.39552710536444,"i=74,j=29"
6246,12.755156946935942,52.41587298470776,0.3542611272526094,"i=74,j=30"
6247,12.75530386565609,52.41587577526007,0.3938416251648441,"i=74,j=31"
6248,12.755450784400294,52.41587856562991,0.6517405852885312,"i=74,j=32"
6249,12.755597703168549,52.41588135581731,0.9310103718949011,"i=74,j=33"
6250,12.755744621960854,52.41588414582228,0.8392423950650797,"i=74,j=34"
6251,12.75589154077721,52.4158869356448,0.5577487993499666,"i=74,j=35"
6252,12.756038459617614,52.41588972528488,0.006802973655525957,"i=74,j=36"
6253,12.756185378482064,52.41589251474251,0.1740284328395998,"i=74,j=37"
6254,12.756332297370557,52.4158953040177,0.24899703247175187,"i=74,j=38"
6255,12.756479216283095,52.41589809311044,0.2618222142578931,"i=74,j=39"
6256,12.756626135219674,52.41590088202074,0.8900909257801104,"i=74,j=40"
6257,12.756773054180293,52.41590367074859,0.9270796964119556,"i=74,j=41"
6258,12.756919973164953,52.415906459294014,0.2863120479428286,"i=74,j=42"
6259,12.757066892173647,52.415909247656984,0.43327387588993993,"i=74,j=43"
6260,12.757213811206377,52.41591203583751,0.022001665102670875,"i=74,j=44"
6261,12.75736073026314,52.415914823835585,0.020397390654911862,"i=74,j=45"
6262,12.757507649343937,52.41591761165122,0.40043036348157834,"i=74,j=46"
6263,12.757654568448764,52.41592039928441,0.13912450020096145,"i=74,j=47"
6264,12.75780148757762,52.415923186735164,0.24621287348542875,"i=74,j=48"
6265,12.757948406730502,52.415925974003464,0.6997372892369644,"i=74,j=49"
6266,12.758095325907412,52.415928761089326,0.8808961776713091,"i=74,j=50"
6267,12.758242245108345,52.41593154799273,0.6457216729496235,"i=74,j=51"
6268,12.758389164333302,52.415934334713704,0.1314653553800298,"i=74,j=52"
6269,12.75853608358228,52.41593712125223,0.8139478812450587,"i=74,j=53"
6270,12.758683002855276,52.4159399076083,0.6116293424764939,"i=74,j=54"
6271,12.758829922152291,52.41594269378193,0.5488079509609125,"i=74,j=55"
6272,12.758976841473325,52.41594547977312,0.14268512432011582,"i=74,j=56"
6273,12.75912376081837,52.41594826558187,0.34587750379862947,"i=74,j=57"
6274,12.759270680187432,52.41595105120816,0.7358504839604378,"i=74,j=58"
6275,12.759417599580503,52.41595383665202,0.5646880695935097,"i=74,j=59"
6276,12.759564518997587,52.41595662191343,0.3796942118266906,"i=74,j=60"
6277,12.759711438438678,52.415959406992386,0.6717742907576945,"i=74,j=61"
6278,12.759858357903775,52.415962191888916,0.09035934214428742,"i=74,j=62"
6279,12.76000527739288,52.41596497660298,0.8397146989493927,"i=74,j=63"
6280,12.760152196905988,52.41596776113461,0.08725589213789109,"i=74,j=64"
6281,12.760299116443097,52.41597054548378,0.7557310615978359,"i=74,j=65"
6282,12.76044603600421,52.415973329650534,0.6594304970572735,"i=74,j=66"
6283,12.760592955589319,52.4159761136348,0.5406881093591064,"i=74,j=67"
6284,12.760739875198428,52.41597889743665,0.14278044820252245,"i=74,j=68"
6285,12.760886794831531,52.41598168105605,0.3280828471006002,"i=74,j=69"
6286,12.761033714488631,52.415984464493,0.7139338550644931,"i=74,j=70"
6287,12.761180634169724,52.4159872477475,0.8796309995105737,"i=74,j=71"
6288,12.761327553874805,52.415990030819565,0.001291331049761979,"i=74,j=72"
6289,12.76147447360388,52.41599281370917,0.5337271742005351,"i=74,j=73"
6290,12.761621393356942,52.415995596416344,0.10635921885791633,"i=74,j=74"
6291,12.76176831313399,52.41599837894106,0.8741340005394697,"i=74,j=75"
6292,12.761915232935024,52.41600116128333,0.7076008840798284,"i=74,j=76"
6293,12.762062152760041,52.416003943443165,0.36233694507134995,"i=74,j=77"
6294,12.762209072609041,52.416006725420544,0.17937006250411558,"i=74,j=78"
6295,12.762355992482021,52.41600950721547,0.968130474669855,"i=74,j=79"
6296,12.762502912378979,52.416012288827964,0.44728799499920535,"i=74,j=80"
6297,12.762649832299916,52.416015070258,0.1009873522095519,"i=74,j=81"
6298,12.762796752244826,52.41601785150559,0.4514908281251341,"i=74,j=82"
6299,12.762943672213714,52.41602063257075,0.013435021421559612,"i=74,j=83"
6300,12.750753969395511,52.415699349419256,0.6744480112831065,"i=75,j=0"
6301,12.750900887095225,52.4157021454358,0.6154136384713242,"i=75,j=1"
6302,12.751047804819041,52.41570494126992,0.09655451114789126,"i=75,j=2"
6303,12.751194722566957,52.41570773692158,0.8544969988450261,"i=75,j=3"
6304,12.75134164033897,52.41571053239082,0.0706236577943975,"i=75,j=4"
6305,12.75148855813508,52.4157133276776,0.012193187885483403,"i=75,j=5"
6306,12.751635475955283,52.415716122781944,0.8446916192360613,"i=75,j=6"
6307,12.75178239379958,52.41571891770385,0.5167169983357608,"i=75,j=7"
6308,12.751929311667968,52.41572171244332,0.2692691901091796,"i=75,j=8"
6309,12.752076229560448,52.415724507000334,0.9154392748857754,"i=75,j=9"
6310,12.752223147477016,52.415727301374915,0.09875348908165271,"i=75,j=10"
6311,12.752370065417669,52.41573009556706,0.3483751503940258,"i=75,j=11"
6312,12.752516983382408,52.415732889576766,0.5806179270674039,"i=75,j=12"
6313,12.752663901371234,52.41573568340402,0.4288785967769263,"i=75,j=13"
6314,12.75281081938414,52.41573847704883,0.5124296815810653,"i=75,j=14"
6315,12.752957737421125,52.4157412705112,0.73259173130768,"i=75,j=15"
6316,12.75310465548219,52.41574406379115,0.10411317063146575,"i=75,j=16"
6317,12.753251573567333,52.41574685688863,0.3303165368030615,"i=75,j=17"
6318,12.753398491676553,52.41574964980368,0.23322573846896955,"i=75,j=18"
6319,12.753545409809846,52.41575244253629,0.22342606857311542,"i=75,j=19"
6320,12.753692327967212,52.41575523508646,0.020776184528001784,"i=75,j=20"
6321,12.75383924614865,52.41575802745418,0.22620298005663408,"i=75,j=21"
6322,12.753986164354155,52.41576081963946,0.4801193041060492,"i=75,j=22"
6323,12.754133082583731,52.415763611642305,0.7475452102785349,"i=75,j=23"
6324,12.75428000083737,52.415766403462705,0.19534206571337265,"i=75,j=24"
6325,12.75442691911508,52.415769195100644,0.9783228319971644,"i=75,j=25"
6326,12.754573837416848,52.41577198655616,0.15444402124421652,"i=75,j=26"
6327,12.75472075574268,52.415774777829235,0.2767149746363018,"i=75,j=27"
6328,12.754867674092573,52.41577756891985,0.10809517811998448,"i=75,j=28"
6329,12.755014592466523,52.41578035982805,0.8792612645252549,"i=75,j=29"
6330,12.75516151086453,52.41578315055379,0.4067776923133646,"i=75,j=30"
6331,12.755308429286595,52.415785941097084,0.6573972433810146,"i=75,j=31"
6332,12.755455347732712,52.415788731457944,0.728422351635687,"i=75,j=32"
6333,12.755602266202882,52.41579152163636,0.8446052471582651,"i=75,j=33"
6334,12.755749184697102,52.415794311632325,0.535869188503596,"i=75,j=34"
6335,12.755896103215372,52.415797101445854,0.5791064748259924,"i=75,j=35"
6336,12.75604302175769,52.415799891076944,0.9932251902917725,"i=75,j=36"
6337,12.756189940324054,52.415802680525566,0.06199358661079335,"i=75,j=37"
6338,12.756336858914462,52.41580546979177,0.753330375355793,"i=75,j=38"
6339,12.756483777528913,52.41580825887553,0.39025920920635837,"i=75,j=39"
6340,12.756630696167406,52.41581104777685,0.07042060366365444,"i=75,j=40"
6341,12.75677761482994,52.4158138364957,0.8070154813953143,"i=75,j=41"
6342,12.75692453351651,52.41581662503213,0.10314504573584504,"i=75,j=42"
6343,12.757071452227118,52.41581941338612,0.5892616047270861,"i=75,j=43"
6344,12.75721837096176,52.415822201557646,0.05084553778712586,"i=75,j=44"
6345,12.757365289720436,52.41582498954674,0.6699088910891922,"i=75,j=45"
6346,12.757512208503146,52.415827777353385,0.3426713645762942,"i=75,j=46"
6347,12.757659127309886,52.4158305649776,0.08895581156465204,"i=75,j=47"
6348,12.757806046140653,52.41583335241936,0.2612798083365766,"i=75,j=48"
6349,12.757952964995448,52.415836139678674,0.4931345909346865,"i=75,j=49"
6350,12.75809988387427,52.41583892675555,0.13270092889355867,"i=75,j=50"
6351,12.758246802777116,52.41584171364998,0.9574224476500686,"i=75,j=51"
6352,12.758393721703982,52.41584450036196,0.4873944081718451,"i=75,j=52"
6353,12.758540640654871,52.4158472868915,0.9744770573048669,"i=75,j=53"
6354,12.75868755962978,52.4158500732386,0.24371664656786363,"i=75,j=54"
6355,12.758834478628707,52.415852859403245,0.37024172412725187,"i=75,j=55"
6356,12.75898139765165,52.415855645385456,0.40229080262292105,"i=75,j=56"
6357,12.759128316698607,52.41585843118523,0.2803316167871487,"i=75,j=57"
6358,12.75927523576958,52.41586121680255,0.2878277335181464,"i=75,j=58"
6359,12.759422154864563,52.415864002237406,0.7793375863796395,"i=75,j=59"
6360,12.759569073983554,52.415866787489854,0.37338222743328,"i=75,j=60"
6361,12.759715993126555,52.41586957255983,0.23457383472530202,"i=75,j=61"
6362,12.759862912293563,52.41587235744736,0.15260221891410197,"i=75,j=62"
6363,12.760009831484577,52.41587514215246,0.8276433311002835,"i=75,j=63"
6364,12.760156750699595,52.415877926675115,0.05069793638988873,"i=75,j=64"
6365,12.760303669938615,52.41588071101532,0.40594504463759185,"i=75,j=65"
6366,12.760450589201634,52.41588349517308,0.4563765646667799,"i=75,j=66"
6367,12.760597508488654,52.415886279148395,0.21459255985656167,"i=75,j=67"
6368,12.760744427799672,52.415889062941254,0.7873236907037681,"i=75,j=68"
6369,12.760891347134685,52.41589184655169,0.23661590374963337,"i=75,j=69"
6370,12.761038266493692,52.415894629979654,0.20413222238234585,"i=75,j=70"
6371,12.761185185876693,52.415897413225196,0.3816970490615256,"i=75,j=71"
6372,12.761332105283685,52.415900196288284,0.462273033984858,"i=75,j=72"
6373,12.761479024714665,52.415902979168926,0.9198831423831502,"i=75,j=73"
6374,12.761625944169637,52.415905761867116,0.2570534650074172,"i=75,j=74"
6375,12.761772863648591,52.41590854438287,0.42685042663856776,"i=75,j=75"
6376,12.761919783151532,52.41591132671618,0.819311421627472,"i=75,j=76"
6377,12.762066702678458,52.415914108867035,0.9643338549526829,"i=75,j=77"
6378,12.762213622229364,52.41591689083544,0.9702470531077484,"i=75,j=78"
6379,12.762360541804252,52.41591967262141,0.8635573256545738,"i=75,j=79"
6380,12.762507461403118,52.415922454224926,0.4613704230884662,"i=75,j=80"
6381,12.762654381025959,52.41592523564601,0.3048097677137699,"i=75,j=81"
6382,12.762801300672779,52.415928016884635,0.2988041121467967,"i=75,j=82"
6383,12.762948220343572,52.41593079794081,0.6219938510791123,"i=75,j=83"
6384,12.750758542242462,52.415609515533745,0.436824792714795,"i=76,j=0"
6385,12.7509054596441,52.41561231154128,0.4023072933382973,"i=76,j=1"
6386,12.751052377069836,52.415615107366385,0.6334669886917482,"i=76,j=2"
6387,12.751199294519672,52.41561790300904,0.5004775080742598,"i=76,j=3"
6388,12.751346211993607,52.41562069846927,0.6459997735371975,"i=76,j=4"
6389,12.751493129491637,52.41562349374704,0.9249539363762374,"i=76,j=5"
6390,12.751640047013764,52.415626288842375,0.018132950240935086,"i=76,j=6"
6391,12.75178696455998,52.41562908375528,0.7079659197468805,"i=76,j=7"
6392,12.751933882130292,52.41563187848573,0.34394993666829377,"i=76,j=8"
6393,12.75208079972469,52.41563467303374,0.8103973909231186,"i=76,j=9"
6394,12.752227717343178,52.41563746739932,0.9404586792000015,"i=76,j=10"
6395,12.75237463498575,52.41564026158246,0.4714266236013358,"i=76,j=11"
6396,12.75252155265241,52.41564305558314,0.11945945771672262,"i=76,j=12"
6397,12.752668470343155,52.4156458494014,0.030528158511679004,"i=76,j=13"
6398,12.75281538805798,52.415648643037215,0.5826946136594513,"i=76,j=14"
6399,12.752962305796885,52.415651436490585,0.8123504543646534,"i=76,j=15"
6400,12.753109223559871,52.415654229761515,0.21989157021333894,"i=76,j=16"
6401,12.753256141346931,52.41565702285,0.8574154744952621,"i=76,j=17"
6402,12.75340305915807,52.415659815756044,0.9819963470590457,"i=76,j=18"
6403,12.753549976993282,52.41566260847964,0.046239367359024564,"i=76,j=19"
6404,12.753696894852567,52.41566540102081,0.18420556726771786,"i=76,j=20"
6405,12.753843812735923,52.41566819337954,0.7282020466526802,"i=76,j=21"
6406,12.753990730643347,52.41567098555581,0.3788274260462341,"i=76,j=22"
6407,12.75413764857484,52.41567377754965,0.4024693412420405,"i=76,j=23"
6408,12.754284566530401,52.41567656936105,0.6051815778550789,"i=76,j=24"
6409,12.754431484510024,52.415679360990005,0.11273806928137753,"i=76,j=25"
6410,12.754578402513712,52.41568215243652,0.646729763739084,"i=76,j=26"
6411,12.75472532054146,52.4156849437006,0.4930404239390177,"i=76,j=27"
6412,12.75487223859327,52.415687734782225,0.5117964235102556,"i=76,j=28"
6413,12.755019156669139,52.4156905256814,0.29070703850267654,"i=76,j=29"
6414,12.755166074769063,52.415693316398155,0.1170498189816741,"i=76,j=30"
6415,12.755312992893042,52.415696106932465,0.5958781704565889,"i=76,j=31"
6416,12.755459911041076,52.41569889728431,0.43904855302378243,"i=76,j=32"
6417,12.755606829213162,52.41570168745374,0.5407663625687823,"i=76,j=33"
6418,12.7557537474093,52.41570447744071,0.035526260298002876,"i=76,j=34"
6419,12.755900665629486,52.415707267245246,0.14456300807209388,"i=76,j=35"
6420,12.75604758387372,52.41571005686734,0.4409565013850383,"i=76,j=36"
6421,12.756194502141998,52.41571284630699,0.21273017628595192,"i=76,j=37"
6422,12.756341420434323,52.415715635564204,0.7343166175012,"i=76,j=38"
6423,12.75648833875069,52.41571842463896,0.3767477490355453,"i=76,j=39"
6424,12.756635257091096,52.415721213531285,0.2589559472790359,"i=76,j=40"
6425,12.756782175455545,52.415724002241156,0.5729471554985253,"i=76,j=41"
6426,12.75692909384403,52.415726790768595,0.23342719152797142,"i=76,j=42"
6427,12.757076012256553,52.41572957911359,0.5203036852070286,"i=76,j=43"
6428,12.75722293069311,52.415732367276135,0.2643450657312184,"i=76,j=44"
6429,12.757369849153703,52.41573515525624,0.4708019239257758,"i=76,j=45"
6430,12.757516767638325,52.4157379430539,0.8597634532815154,"i=76,j=46"
6431,12.757663686146978,52.41574073066913,0.1659207697098516,"i=76,j=47"
6432,12.757810604679658,52.415743518101905,0.950203922644644,"i=76,j=48"
6433,12.75795752323637,52.415746305352236,0.7491921538304249,"i=76,j=49"
6434,12.758104441817103,52.41574909242012,0.6932817691767671,"i=76,j=50"
6435,12.758251360421863,52.41575187930556,0.9084202445507947,"i=76,j=51"
6436,12.758398279050644,52.41575466600857,0.5539723944180175,"i=76,j=52"
6437,12.758545197703446,52.41575745252912,0.5741549037041529,"i=76,j=53"
6438,12.758692116380267,52.41576023886724,0.6206518897091334,"i=76,j=54"
6439,12.758839035081106,52.41576302502292,0.7720078235333055,"i=76,j=55"
6440,12.758985953805961,52.415765810996135,0.4174217481512842,"i=76,j=56"
6441,12.759132872554833,52.41576859678692,0.7752526404824256,"i=76,j=57"
6442,12.759279791327714,52.41577138239526,0.5244132980055353,"i=76,j=58"
6443,12.75942671012461,52.415774167821155,0.8667191974483526,"i=76,j=59"
6444,12.759573628945514,52.41577695306461,0.36477612949344074,"i=76,j=60"
6445,12.759720547790426,52.415779738125615,0.031104063243828972,"i=76,j=61"
6446,12.759867466659346,52.415782523004175,0.2884326127321776,"i=76,j=62"
6447,12.760014385552271,52.4157853077003,0.488259609937272,"i=76,j=63"
6448,12.7601613044692,52.41578809221398,0.9167539496254405,"i=76,j=64"
6449,12.760308223410131,52.41579087654521,0.17318355336986913,"i=76,j=65"
6450,12.760455142375063,52.41579366069398,0.436278961459565,"i=76,j=66"
6451,12.760602061363993,52.415796444660316,0.749834510788657,"i=76,j=67"
6452,12.76074898037692,52.415799228444214,0.8934029507798964,"i=76,j=68"
6453,12.760895899413843,52.415802012045674,0.8741499509886296,"i=76,j=69"
6454,12.76104281847476,52.41580479546468,0.6923135402285389,"i=76,j=70"
6455,12.761189737559672,52.41580757870124,0.6549903380562326,"i=76,j=71"
6456,12.761336656668574,52.415810361755355,0.6017783158004644,"i=76,j=72"
6457,12.761483575801465,52.41581314462703,0.9793703283840914,"i=76,j=73"
6458,12.761630494958343,52.415815927316245,0.7399859360256618,"i=76,j=74"
6459,12.76177741413921,52.415818709823036,0.026697286881372517,"i=76,j=75"
6460,12.761924333344059,52.41582149214737,0.038891221527313835,"i=76,j=76"
6461,12.762071252572893,52.41582427428925,0.29392643137159535,"i=76,j=77"
6462,12.762218171825708,52.4158270562487,0.9396944487269969,"i=76,j=78"
6463,12.762365091102502,52.41582983802571,0.7262855858486024,"i=76,j=79"
6464,12.762512010403277,52.415832619620254,0.19915893153035968,"i=76,j=80"
6465,12.76265892972803,52.41583540103236,0.8855282231888795,"i=76,j=81"
6466,12.762805849076754,52.41583818226203,0.25955186873876257,"i=76,j=82"
6467,12.762952768449457,52.41584096330924,0.46464727988536125,"i=76,j=83"
6468,12.750763115065311,52.41551968164661,0.819901602072647,"i=77,j=0"
6469,12.750910032168871,52.41552247764513,0.2869348024224858,"i=77,j=1"
6470,12.751056949296531,52.41552527346122,0.7963906479335489,"i=77,j=2"
6471,12.751203866448291,52.41552806909486,0.47979668326860436,"i=77,j=3"
6472,12.751350783624149,52.41553086454607,0.26115311579366673,"i=77,j=4"
6473,12.751497700824101,52.41553365981484,0.620770253892392,"i=77,j=5"
6474,12.75164461804815,52.415536454901165,0.18767218788214513,"i=77,j=6"
6475,12.751791535296292,52.41553924980505,0.18595038454185397,"i=77,j=7"
6476,12.751938452568522,52.4155420445265,0.803569977785019,"i=77,j=8"
6477,12.752085369864842,52.415544839065504,0.5294824234352526,"i=77,j=9"
6478,12.752232287185253,52.415547633422065,0.7836512794082869,"i=77,j=10"
6479,12.752379204529749,52.415550427596195,0.5946390420790176,"i=77,j=11"
6480,12.75252612189833,52.415553221587885,0.1407822215280079,"i=77,j=12"
6481,12.752673039290993,52.41555601539714,0.9278014607208022,"i=77,j=13"
6482,12.752819956707741,52.41555880902393,0.9652703245322205,"i=77,j=14"
6483,12.752966874148568,52.4155616024683,0.9803910863723706,"i=77,j=15"
6484,12.753113791613472,52.41556439573023,0.7081344494741948,"i=77,j=16"
6485,12.753260709102456,52.41556718880971,0.07135847477243717,"i=77,j=17"
6486,12.753407626615513,52.41556998170675,0.9572421148724519,"i=77,j=18"
6487,12.753554544152646,52.415572774421356,0.210091187985465,"i=77,j=19"
6488,12.75370146171385,52.41557556695352,0.5121690717273872,"i=77,j=20"
6489,12.753848379299127,52.41557835930323,0.8865194316705094,"i=77,j=21"
6490,12.753995296908473,52.41558115147051,0.865317560952124,"i=77,j=22"
6491,12.754142214541885,52.41558394345535,0.936999018835982,"i=77,j=23"
6492,12.754289132199363,52.41558673525775,0.9312979462237082,"i=77,j=24"
6493,12.754436049880907,52.41558952687771,0.41711741367665256,"i=77,j=25"
6494,12.754582967586513,52.41559231831522,0.16947626416962447,"i=77,j=26"
6495,12.75472988531618,52.4155951095703,0.9540686056198846,"i=77,j=27"
6496,12.754876803069909,52.415597900642936,0.18875803267410018,"i=77,j=28"
6497,12.755023720847694,52.41560069153313,0.07799624632064617,"i=77,j=29"
6498,12.755170638649538,52.41560348224088,0.23983581587915692,"i=77,j=30"
6499,12.755317556475438,52.41560627276618,0.3959057457772407,"i=77,j=31"
6500,12.75546447432539,52.41560906310906,0.4740061883603647,"i=77,j=32"
6501,12.755611392199393,52.41561185326948,0.9996157733423551,"i=77,j=33"
6502,12.755758310097448,52.41561464324746,0.2910389957634887,"i=77,j=34"
6503,12.75590522801955,52.41561743304299,0.3116952773128996,"i=77,j=35"
6504,12.756052145965702,52.415620222656095,0.06425623725936858,"i=77,j=36"
6505,12.756199063935899,52.415623012086755,0.11649934510839766,"i=77,j=37"
6506,12.756345981930139,52.41562580133497,0.6918490606436478,"i=77,j=38"
6507,12.756492899948423,52.41562859040074,0.4446476012728867,"i=77,j=39"
6508,12.756639817990747,52.41563137928407,0.20576708722559645,"i=77,j=40"
6509,12.756786736057112,52.41563416798496,0.756480712358885,"i=77,j=41"
6510,12.756933654147513,52.41563695650341,0.42939126210497436,"i=77,j=42"
6511,12.757080572261954,52.41563974483942,0.80381387484672,"i=77,j=43"
6512,12.757227490400426,52.415642532992976,0.9165924851303379,"i=77,j=44"
6513,12.757374408562935,52.415645320964096,0.752288440668372,"i=77,j=45"
6514,12.757521326749474,52.41564810875277,0.2352760595652248,"i=77,j=46"
6515,12.75766824496004,52.415650896359,0.8749961908468817,"i=77,j=47"
6516,12.757815163194639,52.4156536837828,0.9459203038115765,"i=77,j=48"
6517,12.757962081453265,52.415656471024135,0.9742558230989852,"i=77,j=49"
6518,12.758108999735914,52.41565925808305,0.8151925413310136,"i=77,j=50"
6519,12.758255918042588,52.415662044959504,0.07836105824626682,"i=77,j=51"
6520,12.758402836373282,52.41566483165352,0.405969661092329,"i=77,j=52"
6521,12.758549754728,52.41566761816511,0.6871630750357213,"i=77,j=53"
6522,12.758696673106735,52.41567040449424,0.9532279452465751,"i=77,j=54"
6523,12.758843591509489,52.41567319064092,0.8586399039501155,"i=77,j=55"
6524,12.758990509936257,52.41567597660517,0.2648280171180124,"i=77,j=56"
6525,12.759137428387042,52.41567876238698,0.8668825719828944,"i=77,j=57"
6526,12.759284346861838,52.41568154798634,0.00827668359004563,"i=77,j=58"
6527,12.759431265360648,52.41568433340325,0.8891364349519536,"i=77,j=59"
6528,12.759578183883464,52.41568711863773,0.5242690079629725,"i=77,j=60"
6529,12.75972510243029,52.41568990368977,0.9519782395763283,"i=77,j=61"
6530,12.759872021001124,52.41569268855934,0.9983334675524511,"i=77,j=62"
6531,12.760018939595962,52.41569547324648,0.7024688035894231,"i=77,j=63"
6532,12.760165858214803,52.41569825775118,0.9569123771397279,"i=77,j=64"
6533,12.760312776857646,52.41570104207344,0.08779474974375345,"i=77,j=65"
6534,12.76045969552449,52.41570382621325,0.8767469661305528,"i=77,j=66"
6535,12.760606614215332,52.41570661017061,0.051131442225168855,"i=77,j=67"
6536,12.760753532930172,52.415709393945534,0.03205146242457868,"i=77,j=68"
6537,12.760900451669006,52.41571217753801,0.49454115684778366,"i=77,j=69"
6538,12.761047370431836,52.415714960948044,0.849786384259795,"i=77,j=70"
6539,12.761194289218658,52.41571774417563,0.11569967089924438,"i=77,j=71"
6540,12.76134120802947,52.41572052722078,0.7649972035143537,"i=77,j=72"
6541,12.761488126864274,52.415723310083486,0.4425084537234326,"i=77,j=73"
6542,12.761635045723065,52.415726092763734,0.9421380915926049,"i=77,j=74"
6543,12.761781964605841,52.41572887526154,0.46426968597844687,"i=77,j=75"
6544,12.761928883512601,52.41573165757692,0.15588109190590693,"i=77,j=76"
6545,12.762075802443345,52.41573443970983,0.46453667960256884,"i=77,j=77"
6546,12.762222721398071,52.41573722166031,0.4955537569366806,"i=77,j=78"
6547,12.762369640376777,52.41574000342834,0.610004650877573,"i=77,j=79"
6548,12.762516559379462,52.415742785013926,0.6288022361434055,"i=77,j=80"
6549,12.762663478406122,52.41574556641708,0.42375706804290625,"i=77,j=81"
6550,12.762810397456759,52.415748347637766,0.829284584264497,"i=77,j=82"
6551,12.762957316531368,52.41575112867603,0.35116384609709994,"i=77,j=83"
6552,12.750767687864057,52.4154298477578,0.13964834811964666,"i=78,j=0"
6553,12.750914604669545,52.415432643747316,0.9920519610216347,"i=78,j=1"
6554,12.751061521499128,52.41543543955438,0.013764724674835693,"i=78,j=2"
6555,12.751208438352814,52.41543823517902,0.20028756269360448,"i=78,j=3"
6556,12.751355355230595,52.41544103062122,0.30398754375287573,"i=78,j=4"
6557,12.751502272132473,52.41544382588098,0.9707098073181707,"i=78,j=5"
6558,12.751649189058444,52.415446620958285,0.7430377409606908,"i=78,j=6"
6559,12.75179610600851,52.41544941585316,0.33176346492108877,"i=78,j=7"
6560,12.751943022982664,52.415452210565604,0.8577852756889465,"i=78,j=8"
6561,12.752089939980909,52.4154550050956,0.7573675944417739,"i=78,j=9"
6562,12.752236857003242,52.41545779944316,0.8277715894051758,"i=78,j=10"
6563,12.75238377404966,52.41546059360828,0.957222600763217,"i=78,j=11"
6564,12.752530691120166,52.41546338759097,0.7101099589054771,"i=78,j=12"
6565,12.752677608214753,52.4154661813912,0.8661252163703563,"i=78,j=13"
6566,12.752824525333422,52.415468975009,0.853114193763574,"i=78,j=14"
6567,12.75297144247617,52.41547176844436,0.969293470035458,"i=78,j=15"
6568,12.753118359642999,52.41547456169728,0.481591532554409,"i=78,j=16"
6569,12.753265276833904,52.415477354767766,0.4941963381356055,"i=78,j=17"
6570,12.753412194048883,52.415480147655806,0.2504545507901744,"i=78,j=18"
6571,12.753559111287938,52.4154829403614,0.12159071014707878,"i=78,j=19"
6572,12.753706028551065,52.41548573288456,0.31550163828771827,"i=78,j=20"
6573,12.75385294583826,52.415488525225285,0.9703313755706076,"i=78,j=21"
6574,12.753999863149527,52.41549131738356,0.09875676178003812,"i=78,j=22"
6575,12.754146780484863,52.4154941093594,0.9187140638156607,"i=78,j=23"
6576,12.754293697844261,52.4154969011528,0.2446823466097635,"i=78,j=24"
6577,12.754440615227725,52.41549969276376,0.7407621588764961,"i=78,j=25"
6578,12.754587532635252,52.41550248419228,0.6775351446042301,"i=78,j=26"
6579,12.754734450066842,52.415505275438356,0.4098021573071161,"i=78,j=27"
6580,12.75488136752249,52.41550806650199,0.2931412778256077,"i=78,j=28"
6581,12.755028285002197,52.41551085738318,0.3826765962429378,"i=78,j=29"
6582,12.75517520250596,52.41551364808194,0.8656242095460158,"i=78,j=30"
6583,12.755322120033776,52.41551643859825,0.7041220843661049,"i=78,j=31"
6584,12.75546903758565,52.41551922893212,0.5386402251380337,"i=78,j=32"
6585,12.755615955161574,52.415522019083554,0.4377359487459834,"i=78,j=33"
6586,12.755762872761547,52.415524809052535,0.44811257686117356,"i=78,j=34"
6587,12.75590979038557,52.415527598839084,0.45189918942263485,"i=78,j=35"
6588,12.75605670803364,52.415530388443194,0.6545572163700829,"i=78,j=36"
6589,12.756203625705755,52.415533177864866,0.9226603291067046,"i=78,j=37"
6590,12.756350543401915,52.41553596710408,0.10492013865159111,"i=78,j=38"
6591,12.756497461122116,52.41553875616087,0.7576749834912433,"i=78,j=39"
6592,12.756644378866362,52.415541545035204,0.6999753268451993,"i=78,j=40"
6593,12.756791296634642,52.415544333727105,0.02518680718675137,"i=78,j=41"
6594,12.756938214426963,52.41554712223657,0.0669068992854448,"i=78,j=42"
6595,12.75708513224332,52.41554991056358,0.9962519901339136,"i=78,j=43"
6596,12.75723205008371,52.41555269870816,0.6741210927362602,"i=78,j=44"
6597,12.757378967948135,52.41555548667029,0.3965735295576188,"i=78,j=45"
6598,12.757525885836591,52.41555827444998,0.8508360167328913,"i=78,j=46"
6599,12.757672803749077,52.41556106204723,0.49167901421544136,"i=78,j=47"
6600,12.757819721685593,52.41556384946203,0.3469173615394986,"i=78,j=48"
6601,12.757966639646131,52.4155666366944,0.769021356901262,"i=78,j=49"
6602,12.758113557630699,52.41556942374432,0.10285546053934347,"i=78,j=50"
6603,12.758260475639288,52.4155722106118,0.7216439830075778,"i=78,j=51"
6604,12.7584073936719,52.41557499729684,0.5844298538858007,"i=78,j=52"
6605,12.758554311728533,52.41557778379943,0.4018919786711257,"i=78,j=53"
6606,12.758701229809187,52.41558057011957,0.8657614359068354,"i=78,j=54"
6607,12.758848147913854,52.41558335625729,0.17396434983070397,"i=78,j=55"
6608,12.75899506604254,52.415586142212554,0.40714154475883,"i=78,j=56"
6609,12.759141984195239,52.41558892798537,0.9707593669757385,"i=78,j=57"
6610,12.759288902371951,52.41559171357576,0.4487786594978279,"i=78,j=58"
6611,12.759435820572675,52.4155944989837,0.3793325088105056,"i=78,j=59"
6612,12.759582738797407,52.415597284209184,0.7617526709954321,"i=78,j=60"
6613,12.75972965704615,52.41560006925224,0.6438436109176745,"i=78,j=61"
6614,12.759876575318897,52.41560285411285,0.32142057544932867,"i=78,j=62"
6615,12.76002349361565,52.415605638791014,0.9984644931091173,"i=78,j=63"
6616,12.760170411936404,52.41560842328673,0.57012164521538,"i=78,j=64"
6617,12.760317330281161,52.415611207600016,0.06094310201732289,"i=78,j=65"
6618,12.760464248649921,52.41561399173085,0.3816115804850938,"i=78,j=66"
6619,12.760611167042676,52.41561677567925,0.4298921887765639,"i=78,j=67"
6620,12.760758085459429,52.4156195594452,0.4660111232883203,"i=78,j=68"
6621,12.760905003900177,52.415622343028694,0.5596121506479019,"i=78,j=69"
6622,12.761051922364919,52.41562512642977,0.03140074758024958,"i=78,j=70"
6623,12.761198840853655,52.41562790964837,0.8592649893080727,"i=78,j=71"
6624,12.76134575936638,52.415630692684545,0.7306196765242235,"i=78,j=72"
6625,12.761492677903094,52.41563347553828,0.730888148165516,"i=78,j=73"
6626,12.761639596463798,52.41563625820956,0.008407380097896211,"i=78,j=74"
6627,12.761786515048486,52.4156390406984,0.16444249497362196,"i=78,j=75"
6628,12.76193343365716,52.4156418230048,0.44743113896120557,"i=78,j=76"
6629,12.762080352289816,52.41564460512875,0.8195823642620759,"i=78,j=77"
6630,12.762227270946454,52.415647387070265,0.3326255334021292,"i=78,j=78"
6631,12.762374189627073,52.41565016882933,0.45017065109300813,"i=78,j=79"
6632,12.762521108331667,52.41565295040595,0.91990495462045,"i=78,j=80"
6633,12.76266802706024,52.41565573180013,0.7518906421865308,"i=78,j=81"
6634,12.762814945812789,52.415658513011856,0.6290121673585297,"i=78,j=82"
6635,12.76296186458931,52.41566129404114,0.22961009374735886,"i=78,j=83"
6636,12.750772260638703,52.41534001386734,0.2707092303119357,"i=79,j=0"
6637,12.750919177146114,52.41534280984784,0.6282633985447655,"i=79,j=1"
6638,12.751066093677625,52.4153456056459,0.5889063453578085,"i=79,j=2"
6639,12.751213010233236,52.415348401261525,0.48812657149921057,"i=79,j=3"
6640,12.751359926812944,52.41535119669471,0.5890316293469826,"i=79,j=4"
6641,12.751506843416749,52.41535399194545,0.29082561531190465,"i=79,j=5"
6642,12.751653760044645,52.41535678701376,0.20344533605807558,"i=79,j=6"
6643,12.751800676696634,52.41535958189963,0.7164317990165371,"i=79,j=7"
6644,12.751947593372716,52.415362376603056,0.01051138889127079,"i=79,j=8"
6645,12.752094510072885,52.415365171124044,0.7941193387118624,"i=79,j=9"
6646,12.752241426797143,52.4153679654626,0.021422384360811564,"i=79,j=10"
6647,12.752388343545487,52.415370759618725,0.6523685790186491,"i=79,j=11"
6648,12.752535260317917,52.415373553592396,0.2277081549842025,"i=79,j=12"
6649,12.752682177114428,52.41537634738363,0.29146776283797815,"i=79,j=13"
6650,12.752829093935022,52.415379140992414,0.5777948097833868,"i=79,j=14"
6651,12.752976010779694,52.41538193441878,0.45392128678243715,"i=79,j=15"
6652,12.753122927648446,52.4153847276627,0.40367284865635167,"i=79,j=16"
6653,12.753269844541276,52.415387520724174,0.8564620105197351,"i=79,j=17"
6654,12.75341676145818,52.415390313603204,0.053317219942548566,"i=79,j=18"
6655,12.753563678399155,52.41539310629981,0.4655185620447774,"i=79,j=19"
6656,12.753710595364208,52.41539589881396,0.30159448705048064,"i=79,j=20"
6657,12.753857512353326,52.41539869114569,0.8263604832892969,"i=79,j=21"
6658,12.754004429366516,52.41540148329496,0.43432803569757517,"i=79,j=22"
6659,12.754151346403772,52.4154042752618,0.8330561140949658,"i=79,j=23"
6660,12.754298263465095,52.415407067046196,0.19605141776713964,"i=79,j=24"
6661,12.754445180550483,52.415409858648154,0.4747609372903615,"i=79,j=25"
6662,12.75459209765993,52.41541265006767,0.22761518597061747,"i=79,j=26"
6663,12.754739014793442,52.41541544130475,0.7748934949301884,"i=79,j=27"
6664,12.754885931951012,52.41541823235939,0.6353393076512315,"i=79,j=28"
6665,12.755032849132643,52.415421023231595,0.9338486849096111,"i=79,j=29"
6666,12.755179766338324,52.41542381392136,0.33853059772035965,"i=79,j=30"
6667,12.755326683568065,52.41542660442866,0.250982443688456,"i=79,j=31"
6668,12.755473600821857,52.415429394753545,0.40794849149627976,"i=79,j=32"
6669,12.755620518099704,52.415432184895984,0.5576970995260232,"i=79,j=33"
6670,12.755767435401598,52.415434974855984,0.0808424876547914,"i=79,j=34"
6671,12.75591435272754,52.41543776463353,0.8928610497452906,"i=79,j=35"
6672,12.75606127007753,52.41544055422865,0.9968429312898713,"i=79,j=36"
6673,12.756208187451566,52.41544334364132,0.7338740162548467,"i=79,j=37"
6674,12.756355104849648,52.415446132871566,0.30285871453260205,"i=79,j=38"
6675,12.75650202227177,52.41544892191934,0.6021394776247229,"i=79,j=39"
6676,12.756648939717932,52.415451710784694,0.7226848594859103,"i=79,j=40"
6677,12.756795857188134,52.41545449946761,0.8135161420643632,"i=79,j=41"
6678,12.756942774682376,52.41545728796808,0.9498592945368908,"i=79,j=42"
6679,12.75708969220065,52.4154600762861,0.11960107607856452,"i=79,j=43"
6680,12.75723660974296,52.4154628644217,0.52321218449985,"i=79,j=44"
6681,12.757383527309305,52.41546565237483,0.1327856246684732,"i=79,j=45"
6682,12.757530444899679,52.415468440145524,0.3449078900175987,"i=79,j=46"
6683,12.757677362514084,52.4154712277338,0.5969956110513337,"i=79,j=47"
6684,12.757824280152516,52.415474015139615,0.7072007558855382,"i=79,j=48"
6685,12.757971197814976,52.415476802363,0.5999277125460843,"i=79,j=49"
6686,12.75811811550146,52.415479589403944,0.5500331311960028,"i=79,j=50"
6687,12.75826503321197,52.41548237626244,0.9771085922235159,"i=79,j=51"
6688,12.758411950946499,52.41548516293849,0.6480201476974128,"i=79,j=52"
6689,12.758558868705048,52.4154879494321,0.03633691308782627,"i=79,j=53"
6690,12.758705786487619,52.41549073574327,0.1283534034534246,"i=79,j=54"
6691,12.758852704294206,52.415493521871994,0.1367724115058201,"i=79,j=55"
6692,12.758999622124808,52.41549630781828,0.844018477364802,"i=79,j=56"
6693,12.759146539979424,52.41549909358213,0.7160719792848796,"i=79,j=57"
6694,12.759293457858053,52.41550187916352,0.1662471808637519,"i=79,j=58"
6695,12.759440375760693,52.41550466456248,0.8628742959135279,"i=79,j=59"
6696,12.759587293687343,52.415507449779,0.354179130296274,"i=79,j=60"
6697,12.759734211638001,52.41551023481308,0.4008370550639152,"i=79,j=61"
6698,12.759881129612664,52.41551301966471,0.6578618492358647,"i=79,j=62"
6699,12.760028047611332,52.41551580433389,0.8323381573862553,"i=79,j=63"
6700,12.760174965634004,52.41551858882064,0.04556607204989693,"i=79,j=64"
6701,12.760321883680676,52.415521373124946,0.8762711594180832,"i=79,j=65"
6702,12.76046880175135,52.41552415724681,0.17127329218553877,"i=79,j=66"
6703,12.76061571984602,52.41552694118622,0.025013737344187215,"i=79,j=67"
6704,12.76076263796469,52.41552972494319,0.45103703027408837,"i=79,j=68"
6705,12.760909556107354,52.41553250851773,0.5132898129635797,"i=79,j=69"
6706,12.76105647427401,52.41553529190982,0.4890695146591454,"i=79,j=70"
6707,12.76120339246466,52.415538075119464,0.5360190427299732,"i=79,j=71"
6708,12.7613503106793,52.41554085814668,0.946258447449423,"i=79,j=72"
6709,12.76149722891793,52.41554364099144,0.07419748946421212,"i=79,j=73"
6710,12.761644147180547,52.415546423653744,0.23510259923218424,"i=79,j=74"
6711,12.761791065467149,52.41554920613362,0.3385844507658873,"i=79,j=75"
6712,12.761937983777736,52.41555198843104,0.6613091285719919,"i=79,j=76"
6713,12.762084902112305,52.41555477054603,0.03446023330397263,"i=79,j=77"
6714,12.762231820470857,52.415557552478575,0.8826870422698224,"i=79,j=78"
6715,12.76237873885339,52.415560334228665,0.6882477358019511,"i=79,j=79"
6716,12.762525657259896,52.415563115796324,0.321004939700937,"i=79,j=80"
6717,12.762672575690383,52.41556589718154,0.4041239520298511,"i=79,j=81"
6718,12.762819494144843,52.415568678384304,0.3639138024232852,"i=79,j=82"
6719,12.762966412623276,52.415571459404624,0.9203794332348538,"i=79,j=83"
6720,12.750776833389247,52.415250179975224,0.10128311943985457,"i=80,j=0"
6721,12.750923749598586,52.41525297594672,0.514265366009232,"i=80,j=1"
6722,12.751070665832025,52.415255771735765,0.1146821725042867,"i=80,j=2"
6723,12.751217582089563,52.415258567342384,0.048419412160809805,"i=80,j=3"
6724,12.751364498371197,52.41526136276655,0.7578727990992113,"i=80,j=4"
6725,12.75151141467693,52.415264158008284,0.7342700448428038,"i=80,j=5"
6726,12.751658331006753,52.41526695306758,0.1238156883182795,"i=80,j=6"
6727,12.75180524736067,52.41526974794444,0.8712207762143916,"i=80,j=7"
6728,12.751952163738677,52.41527254263886,0.4778660889172164,"i=80,j=8"
6729,12.752099080140775,52.41527533715084,0.17465156388923353,"i=80,j=9"
6730,12.752245996566959,52.415278131480385,0.8142326803538823,"i=80,j=10"
6731,12.752392913017228,52.41528092562749,0.8627138659322503,"i=80,j=11"
6732,12.752539829491583,52.41528371959217,0.6316946450709433,"i=80,j=12"
6733,12.752686745990022,52.4152865133744,0.35680160527140303,"i=80,j=13"
6734,12.752833662512542,52.41528930697418,0.2610170272311052,"i=80,j=14"
6735,12.752980579059141,52.41529210039154,0.07440125340840409,"i=80,j=15"
6736,12.753127495629819,52.41529489362645,0.8900415301902287,"i=80,j=16"
6737,12.753274412224572,52.41529768667892,0.09306280116232668,"i=80,j=17"
6738,12.753421328843402,52.41530047954896,0.39574082606111205,"i=80,j=18"
6739,12.753568245486303,52.41530327223656,0.7331335622075277,"i=80,j=19"
6740,12.753715162153279,52.415306064741706,0.9158417376138018,"i=80,j=20"
6741,12.753862078844323,52.415308857064424,0.2068780042779612,"i=80,j=21"
6742,12.754008995559436,52.415311649204696,0.6763182298830271,"i=80,j=22"
6743,12.754155912298618,52.41531444116254,0.7417313020196963,"i=80,j=23"
6744,12.754302829061865,52.415317232937944,0.8696366650492021,"i=80,j=24"
6745,12.754449745849175,52.41532002453091,0.010732229617616107,"i=80,j=25"
6746,12.754596662660548,52.41532281594142,0.35387320727953886,"i=80,j=26"
6747,12.754743579495983,52.415325607169514,0.2660857833356224,"i=80,j=27"
6748,12.754890496355477,52.41532839821515,0.6467103309575539,"i=80,j=28"
6749,12.755037413239029,52.415331189078344,0.44437521153270687,"i=80,j=29"
6750,12.755184330146635,52.41533397975912,0.545278399731903,"i=80,j=30"
6751,12.7553312470783,52.41533677025743,0.5693438858480084,"i=80,j=31"
6752,12.755478164034013,52.41533956057332,0.10478505894646295,"i=80,j=32"
6753,12.755625081013783,52.41534235070676,0.13928778164849454,"i=80,j=33"
6754,12.755771998017599,52.415345140657756,0.789509232384395,"i=80,j=34"
6755,12.755918915045463,52.41534793042633,0.7461294939329002,"i=80,j=35"
6756,12.756065832097377,52.41535072001245,0.44329269390449433,"i=80,j=36"
6757,12.756212749173336,52.415353509416136,0.2668910525387327,"i=80,j=37"
6758,12.756359666273337,52.41535629863737,0.48302024320485104,"i=80,j=38"
6759,12.756506583397382,52.41535908767617,0.9141433250845602,"i=80,j=39"
6760,12.756653500545466,52.415361876532536,0.6181962744290581,"i=80,j=40"
6761,12.75680041771759,52.41536466520645,0.34788883377125246,"i=80,j=41"
6762,12.75694733491375,52.41536745369794,0.3349612357597105,"i=80,j=42"
6763,12.757094252133948,52.41537024200698,0.9629467410624147,"i=80,j=43"
6764,12.757241169378178,52.41537303013357,0.04928760963314671,"i=80,j=44"
6765,12.757388086646444,52.415375818077734,0.22288210419106802,"i=80,j=45"
6766,12.757535003938738,52.41537860583946,0.6583610170624578,"i=80,j=46"
6767,12.757681921255063,52.41538139341873,0.06358438135565159,"i=80,j=47"
6768,12.757828838595415,52.41538418081556,0.6191871492890536,"i=80,j=48"
6769,12.757975755959794,52.41538696802996,0.9237112601042865,"i=80,j=49"
6770,12.758122673348199,52.4153897550619,0.8610633985804448,"i=80,j=50"
6771,12.758269590760626,52.415392541911416,0.39760076568693004,"i=80,j=51"
6772,12.758416508197076,52.415395328578484,0.8025880277350592,"i=80,j=52"
6773,12.758563425657547,52.41539811506312,0.1820463910183303,"i=80,j=53"
6774,12.758710343142035,52.41540090136531,0.509060786282386,"i=80,j=54"
6775,12.75885726065054,52.41540368748505,0.7745140890073186,"i=80,j=55"
6776,12.75900417818306,52.41540647342236,0.31225801650912977,"i=80,j=56"
6777,12.759151095739595,52.415409259177224,0.4585776172147199,"i=80,j=57"
6778,12.759298013320143,52.415412044749644,0.7196103126983412,"i=80,j=58"
6779,12.759444930924703,52.415414830139625,0.5813118564555504,"i=80,j=59"
6780,12.75959184855327,52.41541761534717,0.9491635718679144,"i=80,j=60"
6781,12.759738766205844,52.41542040037226,0.5773826197207744,"i=80,j=61"
6782,12.759885683882425,52.41542318521492,0.1429710052134382,"i=80,j=62"
6783,12.76003260158301,52.41542596987514,0.6120913582636205,"i=80,j=63"
6784,12.7601795193076,52.4154287543529,0.6331144703455833,"i=80,j=64"
6785,12.760326437056191,52.41543153864823,0.2150599485181316,"i=80,j=65"
6786,12.76047335482878,52.41543432276112,0.7373625807035689,"i=80,j=66"
6787,12.760620272625369,52.41543710669156,0.28169579226668806,"i=80,j=67"
6788,12.760767190445954,52.41543989043956,0.2707976568635174,"i=80,j=68"
6789,12.760914108290535,52.41544267400512,0.5597718253957692,"i=80,j=69"
6790,12.76106102615911,52.41544545738823,0.48039200375662794,"i=80,j=70"
6791,12.761207944051675,52.4154482405889,0.2883402529656419,"i=80,j=71"
6792,12.76135486196823,52.41545102360714,0.92562458549912,"i=80,j=72"
6793,12.761501779908777,52.415453806442926,0.7115364205927465,"i=80,j=73"
6794,12.761648697873309,52.41545658909627,0.5008592927998538,"i=80,j=74"
6795,12.761795615861827,52.41545937156718,0.47644431477279736,"i=80,j=75"
6796,12.76194253387433,52.415462153855636,0.3255347108239197,"i=80,j=76"
6797,12.762089451910814,52.41546493596166,0.2656506854997449,"i=80,j=77"
6798,12.762236369971282,52.41546771788522,0.9143200878763472,"i=80,j=78"
6799,12.762383288055725,52.415470499626366,0.0718632134963113,"i=80,j=79"
6800,12.76253020616415,52.41547328118505,0.026077951441374925,"i=80,j=80"
6801,12.76267712429655,52.41547606256129,0.5072448586825917,"i=80,j=81"
6802,12.762824042452925,52.415478843755096,0.5770512816012865,"i=80,j=82"
6803,12.762970960633274,52.41548162476645,0.8557007823280438,"i=80,j=83"
6804,12.750781406115689,52.41516034608146,0.3401241973448971,"i=81,j=0"
6805,12.750928322026956,52.41516314204393,0.07418264330799362,"i=81,j=1"
6806,12.751075237962326,52.415165937823964,0.3043505592541639,"i=81,j=2"
6807,12.751222153921793,52.41516873342157,0.031597260078806366,"i=81,j=3"
6808,12.751369069905358,52.41517152883673,0.7314538312565483,"i=81,j=4"
6809,12.751515985913018,52.415174324069454,0.7777769376307857,"i=81,j=5"
6810,12.75166290194477,52.41517711911974,0.8262749656121103,"i=81,j=6"
6811,12.751809818000615,52.4151799139876,0.7393785646065127,"i=81,j=7"
6812,12.75195673408055,52.41518270867301,0.463348147724034,"i=81,j=8"
6813,12.752103650184576,52.41518550317598,0.36765107886344783,"i=81,j=9"
6814,12.75225056631269,52.41518829749652,0.5298837784485485,"i=81,j=10"
6815,12.752397482464888,52.41519109163461,0.37961230681752256,"i=81,j=11"
6816,12.75254439864117,52.41519388559028,0.8804454599964715,"i=81,j=12"
6817,12.752691314841535,52.4151966793635,0.8292822870759201,"i=81,j=13"
6818,12.752838231065983,52.415199472954285,0.0009747846536195537,"i=81,j=14"
6819,12.75298514731451,52.41520226636263,0.7653634144319855,"i=81,j=15"
6820,12.753132063587113,52.41520505958854,0.2376776940456249,"i=81,j=16"
6821,12.753278979883794,52.415207852632015,0.22756751810851217,"i=81,j=17"
6822,12.75342589620455,52.41521064549305,0.9261309789276332,"i=81,j=18"
6823,12.753572812549379,52.41521343817164,0.4013386723068365,"i=81,j=19"
6824,12.75371972891828,52.415216230667795,0.304261632930084,"i=81,j=20"
6825,12.75386664531125,52.41521902298152,0.04093191417926845,"i=81,j=21"
6826,12.754013561728291,52.41522181511279,0.0917275132494566,"i=81,j=22"
6827,12.754160478169398,52.41522460706163,0.3613523708608518,"i=81,j=23"
6828,12.754307394634571,52.41522739882803,0.643732217910104,"i=81,j=24"
6829,12.754454311123807,52.41523019041199,0.9021729566279841,"i=81,j=25"
6830,12.754601227637105,52.41523298181352,0.00284970822274333,"i=81,j=26"
6831,12.754748144174465,52.4152357730326,0.32653025073364117,"i=81,j=27"
6832,12.754895060735883,52.41523856406924,0.8743643506803515,"i=81,j=28"
6833,12.75504197732136,52.415241354923445,0.8809375602445724,"i=81,j=29"
6834,12.755188893930892,52.41524414559522,0.7160849748121713,"i=81,j=30"
6835,12.75533581056448,52.41524693608454,0.38472800165231036,"i=81,j=31"
6836,12.75548272722212,52.41524972639143,0.036136714218687915,"i=81,j=32"
6837,12.755629643903813,52.41525251651588,0.4720892718341366,"i=81,j=33"
6838,12.755776560609553,52.415255306457894,0.7158560455897233,"i=81,j=34"
6839,12.755923477339342,52.41525809621746,0.4073560141336112,"i=81,j=35"
6840,12.756070394093179,52.41526088579459,0.39825176042757826,"i=81,j=36"
6841,12.756217310871062,52.41526367518928,0.4397794334815055,"i=81,j=37"
6842,12.756364227672986,52.415266464401526,0.30494476150446514,"i=81,j=38"
6843,12.756511144498951,52.41526925343135,0.003242238814837539,"i=81,j=39"
6844,12.75665806134896,52.41527204227871,0.9287131974913421,"i=81,j=40"
6845,12.756804978223006,52.41527483094365,0.9183634236113474,"i=81,j=41"
6846,12.75695189512109,52.415277619426135,0.7247383558183276,"i=81,j=42"
6847,12.757098812043209,52.41528040772618,0.6177977170280585,"i=81,j=43"
6848,12.757245728989364,52.4152831958438,0.5107342327837721,"i=81,j=44"
6849,12.75739264595955,52.415285983778965,0.25972871299798184,"i=81,j=45"
6850,12.757539562953767,52.4152887715317,0.7698218401660881,"i=81,j=46"
6851,12.757686479972014,52.41529155910199,0.921487120780433,"i=81,j=47"
6852,12.757833397014288,52.41529434648984,0.4006274386189411,"i=81,j=48"
6853,12.757980314080589,52.415297133695255,0.023347174654501424,"i=81,j=49"
6854,12.758127231170914,52.41529992071822,0.7357636851747387,"i=81,j=50"
6855,12.758274148285263,52.415302707558745,0.24854544979263293,"i=81,j=51"
6856,12.758421065423635,52.41530549421684,0.9130020254176945,"i=81,j=52"
6857,12.758567982586024,52.41530828069249,0.6681189167900952,"i=81,j=53"
6858,12.758714899772434,52.41531106698569,0.603614983792017,"i=81,j=54"
6859,12.75886181698286,52.41531385309646,0.9727113618970412,"i=81,j=55"
6860,12.759008734217302,52.41531663902477,0.45969944323068346,"i=81,j=56"
6861,12.759155651475755,52.415319424770665,0.6900324373114556,"i=81,j=57"
6862,12.759302568758223,52.41532221033411,0.941640985239596,"i=81,j=58"
6863,12.759449486064701,52.41532499571511,0.3604991235170657,"i=81,j=59"
6864,12.75959640339519,52.415327780913664,0.7595336670981063,"i=81,j=60"
6865,12.759743320749685,52.41533056592978,0.0261108336306608,"i=81,j=61"
6866,12.759890238128184,52.41533335076346,0.9546161292271214,"i=81,j=62"
6867,12.76003715553069,52.4153361354147,0.5013133159445766,"i=81,j=63"
6868,12.760184072957196,52.4153389198835,0.5754764663949208,"i=81,j=64"
6869,12.760330990407706,52.41534170416985,0.6541847880015395,"i=81,j=65"
6870,12.760477907882215,52.41534448827376,0.18781465238508444,"i=81,j=66"
6871,12.76062482538072,52.41534727219523,0.14221191990746762,"i=81,j=67"
6872,12.760771742903225,52.41535005593426,0.05222671493487552,"i=81,j=68"
6873,12.760918660449725,52.415352839490836,0.4592564534488761,"i=81,j=69"
6874,12.761065578020215,52.415355622864986,0.6925358105486575,"i=81,j=70"
6875,12.761212495614698,52.41535840605669,0.04122877545494008,"i=81,j=71"
6876,12.761359413233174,52.41536118906595,0.09362270786156035,"i=81,j=72"
6877,12.761506330875637,52.41536397189276,0.8939685765138028,"i=81,j=73"
6878,12.761653248542087,52.41536675453714,0.6064905063055377,"i=81,j=74"
6879,12.761800166232522,52.415369536999066,0.01914836846517909,"i=81,j=75"
6880,12.761947083946941,52.41537231927857,0.7553764450265523,"i=81,j=76"
6881,12.762094001685343,52.41537510137562,0.17587837441273568,"i=81,j=77"
6882,12.762240919447725,52.415377883290226,0.6561336355820171,"i=81,j=78"
6883,12.762387837234087,52.41538066502238,0.19352234184698947,"i=81,j=79"
6884,12.762534755044427,52.415383446572115,0.14767571103137045,"i=81,j=80"
6885,12.762681672878745,52.41538622793939,0.1332619203595926,"i=81,j=81"
6886,12.762828590737033,52.415389009124226,0.19138224115372182,"i=81,j=82"
6887,12.762975508619299,52.41539179012662,0.39019182493101356,"i=81,j=83"
6888,12.750785978818026,52.41507051218603,0.5699573669060487,"i=82,j=0"
6889,12.750932894431228,52.41507330813949,0.03047782669336363,"i=82,j=1"
6890,12.751079810068529,52.415076103910515,0.578302613226085,"i=82,j=2"
6891,12.751226725729925,52.41507889949911,0.22281832058616213,"i=82,j=3"
6892,12.751373641415421,52.415081694905254,0.5635531524971957,"i=82,j=4"
6893,12.751520557125012,52.415084490128976,0.9998242913429949,"i=82,j=5"
6894,12.751667472858694,52.41508728517025,0.44499334941444224,"i=82,j=6"
6895,12.75181438861647,52.415090080029096,0.1682329229852486,"i=82,j=7"
6896,12.751961304398337,52.4150928747055,0.7088231847469227,"i=82,j=8"
6897,12.752108220204292,52.41509566919947,0.7274514316411854,"i=82,j=9"
6898,12.752255136034334,52.41509846351099,0.588734756503313,"i=82,j=10"
6899,12.752402051888462,52.41510125764008,0.714778118730982,"i=82,j=11"
6900,12.752548967766673,52.41510405158674,0.9902914279993523,"i=82,j=12"
6901,12.752695883668968,52.415106845350955,0.8735732979758203,"i=82,j=13"
6902,12.752842799595344,52.41510963893274,0.6645849551255582,"i=82,j=14"
6903,12.7529897155458,52.41511243233208,0.2373149349286583,"i=82,j=15"
6904,12.75313663152033,52.41511522554898,0.8109887314305658,"i=82,j=16"
6905,12.75328354751894,52.41511801858345,0.10907082963664694,"i=82,j=17"
6906,12.753430463541624,52.415120811435486,0.012448725878835276,"i=82,j=18"
6907,12.753577379588382,52.41512360410507,0.7869930720375861,"i=82,j=19"
6908,12.753724295659211,52.41512639659222,0.9338091273884255,"i=82,j=20"
6909,12.753871211754111,52.41512918889694,0.7061543409317189,"i=82,j=21"
6910,12.754018127873078,52.41513198101922,0.9409064990636624,"i=82,j=22"
6911,12.754165044016112,52.41513477295905,0.15148663991241884,"i=82,j=23"
6912,12.754311960183212,52.41513756471646,0.20706783678145746,"i=82,j=24"
6913,12.754458876374374,52.41514035629142,0.26112084322088736,"i=82,j=25"
6914,12.7546057925896,52.41514314768395,0.10644761853622187,"i=82,j=26"
6915,12.754752708828887,52.415145938894035,0.4436124188306144,"i=82,j=27"
6916,12.754899625092234,52.41514872992168,0.2209340519382984,"i=82,j=28"
6917,12.755046541379635,52.41515152076689,0.8652325088642605,"i=82,j=29"
6918,12.755193457691094,52.41515431142966,0.2654283580780251,"i=82,j=30"
6919,12.755340374026607,52.41515710190999,0.7813090334321491,"i=82,j=31"
6920,12.755487290386174,52.41515989220789,0.5287738759241525,"i=82,j=32"
6921,12.755634206769791,52.41516268232334,0.6982823265690308,"i=82,j=33"
6922,12.755781123177458,52.41516547225637,0.8944865282225896,"i=82,j=34"
6923,12.755928039609172,52.41516826200694,0.6125739406258661,"i=82,j=35"
6924,12.756074956064934,52.415171051575086,0.9263895645276871,"i=82,j=36"
6925,12.75622187254474,52.415173840960776,0.29063630915911143,"i=82,j=37"
6926,12.756368789048592,52.41517663016404,0.14641463174228664,"i=82,j=38"
6927,12.756515705576483,52.41517941918485,0.22911005277007568,"i=82,j=39"
6928,12.756662622128415,52.41518220802324,0.843242926197897,"i=82,j=40"
6929,12.756809538704386,52.41518499667917,0.9673633000938854,"i=82,j=41"
6930,12.756956455304392,52.415187785152675,0.7259790763418906,"i=82,j=42"
6931,12.757103371928437,52.415190573443745,0.29406863628078717,"i=82,j=43"
6932,12.757250288576515,52.41519336155237,0.4805155364352386,"i=82,j=44"
6933,12.757397205248624,52.415196149478554,0.5783080719595444,"i=82,j=45"
6934,12.757544121944765,52.41519893722229,0.5579768733042966,"i=82,j=46"
6935,12.757691038664936,52.41520172478359,0.7989535292390516,"i=82,j=47"
6936,12.757837955409133,52.41520451216247,0.741127576795892,"i=82,j=48"
6937,12.757984872177357,52.41520729935889,0.33591862981806087,"i=82,j=49"
6938,12.758131788969607,52.41521008637289,0.27971128196750883,"i=82,j=50"
6939,12.758278705785877,52.415212873204425,0.13650351804403438,"i=82,j=51"
6940,12.758425622626172,52.41521565985353,0.0792086321508273,"i=82,j=52"
6941,12.758572539490483,52.415218446320196,0.533118159027171,"i=82,j=53"
6942,12.758719456378815,52.415221232604424,0.5365345391188436,"i=82,j=54"
6943,12.758866373291164,52.415224018706205,0.419216576485569,"i=82,j=55"
6944,12.759013290227527,52.41522680462554,0.041967431145962575,"i=82,j=56"
6945,12.759160207187904,52.41522959036245,0.13967384243256808,"i=82,j=57"
6946,12.759307124172294,52.415232375916915,0.22324861921410466,"i=82,j=58"
6947,12.759454041180692,52.41523516128893,0.21749168266796737,"i=82,j=59"
6948,12.7596009582131,52.41523794647852,0.6832192850445458,"i=82,j=60"
6949,12.759747875269516,52.41524073148566,0.646351449426516,"i=82,j=61"
6950,12.759894792349936,52.41524351631036,0.5141559859456197,"i=82,j=62"
6951,12.760041709454363,52.415246300952624,0.3877733283673561,"i=82,j=63"
6952,12.760188626582792,52.415249085412434,0.3576648407323192,"i=82,j=64"
6953,12.76033554373522,52.41525186968981,0.8575995077352492,"i=82,j=65"
6954,12.76048246091165,52.41525465378476,0.9799697672722656,"i=82,j=66"
6955,12.760629378112077,52.41525743769725,0.5903304538774412,"i=82,j=67"
6956,12.760776295336502,52.415260221427296,0.31256093237497196,"i=82,j=68"
6957,12.760923212584919,52.41526300497492,0.20109608547225022,"i=82,j=69"
6958,12.76107012985733,52.41526578834009,0.006941058946001832,"i=82,j=70"
6959,12.761217047153734,52.41526857152282,0.553981277870983,"i=82,j=71"
6960,12.761363964474127,52.41527135452311,0.21694055148856495,"i=82,j=72"
6961,12.761510881818507,52.415274137340965,0.7819211533418081,"i=82,j=73"
6962,12.761657799186876,52.41527691997637,0.41466085076187664,"i=82,j=74"
6963,12.761804716579231,52.41527970242932,0.7176710680622819,"i=82,j=75"
6964,12.761951633995569,52.41528248469985,0.16711101873547762,"i=82,j=76"
6965,12.76209855143589,52.41528526678793,0.49736351758449315,"i=82,j=77"
6966,12.76224546890019,52.415288048693576,0.39882480064305426,"i=82,j=78"
6967,12.762392386388472,52.41529083041677,0.20860635765515112,"i=82,j=79"
6968,12.762539303900729,52.41529361195753,0.7244157408204668,"i=82,j=80"
6969,12.762686221436962,52.41529639331584,0.8081092445734791,"i=82,j=81"
6970,12.762833138997172,52.415299174491714,0.9831156491892376,"i=82,j=82"
6971,12.762980056581352,52.415301955485134,0.9746412286707038,"i=82,j=83"
6972,12.750790551496266,52.414980678288956,0.7540267784373018,"i=83,j=0"
6973,12.750937466811399,52.4149834742334,0.6487609489851075,"i=83,j=1"
6974,12.75108438215063,52.414986269995424,0.06306590385308941,"i=83,j=2"
6975,12.751231297513963,52.414989065575,0.6783216549005702,"i=83,j=3"
6976,12.751378212901388,52.414991860972144,0.6473234572871323,"i=83,j=4"
6977,12.751525128312913,52.41499465618684,0.780160390629743,"i=83,j=5"
6978,12.751672043748528,52.41499745121911,0.4231486413608734,"i=83,j=6"
6979,12.751818959208235,52.41500024606895,0.8038060088717559,"i=83,j=7"
6980,12.751965874692033,52.41500304073635,0.5109140943239663,"i=83,j=8"
6981,12.752112790199918,52.41500583522129,0.6757396459851559,"i=83,j=9"
6982,12.752259705731891,52.41500862952382,0.7399086239376571,"i=83,j=10"
6983,12.75240662128795,52.415011423643904,0.26251746617812965,"i=83,j=11"
6984,12.752553536868094,52.41501421758155,0.9720933021775077,"i=83,j=12"
6985,12.752700452472318,52.415017011336765,0.36308822442866406,"i=83,j=13"
6986,12.752847368100625,52.415019804909534,0.7619863750976227,"i=83,j=14"
6987,12.75299428375301,52.41502259829988,0.524833336330211,"i=83,j=15"
6988,12.753141199429473,52.415025391507776,0.1349666080507993,"i=83,j=16"
6989,12.753288115130013,52.41502818453324,0.1517487426198476,"i=83,j=17"
6990,12.753435030854627,52.415030977376276,0.8004424779766014,"i=83,j=18"
6991,12.753581946603314,52.415033770036864,0.16389205393640216,"i=83,j=19"
6992,12.753728862376073,52.41503656251501,0.5221488485337349,"i=83,j=20"
6993,12.753875778172901,52.41503935481072,0.2624314195965697,"i=83,j=21"
6994,12.754022693993798,52.415042146923994,0.3397659605710439,"i=83,j=22"
6995,12.754169609838762,52.41504493885484,0.6585448261560097,"i=83,j=23"
6996,12.75431652570779,52.41504773060324,0.5833717022049921,"i=83,j=24"
6997,12.754463441600882,52.4150505221692,0.8222029849188256,"i=83,j=25"
6998,12.754610357518036,52.41505331355273,0.2496894740598784,"i=83,j=26"
6999,12.754757273459251,52.41505610475382,0.027944085123744578,"i=83,j=27"
7000,12.754904189424526,52.41505889577247,0.8057333316616015,"i=83,j=28"
7001,12.755051105413855,52.41506168660868,0.1845647517722846,"i=83,j=29"
7002,12.755198021427242,52.41506447726247,0.6208693254545193,"i=83,j=30"
7003,12.755344937464683,52.415067267733804,0.8866965006514298,"i=83,j=31"
7004,12.755491853526177,52.4150700580227,0.20721514273600694,"i=83,j=32"
7005,12.755638769611721,52.41507284812917,0.10336690748957489,"i=83,j=33"
7006,12.755785685721316,52.41507563805318,0.03339816226885184,"i=83,j=34"
7007,12.755932601854957,52.415078427794775,0.09413137149363271,"i=83,j=35"
7008,12.756079518012646,52.415081217353915,0.9731579536853513,"i=83,j=36"
7009,12.756226434194378,52.41508400673062,0.7051683253501494,"i=83,j=37"
7010,12.756373350400155,52.41508679592489,0.05605902844191002,"i=83,j=38"
7011,12.756520266629973,52.41508958493672,0.20724478568135396,"i=83,j=39"
7012,12.756667182883831,52.41509237376612,0.03771980763767713,"i=83,j=40"
7013,12.756814099161728,52.41509516241306,0.027183364958486056,"i=83,j=41"
7014,12.756961015463663,52.41509795087758,0.38463428952123324,"i=83,j=42"
7015,12.757107931789632,52.415100739159655,0.28877899326597234,"i=83,j=43"
7016,12.757254848139635,52.4151035272593,0.9326279509973388,"i=83,j=44"
7017,12.75740176451367,52.415106315176494,0.8082563818032509,"i=83,j=45"
7018,12.757548680911736,52.415109102911245,0.4869988843436086,"i=83,j=46"
7019,12.75769559733383,52.41511189046357,0.6175657488462388,"i=83,j=47"
7020,12.757842513779952,52.41511467783346,0.8830326956751032,"i=83,j=48"
7021,12.757989430250102,52.415117465020884,0.7553000413024775,"i=83,j=49"
7022,12.758136346744276,52.415120252025886,0.5278883687491823,"i=83,j=50"
7023,12.758283263262472,52.41512303884845,0.016136629267156977,"i=83,j=51"
7024,12.758430179804687,52.41512582548858,0.42521033463767144,"i=83,j=52"
7025,12.758577096370926,52.41512861194625,0.3613474713502077,"i=83,j=53"
7026,12.758724012961181,52.415131398221504,0.14165811763049463,"i=83,j=54"
7027,12.758870929575451,52.415134184314304,0.5080790976258146,"i=83,j=55"
7028,12.75901784621374,52.41513697022467,0.48041914984292555,"i=83,j=56"
7029,12.759164762876038,52.41513975595259,0.8470208427899167,"i=83,j=57"
7030,12.759311679562352,52.41514254149807,0.9566036571268556,"i=83,j=58"
7031,12.759458596272673,52.41514532686112,0.7567500641472317,"i=83,j=59"
7032,12.759605513007006,52.41514811204173,0.341185803701224,"i=83,j=60"
7033,12.759752429765344,52.41515089703989,0.6929900707440709,"i=83,j=61"
7034,12.759899346547687,52.41515368185562,0.7472208694164828,"i=83,j=62"
7035,12.760046263354036,52.415156466488895,0.02624461463828287,"i=83,j=63"
7036,12.760193180184386,52.415159250939745,0.46533144004482385,"i=83,j=64"
7037,12.760340097038737,52.415162035208134,0.055962129894087,"i=83,j=65"
7038,12.76048701391709,52.415164819294105,0.7768499656775704,"i=83,j=66"
7039,12.760633930819436,52.41516760319763,0.9892477033301963,"i=83,j=67"
7040,12.760780847745782,52.41517038691871,0.17948326243845458,"i=83,j=68"
7041,12.760927764696122,52.41517317045735,0.6033652008463293,"i=83,j=69"
7042,12.761074681670454,52.415175953813545,0.5648345774466208,"i=83,j=70"
7043,12.761221598668776,52.41517873698731,0.6860450548568743,"i=83,j=71"
7044,12.76136851569109,52.41518151997863,0.554738163620553,"i=83,j=72"
7045,12.761515432737392,52.41518430278751,0.9410824475589074,"i=83,j=73"
7046,12.761662349807683,52.41518708541394,0.5042338081108956,"i=83,j=74"
7047,12.761809266901956,52.41518986785794,0.12611503299330107,"i=83,j=75"
7048,12.761956184020216,52.415192650119494,0.8368266085894902,"i=83,j=76"
7049,12.762103101162456,52.415195432198594,0.6401293151591407,"i=83,j=77"
7050,12.762250018328677,52.41519821409528,0.16615788516248542,"i=83,j=78"
7051,12.762396935518876,52.4152009958095,0.37365511682850205,"i=83,j=79"
7052,12.762543852733053,52.4152037773413,0.02828307605065239,"i=83,j=80"
7053,12.762690769971206,52.41520655869065,0.6492281764527161,"i=83,j=81"
7054,12.762837687233334,52.41520933985754,0.6993876764048557,"i=83,j=82"
7055,12.762984604519433,52.415212120842014,0.5529709001792008,"i=83,j=83"
7056,12.750795124150402,52.414890844390236,0.6205720698929615,"i=84,j=0"
7057,12.75094203916747,52.414893640325666,0.3199181870392367,"i=84,j=1"
7058,12.751088954208637,52.41489643607867,0.5555093678244634,"i=84,j=2"
7059,12.751235869273902,52.41489923164923,0.6480731443295915,"i=84,j=3"
7060,12.751382784363262,52.414902027037364,0.6823794594976229,"i=84,j=4"
7061,12.751529699476718,52.41490482224305,0.8861205521102982,"i=84,j=5"
7062,12.751676614614267,52.41490761726632,0.21464926688776953,"i=84,j=6"
7063,12.751823529775908,52.41491041210713,0.6731146552600957,"i=84,j=7"
7064,12.751970444961637,52.414913206765526,0.1057662041180677,"i=84,j=8"
7065,12.752117360171459,52.41491600124147,0.7978055974763772,"i=84,j=9"
7066,12.752264275405363,52.41491879553499,0.6152466511487434,"i=84,j=10"
7067,12.752411190663356,52.41492158964607,0.5085570068712393,"i=84,j=11"
7068,12.75255810594543,52.414924383574714,0.061258785401512306,"i=84,j=12"
7069,12.752705021251588,52.41492717732092,0.8015251260231618,"i=84,j=13"
7070,12.752851936581827,52.41492997088468,0.8273426279780025,"i=84,j=14"
7071,12.752998851936145,52.41493276426601,0.6141618783081654,"i=84,j=15"
7072,12.75314576731454,52.414935557464915,0.34162915413037753,"i=84,j=16"
7073,12.75329268271701,52.41493835048138,0.7434246261397291,"i=84,j=17"
7074,12.753439598143556,52.414941143315396,0.2057115635441531,"i=84,j=18"
7075,12.753586513594175,52.41494393596698,0.3650437432105966,"i=84,j=19"
7076,12.753733429068863,52.41494672843615,0.7203592291269107,"i=84,j=20"
7077,12.753880344567623,52.41494952072286,0.8016406709125757,"i=84,j=21"
7078,12.754027260090451,52.41495231282713,0.4329740257892829,"i=84,j=22"
7079,12.754174175637344,52.41495510474897,0.22837634009288388,"i=84,j=23"
7080,12.754321091208304,52.414957896488374,0.1130694577823057,"i=84,j=24"
7081,12.754468006803325,52.41496068804535,0.2630235158682612,"i=84,j=25"
7082,12.75461492242241,52.414963479419875,0.33677790661677987,"i=84,j=26"
7083,12.754761838065555,52.41496627061196,0.23281203485053925,"i=84,j=27"
7084,12.754908753732758,52.41496906162162,0.678233555822822,"i=84,j=28"
7085,12.755055669424019,52.414971852448836,0.6940343695922375,"i=84,j=29"
7086,12.755202585139335,52.41497464309361,0.5020127600131431,"i=84,j=30"
7087,12.755349500878705,52.414977433555954,0.06639939864357658,"i=84,j=31"
7088,12.755496416642126,52.41498022383586,0.975625718314858,"i=84,j=32"
7089,12.755643332429601,52.41498301393333,0.8068859884527216,"i=84,j=33"
7090,12.755790248241123,52.41498580384836,0.48418779156196046,"i=84,j=34"
7091,12.755937164076695,52.414988593580944,0.9422473475230682,"i=84,j=35"
7092,12.756084079936311,52.414991383131095,0.8927798621644359,"i=84,j=36"
7093,12.756230995819973,52.41499417249882,0.16795466714104434,"i=84,j=37"
7094,12.756377911727677,52.414996961684096,0.0424746075086927,"i=84,j=38"
7095,12.756524827659424,52.41499975068693,0.37683753009292886,"i=84,j=39"
7096,12.75667174361521,52.41500253950734,0.4033009337820489,"i=84,j=40"
7097,12.756818659595035,52.415005328145305,0.33165501141969567,"i=84,j=41"
7098,12.756965575598896,52.41500811660083,0.13948934205082975,"i=84,j=42"
7099,12.757112491626792,52.41501090487392,0.8661643183709492,"i=84,j=43"
7100,12.757259407678722,52.415013692964564,0.4371699594746148,"i=84,j=44"
7101,12.757406323754683,52.41501648087278,0.5960324255200545,"i=84,j=45"
7102,12.757553239854674,52.41501926859855,0.20153742097279737,"i=84,j=46"
7103,12.757700155978698,52.415022056141886,0.19595629147967308,"i=84,j=47"
7104,12.757847072126747,52.41502484350277,0.6000038694986625,"i=84,j=48"
7105,12.757993988298821,52.41502763068124,0.8916336649346359,"i=84,j=49"
7106,12.75814090449492,52.41503041767725,0.6573590816787157,"i=84,j=50"
7107,12.758287820715044,52.41503320449083,0.6134694033303467,"i=84,j=51"
7108,12.758434736959186,52.41503599112196,0.16817734585652466,"i=84,j=52"
7109,12.758581653227349,52.41503877757067,0.02412916282482025,"i=84,j=53"
7110,12.75872856951953,52.41504156383693,0.954063380172582,"i=84,j=54"
7111,12.758875485835725,52.41504434992075,0.4552455273225171,"i=84,j=55"
7112,12.759022402175939,52.41504713582213,0.2510771981715426,"i=84,j=56"
7113,12.759169318540161,52.41504992154108,0.3774361397583106,"i=84,j=57"
7114,12.759316234928399,52.41505270707759,0.44996303888150524,"i=84,j=58"
7115,12.759463151340647,52.415055492431655,0.14972886655717477,"i=84,j=59"
7116,12.759610067776903,52.41505827760327,0.10891704549037062,"i=84,j=60"
7117,12.759756984237164,52.415061062592464,0.15825945190714208,"i=84,j=61"
7118,12.759903900721433,52.41506384739921,0.6610770220954613,"i=84,j=62"
7119,12.760050817229704,52.41506663202352,0.08634918528961955,"i=84,j=63"
7120,12.760197733761977,52.415069416465386,0.6451159520815771,"i=84,j=64"
7121,12.760344650318252,52.415072200724815,0.8609052868510143,"i=84,j=65"
7122,12.760491566898528,52.415074984801805,0.6611695325890499,"i=84,j=66"
7123,12.760638483502799,52.41507776869635,0.4793216388472815,"i=84,j=67"
7124,12.760785400131068,52.415080552408455,0.2980540282470826,"i=84,j=68"
7125,12.760932316783329,52.41508333593813,0.6758442907783402,"i=84,j=69"
7126,12.761079233459585,52.415086119285355,0.5742016462694163,"i=84,j=70"
7127,12.761226150159832,52.41508890245014,0.8919975021638629,"i=84,j=71"
7128,12.761373066884067,52.415091685432486,0.8057152717874716,"i=84,j=72"
7129,12.761519983632292,52.4150944682324,0.9601627629786709,"i=84,j=73"
7130,12.761666900404503,52.41509725084986,0.8046511312220693,"i=84,j=74"
7131,12.7618138172007,52.415100033284894,0.820143593936526,"i=84,j=75"
7132,12.76196073402088,52.41510281553747,0.5798396785897492,"i=84,j=76"
7133,12.76210765086504,52.415105597607614,0.5952421706228995,"i=84,j=77"
7134,12.762254567733182,52.415108379495315,0.5884292702210684,"i=84,j=78"
7135,12.762401484625304,52.41511116120059,0.2803553360729071,"i=84,j=79"
7136,12.762548401541402,52.41511394272341,0.35538947803914367,"i=84,j=80"
7137,12.762695318481477,52.4151167240638,0.987658010076039,"i=84,j=81"
7138,12.762842235445524,52.41511950522173,0.2637009885148598,"i=84,j=82"
7139,12.762989152433544,52.415122286197224,0.8575544577109753,"i=84,j=83"
7140,12.75079969678044,52.414801010489846,0.6218273461567403,"i=85,j=0"
7141,12.750946611499442,52.414803806416266,0.20155582516849702,"i=85,j=1"
7142,12.751093526242544,52.414806602160255,0.6085609726524206,"i=85,j=2"
7143,12.751240441009745,52.414809397721804,0.5960845209640162,"i=85,j=3"
7144,12.751387355801041,52.41481219310092,0.32753234357558925,"i=85,j=4"
7145,12.751534270616434,52.41481498829761,0.7052352537747459,"i=85,j=5"
7146,12.751681185455917,52.41481778331187,0.9362514607467817,"i=85,j=6"
7147,12.751828100319491,52.414820578143676,0.35796942450196534,"i=85,j=7"
7148,12.751975015207158,52.41482337279305,0.6795570574833792,"i=85,j=8"
7149,12.75212193011891,52.414826167259996,0.7141741985294782,"i=85,j=9"
7150,12.75226884505475,52.41482896154451,0.6197008190165447,"i=85,j=10"
7151,12.752415760014678,52.414831755646574,0.8235324481775537,"i=85,j=11"
7152,12.752562674998687,52.414834549566216,0.6886884387739496,"i=85,j=12"
7153,12.752709590006777,52.41483734330341,0.11992708167878252,"i=85,j=13"
7154,12.75285650503895,52.41484013685818,0.9852166240635526,"i=85,j=14"
7155,12.753003420095201,52.41484293023051,0.8475001742064103,"i=85,j=15"
7156,12.75315033517553,52.4148457234204,0.7269585492784834,"i=85,j=16"
7157,12.753297250279934,52.41484851642786,0.8727804426571093,"i=85,j=17"
7158,12.753444165408412,52.41485130925288,0.47959354084311445,"i=85,j=18"
7159,12.753591080560962,52.41485410189546,0.8132717993666094,"i=85,j=19"
7160,12.753737995737584,52.414856894355616,0.9855379847505288,"i=85,j=20"
7161,12.753884910938277,52.41485968663333,0.3935600612875486,"i=85,j=21"
7162,12.754031826163038,52.4148624787286,0.9665820589261546,"i=85,j=22"
7163,12.754178741411863,52.41486527064144,0.3748403883384597,"i=85,j=23"
7164,12.754325656684752,52.41486806237184,0.8454772975719043,"i=85,j=24"
7165,12.754472571981708,52.41487085391981,0.08507938561087358,"i=85,j=25"
7166,12.754619487302724,52.41487364528535,0.1659306390503239,"i=85,j=26"
7167,12.7547664026478,52.41487643646844,0.8706869167555626,"i=85,j=27"
7168,12.754913318016936,52.4148792274691,0.8725705479519278,"i=85,j=28"
7169,12.755060233410127,52.414882018287315,0.2451750351083697,"i=85,j=29"
7170,12.755207148827374,52.4148848089231,0.3528613915009503,"i=85,j=30"
7171,12.755354064268674,52.41488759937645,0.4574453948657663,"i=85,j=31"
7172,12.755500979734029,52.41489038964736,0.8682841412694874,"i=85,j=32"
7173,12.755647895223433,52.41489317973582,0.5532616764387717,"i=85,j=33"
7174,12.755794810736885,52.41489596964187,0.05894290467290153,"i=85,j=34"
7175,12.755941726274386,52.41489875936548,0.35533334678891093,"i=85,j=35"
7176,12.756088641835934,52.41490154890663,0.4587239248179167,"i=85,j=36"
7177,12.756235557421524,52.41490433826535,0.11002487733489397,"i=85,j=37"
7178,12.756382473031158,52.41490712744164,0.7823406023571441,"i=85,j=38"
7179,12.756529388664832,52.41490991643549,0.8168462093075073,"i=85,j=39"
7180,12.756676304322548,52.4149127052469,0.20675744434326027,"i=85,j=40"
7181,12.756823220004303,52.41491549387588,0.4088022520125031,"i=85,j=41"
7182,12.756970135710093,52.41491828232242,0.6215970615896073,"i=85,j=42"
7183,12.757117051439918,52.41492107058652,0.6250836178551998,"i=85,j=43"
7184,12.757263967193776,52.41492385866818,0.17205391861239294,"i=85,j=44"
7185,12.757410882971667,52.4149266465674,0.47009460271399184,"i=85,j=45"
7186,12.757557798773588,52.41492943428418,0.04452399204718671,"i=85,j=46"
7187,12.757704714599539,52.41493222181853,0.40085779001858235,"i=85,j=47"
7188,12.757851630449515,52.41493500917044,0.6307627012623814,"i=85,j=48"
7189,12.757998546323517,52.41493779633992,0.0977373892246658,"i=85,j=49"
7190,12.758145462221545,52.41494058332695,0.6300467991664446,"i=85,j=50"
7191,12.758292378143594,52.414943370131546,0.310466623387448,"i=85,j=51"
7192,12.758439294089664,52.4149461567537,0.05685857883225642,"i=85,j=52"
7193,12.758586210059754,52.41494894319342,0.10755578094576812,"i=85,j=53"
7194,12.758733126053862,52.4149517294507,0.2210055917966257,"i=85,j=54"
7195,12.758880042071985,52.41495451552555,0.5807180261871295,"i=85,j=55"
7196,12.759026958114124,52.41495730141795,0.36016832194568205,"i=85,j=56"
7197,12.759173874180274,52.414960087127916,0.1759265315799745,"i=85,j=57"
7198,12.759320790270438,52.41496287265544,0.9033315825911602,"i=85,j=58"
7199,12.75946770638461,52.41496565800053,0.2477336679789055,"i=85,j=59"
7200,12.759614622522793,52.41496844316317,0.9198724144794317,"i=85,j=60"
7201,12.75976153868498,52.414971228143386,0.5159090782040687,"i=85,j=61"
7202,12.759908454871175,52.414974012941144,0.8100247961482402,"i=85,j=62"
7203,12.760055371081371,52.41497679755648,0.6735749079428848,"i=85,j=63"
7204,12.760202287315572,52.41497958198938,0.9735300462030273,"i=85,j=64"
7205,12.76034920357377,52.414982366239826,0.6973562224908507,"i=85,j=65"
7206,12.760496119855969,52.414985150307835,0.51521267956814,"i=85,j=66"
7207,12.760643036162165,52.41498793419343,0.33763323877928964,"i=85,j=67"
7208,12.760789952492358,52.41499071789656,0.48847841445672113,"i=85,j=68"
7209,12.760936868846546,52.41499350141724,0.3519208098184067,"i=85,j=69"
7210,12.761083785224725,52.4149962847555,0.2884174887716636,"i=85,j=70"
7211,12.761230701626895,52.414999067911324,0.884636859142274,"i=85,j=71"
7212,12.761377618053055,52.41500185088469,0.300446833598341,"i=85,j=72"
7213,12.761524534503204,52.41500463367563,0.04168516031850533,"i=85,j=73"
7214,12.761671450977339,52.41500741628413,0.16751428322833795,"i=85,j=74"
7215,12.761818367475458,52.41501019871019,0.9811742574398324,"i=85,j=75"
7216,12.761965283997561,52.4150129809538,0.8251229034726774,"i=85,j=76"
7217,12.762112200543646,52.41501576301498,0.37575991967534894,"i=85,j=77"
7218,12.762259117113711,52.41501854489371,0.11429734957642279,"i=85,j=78"
7219,12.762406033707753,52.41502132659,0.6366362422382185,"i=85,j=79"
7220,12.762552950325775,52.41502410810387,0.16213721604208653,"i=85,j=80"
7221,12.762699866967772,52.41502688943529,0.6365975455723024,"i=85,j=81"
7222,12.762846783633742,52.41502967058426,0.527680340443332,"i=85,j=82"
7223,12.762993700323683,52.4150324515508,0.21179310883207625,"i=85,j=83"
7224,12.750804269386375,52.41471117658781,0.15782031133251395,"i=86,j=0"
7225,12.750951183807315,52.41471397250522,0.9558246816219875,"i=86,j=1"
7226,12.751098098252355,52.414716768240204,0.029124641744330382,"i=86,j=2"
7227,12.751245012721492,52.41471956379274,0.1676745744959398,"i=86,j=3"
7228,12.751391927214726,52.414722359162845,0.4775915391989951,"i=86,j=4"
7229,12.751538841732053,52.41472515435052,0.9188831807501557,"i=86,j=5"
7230,12.751685756273474,52.41472794935576,0.9128480043053209,"i=86,j=6"
7231,12.751832670838986,52.41473074417856,0.4177103261960834,"i=86,j=7"
7232,12.751979585428588,52.41473353881893,0.8860711966471132,"i=86,j=8"
7233,12.752126500042277,52.41473633327687,0.6752498771961635,"i=86,j=9"
7234,12.752273414680053,52.41473912755236,0.7777780483362048,"i=86,j=10"
7235,12.752420329341914,52.41474192164544,0.33240183008574087,"i=86,j=11"
7236,12.75256724402786,52.41474471555606,0.42695057885994503,"i=86,j=12"
7237,12.752714158737888,52.414747509284254,0.181889103815691,"i=86,j=13"
7238,12.752861073471994,52.41475030283002,0.49416694872237743,"i=86,j=14"
7239,12.75300798823018,52.41475309619334,0.6826971087423298,"i=86,j=15"
7240,12.753154903012444,52.41475588937423,0.976198831264099,"i=86,j=16"
7241,12.753301817818782,52.414758682372685,0.9546782982281279,"i=86,j=17"
7242,12.753448732649195,52.414761475188705,0.43109750193509255,"i=86,j=18"
7243,12.753595647503682,52.414764267822285,0.15062919587604717,"i=86,j=19"
7244,12.753742562382238,52.414767060273434,0.5455780310169586,"i=86,j=20"
7245,12.753889477284863,52.41476985254215,0.999621358303684,"i=86,j=21"
7246,12.754036392211558,52.41477264462842,0.7943836126147332,"i=86,j=22"
7247,12.754183307162316,52.41477543653226,0.33005430923573387,"i=86,j=23"
7248,12.754330222137142,52.41477822825367,0.6270332852613189,"i=86,j=24"
7249,12.754477137136028,52.414781019792635,0.731365206583312,"i=86,j=25"
7250,12.754624052158979,52.41478381114918,0.02137984827953332,"i=86,j=26"
7251,12.754770967205987,52.41478660232327,0.5814134147936865,"i=86,j=27"
7252,12.754917882277056,52.41478939331493,0.9618670663638457,"i=86,j=28"
7253,12.755064797372178,52.41479218412416,0.7894931446714275,"i=86,j=29"
7254,12.75521171249136,52.41479497475095,0.3350115122718116,"i=86,j=30"
7255,12.755358627634592,52.4147977651953,0.41280149311359826,"i=86,j=31"
7256,12.75550554280188,52.41480055545721,0.06842102519034454,"i=86,j=32"
7257,12.755652457993214,52.41480334553669,0.500954638145276,"i=86,j=33"
7258,12.755799373208598,52.41480613543374,0.46066726527968094,"i=86,j=34"
7259,12.75594628844803,52.41480892514834,0.9166234211235483,"i=86,j=35"
7260,12.75609320371151,52.41481171468051,0.36973627519868846,"i=86,j=36"
7261,12.756240118999033,52.41481450403024,0.2595648185783411,"i=86,j=37"
7262,12.756387034310599,52.414817293197544,0.9305062039760197,"i=86,j=38"
7263,12.756533949646204,52.4148200821824,0.8323393556320628,"i=86,j=39"
7264,12.75668086500585,52.41482287098482,0.2967069344771024,"i=86,j=40"
7265,12.756827780389534,52.4148256596048,0.33893518986761473,"i=86,j=41"
7266,12.756974695797256,52.41482844804236,0.6842514384496291,"i=86,j=42"
7267,12.757121611229012,52.41483123629746,0.8780874832326743,"i=86,j=43"
7268,12.7572685266848,52.41483402437015,0.4591417926775003,"i=86,j=44"
7269,12.75741544216462,52.414836812260376,0.7781420253946876,"i=86,j=45"
7270,12.757562357668471,52.41483959996818,0.4700238748291007,"i=86,j=46"
7271,12.757709273196351,52.41484238749355,0.07679595269227757,"i=86,j=47"
7272,12.757856188748256,52.41484517483647,0.0846295495661753,"i=86,j=48"
7273,12.758003104324189,52.414847961996955,0.91805264934425,"i=86,j=49"
7274,12.758150019924145,52.414850748975006,0.8707768188258268,"i=86,j=50"
7275,12.758296935548124,52.41485353577061,0.30601005056729913,"i=86,j=51"
7276,12.758443851196123,52.4148563223838,0.7068986007208065,"i=86,j=52"
7277,12.75859076686814,52.41485910881453,0.0227673725091192,"i=86,j=53"
7278,12.758737682564178,52.41486189506282,0.18402591165900695,"i=86,j=54"
7279,12.75888459828423,52.41486468112869,0.39689389314385004,"i=86,j=55"
7280,12.759031514028296,52.414867467012115,0.0616132669660302,"i=86,j=56"
7281,12.759178429796375,52.414870252713094,0.8643627029231146,"i=86,j=57"
7282,12.759325345588465,52.41487303823165,0.24291464915789762,"i=86,j=58"
7283,12.759472261404566,52.414875823567755,0.44283951903071694,"i=86,j=59"
7284,12.759619177244675,52.41487860872143,0.5115148033888842,"i=86,j=60"
7285,12.75976609310879,52.414881393692646,0.48242636882361545,"i=86,j=61"
7286,12.759913008996913,52.41488417848145,0.12444139448880176,"i=86,j=62"
7287,12.760059924909035,52.4148869630878,0.09768140288977811,"i=86,j=63"
7288,12.760206840845163,52.414889747511715,0.5147772495589215,"i=86,j=64"
7289,12.760353756805289,52.41489253175319,0.19955403969764973,"i=86,j=65"
7290,12.760500672789414,52.414895315812245,0.8994698254467246,"i=86,j=66"
7291,12.760647588797537,52.41489809968883,0.9597935943688708,"i=86,j=67"
7292,12.760794504829656,52.414900883383005,0.013714370673050258,"i=86,j=68"
7293,12.76094142088577,52.41490366689472,0.616865109276538,"i=86,j=69"
7294,12.761088336965873,52.414906450224,0.9979999735316545,"i=86,j=70"
7295,12.76123525306997,52.41490923337085,0.9984026749761958,"i=86,j=71"
7296,12.761382169198056,52.414912016335265,0.3847387757427819,"i=86,j=72"
7297,12.761529085350128,52.41491479911722,0.23094712498490455,"i=86,j=73"
7298,12.761676001526189,52.41491758171675,0.23533900045005962,"i=86,j=74"
7299,12.761822917726235,52.41492036413383,0.305144758754766,"i=86,j=75"
7300,12.76196983395026,52.41492314636848,0.5743819327058054,"i=86,j=76"
7301,12.76211675019827,52.41492592842069,0.015112417538803657,"i=86,j=77"
7302,12.762263666470261,52.41492871029046,0.6450834157888969,"i=86,j=78"
7303,12.762410582766227,52.414931491977796,0.9214118195782192,"i=86,j=79"
7304,12.762557499086173,52.41493427348268,0.6884016276536559,"i=86,j=80"
7305,12.762704415430093,52.41493705480513,0.1450585163203958,"i=86,j=81"
7306,12.762851331797988,52.41493983594515,0.054660377933260396,"i=86,j=82"
7307,12.762998248189854,52.414942616902714,0.9713774861245649,"i=86,j=83"
7308,12.750808841968208,52.41462134268411,0.5553558912614063,"i=87,j=0"
7309,12.75095575609109,52.4146241385925,0.6246949594715704,"i=87,j=1"
7310,12.751102670238067,52.41462693431848,0.3762698711378958,"i=87,j=2"
7311,12.751249584409143,52.414629729862,0.35737841880115184,"i=87,j=3"
7312,12.751396498604315,52.414632525223105,0.520614404472323,"i=87,j=4"
7313,12.75154341282358,52.41463532040176,0.060262840178664456,"i=87,j=5"
7314,12.751690327066939,52.41463811539799,0.10235793004074034,"i=87,j=6"
7315,12.75183724133439,52.41464091021179,0.2193033535972777,"i=87,j=7"
7316,12.75198415562593,52.41464370484315,0.44069225777997356,"i=87,j=8"
7317,12.752131069941557,52.41464649929208,0.6448724767352692,"i=87,j=9"
7318,12.752277984281271,52.41464929355856,0.4327374300309689,"i=87,j=10"
7319,12.752424898645069,52.41465208764264,0.7119244671721559,"i=87,j=11"
7320,12.75257181303295,52.41465488154425,0.6069906777373811,"i=87,j=12"
7321,12.752718727444915,52.41465767526344,0.6158767030401928,"i=87,j=13"
7322,12.752865641880959,52.41466046880019,0.6986661524290493,"i=87,j=14"
7323,12.753012556341083,52.41466326215452,0.767978937781428,"i=87,j=15"
7324,12.753159470825283,52.41466605532641,0.18839072066405893,"i=87,j=16"
7325,12.753306385333557,52.41466884831586,0.8955121148699875,"i=87,j=17"
7326,12.753453299865905,52.41467164112287,0.2574924593257272,"i=87,j=18"
7327,12.753600214422327,52.41467443374745,0.9502750051292692,"i=87,j=19"
7328,12.75374712900282,52.414677226189596,0.0880370053418934,"i=87,j=20"
7329,12.753894043607382,52.41468001844931,0.27500704693537226,"i=87,j=21"
7330,12.75404095823601,52.41468281052659,0.30365431875138227,"i=87,j=22"
7331,12.754187872888707,52.414685602421436,0.2527319800265848,"i=87,j=23"
7332,12.754334787565465,52.41468839413383,0.5373564047387878,"i=87,j=24"
7333,12.754481702266288,52.414691185663806,0.6982552505236209,"i=87,j=25"
7334,12.754628616991171,52.41469397701134,0.2693325127736248,"i=87,j=26"
7335,12.754775531740115,52.414696768176434,0.3661249983916214,"i=87,j=27"
7336,12.754922446513119,52.414699559159104,0.03400440490824552,"i=87,j=28"
7337,12.755069361310177,52.414702349959335,0.5486690521006826,"i=87,j=29"
7338,12.755216276131291,52.41470514057713,0.34019289113342066,"i=87,j=30"
7339,12.755363190976459,52.41470793101249,0.9468138891456434,"i=87,j=31"
7340,12.755510105845678,52.4147107212654,0.6574777904458864,"i=87,j=32"
7341,12.755657020738948,52.4147135113359,0.9151375302776751,"i=87,j=33"
7342,12.755803935656266,52.41471630122395,0.502985830924623,"i=87,j=34"
7343,12.75595085059763,52.41471909092956,0.6503282378538037,"i=87,j=35"
7344,12.756097765563043,52.41472188045273,0.29498004009588497,"i=87,j=36"
7345,12.7562446805525,52.41472466979347,0.9700232573686991,"i=87,j=37"
7346,12.756391595565997,52.41472745895178,0.39550700820746076,"i=87,j=38"
7347,12.756538510603535,52.41473024792765,0.4560937203303934,"i=87,j=39"
7348,12.756685425665115,52.41473303672108,0.44244276286460704,"i=87,j=40"
7349,12.75683234075073,52.41473582533209,0.46190703002040745,"i=87,j=41"
7350,12.756979255860383,52.41473861376064,0.3553631831971886,"i=87,j=42"
7351,12.75712617099407,52.41474140200677,0.025455944059781466,"i=87,j=43"
7352,12.757273086151791,52.41474419007045,0.10775210942685809,"i=87,j=44"
7353,12.757420001333543,52.4147469779517,0.6172295187257946,"i=87,j=45"
7354,12.757566916539325,52.41474976565052,0.3517143085314447,"i=87,j=46"
7355,12.757713831769136,52.41475255316689,0.6127917653295504,"i=87,j=47"
7356,12.757860747022974,52.41475534050083,0.1342937797090512,"i=87,j=48"
7357,12.758007662300836,52.41475812765234,0.8690738595715722,"i=87,j=49"
7358,12.758154577602722,52.414760914621404,0.5606275468746789,"i=87,j=50"
7359,12.758301492928632,52.414763701408035,0.2292949637227233,"i=87,j=51"
7360,12.758448408278563,52.414766488012226,0.3993650728437891,"i=87,j=52"
7361,12.75859532365251,52.41476927443398,0.9756710819641353,"i=87,j=53"
7362,12.758742239050477,52.41477206067329,0.7528132492238101,"i=87,j=54"
7363,12.758889154472458,52.41477484673018,0.10662350568533352,"i=87,j=55"
7364,12.759036069918455,52.41477763260462,0.5948609261993901,"i=87,j=56"
7365,12.759182985388465,52.41478041829663,0.7974746339464982,"i=87,j=57"
7366,12.759329900882484,52.41478320380619,0.9847596776949508,"i=87,j=58"
7367,12.759476816400515,52.414785989133314,0.44197120758538266,"i=87,j=59"
7368,12.759623731942552,52.414788774278016,0.8532301393199131,"i=87,j=60"
7369,12.759770647508596,52.414791559240264,0.029617744075320918,"i=87,j=61"
7370,12.759917563098645,52.41479434402008,0.32084319756889035,"i=87,j=62"
7371,12.7600644787127,52.41479712861746,0.8897246832826426,"i=87,j=63"
7372,12.760211394350753,52.414799913032404,0.8432612975784636,"i=87,j=64"
7373,12.760358310012807,52.41480269726491,0.28011714601990345,"i=87,j=65"
7374,12.760505225698862,52.41480548131497,0.38800983407866174,"i=87,j=66"
7375,12.760652141408913,52.4148082651826,0.8801143975161702,"i=87,j=67"
7376,12.76079905714296,52.41481104886778,0.802063175528351,"i=87,j=68"
7377,12.760945972900998,52.41481383237054,0.20631150197672643,"i=87,j=69"
7378,12.76109288868303,52.414816615690846,0.9921231808318516,"i=87,j=70"
7379,12.761239804489055,52.41481939882872,0.5982709052651985,"i=87,j=71"
7380,12.761386720319068,52.41482218178415,0.5340050798814233,"i=87,j=72"
7381,12.761533636173068,52.41482496455715,0.2834054597482756,"i=87,j=73"
7382,12.761680552051054,52.41482774714771,0.18556441114979083,"i=87,j=74"
7383,12.761827467953024,52.41483052955583,0.46743949854425526,"i=87,j=75"
7384,12.761974383878979,52.41483331178151,0.03713539380266073,"i=87,j=76"
7385,12.762121299828916,52.41483609382476,0.6587869265786813,"i=87,j=77"
7386,12.76226821580283,52.41483887568555,0.8552344054442647,"i=87,j=78"
7387,12.762415131800726,52.414841657363915,0.305767686718158,"i=87,j=79"
7388,12.762562047822597,52.41484443885984,0.6913955021650792,"i=87,j=80"
7389,12.762708963868441,52.41484722017332,0.49494335166031767,"i=87,j=81"
7390,12.762855879938261,52.41485000130437,0.7720778055998134,"i=87,j=82"
7391,12.763002796032051,52.41485278225298,0.0045320409777696025,"i=87,j=83"
7392,12.750813414525942,52.41453150877875,0.23395325069987782,"i=88,j=0"
7393,12.750960328350763,52.41453430467815,0.8878162102369899,"i=88,j=1"
7394,12.751107242199682,52.414537100395094,0.03511390371446865,"i=88,j=2"
7395,12.751254156072699,52.41453989592962,0.023279574741461362,"i=88,j=3"
7396,12.75140106996981,52.41454269128171,0.40802659493558713,"i=88,j=4"
7397,12.751547983891015,52.41454548645135,0.11954456199514818,"i=88,j=5"
7398,12.751694897836314,52.41454828143858,0.23344944977201587,"i=88,j=6"
7399,12.751841811805706,52.41455107624336,0.9441998627665132,"i=88,j=7"
7400,12.751988725799183,52.41455387086572,0.7071428956411167,"i=88,j=8"
7401,12.75213563981675,52.41455666530563,0.004169235810183802,"i=88,j=9"
7402,12.752282553858404,52.41455945956312,0.9094262577575409,"i=88,j=10"
7403,12.752429467924141,52.414562253638174,0.7558455682644121,"i=88,j=11"
7404,12.752576382013961,52.41456504753079,0.7451809099527678,"i=88,j=12"
7405,12.752723296127865,52.41456784124098,0.38689792860617245,"i=88,j=13"
7406,12.752870210265847,52.414570634768715,0.13807626464963962,"i=88,j=14"
7407,12.753017124427908,52.414573428114046,0.3669110582424209,"i=88,j=15"
7408,12.753164038614045,52.414576221276924,0.5546180273893047,"i=88,j=16"
7409,12.753310952824258,52.41457901425738,0.11162931498452222,"i=88,j=17"
7410,12.753457867058545,52.41458180705539,0.2501837939883945,"i=88,j=18"
7411,12.753604781316904,52.41458459967097,0.6410360044903439,"i=88,j=19"
7412,12.753751695599334,52.41458739210412,0.7619049877277818,"i=88,j=20"
7413,12.753898609905832,52.41459018435483,0.9090520427970934,"i=88,j=21"
7414,12.7540455242364,52.4145929764231,0.07467961569625003,"i=88,j=22"
7415,12.75419243859103,52.414595768308935,0.027877211072788843,"i=88,j=23"
7416,12.754339352969726,52.41459856001235,0.3405584827409226,"i=88,j=24"
7417,12.754486267372487,52.41460135153332,0.813998277384357,"i=88,j=25"
7418,12.754633181799306,52.41460414287186,0.6044963557026287,"i=88,j=26"
7419,12.754780096250187,52.41460693402796,0.2635630852052665,"i=88,j=27"
7420,12.754927010725126,52.414609725001625,0.02430289155155707,"i=88,j=28"
7421,12.755073925224119,52.41461251579286,0.3969103073215451,"i=88,j=29"
7422,12.755220839747167,52.41461530640166,0.42516290804556256,"i=88,j=30"
7423,12.755367754294273,52.414618096828015,0.3760744790885727,"i=88,j=31"
7424,12.755514668865425,52.41462088707194,0.9205483657249762,"i=88,j=32"
7425,12.75566158346063,52.41462367713345,0.6931005033727565,"i=88,j=33"
7426,12.755808498079885,52.414626467012496,0.033358946381665255,"i=88,j=34"
7427,12.755955412723186,52.41462925670912,0.8291783472577796,"i=88,j=35"
7428,12.756102327390531,52.4146320462233,0.7806914614143384,"i=88,j=36"
7429,12.756249242081921,52.414634835555056,0.9144961761813272,"i=88,j=37"
7430,12.756396156797354,52.41463762470437,0.6391503093174602,"i=88,j=38"
7431,12.756543071536827,52.41464041367125,0.5667150875305969,"i=88,j=39"
7432,12.756689986300339,52.41464320245569,0.25000415778147866,"i=88,j=40"
7433,12.75683690108789,52.4146459910577,0.4846987335190224,"i=88,j=41"
7434,12.756983815899476,52.41464877947727,0.5903122651317902,"i=88,j=42"
7435,12.757130730735097,52.4146515677144,0.8660196033991872,"i=88,j=43"
7436,12.757277645594751,52.41465435576911,0.18649496362688223,"i=88,j=44"
7437,12.757424560478437,52.41465714364138,0.4492258873451168,"i=88,j=45"
7438,12.757571475386152,52.414659931331194,0.011420734771628527,"i=88,j=46"
7439,12.757718390317894,52.41466271883859,0.31227325448588816,"i=88,j=47"
7440,12.757865305273667,52.414665506163544,0.5519975893909191,"i=88,j=48"
7441,12.75801222025346,52.41466829330606,0.15015795282564304,"i=88,j=49"
7442,12.75815913525728,52.414671080266146,0.519978863132722,"i=88,j=50"
7443,12.758306050285121,52.414673867043795,0.8249261613946827,"i=88,j=51"
7444,12.758452965336984,52.414676653639,0.9300004825911145,"i=88,j=52"
7445,12.758599880412863,52.41467944005177,0.7051205712346165,"i=88,j=53"
7446,12.75874679551276,52.41468222628211,0.3010884753853117,"i=88,j=54"
7447,12.758893710636674,52.41468501233001,0.6347342635004495,"i=88,j=55"
7448,12.759040625784602,52.414687798195466,0.2935304220000291,"i=88,j=56"
7449,12.75918754095654,52.4146905838785,0.04169449657462798,"i=88,j=57"
7450,12.759334456152493,52.414693369379094,0.7649132531643972,"i=88,j=58"
7451,12.759481371372454,52.41469615469723,0.9715293209606055,"i=88,j=59"
7452,12.759628286616422,52.41469893983295,0.17862628990936047,"i=88,j=60"
7453,12.759775201884397,52.41470172478623,0.39296514211491007,"i=88,j=61"
7454,12.759922117176377,52.41470450955707,0.6622596220334876,"i=88,j=62"
7455,12.76006903249236,52.41470729414547,0.21571696024818188,"i=88,j=63"
7456,12.760215947832345,52.41471007855143,0.4972954557852395,"i=88,j=64"
7457,12.76036286319633,52.414712862774955,0.7829118639884546,"i=88,j=65"
7458,12.760509778584314,52.41471564681605,0.15899635402733214,"i=88,j=66"
7459,12.760656693996294,52.41471843067471,0.5241710735704763,"i=88,j=67"
7460,12.760803609432267,52.41472121435092,0.3938968973668787,"i=88,j=68"
7461,12.760950524892237,52.4147239978447,0.8853144887209615,"i=88,j=69"
7462,12.761097440376199,52.41472678115604,0.602981163661947,"i=88,j=70"
7463,12.761244355884152,52.41472956428494,0.05218308355133028,"i=88,j=71"
7464,12.761391271416093,52.41473234723139,0.19664412791963892,"i=88,j=72"
7465,12.76153818697202,52.414735129995435,0.6001762618846539,"i=88,j=73"
7466,12.761685102551935,52.41473791257702,0.16168363267483488,"i=88,j=74"
7467,12.761832018155836,52.41474069497617,0.8394774875821643,"i=88,j=75"
7468,12.761978933783718,52.41474347719288,0.17406619849874616,"i=88,j=76"
7469,12.76212584943558,52.41474625922716,0.4069390769728045,"i=88,j=77"
7470,12.762272765111424,52.41474904107899,0.9596387122560209,"i=88,j=78"
7471,12.762419680811245,52.414751822748386,0.3614841573083273,"i=88,j=79"
7472,12.762566596535043,52.41475460423535,0.18927231375282638,"i=88,j=80"
7473,12.762713512282815,52.41475738553987,0.5283762990196675,"i=88,j=81"
7474,12.762860428054562,52.414760166661935,0.18010356833759966,"i=88,j=82"
7475,12.76300734385028,52.41476294760158,0.1878243543488347,"i=88,j=83"
7476,12.750817987059577,52.41444167487176,0.903812659105327,"i=89,j=0"
7477,12.750964900586338,52.41444447076213,0.5812274000656942,"i=89,j=1"
7478,12.7511118141372,52.41444726647007,0.5615036909865002,"i=89,j=2"
7479,12.751258727712159,52.41445006199558,0.4444610789899074,"i=89,j=3"
7480,12.75140564131121,52.41445285733866,0.28331988161251676,"i=89,j=4"
7481,12.751552554934358,52.4144556524993,0.32247367908718816,"i=89,j=5"
7482,12.751699468581599,52.414458447477514,0.4218355443090268,"i=89,j=6"
7483,12.751846382252928,52.41446124227329,0.4407559826138683,"i=89,j=7"
7484,12.751993295948349,52.41446403688663,0.23714930813900537,"i=89,j=8"
7485,12.752140209667857,52.41446683131754,0.4089089106749332,"i=89,j=9"
7486,12.752287123411449,52.41446962556602,0.16169846361974838,"i=89,j=10"
7487,12.752434037179128,52.41447241963206,0.47278430642592206,"i=89,j=11"
7488,12.75258095097089,52.41447521351568,0.3521479697867911,"i=89,j=12"
7489,12.752727864786733,52.41447800721685,0.8415990284169295,"i=89,j=13"
7490,12.752874778626655,52.41448080073561,0.9042311804347775,"i=89,j=14"
7491,12.753021692490655,52.41448359407192,0.9970297321740879,"i=89,j=15"
7492,12.753168606378733,52.41448638722579,0.09360191996047895,"i=89,j=16"
7493,12.753315520290887,52.41448918019724,0.2230531512230639,"i=89,j=17"
7494,12.753462434227112,52.414491972986255,0.3285962915829489,"i=89,j=18"
7495,12.75360934818741,52.41449476559283,0.5815433884798722,"i=89,j=19"
7496,12.753756262171779,52.41449755801696,0.6078511956203275,"i=89,j=20"
7497,12.753903176180216,52.41450035025869,0.3096073273128874,"i=89,j=21"
7498,12.75405009021272,52.41450314231797,0.027348539835985286,"i=89,j=22"
7499,12.754197004269292,52.4145059341948,0.3985404738908388,"i=89,j=23"
7500,12.754343918349926,52.414508725889206,0.2327702843354157,"i=89,j=24"
7501,12.754490832454621,52.414511517401195,0.785294582170142,"i=89,j=25"
7502,12.75463774658338,52.41451430873072,0.5482206452984622,"i=89,j=26"
7503,12.754784660736199,52.414517099877834,0.683229435582379,"i=89,j=27"
7504,12.754931574913074,52.4145198908425,0.30837319662820106,"i=89,j=28"
7505,12.755078489114007,52.41452268162473,0.028092538077401086,"i=89,j=29"
7506,12.755225403338992,52.41452547222455,0.5733688037821619,"i=89,j=30"
7507,12.755372317588034,52.4145282626419,0.7563934480391568,"i=89,j=31"
7508,12.755519231861125,52.41453105287684,0.39649792071694523,"i=89,j=32"
7509,12.755666146158267,52.41453384292934,0.40394591970165716,"i=89,j=33"
7510,12.755813060479456,52.4145366327994,0.4774515136168743,"i=89,j=34"
7511,12.755959974824693,52.41453942248703,0.32653680706086785,"i=89,j=35"
7512,12.756106889193976,52.41454221199223,0.44172708429718943,"i=89,j=36"
7513,12.756253803587303,52.414545001314984,0.7200718374544091,"i=89,j=37"
7514,12.75640071800467,52.41454779045531,0.7883678096207419,"i=89,j=38"
7515,12.756547632446079,52.4145505794132,0.6156837476565935,"i=89,j=39"
7516,12.756694546911529,52.41455336818865,0.830086017967631,"i=89,j=40"
7517,12.756841461401013,52.414556156781664,0.14695904824926953,"i=89,j=41"
7518,12.756988375914535,52.414558945192255,0.08256144160043744,"i=89,j=42"
7519,12.757135290452092,52.414561733420406,0.913203779063842,"i=89,j=43"
7520,12.75728220501368,52.41456452146612,0.608193027445983,"i=89,j=44"
7521,12.7574291195993,52.41456730932939,0.4396869658327546,"i=89,j=45"
7522,12.75757603420895,52.41457009701023,0.4455657259272682,"i=89,j=46"
7523,12.757722948842629,52.41457288450864,0.8989664482329697,"i=89,j=47"
7524,12.757869863500332,52.41457567182461,0.3843045772516881,"i=89,j=48"
7525,12.75801677818206,52.41457845895815,0.6711396609570525,"i=89,j=49"
7526,12.758163692887814,52.41458124590923,0.8768190872948078,"i=89,j=50"
7527,12.758310607617588,52.4145840326779,0.20774832816731992,"i=89,j=51"
7528,12.758457522371385,52.41458681926413,0.8894462960601349,"i=89,j=52"
7529,12.758604437149197,52.41458960566792,0.7929657843698567,"i=89,j=53"
7530,12.75875135195103,52.41459239188927,0.4772772063220144,"i=89,j=54"
7531,12.758898266776875,52.414595177928206,0.028494497424488507,"i=89,j=55"
7532,12.759045181626735,52.414597963784686,0.4456237017609255,"i=89,j=56"
7533,12.759192096500609,52.41460074945873,0.3411626605891831,"i=89,j=57"
7534,12.759339011398492,52.41460353495033,0.11953594644267374,"i=89,j=58"
7535,12.759485926320385,52.41460632025951,0.08307247510815174,"i=89,j=59"
7536,12.759632841266287,52.41460910538625,0.8527367893440153,"i=89,j=60"
7537,12.759779756236192,52.41461189033054,0.32987125772409176,"i=89,j=61"
7538,12.759926671230104,52.4146146750924,0.5435927381303928,"i=89,j=62"
7539,12.760073586248017,52.41461745967183,0.39497156329518346,"i=89,j=63"
7540,12.760220501289934,52.41462024406883,0.6458503222569686,"i=89,j=64"
7541,12.760367416355852,52.41462302828337,0.06093459707635762,"i=89,j=65"
7542,12.760514331445766,52.41462581231549,0.49958727566363303,"i=89,j=66"
7543,12.760661246559676,52.41462859616516,0.0643518742597522,"i=89,j=67"
7544,12.760808161697584,52.414631379832414,0.3454681639903694,"i=89,j=68"
7545,12.760955076859483,52.41463416331722,0.10581418697199885,"i=89,j=69"
7546,12.761101992045376,52.41463694661958,0.2337596619720408,"i=89,j=70"
7547,12.761248907255258,52.41463972973952,0.5239304894953787,"i=89,j=71"
7548,12.76139582248913,52.41464251267701,0.9413147030910489,"i=89,j=72"
7549,12.761542737746987,52.41464529543207,0.7245799403993836,"i=89,j=73"
7550,12.761689653028832,52.41464807800469,0.18751207640885537,"i=89,j=74"
7551,12.761836568334662,52.41465086039486,0.35809286280497776,"i=89,j=75"
7552,12.761983483664473,52.41465364260261,0.393481794020915,"i=89,j=76"
7553,12.762130399018265,52.414656424627914,0.2601115273563117,"i=89,j=77"
7554,12.762277314396039,52.41465920647079,0.5404992188577524,"i=89,j=78"
7555,12.762424229797789,52.41466198813121,0.8250572260046695,"i=89,j=79"
7556,12.762571145223514,52.4146647696092,0.17711475560352086,"i=89,j=80"
7557,12.762718060673217,52.41466755090475,0.5660520786402164,"i=89,j=81"
7558,12.76286497614689,52.41467033201788,0.9347057881373788,"i=89,j=82"
7559,12.763011891644537,52.414673112948556,0.8817254277222873,"i=89,j=83"
7560,12.75082255956911,52.41435184096311,0.17670872073135968,"i=90,j=0"
7561,12.750969472797816,52.41435463684446,0.5735779607066449,"i=90,j=1"
7562,12.751116386050619,52.41435743254339,0.6493416053184425,"i=90,j=2"
7563,12.751263299327523,52.414360228059884,0.8060453193309178,"i=90,j=3"
7564,12.75141021262852,52.41436302339395,0.675777972981729,"i=90,j=4"
7565,12.751557125953608,52.4143658185456,0.5144544707945508,"i=90,j=5"
7566,12.751704039302792,52.41436861351479,0.9180039722545762,"i=90,j=6"
7567,12.751850952676065,52.41437140830156,0.5964909968269291,"i=90,j=7"
7568,12.751997866073427,52.41437420290589,0.8469279017954977,"i=90,j=8"
7569,12.752144779494877,52.4143769973278,0.6284145419698964,"i=90,j=9"
7570,12.752291692940412,52.41437979156727,0.49897621142004644,"i=90,j=10"
7571,12.752438606410033,52.41438258562431,0.0995649799467262,"i=90,j=11"
7572,12.752585519903736,52.414385379498924,0.4470601709985944,"i=90,j=12"
7573,12.75273243342152,52.414388173191085,0.9351916138972746,"i=90,j=13"
7574,12.752879346963386,52.41439096670082,0.607973307367738,"i=90,j=14"
7575,12.753026260529328,52.41439376002813,0.08409679226971789,"i=90,j=15"
7576,12.753173174119347,52.414396553173006,0.9262702038523175,"i=90,j=16"
7577,12.753320087733439,52.414399346135454,0.09355688213377866,"i=90,j=17"
7578,12.753467001371606,52.41440213891546,0.2953515067817519,"i=90,j=18"
7579,12.753613915033846,52.41440493151303,0.6290815457803355,"i=90,j=19"
7580,12.753760828720154,52.41440772392818,0.29326975502582153,"i=90,j=20"
7581,12.753907742430531,52.414410516160885,0.046501439775755826,"i=90,j=21"
7582,12.754054656164978,52.41441330821117,0.36669151351538243,"i=90,j=22"
7583,12.754201569923488,52.41441610007901,0.5120565425444645,"i=90,j=23"
7584,12.754348483706062,52.41441889176441,0.7410801830590346,"i=90,j=24"
7585,12.754495397512699,52.4144216832674,0.6921280611797098,"i=90,j=25"
7586,12.754642311343396,52.414424474587925,0.5444590498024419,"i=90,j=26"
7587,12.754789225198152,52.41442726572605,0.20471517156822927,"i=90,j=27"
7588,12.75493613907697,52.41443005668172,0.006915729991946784,"i=90,j=28"
7589,12.755083052979838,52.414432847454954,0.004573683603989354,"i=90,j=29"
7590,12.755229966906764,52.414435638045774,0.4266116317961217,"i=90,j=30"
7591,12.755376880857742,52.41443842845415,0.21780270267113233,"i=90,j=31"
7592,12.755523794832774,52.41444121868008,0.3284567872023565,"i=90,j=32"
7593,12.755670708831852,52.41444400872358,0.9699541430857536,"i=90,j=33"
7594,12.755817622854982,52.41444679858465,0.7492293704059051,"i=90,j=34"
7595,12.755964536902155,52.414449588263295,0.6325902726475781,"i=90,j=35"
7596,12.756111450973377,52.41445237775949,0.8485935790855731,"i=90,j=36"
7597,12.75625836506864,52.41445516707327,0.5544544645514665,"i=90,j=37"
7598,12.756405279187945,52.41445795620461,0.8516265013948635,"i=90,j=38"
7599,12.756552193331292,52.4144607451535,0.8597083004325993,"i=90,j=39"
7600,12.756699107498676,52.414463533919964,0.3638489974800818,"i=90,j=40"
7601,12.756846021690102,52.41446632250399,0.7412069479222895,"i=90,j=41"
7602,12.756992935905558,52.41446911090558,0.18050173108839473,"i=90,j=42"
7603,12.757139850145052,52.41447189912475,0.1533807382618042,"i=90,j=43"
7604,12.757286764408576,52.41447468716147,0.9381636236708972,"i=90,j=44"
7605,12.757433678696135,52.41447747501576,0.7877221203166247,"i=90,j=45"
7606,12.757580593007718,52.41448026268762,0.9873474200426792,"i=90,j=46"
7607,12.757727507343333,52.41448305017703,0.3847647819408979,"i=90,j=47"
7608,12.757874421702972,52.41448583748402,0.07255279095807621,"i=90,j=48"
7609,12.758021336086637,52.41448862460857,0.48256403799481007,"i=90,j=49"
7610,12.758168250494325,52.414491411550685,0.12895237431685347,"i=90,j=50"
7611,12.758315164926037,52.414494198310365,0.0016553481953769378,"i=90,j=51"
7612,12.758462079381767,52.414496984887606,0.288550630258832,"i=90,j=52"
7613,12.758608993861516,52.41449977128242,0.9372727440897763,"i=90,j=53"
7614,12.75875590836528,52.41450255749479,0.18497076946282176,"i=90,j=54"
7615,12.758902822893061,52.41450534352472,0.9938238838363281,"i=90,j=55"
7616,12.759049737444856,52.41450812937224,0.6248289259557477,"i=90,j=56"
7617,12.759196652020664,52.4145109150373,0.29031960739475815,"i=90,j=57"
7618,12.759343566620482,52.41451370051993,0.9362282457032481,"i=90,j=58"
7619,12.75949048124431,52.41451648582012,0.3801530931583956,"i=90,j=59"
7620,12.759637395892144,52.41451927093788,0.8189590731972518,"i=90,j=60"
7621,12.759784310563985,52.414522055873206,0.7143249076796878,"i=90,j=61"
7622,12.75993122525983,52.41452484062609,0.7561608522240096,"i=90,j=62"
7623,12.760078139979676,52.41452762519654,0.7707480259606124,"i=90,j=63"
7624,12.760225054723525,52.41453040958456,0.20047533286346142,"i=90,j=64"
7625,12.760371969491375,52.41453319379014,0.41016147481188514,"i=90,j=65"
7626,12.760518884283222,52.41453597781328,0.8902534227931889,"i=90,j=66"
7627,12.760665799099066,52.414538761653986,0.011133769220053491,"i=90,j=67"
7628,12.760812713938906,52.414541545312254,0.21753965245194162,"i=90,j=68"
7629,12.760959628802736,52.41454432878808,0.3181097063564554,"i=90,j=69"
7630,12.76110654369056,52.41454711208148,0.8143940062223929,"i=90,j=70"
7631,12.761253458602376,52.41454989519244,0.8965315811642627,"i=90,j=71"
7632,12.761400373538178,52.414552678120955,0.8053701839169114,"i=90,j=72"
7633,12.761547288497969,52.41455546086705,0.6123421529548847,"i=90,j=73"
7634,12.761694203481746,52.4145582434307,0.5245306902208909,"i=90,j=74"
7635,12.761841118489505,52.414561025811906,0.055420957403295446,"i=90,j=75"
7636,12.761988033521247,52.41456380801069,0.6650326421951362,"i=90,j=76"
7637,12.762134948576971,52.41456659002702,0.303386789089615,"i=90,j=77"
7638,12.762281863656675,52.41456937186092,0.053246319245449536,"i=90,j=78"
7639,12.762428778760356,52.414572153512395,0.14478193295703456,"i=90,j=79"
7640,12.76257569388801,52.41457493498142,0.6599550864234792,"i=90,j=80"
7641,12.762722609039644,52.414577716268,0.2124487441579287,"i=90,j=81"
7642,12.76286952421525,52.41458049737216,0.07144282979971373,"i=90,j=82"
7643,12.763016439414825,52.41458327829386,0.721362059723098,"i=90,j=83"
7644,12.750827132054543,52.41426200705279,0.8253318100013783,"i=91,j=0"
7645,12.750974044985195,52.41426480292514,0.3486650292682095,"i=91,j=1"
7646,12.751120957939944,52.41426759861505,0.7718473522854647,"i=91,j=2"
7647,12.751267870918792,52.41427039412254,0.2465760131136746,"i=91,j=3"
7648,12.751414783921732,52.41427318944759,0.12678486339505657,"i=91,j=4"
7649,12.751561696948766,52.41427598459022,0.7551496542421984,"i=91,j=5"
7650,12.751708609999895,52.414278779550415,0.012251327532918244,"i=91,j=6"
7651,12.751855523075111,52.41428157432817,0.458588915046093,"i=91,j=7"
7652,12.752002436174418,52.414284368923504,0.8581598084214468,"i=91,j=8"
7653,12.752149349297813,52.41428716333639,0.4621443080828619,"i=91,j=9"
7654,12.752296262445292,52.41428995756686,0.7386608047203754,"i=91,j=10"
7655,12.752443175616856,52.414292751614894,0.4224885715964747,"i=91,j=11"
7656,12.752590088812502,52.41429554548049,0.2697939620015368,"i=91,j=12"
7657,12.75273700203223,52.41429833916366,0.6806555599734159,"i=91,j=13"
7658,12.752883915276037,52.4143011326644,0.20097271685887008,"i=91,j=14"
7659,12.753030828543922,52.4143039259827,0.29741589165350746,"i=91,j=15"
7660,12.753177741835882,52.414306719118564,0.4172710417839308,"i=91,j=16"
7661,12.75332465515192,52.414309512072016,0.2006672956813048,"i=91,j=17"
7662,12.75347156849203,52.41431230484301,0.4545610668469844,"i=91,j=18"
7663,12.75361848185621,52.41431509743159,0.919116369500692,"i=91,j=19"
7664,12.753765395244463,52.41431788983773,0.3365805457687865,"i=91,j=20"
7665,12.753912308656782,52.414320682061444,0.1514212070329829,"i=91,j=21"
7666,12.754059222093167,52.414323474102716,0.7611913350749973,"i=91,j=22"
7667,12.75420613555362,52.41432626596156,0.9185820084640857,"i=91,j=23"
7668,12.754353049038135,52.41432905763797,0.596599838293034,"i=91,j=24"
7669,12.754499962546713,52.41433184913195,0.5042775413894287,"i=91,j=25"
7670,12.754646876079352,52.41433464044349,0.028098084251945266,"i=91,j=26"
7671,12.75479378963605,52.414337431572605,0.8364415168548228,"i=91,j=27"
7672,12.754940703216805,52.41434022251928,0.48584393052261166,"i=91,j=28"
7673,12.755087616821617,52.41434301328352,0.17888594495568266,"i=91,j=29"
7674,12.755234530450483,52.41434580386533,0.10848576321058567,"i=91,j=30"
7675,12.755381444103401,52.41434859426471,0.569278807594414,"i=91,j=31"
7676,12.755528357780372,52.414351384481655,0.515200459043183,"i=91,j=32"
7677,12.755675271481392,52.41435417451617,0.6486563548476945,"i=91,j=33"
7678,12.75582218520646,52.41435696436825,0.6890383492127404,"i=91,j=34"
7679,12.755969098955575,52.41435975403789,0.7711631034849233,"i=91,j=35"
7680,12.756116012728734,52.41436254352511,0.2713333018796331,"i=91,j=36"
7681,12.756262926525936,52.414365332829874,0.32697053834151557,"i=91,j=37"
7682,12.756409840347182,52.41436812195222,0.9895870356034695,"i=91,j=38"
7683,12.756556754192466,52.414370910892124,0.7200229238853109,"i=91,j=39"
7684,12.75670366806179,52.414373699649616,0.4355430181344768,"i=91,j=40"
7685,12.756850581955153,52.41437648822465,0.1966315717924969,"i=91,j=41"
7686,12.756997495872548,52.41437927661726,0.18847925534219845,"i=91,j=42"
7687,12.75714440981398,52.41438206482743,0.3255491857596343,"i=91,j=43"
7688,12.757291323779443,52.41438485285517,0.2564572581962511,"i=91,j=44"
7689,12.757438237768937,52.41438764070047,0.6668143800878137,"i=91,j=45"
7690,12.757585151782461,52.41439042836334,0.9812470192884409,"i=91,j=46"
7691,12.757732065820013,52.41439321584377,0.18223556193939328,"i=91,j=47"
7692,12.757878979881589,52.41439600314177,0.28468653731284155,"i=91,j=48"
7693,12.758025893967192,52.41439879025734,0.2300744572976844,"i=91,j=49"
7694,12.758172808076816,52.41440157719047,0.28204987110345114,"i=91,j=50"
7695,12.758319722210466,52.41440436394117,0.5439561739648979,"i=91,j=51"
7696,12.758466636368132,52.414407150509426,0.09248290672647275,"i=91,j=52"
7697,12.758613550549816,52.41440993689526,0.3896361318060295,"i=91,j=53"
7698,12.758760464755518,52.41441272309866,0.776160040542806,"i=91,j=54"
7699,12.758907378985235,52.41441550911961,0.19785928851198742,"i=91,j=55"
7700,12.759054293238966,52.41441829495813,0.043423401493601466,"i=91,j=56"
7701,12.759201207516709,52.41442108061422,0.6061777166662257,"i=91,j=57"
7702,12.759348121818462,52.414423866087866,0.23524807071780063,"i=91,j=58"
7703,12.759495036144225,52.41442665137909,0.26096271103294677,"i=91,j=59"
7704,12.759641950493995,52.414429436487865,0.4517717274982388,"i=91,j=60"
7705,12.75978886486777,52.4144322214142,0.761393248948055,"i=91,j=61"
7706,12.759935779265552,52.41443500615812,0.4097414760335205,"i=91,j=62"
7707,12.760082693687332,52.414437790719596,0.6481356307333982,"i=91,j=63"
7708,12.760229608133118,52.41444057509863,0.26404148792780513,"i=91,j=64"
7709,12.7603765226029,52.41444335929524,0.24013666894612562,"i=91,j=65"
7710,12.760523437096682,52.414446143309405,0.8192976744966931,"i=91,j=66"
7711,12.760670351614461,52.41444892714113,0.6258322136711421,"i=91,j=67"
7712,12.760817266156232,52.41445171079043,0.6129755292138773,"i=91,j=68"
7713,12.760964180722,52.41445449425729,0.7550163537306126,"i=91,j=69"
7714,12.761111095311758,52.414457277541715,0.7126353177665093,"i=91,j=70"
7715,12.761258009925504,52.41446006064371,0.20705898142938783,"i=91,j=71"
7716,12.761404924563243,52.41446284356326,0.9458712039209949,"i=91,j=72"
7717,12.761551839224964,52.41446562630037,0.24821664321231074,"i=91,j=73"
7718,12.761698753910673,52.41446840885506,0.26705926861115503,"i=91,j=74"
7719,12.761845668620365,52.41447119122729,0.7850768797433421,"i=91,j=75"
7720,12.761992583354042,52.414473973417095,0.3461348496511947,"i=91,j=76"
7721,12.762139498111697,52.41447675542447,0.4814046176009855,"i=91,j=77"
7722,12.762286412893333,52.414479537249406,0.09146278592729506,"i=91,j=78"
7723,12.762433327698945,52.414482318891906,0.15777626785755938,"i=91,j=79"
7724,12.762580242528534,52.41448510035197,0.6366291178364071,"i=91,j=80"
7725,12.762727157382098,52.41448788162958,0.8383224201598176,"i=91,j=81"
7726,12.762874072259635,52.41449066272477,0.201503652660029,"i=91,j=82"
7727,12.763020987161143,52.414493443637525,0.05112758678620066,"i=91,j=83"
7728,12.750831704515877,52.41417217314081,0.7677652583409011,"i=92,j=0"
7729,12.750978617148474,52.414174969004165,0.31391405270114625,"i=92,j=1"
7730,12.751125529805172,52.41417776468506,0.29174742537358744,"i=92,j=2"
7731,12.751272442485964,52.414180560183524,0.499541814966448,"i=92,j=3"
7732,12.751419355190853,52.414183355499574,0.14483272002831238,"i=92,j=4"
7733,12.751566267919832,52.4141861506332,0.322093703316346,"i=92,j=5"
7734,12.751713180672908,52.41418894558437,0.23012277611452936,"i=92,j=6"
7735,12.75186009345007,52.41419174035313,0.9226375781733738,"i=92,j=7"
7736,12.752007006251322,52.41419453493945,0.867812265890153,"i=92,j=8"
7737,12.752153919076662,52.41419732934334,0.9475557653884651,"i=92,j=9"
7738,12.752300831926087,52.41420012356479,0.6043166107967318,"i=92,j=10"
7739,12.752447744799595,52.414202917603816,0.25373434206060363,"i=92,j=11"
7740,12.752594657697188,52.41420571146042,0.11249420074532879,"i=92,j=12"
7741,12.752741570618861,52.414208505134575,0.8472690673633134,"i=92,j=13"
7742,12.752888483564611,52.4142112986263,0.869119418965976,"i=92,j=14"
7743,12.753035396534441,52.414214091935605,0.2940545647881323,"i=92,j=15"
7744,12.753182309528345,52.41421688506248,0.0882459216102861,"i=92,j=16"
7745,12.753329222546327,52.41421967800691,0.7886551577651718,"i=92,j=17"
7746,12.75347613558838,52.41422247076892,0.08226279949815551,"i=92,j=18"
7747,12.753623048654505,52.41422526334849,0.3879230352877021,"i=92,j=19"
7748,12.7537699617447,52.41422805574563,0.5372197366152354,"i=92,j=20"
7749,12.753916874858962,52.41423084796033,0.7537439107677023,"i=92,j=21"
7750,12.754063787997294,52.41423363999262,0.649807397532266,"i=92,j=22"
7751,12.754210701159689,52.414236431842454,0.806139869028704,"i=92,j=23"
7752,12.754357614346146,52.41423922350986,0.8577352275312577,"i=92,j=24"
7753,12.754504527556668,52.41424201499485,0.6845895604356289,"i=92,j=25"
7754,12.75465144079125,52.41424480629739,0.43812315488650455,"i=92,j=26"
7755,12.754798354049889,52.41424759741751,0.8574390208367677,"i=92,j=27"
7756,12.754945267332587,52.41425038835518,0.08118454848828727,"i=92,j=28"
7757,12.755092180639343,52.41425317911044,0.3521212629062067,"i=92,j=29"
7758,12.755239093970149,52.414255969683246,0.9251565270753044,"i=92,j=30"
7759,12.75538600732501,52.414258760073636,0.8619068248462757,"i=92,j=31"
7760,12.755532920703923,52.41426155028159,0.4783055260790847,"i=92,j=32"
7761,12.755679834106882,52.414264340307106,0.7788236088471616,"i=92,j=33"
7762,12.755826747533892,52.41426713015019,0.1940689174255975,"i=92,j=34"
7763,12.755973660984946,52.41426991981084,0.5203153499857032,"i=92,j=35"
7764,12.756120574460047,52.41427270928906,0.6019751162081437,"i=92,j=36"
7765,12.75626748795919,52.41427549858484,0.7311060685805651,"i=92,j=37"
7766,12.756414401482376,52.4142782876982,0.09223158551946553,"i=92,j=38"
7767,12.756561315029604,52.414281076629116,0.33005234839010256,"i=92,j=39"
7768,12.756708228600866,52.414283865377605,0.7792449155207258,"i=92,j=40"
7769,12.756855142196168,52.414286653943655,0.6248298396660843,"i=92,j=41"
7770,12.757002055815505,52.414289442327274,0.440905922945074,"i=92,j=42"
7771,12.757148969458875,52.41429223052846,0.8977238962345541,"i=92,j=43"
7772,12.757295883126279,52.41429501854721,0.3659309078480417,"i=92,j=44"
7773,12.757442796817712,52.41429780638352,0.8680265539553268,"i=92,j=45"
7774,12.757589710533175,52.41430059403741,0.2622984273955955,"i=92,j=46"
7775,12.757736624272665,52.41430338150886,0.4643649766080563,"i=92,j=47"
7776,12.75788353803618,52.41430616879787,0.04864912266813026,"i=92,j=48"
7777,12.758030451823723,52.41430895590446,0.2217453999405169,"i=92,j=49"
7778,12.758177365635287,52.41431174282861,0.09223691480754315,"i=92,j=50"
7779,12.758324279470873,52.41431452957032,0.133789675738193,"i=92,j=51"
7780,12.758471193330477,52.4143173161296,0.7102604530613899,"i=92,j=52"
7781,12.7586181072141,52.414320102506444,0.31344516479832907,"i=92,j=53"
7782,12.75876502112174,52.41432288870086,0.6552631354175819,"i=92,j=54"
7783,12.758911935053394,52.414325674712835,0.04738064709958223,"i=92,j=55"
7784,12.759058849009064,52.41432846054238,0.3817809435430236,"i=92,j=56"
7785,12.759205762988744,52.41433124618948,0.9493616093757947,"i=92,j=57"
7786,12.759352676992433,52.41433403165415,0.23148002003684975,"i=92,j=58"
7787,12.759499591020136,52.4143368169364,0.5044957425638809,"i=92,j=59"
7788,12.75964650507184,52.41433960203619,0.3561722226425067,"i=92,j=60"
7789,12.759793419147554,52.41434238695356,0.18543959900332996,"i=92,j=61"
7790,12.75994033324727,52.4143451716885,0.6545402987180684,"i=92,j=62"
7791,12.76008724737099,52.414347956240995,0.16338365168930047,"i=92,j=63"
7792,12.760234161518708,52.41435074061106,0.5675619886245329,"i=92,j=64"
7793,12.760381075690429,52.41435352479869,0.649747663102912,"i=92,j=65"
7794,12.760527989886146,52.41435630880388,0.5740764575396209,"i=92,j=66"
7795,12.76067490410586,52.41435909262665,0.9701023347410591,"i=92,j=67"
7796,12.760821818349568,52.414361876266966,0.3811689598153136,"i=92,j=68"
7797,12.76096873261727,52.41436465972485,0.8108278446977478,"i=92,j=69"
7798,12.761115646908962,52.4143674430003,0.9018661484681736,"i=92,j=70"
7799,12.761262561224646,52.41437022609332,0.6543961468811561,"i=92,j=71"
7800,12.761409475564315,52.41437300900391,0.7742432148346675,"i=92,j=72"
7801,12.761556389927975,52.41437579173205,0.29217591589158054,"i=92,j=73"
7802,12.761703304315619,52.414378574277755,0.6368686662037907,"i=92,j=74"
7803,12.761850218727245,52.41438135664103,0.30012101660704693,"i=92,j=75"
7804,12.761997133162856,52.41438413882187,0.7658496804973743,"i=92,j=76"
7805,12.762144047622444,52.41438692082026,0.10526466184083083,"i=92,j=77"
7806,12.762290962106015,52.414389702636235,0.9815399299264957,"i=92,j=78"
7807,12.76243787661356,52.41439248426977,0.5080781783469388,"i=92,j=79"
7808,12.762584791145082,52.41439526572086,0.32345253420832853,"i=92,j=80"
7809,12.762731705700581,52.414398046989525,0.654975574865865,"i=92,j=81"
7810,12.762878620280048,52.41440082807575,0.8984808874117133,"i=92,j=82"
7811,12.763025534883491,52.41440360897952,0.9393436332312288,"i=92,j=83"
7812,12.75083627695311,52.4140823392272,0.11706008238370491,"i=93,j=0"
7813,12.750983189287656,52.414085135081535,0.8160833473207855,"i=93,j=1"
7814,12.7511301016463,52.414087930753425,0.7190001543933182,"i=93,j=2"
7815,12.751277014029043,52.41409072624289,0.475562622476123,"i=93,j=3"
7816,12.751423926435878,52.414093521549916,0.6496071449534279,"i=93,j=4"
7817,12.751570838866808,52.414096316674524,0.2857564264625809,"i=93,j=5"
7818,12.751717751321829,52.41409911161669,0.37893454236404256,"i=93,j=6"
7819,12.751864663800939,52.41410190637643,0.8654746097172036,"i=93,j=7"
7820,12.752011576304138,52.41410470095375,0.09939417726020494,"i=93,j=8"
7821,12.752158488831425,52.41410749534863,0.46212278215326164,"i=93,j=9"
7822,12.752305401382797,52.41411028956107,0.4577260410611945,"i=93,j=10"
7823,12.752452313958251,52.4141130835911,0.41464855186668204,"i=93,j=11"
7824,12.75259922655779,52.41411587743869,0.9440882891902873,"i=93,j=12"
7825,12.752746139181408,52.414118671103836,0.1406007209403397,"i=93,j=13"
7826,12.752893051829108,52.414121464586565,0.17487660001251049,"i=93,j=14"
7827,12.753039964500882,52.41412425788687,0.5254680031659639,"i=93,j=15"
7828,12.753186877196734,52.41412705100473,0.4962220882773217,"i=93,j=16"
7829,12.753333789916661,52.41412984394016,0.8286185318219075,"i=93,j=17"
7830,12.753480702660658,52.41413263669317,0.019106166768261157,"i=93,j=18"
7831,12.75362761542873,52.41413542926374,0.6996275065525651,"i=93,j=19"
7832,12.75377452822087,52.41413822165187,0.8759190553449926,"i=93,j=20"
7833,12.753921441037077,52.41414101385758,0.1764493195259751,"i=93,j=21"
7834,12.754068353877352,52.41414380588086,0.06371834839017476,"i=93,j=22"
7835,12.754215266741692,52.414146597721704,0.6502977659177868,"i=93,j=23"
7836,12.754362179630096,52.414149389380114,0.013990571992929413,"i=93,j=24"
7837,12.75450909254256,52.4141521808561,0.669062199908709,"i=93,j=25"
7838,12.754656005479086,52.41415497214965,0.8044029245450492,"i=93,j=26"
7839,12.75480291843967,52.41415776326076,0.22206700470085128,"i=93,j=27"
7840,12.754949831424314,52.41416055418944,0.08489325666513825,"i=93,j=28"
7841,12.755096744433011,52.4141633449357,0.7105087552613302,"i=93,j=29"
7842,12.755243657465762,52.41416613549952,0.30123354070557695,"i=93,j=30"
7843,12.755390570522566,52.41416892588091,0.7442837776183745,"i=93,j=31"
7844,12.755537483603419,52.41417171607987,0.610044476812061,"i=93,j=32"
7845,12.755684396708325,52.41417450609638,0.8802941016348709,"i=93,j=33"
7846,12.755831309837276,52.41417729593048,0.003118790270694949,"i=93,j=34"
7847,12.755978222990274,52.41418008558213,0.45052504778967395,"i=93,j=35"
7848,12.756125136167318,52.41418287505137,0.5734146702538105,"i=93,j=36"
7849,12.756272049368404,52.41418566433818,0.7787012125637051,"i=93,j=37"
7850,12.756418962593532,52.41418845344253,0.23537269131127725,"i=93,j=38"
7851,12.756565875842698,52.41419124236445,0.6743124878644002,"i=93,j=39"
7852,12.756712789115905,52.41419403110395,0.9430139455716308,"i=93,j=40"
7853,12.756859702413148,52.414196819661015,0.04609748606296615,"i=93,j=41"
7854,12.757006615734426,52.414199608035645,0.9233065007518558,"i=93,j=42"
7855,12.757153529079739,52.41420239622784,0.08563328462126207,"i=93,j=43"
7856,12.757300442449083,52.4142051842376,0.12271732853057682,"i=93,j=44"
7857,12.757447355842457,52.41420797206494,0.868174634929881,"i=93,j=45"
7858,12.75759426925986,52.41421075970984,0.6736086699741267,"i=93,j=46"
7859,12.757741182701292,52.414213547172295,0.26131048456453776,"i=93,j=47"
7860,12.757888096166749,52.414216334452334,0.6687986949092517,"i=93,j=48"
7861,12.75803500965623,52.41421912154993,0.6498767384500107,"i=93,j=49"
7862,12.758181923169733,52.414221908465095,0.46431140994262043,"i=93,j=50"
7863,12.75832883670726,52.414224695197824,0.8712708030156667,"i=93,j=51"
7864,12.758475750268804,52.41422748174812,0.5960970680473302,"i=93,j=52"
7865,12.758622663854368,52.41423026811598,0.7401350595851782,"i=93,j=53"
7866,12.758769577463948,52.41423305430141,0.34693155154691446,"i=93,j=54"
7867,12.75891649109754,52.41423584030441,0.0905564078840625,"i=93,j=55"
7868,12.759063404755148,52.41423862612497,0.22285970038207714,"i=93,j=56"
7869,12.759210318436766,52.4142414117631,0.028834778847170894,"i=93,j=57"
7870,12.759357232142397,52.4142441972188,0.42580546461187885,"i=93,j=58"
7871,12.759504145872036,52.41424698249205,0.2368753736358189,"i=93,j=59"
7872,12.75965105962568,52.414249767582874,0.9255915640962328,"i=93,j=60"
7873,12.759797973403332,52.41425255249127,0.1420620360006779,"i=93,j=61"
7874,12.759944887204988,52.414255337217234,0.24691991208497088,"i=93,j=62"
7875,12.760091801030644,52.41425812176075,0.06902436404819878,"i=93,j=63"
7876,12.7602387148803,52.41426090612183,0.7185969242030191,"i=93,j=64"
7877,12.760385628753959,52.414263690300494,0.5764017996060774,"i=93,j=65"
7878,12.760532542651614,52.41426647429671,0.09586388821751712,"i=93,j=66"
7879,12.760679456573264,52.4142692581105,0.9567658604208346,"i=93,j=67"
7880,12.76082637051891,52.414272041741846,0.506467686210879,"i=93,j=68"
7881,12.760973284488548,52.414274825190766,0.4086975795807125,"i=93,j=69"
7882,12.761120198482176,52.41427760845725,0.18919505981079932,"i=93,j=70"
7883,12.761267112499798,52.41428039154129,0.08486816533535246,"i=93,j=71"
7884,12.761414026541406,52.4142831744429,0.275027643584588,"i=93,j=72"
7885,12.761560940607,52.41428595716207,0.2429360159095506,"i=93,j=73"
7886,12.76170785469658,52.41428873969881,0.769807600094955,"i=93,j=74"
7887,12.761854768810142,52.41429152205311,0.882462050765516,"i=93,j=75"
7888,12.762001682947687,52.41429430422499,0.314788477419886,"i=93,j=76"
7889,12.762148597109212,52.414297086214425,0.5956633684923354,"i=93,j=77"
7890,12.762295511294719,52.41429986802142,0.0036560563078428254,"i=93,j=78"
7891,12.762442425504199,52.41430264964599,0.12018433508673809,"i=93,j=79"
7892,12.762589339737657,52.41430543108812,0.2696353941578087,"i=93,j=80"
7893,12.762736253995088,52.414308212347805,0.297760079186963,"i=93,j=81"
7894,12.762883168276494,52.41431099342506,0.5272527305302688,"i=93,j=82"
7895,12.763030082581869,52.414313774319886,0.00782769947461226,"i=93,j=83"
7896,12.750840849366245,52.413992505311924,0.04289992701603362,"i=94,j=0"
7897,12.750987761402742,52.413995301157236,0.25963122607299494,"i=94,j=1"
7898,12.751134673463335,52.413998096820116,0.5575469637576496,"i=94,j=2"
7899,12.751281585548027,52.41400089230057,0.8025168012691136,"i=94,j=3"
7900,12.75142849765681,52.41400368759861,0.2113210693828368,"i=94,j=4"
7901,12.75157540978969,52.414006482714186,0.6916357441855545,"i=94,j=5"
7902,12.75172232194666,52.414009277647345,0.17811697238272062,"i=94,j=6"
7903,12.75186923412772,52.41401207239809,0.5030945098324685,"i=94,j=7"
7904,12.752016146332867,52.41401486696638,0.7275145823397061,"i=94,j=8"
7905,12.752163058562104,52.41401766135226,0.8166803165266314,"i=94,j=9"
7906,12.752309970815423,52.41402045555571,0.9723289408299487,"i=94,j=10"
7907,12.752456883092828,52.414023249576715,0.23439317095636203,"i=94,j=11"
7908,12.752603795394313,52.414026043415305,0.6071875389975873,"i=94,j=12"
7909,12.75275070771988,52.414028837071456,0.22358665135298883,"i=94,j=13"
7910,12.752897620069525,52.414031630545175,0.9630788815929173,"i=94,j=14"
7911,12.75304453244325,52.41403442383647,0.04377288905935417,"i=94,j=15"
7912,12.753191444841047,52.41403721694533,0.31739549931020616,"i=94,j=16"
7913,12.75333835726292,52.41404000987176,0.20940888039230243,"i=94,j=17"
7914,12.753485269708868,52.414042802615754,0.9066168875674337,"i=94,j=18"
7915,12.753632182178885,52.41404559517733,0.2510432372997925,"i=94,j=19"
7916,12.753779094672971,52.41404838755646,0.018121163145275454,"i=94,j=20"
7917,12.753926007191126,52.41405117975317,0.5883020866651134,"i=94,j=21"
7918,12.754072919733346,52.414053971767444,0.7042856202308534,"i=94,j=22"
7919,12.754219832299635,52.4140567635993,0.7090353335063464,"i=94,j=23"
7920,12.754366744889984,52.414059555248706,0.5274206227392485,"i=94,j=24"
7921,12.754513657504393,52.41406234671569,0.8773504629341426,"i=94,j=25"
7922,12.754660570142866,52.41406513800024,0.04167457435838684,"i=94,j=26"
7923,12.754807482805395,52.414067929102366,0.7028485018359975,"i=94,j=27"
7924,12.754954395491982,52.41407072002205,0.08100774921880782,"i=94,j=28"
7925,12.755101308202626,52.4140735107593,0.46969734132440444,"i=94,j=29"
7926,12.755248220937323,52.414076301314125,0.5263165387369411,"i=94,j=30"
7927,12.755395133696071,52.414079091686524,0.03523041143022709,"i=94,j=31"
7928,12.75554204647887,52.41408188187649,0.08616191066865375,"i=94,j=32"
7929,12.75568895928572,52.41408467188402,0.36470752323327826,"i=94,j=33"
7930,12.755835872116617,52.41408746170912,0.6837937833413935,"i=94,j=34"
7931,12.755982784971557,52.41409025135179,0.8533985369754471,"i=94,j=35"
7932,12.756129697850545,52.41409304081202,0.5014868501573936,"i=94,j=36"
7933,12.756276610753575,52.41409583008982,0.2008908490076119,"i=94,j=37"
7934,12.756423523680647,52.41409861918519,0.8829305761106634,"i=94,j=38"
7935,12.756570436631758,52.41410140809814,0.31380881339351896,"i=94,j=39"
7936,12.756717349606909,52.41410419682864,0.22552631951988678,"i=94,j=40"
7937,12.756864262606094,52.41410698537671,0.8227214983326768,"i=94,j=41"
7938,12.757011175629316,52.41410977374236,0.7002315287737433,"i=94,j=42"
7939,12.757158088676569,52.41411256192557,0.807528603399293,"i=94,j=43"
7940,12.757305001747856,52.41411534992635,0.7887959697482368,"i=94,j=44"
7941,12.757451914843175,52.414118137744694,0.4661945663800059,"i=94,j=45"
7942,12.75759882796252,52.4141209253806,0.5576755290483965,"i=94,j=46"
7943,12.757745741105893,52.414123712834076,0.601377685693639,"i=94,j=47"
7944,12.757892654273293,52.41412650010513,0.7412117286677752,"i=94,j=48"
7945,12.758039567464715,52.414129287193745,0.403454658900098,"i=94,j=49"
7946,12.75818648068016,52.41413207409992,0.4270508750727052,"i=94,j=50"
7947,12.758333393919628,52.414134860823665,0.9191270985185127,"i=94,j=51"
7948,12.758480307183113,52.41413764736499,0.3540168716779448,"i=94,j=52"
7949,12.758627220470618,52.414140433723865,0.45180174490342395,"i=94,j=53"
7950,12.75877413378214,52.41414321990032,0.7451127783278635,"i=94,j=54"
7951,12.758921047117674,52.41414600589433,0.350764685934146,"i=94,j=55"
7952,12.759067960477221,52.41414879170591,0.4574066695516139,"i=94,j=56"
7953,12.759214873860783,52.41415157733506,0.6011818134217146,"i=94,j=57"
7954,12.759361787268352,52.41415436278177,0.9960334073100292,"i=94,j=58"
7955,12.75950870069993,52.41415714804606,0.7899333164458612,"i=94,j=59"
7956,12.759655614155514,52.414159933127905,0.5540296629710025,"i=94,j=60"
7957,12.759802527635106,52.41416271802732,0.5958362223428563,"i=94,j=61"
7958,12.759949441138701,52.414165502744304,0.06962577154204486,"i=94,j=62"
7959,12.760096354666297,52.41416828727885,0.186118107277069,"i=94,j=63"
7960,12.760243268217893,52.41417107163096,0.9366604088875108,"i=94,j=64"
7961,12.76039018179349,52.414173855800634,0.4013051301309929,"i=94,j=65"
7962,12.760537095393085,52.41417663978788,0.8938663924326576,"i=94,j=66"
7963,12.760684009016675,52.4141794235927,0.5322136310272109,"i=94,j=67"
7964,12.760830922664258,52.41418220721507,0.1618917633962137,"i=94,j=68"
7965,12.760977836335835,52.414184990655016,0.8301941630328405,"i=94,j=69"
7966,12.761124750031405,52.41418777391252,0.8553766993950949,"i=94,j=70"
7967,12.761271663750962,52.41419055698759,0.11781861360199097,"i=94,j=71"
7968,12.761418577494506,52.41419333988023,0.9315516374210349,"i=94,j=72"
7969,12.761565491262038,52.41419612259045,0.3377200717122677,"i=94,j=73"
7970,12.761712405053556,52.41419890511822,0.10141886269791667,"i=94,j=74"
7971,12.761859318869057,52.41420168746355,0.0831396130785439,"i=94,j=75"
7972,12.76200623270854,52.414204469626455,0.7502198117487862,"i=94,j=76"
7973,12.762153146572002,52.41420725160692,0.5303209161811023,"i=94,j=77"
7974,12.762300060459445,52.41421003340495,0.5894394188929276,"i=94,j=78"
7975,12.762446974370864,52.41421281502055,0.4971463061312369,"i=94,j=79"
7976,12.762593888306256,52.41421559645371,0.11240422063541466,"i=94,j=80"
7977,12.762740802265625,52.41421837770444,0.3762335332439817,"i=94,j=81"
7978,12.762887716248967,52.41422115877273,0.7081579711362709,"i=94,j=82"
7979,12.763034630256277,52.414223939658584,0.08045073764492416,"i=94,j=83"
7980,12.750845421755278,52.413902671395,0.09394893874436183,"i=95,j=0"
7981,12.750992333493727,52.4139054672313,0.17170492511956081,"i=95,j=1"
7982,12.751139245256272,52.41390826288517,0.3567295770334158,"i=95,j=2"
7983,12.751286157042914,52.413911058356604,0.00877677384537312,"i=95,j=3"
7984,12.751433068853652,52.41391385364562,0.9469954170789421,"i=95,j=4"
7985,12.751579980688481,52.4139166487522,0.8288468233314192,"i=95,j=5"
7986,12.751726892547401,52.41391944367635,0.21176890243697521,"i=95,j=6"
7987,12.751873804430412,52.41392223841809,0.0005473893227756488,"i=95,j=7"
7988,12.752020716337512,52.41392503297739,0.8571847261243253,"i=95,j=8"
7989,12.752167628268696,52.41392782735424,0.10903594448543708,"i=95,j=9"
7990,12.752314540223965,52.41393062154868,0.008843553114011193,"i=95,j=10"
7991,12.75246145220332,52.413933415560685,0.3379199015533476,"i=95,j=11"
7992,12.752608364206756,52.41393620939027,0.24876323547575585,"i=95,j=12"
7993,12.752755276234272,52.41393900303741,0.6128766769587821,"i=95,j=13"
7994,12.752902188285868,52.41394179650214,0.011942220503649348,"i=95,j=14"
7995,12.75304910036154,52.413944589784414,0.4642421710826762,"i=95,j=15"
7996,12.753196012461288,52.41394738288428,0.03442479041077884,"i=95,j=16"
7997,12.753342924585109,52.4139501758017,0.6614716621208415,"i=95,j=17"
7998,12.753489836733005,52.413952968536705,0.7656739760832332,"i=95,j=18"
7999,12.753636748904968,52.41395576108927,0.3693068343989767,"i=95,j=19"
8000,12.753783661101005,52.41395855345941,0.8681872570057197,"i=95,j=20"
8001,12.753930573321108,52.41396134564712,0.18317813321325882,"i=95,j=21"
8002,12.754077485565277,52.413964137652385,0.8327474505262128,"i=95,j=22"
8003,12.75422439783351,52.41396692947523,0.7445272267777144,"i=95,j=23"
8004,12.754371310125808,52.41396972111564,0.5868936230160174,"i=95,j=24"
8005,12.754518222442167,52.413972512573636,0.7036355282977325,"i=95,j=25"
8006,12.754665134782586,52.41397530384919,0.6493134665070809,"i=95,j=26"
8007,12.754812047147063,52.413978094942316,0.3948429776890705,"i=95,j=27"
8008,12.754958959535598,52.413980885853,0.09801382332202602,"i=95,j=28"
8009,12.755105871948187,52.41398367658126,0.1975108301757006,"i=95,j=29"
8010,12.75525278438483,52.413986467127096,0.7170941804718631,"i=95,j=30"
8011,12.755399696845526,52.41398925749049,0.8126644791001596,"i=95,j=31"
8012,12.75554660933027,52.413992047671464,0.9579417129302473,"i=95,j=32"
8013,12.755693521839067,52.413994837669996,0.5066921211820828,"i=95,j=33"
8014,12.755840434371908,52.413997627486104,0.4143805276521949,"i=95,j=34"
8015,12.755987346928796,52.41400041711978,0.8790989768776994,"i=95,j=35"
8016,12.75613425950973,52.414003206571024,0.4874238780781388,"i=95,j=36"
8017,12.756281172114706,52.41400599583984,0.6131270961992259,"i=95,j=37"
8018,12.756428084743723,52.41400878492621,0.30006408637223236,"i=95,j=38"
8019,12.756574997396779,52.41401157383017,0.4943475485960228,"i=95,j=39"
8020,12.756721910073873,52.41401436255168,0.39002909675428277,"i=95,j=40"
8021,12.756868822775004,52.41401715109077,0.3151065508250209,"i=95,j=41"
8022,12.75701573550017,52.41401993944742,0.28071780390125944,"i=95,j=42"
8023,12.757162648249368,52.41402272762164,0.07488043038654268,"i=95,j=43"
8024,12.7573095610226,52.41402551561344,0.34033332491364743,"i=95,j=44"
8025,12.757456473819861,52.41402830342279,0.9402885168575644,"i=95,j=45"
8026,12.75760338664115,52.41403109104972,0.9749759286927289,"i=95,j=46"
8027,12.757750299486469,52.41403387849421,0.595520035175104,"i=95,j=47"
8028,12.757897212355811,52.41403666575628,0.292297075123802,"i=95,j=48"
8029,12.758044125249178,52.414039452835915,0.5499723429525735,"i=95,j=49"
8030,12.758191038166567,52.4140422397331,0.48520070913531066,"i=95,j=50"
8031,12.758337951107977,52.41404502644787,0.5924937898469748,"i=95,j=51"
8032,12.758484864073406,52.4140478129802,0.5051018712384162,"i=95,j=52"
8033,12.758631777062853,52.414050599330096,0.1734403392748114,"i=95,j=53"
8034,12.758778690076316,52.41405338549757,0.9429300888953346,"i=95,j=54"
8035,12.758925603113793,52.414056171482606,0.2623991749847149,"i=95,j=55"
8036,12.759072516175285,52.4140589572852,0.37219205327054417,"i=95,j=56"
8037,12.759219429260785,52.41406174290538,0.9231353042325486,"i=95,j=57"
8038,12.759366342370297,52.414064528343104,0.12473307204221884,"i=95,j=58"
8039,12.759513255503817,52.414067313598416,0.666830917231275,"i=95,j=59"
8040,12.759660168661345,52.41407009867129,0.3775708452269342,"i=95,j=60"
8041,12.759807081842878,52.41407288356172,0.17701804869649274,"i=95,j=61"
8042,12.759953995048411,52.414075668269724,0.1625721310135757,"i=95,j=62"
8043,12.76010090827795,52.414078452795295,0.11939496004334538,"i=95,j=63"
8044,12.760247821531488,52.41408123713844,0.01825615736455588,"i=95,j=64"
8045,12.760394734809026,52.41408402129914,0.17340138730045718,"i=95,j=65"
8046,12.76054164811056,52.41408680527741,0.3921369560240995,"i=95,j=66"
8047,12.76068856143609,52.41408958907324,0.5527496475010321,"i=95,j=67"
8048,12.760835474785614,52.414092372686646,0.8585370276931868,"i=95,j=68"
8049,12.76098238815913,52.41409515611762,0.6156336553411693,"i=95,j=69"
8050,12.76112930155664,52.41409793936616,0.7812469886741735,"i=95,j=70"
8051,12.761276214978137,52.41410072243226,0.0928756770318484,"i=95,j=71"
8052,12.76142312842362,52.414103505315936,0.5608610452095921,"i=95,j=72"
8053,12.761570041893094,52.41410628801717,0.9096192554083675,"i=95,j=73"
8054,12.76171695538655,52.414109070535964,0.5589042117348856,"i=95,j=74"
8055,12.761863868903992,52.414111852872324,0.284902980718687,"i=95,j=75"
8056,12.762010782445412,52.41411463502627,0.28823783066651,"i=95,j=76"
8057,12.762157696010812,52.414117416997776,0.4360101077688606,"i=95,j=77"
8058,12.762304609600193,52.41412019878684,0.8736129211184153,"i=95,j=78"
8059,12.762451523213551,52.414122980393465,0.6285764812179361,"i=95,j=79"
8060,12.762598436850883,52.41412576181766,0.7333828561205175,"i=95,j=80"
8061,12.762745350512189,52.41412854305943,0.25163003564624464,"i=95,j=81"
8062,12.762892264197468,52.41413132411875,0.539168831682481,"i=95,j=82"
8063,12.763039177906718,52.41413410499564,0.10466132760909375,"i=95,j=83"
8064,12.750849994120214,52.413812837476414,0.8810740832556626,"i=96,j=0"
8065,12.750996905560616,52.41381563330371,0.1154007168164346,"i=96,j=1"
8066,12.751143817025115,52.41381842894856,0.7514896249774425,"i=96,j=2"
8067,12.751290728513709,52.413821224410995,0.21605873351654892,"i=96,j=3"
8068,12.751437640026397,52.41382401969099,0.4278136675849573,"i=96,j=4"
8069,12.75158455156318,52.41382681478857,0.28660504217339733,"i=96,j=5"
8070,12.751731463124054,52.41382960970372,0.7809490682443687,"i=96,j=6"
8071,12.751878374709015,52.413832404436434,0.7374756875747696,"i=96,j=7"
8072,12.752025286318066,52.413835198986725,0.489431021376485,"i=96,j=8"
8073,12.752172197951202,52.41383799335458,0.33106221643258726,"i=96,j=9"
8074,12.752319109608425,52.41384078754001,0.0845155567060053,"i=96,j=10"
8075,12.752466021289731,52.41384358154301,0.1140120820423578,"i=96,j=11"
8076,12.752612932995119,52.41384637536358,0.1767276626457931,"i=96,j=12"
8077,12.752759844724585,52.41384916900172,0.7460464602792772,"i=96,j=13"
8078,12.752906756478131,52.41385196245743,0.5022993000608563,"i=96,j=14"
8079,12.753053668255752,52.41385475573072,0.9800058505150058,"i=96,j=15"
8080,12.753200580057452,52.413857548821575,0.6652047203760738,"i=96,j=16"
8081,12.753347491883225,52.413860341729986,0.2272008112839754,"i=96,j=17"
8082,12.75349440373307,52.41386313445598,0.4979899028956625,"i=96,j=18"
8083,12.753641315606986,52.413865926999556,0.7769852255916458,"i=96,j=19"
8084,12.753788227504971,52.41386871936069,0.9207472672848871,"i=96,j=20"
8085,12.753935139427023,52.413871511539405,0.6786719749387529,"i=96,j=21"
8086,12.754082051373143,52.41387430353567,0.7598029909585597,"i=96,j=22"
8087,12.754228963343325,52.41387709534953,0.06629339106405885,"i=96,j=23"
8088,12.754375875337573,52.413879886980936,0.5977649515088919,"i=96,j=24"
8089,12.75452278735588,52.41388267842992,0.352830860253747,"i=96,j=25"
8090,12.754669699398246,52.413885469696474,0.6675937325870843,"i=96,j=26"
8091,12.754816611464674,52.41388826078061,0.7612071207706523,"i=96,j=27"
8092,12.754963523555157,52.4138910516823,0.414162076869629,"i=96,j=28"
8093,12.755110435669694,52.41389384240156,0.17688673957179446,"i=96,j=29"
8094,12.755257347808286,52.413896632938396,0.7353485090912224,"i=96,j=30"
8095,12.755404259970929,52.41389942329281,0.3761463065748385,"i=96,j=31"
8096,12.755551172157622,52.41390221346479,0.7023045356812118,"i=96,j=32"
8097,12.755698084368364,52.413905003454325,0.7211447244463086,"i=96,j=33"
8098,12.755844996603155,52.41390779326144,0.31409456501113286,"i=96,j=34"
8099,12.75599190886199,52.41391058288612,0.2423465340571812,"i=96,j=35"
8100,12.756138821144871,52.413913372328366,0.7946246926177436,"i=96,j=36"
8101,12.756285733451794,52.4139161615882,0.6816122634880233,"i=96,j=37"
8102,12.756432645782757,52.41391895066559,0.6758332564579564,"i=96,j=38"
8103,12.75657955813776,52.41392173956054,0.5906948861666517,"i=96,j=39"
8104,12.756726470516801,52.413924528273064,0.4872060800120669,"i=96,j=40"
8105,12.756873382919878,52.413927316803175,0.43453260977487174,"i=96,j=41"
8106,12.75702029534699,52.41393010515084,0.343215407707138,"i=96,j=42"
8107,12.757167207798135,52.413932893316066,0.9102579685047829,"i=96,j=43"
8108,12.757314120273312,52.413935681298874,0.326357152387872,"i=96,j=44"
8109,12.75746103277252,52.41393846909925,0.5730609950597446,"i=96,j=45"
8110,12.757607945295755,52.41394125671719,0.44252207885898853,"i=96,j=46"
8111,12.757754857843018,52.4139440441527,0.5689480250499301,"i=96,j=47"
8112,12.757901770414305,52.413946831405774,0.9404664732070444,"i=96,j=48"
8113,12.758048683009617,52.41394961847643,0.2784769660431835,"i=96,j=49"
8114,12.758195595628951,52.41395240536463,0.08093594699759865,"i=96,j=50"
8115,12.758342508272307,52.41395519207042,0.4588502023469313,"i=96,j=51"
8116,12.758489420939679,52.41395797859377,0.36251152643098383,"i=96,j=52"
8117,12.758636333631072,52.413960764934686,0.3724013142200213,"i=96,j=53"
8118,12.758783246346477,52.413963551093175,0.4757801565442965,"i=96,j=54"
8119,12.758930159085901,52.413966337069226,0.6664375272379331,"i=96,j=55"
8120,12.759077071849335,52.413969122862845,0.6020308681421651,"i=96,j=56"
8121,12.759223984636778,52.41397190847403,0.617893300913251,"i=96,j=57"
8122,12.759370897448235,52.413974693902794,0.793104517327174,"i=96,j=58"
8123,12.759517810283699,52.413977479149125,0.6409595961485143,"i=96,j=59"
8124,12.75966472314317,52.41398026421301,0.5938882351979924,"i=96,j=60"
8125,12.759811636026644,52.41398304909447,0.07139236206713107,"i=96,j=61"
8126,12.759958548934122,52.413985833793504,0.26655378156529963,"i=96,j=62"
8127,12.760105461865603,52.4139886183101,0.817168259570351,"i=96,j=63"
8128,12.760252374821084,52.41399140264426,0.5260254557808449,"i=96,j=64"
8129,12.760399287800563,52.41399418679599,0.36463243144885926,"i=96,j=65"
8130,12.76054620080404,52.41399697076528,0.0017009818129353205,"i=96,j=66"
8131,12.760693113831511,52.41399975455215,0.0978569670382603,"i=96,j=67"
8132,12.760840026882978,52.41400253815658,0.4606321649511391,"i=96,j=68"
8133,12.760986939958437,52.41400532157858,0.2351905788317986,"i=96,j=69"
8134,12.761133853057887,52.414008104818144,0.7104146059581414,"i=96,j=70"
8135,12.761280766181324,52.41401088787528,0.051343834374243724,"i=96,j=71"
8136,12.76142767932875,52.41401367074997,0.3581404647141768,"i=96,j=72"
8137,12.761574592500164,52.41401645344224,0.18593889074339487,"i=96,j=73"
8138,12.761721505695562,52.41401923595208,0.7677398543264179,"i=96,j=74"
8139,12.761868418914942,52.414022018279475,0.31788082603860457,"i=96,j=75"
8140,12.762015332158304,52.414024800424436,0.030895343462277625,"i=96,j=76"
8141,12.762162245425646,52.41402758238697,0.153377674534393,"i=96,j=77"
8142,12.762309158716965,52.41403036416706,0.38698466925974484,"i=96,j=78"
8143,12.762456072032263,52.414033145764726,0.18733792448433706,"i=96,j=79"
8144,12.762602985371535,52.41403592717996,0.2949114251473691,"i=96,j=80"
8145,12.762749898734782,52.41403870841276,0.32315913031454724,"i=96,j=81"
8146,12.762896812121998,52.414041489463116,0.6177928779104559,"i=96,j=82"
8147,12.763043725533187,52.414044270331054,0.23886908652996353,"i=96,j=83"
8148,12.75085456646105,52.41372300355618,0.6200398114980255,"i=97,j=0"
8149,12.751001477603408,52.41372579937445,0.07244724348940623,"i=97,j=1"
8150,12.751148388769861,52.41372859501029,0.2969851083798887,"i=97,j=2"
8151,12.751295299960411,52.41373139046371,0.19061749547735218,"i=97,j=3"
8152,12.751442211175053,52.413734185734704,0.2971724906128408,"i=97,j=4"
8153,12.751589122413789,52.413736980823266,0.7825063512282439,"i=97,j=5"
8154,12.751736033676616,52.41373977572941,0.5120040893630556,"i=97,j=6"
8155,12.751882944963532,52.41374257045312,0.9421930469264245,"i=97,j=7"
8156,12.752029856274536,52.413745364994405,0.6333619034211183,"i=97,j=8"
8157,12.752176767609626,52.41374815935324,0.05132819417193968,"i=97,j=9"
8158,12.752323678968802,52.41375095352966,0.06351429323979751,"i=97,j=10"
8159,12.752470590352058,52.413753747523664,0.19985531416228997,"i=97,j=11"
8160,12.7526175017594,52.41375654133523,0.15943254239767213,"i=97,j=12"
8161,12.75276441319082,52.41375933496437,0.7081124569740215,"i=97,j=13"
8162,12.752911324646318,52.41376212841107,0.9827516850476157,"i=97,j=14"
8163,12.753058236125895,52.41376492167535,0.7955421390122881,"i=97,j=15"
8164,12.753205147629544,52.4137677147572,0.21382145433752742,"i=97,j=16"
8165,12.75335205915727,52.41377050765663,0.6477200371641867,"i=97,j=17"
8166,12.753498970709066,52.41377330037362,0.6858511150044727,"i=97,j=18"
8167,12.753645882284934,52.41377609290818,0.355966248942711,"i=97,j=19"
8168,12.75379279388487,52.413778885260314,0.996316283383545,"i=97,j=20"
8169,12.753939705508873,52.41378167743002,0.4013863493168597,"i=97,j=21"
8170,12.754086617156943,52.413784469417294,0.8399160674465314,"i=97,j=22"
8171,12.754233528829078,52.41378726122215,0.8567201626016191,"i=97,j=23"
8172,12.754380440525276,52.41379005284456,0.3491936270573033,"i=97,j=24"
8173,12.754527352245534,52.41379284428455,0.741370227036465,"i=97,j=25"
8174,12.754674263989852,52.41379563554211,0.7527558090208204,"i=97,j=26"
8175,12.754821175758227,52.41379842661724,0.6895552132246531,"i=97,j=27"
8176,12.75496808755066,52.41380121750994,0.4004041135946682,"i=97,j=28"
8177,12.755114999367148,52.413804008220204,0.12197297382932337,"i=97,j=29"
8178,12.75526191120769,52.413806798748055,0.5121293267253415,"i=97,j=30"
8179,12.755408823072282,52.41380958909346,0.03167908949131837,"i=97,j=31"
8180,12.755555734960925,52.41381237925644,0.5513602664993545,"i=97,j=32"
8181,12.755702646873617,52.41381516923699,0.3029528036567728,"i=97,j=33"
8182,12.755849558810358,52.4138179590351,0.9234031479849377,"i=97,j=34"
8183,12.75599647077114,52.4138207486508,0.7297336962833941,"i=97,j=35"
8184,12.75614338275597,52.41382353808406,0.9966079203876391,"i=97,j=36"
8185,12.756290294764844,52.413826327334895,0.7420082928593768,"i=97,j=37"
8186,12.756437206797754,52.413829116403285,0.018062826293041123,"i=97,j=38"
8187,12.756584118854706,52.41383190528926,0.562435304306401,"i=97,j=39"
8188,12.756731030935693,52.4138346939928,0.8677763386748336,"i=97,j=40"
8189,12.756877943040719,52.413837482513905,0.02157399594658993,"i=97,j=41"
8190,12.757024855169778,52.41384027085258,0.05113962875697131,"i=97,j=42"
8191,12.757171767322872,52.41384305900884,0.5073940350632464,"i=97,j=43"
8192,12.757318679499997,52.413845846982646,0.3983079556510374,"i=97,j=44"
8193,12.757465591701152,52.413848634774034,0.9858636645585005,"i=97,j=45"
8194,12.757612503926334,52.41385142238298,0.6153482408028397,"i=97,j=46"
8195,12.757759416175544,52.413854209809514,0.32016338749875095,"i=97,j=47"
8196,12.757906328448778,52.41385699705361,0.5578847055314045,"i=97,j=48"
8197,12.758053240746035,52.41385978411526,0.0491655271951803,"i=97,j=49"
8198,12.758200153067316,52.413862570994496,0.181071674293802,"i=97,j=50"
8199,12.758347065412616,52.4138653576913,0.8720767554297365,"i=97,j=51"
8200,12.758493977781937,52.413868144205665,0.00015949663544156945,"i=97,j=52"
8201,12.758640890175274,52.4138709305376,0.37348935571433595,"i=97,j=53"
8202,12.758787802592627,52.4138737166871,0.10784424077399057,"i=97,j=54"
8203,12.758934715033993,52.41387650265418,0.20888374255675513,"i=97,j=55"
8204,12.759081627499373,52.41387928843882,0.06382368228587332,"i=97,j=56"
8205,12.759228539988765,52.413882074041034,0.7687727093929418,"i=97,j=57"
8206,12.759375452502164,52.413884859460815,0.6827715578488791,"i=97,j=58"
8207,12.759522365039574,52.41388764469815,0.6648885716625627,"i=97,j=59"
8208,12.759669277600988,52.413890429753074,0.7576892380618643,"i=97,j=60"
8209,12.759816190186408,52.41389321462555,0.014675200561369395,"i=97,j=61"
8210,12.759963102795831,52.413895999315606,0.6082306908975773,"i=97,j=62"
8211,12.760110015429255,52.41389878382323,0.8882829236130314,"i=97,j=63"
8212,12.76025692808668,52.41390156814842,0.21900579828898947,"i=97,j=64"
8213,12.760403840768104,52.41390435229117,0.4353517792067655,"i=97,j=65"
8214,12.760550753473524,52.4139071362515,0.936600321472593,"i=97,j=66"
8215,12.760697666202939,52.41390992002938,0.9668442018368163,"i=97,j=67"
8216,12.760844578956348,52.41391270362484,0.508537505834196,"i=97,j=68"
8217,12.760991491733751,52.413915487037876,0.1322989112547912,"i=97,j=69"
8218,12.761138404535142,52.413918270268475,0.36300613348437294,"i=97,j=70"
8219,12.761285317360525,52.41392105331662,0.19705033970947838,"i=97,j=71"
8220,12.761432230209893,52.41392383618236,0.01803826982422896,"i=97,j=72"
8221,12.76157914308325,52.413926618865645,0.3750709849754925,"i=97,j=73"
8222,12.761726055980589,52.41392940136652,0.35356878601101593,"i=97,j=74"
8223,12.761872968901912,52.413932183684935,0.6308860422413455,"i=97,j=75"
8224,12.762019881847216,52.413934965820935,0.25081181194490976,"i=97,j=76"
8225,12.7621667948165,52.413937747774504,0.241346246484324,"i=97,j=77"
8226,12.76231370780976,52.41394052954563,0.689956150522254,"i=97,j=78"
8227,12.762460620827,52.41394331113433,0.3760594565149512,"i=97,j=79"
8228,12.762607533868213,52.4139460925406,0.711764281649894,"i=97,j=80"
8229,12.7627544469334,52.413948873764426,0.25722840619978804,"i=97,j=81"
8230,12.762901360022559,52.41395165480583,0.3420792414381898,"i=97,j=82"
8231,12.763048273135688,52.413954435664785,0.23106576504050913,"i=97,j=83"
8232,12.75085913877779,52.41363316963429,0.22039469203669404,"i=98,j=0"
8233,12.751006049622102,52.41363596544355,0.3233193655601484,"i=98,j=1"
8234,12.751152960490511,52.41363876107038,0.2978626899002609,"i=98,j=2"
8235,12.751299871383017,52.41364155651479,0.943089290139374,"i=98,j=3"
8236,12.751446782299615,52.41364435177677,0.38007505536923636,"i=98,j=4"
8237,12.751593693240306,52.41364714685633,0.5147152757144589,"i=98,j=5"
8238,12.751740604205088,52.41364994175345,0.6332055028592949,"i=98,j=6"
8239,12.75188751519396,52.413652736468144,0.015401999098365371,"i=98,j=7"
8240,12.752034426206919,52.41365553100042,0.5297128000133968,"i=98,j=8"
8241,12.752181337243965,52.41365832535027,0.332388379611811,"i=98,j=9"
8242,12.752328248305094,52.41366111951768,0.5587926346390737,"i=98,j=10"
8243,12.752475159390306,52.413663913502674,0.9530623137361119,"i=98,j=11"
8244,12.7526220704996,52.41366670730524,0.21137049546651077,"i=98,j=12"
8245,12.752768981632975,52.41366950092536,0.26229496530153906,"i=98,j=13"
8246,12.752915892790428,52.41367229436307,0.09494225613758134,"i=98,j=14"
8247,12.753062803971957,52.41367508761833,0.7963829943097311,"i=98,j=15"
8248,12.753209715177562,52.41367788069119,0.15635363510898714,"i=98,j=16"
8249,12.753356626407239,52.41368067358161,0.5263759482851976,"i=98,j=17"
8250,12.75350353766099,52.41368346628959,0.678163098128874,"i=98,j=18"
8251,12.753650448938812,52.41368625881516,0.6154602187343641,"i=98,j=19"
8252,12.753797360240702,52.41368905115829,0.15837846051468984,"i=98,j=20"
8253,12.753944271566658,52.413691843319,0.7249415322273036,"i=98,j=21"
8254,12.754091182916682,52.413694635297276,0.3835699059743931,"i=98,j=22"
8255,12.754238094290766,52.413697427093126,0.03754098798341898,"i=98,j=23"
8256,12.754385005688917,52.413700218706545,0.817225680744722,"i=98,j=24"
8257,12.754531917111128,52.41370301013753,0.039378130189381966,"i=98,j=25"
8258,12.754678828557397,52.413705801386094,0.10537782314203137,"i=98,j=26"
8259,12.754825740027725,52.41370859245223,0.9337370135792329,"i=98,j=27"
8260,12.75497265152211,52.41371138333593,0.6618164956109197,"i=98,j=28"
8261,12.755119563040548,52.41371417403721,0.2033097275256387,"i=98,j=29"
8262,12.755266474583042,52.413716964556045,0.501720333710857,"i=98,j=30"
8263,12.755413386149586,52.41371975489247,0.4572273777934135,"i=98,j=31"
8264,12.75556029774018,52.413722545046454,0.4577850722690262,"i=98,j=32"
8265,12.755707209354822,52.413725335018015,0.7810656199349515,"i=98,j=33"
8266,12.755854120993511,52.41372812480714,0.11777971471763715,"i=98,j=34"
8267,12.756001032656249,52.41373091441384,0.10888065975642758,"i=98,j=35"
8268,12.756147944343027,52.413733703838105,0.7716047698356248,"i=98,j=36"
8269,12.756294856053849,52.41373649307993,0.03221375301136509,"i=98,j=37"
8270,12.75644176778871,52.41373928213936,0.6670375948064677,"i=98,j=38"
8271,12.756588679547612,52.41374207101632,0.5939427252605132,"i=98,j=39"
8272,12.75673559133055,52.41374485971089,0.24662808118003,"i=98,j=40"
8273,12.756882503137524,52.41374764822301,0.2821729421295237,"i=98,j=41"
8274,12.757029414968533,52.4137504365527,0.8892377701725774,"i=98,j=42"
8275,12.757176326823576,52.41375322469996,0.4687140929621403,"i=98,j=43"
8276,12.75732323870265,52.41375601266478,0.4719171722235723,"i=98,j=44"
8277,12.757470150605753,52.413758800447184,0.2179159315019784,"i=98,j=45"
8278,12.757617062532884,52.41376158804715,0.4748416186895331,"i=98,j=46"
8279,12.757763974484043,52.41376437546469,0.7033239221732663,"i=98,j=47"
8280,12.757910886459225,52.41376716269979,0.66064884644498,"i=98,j=48"
8281,12.758057798458431,52.413769949752485,0.21934224535767455,"i=98,j=49"
8282,12.75820471048166,52.41377273662272,0.5280845446286487,"i=98,j=50"
8283,12.758351622528908,52.413775523310534,0.516613717131677,"i=98,j=51"
8284,12.758498534600175,52.413778309815925,0.5971987502186866,"i=98,j=52"
8285,12.75864544669546,52.41378109613888,0.6634349092285545,"i=98,j=53"
8286,12.75879235881476,52.4137838822794,0.900702111998692,"i=98,j=54"
8287,12.758939270958075,52.4137866682375,0.4926533510880736,"i=98,j=55"
8288,12.759086183125401,52.413789454013155,0.7359594299445554,"i=98,j=56"
8289,12.75923309531674,52.413792239606394,0.1168827881216421,"i=98,j=57"
8290,12.759380007532087,52.41379502501719,0.618930559574942,"i=98,j=58"
8291,12.759526919771442,52.413797810245555,0.01976462064865514,"i=98,j=59"
8292,12.759673832034803,52.41380059529149,0.41423777796599703,"i=98,j=60"
8293,12.759820744322168,52.413803380155,0.3451493457283672,"i=98,j=61"
8294,12.759967656633536,52.413806164836075,0.7249107738861632,"i=98,j=62"
8295,12.760114568968907,52.41380894933472,0.5094546330750632,"i=98,j=63"
8296,12.760261481328277,52.41381173365094,0.6646513107655122,"i=98,j=64"
8297,12.760408393711646,52.413814517784715,0.08362994060403484,"i=98,j=65"
8298,12.760555306119011,52.41381730173606,0.3270309984336349,"i=98,j=66"
8299,12.760702218550373,52.41382008550498,0.09393697516639088,"i=98,j=67"
8300,12.760849131005727,52.41382286909147,0.7418367522240468,"i=98,j=68"
8301,12.760996043485074,52.41382565249552,0.542703197150588,"i=98,j=69"
8302,12.761142955988412,52.41382843571714,0.2412228316474182,"i=98,j=70"
8303,12.761289868515737,52.413831218756336,0.05458994852605681,"i=98,j=71"
8304,12.761436781067049,52.41383400161309,0.0020561858553487244,"i=98,j=72"
8305,12.76158369364235,52.413836784287426,0.49985023530397876,"i=98,j=73"
8306,12.761730606241633,52.413839566779316,0.7444634717616923,"i=98,j=74"
8307,12.7618775188649,52.413842349088775,0.847997799180313,"i=98,j=75"
8308,12.762024431512147,52.4138451312158,0.5393129588545842,"i=98,j=76"
8309,12.762171344183376,52.413847913160396,0.6838183572967585,"i=98,j=77"
8310,12.762318256878581,52.413850694922566,0.5063874319428183,"i=98,j=78"
8311,12.762465169597762,52.4138534765023,0.7206971499380525,"i=98,j=79"
8312,12.762612082340917,52.41385625789958,0.8052784047813455,"i=98,j=80"
8313,12.762758995108047,52.413859039114456,0.13911094382115075,"i=98,j=81"
8314,12.762905907899148,52.41386182014689,0.9464968262028499,"i=98,j=82"
8315,12.763052820714222,52.413864600996895,0.920414656192408,"i=98,j=83"
8316,12.750863711070428,52.41354333571074,0.07260570466118788,"i=99,j=0"
8317,12.751010621616699,52.41354613151099,0.2194534583164348,"i=99,j=1"
8318,12.751157532187065,52.413548927128815,0.05727976190833306,"i=99,j=2"
8319,12.751304442781528,52.413551722564215,0.2960803012397155,"i=99,j=3"
8320,12.751451353400084,52.41355451781719,0.07036092599931176,"i=99,j=4"
8321,12.751598264042732,52.413557312887725,0.8079545998018244,"i=99,j=5"
8322,12.751745174709471,52.413560107775844,0.4981106927683725,"i=99,j=6"
8323,12.7518920854003,52.413562902481544,0.034025714326054834,"i=99,j=7"
8324,12.752038996115214,52.4135656970048,0.9114898966324402,"i=99,j=8"
8325,12.752185906854217,52.41356849134563,0.20497969746681766,"i=99,j=9"
8326,12.752332817617303,52.41357128550404,0.6163832211751544,"i=99,j=10"
8327,12.752479728404472,52.41357407948003,0.591314139060946,"i=99,j=11"
8328,12.752626639215723,52.413576873273584,0.3214452652024319,"i=99,j=12"
8329,12.752773550051053,52.41357966688471,0.18449992273438776,"i=99,j=13"
8330,12.752920460910461,52.41358246031341,0.9890721523535831,"i=99,j=14"
8331,12.753067371793946,52.413585253559674,0.5099661671138701,"i=99,j=15"
8332,12.753214282701505,52.413588046623524,0.13901015480114964,"i=99,j=16"
8333,12.75336119363314,52.413590839504934,0.6911969010574923,"i=99,j=17"
8334,12.753508104588844,52.41359363220393,0.050612807186169784,"i=99,j=18"
8335,12.75365501556862,52.41359642472049,0.358678674546548,"i=99,j=19"
8336,12.753801926572464,52.413599217054625,0.5008095422330877,"i=99,j=20"
8337,12.753948837600376,52.41360200920633,0.3731255063335712,"i=99,j=21"
8338,12.754095748652352,52.413604801175595,0.8388018969967778,"i=99,j=22"
8339,12.754242659728394,52.41360759296246,0.249221575689634,"i=99,j=23"
8340,12.754389570828495,52.413610384566866,0.769996020011413,"i=99,j=24"
8341,12.75453648195266,52.41361317598886,0.9841107320066986,"i=99,j=25"
8342,12.754683393100885,52.413615967228424,0.3368270528335151,"i=99,j=26"
8343,12.754830304273167,52.413618758285565,0.0916751154481813,"i=99,j=27"
8344,12.754977215469504,52.41362154916027,0.1287224207698151,"i=99,j=28"
8345,12.755124126689894,52.413624339852554,0.11837636659247563,"i=99,j=29"
8346,12.755271037934342,52.41362713036241,0.22865802526767354,"i=99,j=30"
8347,12.755417949202839,52.413629920689814,0.9782561462620853,"i=99,j=31"
8348,12.755564860495385,52.41363271083481,0.7276778653677662,"i=99,j=32"
8349,12.755711771811981,52.413635500797376,0.9616170261591526,"i=99,j=33"
8350,12.755858683152622,52.41363829057751,0.05142852772917339,"i=99,j=34"
8351,12.75600559451731,52.41364108017522,0.7956172300097991,"i=99,j=35"
8352,12.75615250590604,52.413643869590494,0.4793952540725661,"i=99,j=36"
8353,12.756299417318814,52.41364665882334,0.38312810822232934,"i=99,j=37"
8354,12.756446328755628,52.413649447873766,0.8214230742896944,"i=99,j=38"
8355,12.756593240216482,52.413652236741754,0.543699706958222,"i=99,j=39"
8356,12.75674015170137,52.41365502542732,0.40137790894194936,"i=99,j=40"
8357,12.756887063210298,52.41365781393044,0.09767531624462022,"i=99,j=41"
8358,12.757033974743255,52.41366060225115,0.639387971530463,"i=99,j=42"
8359,12.75718088630025,52.41366339038942,0.08754850419379812,"i=99,j=43"
8360,12.757327797881274,52.41366617834526,0.6507278945689778,"i=99,j=44"
8361,12.757474709486328,52.41366896611868,0.34117271061793797,"i=99,j=45"
8362,12.757621621115408,52.41367175370966,0.6667117270250432,"i=99,j=46"
8363,12.757768532768516,52.413674541118205,0.3270188252787377,"i=99,j=47"
8364,12.757915444445649,52.41367732834434,0.4324085288515497,"i=99,j=48"
8365,12.758062356146805,52.413680115388026,0.9430312446873125,"i=99,j=49"
8366,12.758209267871983,52.4136829022493,0.3179264816298467,"i=99,j=50"
8367,12.758356179621181,52.413685688928126,0.7690693584590549,"i=99,j=51"
8368,12.758503091394397,52.41368847542453,0.31413283819763793,"i=99,j=52"
8369,12.758650003191631,52.41369126173851,0.2286176933333255,"i=99,j=53"
8370,12.75879691501288,52.41369404787005,0.18984345687144544,"i=99,j=54"
8371,12.758943826858143,52.413696833819166,0.5161933182492446,"i=99,j=55"
8372,12.759090738727418,52.413699619585834,0.6517432339704461,"i=99,j=56"
8373,12.759237650620705,52.41370240517009,0.14619642931472143,"i=99,j=57"
8374,12.759384562538,52.413705190571925,0.936721455682444,"i=99,j=58"
8375,12.759531474479303,52.413707975791304,0.4483319498868439,"i=99,j=59"
8376,12.75967838644461,52.413710760828266,0.14206999475836646,"i=99,j=60"
8377,12.759825298433924,52.413713545682796,0.9492299832427118,"i=99,j=61"
8378,12.759972210447241,52.413716330354895,0.09460228494929757,"i=99,j=62"
8379,12.760119122484559,52.41371911484457,0.027402428691168157,"i=99,j=63"
8380,12.760266034545877,52.4137218991518,0.00886963260392526,"i=99,j=64"
8381,12.760412946631192,52.413724683276605,0.8942672575611893,"i=99,j=65"
8382,12.760559858740505,52.41372746721898,0.6074637771301956,"i=99,j=66"
8383,12.760706770873812,52.41373025097893,0.9580051525846982,"i=99,j=67"
8384,12.760853683031113,52.41373303455644,0.6419959185362577,"i=99,j=68"
8385,12.761000595212405,52.41373581795153,0.2197958160745319,"i=99,j=69"
8386,12.76114750741769,52.41373860116418,0.065989940648856,"i=99,j=70"
8387,12.761294419646962,52.41374138419439,0.3428654866405092,"i=99,j=71"
8388,12.76144133190022,52.41374416704218,0.8855890598190076,"i=99,j=72"
8389,12.761588244177467,52.41374694970754,0.25742619856059357,"i=99,j=73"
8390,12.761735156478696,52.41374973219046,0.09783736646330721,"i=99,j=74"
8391,12.761882068803908,52.41375251449096,0.6455016014045013,"i=99,j=75"
8392,12.7620289811531,52.41375529660901,0.48062499393113955,"i=99,j=76"
8393,12.76217589352627,52.41375807854464,0.7098081452249697,"i=99,j=77"
8394,12.762322805923423,52.41376086029784,0.05796837121818321,"i=99,j=78"
8395,12.76246971834455,52.413763641868606,0.14291846831449861,"i=99,j=79"
8396,12.76261663078965,52.413766423256945,0.6959460180114304,"i=99,j=80"
8397,12.762763543258725,52.413769204462845,0.3194305812269054,"i=99,j=81"
8398,12.762910455751769,52.41377198548631,0.6714247305980557,"i=99,j=82"
8399,12.763057368268784,52.41377476632735,0.048368309773924145,"i=99,j=83"
8400,12.750868283338969,52.41345350178553,0.6843665794000654,"i=100,j=0"
8401,12.751015193587197,52.41345629757677,0.9500905811724385,"i=100,j=1"
8402,12.751162103859524,52.41345909318559,0.8886515562393218,"i=100,j=2"
8403,12.751309014155947,52.41346188861197,0.6225654916794041,"i=100,j=3"
8404,12.751455924476462,52.413464683855935,0.5861250453597976,"i=100,j=4"
8405,12.751602834821067,52.41346747891747,0.06660946509530008,"i=100,j=5"
8406,12.751749745189766,52.41347027379658,0.20970993291957052,"i=100,j=6"
8407,12.751896655582552,52.41347306849326,0.034519360979493485,"i=100,j=7"
8408,12.752043565999427,52.41347586300752,0.4439357842325047,"i=100,j=8"
8409,12.752190476440386,52.41347865733935,0.2622430818424969,"i=100,j=9"
8410,12.752337386905431,52.41348145148875,0.5634377889387571,"i=100,j=10"
8411,12.752484297394558,52.41348424545573,0.24719702494948614,"i=100,j=11"
8412,12.752631207907765,52.41348703924028,0.19429423038855143,"i=100,j=12"
8413,12.752778118445052,52.41348983284239,0.05267232114656328,"i=100,j=13"
8414,12.752925029006418,52.413492626262084,0.8870489229666784,"i=100,j=14"
8415,12.753071939591859,52.41349541949936,0.13897787908672277,"i=100,j=15"
8416,12.753218850201375,52.4134982125542,0.8614388635905407,"i=100,j=16"
8417,12.753365760834967,52.41350100542661,0.9009574913327864,"i=100,j=17"
8418,12.753512671492627,52.4135037981166,0.1207736295903703,"i=100,j=18"
8419,12.75365958217436,52.41350659062416,0.6605096723722254,"i=100,j=19"
8420,12.75380649288016,52.41350938294929,0.865334596635021,"i=100,j=20"
8421,12.753953403610028,52.413512175091995,0.2500378169242957,"i=100,j=21"
8422,12.75410031436396,52.41351496705227,0.014187482296998843,"i=100,j=22"
8423,12.754247225141958,52.413517758830125,0.5865782916161865,"i=100,j=23"
8424,12.754394135944016,52.413520550425545,0.563544278104904,"i=100,j=24"
8425,12.754541046770136,52.41352334183854,0.20838319743320466,"i=100,j=25"
8426,12.754687957620312,52.413526133069105,0.27391013716384804,"i=100,j=26"
8427,12.754834868494552,52.41352892411724,0.2991181542396184,"i=100,j=27"
8428,12.754981779392844,52.41353171498295,0.2370919953264442,"i=100,j=28"
8429,12.75512869031519,52.413534505666235,0.04363997251630558,"i=100,j=29"
8430,12.75527560126159,52.413537296167085,0.30686479475744355,"i=100,j=30"
8431,12.755422512232043,52.41354008648552,0.21030582743072412,"i=100,j=31"
8432,12.755569423226541,52.41354287662152,0.7162030747539584,"i=100,j=32"
8433,12.755716334245092,52.41354566657508,0.8440731597072723,"i=100,j=33"
8434,12.755863245287689,52.413548456346234,0.11043867374360117,"i=100,j=34"
8435,12.756010156354328,52.41355124593494,0.03015866581198634,"i=100,j=35"
8436,12.756157067445013,52.41355403534123,0.4678610205918292,"i=100,j=36"
8437,12.75630397855974,52.413556824565084,0.6454702594244722,"i=100,j=37"
8438,12.756450889698506,52.413559613606516,0.09484406775533072,"i=100,j=38"
8439,12.756597800861313,52.413562402465516,0.1311134345645789,"i=100,j=39"
8440,12.756744712048153,52.413565191142084,0.6732299394395921,"i=100,j=40"
8441,12.756891623259033,52.41356797963623,0.7909080410391015,"i=100,j=41"
8442,12.757038534493946,52.413570767947945,0.06179105903545268,"i=100,j=42"
8443,12.75718544575289,52.41357355607724,0.2597973109049011,"i=100,j=43"
8444,12.757332357035867,52.41357634402408,0.26904506051831023,"i=100,j=44"
8445,12.757479268342873,52.41357913178851,0.7027694315190584,"i=100,j=45"
8446,12.757626179673906,52.413581919370515,0.2716750324583842,"i=100,j=46"
8447,12.757773091028966,52.41358470677008,0.5341641026431948,"i=100,j=47"
8448,12.75792000240805,52.413587493987215,0.9103785764712006,"i=100,j=48"
8449,12.758066913811156,52.413590281021925,0.5930092174759833,"i=100,j=49"
8450,12.758213825238286,52.41359306787421,0.15762377128054428,"i=100,j=50"
8451,12.758360736689434,52.413595854544056,0.6953854684802669,"i=100,j=51"
8452,12.758507648164603,52.413598641031484,0.2193606540893681,"i=100,j=52"
8453,12.758654559663785,52.41360142733647,0.5090138938375766,"i=100,j=53"
8454,12.758801471186986,52.41360421345903,0.0678447000767941,"i=100,j=54"
8455,12.7589483827342,52.413606999399164,0.13835174048417054,"i=100,j=55"
8456,12.759095294305425,52.413609785156865,0.31190549414357416,"i=100,j=56"
8457,12.75924220590066,52.41361257073214,0.5553514494203466,"i=100,j=57"
8458,12.759389117519907,52.413615356124986,0.685004904055512,"i=100,j=58"
8459,12.759536029163158,52.4136181413354,0.7467619633526921,"i=100,j=59"
8460,12.759682940830418,52.413620926363386,0.15512072553228973,"i=100,j=60"
8461,12.75982985252168,52.41362371120893,0.8147173125485564,"i=100,j=61"
8462,12.759976764236944,52.41362649587206,0.8768473849013847,"i=100,j=62"
8463,12.760123675976212,52.413629280352744,0.25541128626152365,"i=100,j=63"
8464,12.760270587739477,52.41363206465101,0.6198590294664407,"i=100,j=64"
8465,12.760417499526742,52.41363484876685,0.7147476246378516,"i=100,j=65"
8466,12.760564411338002,52.41363763270025,0.39856182836857335,"i=100,j=66"
8467,12.760711323173258,52.413640416451216,0.7600536890652677,"i=100,j=67"
8468,12.760858235032508,52.413643200019756,0.03844969561300493,"i=100,j=68"
8469,12.761005146915748,52.41364598340587,0.3914945776614379,"i=100,j=69"
8470,12.761152058822981,52.41364876660954,0.3844442083394075,"i=100,j=70"
8471,12.761298970754199,52.41365154963079,0.8722359322763947,"i=100,j=71"
8472,12.761445882709406,52.413654332469605,0.9443910129269659,"i=100,j=72"
8473,12.761592794688598,52.41365711512599,0.8312471871862964,"i=100,j=73"
8474,12.761739706691774,52.41365989759995,0.17883794110994855,"i=100,j=74"
8475,12.761886618718934,52.41366267989147,0.08252524157873453,"i=100,j=75"
8476,12.762033530770072,52.41366546200057,0.851872091802159,"i=100,j=76"
8477,12.76218044284519,52.41366824392723,0.0450266497566737,"i=100,j=77"
8478,12.762327354944288,52.41367102567146,0.3359318779857654,"i=100,j=78"
8479,12.76247426706736,52.41367380723326,0.8102916314075014,"i=100,j=79"
8480,12.762621179214408,52.41367658861263,0.7667492734825778,"i=100,j=80"
8481,12.762768091385428,52.413679369809564,0.8636386456562039,"i=100,j=81"
8482,12.762915003580419,52.413682150824066,0.9067149549617644,"i=100,j=82"
8483,12.76306191579938,52.413684931656135,0.6874606315439978,"i=100,j=83"
8484,12.750872855583411,52.41336366785868,0.29347924327470243,"i=101,j=0"
8485,12.751019765533602,52.41336646364091,0.08721348884477498,"i=101,j=1"
8486,12.75116667550789,52.41336925924071,0.43708654007681613,"i=101,j=2"
8487,12.75131358550627,52.41337205465809,0.8667558692483321,"i=101,j=3"
8488,12.751460495528745,52.413374849893046,0.7786673780481456,"i=101,j=4"
8489,12.751607405575314,52.41337764494556,0.6188054278848263,"i=101,j=5"
8490,12.751754315645972,52.41338043981567,0.3611257909270448,"i=101,j=6"
8491,12.751901225740717,52.413383234503335,0.33057300997047434,"i=101,j=7"
8492,12.752048135859551,52.41338602900858,0.8211915216085912,"i=101,j=8"
8493,12.752195046002472,52.41338882333141,0.022989939839463847,"i=101,j=9"
8494,12.752341956169474,52.4133916174718,0.33234014442077386,"i=101,j=10"
8495,12.75248886636056,52.41339441142977,0.8855903888337427,"i=101,j=11"
8496,12.752635776575726,52.413397205205314,0.9367027888838284,"i=101,j=12"
8497,12.752782686814975,52.41339999879843,0.45038393195874715,"i=101,j=13"
8498,12.752929597078298,52.41340279220911,0.45534510998834676,"i=101,j=14"
8499,12.753076507365698,52.41340558543739,0.8645677778904572,"i=101,j=15"
8500,12.753223417677173,52.413408378483226,0.506589449142213,"i=101,j=16"
8501,12.753370328012721,52.41341117134663,0.04135895512022125,"i=101,j=17"
8502,12.753517238372341,52.41341396402762,0.31449232434266805,"i=101,j=18"
8503,12.75366414875603,52.41341675652618,0.8585171961015509,"i=101,j=19"
8504,12.75381105916379,52.413419548842306,0.7466301587805253,"i=101,j=20"
8505,12.753957969595614,52.41342234097601,0.8882797398580241,"i=101,j=21"
8506,12.754104880051504,52.413425132927294,0.7459627706056368,"i=101,j=22"
8507,12.754251790531459,52.41342792469614,0.5470739520967154,"i=101,j=23"
8508,12.754398701035473,52.41343071628256,0.9296019734008628,"i=101,j=24"
8509,12.754545611563552,52.41343350768656,0.10510903311473652,"i=101,j=25"
8510,12.754692522115686,52.413436298908124,0.7703674008973058,"i=101,j=26"
8511,12.754839432691881,52.41343908994727,0.2034201898660436,"i=101,j=27"
8512,12.754986343292128,52.41344188080398,0.673718218110852,"i=101,j=28"
8513,12.75513325391643,52.413444671478274,0.9534281860812109,"i=101,j=29"
8514,12.755280164564788,52.41344746197014,0.453348060922917,"i=101,j=30"
8515,12.755427075237195,52.41345025227957,0.4897474403001465,"i=101,j=31"
8516,12.755573985933653,52.41345304240657,0.32792321083838516,"i=101,j=32"
8517,12.755720896654157,52.41345583235115,0.5840136328041061,"i=101,j=33"
8518,12.755867807398708,52.4134586221133,0.0703391975597325,"i=101,j=34"
8519,12.756014718167304,52.41346141169302,0.415187579707627,"i=101,j=35"
8520,12.756161628959944,52.41346420109032,0.9814309698252693,"i=101,j=36"
8521,12.756308539776626,52.41346699030518,0.28706686842522067,"i=101,j=37"
8522,12.756455450617347,52.413469779337625,0.5083450172853616,"i=101,j=38"
8523,12.756602361482107,52.41347256818763,0.40944573900021497,"i=101,j=39"
8524,12.756749272370902,52.413475356855216,0.14879361027083726,"i=101,j=40"
8525,12.756896183283736,52.41347814534037,0.7883603021054845,"i=101,j=41"
8526,12.757043094220602,52.41348093364309,0.6473740412217153,"i=101,j=42"
8527,12.757190005181503,52.41348372176339,0.8369730210882947,"i=101,j=43"
8528,12.757336916166432,52.413486509701265,0.8226381582694892,"i=101,j=44"
8529,12.75748382717539,52.4134892974567,0.351473235257329,"i=101,j=45"
8530,12.757630738208377,52.413492085029716,0.13126851520202976,"i=101,j=46"
8531,12.75777764926539,52.413494872420294,0.2929572906523161,"i=101,j=47"
8532,12.757924560346426,52.41349765962845,0.8783475808678235,"i=101,j=48"
8533,12.758071471451487,52.413500446654176,0.16573789533280414,"i=101,j=49"
8534,12.75821838258057,52.41350323349748,0.33568461570848407,"i=101,j=50"
8535,12.75836529373367,52.413506020158344,0.8179437766838273,"i=101,j=51"
8536,12.75851220491079,52.413508806636784,0.084022273364315,"i=101,j=52"
8537,12.758659116111927,52.41351159293279,0.21571673415683934,"i=101,j=53"
8538,12.758806027337078,52.41351437904638,0.03701627324551293,"i=101,j=54"
8539,12.758952938586242,52.41351716497753,0.801304891251464,"i=101,j=55"
8540,12.75909984985942,52.41351995072625,0.3266201180942758,"i=101,j=56"
8541,12.759246761156607,52.41352273629255,0.3781914098639675,"i=101,j=57"
8542,12.759393672477804,52.413525521676405,0.8345845674277419,"i=101,j=58"
8543,12.759540583823007,52.41352830687784,0.9259406232770429,"i=101,j=59"
8544,12.759687495192217,52.41353109189685,0.9125970398598693,"i=101,j=60"
8545,12.75983440658543,52.41353387673342,0.10565535347111876,"i=101,j=61"
8546,12.759981318002646,52.41353666138757,0.40804331162622576,"i=101,j=62"
8547,12.760128229443863,52.413539445859286,0.032185277780927835,"i=101,j=63"
8548,12.76027514090908,52.41354223014858,0.18828134651185757,"i=101,j=64"
8549,12.760422052398296,52.41354501425543,0.36777929230608575,"i=101,j=65"
8550,12.760568963911505,52.41354779817987,0.12613069189820858,"i=101,j=66"
8551,12.76071587544871,52.413550581921854,0.5744225177102569,"i=101,j=67"
8552,12.760862787009911,52.413553365481434,0.5701369696518922,"i=101,j=68"
8553,12.7610096985951,52.41355614885857,0.7905055485398226,"i=101,j=69"
8554,12.76115661020428,52.41355893205327,0.22877007819240303,"i=101,j=70"
8555,12.76130352183745,52.41356171506555,0.8155763833990229,"i=101,j=71"
8556,12.761450433494606,52.41356449789539,0.4061445871350834,"i=101,j=72"
8557,12.761597345175748,52.4135672805428,0.5687398333742647,"i=101,j=73"
8558,12.761744256880872,52.413570063007796,0.15943356828722577,"i=101,j=74"
8559,12.76189116860998,52.41357284529035,0.009870968229936494,"i=101,j=75"
8560,12.762038080363068,52.41357562739048,0.8052051721353117,"i=101,j=76"
8561,12.762184992140133,52.413578409308165,0.11580989139211495,"i=101,j=77"
8562,12.76233190394118,52.413581191043434,0.4983796381618236,"i=101,j=78"
8563,12.7624788157662,52.413583972596264,0.3693059620965221,"i=101,j=79"
8564,12.762625727615193,52.413586753966676,0.42622128629000633,"i=101,j=80"
8565,12.76277263948816,52.41358953515464,0.3373366943672603,"i=101,j=81"
8566,12.7629195513851,52.41359231616018,0.4703948425682428,"i=101,j=82"
8567,12.763066463306007,52.41359509698329,0.07726015740638037,"i=101,j=83"
8568,12.750877427803754,52.41327383393016,0.021624234852991697,"i=102,j=0"
8569,12.75102433745591,52.413276629703375,0.8908598969982223,"i=102,j=1"
8570,12.751171247132156,52.413279425294185,0.2303531736077864,"i=102,j=2"
8571,12.751318156832502,52.41328222070255,0.265435927001925,"i=102,j=3"
8572,12.75146506655694,52.41328501592848,0.08158742521870233,"i=102,j=4"
8573,12.751611976305469,52.413287810971994,0.9314196279497383,"i=102,j=5"
8574,12.751758886078088,52.41329060583309,0.320654933235622,"i=102,j=6"
8575,12.751905795874794,52.413293400511755,0.7563537716541274,"i=102,j=7"
8576,12.75205270569559,52.41329619500799,0.1377583328771742,"i=102,j=8"
8577,12.752199615540471,52.4132989893218,0.4231681786789473,"i=102,j=9"
8578,12.752346525409436,52.4133017834532,0.08149550105933756,"i=102,j=10"
8579,12.752493435302483,52.41330457740216,0.17714436334394135,"i=102,j=11"
8580,12.752640345219609,52.4133073711687,0.5390800673004489,"i=102,j=12"
8581,12.752787255160818,52.4133101647528,0.18640321341365595,"i=102,j=13"
8582,12.752934165126101,52.4133129581545,0.7922994865394011,"i=102,j=14"
8583,12.753081075115462,52.41331575137376,0.5622241669663124,"i=102,j=15"
8584,12.753227985128897,52.413318544410586,0.3005563686128705,"i=102,j=16"
8585,12.753374895166406,52.413321337264996,0.5504060512659931,"i=102,j=17"
8586,12.753521805227987,52.41332412993698,0.11078038086618558,"i=102,j=18"
8587,12.753668715313633,52.41332692242654,0.241094518126308,"i=102,j=19"
8588,12.753815625423352,52.41332971473367,0.8557097565300485,"i=102,j=20"
8589,12.753962535557136,52.413332506858374,0.21981609679143288,"i=102,j=21"
8590,12.754109445714985,52.41333529880065,0.34214926453007255,"i=102,j=22"
8591,12.7542563558969,52.4133380905605,0.41328967464385846,"i=102,j=23"
8592,12.754403266102873,52.41334088213792,0.32972209321744594,"i=102,j=24"
8593,12.754550176332907,52.41334367353293,0.2195208611318168,"i=102,j=25"
8594,12.754697086587,52.4133464647455,0.5118149758758141,"i=102,j=26"
8595,12.754843996865151,52.41334925577564,0.8878010041947039,"i=102,j=27"
8596,12.754990907167361,52.41335204662336,0.9616898361156032,"i=102,j=28"
8597,12.75513781749362,52.41335483728866,0.9946456562741263,"i=102,j=29"
8598,12.755284727843934,52.41335762777152,0.033728307728011275,"i=102,j=30"
8599,12.7554316382183,52.41336041807195,0.7443511604548642,"i=102,j=31"
8600,12.755578548616713,52.41336320818997,0.7993949739882652,"i=102,j=32"
8601,12.755725459039175,52.41336599812554,0.8926589477892711,"i=102,j=33"
8602,12.755872369485683,52.41336878787871,0.5039538427780142,"i=102,j=34"
8603,12.756019279956234,52.413371577449446,0.7670343739131521,"i=102,j=35"
8604,12.756166190450832,52.41337436683774,0.8009459544406158,"i=102,j=36"
8605,12.75631310096947,52.413377156043616,0.3224173749465883,"i=102,j=37"
8606,12.756460011512148,52.413379945067064,0.9410468379234427,"i=102,j=38"
8607,12.756606922078864,52.41338273390809,0.44767035211969497,"i=102,j=39"
8608,12.756753832669617,52.41338552256668,0.2724703293862051,"i=102,j=40"
8609,12.756900743284405,52.413388311042844,0.35339018699830793,"i=102,j=41"
8610,12.757047653923228,52.41339109933658,0.1562121711461194,"i=102,j=42"
8611,12.757194564586083,52.41339388744789,0.9797336454557563,"i=102,j=43"
8612,12.757341475272966,52.413396675376774,0.9694688789545813,"i=102,j=44"
8613,12.75748838598388,52.41339946312323,0.12992654383806967,"i=102,j=45"
8614,12.757635296718822,52.413402250687255,0.04435937362863207,"i=102,j=46"
8615,12.75778220747779,52.413405038068845,0.402555786909758,"i=102,j=47"
8616,12.757929118260783,52.41340782526802,0.9335447656569403,"i=102,j=48"
8617,12.758076029067798,52.413410612284764,0.8343828386135871,"i=102,j=49"
8618,12.758222939898832,52.41341339911907,0.8733964500118783,"i=102,j=50"
8619,12.758369850753889,52.41341618577096,0.3457336163734648,"i=102,j=51"
8620,12.758516761632963,52.41341897224043,0.014278582654482341,"i=102,j=52"
8621,12.758663672536052,52.41342175852745,0.09279426768220811,"i=102,j=53"
8622,12.758810583463157,52.41342454463206,0.6506853876204735,"i=102,j=54"
8623,12.758957494414275,52.41342733055423,0.938697551204457,"i=102,j=55"
8624,12.759104405389406,52.413430116293966,0.2718702748553352,"i=102,j=56"
8625,12.759251316388546,52.41343290185129,0.36430693916593526,"i=102,j=57"
8626,12.759398227411696,52.41343568722617,0.8257022290403669,"i=102,j=58"
8627,12.759545138458853,52.413438472418626,0.8175546839497871,"i=102,j=59"
8628,12.759692049530015,52.41344125742865,0.6476053139031994,"i=102,j=60"
8629,12.75983896062518,52.41344404225626,0.796272217495959,"i=102,j=61"
8630,12.759985871744348,52.41344682690143,0.45233315811337194,"i=102,j=62"
8631,12.760132782887517,52.41344961136417,0.13282376855124567,"i=102,j=63"
8632,12.760279694054686,52.41345239564448,0.852161295650698,"i=102,j=64"
8633,12.760426605245852,52.41345517974236,0.8115652230766958,"i=102,j=65"
8634,12.760573516461015,52.41345796365782,0.3118114636726068,"i=102,j=66"
8635,12.760720427700171,52.41346074739084,0.9997536734064978,"i=102,j=67"
8636,12.760867338963322,52.413463530941435,0.5846636681075248,"i=102,j=68"
8637,12.761014250250463,52.4134663143096,0.6611033977647679,"i=102,j=69"
8638,12.761161161561594,52.413469097495344,0.8625963863979815,"i=102,j=70"
8639,12.761308072896714,52.41347188049865,0.5661056270565129,"i=102,j=71"
8640,12.761454984255819,52.41347466331952,0.3248729446268369,"i=102,j=72"
8641,12.761601895638911,52.413477445957966,0.842584032352481,"i=102,j=73"
8642,12.761748807045986,52.41348022841399,0.5952076325184775,"i=102,j=74"
8643,12.761895718477044,52.41348301068757,0.5097916222873233,"i=102,j=75"
8644,12.762042629932083,52.41348579277873,0.6264693061371405,"i=102,j=76"
8645,12.762189541411098,52.41348857468745,0.5991501358194198,"i=102,j=77"
8646,12.762336452914093,52.41349135641375,0.18335828053676295,"i=102,j=78"
8647,12.762483364441062,52.41349413795761,0.28488045444970256,"i=102,j=79"
8648,12.762630275992006,52.41349691931905,0.3594289987597318,"i=102,j=80"
8649,12.762777187566922,52.41349970049806,0.9475118527012498,"i=102,j=81"
8650,12.76292409916581,52.41350248149464,0.8808768084884369,"i=102,j=82"
8651,12.763071010788668,52.41350526230878,0.830590932507344,"i=102,j=83"
8652,12.750882,52.413184,0.7248321981114437,"i=103,j=0"
8653,12.751028909354119,52.41318679576421,0.37904575910750704,"i=103,j=1"
8654,12.751175818732332,52.41318959134598,0.8195512359625075,"i=103,j=2"
8655,12.751322728134639,52.413192386745344,0.8519781662852238,"i=103,j=3"
8656,12.75146963756104,52.41319518196227,0.5315815610180487,"i=103,j=4"
8657,12.751616547011533,52.41319797699678,0.7109904109656988,"i=103,j=5"
8658,12.751763456486115,52.41320077184885,0.4990943436674472,"i=103,j=6"
8659,12.751910365984786,52.41320356651851,0.7542143160826622,"i=103,j=7"
8660,12.752057275507545,52.41320636100575,0.5313917762119467,"i=103,j=8"
8661,12.752204185054389,52.413209155310554,0.42641245433367014,"i=103,j=9"
8662,12.752351094625316,52.413211949432934,0.9678125218559719,"i=103,j=10"
8663,12.752498004220325,52.41321474337289,0.11444343852500716,"i=103,j=11"
8664,12.752644913839415,52.41321753713042,0.07925016158034626,"i=103,j=12"
8665,12.752791823482584,52.41322033070553,0.114733119029652,"i=103,j=13"
8666,12.752938733149831,52.41322312409821,0.2166690012854796,"i=103,j=14"
8667,12.753085642841151,52.41322591730847,0.9877601462453899,"i=103,j=15"
8668,12.753232552556549,52.413228710336305,0.808649475699243,"i=103,j=16"
8669,12.753379462296019,52.413231503181706,0.33081921745796916,"i=103,j=17"
8670,12.753526372059559,52.41323429584468,0.7484193762127849,"i=103,j=18"
8671,12.75367328184717,52.41323708832524,0.21392765043823314,"i=103,j=19"
8672,12.753820191658846,52.41323988062338,0.6067257545016898,"i=103,j=20"
8673,12.753967101494592,52.41324267273908,0.7846026239307254,"i=103,j=21"
8674,12.754114011354403,52.41324546467236,0.08860386558059252,"i=103,j=22"
8675,12.754260921238275,52.4132482564232,0.9860364701277237,"i=103,j=23"
8676,12.75440783114621,52.413251047991636,0.8295260049803668,"i=103,j=24"
8677,12.754554741078206,52.41325383937763,0.9862919433397471,"i=103,j=25"
8678,12.754701651034258,52.4132566305812,0.08418273878202431,"i=103,j=26"
8679,12.75484856101437,52.41325942160236,0.9719162038829549,"i=103,j=27"
8680,12.754995471018535,52.41326221244108,0.9554976347018163,"i=103,j=28"
8681,12.755142381046758,52.41326500309738,0.030652090537848453,"i=103,j=29"
8682,12.755289291099029,52.41326779357125,0.015458994374469848,"i=103,j=30"
8683,12.755436201175353,52.4132705838627,0.4689177679486193,"i=103,j=31"
8684,12.755583111275726,52.41327337397172,0.5721920168368662,"i=103,j=32"
8685,12.755730021400145,52.4132761638983,0.054644038166103304,"i=103,j=33"
8686,12.755876931548613,52.413278953642475,0.5449423383874726,"i=103,j=34"
8687,12.756023841721124,52.41328174320421,0.8291338078187622,"i=103,j=35"
8688,12.75617075191768,52.413284532583525,0.8053391842299553,"i=103,j=36"
8689,12.756317662138276,52.4132873217804,0.19523700054888182,"i=103,j=37"
8690,12.756464572382912,52.41329011079485,0.948157414374795,"i=103,j=38"
8691,12.756611482651584,52.41329289962689,0.6412169191522561,"i=103,j=39"
8692,12.756758392944294,52.4132956882765,0.587661879548668,"i=103,j=40"
8693,12.75690530326104,52.41329847674368,0.8451057263765593,"i=103,j=41"
8694,12.75705221360182,52.413301265028416,0.6992830538445238,"i=103,j=42"
8695,12.75719912396663,52.413304053130744,0.9289542414722586,"i=103,j=43"
8696,12.757346034355473,52.41330684105064,0.596261735936414,"i=103,j=44"
8697,12.757492944768345,52.41330962878811,0.9363502614344643,"i=103,j=45"
8698,12.757639855205243,52.413312416343146,0.32552806468867734,"i=103,j=46"
8699,12.757786765666166,52.41331520371576,0.5344138670082244,"i=103,j=47"
8700,12.757933676151113,52.413317990905945,0.6459457664473075,"i=103,j=48"
8701,12.758080586660084,52.41332077791371,0.07700964158753065,"i=103,j=49"
8702,12.758227497193076,52.413323564739045,0.9656540413280023,"i=103,j=50"
8703,12.758374407750088,52.41332635138194,0.41563506177652854,"i=103,j=51"
8704,12.758521318331116,52.41332913784242,0.20083097292174834,"i=103,j=52"
8705,12.758668228936163,52.41333192412047,0.13645399883089582,"i=103,j=53"
8706,12.758815139565224,52.41333471021608,0.8633749362090801,"i=103,j=54"
8707,12.758962050218296,52.41333749612928,0.36437988718281666,"i=103,j=55"
8708,12.759108960895382,52.41334028186004,0.6816774616332456,"i=103,j=56"
8709,12.759255871596476,52.41334306740838,0.4232150312618477,"i=103,j=57"
8710,12.759402782321581,52.41334585277428,0.2839459249156502,"i=103,j=58"
8711,12.75954969307069,52.41334863795776,0.8138279792269808,"i=103,j=59"
8712,12.759696603843807,52.41335142295881,0.6173629015759469,"i=103,j=60"
8713,12.759843514640927,52.41335420777743,0.6862881002455234,"i=103,j=61"
8714,12.75999042546205,52.41335699241363,0.13069669974204046,"i=103,j=62"
8715,12.76013733630717,52.413359776867395,0.6987959766898459,"i=103,j=63"
8716,12.760284247176294,52.41336256113873,0.6515859905926407,"i=103,j=64"
8717,12.760431158069412,52.41336534522763,0.011596995474679517,"i=103,j=65"
8718,12.760578068986531,52.413368129134106,0.48830411183065303,"i=103,j=66"
8719,12.76072497992764,52.41337091285818,0.3867560271302798,"i=103,j=67"
8720,12.76087189089274,52.41337369639979,0.2690247798244938,"i=103,j=68"
8721,12.761018801881836,52.41337647975898,0.2753343622686868,"i=103,j=69"
8722,12.76116571289492,52.41337926293575,0.6858189085061239,"i=103,j=70"
8723,12.76131262393199,52.413382045930085,0.05143054322663643,"i=103,j=71"
8724,12.76145953499305,52.413384828742,0.9156107957067583,"i=103,j=72"
8725,12.761606446078092,52.413387611371476,0.10974329359218304,"i=103,j=73"
8726,12.76175335718712,52.41339039381852,0.6920607430672264,"i=103,j=74"
8727,12.76190026832013,52.41339317608313,0.3352253296523565,"i=103,j=75"
8728,12.762047179477118,52.413395958165324,0.6927225771193088,"i=103,j=76"
8729,12.762194090658085,52.413398740065084,0.34902041534863415,"i=103,j=77"
8730,12.762341001863032,52.41340152178242,0.34454097495087554,"i=103,j=78"
8731,12.762487913091952,52.41340430331731,0.6562992261095231,"i=103,j=79"
8732,12.762634824344845,52.413407084669785,0.13392133009697227,"i=103,j=80"
8733,12.762781735621713,52.413409865839824,0.4855499492910017,"i=103,j=81"
8734,12.762928646922552,52.41341264682744,0.692271268467393,"i=103,j=82"
8735,12.763075558247358,52.41341542763262,0.27630692658525513,"i=103,j=83"
