x_utm,y_utm,value
347182.43313307303,5810395.006805061,32.960303438318405
347192.43313307303,5810395.006805061,32.956924438190796
347202.43313307303,5810395.006805061,32.954978359657154
347212.43313307303,5810395.006805061,32.954508316900416
347222.43313307303,5810395.006805061,32.95554165688461
347232.43313307303,5810395.006805061,32.95808865851153
347242.43313307303,5810395.006805061,32.96214173664473
347252.43313307303,5810395.006805061,32.96767520988233
347262.43313307303,5810395.006805061,32.97464565494893
347272.43313307303,5810395.006805061,32.982992831831595
347282.43313307303,5810395.006805061,32.99264112668694
347292.43313307303,5810395.006805061,33.00350142821035
347302.43313307303,5810395.006805061,33.01547333073738
347312.43313307303,5810395.006805061,33.02844754558121
347322.43313307303,5810395.006805061,33.042308401169265
347332.43313307303,5810395.006805061,33.05693632119556
347342.43313307303,5810395.006805061,33.07221018601005
347182.43313307303,5810385.006805061,32.93244217399677
347192.43313307303,5810385.006805061,32.92859578005728
347202.43313307303,5810385.006805061,32.92630925157947
347212.43313307303,5810385.006805061,32.92563482351408
347222.43313307303,5810385.006805061,32.92660646974023
347232.43313307303,5810385.006805061,32.929238237625164
347242.43313307303,5810385.006805061,32.93352321419728
347252.43313307303,5810385.006805061,32.939433205085834
347262.43313307303,5810385.006805061,32.94691915812274
347272.43313307303,5810385.006805061,32.95591231014556
347282.43313307303,5810385.006805061,32.966325984625875
347292.43313307303,5810385.006805061,32.978057925370486
347302.43313307303,5810385.006805061,32.99099302227084
347312.43313307303,5810385.006805061,33.005006271228304
347322.43313307303,5810385.006805061,33.01996581186012
347332.43313307303,5810385.006805061,33.035735901204916
347342.43313307303,5810385.006805061,33.052179705811305
347182.43313307303,5810375.006805061,32.903085797996695
347192.43313307303,5810375.006805061,32.898697359173546
347202.43313307303,5810375.006805061,32.89601057898386
347212.43313307303,5810375.006805061,32.89508895125868
347222.43313307303,5810375.006805061,32.89597473182283
347232.43313307303,5810375.006805061,32.89868679029673
347242.43313307303,5810375.006805061,32.90321925845243
347252.43313307303,5810375.006805061,32.90954108834329
347262.43313307303,5810375.006805061,32.91759656520403
347272.43313307303,5810375.006805061,32.927306745662776
347282.43313307303,5810375.006805061,32.938571721031614
347292.43313307303,5810375.006805061,32.95127354753575
347302.43313307303,5810375.006805061,32.965279646982914
347312.43313307303,5810375.006805061,32.98044646562735
347322.43313307303,5810375.006805061,32.99662318512313
347332.43313307303,5810375.006805061,33.013655303635886
347182.43313307303,5810365.006805061,32.8721204223955
347192.43313307303,5810365.006805061,32.86710157599772
347202.43313307303,5810365.006805061,32.863943130471576
347212.43313307303,5810365.006805061,32.862722554425204
347222.43313307303,5810365.006805061,32.86349250765282
347232.43313307303,5810365.006805061,32.86627804719688
347242.43313307303,5810365.006805061,32.87107484657586
347252.43313307303,5810365.006805061,32.87784858823394
347262.43313307303,5810365.006805061,32.88653559350304
347272.43313307303,5810365.006805061,32.89704464896175
347282.43313307303,5810365.006805061,32.909259888335036
347292.43313307303,5810365.006805061,32.923044509080825
347302.43313307303,5810365.006805061,32.93824505243954
347312.43313307303,5810365.006805061,32.9546959589405
347322.43313307303,5810365.006805061,32.97222412610394
347332.43313307303,5810365.006805061,32.99065323459114
347182.43313307303,5810355.006805061,32.839422985172746
347192.43313307303,5810355.006805061,32.833668757766645
347202.43313307303,5810355.006805061,32.829953053178414
347212.43313307303,5810355.006805061,32.82837079143273
347222.43313307303,5810355.006805061,32.828987779798176
347232.43313307303,5810355.006805061,32.831837045512025
347242.43313307303,5810355.006805061,32.836916468866875
347252.43313307303,5810355.006805061,32.84418794620835
347262.43313307303,5810355.006805061,32.85357817599005
347272.43313307303,5810355.006805061,32.864981009448364
347282.43313307303,5810355.006805061,32.878261164792086
347292.43313307303,5810355.006805061,32.89325899201584
347302.43313307303,5810355.006805061,32.90979590934216
347312.43313307303,5810355.006805061,32.92768011677358
347322.43313307303,5810355.006805061,32.9467122224908
347332.43313307303,5810355.006805061,32.96669048199998
347182.43313307303,5810345.006805061,32.80486097864263
347192.43313307303,5810345.006805061,32.79824617293734
347202.43313307303,5810345.006805061,32.7938701998007
347212.43313307303,5810345.006805061,32.7918499186295
347222.43313307303,5810345.006805061,32.79226786388452
347232.43313307303,5810345.006805061,32.79516738238029
347242.43313307303,5810345.006805061,32.800549455525655
347252.43313307303,5810345.006805061,32.80837154094555
347262.43313307303,5810345.006805061,32.81854857052722
347272.43313307303,5810345.006805061,32.83095602016297
347282.43313307303,5810345.006805061,32.845434759063174
347292.43313307303,5810345.006805061,32.86179722844872
347302.43313307303,5810345.006805061,32.87983441311271
347312.43313307303,5810345.006805061,32.899323060276274
347322.43313307303,5810345.006805061,32.92003265803278
347182.43313307303,5810335.006805061,32.76829245106
347192.43313307303,5810335.006805061,32.76066711501824
347202.43313307303,5810335.006805061,32.75550633910927
347212.43313307303,5810335.006805061,32.7529547683209
347222.43313307303,5810335.006805061,32.753116382680155
347232.43313307303,5810335.006805061,32.756047976655566
347242.43313307303,5810335.006805061,32.7617548438383
347252.43313307303,5810335.006805061,32.77018916260589
347262.43313307303,5810335.006805061,32.78125128785241
347272.43313307303,5810335.006805061,32.794793823217084
347282.43313307303,5810335.006805061,32.81062804137725
347292.43313307303,5810335.006805061,32.82853199374692
347302.43313307303,5810335.006805061,32.8482595396228
347312.43313307303,5810335.006805061,32.869549533243195
347322.43313307303,5810335.006805061,32.89213451399339
347182.43313307303,5810325.006805061,32.729566454393414
347192.43313307303,5810325.006805061,32.72075016338194
347202.43313307303,5810325.006805061,32.71465326307356
347212.43313307303,5810325.006805061,32.711455874447225
347222.43313307303,5810325.006805061,32.71128971225119
347232.43313307303,5810325.006805061,32.7142292321006
347242.43313307303,5810325.006805061,32.72028569423219
347252.43313307303,5810325.006805061,32.729404892740675
347262.43313307303,5810325.006805061,32.74146886305695
347272.43313307303,5810325.006805061,32.756301377023405
347282.43313307303,5810325.006805061,32.77367657202631
347292.43313307303,5810325.006805061,32.79332973291734
347302.43313307303,5810325.006805061,32.8149691057656
347312.43313307303,5810325.006805061,32.838287671044284
347182.43313307303,5810315.006805061,32.688524202513335
347192.43313307303,5810315.006805061,32.67829879774116
347202.43313307303,5810315.006805061,32.67108086203846
347212.43313307303,5810315.006805061,32.6670962156561
347222.43313307303,5810315.006805061,32.666512795056136
347232.43313307303,5810315.006805061,32.669428467364746
347242.43313307303,5810315.006805061,32.675862744196635
347252.43313307303,5810315.006805061,32.68575355004267
347262.43313307303,5810315.006805061,32.6989595323712
347272.43313307303,5810315.006805061,32.715267616160375
347282.43313307303,5810315.006805061,32.73440479234818
347292.43313307303,5810315.006805061,32.75605264933047
347302.43313307303,5810315.006805061,32.779862991008365
347312.43313307303,5810315.006805061,32.80547301946733
347182.43313307303,5810305.006805061,32.645001344403234
347192.43313307303,5810305.006805061,32.633101654418894
347202.43313307303,5810305.006805061,32.62453530606522
347212.43313307303,5810305.006805061,32.61958756312327
347222.43313307303,5810305.006805061,32.618474193949204
347232.43313307303,5810305.006805061,32.621324441961455
347242.43313307303,5810305.006805061,32.62816926638834
347252.43313307303,5810305.006805061,32.638936677421825
347262.43313307303,5810305.006805061,32.65345494279641
347272.43313307303,5810305.006805061,32.67146318830584
347282.43313307303,5810305.006805061,32.69262778982284
347292.43313307303,5810305.006805061,32.71656224297607
347302.43313307303,5810305.006805061,32.74284802491654
347312.43313307303,5810305.006805061,32.7710542757922
347182.43313307303,5810295.006805061,32.59883197437064
347192.43313307303,5810295.006805061,32.5849338938629
347202.43313307303,5810295.006805061,32.5747375864788
347212.43313307303,5810295.006805061,32.56860645989471
347222.43313307303,5810295.006805061,32.56682023839533
347232.43313307303,5810295.006805061,32.56955076001478
347242.43313307303,5810295.006805061,32.57684497221372
347252.43313307303,5810295.006805061,32.58861808262852
347262.43313307303,5810295.006805061,32.60465813806756
347272.43313307303,5810295.006805061,32.62464123919191
347282.43313307303,5810295.006805061,32.648154777533215
347292.43313307303,5810295.006805061,32.674725020013334
347302.43313307303,5810295.006805061,32.703845254163134
347182.43313307303,5810285.006805061,32.54985534004696
347192.43313307303,5810285.006805061,32.53356044694018
347202.43313307303,5810285.006805061,32.521382874485546
347212.43313307303,5810285.006805061,32.51378993988722
347222.43313307303,5810285.006805061,32.511148092879175
347232.43313307303,5810285.006805061,32.5136878707349
347242.43313307303,5810285.006805061,32.52147877771898
347252.43313307303,5810285.006805061,32.53441902318981
347262.43313307303,5810285.006805061,32.55224226959595
347272.43313307303,5810285.006805061,32.57454002563838
347282.43313307303,5810285.006805061,32.60079528722338
347292.43313307303,5810285.006805061,32.63042144287605
347302.43313307303,5810285.006805061,32.66280059044358
347182.43313307303,5810275.006805061,32.497926739778364
347192.43313307303,5810275.006805061,32.478742403412134
347202.43313307303,5810275.006805061,32.464141512594004
347212.43313307303,5810275.006805061,32.45473125731289
347222.43313307303,5810275.006805061,32.4509975653926
347232.43313307303,5810275.006805061,32.45325330069214
347242.43313307303,5810275.006805061,32.46160023239058
347252.43313307303,5810275.006805061,32.475913286788305
347262.43313307303,5810275.006805061,32.49585084741075
347272.43313307303,5810275.006805061,32.520888654590856
347282.43313307303,5810275.006805061,32.550369641501874
347292.43313307303,5810275.006805061,32.58355970153018
347182.43313307303,5810265.006805061,32.44293493442572
347192.43313307303,5810265.006805061,32.42024864126634
347202.43313307303,5810265.006805061,32.40266309965897
347212.43313307303,5810265.006805061,32.39097621997857
347222.43313307303,5810265.006805061,32.38584148975243
347232.43313307303,5810265.006805061,32.38768963984123
347242.43313307303,5810265.006805061,32.39666942200881
347252.43313307303,5810265.006805061,32.41262274097542
347262.43313307303,5810265.006805061,32.435101009693355
347272.43313307303,5810265.006805061,32.46341812396701
347282.43313307303,5810265.006805061,32.496726165789596
347292.43313307303,5810265.006805061,32.534096627463164
347302.43313307303,5810265.006805061,32.57459271578023
347182.43313307303,5810255.006805061,32.38482970232595
347192.43313307303,5810255.006805061,32.35787621979591
347202.43313307303,5810255.006805061,32.33658631304736
347212.43313307303,5810255.006805061,32.322021365710796
347222.43313307303,5810255.006805061,32.31507460332119
347232.43313307303,5810255.006805061,32.31634964915871
347242.43313307303,5810255.006805061,32.32606523797415
347252.43313307303,5810255.006805061,32.344014578655575
347262.43313307303,5810255.006805061,32.36959251372713
347272.43313307303,5810255.006805061,32.40188134648669
347282.43313307303,5810255.006805061,32.4397690099032
347292.43313307303,5810255.006805061,32.48206911275318
347302.43313307303,5810255.006805061,32.5276201495723
347182.43313307303,5810245.006805061,32.323665175412316
347192.43313307303,5810245.006805061,32.29148551172098
347202.43313307303,5810245.006805061,32.26555933024642
347212.43313307303,5810245.006805061,32.24731654074241
347222.43313307303,5810245.006805061,32.23800110631513
347232.43313307303,5810245.006805061,32.238477645541614
347242.43313307303,5810245.006805061,32.24907216300399
347252.43313307303,5810245.006805061,32.26950282915013
347262.43313307303,5810245.006805061,32.298927459882144
347272.43313307303,5810245.006805061,32.33608844317401
347282.43313307303,5810245.006805061,32.379502635757596
347292.43313307303,5810245.006805061,32.42764076856343
347302.43313307303,5810245.006805061,32.47906148666439
347182.43313307303,5810235.006805061,32.25966757624516
347192.43313307303,5810235.006805061,32.221060288376556
347202.43313307303,5810235.006805061,32.18927998180344
347212.43313307303,5810235.006805061,32.16627722130996
347222.43313307303,5810235.006805061,32.153821789280066
347232.43313307303,5810235.006805061,32.1531860238783
347242.43313307303,5810235.006805061,32.16486641846626
347252.43313307303,5810235.006805061,32.18845955310429
347262.43313307303,5810235.006805061,32.22275022229049
347272.43313307303,5810235.006805061,32.26596811814321
347282.43313307303,5810235.006805061,32.31610229772831
347292.43313307303,5810235.006805061,32.37117012526738
347302.43313307303,5810235.006805061,32.429391138781696
347182.43313307303,5810225.006805061,32.19334001880117
347192.43313307303,5810225.006805061,32.146810224246586
347202.43313307303,5810225.006805061,32.10757319564056
347212.43313307303,5810225.006805061,32.07831803564967
347222.43313307303,5810225.006805061,32.06162342748238
347232.43313307303,5810225.006805061,32.0594253587777
347242.43313307303,5810225.006805061,32.0725041368932
347252.43313307303,5810225.006805061,32.100247426849705
347262.43313307303,5810225.006805061,32.14082589988565
347272.43313307303,5810225.006805061,32.191673704597285
347282.43313307303,5810225.006805061,32.250024324564386
347292.43313307303,5810225.006805061,32.313307808929245
347302.43313307303,5810225.006805061,32.37935495335958
347182.43313307303,5810215.006805061,32.125621295569246
347192.43313307303,5810215.006805061,32.06934517952994
347202.43313307303,5810215.006805061,32.020540282193096
347212.43313307303,5810215.006805061,31.982933097691692
347222.43313307303,5810215.006805061,31.960377966853223
347232.43313307303,5810215.006805061,31.95594593106001
347242.43313307303,5810215.006805061,31.97091909548815
347252.43313307303,5810215.006805061,32.004300017764855
347262.43313307303,5810215.006805061,32.053193475661956
347272.43313307303,5810215.006805061,32.113765294167145
347282.43313307303,5810215.006805061,32.182174849132075
347292.43313307303,5810215.006805061,32.255128955658456
347302.43313307303,5810215.006805061,32.33006183118263
347182.43313307303,5810205.006805061,32.05811604180987
347192.43313307303,5810205.006805061,31.989967749128063
347202.43313307303,5810205.006805061,31.928849020215306
347212.43313307303,5810205.006805061,31.879883562484522
347222.43313307303,5810205.006805061,31.84897277282517
347232.43313307303,5810205.006805061,31.84124765625355
347242.43313307303,5810205.006805061,31.858951477573616
347252.43313307303,5810205.006805061,31.90031201775756
347262.43313307303,5810205.006805061,31.96046617324413
347272.43313307303,5810205.006805061,32.03351797881522
347282.43313307303,5810205.006805061,32.11415657060521
347292.43313307303,5810205.006805061,32.19829914702803
347302.43313307303,5810205.006805061,32.28307981873466
347182.43313307303,5810195.006805061,31.99339776418187
347192.43313307303,5810195.006805061,31.911145390656888
347202.43313307303,5810195.006805061,31.834300214044017
347212.43313307303,5810195.006805061,31.769644094380748
347222.43313307303,5810195.006805061,31.726336752061016
347232.43313307303,5810195.006805061,31.71351411074982
347242.43313307303,5810195.006805061,31.735473350909373
347252.43313307303,5810195.006805061,31.788696194572072
347262.43313307303,5810195.006805061,31.86442208095479
347272.43313307303,5810195.006805061,31.95342280280499
347282.43313307303,5810195.006805061,32.048596630170344
347292.43313307303,5810195.006805061,32.145248616557026
347302.43313307303,5810195.006805061,32.240507348792335
347182.43313307303,5810185.006805061,31.935324001585624
347192.43313307303,5810185.006805061,31.837194686422556
347202.43313307303,5810185.006805061,31.740910721239302
347212.43313307303,5810185.006805061,31.65451198499161
347222.43313307303,5810185.006805061,31.591887814947995
347232.43313307303,5810185.006805061,31.57052442452626
347242.43313307303,5810185.006805061,31.59983993634248
347252.43313307303,5810185.006805061,31.67172503977223
347262.43313307303,5810185.006805061,31.76913907018737
347272.43313307303,5810185.006805061,31.877917738364953
347282.43313307303,5810185.006805061,31.98949222646938
347292.43313307303,5810185.006805061,32.09927903222902
347302.43313307303,5810185.006805061,32.204963341335976
347182.43313307303,5810175.006805061,31.889150435684225
347192.43313307303,5810175.006805061,31.775001084661344
347202.43313307303,5810175.006805061,31.656761858291187
347212.43313307303,5810175.006805061,31.541454728241398
347222.43313307303,5810175.006805061,31.44726057875415
347232.43313307303,5810175.006805061,31.40953385520756
347242.43313307303,5810175.006805061,31.453642089862093
347252.43313307303,5810175.006805061,31.55647240672668
347262.43313307303,5810175.006805061,31.68294039358185
347272.43313307303,5810175.006805061,31.814164594768464
347282.43313307303,5810175.006805061,31.942345999082946
347292.43313307303,5810175.006805061,32.06445174589263
347302.43313307303,5810175.006805061,32.17941643886808
347182.43313307303,5810165.006805061,31.861011800902165
347192.43313307303,5810165.006805061,31.73396750071716
347202.43313307303,5810165.006805061,31.59595786727081
347212.43313307303,5810165.006805061,31.448757373317406
347222.43313307303,5810165.006805061,31.30461393091401
347232.43313307303,5810165.006805061,31.227109229612115
347242.43313307303,5810165.006805061,31.30915385025334
347252.43313307303,5810165.006805061,31.461696904568555
347262.43313307303,5810165.006805061,31.620471154122153
347272.43313307303,5810165.006805061,31.772015664004552
347282.43313307303,5810165.006805061,31.913624632536077
347292.43313307303,5810165.006805061,32.045064245330764
347302.43313307303,5810165.006805061,32.166788756497894
347672.43313307303,5810165.006805061,33.21840919492132
347682.43313307303,5810165.006805061,33.259169878121476
347692.43313307303,5810165.006805061,33.2988539417004
347702.43313307303,5810165.006805061,33.33674931766282
347712.43313307303,5810165.006805061,33.37274111307087
347722.43313307303,5810165.006805061,33.40688115817011
347732.43313307303,5810165.006805061,33.4392696453693
347742.43313307303,5810165.006805061,33.47001689898082
347752.43313307303,5810165.006805061,33.49923013589354
347762.43313307303,5810165.006805061,33.52700906749147
347772.43313307303,5810165.006805061,33.55344485861271
347782.43313307303,5810165.006805061,33.57862038029874
347792.43313307303,5810165.006805061,33.60261092687722
347802.43313307303,5810165.006805061,33.62548505285183
347182.43313307303,5810155.006805061,31.856366176749766
347192.43313307303,5810155.006805061,31.723628497026827
347202.43313307303,5810155.006805061,31.576460521563156
347212.43313307303,5810155.006805061,31.41227918867415
347222.43313307303,5810155.006805061,31.227820671943256
347232.43313307303,5810155.006805061,31.018898010253906
347242.43313307303,5810155.006805061,31.231254501010408
347252.43313307303,5810155.006805061,31.42435194661781
347262.43313307303,5810155.006805061,31.600461063469947
347272.43313307303,5810155.006805061,31.761500298951134
347282.43313307303,5810155.006805061,31.909100696154987
347292.43313307303,5810155.006805061,32.044656822646054
347302.43313307303,5810155.006805061,32.16936712570869
347672.43313307303,5810155.006805061,33.21084814450705
347682.43313307303,5810155.006805061,33.25657394013909
347692.43313307303,5810155.006805061,33.299224197049284
347702.43313307303,5810155.006805061,33.33915827578569
347712.43313307303,5810155.006805061,33.3766683750565
347722.43313307303,5810155.006805061,33.41199546192698
347732.43313307303,5810155.006805061,33.44534086576667
347742.43313307303,5810155.006805061,33.47687485161062
347752.43313307303,5810155.006805061,33.50674305092277
347762.43313307303,5810155.006805061,33.53507134743951
347772.43313307303,5810155.006805061,33.561969632372616
347782.43313307303,5810155.006805061,33.58753472090632
347792.43313307303,5810155.006805061,33.6118526388488
347802.43313307303,5810155.006805061,33.63500043096307
347182.43313307303,5810145.006805061,31.877823048021842
347192.43313307303,5810145.006805061,31.748757382904778
347202.43313307303,5810145.006805061,31.608335982711484
347212.43313307303,5810145.006805061,31.458323825878704
347222.43313307303,5810145.006805061,31.31119503925562
347232.43313307303,5810145.006805061,31.231994683356408
347242.43313307303,5810145.006805061,31.315851174274364
347252.43313307303,5810145.006805061,31.47157790307064
347262.43313307303,5810145.006805061,31.633413129524616
347272.43313307303,5810145.006805061,31.787634700461044
347282.43313307303,5810145.006805061,31.931524842612163
347292.43313307303,5810145.006805061,32.0648867178124
347302.43313307303,5810145.006805061,32.18821931027667
347672.43313307303,5810145.006805061,33.22493467228574
347682.43313307303,5810145.006805061,33.26780482637914
347692.43313307303,5810145.006805061,33.30939614592884
347702.43313307303,5810145.006805061,33.34897863242983
347712.43313307303,5810145.006805061,33.3864518663336
347722.43313307303,5810145.006805061,33.42188827120329
347732.43313307303,5810145.006805061,33.455408261939
347742.43313307303,5810145.006805061,33.4871403855545
347752.43313307303,5810145.006805061,33.51720784089808
347762.43313307303,5810145.006805061,33.54572425019808
347772.43313307303,5810145.006805061,33.572792889706186
347782.43313307303,5810145.006805061,33.59850721462017
347792.43313307303,5810145.006805061,33.62295181746359
347802.43313307303,5810145.006805061,33.64620346891247
347182.43313307303,5810135.006805061,31.92393435843082
347192.43313307303,5810135.006805061,31.806240185745832
347202.43313307303,5810135.006805061,31.68399177572104
347212.43313307303,5810135.006805061,31.56445493367317
347222.43313307303,5810135.006805061,31.466579736546862
347232.43313307303,5810135.006805061,31.427335853684756
347242.43313307303,5810135.006805061,31.473276203345918
347252.43313307303,5810135.006805061,31.580187569039477
347262.43313307303,5810135.006805061,31.71136143907747
347272.43313307303,5810135.006805061,31.84710235209322
347282.43313307303,5810135.006805061,31.979330184075348
347292.43313307303,5810135.006805061,32.10494775023277
347302.43313307303,5810135.006805061,32.22290570530929
347672.43313307303,5810135.006805061,33.25579622379239
347682.43313307303,5810135.006805061,33.29150574324053
347692.43313307303,5810135.006805061,33.328998375577214
347702.43313307303,5810135.006805061,33.36616272455162
347712.43313307303,5810135.006805061,33.40215720829181
347722.43313307303,5810135.006805061,33.43666246007572
347732.43313307303,5810135.006805061,33.469582448786426
347742.43313307303,5810135.006805061,33.50092019849567
347752.43313307303,5810135.006805061,33.530722960750964
347762.43313307303,5810135.006805061,33.55905678392137
347772.43313307303,5810135.006805061,33.58599431665192
347782.43313307303,5810135.006805061,33.6116088839708
347792.43313307303,5810135.006805061,33.63597165529526
347802.43313307303,5810135.006805061,33.659150376937475
347182.43313307303,5810125.006805061,31.990064599919517
347192.43313307303,5810125.006805061,31.887560249418314
347202.43313307303,5810125.006805061,31.786624033855922
347212.43313307303,5810125.006805061,31.695758914511973
347222.43313307303,5810125.006805061,31.629738600781835
347232.43313307303,5810125.006805061,31.607219704648724
347242.43313307303,5810125.006805061,31.638256840787676
347252.43313307303,5810125.006805061,31.714166264785323
347262.43313307303,5810125.006805061,31.8167423381456
347272.43313307303,5810125.006805061,31.930901816735748
347282.43313307303,5810125.006805061,32.04757297724763
347292.43313307303,5810125.006805061,32.161950896161265
347302.43313307303,5810125.006805061,32.271649284033394
347662.43313307303,5810125.006805061,33.273348421900494
347672.43313307303,5810125.006805061,33.29475513827117
347682.43313307303,5810125.006805061,33.32363683883723
347692.43313307303,5810125.006805061,33.35609179130781
347702.43313307303,5810125.006805061,33.3897356607376
347712.43313307303,5810125.006805061,33.42327806590013
347722.43313307303,5810125.006805061,33.45605245773768
347732.43313307303,5810125.006805061,33.48772730079736
347742.43313307303,5810125.006805061,33.51815011270621
347752.43313307303,5810125.006805061,33.5472650673246
347762.43313307303,5810125.006805061,33.57506895309359
347772.43313307303,5810125.006805061,33.60158713648926
347782.43313307303,5810125.006805061,33.6268601678939
347792.43313307303,5810125.006805061,33.65093619132647
347182.43313307303,5810115.006805061,32.070447299540156
347192.43313307303,5810115.006805061,31.98359701303136
347202.43313307303,5810115.006805061,31.902131250879222
347212.43313307303,5810115.006805061,31.83335873541691
347222.43313307303,5810115.006805061,31.787201845856835
347232.43313307303,5810115.006805061,31.77358523896097
347242.43313307303,5810115.006805061,31.79717469158174
347252.43313307303,5810115.006805061,31.85412161143159
347262.43313307303,5810115.006805061,31.934883197812237
347272.43313307303,5810115.006805061,32.02944476831644
347282.43313307303,5810115.006805061,32.130143371119274
347292.43313307303,5810115.006805061,32.231956632251496
347302.43313307303,5810115.006805061,32.331852061745856
347312.43313307303,5810115.006805061,32.42809789120067
347322.43313307303,5810115.006805061,32.51976526088835
347332.43313307303,5810115.006805061,32.60640914389077
347342.43313307303,5810115.006805061,32.68787212789269
347352.43313307303,5810115.006805061,32.764165051888895
347362.43313307303,5810115.006805061,32.83539429585513
347372.43313307303,5810115.006805061,32.90171725693058
347382.43313307303,5810115.006805061,32.96331495514671
347392.43313307303,5810115.006805061,33.020375150919484
347402.43313307303,5810115.006805061,33.0730819796942
347412.43313307303,5810115.006805061,33.12160966347827
347422.43313307303,5810115.006805061,33.166118789665205
347662.43313307303,5810115.006805061,33.32002321876517
347672.43313307303,5810115.006805061,33.33696411553149
347682.43313307303,5810115.006805061,33.36062594038047
347692.43313307303,5810115.006805061,33.388419285578834
347702.43313307303,5810115.006805061,33.41831872968613
347712.43313307303,5810115.006805061,33.448970469652046
347722.43313307303,5810115.006805061,33.47953567493028
347732.43313307303,5810115.006805061,33.50951565497694
347742.43313307303,5810115.006805061,33.53862403766112
347752.43313307303,5810115.006805061,33.56670452029285
347762.43313307303,5810115.006805061,33.59368020896348
347772.43313307303,5810115.006805061,33.61952274751906
347782.43313307303,5810115.006805061,33.64423344559631
347792.43313307303,5810115.006805061,33.667831641161676
347182.43313307303,5810105.006805061,32.159832744089584
347192.43313307303,5810105.006805061,32.08728334547551
347202.43313307303,5810105.006805061,32.02194921910473
347212.43313307303,5810105.006805061,31.969444745954256
347222.43313307303,5810105.006805061,31.936267312718233
347232.43313307303,5810105.006805061,31.928079715033356
347242.43313307303,5810105.006805061,31.94735174999511
347252.43313307303,5810105.006805061,31.992104016978356
347262.43313307303,5810105.006805061,32.05694347370478
347272.43313307303,5810105.006805061,32.135360294909056
347282.43313307303,5810105.006805061,32.22152522586704
347292.43313307303,5810105.006805061,32.31099380266865
347302.43313307303,5810105.006805061,32.40068157900799
347312.43313307303,5810105.006805061,32.488573180085844
347322.43313307303,5810105.006805061,32.57341302292615
347332.43313307303,5810105.006805061,32.65445885132306
347342.43313307303,5810105.006805061,32.731305707151996
347352.43313307303,5810105.006805061,32.80376615222539
347362.43313307303,5810105.006805061,32.87179049110853
347372.43313307303,5810105.006805061,32.9354140860807
347382.43313307303,5810105.006805061,32.994722652790124
347392.43313307303,5810105.006805061,33.0498294105436
347402.43313307303,5810105.006805061,33.100860049658415
347412.43313307303,5810105.006805061,33.147942871665485
347422.43313307303,5810105.006805061,33.19120237050869
347432.43313307303,5810105.006805061,33.23075511777003
347442.43313307303,5810105.006805061,33.26670720467553
347452.43313307303,5810105.006805061,33.29915275219373
347462.43313307303,5810105.006805061,33.32817317611443
347472.43313307303,5810105.006805061,33.35383701831747
347482.43313307303,5810105.006805061,33.3762002502195
347492.43313307303,5810105.006805061,33.395307035759615
347502.43313307303,5810105.006805061,33.41119102309729
347512.43313307303,5810105.006805061,33.423877330824766
347522.43313307303,5810105.006805061,33.433385523802734
347532.43313307303,5810105.006805061,33.43973406069854
347662.43313307303,5810105.006805061,33.36619251487571
347672.43313307303,5810105.006805061,33.380357279502284
347682.43313307303,5810105.006805061,33.40023648596531
347692.43313307303,5810105.006805061,33.424160840525296
347702.43313307303,5810105.006805061,33.45058663184772
347712.43313307303,5810105.006805061,33.478310053521774
347722.43313307303,5810105.006805061,33.50647644546405
347732.43313307303,5810105.006805061,33.53451117346642
347742.43313307303,5810105.006805061,33.562041599567074
347752.43313307303,5810105.006805061,33.58883375515775
347762.43313307303,5810105.006805061,33.61474672801671
347772.43313307303,5810105.006805061,33.639701452719834
347782.43313307303,5810105.006805061,33.66365981088144
347792.43313307303,5810105.006805061,33.686610731628434
347182.43313307303,5810095.006805061,32.25416212654059
347192.43313307303,5810095.006805061,32.19393031347731
347202.43313307303,5810095.006805061,32.1414882667506
347212.43313307303,5810095.006805061,32.10097959107555
347222.43313307303,5810095.006805061,32.07670870250611
347232.43313307303,5810095.006805061,32.07211133869425
347242.43313307303,5810095.006805061,32.0886146023502
347252.43313307303,5810095.006805061,32.12508164649978
347262.43313307303,5810095.006805061,32.178248666181
347272.43313307303,5810095.006805061,32.24381576328222
347282.43313307303,5810095.006805061,32.31750254814484
347292.43313307303,5810095.006805061,32.395668707788964
347302.43313307303,5810095.006805061,32.475508314941976
347312.43313307303,5810095.006805061,32.554995000582
347322.43313307303,5810095.006805061,32.63273309735595
347332.43313307303,5810095.006805061,32.70779982063798
347342.43313307303,5810095.006805061,32.77961166989319
347352.43313307303,5810095.006805061,32.84782187199881
347362.43313307303,5810095.006805061,32.912245442996465
347372.43313307303,5810095.006805061,32.97280584180552
347382.43313307303,5810095.006805061,33.029497522041424
347392.43313307303,5810095.006805061,33.08235984408972
347402.43313307303,5810095.006805061,33.131458986785184
347412.43313307303,5810095.006805061,33.17687545835779
347422.43313307303,5810095.006805061,33.218695524253214
347432.43313307303,5810095.006805061,33.25700538523739
347442.43313307303,5810095.006805061,33.29188730374124
347452.43313307303,5810095.006805061,33.32341713382578
347462.43313307303,5810095.006805061,33.35166289451289
347472.43313307303,5810095.006805061,33.3766841628246
347482.43313307303,5810095.006805061,33.39853217064764
347492.43313307303,5810095.006805061,33.417250583450894
347502.43313307303,5810095.006805061,33.43287703200642
347512.43313307303,5810095.006805061,33.44544557363984
347522.43313307303,5810095.006805061,33.45499039183507
347532.43313307303,5810095.006805061,33.46155121986012
347542.43313307303,5810095.006805061,33.465181216156644
347552.43313307303,5810095.006805061,33.46595834672753
347562.43313307303,5810095.006805061,33.46400174836698
347572.43313307303,5810095.006805061,33.459495007160825
347582.43313307303,5810095.006805061,33.45271858359532
347592.43313307303,5810095.006805061,33.444093160767395
347602.43313307303,5810095.006805061,33.43423309961226
347612.43313307303,5810095.006805061,33.42400180295283
347622.43313307303,5810095.006805061,33.41454525086411
347632.43313307303,5810095.006805061,33.40725705960741
347642.43313307303,5810095.006805061,33.40361599509197
347662.43313307303,5810095.006805061,33.41172838450898
347672.43313307303,5810095.006805061,33.42409027146798
347682.43313307303,5810095.006805061,33.441232621317425
347692.43313307303,5810095.006805061,33.46207178007365
347702.43313307303,5810095.006805061,33.48547772853212
347712.43313307303,5810095.006805061,33.510461801724034
347722.43313307303,5810095.006805061,33.53624371606828
347732.43313307303,5810095.006805061,33.562245866425464
347742.43313307303,5810095.006805061,33.58805846415892
347752.43313307303,5810095.006805061,33.61339998264772
347762.43313307303,5810095.006805061,33.63808283039187
347772.43313307303,5810095.006805061,33.66198664298457
347782.43313307303,5810095.006805061,33.68503857553764
347792.43313307303,5810095.006805061,33.70719914234815
347182.43313307303,5810085.006805061,32.350577051025724
347192.43313307303,5810085.006805061,32.30066478077446
347202.43313307303,5810085.006805061,32.25842927742962
347212.43313307303,5810085.006805061,32.22689896467987
347222.43313307303,5810085.006805061,32.20898919956817
347232.43313307303,5810085.006805061,32.206890848390934
347242.43313307303,5810085.006805061,32.22147952490797
347252.43313307303,5810085.006805061,32.25204373721908
347262.43313307303,5810085.006805061,32.296490461135114
347272.43313307303,5810085.006805061,32.35190188874068
347282.43313307303,5810085.006805061,32.41515280061061
347292.43313307303,5810085.006805061,32.483363982098
347302.43313307303,5810085.006805061,32.5541304855456
347312.43313307303,5810085.006805061,32.62557442315061
347322.43313307303,5810085.006805061,32.69629945384457
347332.43313307303,5810085.006805061,32.765306757702795
347342.43313307303,5810085.006805061,32.83190658658819
347352.43313307303,5810085.006805061,32.89564046385547
347362.43313307303,5810085.006805061,32.95621841171812
347372.43313307303,5810085.006805061,33.01347065596958
347382.43313307303,5810085.006805061,33.067311491536756
347392.43313307303,5810085.006805061,33.11771270532067
347402.43313307303,5810085.006805061,33.16468424644953
347412.43313307303,5810085.006805061,33.20826028694543
347422.43313307303,5810085.006805061,33.2484892546152
347432.43313307303,5810085.006805061,33.28542678788582
347442.43313307303,5810085.006805061,33.319130851909016
347452.43313307303,5810085.006805061,33.34965847728682
347462.43313307303,5810085.006805061,33.37706375263933
347472.43313307303,5810085.006805061,33.401396834966036
347482.43313307303,5810085.006805061,33.42270385053269
347492.43313307303,5810085.006805061,33.44102765528064
347502.43313307303,5810085.006805061,33.45640951775222
347512.43313307303,5810085.006805061,33.468891888895136
347522.43313307303,5810085.006805061,33.478522541059945
347532.43313307303,5810085.006805061,33.48536050094596
347542.43313307303,5810085.006805061,33.4894843714652
347552.43313307303,5810085.006805061,33.49100382549738
347562.43313307303,5810085.006805061,33.4900752173625
347572.43313307303,5810085.006805061,33.48692227911556
347582.43313307303,5810085.006805061,33.48186248437146
347592.43313307303,5810085.006805061,33.47533835103622
347602.43313307303,5810085.006805061,33.46794985627565
347612.43313307303,5810085.006805061,33.46047826865948
347622.43313307303,5810085.006805061,33.45388312642193
347632.43313307303,5810085.006805061,33.44924679874159
347642.43313307303,5810085.006805061,33.44764612886087
347652.43313307303,5810085.006805061,33.449961732776394
347662.43313307303,5810085.006805061,33.45668742918995
347672.43313307303,5810085.006805061,33.467831605109104
347682.43313307303,5810085.006805061,33.48296266014704
347692.43313307303,5810085.006805061,33.50136514200779
347702.43313307303,5810085.006805061,33.52222132471712
347712.43313307303,5810085.006805061,33.54474978543373
347722.43313307303,5810085.006805061,33.568280040859676
347732.43313307303,5810085.006805061,33.59227569899069
347742.43313307303,5810085.006805061,33.61632770521652
347752.43313307303,5810085.006805061,33.64013491047803
347762.43313307303,5810085.006805061,33.663482033364446
347772.43313307303,5810085.006805061,33.686219655416515
347782.43313307303,5810085.006805061,33.70824777458989
347182.43313307303,5810075.006805061,32.44717731209211
347192.43313307303,5810075.006805061,32.40581315604063
347202.43313307303,5810075.006805061,32.371675495173925
347212.43313307303,5810075.006805061,32.34698507307271
347222.43313307303,5810075.006805061,32.33376361753869
347232.43313307303,5810075.006805061,32.33346464349252
347242.43313307303,5810075.006805061,32.34664832627004
347252.43313307303,5810075.006805061,32.37283761514601
347262.43313307303,5810075.006805061,32.41062376670521
347272.43313307303,5810075.006805061,32.45796902781573
347282.43313307303,5810075.006805061,32.512574956310786
347292.43313307303,5810075.006805061,32.57219454566928
347302.43313307303,5810075.006805061,32.63483072858029
347312.43313307303,5810075.006805061,32.69882437499178
347322.43313307303,5810075.006805061,32.762864046245575
347332.43313307303,5810075.006805061,32.82595244072979
347342.43313307303,5810075.006805061,32.887355361689096
347352.43313307303,5810075.006805061,32.94654850519902
347362.43313307303,5810075.006805061,33.003169488227286
347372.43313307303,5810075.006805061,33.056977761850156
347382.43313307303,5810075.006805061,33.10782258030612
347392.43313307303,5810075.006805061,33.155618122313314
347402.43313307303,5810075.006805061,33.20032453432931
347412.43313307303,5810075.006805061,33.241933691500655
347422.43313307303,5810075.006805061,33.28045863781966
347432.43313307303,5810075.006805061,33.31592586808096
347442.43313307303,5810075.006805061,33.34836980529444
347452.43313307303,5810075.006805061,33.377828992738344
347462.43313307303,5810075.006805061,33.40434365822064
347472.43313307303,5810075.006805061,33.42795442363112
347482.43313307303,5810075.006805061,33.44870203183126
347492.43313307303,5810075.006805061,33.46662805202195
347502.43313307303,5810075.006805061,33.48177661021444
347512.43313307303,5810075.006805061,33.49419727858744
347522.43313307303,5810075.006805061,33.503949349635676
347532.43313307303,5810075.006805061,33.51110781717999
347542.43313307303,5810075.006805061,33.51577147670124
347552.43313307303,5810075.006805061,33.5180736142571
347562.43313307303,5810075.006805061,33.5181957143949
347572.43313307303,5810075.006805061,33.51638436129718
347582.43313307303,5810075.006805061,33.51297082184711
347592.43313307303,5810075.006805061,33.50839137063145
347602.43313307303,5810075.006805061,33.503203913226805
347612.43313307303,5810075.006805061,33.49809287121265
347622.43313307303,5810075.006805061,33.493850677176944
347632.43313307303,5810075.006805061,33.49132372386839
347642.43313307303,5810075.006805061,33.49131819936859
347652.43313307303,5810075.006805061,33.494479693055425
347662.43313307303,5810075.006805061,33.501182744064955
347672.43313307303,5810075.006805061,33.511474323576195
347682.43313307303,5810075.006805061,33.52509494131693
347692.43313307303,5810075.006805061,33.54156377473249
347702.43313307303,5810075.006805061,33.56028854304451
347712.43313307303,5810075.006805061,33.58066229451117
347722.43313307303,5810075.006805061,33.602128126981476
347732.43313307303,5810075.006805061,33.62421130434586
347742.43313307303,5810075.006805061,33.64652752347759
347752.43313307303,5810075.006805061,33.66877737818303
347762.43313307303,5810075.006805061,33.69073465837464
347772.43313307303,5810075.006805061,33.712233134269
347782.43313307303,5810075.006805061,33.733154182055074
347182.43313307303,5810065.006805061,32.54275288359138
347192.43313307303,5810065.006805061,32.50845079773462
347202.43313307303,5810065.006805061,32.480783388843605
347212.43313307303,5810065.006805061,32.46139349922784
347222.43313307303,5810065.006805061,32.45171442058879
347232.43313307303,5810065.006805061,32.45274140890196
347242.43313307303,5810065.006805061,32.4648434110503
347252.43313307303,5810065.006805061,32.48768213389164
347262.43313307303,5810065.006805061,32.52027026571734
347272.43313307303,5810065.006805061,32.561145249451506
347282.43313307303,5810065.006805061,32.60859514186636
347292.43313307303,5810065.006805061,32.66086998661205
347302.43313307303,5810065.006805061,32.71633743696578
347312.43313307303,5810065.006805061,32.773572364912376
347322.43313307303,5810065.006805061,32.831390919941086
347332.43313307303,5810065.006805061,32.88884703101383
347342.43313307303,5810065.006805061,32.9452081650294
347352.43313307303,5810065.006805061,32.99992255790518
347362.43313307303,5810065.006805061,33.05258540129071
347372.43313307303,5810065.006805061,33.10290787906114
347382.43313307303,5810065.006805061,33.150690646218806
347392.43313307303,5810065.006805061,33.19580204456398
347402.43313307303,5810065.006805061,33.23816071077677
347412.43313307303,5810065.006805061,33.277721981433785
347422.43313307303,5810065.006805061,33.314467455188726
347432.43313307303,5810065.006805061,33.3483971267277
347442.43313307303,5810065.006805061,33.37952360063403
347452.43313307303,5810065.006805061,33.40786799593321
347462.43313307303,5810065.006805061,33.43345725053616
347472.43313307303,5810065.006805061,33.45632262468788
347482.43313307303,5810065.006805061,33.47649928390575
347492.43313307303,5810065.006805061,33.494026916651656
347502.43313307303,5810065.006805061,33.50895141225881
347512.43313307303,5810065.006805061,33.521327691493774
347522.43313307303,5810065.006805061,33.531223843927286
347532.43313307303,5810065.006805061,33.53872677607049
347542.43313307303,5810065.006805061,33.5439495954918
347552.43313307303,5810065.006805061,33.54704091610142
347562.43313307303,5810065.006805061,33.54819611036891
347572.43313307303,5810065.006805061,33.547670163007616
347582.43313307303,5810065.006805061,33.54579107158524
347592.43313307303,5810065.006805061,33.542971566861226
347602.43313307303,5810065.006805061,33.539715274357064
347612.43313307303,5810065.006805061,33.536611637625136
347622.43313307303,5810065.006805061,33.5343129675115
347632.43313307303,5810065.006805061,33.53348864457134
347642.43313307303,5810065.006805061,33.53475757718289
347652.43313307303,5810065.006805061,33.5386101995451
347662.43313307303,5810065.006805061,33.54534096093138
347672.43313307303,5810065.006805061,33.555013769111156
347682.43313307303,5810065.006805061,33.56747210162863
347692.43313307303,5810065.006805061,33.58238781006374
347702.43313307303,5810065.006805061,33.59932935405829
347712.43313307303,5810065.006805061,33.6178283793266
347722.43313307303,5810065.006805061,33.63743093299251
347732.43313307303,5810065.006805061,33.65772916854217
347742.43313307303,5810065.006805061,33.67837601998617
347752.43313307303,5810065.006805061,33.69908793633937
347762.43313307303,5810065.006805061,33.71964064431692
347772.43313307303,5810065.006805061,33.73986165130143
347782.43313307303,5810065.006805061,33.7596218324973
347182.43313307303,5810055.006805061,32.63656675640515
347192.43313307303,5810055.006805061,32.60811081943137
347202.43313307303,5810055.006805061,32.58565972021134
347212.43313307303,5810055.006805061,32.57044188304257
347222.43313307303,5810055.006805061,32.56349356169614
347232.43313307303,5810055.006805061,32.56551369202354
347242.43313307303,5810055.006805061,32.576750089070664
347252.43313307303,5810055.006805061,32.59695167867703
347262.43313307303,5810055.006805061,32.62540262288485
347272.43313307303,5810055.006805061,32.661026871854325
347282.43313307303,5810055.006805061,32.702530724725364
347292.43313307303,5810055.006805061,32.74854621093589
347302.43313307303,5810055.006805061,32.797747933338904
347312.43313307303,5810055.006805061,32.84893154002671
347322.43313307303,5810055.006805061,32.90105496623976
347332.43313307303,5810055.006805061,32.95325060428676
347342.43313307303,5810055.006805061,33.00481829878926
347352.43313307303,5810055.006805061,33.05520775649222
347362.43313307303,5810055.006805061,33.10399658280157
347372.43313307303,5810055.006805061,33.150867862317035
347382.43313307303,5810055.006805061,33.19558943764671
347392.43313307303,5810055.006805061,33.23799586017749
347402.43313307303,5810055.006805061,33.277973276997386
347412.43313307303,5810055.006805061,33.31544713722135
347422.43313307303,5810055.006805061,33.3503724277477
347432.43313307303,5810055.006805061,33.382726096508
347442.43313307303,5810055.006805061,33.412501334620444
347452.43313307303,5810055.006805061,33.43970343392501
347462.43313307303,5810055.006805061,33.46434699436334
347472.43313307303,5810055.006805061,33.4864543168381
347482.43313307303,5810055.006805061,33.5060548769813
347492.43313307303,5810055.006805061,33.523185831660825
347502.43313307303,5810055.006805061,33.53789356171777
347512.43313307303,5810055.006805061,33.550236299104796
347522.43313307303,5810055.006805061,33.56028791939761
347532.43313307303,5810055.006805061,33.56814299181969
347542.43313307303,5810055.006805061,33.57392315088447
347552.43313307303,5810055.006805061,33.57778475767836
347562.43313307303,5810055.006805061,33.57992761191793
347572.43313307303,5810055.006805061,33.58060410341681
347582.43313307303,5810055.006805061,33.58012760114829
347592.43313307303,5810055.006805061,33.57887806020937
347602.43313307303,5810055.006805061,33.57730189520873
347612.43313307303,5810055.006805061,33.57590247294408
347622.43313307303,5810055.006805061,33.575217780520575
347632.43313307303,5810055.006805061,33.575783765978656
347642.43313307303,5810055.006805061,33.578085980816546
347652.43313307303,5810055.006805061,33.58250764082425
347662.43313307303,5810055.006805061,33.589286465723376
347672.43313307303,5810055.006805061,33.598492425768015
347682.43313307303,5810055.006805061,33.610032604271865
347692.43313307303,5810055.006805061,33.62368038916457
347702.43313307303,5810055.006805061,33.63911901342927
347712.43313307303,5810055.006805061,33.65598742860424
347722.43313307303,5810055.006805061,33.67391928967005
347732.43313307303,5810055.006805061,33.69257066363397
347742.43313307303,5810055.006805061,33.7116362670933
347752.43313307303,5810055.006805061,33.73085641738669
347762.43313307303,5810055.006805061,33.75001759294822
347772.43313307303,5810055.006805061,33.76894921202754
347782.43313307303,5810055.006805061,33.787518572827814
347182.43313307303,5810045.006805061,32.72819807888133
347192.43313307303,5810045.006805061,32.70460369555313
347202.43313307303,5810045.006805061,32.686398307159465
347212.43313307303,5810045.006805061,32.67451060549337
347222.43313307303,5810045.006805061,32.669702693162776
347232.43313307303,5810045.006805061,32.672475528817614
347242.43313307303,5810045.006805061,32.68299759814432
347252.43313307303,5810045.006805061,32.70107560461
347262.43313307303,5810045.006805061,32.72617553111072
347272.43313307303,5810045.006805061,32.75748813778012
347282.43313307303,5810045.006805061,32.79402148714201
347292.43313307303,5810045.006805061,32.83469915056047
347302.43313307303,5810045.006805061,32.87844641866131
347312.43313307303,5810045.006805061,32.92425457084117
347322.43313307303,5810045.006805061,32.97122095886368
347332.43313307303,5810045.006805061,33.01856790019321
347342.43313307303,5810045.006805061,33.06564572820358
347352.43313307303,5810045.006805061,33.111925552922294
347362.43313307303,5810045.006805061,33.156986359664614
347372.43313307303,5810045.006805061,33.20049979707614
347382.43313307303,5810045.006805061,33.24221482144992
347392.43313307303,5810045.006805061,33.281943443686934
347402.43313307303,5810045.006805061,33.31954818787578
347412.43313307303,5810045.006805061,33.35493146865177
347422.43313307303,5810045.006805061,33.38802686470374
347432.43313307303,5810045.006805061,33.418792151186594
347442.43313307303,5810045.006805061,33.447203911214125
347452.43313307303,5810045.006805061,33.473253546259315
347462.43313307303,5810045.006805061,33.49694452793676
347472.43313307303,5810045.006805061,33.518290767417646
347482.43313307303,5810045.006805061,33.53731601645774
347492.43313307303,5810045.006805061,33.55405425108744
347502.43313307303,5810045.006805061,33.56855102168139
347512.43313307303,5810045.006805061,33.58086577705314
347522.43313307303,5810045.006805061,33.591075179020336
347532.43313307303,5810045.006805061,33.59927740757683
347542.43313307303,5810045.006805061,33.60559740034259
347552.43313307303,5810045.006805061,33.610192852383385
347562.43313307303,5810045.006805061,33.61326059829515
347572.43313307303,5810045.006805061,33.61504268405688
347582.43313307303,5810045.006805061,33.615831006066514
347592.43313307303,5810045.006805061,33.61596889188311
347602.43313307303,5810045.006805061,33.615847556111426
347612.43313307303,5810045.006805061,33.61589524923884
347622.43313307303,5810045.006805061,33.61655750093238
347632.43313307303,5810045.006805061,33.618268476914096
347642.43313307303,5810045.006805061,33.621416103172336
347652.43313307303,5810045.006805061,33.62630655854936
347662.43313307303,5810045.006805061,33.633135609594454
347672.43313307303,5810045.006805061,33.64197366262568
347682.43313307303,5810045.006805061,33.65276802024512
347692.43313307303,5810045.006805061,33.66536097924355
347702.43313307303,5810045.006805061,33.679518345273685
347712.43313307303,5810045.006805061,33.694961331220306
347722.43313307303,5810045.006805061,33.71139577107141
347732.43313307303,5810045.006805061,33.72853500000943
347742.43313307303,5810045.006805061,33.746115270008275
347752.43313307303,5810045.006805061,33.76390435329736
347762.43313307303,5810045.006805061,33.78170485059851
347772.43313307303,5810045.006805061,33.79935388063901
347182.43313307303,5810035.006805061,32.81743438909353
347192.43313307303,5810035.006805061,32.79790669804178
347202.43313307303,5810035.006805061,32.7831902770981
347212.43313307303,5810035.006805061,32.7739946075172
347222.43313307303,5810035.006805061,32.77088848041315
347232.43313307303,5810035.006805061,32.7742369530148
347242.43313307303,5810035.006805061,32.78415524221485
347252.43313307303,5810035.006805061,32.800490164063305
347262.43313307303,5810035.006805061,32.82283372119639
347272.43313307303,5810035.006805061,32.850565593155636
347282.43313307303,5810035.006805061,32.88291475862779
347292.43313307303,5810035.006805061,32.91902764711022
347302.43313307303,5810035.006805061,32.95803144035174
347312.43313307303,5810035.006805061,32.99908499592666
347322.43313307303,5810035.006805061,33.041414331502196
347332.43313307303,5810035.006805061,33.08433318538491
347342.43313307303,5810035.006805061,33.12725126740522
347352.43313307303,5810035.006805061,33.16967356236397
347362.43313307303,5810035.006805061,33.21119389422834
347372.43313307303,5810035.006805061,33.25148536198845
347382.43313307303,5810035.006805061,33.29028954657178
347392.43313307303,5810035.006805061,33.327405744082405
347402.43313307303,5810035.006805061,33.36268097542724
347412.43313307303,5810035.006805061,33.3960011634188
347422.43313307303,5810035.006805061,33.42728363376331
347432.43313307303,5810035.006805061,33.45647095575472
347442.43313307303,5810035.006805061,33.483526063779905
347452.43313307303,5810035.006805061,33.50842856933956
347462.43313307303,5810035.006805061,33.531172168670594
347472.43313307303,5810035.006805061,33.551763061661006
347482.43313307303,5810035.006805061,33.57021931557265
347492.43313307303,5810035.006805061,33.586571126264765
347502.43313307303,5810035.006805061,33.60086194515183
347512.43313307303,5810035.006805061,33.613150446786136
347522.43313307303,5810035.006805061,33.623513303216846
347532.43313307303,5810035.006805061,33.63204869853997
347542.43313307303,5810035.006805061,33.63888044927971
347552.43313307303,5810035.006805061,33.64416248069145
347562.43313307303,5810035.006805061,33.648083234321284
347572.43313307303,5810035.006805061,33.650869344964974
347582.43313307303,5810035.006805061,33.65278764295197
347592.43313307303,5810035.006805061,33.65414426623322
347602.43313307303,5810035.006805061,33.6552795177058
347612.43313307303,5810035.006805061,33.656557245581176
347622.43313307303,5810035.006805061,33.65834814461077
347632.43313307303,5810035.006805061,33.661007572838436
347642.43313307303,5810035.006805061,33.664850113264556
347652.43313307303,5810035.006805061,33.670124701206966
347662.43313307303,5810035.006805061,33.67699495616074
347672.43313307303,5810035.006805061,33.68552878446226
347682.43313307303,5810035.006805061,33.69569930917437
347692.43313307303,5810035.006805061,33.70739643554991
347702.43313307303,5810035.006805061,33.72044597725641
347712.43313307303,5810035.006805061,33.73463211171617
347722.43313307303,5810035.006805061,33.74971917977855
347732.43313307303,5810035.006805061,33.76547004550919
347742.43313307303,5810035.006805061,33.78165970886931
347752.43313307303,5810035.006805061,33.7980840936253
347762.43313307303,5810035.006805061,33.81456469287219
347772.43313307303,5810035.006805061,33.830950067794625
347182.43313307303,5810025.006805061,32.904199170912655
347192.43313307303,5810025.006805061,32.888096002204605
347202.43313307303,5810025.006805061,32.87627382263597
347212.43313307303,5810025.006805061,32.86927987113767
347222.43313307303,5810025.006805061,32.867544055992695
347232.43313307303,5810025.006805061,32.87133602852322
347242.43313307303,5810025.006805061,32.88073458503788
347252.43313307303,5810025.006805061,32.89561560287358
347262.43313307303,5810025.006805061,32.91566114489559
347272.43313307303,5810025.006805061,32.94038787015878
347282.43313307303,5810025.006805061,32.969189048341
347292.43313307303,5810025.006805061,33.001382531100795
347302.43313307303,5810025.006805061,33.036257307984414
347312.43313307303,5810025.006805061,33.07311319340335
347322.43313307303,5810025.006805061,33.11129076021008
347332.43313307303,5810025.006805061,33.150190973744216
347342.43313307303,5810025.006805061,33.18928560624276
347352.43313307303,5810025.006805061,33.2281203421851
347362.43313307303,5810025.006805061,33.26631268191263
347372.43313307303,5810025.006805061,33.30354655405141
347382.43313307303,5810025.006805061,33.33956517029202
347392.43313307303,5810025.006805061,33.37416324491054
347402.43313307303,5810025.006805061,33.40717933566679
347412.43313307303,5810025.006805061,33.438488773728594
347422.43313307303,5810025.006805061,33.46799744077863
347432.43313307303,5810025.006805061,33.495636510551705
347442.43313307303,5810025.006805061,33.521358184449504
347452.43313307303,5810025.006805061,33.54513240174413
347462.43313307303,5810025.006805061,33.566944481724725
347472.43313307303,5810025.006805061,33.58679364816067
347482.43313307303,5810025.006805061,33.6046923881011
347492.43313307303,5810025.006805061,33.62066660128617
347502.43313307303,5810025.006805061,33.63475649804516
347512.43313307303,5810025.006805061,33.64701819726739
347522.43313307303,5810025.006805061,33.657525956093004
347532.43313307303,5810025.006805061,33.66637492283014
347542.43313307303,5810025.006805061,33.673684237256765
347552.43313307303,5810025.006805061,33.67960020182883
347562.43313307303,5810025.006805061,33.68429911134608
347572.43313307303,5810025.006805061,33.6879891647282
347582.43313307303,5810025.006805061,33.69091071533742
347592.43313307303,5810025.006805061,33.693333995779064
347602.43313307303,5810025.006805061,33.69555345826971
347612.43313307303,5810025.006805061,33.69787809981144
347622.43313307303,5810025.006805061,33.70061767330446
347632.43313307303,5810025.006805061,33.704065524345296
347642.43313307303,5810025.006805061,33.70847979804447
347652.43313307303,5810025.006805061,33.71406562654534
347662.43313307303,5810025.006805061,33.720961251112364
347672.43313307303,5810025.006805061,33.72923057501363
347682.43313307303,5810025.006805061,33.73886341119065
347692.43313307303,5810025.006805061,33.74978306410424
347702.43313307303,5810025.006805061,33.76185943748196
347712.43313307303,5810025.006805061,33.774925052937114
347722.43313307303,5810025.006805061,33.78879134390953
347732.43313307303,5810025.006805061,33.80326317698783
347742.43313307303,5810025.006805061,33.81815040929413
347752.43313307303,5810025.006805061,33.8332761043217
347762.43313307303,5810025.006805061,33.84848161982799
347772.43313307303,5810025.006805061,33.86362910823348
347182.43313307303,5810015.006805061,32.988503562886436
347192.43313307303,5810015.006805061,32.975304748302264
347202.43313307303,5810015.006805061,32.96590575481558
347212.43313307303,5810015.006805061,32.960732312506785
347222.43313307303,5810015.006805061,32.96011288767657
347232.43313307303,5810015.006805061,32.96424890031223
347242.43313307303,5810015.006805061,32.97319395344786
347252.43313307303,5810015.006805061,32.98684581933108
347262.43313307303,5810015.006805061,33.00495273953707
347272.43313307303,5810015.006805061,33.02713292355721
347282.43313307303,5810015.006805061,33.05290380088857
347292.43313307303,5810015.006805061,33.08171626561945
347302.43313307303,5810015.006805061,33.112989084136395
347312.43313307303,5810015.006805061,33.146139587937334
347322.43313307303,5810015.006805061,33.1806082496189
347332.43313307303,5810015.006805061,33.215876236612075
347342.43313307303,5810015.006805061,33.25147621560195
347352.43313307303,5810015.006805061,33.28699741219988
347362.43313307303,5810015.006805061,33.322086247158744
347372.43313307303,5810015.006805061,33.35644388412849
347382.43313307303,5810015.006805061,33.38982186028381
347392.43313307303,5810015.006805061,33.422016732663494
347402.43313307303,5810015.006805061,33.45286442771885
347412.43313307303,5810015.006805061,33.482234766101875
347422.43313307303,5810015.006805061,33.510026463449215
347432.43313307303,5810015.006805061,33.536162781662796
347442.43313307303,5810015.006805061,33.56058791806613
347452.43313307303,5810015.006805061,33.58326416352627
347462.43313307303,5810015.006805061,33.604169826798596
347472.43313307303,5810015.006805061,33.623297903501765
347482.43313307303,5810015.006805061,33.64065545791043
347492.43313307303,5810015.006805061,33.65626367873641
347502.43313307303,5810015.006805061,33.67015856139758
347512.43313307303,5810015.006805061,33.68239215432286
347522.43313307303,5810015.006805061,33.69303428101328
347532.43313307303,5810015.006805061,33.70217460840507
347542.43313307303,5810015.006805061,33.70992487185274
347552.43313307303,5810015.006805061,33.71642098624256
347562.43313307303,5810015.006805061,33.721824674498116
347572.43313307303,5810015.006805061,33.726324140405715
347582.43313307303,5810015.006805061,33.73013322581364
347592.43313307303,5810015.006805061,33.73348846110488
347602.43313307303,5810015.006805061,33.736643492965094
347612.43313307303,5810015.006805061,33.73986060582876
347622.43313307303,5810015.006805061,33.7433994702237
347632.43313307303,5810015.006805061,33.747503823523495
347642.43313307303,5810015.006805061,33.75238740560556
347652.43313307303,5810015.006805061,33.75822094736788
347662.43313307303,5810015.006805061,33.76512213915018
347672.43313307303,5810015.006805061,33.77315016230653
347682.43313307303,5810015.006805061,33.782305588982794
347692.43313307303,5810015.006805061,33.792535458715534
347702.43313307303,5810015.006805061,33.803742433318924
347712.43313307303,5810015.006805061,33.81579637287533
347722.43313307303,5810015.006805061,33.828546569420965
347732.43313307303,5810015.006805061,33.84183315423927
347742.43313307303,5810015.006805061,33.85549668880686
347752.43313307303,5810015.006805061,33.86938547666304
347762.43313307303,5810015.006805061,33.88336056646249
347772.43313307303,5810015.006805061,33.89729870126398
347182.43313307303,5810005.006805061,33.07041424119251
347192.43313307303,5810005.006805061,33.05969699876372
347202.43313307303,5810005.006805061,33.05234539249111
347212.43313307303,5810005.006805061,33.04869311011543
347222.43313307303,5810005.006805061,33.04899343777351
347232.43313307303,5810005.006805061,33.05339825009929
347242.43313307303,5810005.006805061,33.06194363291259
347252.43313307303,5810005.006805061,33.07454446048467
347262.43313307303,5810005.006805061,33.09099887307306
347272.43313307303,5810005.006805061,33.111001960828766
347282.43313307303,5810005.006805061,33.13416650820274
347292.43313307303,5810005.006805061,33.160047763260096
347302.43313307303,5810005.006805061,33.18816902686843
347312.43313307303,5810005.006805061,33.21804532158937
347322.43313307303,5810005.006805061,33.249203250167675
347332.43313307303,5810005.006805061,33.281196102118365
347342.43313307303,5810005.006805061,33.31361409107917
347352.43313307303,5810005.006805061,33.34609018909325
347362.43313307303,5810005.006805061,33.37830234818806
347372.43313307303,5810005.006805061,33.40997300794667
347382.43313307303,5810005.006805061,33.440866748161085
347392.43313307303,5810005.006805061,33.4707868240588
347402.43313307303,5810005.006805061,33.49957116893878
347412.43313307303,5810005.006805061,33.5270882983311
347422.43313307303,5810005.006805061,33.55323341862528
347432.43313307303,5810005.006805061,33.57792493817077
347442.43313307303,5810005.006805061,33.601101500115675
347452.43313307303,5810005.006805061,33.62271960020309
347462.43313307303,5810005.006805061,33.642751814471396
347472.43313307303,5810005.006805061,33.661185636147756
347482.43313307303,5810005.006805061,33.678022903104576
347492.43313307303,5810005.006805061,33.69327978261789
347502.43313307303,5810005.006805061,33.70698726476648
347512.43313307303,5810005.006805061,33.71919209590864
347522.43313307303,5810005.006805061,33.72995805591551
347532.43313307303,5810005.006805061,33.7393674445267
347542.43313307303,5810005.006805061,33.74752259196013
347552.43313307303,5810005.006805061,33.75454714788548
347562.43313307303,5810005.006805061,33.7605868363839
347572.43313307303,5810005.006805061,33.76580930405628
347582.43313307303,5810005.006805061,33.7704026531922
347592.43313307303,5810005.006805061,33.774572268469115
347602.43313307303,5810005.006805061,33.77853564396748
347612.43313307303,5810005.006805061,33.782515121121996
347622.43313307303,5810005.006805061,33.78672876026931
347632.43313307303,5810005.006805061,33.79137995435012
347642.43313307303,5810005.006805061,33.79664677385615
347652.43313307303,5810005.006805061,33.80267229460513
347662.43313307303,5810005.006805061,33.809557194002004
347672.43313307303,5810005.006805061,33.81735564923183
347682.43313307303,5810005.006805061,33.8260750661147
347692.43313307303,5810005.006805061,33.835679536291885
347702.43313307303,5810005.006805061,33.846096335934114
347712.43313307303,5810005.006805061,33.85722439104102
347722.43313307303,5810005.006805061,33.868943513548814
347732.43313307303,5810005.006805061,33.88112333722175
347742.43313307303,5810005.006805061,33.89363116622049
347752.43313307303,5810005.006805061,33.90633828724088
347762.43313307303,5810005.006805061,33.919124603041176
347182.43313307303,5809995.006805061,33.150032064725046
347192.43313307303,5809995.006805061,33.14145153938097
347202.43313307303,5809995.006805061,33.13584558819547
347212.43313307303,5809995.006805061,33.133477423013495
347222.43313307303,5809995.006805061,33.13454389592274
347232.43313307303,5809995.006805061,33.139160460470116
347242.43313307303,5809995.006805061,33.14735105066827
347252.43313307303,5809995.006805061,33.15904435194727
347262.43313307303,5809995.006805061,33.17407705173567
347272.43313307303,5809995.006805061,33.19220362347439
347282.43313307303,5809995.006805061,33.21311127086178
347292.43313307303,5809995.006805061,33.236438054633794
347302.43313307303,5809995.006805061,33.26179204604844
347312.43313307303,5809995.006805061,33.28876957113964
347322.43313307303,5809995.006805061,33.3169711010385
347332.43313307303,5809995.006805061,33.346013943121534
347342.43313307303,5809995.006805061,33.37554145309566
347352.43313307303,5809995.006805061,33.405228929694076
347362.43313307303,5809995.006805061,33.434786638616124
347372.43313307303,5809995.006805061,33.46396055081199
347382.43313307303,5809995.006805061,33.49253140550244
347392.43313307303,5809995.006805061,33.520312659978366
347402.43313307303,5809995.006805061,33.547147801363074
347412.43313307303,5809995.006805061,33.572907396206965
347422.43313307303,5809995.006805061,33.59748615855961
347432.43313307303,5809995.006805061,33.620800234685156
347442.43313307303,5809995.006805061,33.64278483591583
347452.43313307303,5809995.006805061,33.663392299835714
347462.43313307303,5809995.006805061,33.68259062171319
347472.43313307303,5809995.006805061,33.700362469658224
347482.43313307303,5809995.006805061,33.7167046749364
347492.43313307303,5809995.006805061,33.731628169867996
347502.43313307303,5809995.006805061,33.745158326654156
347512.43313307303,5809995.006805061,33.75733562853135
347522.43313307303,5809995.006805061,33.768216577620976
347532.43313307303,5809995.006805061,33.777874710353686
347542.43313307303,5809995.006805061,33.78640155150571
347552.43313307303,5809995.006805061,33.79390729407846
347562.43313307303,5809995.006805061,33.80052095017247
347572.43313307303,5809995.006805061,33.80638968752178
347582.43313307303,5809995.006805061,33.81167706170098
347592.43313307303,5809995.006805061,33.81655989244614
347602.43313307303,5809995.006805061,33.82122363048166
347612.43313307303,5809995.006805061,33.82585622769144
347622.43313307303,5809995.006805061,33.83064075139862
347632.43313307303,5809995.006805061,33.83574724273337
347642.43313307303,5809995.006805061,33.841324555345686
347652.43313307303,5809995.006805061,33.84749305596898
347662.43313307303,5809995.006805061,33.85433906225386
347672.43313307303,5809995.006805061,33.86191170967233
347682.43313307303,5809995.006805061,33.870222604083175
347692.43313307303,5809995.006805061,33.87924820554909
347702.43313307303,5809995.006805061,33.888934502980355
347712.43313307303,5809995.006805061,33.899203267386376
347722.43313307303,5809995.006805061,33.909959061610145
347732.43313307303,5809995.006805061,33.92109623255401
347742.43313307303,5809995.006805061,33.93250527417708
347752.43313307303,5809995.006805061,33.94407816519019
347762.43313307303,5809995.006805061,33.955712499030845
347182.43313307303,5809985.006805061,33.2274778873116
347192.43313307303,5809985.006805061,33.220751852079275
347202.43313307303,5809985.006805061,33.216647955245456
347212.43313307303,5809985.006805061,33.215374893650946
347222.43313307303,5809985.006805061,33.21708667705478
347232.43313307303,5809985.006805061,33.22187172782105
347242.43313307303,5809985.006805061,33.2297456519831
347252.43313307303,5809985.006805061,33.24064863695506
347262.43313307303,5809985.006805061,33.2544478482817
347272.43313307303,5809985.006805061,33.270944530230864
347282.43313307303,5809985.006805061,33.289884910623094
347292.43313307303,5809985.006805061,33.31097359650299
347302.43313307303,5809985.006805061,33.33388799179976
347312.43313307303,5809985.006805061,33.35829236528311
347322.43313307303,5809985.006805061,33.38385048187489
347332.43313307303,5809985.006805061,33.41023608941542
347342.43313307303,5809985.006805061,33.43714093676237
347352.43313307303,5809985.006805061,33.46428032321454
347362.43313307303,5809985.006805061,33.491396411484615
347372.43313307303,5809985.006805061,33.51825967253885
347382.43313307303,5809985.006805061,33.544668884580794
347392.43313307303,5809985.006805061,33.57045010246098
347402.43313307303,5809985.006805061,33.595454970602276
347412.43313307303,5809985.006805061,33.61955869115249
347422.43313307303,5809985.006805061,33.64265789316976
347432.43313307303,5809985.006805061,33.66466858667394
347442.43313307303,5809985.006805061,33.685524331621785
347452.43313307303,5809985.006805061,33.70517470755788
347462.43313307303,5809985.006805061,33.72358413423166
347472.43313307303,5809985.006805061,33.74073106515213
347482.43313307303,5809985.006805061,33.75660755267488
347492.43313307303,5809985.006805061,33.77121916244535
347502.43313307303,5809985.006805061,33.78458519464002
347512.43313307303,5809985.006805061,33.79673914755632
347522.43313307303,5809985.006805061,33.80772933436941
347532.43313307303,5809985.006805061,33.81761953585572
347542.43313307303,5809985.006805061,33.82648954146752
347552.43313307303,5809985.006805061,33.8344354010859
347562.43313307303,5809985.006805061,33.84156918520425
347572.43313307303,5809985.006805061,33.84801803992957
347582.43313307303,5809985.006805061,33.85392233493606
347592.43313307303,5809985.006805061,33.85943274790482
347602.43313307303,5809985.006805061,33.864706216225564
347612.43313307303,5809985.006805061,33.869900817365235
347622.43313307303,5809985.006805061,33.875169803642244
347632.43313307303,5809985.006805061,33.8806551914255
347642.43313307303,5809985.006805061,33.88648145265522
347652.43313307303,5809985.006805061,33.892749936714594
347662.43313307303,5809985.006805061,33.899534629662796
347672.43313307303,5809985.006805061,33.906879724206895
347682.43313307303,5809985.006805061,33.91479924646424
347692.43313307303,5809985.006805061,33.923278711319846
347702.43313307303,5809985.006805061,33.93227851763629
347712.43313307303,5809985.006805061,33.941738602406254
347722.43313307303,5809985.006805061,33.95158378114533
347732.43313307303,5809985.006805061,33.961729212997334
347742.43313307303,5809985.006805061,33.972085520918874
347752.43313307303,5809985.006805061,33.982563234659196
347762.43313307303,5809985.006805061,33.99307637152156
347182.43313307303,5809975.006805061,33.30288316379025
347192.43313307303,5809975.006805061,33.29778000225768
347202.43313307303,5809975.006805061,33.29498059859544
347212.43313307303,5809975.006805061,33.29465106750452
347222.43313307303,5809975.006805061,33.29691256710847
347232.43313307303,5809975.006805061,33.30183331581593
347242.43313307303,5809975.006805061,33.30942336470187
347252.43313307303,5809975.006805061,33.31963275537393
347262.43313307303,5809975.006805061,33.33235330323293
347272.43313307303,5809975.006805061,33.34742380622101
347282.43313307303,5809975.006805061,33.36463807793026
347292.43313307303,5809975.006805061,33.38375491843253
347302.43313307303,5809975.006805061,33.40450901055883
347312.43313307303,5809975.006805061,33.42662176599756
347322.43313307303,5809975.006805061,33.449811310909794
347332.43313307303,5809975.006805061,33.473801040987595
347342.43313307303,5809975.006805061,33.49832643499761
347352.43313307303,5809975.006805061,33.523140049303564
347362.43313307303,5809975.006805061,33.548014796936215
347372.43313307303,5809975.006805061,33.57274573432306
347382.43313307303,5809975.006805061,33.597150640810916
347392.43313307303,5809975.006805061,33.621069692103454
347402.43313307303,5809975.006805061,33.6443645126849
347412.43313307303,5809975.006805061,33.66691685729809
347422.43313307303,5809975.006805061,33.688627128017096
347432.43313307303,5809975.006805061,33.70941288865814
347442.43313307303,5809975.006805061,33.729207496551844
347452.43313307303,5809975.006805061,33.74795893508568
347462.43313307303,5809975.006805061,33.76562889930356
347472.43313307303,5809975.006805061,33.78219216055585
347482.43313307303,5809975.006805061,33.79763621348098
347492.43313307303,5809975.006805061,33.81196118798758
347502.43313307303,5809975.006805061,33.825179988951625
347512.43313307303,5809975.006805061,33.83731860587087
347522.43313307303,5809975.006805061,33.84841651306848
347532.43313307303,5809975.006805061,33.85852705833292
347542.43313307303,5809975.006805061,33.867717715343396
347552.43313307303,5809975.006805061,33.87607005548045
347562.43313307303,5809975.006805061,33.883679281863195
347572.43313307303,5809975.006805061,33.890653168376836
347582.43313307303,5809975.006805061,33.897110265601896
347592.43313307303,5809975.006805061,33.90317727998989
347602.43313307303,5809975.006805061,33.90898560579663
347612.43313307303,5809975.006805061,33.91466708939576
347622.43313307303,5809975.006805061,33.920349223315114
347632.43313307303,5809975.006805061,33.92615008494235
347642.43313307303,5809975.006805061,33.93217342818574
347652.43313307303,5809975.006805061,33.93850438014218
347662.43313307303,5809975.006805061,33.94520617027377
347672.43313307303,5809975.006805061,33.95231822210545
347682.43313307303,5809975.006805061,33.95985578053748
347692.43313307303,5809975.006805061,33.967811061078976
347702.43313307303,5809975.006805061,33.976155728161665
347712.43313307303,5809975.006805061,33.98484437254162
347722.43313307303,5809975.006805061,33.993818584231676
347732.43313307303,5809975.006805061,34.003011211805315
347742.43313307303,5809975.006805061,34.01235045013359
347752.43313307303,5809975.006805061,34.02176348606954
347762.43313307303,5809975.006805061,34.03117953258866
347192.43313307303,5809965.006805061,33.372713034189054
347202.43313307303,5809965.006805061,33.371057347134176
347212.43313307303,5809965.006805061,33.37154925300977
347222.43313307303,5809965.006805061,33.37428448905042
347232.43313307303,5809965.006805061,33.379316103322154
347242.43313307303,5809965.006805061,33.38665063529391
347252.43313307303,5809965.006805061,33.39624679187309
347262.43313307303,5809965.006805061,33.40801677566875
347272.43313307303,5809965.006805061,33.4218301277449
347282.43313307303,5809965.006805061,33.437519676878864
347292.43313307303,5809965.006805061,33.45488898896559
347302.43313307303,5809965.006805061,33.47372061263384
347312.43313307303,5809965.006805061,33.49378442499392
347322.43313307303,5809965.006805061,33.51484547732489
347332.43313307303,5809965.006805061,33.53667089316231
347342.43313307303,5809965.006805061,33.55903554566718
347352.43313307303,5809965.006805061,33.58172640716731
347362.43313307303,5809965.006805061,33.60454560090236
347372.43313307303,5809965.006805061,33.62731228357293
347382.43313307303,5809965.006805061,33.649863546605765
347392.43313307303,5809965.006805061,33.67205454939466
347402.43313307303,5809965.006805061,33.69375809732107
347412.43313307303,5809965.006805061,33.714863859705595
347422.43313307303,5809965.006805061,33.73527739551962
347432.43313307303,5809965.006805061,33.75491912344432
347442.43313307303,5809965.006805061,33.7737233415561
347452.43313307303,5809965.006805061,33.79163737273416
347462.43313307303,5809965.006805061,33.80862088571351
347472.43313307303,5809965.006805061,33.82464541853213
347482.43313307303,5809965.006805061,33.83969411037249
347492.43313307303,5809965.006805061,33.85376162864805
347502.43313307303,5809965.006805061,33.86685425979541
347512.43313307303,5809965.006805061,33.878990113977274
347522.43313307303,5809965.006805061,33.89019937557557
347532.43313307303,5809965.006805061,33.900524513394565
347542.43313307303,5809965.006805061,33.91002034817406
347552.43313307303,5809965.006805061,33.91875386259006
347562.43313307303,5809965.006805061,33.92680363364487
347572.43313307303,5809965.006805061,33.9342587732192
347582.43313307303,5809965.006805061,33.94121728371779
347592.43313307303,5809965.006805061,33.94778377541748
347602.43313307303,5809965.006805061,33.95406655121951
347612.43313307303,5809965.006805061,33.96017414004871
347622.43313307303,5809965.006805061,33.9662114442091
347632.43313307303,5809965.006805061,33.972275745758566
347642.43313307303,5809965.006805061,33.97845287639052
347652.43313307303,5809965.006805061,33.98481387876884
347662.43313307303,5809965.006805061,33.991412464105366
347672.43313307303,5809965.006805061,33.99828349949966
347682.43313307303,5809965.006805061,34.005442648737684
347692.43313307303,5809965.006805061,34.01288716094621
347702.43313307303,5809965.006805061,34.02059767650809
347712.43313307303,5809965.006805061,34.028540821022226
347722.43313307303,5809965.006805061,34.03667230051511
347732.43313307303,5809965.006805061,34.04494019894465
347742.43313307303,5809965.006805061,34.053288206836854
347752.43313307303,5809965.006805061,34.06165856557185
347762.43313307303,5809965.006805061,34.06999458089631
347192.43313307303,5809955.006805061,33.445720985905716
347202.43313307303,5809955.006805061,33.44507788541852
347212.43313307303,5809955.006805061,33.44629255903283
347222.43313307303,5809955.006805061,33.44944090338177
347232.43313307303,5809955.006805061,33.45456455140396
347242.43313307303,5809955.006805061,33.4616680594219
347252.43313307303,5809955.006805061,33.47071793869589
347262.43313307303,5809955.006805061,33.48164363515253
347272.43313307303,5809955.006805061,33.494340361487346
347282.43313307303,5809955.006805061,33.508673501925514
347292.43313307303,5809955.006805061,33.52448417148425
347302.43313307303,5809955.006805061,33.541595437643224
347312.43313307303,5809955.006805061,33.55981870750922
347322.43313307303,5809955.006805061,33.578959838875136
347332.43313307303,5809955.006805061,33.59882463069978
347342.43313307303,5809955.006805061,33.6192234655882
347352.43313307303,5809955.006805061,33.63997499366598
347362.43313307303,5809955.006805061,33.660908848840016
347372.43313307303,5809955.006805061,33.68186746632576
347382.43313307303,5809955.006805061,33.702707121978094
347392.43313307303,5809955.006805061,33.723298341297735
347402.43313307303,5809955.006805061,33.743525833485286
347412.43313307303,5809955.006805061,33.76328809900882
347422.43313307303,5809955.006805061,33.782496843038516
347432.43313307303,5809955.006805061,33.80107630608832
347442.43313307303,5809955.006805061,33.81896260043318
347452.43313307303,5809955.006805061,33.83610311835903
347462.43313307303,5809955.006805061,33.85245605710054
347472.43313307303,5809955.006805061,33.86799008576951
347482.43313307303,5809955.006805061,33.88268416153992
347492.43313307303,5809955.006805061,33.896527485462144
347502.43313307303,5809955.006805061,33.9095195721265
347512.43313307303,5809955.006805061,33.92167039173621
347522.43313307303,5809955.006805061,33.933000528065584
347532.43313307303,5809955.006805061,33.94354128183849
347542.43313307303,5809955.006805061,33.953334637437685
347552.43313307303,5809955.006805061,33.96243300337741
347562.43313307303,5809955.006805061,33.97089863604663
347572.43313307303,5809955.006805061,33.97880266457453
347582.43313307303,5809955.006805061,33.98622365479521
347592.43313307303,5809955.006805061,33.993245683735324
347602.43313307303,5809955.006805061,33.99995594247071
347612.43313307303,5809955.006805061,34.00644194150052
347622.43313307303,5809955.006805061,34.01278845268372
347632.43313307303,5809955.006805061,34.01907437612615
347642.43313307303,5809955.006805061,34.025369758572204
347652.43313307303,5809955.006805061,34.03173320208066
347662.43313307303,5809955.006805061,34.03820988193199
347672.43313307303,5809955.006805061,34.044830340682715
347682.43313307303,5809955.006805061,34.05161014778308
347692.43313307303,5809955.006805061,34.05855042372617
347702.43313307303,5809955.006805061,34.065639139680336
347712.43313307303,5809955.006805061,34.07285303239359
347722.43313307303,5809955.006805061,34.08015992988326
347732.43313307303,5809955.006805061,34.08752126977414
347742.43313307303,5809955.006805061,34.09489460658909
347752.43313307303,5809955.006805061,34.10223593968975
347202.43313307303,5809945.006805061,33.51722841853519
347212.43313307303,5809945.006805061,33.519085966502814
347222.43313307303,5809945.006805061,33.522598875343405
347232.43313307303,5809945.006805061,33.52780019095662
347242.43313307303,5809945.006805061,33.53469364647351
347252.43313307303,5809945.006805061,33.543252938243114
347262.43313307303,5809945.006805061,33.553422429397195
347272.43313307303,5809945.006805061,33.56511921449818
347282.43313307303,5809945.006805061,33.578236353072576
347292.43313307303,5809945.006805061,33.592646983246176
347302.43313307303,5809945.006805061,33.608208971763176
347312.43313307303,5809945.006805061,33.6247697472481
347322.43313307303,5809945.006805061,33.64217099506704
347332.43313307303,5809945.006805061,33.660252953772726
347342.43313307303,5809945.006805061,33.67885813119785
347352.43313307303,5809945.006805061,33.697834339467185
347362.43313307303,5809945.006805061,33.71703702191487
347372.43313307303,5809945.006805061,33.73633090434598
347382.43313307303,5809945.006805061,33.75559104536103
347392.43313307303,5809945.006805061,33.774703385784996
347402.43313307303,5809945.006805061,33.793564907884644
347412.43313307303,5809945.006805061,33.81208351430574
347422.43313307303,5809945.006805061,33.83017772796814
347432.43313307303,5809945.006805061,33.84777630059605
347442.43313307303,5809945.006805061,33.864817801547275
347452.43313307303,5809945.006805061,33.88125024182053
347462.43313307303,5809945.006805061,33.89703077157999
347472.43313307303,5809945.006805061,33.9121254737195
347482.43313307303,5809945.006805061,33.92650926101435
347492.43313307303,5809945.006805061,33.94016587018755
347502.43313307303,5809945.006805061,33.95308793263389
347512.43313307303,5809945.006805061,33.96527708858573
347522.43313307303,5809945.006805061,33.97674409940521
347532.43313307303,5809945.006805061,33.98750890203258
347542.43313307303,5809945.006805061,33.99760054141163
347552.43313307303,5809945.006805061,34.00705691236922
347562.43313307303,5809945.006805061,34.015924243675215
347572.43313307303,5809945.006805061,34.024256265644645
347582.43313307303,5809945.006805061,34.03211302012853
347592.43313307303,5809945.006805061,34.03955929866902
347602.43313307303,5809945.006805061,34.04666273012805
347612.43313307303,5809945.006805061,34.0534915804908
347622.43313307303,5809945.006805061,34.06011237001749
347632.43313307303,5809945.006805061,34.06658745004328
347642.43313307303,5809945.006805061,34.07297270645551
347652.43313307303,5809945.006805061,34.07931556306297
347662.43313307303,5809945.006805061,34.08565344216255
347672.43313307303,5809945.006805061,34.09201280197379
347682.43313307303,5809945.006805061,34.09840881595986
347692.43313307303,5809945.006805061,34.104845695677255
347702.43313307303,5809945.006805061,34.111317596769624
347712.43313307303,5809945.006805061,34.11780999656944
347722.43313307303,5809945.006805061,34.124301398371145
347732.43313307303,5809945.006805061,34.13076520475515
347742.43313307303,5809945.006805061,34.137171609302506
347752.43313307303,5809945.006805061,34.143489378417996
347202.43313307303,5809935.006805061,33.58768264529475
347212.43313307303,5809935.006805061,33.5901183586505
347222.43313307303,5809935.006805061,33.59395684745569
347232.43313307303,5809935.006805061,33.599224714510115
347242.43313307303,5809935.006805061,33.60592576260609
347252.43313307303,5809935.006805061,33.61404043802737
347262.43313307303,5809935.006805061,33.623526307263724
347272.43313307303,5809935.006805061,33.63431952175202
347282.43313307303,5809935.006805061,33.646337139997776
347292.43313307303,5809935.006805061,33.6594801096307
347302.43313307303,5809935.006805061,33.67363667201427
347312.43313307303,5809935.006805061,33.68868594192673
347322.43313307303,5809935.006805061,33.70450143226679
347332.43313307303,5809935.006805061,33.720954332373005
347342.43313307303,5809935.006805061,33.73791639988701
347352.43313307303,5809935.006805061,33.75526238146922
347362.43313307303,5809935.006805061,33.77287192978578
347372.43313307303,5809935.006805061,33.79063102796716
347382.43313307303,5809935.006805061,33.80843296556295
347392.43313307303,5809935.006805061,33.82617893137322
347402.43313307303,5809935.006805061,33.843778299444025
347412.43313307303,5809935.006805061,33.8611486868631
347422.43313307303,5809935.006805061,33.87821585798478
347432.43313307303,5809935.006805061,33.89491354144364
347442.43313307303,5809935.006805061,33.91118321553732
347452.43313307303,5809935.006805061,33.92697390557054
347462.43313307303,5809935.006805061,33.94224202441906
347472.43313307303,5809935.006805061,33.95695127538313
347482.43313307303,5809935.006805061,33.97107262457691
347492.43313307303,5809935.006805061,33.98458433871638
347502.43313307303,5809935.006805061,33.997472073261214
347512.43313307303,5809935.006805061,34.009728985551135
347522.43313307303,5809935.006805061,34.02135583814177
347532.43313307303,5809935.006805061,34.03236104951975
347542.43313307303,5809935.006805061,34.042760643566574
347552.43313307303,5809935.006805061,34.05257804660723
347562.43313307303,5809935.006805061,34.06184368282792
347572.43313307303,5809935.006805061,34.07059432643963
347582.43313307303,5809935.006805061,34.078872183021446
347592.43313307303,5809935.006805061,34.086723693123105
347602.43313307303,5809935.006805061,34.09419807752058
347612.43313307303,5809935.006805061,34.10134567329241
347622.43313307303,5809935.006805061,34.10821613962551
347632.43313307303,5809935.006805061,34.114856637537834
347642.43313307303,5809935.006805061,34.12131010386581
347652.43313307303,5809935.006805061,34.127613743025464
347662.43313307303,5809935.006805061,34.133797848134314
347672.43313307303,5809935.006805061,34.13988503655504
347682.43313307303,5809935.006805061,34.14588994702311
347692.43313307303,5809935.006805061,34.15181940172548
347702.43313307303,5809935.006805061,34.157672993596194
347712.43313307303,5809935.006805061,34.16344402297361
347722.43313307303,5809935.006805061,34.169120683288774
347732.43313307303,5809935.006805061,34.17468738485243
347742.43313307303,5809935.006805061,34.180126108714035
347752.43313307303,5809935.006805061,34.18541769648823
347212.43313307303,5809925.006805061,33.65956447324455
347222.43313307303,5809925.006805061,33.66369715685321
347232.43313307303,5809925.006805061,33.6690227415209
347242.43313307303,5809925.006805061,33.675545796623844
347252.43313307303,5809925.006805061,33.683253228717476
347262.43313307303,5809925.006805061,33.692114564550955
347272.43313307303,5809925.006805061,33.702082930989356
347282.43313307303,5809925.006805061,33.713096646111545
347292.43313307303,5809925.006805061,33.72508129067775
347302.43313307303,5809925.006805061,33.73795210106199
347312.43313307303,5809925.006805061,33.75161651575217
347322.43313307303,5809925.006805061,33.765976716555784
347332.43313307303,5809925.006805061,33.78093202906059
347342.43313307303,5809925.006805061,33.796381079536026
347352.43313307303,5809925.006805061,33.81222364185205
347362.43313307303,5809925.006805061,33.82836214331629
347372.43313307303,5809925.006805061,33.84470282903647
347382.43313307303,5809925.006805061,33.86115660842694
347392.43313307303,5809925.006805061,33.877639624088864
347402.43313307303,5809925.006805061,33.89407359284964
347412.43313307303,5809925.006805061,33.910385972264876
347422.43313307303,5809925.006805061,33.92651000468899
347432.43313307303,5809925.006805061,33.94238468645394
347442.43313307303,5809925.006805061,33.9579547029458
347452.43313307303,5809925.006805061,33.97317036236572
347462.43313307303,5809925.006805061,33.98798755236503
347472.43313307303,5809925.006805061,34.00236773496777
347482.43313307303,5809925.006805061,34.016277986473675
347492.43313307303,5809925.006805061,34.0296910804995
347502.43313307303,5809925.006805061,34.04258560407121
347512.43313307303,5809925.006805061,34.05494608887868
347522.43313307303,5809925.006805061,34.06676313271937
347532.43313307303,5809925.006805061,34.07803348022156
347542.43313307303,5809925.006805061,34.088760027755725
347552.43313307303,5809925.006805061,34.09895171577545
347562.43313307303,5809925.006805061,34.10862327349242
347572.43313307303,5809925.006805061,34.11779478652425
347582.43313307303,5809925.006805061,34.12649106841712
347592.43313307303,5809925.006805061,34.13474083167917
347602.43313307303,5809925.006805061,34.1425756723932
347612.43313307303,5809925.006805061,34.15002890298897
347622.43313307303,5809925.006805061,34.15713428793616
347632.43313307303,5809925.006805061,34.163924754022695
347642.43313307303,5809925.006805061,34.17043115751066
347652.43313307303,5809925.006805061,34.17668119238546
347662.43313307303,5809925.006805061,34.18269851589877
347672.43313307303,5809925.006805061,34.188502150046276
347682.43313307303,5809925.006805061,34.19410619263079
347692.43313307303,5809925.006805061,34.19951984263847
347702.43313307303,5809925.006805061,34.204747715999716
347712.43313307303,5809925.006805061,34.20979040344837
347722.43313307303,5809925.006805061,34.2146452051963
347732.43313307303,5809925.006805061,34.21930696907696
347742.43313307303,5809925.006805061,34.22376895963109
347752.43313307303,5809925.006805061,34.228023693876416
347212.43313307303,5809915.006805061,33.72758676266796
347222.43313307303,5809915.006805061,33.731988335145154
347232.43313307303,5809915.006805061,33.73736431528072
347242.43313307303,5809915.006805061,33.7437205904501
347252.43313307303,5809915.006805061,33.75105035761459
347262.43313307303,5809915.006805061,33.759334233945424
347272.43313307303,5809915.006805061,33.76854082940234
347282.43313307303,5809915.006805061,33.77862772990376
347292.43313307303,5809915.006805061,33.78954281105352
347302.43313307303,5809915.006805061,33.80122578375266
347312.43313307303,5809915.006805061,33.81360986584869
347322.43313307303,5809915.006805061,33.826623477831774
347332.43313307303,5809915.006805061,33.840191873516005
347342.43313307303,5809915.006805061,33.85423863573059
347352.43313307303,5809915.006805061,33.868686989075734
347362.43313307303,5809915.006805061,33.88346090383506
347372.43313307303,5809915.006805061,33.89848598490575
347382.43313307303,5809915.006805061,33.913690155664675
347392.43313307303,5809915.006805061,33.9290041583991
347402.43313307303,5809915.006805061,33.94436190031782
347412.43313307303,5809915.006805061,33.9597006776963
347422.43313307303,5809915.006805061,33.974961311109496
347432.43313307303,5809915.006805061,33.990088222746536
347442.43313307303,5809915.006805061,34.005029483197504
347452.43313307303,5809915.006805061,34.01973685044669
347462.43313307303,5809915.006805061,34.034165818534156
347472.43313307303,5809915.006805061,34.04827568775635
347482.43313307303,5809915.006805061,34.06202966255111
347492.43313307303,5809915.006805061,34.07539497747415
347502.43313307303,5809915.006805061,34.088343046025805
347512.43313307303,5809915.006805061,34.1008496216634
347522.43313307303,5809915.006805061,34.11289495534218
347532.43313307303,5809915.006805061,34.12446392967248
347542.43313307303,5809915.006805061,34.13554614667672
347552.43313307303,5809915.006805061,34.14613594467295
347562.43313307303,5809915.006805061,34.15623232053199
347572.43313307303,5809915.006805061,34.165838736912335
347582.43313307303,5809915.006805061,34.174962800343835
347592.43313307303,5809915.006805061,34.18361580514946
347602.43313307303,5809915.006805061,34.1918121496577
347612.43313307303,5809915.006805061,34.1995686439518
347622.43313307303,5809915.006805061,34.206903741040236
347632.43313307303,5809915.006805061,34.213836734032434
347642.43313307303,5809915.006805061,34.220386968864894
347652.43313307303,5809915.006805061,34.22657312390268
347662.43313307303,5809915.006805061,34.23241260359976
347672.43313307303,5809915.006805061,34.23792108355126
347682.43313307303,5809915.006805061,34.24311222991725
347692.43313307303,5809915.006805061,34.24799759935116
347702.43313307303,5809915.006805061,34.2525867086552
347712.43313307303,5809915.006805061,34.25688724876667
347722.43313307303,5809915.006805061,34.260905407183124
347732.43313307303,5809915.006805061,34.264646257554894
347742.43313307303,5809915.006805061,34.26811417497838
347222.43313307303,5809905.006805061,33.798987225810365
347232.43313307303,5809905.006805061,33.80440718077604
347242.43313307303,5809905.006805061,33.81060467259082
347252.43313307303,5809905.006805061,33.81757912202518
347262.43313307303,5809905.006805061,33.82532167384829
347272.43313307303,5809905.006805061,33.83381541136787
347282.43313307303,5809905.006805061,33.84303581178246
347292.43313307303,5809905.006805061,33.85295140330588
347302.43313307303,5809905.006805061,33.863524574166476
347312.43313307303,5809905.006805061,33.87471247838041
347322.43313307303,5809905.006805061,33.88646798360109
347332.43313307303,5809905.006805061,33.8987406115434
347342.43313307303,5809905.006805061,33.911477430155486
347352.43313307303,5809905.006805061,33.924623867335164
347362.43313307303,5809905.006805061,33.93812442710777
347372.43313307303,5809905.006805061,33.95192329960534
347382.43313307303,5809905.006805061,33.965964865095415
347392.43313307303,5809905.006805061,33.98019409926051
347402.43313307303,5809905.006805061,33.99455689181564
347412.43313307303,5809905.006805061,34.00900029350246
347422.43313307303,5809905.006805061,34.02347270778657
347432.43313307303,5809905.006805061,34.03792404354334
347442.43313307303,5809905.006805061,34.05230584397627
347452.43313307303,5809905.006805061,34.06657140525262
347462.43313307303,5809905.006805061,34.08067589608596
347472.43313307303,5809905.006805061,34.094576486899165
347482.43313307303,5809905.006805061,34.10823249436937
347492.43313307303,5809905.006805061,34.12160554415692
347502.43313307303,5809905.006805061,34.13465975151372
347512.43313307303,5809905.006805061,34.14736191632436
347522.43313307303,5809905.006805061,34.15968172606472
347532.43313307303,5809905.006805061,34.17159195732565
347542.43313307303,5809905.006805061,34.183068664160125
347552.43313307303,5809905.006805061,34.194091339838046
347562.43313307303,5809905.006805061,34.204643037924285
347572.43313307303,5809905.006805061,34.21471043920286
347582.43313307303,5809905.006805061,34.22428385304955
347592.43313307303,5809905.006805061,34.23335714544765
347602.43313307303,5809905.006805061,34.241927590788244
347612.43313307303,5809905.006805061,34.249995650489126
347622.43313307303,5809905.006805061,34.25756468767082
347632.43313307303,5809905.006805061,34.264640632840454
347642.43313307303,5809905.006805061,34.27123161991739
347652.43313307303,5809905.006805061,34.27734761426924
347662.43313307303,5809905.006805061,34.28300005427931
347672.43313307303,5809905.006805061,34.28820152530101
347682.43313307303,5809905.006805061,34.29296548006703
347692.43313307303,5809905.006805061,34.29730601347373
347702.43313307303,5809905.006805061,34.3012376931254
347712.43313307303,5809905.006805061,34.304775441081354
347722.43313307303,5809905.006805061,34.307934457697016
347732.43313307303,5809905.006805061,34.310730175762394
347742.43313307303,5809905.006805061,34.31317823241555
347222.43313307303,5809895.006805061,33.86484095121163
347232.43313307303,5809895.006805061,33.87029888595718
347242.43313307303,5809895.006805061,33.87634232956601
347252.43313307303,5809895.006805061,33.88297695360936
347262.43313307303,5809895.006805061,33.89020413146306
347272.43313307303,5809895.006805061,33.89802082172655
347282.43313307303,5809895.006805061,33.906419541819645
347292.43313307303,5809895.006805061,33.915388428423036
347302.43313307303,5809895.006805061,33.92491137724267
347312.43313307303,5809895.006805061,33.93496825121797
347322.43313307303,5809895.006805061,33.94553514398137
347332.43313307303,5809895.006805061,33.95658468419999
347342.43313307303,5809895.006805061,33.96808636634854
347352.43313307303,5809895.006805061,33.980006894334004
347362.43313307303,5809895.006805061,33.99231052600829
347372.43313307303,5809895.006805061,34.00495940872462
347382.43313307303,5809895.006805061,34.01791389848417
347392.43313307303,5809895.006805061,34.031132857673065
347402.43313307303,5809895.006805061,34.04457392874417
347412.43313307303,5809895.006805061,34.05819378333596
347422.43313307303,5809895.006805061,34.071948348171695
347432.43313307303,5809895.006805061,34.08579301061062
347442.43313307303,5809895.006805061,34.09968280792236
347452.43313307303,5809895.006805061,34.11357260523411
347462.43313307303,5809895.006805061,34.12741726767303
347472.43313307303,5809895.006805061,34.14117183250877
347482.43313307303,5809895.006805061,34.154791687100555
347492.43313307303,5809895.006805061,34.168232758171655
347502.43313307303,5809895.006805061,34.18145171736055
347512.43313307303,5809895.006805061,34.194406207120096
347522.43313307303,5809895.006805061,34.20705508983643
347532.43313307303,5809895.006805061,34.219358721510716
347542.43313307303,5809895.006805061,34.23127924949619
347552.43313307303,5809895.006805061,34.242780931644745
347562.43313307303,5809895.006805061,34.25383047186337
347572.43313307303,5809895.006805061,34.26439736462675
347582.43313307303,5809895.006805061,34.274454238602054
347592.43313307303,5809895.006805061,34.2839771874217
347602.43313307303,5809895.006805061,34.29294607402508
347612.43313307303,5809895.006805061,34.30134479411818
347622.43313307303,5809895.006805061,34.30916148438167
347632.43313307303,5809895.006805061,34.31638866223537
347642.43313307303,5809895.006805061,34.32302328627872
347652.43313307303,5809895.006805061,34.329066729887536
347662.43313307303,5809895.006805061,34.33452466463309
347672.43313307303,5809895.006805061,34.33940685486173
347682.43313307303,5809895.006805061,34.34372686951025
347692.43313307303,5809895.006805061,34.3475017215922
347702.43313307303,5809895.006805061,34.35075144936726
347712.43313307303,5809895.006805061,34.35349865569271
347722.43313307303,5809895.006805061,34.35576802328168
347732.43313307303,5809895.006805061,34.3575858235354
347742.43313307303,5809895.006805061,34.35897943540145
347232.43313307303,5809885.006805061,33.93517874356401
347242.43313307303,5809885.006805061,33.94106954717629
347252.43313307303,5809885.006805061,33.94737320817815
347262.43313307303,5809885.006805061,33.95410126821036
347272.43313307303,5809885.006805061,33.96126433175812
347282.43313307303,5809885.006805061,33.9688715750407
347292.43313307303,5809885.006805061,33.97693023454804
347302.43313307303,5809885.006805061,33.98544510780901
347312.43313307303,5809885.006805061,33.99441809714384
347322.43313307303,5809885.006805061,34.003847822128975
347332.43313307303,5809885.006805061,34.013729319227345
347342.43313307303,5809885.006805061,34.024053838673076
347352.43313307303,5809885.006805061,34.034808740391796
347362.43313307303,5809885.006805061,34.04597748343454
347372.43313307303,5809885.006805061,34.057539697745234
347382.43313307303,5809885.006805061,34.06947132337382
347392.43313307303,5809885.006805061,34.08174480049536
347402.43313307303,5809885.006805061,34.09432929358679
347412.43313307303,5809885.006805061,34.10719093450281
347422.43313307303,5809885.006805061,34.12029307159137
347432.43313307303,5809885.006805061,34.13359651502373
347442.43313307303,5809885.006805061,34.14705977186846
347452.43313307303,5809885.006805061,34.16063926786977
347462.43313307303,5809885.006805061,34.17428955622555
347472.43313307303,5809885.006805061,34.18796351678502
347482.43313307303,5809885.006805061,34.201612551917655
347492.43313307303,5809885.006805061,34.21518678777666
347502.43313307303,5809885.006805061,34.2286352917065
347512.43313307303,5809885.006805061,34.24190631801454
347522.43313307303,5809885.006805061,34.25494759508243
347532.43313307303,5809885.006805061,34.26770666663683
347542.43313307303,5809885.006805061,34.28013129870078
347552.43313307303,5809885.006805061,34.29216996108066
347562.43313307303,5809885.006805061,34.3037723880351
347572.43313307303,5809885.006805061,34.31489021696235
347582.43313307303,5809885.006805061,34.325477696664436
347592.43313307303,5809885.006805061,34.33549244838787
347602.43313307303,5809885.006805061,34.34489625407805
347612.43313307303,5809885.006805061,34.35365583807433
347622.43313307303,5809885.006805061,34.361743601959994
347632.43313307303,5809885.006805061,34.36913826864567
347642.43313307303,5809885.006805061,34.37582539200496
347652.43313307303,5809885.006805061,34.381797693080166
347662.43313307303,5809885.006805061,34.38705519301687
347672.43313307303,5809885.006805061,34.39160512575465
347682.43313307303,5809885.006805061,34.39546162874695
347692.43313307303,5809885.006805061,34.398645225812864
347702.43313307303,5809885.006805061,34.4011821307166
347712.43313307303,5809885.006805061,34.40310341151812
347722.43313307303,5809885.006805061,34.40444406294536
347732.43313307303,5809885.006805061,34.40524203649295
347742.43313307303,5809885.006805061,34.405537275854535
347232.43313307303,5809875.006805061,33.9991796866387
347242.43313307303,5809875.006805061,34.00491585082954
347252.43313307303,5809875.006805061,34.01089087690853
347262.43313307303,5809875.006805061,34.01712664304307
347272.43313307303,5809875.006805061,34.023647519143026
347282.43313307303,5809875.006805061,34.030479400993784
347292.43313307303,5809875.006805061,34.03764861907254
347302.43313307303,5809875.006805061,34.0451807962396
347312.43313307303,5809875.006805061,34.05309972769363
347322.43313307303,5809875.006805061,34.06142634816269
347332.43313307303,5809875.006805061,34.0701778372192
347342.43313307303,5809875.006805061,34.07936689635447
347352.43313307303,5809875.006805061,34.08900121355721
347362.43313307303,5809875.006805061,34.09908311475195
347372.43313307303,5809875.006805061,34.10960938807335
347382.43313307303,5809875.006805061,34.12057125736744
347392.43313307303,5809875.006805061,34.13195447567406
347402.43313307303,5809875.006805061,34.14373950742015
347412.43313307303,5809875.006805061,34.155901769017305
347422.43313307303,5809875.006805061,34.16841190076619
347432.43313307303,5809875.006805061,34.18123604770196
347442.43313307303,5809875.006805061,34.194336132647216
347452.43313307303,5809875.006805061,34.20767011079427
347462.43313307303,5809875.006805061,34.221192201279614
347472.43313307303,5809875.006805061,34.2348530972195
347482.43313307303,5809875.006805061,34.24860016140035
347492.43313307303,5809875.006805061,34.262377620142146
347502.43313307303,5809875.006805061,34.276126772631535
347512.43313307303,5809875.006805061,34.28978623704695
347522.43313307303,5809875.006805061,34.30329225776026
347532.43313307303,5809875.006805061,34.31657909938403
347542.43313307303,5809875.006805061,34.32957955292767
347552.43313307303,5809875.006805061,34.342225576281315
347562.43313307303,5809875.006805061,34.354449085163
347572.43313307303,5809875.006805061,34.366182901234794
347582.43313307303,5809875.006805061,34.377361851353356
347592.43313307303,5809875.006805061,34.38792399641394
347602.43313307303,5809875.006805061,34.3978119511342
347612.43313307303,5809875.006805061,34.40697423919228
347622.43313307303,5809875.006805061,34.41536661366072
347632.43313307303,5809875.006805061,34.42295326313389
347642.43313307303,5809875.006805061,34.42970782154491
347652.43313307303,5809875.006805061,34.435614105867344
347662.43313307303,5809875.006805061,34.440666520959816
347672.43313307303,5809875.006805061,34.444870093568404
347682.43313307303,5809875.006805061,34.44824012542053
347692.43313307303,5809875.006805061,34.45080148492151
347702.43313307303,5809875.006805061,34.452587584367016
347712.43313307303,5809875.006805061,34.45363911137495
347722.43313307303,5809875.006805061,34.454002597007694
347732.43313307303,5809875.006805061,34.45372890778072
347242.43313307303,5809865.006805061,34.068006072033555
347252.43313307303,5809865.006805061,34.07364823528506
347262.43313307303,5809865.006805061,34.079389153221626
347272.43313307303,5809865.006805061,34.08526743132415
347282.43313307303,5809865.006805061,34.09132618635076
347292.43313307303,5809865.006805061,34.0976113343706
347302.43313307303,5809865.006805061,34.10416976676917
347312.43313307303,5809865.006805061,34.11104753492841
347322.43313307303,5809865.006805061,34.11828815099974
347332.43313307303,5809865.006805061,34.125931089500284
347342.43313307303,5809865.006805061,34.13401054658163
347352.43313307303,5809865.006805061,34.14255448495351
347362.43313307303,5809865.006805061,34.15158396608431
347372.43313307303,5809865.006805061,34.16111274983751
347382.43313307303,5809865.006805061,34.171147126332436
347392.43313307303,5809865.006805061,34.18168593569589
347402.43313307303,5809865.006805061,34.192720727895555
347412.43313307303,5809865.006805061,34.20423601598193
347422.43313307303,5809865.006805061,34.216209580626504
347432.43313307303,5809865.006805061,34.22861279070529
347442.43313307303,5809865.006805061,34.24141091289892
347452.43313307303,5809865.006805061,34.2545633921645
347462.43313307303,5809865.006805061,34.268024094008936
347472.43313307303,5809865.006805061,34.281741508474866
347482.43313307303,5809865.006805061,34.29565892447058
347492.43313307303,5809865.006805061,34.30971459140521
347502.43313307303,5809865.006805061,34.32384189285886
347512.43313307303,5809865.006805061,34.337969563936795
347522.43313307303,5809865.006805061,34.35202198956947
347532.43313307303,5809865.006805061,34.36591962466233
347542.43313307303,5809865.006805061,34.37957957781609
347552.43313307303,5809865.006805061,34.392916397353126
347562.43313307303,5809865.006805061,34.40584309064151
347572.43313307303,5809865.006805061,34.418272394484624
347582.43313307303,5809865.006805061,34.430118295441176
347592.43313307303,5809865.006805061,34.441297774961946
347602.43313307303,5809865.006805061,34.451732726833946
347612.43313307303,5809865.006805061,34.46135196638698
347622.43313307303,5809865.006805061,34.47009322598072
347632.43313307303,5809865.006805061,34.47790501366422
347642.43313307303,5809865.006805061,34.484748205521406
347652.43313307303,5809865.006805061,34.490597249840285
347662.43313307303,5809865.006805061,34.49544088362418
347672.43313307303,5809865.006805061,34.499282297371
347682.43313307303,5809865.006805061,34.50213872834232
347692.43313307303,5809865.006805061,34.50404050984316
347702.43313307303,5809865.006805061,34.50502964785174
347712.43313307303,5809865.006805061,34.50515803088326
347722.43313307303,5809865.006805061,34.50448540026509
347732.43313307303,5809865.006805061,34.50307721449565
347242.43313307303,5809855.006805061,34.130462066566444
347252.43313307303,5809855.006805061,34.135760445647286
347262.43313307303,5809855.006805061,34.14099443347888
347272.43313307303,5809855.006805061,34.14621771520459
347282.43313307303,5809855.006805061,34.15149159499086
347292.43313307303,5809855.006805061,34.156882585032626
347302.43313307303,5809855.006805061,34.16245982347978
347312.43313307303,5809855.006805061,34.16829249817519
347322.43313307303,5809855.006805061,34.174447432363934
347332.43313307303,5809855.006805061,34.18098695405572
347342.43313307303,5809855.006805061,34.18796712911527
347352.43313307303,5809855.006805061,34.19543639582037
347362.43313307303,5809855.006805061,34.203434600687494
347372.43313307303,5809855.006805061,34.21199240512819
347382.43313307303,5809855.006805061,34.22113101142117
347392.43313307303,5809855.006805061,34.23086214448725
347402.43313307303,5809855.006805061,34.24118822191266
347412.43313307303,5809855.006805061,34.25210264691843
347422.43313307303,5809855.006805061,34.26359016573873
347432.43313307303,5809855.006805061,34.275627240540146
347442.43313307303,5809855.006805061,34.2881824003074
347452.43313307303,5809855.006805061,34.30121654413514
347462.43313307303,5809855.006805061,34.31468318354688
347472.43313307303,5809855.006805061,34.328528622524765
347482.43313307303,5809855.006805061,34.34269208575586
347492.43313307303,5809855.006805061,34.357105817112604
347502.43313307303,5809855.006805061,34.37169518144412
347512.43313307303,5809855.006805061,34.38637881304297
347522.43313307303,5809855.006805061,34.40106886307442
347532.43313307303,5809855.006805061,34.41567140488012
347542.43313307303,5809855.006805061,34.43008705912061
347552.43313307303,5809855.006805061,34.4442118986535
347562.43313307303,5809855.006805061,34.45793868423082
347572.43313307303,5809855.006805061,34.47115846514791
347582.43313307303,5809855.006805061,34.48376255317395
347592.43313307303,5809855.006805061,34.49564484390302
347602.43313307303,5809855.006805061,34.50670441918023
347612.43313307303,5809855.006805061,34.516848321440435
347622.43313307303,5809855.006805061,34.52599435132134
347632.43313307303,5809855.006805061,34.53407371047696
347642.43313307303,5809855.006805061,34.54103329865111
347652.43313307303,5809855.006805061,34.54683748260429
347662.43313307303,5809855.006805061,34.55146918609938
347672.43313307303,5809855.006805061,34.554930202448496
347682.43313307303,5809855.006805061,34.55724069766707
347692.43313307303,5809855.006805061,34.55843794367842
347702.43313307303,5809855.006805061,34.55857438684942
347712.43313307303,5809855.006805061,34.55771520820956
347722.43313307303,5809855.006805061,34.55593556188081
347732.43313307303,5809855.006805061,34.553317685472095
347252.43313307303,5809845.006805061,34.19734112816114
347262.43313307303,5809845.006805061,34.202046213629224
347272.43313307303,5809845.006805061,34.20658969565331
347282.43313307303,5809845.006805061,34.21105255022017
347292.43313307303,5809845.006805061,34.21552346555024
347302.43313307303,5809845.006805061,34.2200953810886
347312.43313307303,5809845.006805061,34.224862045906605
347322.43313307303,5809845.006805061,34.22991481124334
347332.43313307303,5809845.006805061,34.235339820504436
347342.43313307303,5809845.006805061,34.241215699823506
347352.43313307303,5809845.006805061,34.2476117926941
347362.43313307303,5809845.006805061,34.25458693033322
347372.43313307303,5809845.006805061,34.2621886895473
347382.43313307303,5809845.006805061,34.27045306336783
347392.43313307303,5809845.006805061,34.279404455882975
347402.43313307303,5809845.006805061,34.289055909465866
347412.43313307303,5809845.006805061,34.29940947737576
347422.43313307303,5809845.006805061,34.31045666489926
347432.43313307303,5809845.006805061,34.32217887560824
347442.43313307303,5809845.006805061,34.33454781429745
347452.43313307303,5809845.006805061,34.347525813664625
347462.43313307303,5809845.006805061,34.36106606724207
347472.43313307303,5809845.006805061,34.37511276628845
347482.43313307303,5809845.006805061,34.38960115332459
347492.43313307303,5809845.006805061,34.40445751983394
347502.43313307303,5809845.006805061,34.4195991903267
347512.43313307303,5809845.006805061,34.43493454921043
347522.43313307303,5809845.006805061,34.45036318003615
347532.43313307303,5809845.006805061,34.46577619749558
347542.43313307303,5809845.006805061,34.48105685925647
347552.43313307303,5809845.006805061,34.49608154504307
347562.43313307303,5809845.006805061,34.51072118170387
347572.43313307303,5809845.006805061,34.5248431728901
347582.43313307303,5809845.006805061,34.53831385870916
347592.43313307303,5809845.006805061,34.55100148422402
347602.43313307303,5809845.006805061,34.562779598268655
347612.43313307303,5809845.006805061,34.573530741047165
347622.43313307303,5809845.006805061,34.583150218645535
347632.43313307303,5809845.006805061,34.59154971524192
347642.43313307303,5809845.006805061,34.59866047001869
347652.43313307303,5809845.006805061,34.60443575384416
347662.43313307303,5809845.006805061,34.60885242414989
347672.43313307303,5809845.006805061,34.61191141196785
347682.43313307303,5809845.006805061,34.61363709298139
347692.43313307303,5809845.006805061,34.614075599904716
347702.43313307303,5809845.006805061,34.613292230055855
347712.43313307303,5809845.006805061,34.61136817523642
347722.43313307303,5809845.006805061,34.60839684180119
347732.43313307303,5809845.006805061,34.6044800346619
347252.43313307303,5809835.006805061,34.25850391327052
347262.43313307303,5809835.006805061,34.26264763147628
347272.43313307303,5809835.006805061,34.26647338078224
347282.43313307303,5809835.006805061,34.270083898490995
347292.43313307303,5809835.006805061,34.27359228209299
347302.43313307303,5809835.006805061,34.27711747311729
347312.43313307303,5809835.006805061,34.28077979976553
347322.43313307303,5809835.006805061,34.28469686563451
347332.43313307303,5809835.006805061,34.28897999542603
347342.43313307303,5809835.006805061,34.29373136240463
347352.43313307303,5809835.006805061,34.29904184012984
347362.43313307303,5809835.006805061,34.30498955224272
347372.43313307303,5809835.006805061,34.31163904375261
347382.43313307303,5809835.006805061,34.3190409661833
347392.43313307303,5809835.006805061,34.32723215505433
347402.43313307303,5809835.006805061,34.3362359779022
347412.43313307303,5809835.006805061,34.34606284037778
347422.43313307303,5809835.006805061,34.35671075323533
347432.43313307303,5809835.006805061,34.36816588136365
347442.43313307303,5809835.006805061,34.380403015411545
347452.43313307303,5809835.006805061,34.393385925878455
347462.43313307303,5809835.006805061,34.40706757831507
347472.43313307303,5809835.006805061,34.421390206533346
347482.43313307303,5809835.006805061,34.43628525876204
347492.43313307303,5809835.006805061,34.45167324987524
347502.43313307303,5809835.006805061,34.46746357140156
347512.43313307303,5809835.006805061,34.48355432987486
347522.43313307303,5809835.006805061,34.49983230254113
347532.43313307303,5809835.006805061,34.516173116055135
347542.43313307303,5809835.006805061,34.53244176625895
347552.43313307303,5809835.006805061,34.54849360218624
347562.43313307303,5809835.006805061,34.564175891133175
347572.43313307303,5809835.006805061,34.57933005984017
347582.43313307303,5809835.006805061,34.59379466613373
347592.43313307303,5809835.006805061,34.60740909437689
347602.43313307303,5809835.006805061,34.620017888802224
347612.43313307303,5809835.006805061,34.63147554791936
347622.43313307303,5809835.006805061,34.64165151237693
347632.43313307303,5809835.006805061,34.65043500359689
347642.43313307303,5809835.006805061,34.657739328153745
347652.43313307303,5809835.006805061,34.66350526739497
347662.43313307303,5809835.006805061,34.66770323004372
347672.43313307303,5809835.006805061,34.67033395376165
347682.43313307303,5809835.006805061,34.67142768496365
347692.43313307303,5809835.006805061,34.67104192125597
347702.43313307303,5809835.006805061,34.669257941547144
347712.43313307303,5809835.006805061,34.66617645265077
347722.43313307303,5809835.006805061,34.66191273445814
347262.43313307303,5809825.006805061,34.32290249179125
347272.43313307303,5809825.006805061,34.32595836265173
347282.43313307303,5809825.006805061,34.32865892239139
347292.43313307303,5809825.006805061,34.33114468959573
347302.43313307303,5809825.006805061,34.33356355833943
347312.43313307303,5809825.006805061,34.33606511809732
347322.43313307303,5809825.006805061,34.338795491613574
347332.43313307303,5809825.006805061,34.34189295564218
347342.43313307303,5809825.006805061,34.345484486689685
347352.43313307303,5809825.006805061,34.349683261759566
347362.43313307303,5809825.006805061,34.35458705502538
347372.43313307303,5809825.006805061,34.3602774103973
347382.43313307303,5809825.006805061,34.366819436279066
347392.43313307303,5809825.006805061,34.37426205796099
347402.43313307303,5809825.006805061,34.3826385690328
347412.43313307303,5809825.006805061,34.391967339941125
347422.43313307303,5809825.006805061,34.40225256434615
347432.43313307303,5809825.006805061,34.41348494860805
347442.43313307303,5809825.006805061,34.42564227428862
347452.43313307303,5809825.006805061,34.43868978690292
347462.43313307303,5809825.006805061,34.45258038611018
347472.43313307303,5809825.006805061,34.467254613510626
347482.43313307303,5809825.006805061,34.48264045496309
347492.43313307303,5809825.006805061,34.49865299568576
347502.43313307303,5809825.006805061,34.51519398900922
347512.43313307303,5809825.006805061,34.53215142374195
347522.43313307303,5809825.006805061,34.549399200186144
347532.43313307303,5809825.006805061,34.56679704936802
347542.43313307303,5809825.006805061,34.58419085115854
347552.43313307303,5809825.006805061,34.601413520294905
347562.43313307303,5809825.006805061,34.61828662910612
347572.43313307303,5809825.006805061,34.63462291537901
347582.43313307303,5809825.006805061,34.65022977699839
347592.43313307303,5809825.006805061,34.664913777710666
347602.43313307303,5809825.006805061,34.678486081199694
347612.43313307303,5809825.006805061,34.690768601244116
347622.43313307303,5809825.006805061,34.70160052002036
347632.43313307303,5809825.006805061,34.71084470813043
347642.43313307303,5809825.006805061,34.7183935058775
347652.43313307303,5809825.006805061,34.72417331994131
347662.43313307303,5809825.006805061,34.72814756632264
347672.43313307303,5809825.006805061,34.73031764547269
347682.43313307303,5809825.006805061,34.73072184623628
347692.43313307303,5809825.006805061,34.72943230445945
347702.43313307303,5809825.006805061,34.72655034777927
347712.43313307303,5809825.006805061,34.722200704664715
347722.43313307303,5809825.006805061,34.71652512311826
347262.43313307303,5809815.006805061,34.3829164519937
347272.43313307303,5809815.006805061,34.385134566325014
347282.43313307303,5809815.006805061,34.386849630978716
347292.43313307303,5809815.006805061,34.38823355420957
347302.43313307303,5809815.006805061,34.38946702638391
347312.43313307303,5809815.006805061,34.39073233960129
347322.43313307303,5809815.006805061,34.39220698755061
347332.43313307303,5809815.006805061,34.39405836968736
347342.43313307303,5809815.006805061,34.396439748965356
347352.43313307303,5809815.006805061,34.39948746100729
347362.43313307303,5809815.006805061,34.403319259948404
347372.43313307303,5809815.006805061,34.40803361598699
347382.43313307303,5809815.006805061,34.41370974753508
347392.43313307303,5809815.006805061,34.420408168125725
347402.43313307303,5809815.006805061,34.42817154519802
347412.43313307303,5809815.006805061,34.43702569589589
347422.43313307303,5809815.006805061,34.44698057747852
347432.43313307303,5809815.006805061,34.458031162506074
347442.43313307303,5809815.006805061,34.47015811929289
347452.43313307303,5809815.006805061,34.48332824543955
347462.43313307303,5809815.006805061,34.49749462689027
347472.43313307303,5809815.006805061,34.51259651793963
347482.43313307303,5809815.006805061,34.52855896032554
347492.43313307303,5809815.006805061,34.5452921834727
347502.43313307303,5809815.006805061,34.56269085439184
347512.43313307303,5809815.006805061,34.580633275508546
347522.43313307303,5809815.006805061,34.598980661736356
347532.43313307303,5809815.006805061,34.61757666304569
347542.43313307303,5809815.006805061,34.63624733238311
347552.43313307303,5809815.006805061,34.65480176553405
347562.43313307303,5809815.006805061,34.673033651365856
347572.43313307303,5809815.006805061,34.69072395771376
347582.43313307303,5809815.006805061,34.70764492914482
347592.43313307303,5809815.006805061,34.723565479057456
347602.43313307303,5809815.006805061,34.73825791698384
347612.43313307303,5809815.006805061,34.751505769747666
347622.43313307303,5809815.006805061,34.763112253147725
347632.43313307303,5809815.006805061,34.77290876382739
347642.43313307303,5809815.006805061,34.78076263257534
347652.43313307303,5809815.006805061,34.78658335233173
347662.43313307303,5809815.006805061,34.79032659269782
347672.43313307303,5809815.006805061,34.79199553575593
347682.43313307303,5809815.006805061,34.791639380940225
347692.43313307303,5809815.006805061,34.789349209372446
347702.43313307303,5809815.006805061,34.785251701626684
347712.43313307303,5809815.006805061,34.779501410232655
347722.43313307303,5809815.006805061,34.772272369720405
347272.43313307303,5809805.006805061,34.44409277514016
347282.43313307303,5809805.006805061,34.44472672459649
347292.43313307303,5809805.006805061,34.444908418466326
347302.43313307303,5809805.006805061,34.44485627301728
347312.43313307303,5809805.006805061,34.444789602837005
347322.43313307303,5809805.006805061,34.444920753544295
347332.43313307303,5809805.006805061,34.445448797285934
347342.43313307303,5809805.006805061,34.44655492572505
347352.43313307303,5809805.006805061,34.448399473558425
347362.43313307303,5809805.006805061,34.451120367698486
347372.43313307303,5809805.006805061,34.45483272248951
347382.43313307303,5809805.006805061,34.459629278400094
347392.43313307303,5809805.006805061,34.465581395081934
347402.43313307303,5809805.006805061,34.472740344544626
347412.43313307303,5809805.006805061,34.481138694482745
347422.43313307303,5809805.006805061,34.49079161727852
347432.43313307303,5809805.006805061,34.50169800214077
347442.43313307303,5809805.006805061,34.513841284222934
347452.43313307303,5809805.006805061,34.52718993531687
347462.43313307303,5809805.006805061,34.54169758700951
347472.43313307303,5809805.006805061,34.55730278090207
347482.43313307303,5809805.006805061,34.573928363867665
347492.43313307303,5809805.006805061,34.5914805717012
347502.43313307303,5809805.006805061,34.60984787406855
347512.43313307303,5809805.006805061,34.62889968910477
347522.43313307303,5809805.006805061,34.64848511813693
347532.43313307303,5809805.006805061,34.66843189906078
347542.43313307303,5809805.006805061,34.688545827734515
347552.43313307303,5809805.006805061,34.7086109439022
347562.43313307303,5809805.006805061,34.72839081106603
347572.43313307303,5809805.006805061,34.74763122363974
347582.43313307303,5809805.006805061,34.76606463193636
347592.43313307303,5809805.006805061,34.78341646881532
347602.43313307303,5809805.006805061,34.799413380244296
347612.43313307303,5809805.006805061,34.81379310895319
347622.43313307303,5809805.006805061,34.82631548090691
347632.43313307303,5809805.006805061,34.836773648714825
347642.43313307303,5809805.006805061,34.845004524136584
347652.43313307303,5809805.006805061,34.850897256261156
347662.43313307303,5809805.006805061,34.854398733372456
347672.43313307303,5809805.006805061,34.855515409360656
347682.43313307303,5809805.006805061,34.85431122691783
347692.43313307303,5809805.006805061,34.85090193024189
347702.43313307303,5809805.006805061,34.84544651422614
347712.43313307303,5809805.006805061,34.83813685169493
347722.43313307303,5809805.006805061,34.82918663158449
347252.43313307303,5809795.006805061,34.501335441127196
347262.43313307303,5809795.006805061,34.50265985447645
347272.43313307303,5809795.006805061,34.50292482086
347282.43313307303,5809795.006805061,34.50235908404661
347292.43313307303,5809795.006805061,34.50121439791943
347302.43313307303,5809795.006805061,34.49975317202249
347312.43313307303,5809795.006805061,34.498237083059436
347322.43313307303,5809795.006805061,34.4969174730866
347332.43313307303,5809795.006805061,34.496027964372274
347342.43313307303,5809795.006805061,34.49577936881445
347352.43313307303,5809795.006805061,34.496356706430774
347362.43313307303,5809795.006805061,34.49791798708322
347372.43313307303,5809795.006805061,34.50059434114068
347382.43313307303,5809795.006805061,34.504491084472114
347392.43313307303,5809795.006805061,34.50968934504644
347402.43313307303,5809795.006805061,34.51624794048906
347412.43313307303,5809795.006805061,34.524205262540306
347422.43313307303,5809795.006805061,34.53358098604799
347432.43313307303,5809795.006805061,34.544377472473286
347442.43313307303,5809795.006805061,34.5565807799289
347452.43313307303,5809795.006805061,34.570161224695305
347462.43313307303,5809795.006805061,34.585073465368666
347472.43313307303,5809795.006805061,34.60125610328395
347482.43313307303,5809795.006805061,34.61863081490091
347492.43313307303,5809795.006805061,34.63710105679665
347502.43313307303,5809795.006805061,34.65655041506074
347512.43313307303,5809795.006805061,34.67684071120543
347522.43313307303,5809795.006805061,34.697810028369126
347532.43313307303,5809795.006805061,34.719270885210925
347542.43313307303,5809795.006805061,34.741008858273624
347552.43313307303,5809795.006805061,34.762782030117194
347562.43313307303,5809795.006805061,34.784321707391896
347572.43313307303,5809795.006805061,34.805334889968584
347582.43313307303,5809795.006805061,34.82550895191753
347592.43313307303,5809795.006805061,34.844518886690075
347602.43313307303,5809795.006805061,34.8620372462994
347612.43313307303,5809795.006805061,34.87774655966363
347622.43313307303,5809795.006805061,34.8913535740787
347632.43313307303,5809795.006805061,34.902604195881615
347642.43313307303,5809795.006805061,34.91129762271182
347652.43313307303,5809795.006805061,34.917297987608165
347662.43313307303,5809795.006805061,34.92054197339729
347672.43313307303,5809795.006805061,34.92104132668063
347682.43313307303,5809795.006805061,34.9188799233582
347692.43313307303,5809795.006805061,34.91420584393266
347702.43313307303,5809795.006805061,34.90721960845764
347712.43313307303,5809795.006805061,34.89816014142415
347722.43313307303,5809795.006805061,34.88729012285251
347242.43313307303,5809785.006805061,34.560297106408974
347252.43313307303,5809785.006805061,34.56222139301614
347262.43313307303,5809785.006805061,34.56261860759873
347272.43313307303,5809785.006805061,34.56172326597429
347282.43313307303,5809785.006805061,34.55981256231532
347292.43313307303,5809785.006805061,34.55719026709546
347302.43313307303,5809785.006805061,34.55417070987397
347312.43313307303,5809785.006805061,34.55106444306013
347322.43313307303,5809785.006805061,34.548166616591374
347332.43313307303,5809785.006805061,34.5457484993718
347342.43313307303,5809785.006805061,34.54405208988227
347352.43313307303,5809785.006805061,34.54328742585049
347362.43313307303,5809785.006805061,34.54363203296925
347372.43313307303,5809785.006805061,34.54523191226257
347382.43313307303,5809785.006805061,34.548203510014204
347392.43313307303,5809785.006805061,34.552636202097055
347402.43313307303,5809785.006805061,34.55859492563212
347412.43313307303,5809785.006805061,34.56612268633217
347422.43313307303,5809785.006805061,34.5752427503344
347432.43313307303,5809785.006805061,34.58596039204963
347442.43313307303,5809785.006805061,34.59826411572906
347452.43313307303,5809785.006805061,34.61212630126596
347462.43313307303,5809785.006805061,34.62750324825837
347472.43313307303,5809785.006805061,34.64433461087842
347482.43313307303,5809785.006805061,34.662542234013976
347492.43313307303,5809785.006805061,34.68202842291569
347502.43313307303,5809785.006805061,34.702673708747675
347512.43313307303,5809785.006805061,34.72433421557156
347522.43313307303,5809785.006805061,34.74683879461663
347532.43313307303,5809785.006805061,34.76998617221902
347542.43313307303,5809785.006805061,34.79354245876789
347552.43313307303,5809785.006805061,34.817239482313816
347562.43313307303,5809785.006805061,34.84077452854651
347572.43313307303,5809785.006805061,34.863812162983685
347582.43313307303,5809785.006805061,34.88598884175485
347592.43313307303,5809785.006805061,34.90692093286478
347602.43313307303,5809785.006805061,34.92621651720392
347612.43313307303,5809785.006805061,34.943490883764404
347622.43313307303,5809785.006805061,34.95838499074835
347632.43313307303,5809785.006805061,34.970585423838514
347642.43313307303,5809785.006805061,34.979843718511745
347652.43313307303,5809785.006805061,34.985992548498125
347662.43313307303,5809785.006805061,34.98895641196722
347672.43313307303,5809785.006805061,34.98875513846094
347682.43313307303,5809785.006805061,34.98549967047692
347692.43313307303,5809785.006805061,34.97938085221083
347702.43313307303,5809785.006805061,34.970653032617506
347712.43313307303,5809785.006805061,34.95961489166524
347222.43313307303,5809775.006805061,34.61362910933147
347232.43313307303,5809775.006805061,34.619045970185795
347242.43313307303,5809775.006805061,34.62227889082406
347252.43313307303,5809775.006805061,34.62345730813028
347262.43313307303,5809775.006805061,34.622795897649425
347272.43313307303,5809775.006805061,34.62058030852445
347282.43313307303,5809775.006805061,34.61714774828926
347292.43313307303,5809775.006805061,34.612865390036546
347302.43313307303,5809775.006805061,34.60810946696176
347312.43313307303,5809775.006805061,34.60324723912415
347322.43313307303,5809775.006805061,34.5986230775899
347332.43313307303,5809775.006805061,34.594549009476
347342.43313307303,5809775.006805061,34.59129938992937
347352.43313307303,5809775.006805061,34.58910897198844
347362.43313307303,5809775.006805061,34.58817349902954
347372.43313307303,5809775.006805061,34.58865197186875
347382.43313307303,5809775.006805061,34.59066986546874
347392.43313307303,5809775.006805061,34.59432272770785
347402.43313307303,5809775.006805061,34.599679746174665
347412.43313307303,5809775.006805061,34.60678699887589
347422.43313307303,5809775.006805061,34.61567020465747
347432.43313307303,5809775.006805061,34.6263368602298
347442.43313307303,5809775.006805061,34.63877769777859
347452.43313307303,5809775.006805061,34.65296742627061
347462.43313307303,5809775.006805061,34.668864736784165
347472.43313307303,5809775.006805061,34.68641156320992
347482.43313307303,5809775.006805061,34.70553159988551
347492.43313307303,5809775.006805061,34.72612809258169
347502.43313307303,5809775.006805061,34.74808094453933
347512.43313307303,5809775.006805061,34.77124322136935
347522.43313307303,5809775.006805061,34.79543720448788
347532.43313307303,5809775.006805061,34.82045023909607
347542.43313307303,5809775.006805061,34.84603075430539
347552.43313307303,5809775.006805061,34.87188499935882
347562.43313307303,5809775.006805061,34.897675229982546
347572.43313307303,5809775.006805061,34.92302026422226
347582.43313307303,5809775.006805061,34.94749945477768
347592.43313307303,5809775.006805061,34.97066111492856
347602.43313307303,5809775.006805061,34.992036189546525
347612.43313307303,5809775.006805061,35.01115739377903
347622.43313307303,5809775.006805061,35.02758312427926
347632.43313307303,5809775.006805061,35.0409242807046
347642.43313307303,5809775.006805061,35.05087098181197
347652.43313307303,5809775.006805061,35.05721541382355
347662.43313307303,5809775.006805061,35.05986709553123
347672.43313307303,5809775.006805061,35.058857864303924
347682.43313307303,5809775.006805061,35.05433569927516
347692.43313307303,5809775.006805061,35.04654858135911
347702.43313307303,5809775.006805061,35.03582129892869
347712.43313307303,5809775.006805061,35.02252896727972
347212.43313307303,5809765.006805061,34.66865005348303
347222.43313307303,5809765.006805061,34.676698784961964
347232.43313307303,5809765.006805061,34.6820970812958
347242.43313307303,5809765.006805061,34.684879528036554
347252.43313307303,5809765.006805061,34.685198998230824
347262.43313307303,5809765.006805061,34.68331736408223
347272.43313307303,5809765.006805061,34.679585485002654
347282.43313307303,5809765.006805061,34.67441620625611
347292.43313307303,5809765.006805061,34.66825500374398
347302.43313307303,5809765.006805061,34.6615525204491
347312.43313307303,5809765.006805061,34.654741959258736
347322.43313307303,5809765.006805061,34.64822272859585
347332.43313307303,5809765.006805061,34.64235038129815
347342.43313307303,5809765.006805061,34.63743199272281
347352.43313307303,5809765.006805061,34.6337257084623
347362.43313307303,5809765.006805061,34.631443140214955
347372.43313307303,5809765.006805061,34.63075345040979
347382.43313307303,5809765.006805061,34.6317882161099
347392.43313307303,5809765.006805061,34.63464641804302
347402.43313307303,5809765.006805061,34.63939911888145
347412.43313307303,5809765.006805061,34.64609356155323
347422.43313307303,5809765.006805061,34.65475653467685
347432.43313307303,5809765.006805061,34.665396926517204
347442.43313307303,5809765.006805061,34.67800743139523
347452.43313307303,5809765.006805061,34.69256539287642
347462.43313307303,5809765.006805061,34.709032774509254
347472.43313307303,5809765.006805061,34.72735524824697
347482.43313307303,5809765.006805061,34.747460389040114
347492.43313307303,5809765.006805061,34.769254967449726
347502.43313307303,5809765.006805061,34.792621347242374
347512.43313307303,5809765.006805061,34.81741302996086
347522.43313307303,5809765.006805061,34.84344945346887
347532.43313307303,5809765.006805061,34.87051025821191
347542.43313307303,5809765.006805061,34.89832939546711
347552.43313307303,5809765.006805061,34.926589674818246
347562.43313307303,5809765.006805061,34.95491863153745
347572.43313307303,5809765.006805061,34.982886914299165
347582.43313307303,5809765.006805061,35.010010687918516
347592.43313307303,5809765.006805061,35.03575970106563
347602.43313307303,5809765.006805061,35.059572518822634
347612.43313307303,5809765.006805061,35.08087977671657
347622.43313307303,5809765.006805061,35.09913504940719
347632.43313307303,5809765.006805061,35.11385110623975
347642.43313307303,5809765.006805061,35.12463732057054
347652.43313307303,5809765.006805061,35.131232495325094
347662.43313307303,5809765.006805061,35.13352713962244
347672.43313307303,5809765.006805061,35.13157073205513
347682.43313307303,5809765.006805061,35.1255624887441
347692.43313307303,5809765.006805061,35.11582765712461
347702.43313307303,5809765.006805061,35.10278414743385
347712.43313307303,5809765.006805061,35.08690552483163
347202.43313307303,5809755.006805061,34.720481584285174
347212.43313307303,5809755.006805061,34.7320723283765
347222.43313307303,5809755.006805061,34.74062667889066
347232.43313307303,5809755.006805061,34.74602381894536
347242.43313307303,5809755.006805061,34.748291827803534
347252.43313307303,5809755.006805061,34.7476130439817
347262.43313307303,5809755.006805061,34.74431097911091
347272.43313307303,5809755.006805061,34.73882149610887
347282.43313307303,5809755.006805061,34.73165444189698
347292.43313307303,5809755.006805061,34.723353155059264
347302.43313307303,5809755.006805061,34.71445820708665
347312.43313307303,5809755.006805061,34.70547930694862
347322.43313307303,5809755.006805061,34.696876678015194
347332.43313307303,5809755.006805061,34.68905122183132
347342.43313307303,5809755.006805061,34.68234168958904
347352.43313307303,5809755.006805061,34.67702676563186
347362.43313307303,5809755.006805061,34.673330144446936
347372.43313307303,5809755.006805061,34.671427083090194
347382.43313307303,5809755.006805061,34.67145134995908
347392.43313307303,5809755.006805061,34.673501871623614
347402.43313307303,5809755.006805061,34.6776486682403
347412.43313307303,5809755.006805061,34.683937866129554
347422.43313307303,5809755.006805061,34.69239569947095
347432.43313307303,5809755.006805061,34.7030314810759
347442.43313307303,5809755.006805061,34.71583955206483
347452.43313307303,5809755.006805061,34.73080022551929
347462.43313307303,5809755.006805061,34.747879729784614
347472.43313307303,5809755.006805061,34.76702914048008
347482.43313307303,5809755.006805061,34.788182272449255
347492.43313307303,5809755.006805061,34.81125248971867
347502.43313307303,5809755.006805061,34.836128390006785
347512.43313307303,5809755.006805061,34.862668339824666
347522.43313307303,5809755.006805061,34.89069388979733
347532.43313307303,5809755.006805061,34.91998220515365
347542.43313307303,5809755.006805061,34.95025782541549
347552.43313307303,5809755.006805061,34.98118434378177
347562.43313307303,5809755.006805061,35.01235698785079
347572.43313307303,5809755.006805061,35.04329758384919
347582.43313307303,5809755.006805061,35.07345394129908
347592.43313307303,5809755.006805061,35.10220616328675
347602.43313307303,5809755.006805061,35.12888251345888
347612.43313307303,5809755.006805061,35.15278689684378
347622.43313307303,5809755.006805061,35.17323838677139
347632.43313307303,5809755.006805061,35.18962045080601
347642.43313307303,5809755.006805061,35.20143404840651
347652.43313307303,5809755.006805061,35.20834575852234
347662.43313307303,5809755.006805061,35.21022111622489
347672.43313307303,5809755.006805061,35.207135511333476
347682.43313307303,5809755.006805061,35.19936006113181
347692.43313307303,5809755.006805061,35.18732597619026
347702.43313307303,5809755.006805061,35.17157563280864
347712.43313307303,5809755.006805061,35.152710207773545
347182.43313307303,5809745.006805061,34.74882709148156
347192.43313307303,5809745.006805061,34.76763831287296
347202.43313307303,5809745.006805061,34.783657850948345
347212.43313307303,5809745.006805061,34.79643348894636
347222.43313307303,5809745.006805061,34.80562431455737
347232.43313307303,5809745.006805061,34.8110505080641
347242.43313307303,5809745.006805061,34.81272775025224
347252.43313307303,5809745.006805061,34.8108765636215
347262.43313307303,5809745.006805061,34.805903243653844
347272.43313307303,5809745.006805061,34.798357068229585
347282.43313307303,5809745.006805061,34.7888744588559
347292.43313307303,5809745.006805061,34.77812230512377
347302.43313307303,5809745.006805061,34.76675002629187
347312.43313307303,5809745.006805061,34.75535530088968
347322.43313307303,5809745.006805061,34.74446404665974
347332.43313307303,5809745.006805061,34.734522434248774
347342.43313307303,5809745.006805061,34.725897592518756
347352.43313307303,5809745.006805061,34.718883717773245
347362.43313307303,5809745.006805061,34.71371093676973
347372.43313307303,5809745.006805061,34.71055505571378
347382.43313307303,5809745.006805061,34.709547020425646
347392.43313307303,5809745.006805061,34.71078143377061
347402.43313307303,5809745.006805061,34.71432382557192
347412.43313307303,5809745.006805061,34.720216581182015
347422.43313307303,5809745.006805061,34.728483547099586
347432.43313307303,5809745.006805061,34.739133379060426
347442.43313307303,5809745.006805061,34.7521617046306
347452.43313307303,5809745.006805061,34.76755215518311
347462.43313307303,5809745.006805061,34.78527629194939
347472.43313307303,5809745.006805061,34.80529241443799
347482.43313307303,5809745.006805061,34.827543201784025
347492.43313307303,5809745.006805061,34.85195210314446
347502.43313307303,5809745.006805061,34.8784183681325
347512.43313307303,5809745.006805061,34.90681060184639
347522.43313307303,5809745.006805061,34.936958756234766
347532.43313307303,5809745.006805061,34.968644553417086
347542.43313307303,5809745.006805061,35.001590510624546
347552.43313307303,5809745.006805061,35.035448044864076
347562.43313307303,5809745.006805061,35.069785627870885
347572.43313307303,5809745.006805061,35.104078675901704
347582.43313307303,5809745.006805061,35.13770378066975
347592.43313307303,5809745.006805061,35.16994088412212
347602.43313307303,5809745.006805061,35.199987729580116
347612.43313307303,5809745.006805061,35.22699077644088
347622.43313307303,5809745.006805061,35.250094955992516
347632.43313307303,5809745.006805061,35.26851058654386
347642.43313307303,5809745.006805061,35.28158978012055
347652.43313307303,5809745.006805061,35.28889863625838
347662.43313307303,5809745.006805061,35.290268614374845
347672.43313307303,5809745.006805061,35.28581347462406
347682.43313307303,5809745.006805061,35.27590705333652
347692.43313307303,5809745.006805061,35.26112824401981
347702.43313307303,5809745.006805061,35.24218771605287
347172.43313307303,5809735.006805061,34.78483515586205
347182.43313307303,5809735.006805061,34.808499852966655
347192.43313307303,5809735.006805061,34.82966405769214
347202.43313307303,5809735.006805061,34.847670592642096
347212.43313307303,5809735.006805061,34.861915168413944
347222.43313307303,5809735.006805061,34.871923469014
347232.43313307303,5809735.006805061,34.87742747946221
347242.43313307303,5809735.006805061,34.87842083498558
347252.43313307303,5809735.006805061,34.87517531615514
347262.43313307303,5809735.006805061,34.86821192392963
347272.43313307303,5809735.006805061,34.85823507812542
347282.43313307303,5809735.006805061,34.84604918394487
347292.43313307303,5809735.006805061,34.83247823996093
347302.43313307303,5809735.006805061,34.818302813710254
347312.43313307303,5809735.006805061,34.80421978483199
347322.43313307303,5809735.006805061,34.79082320545732
347332.43313307303,5809735.006805061,34.77860108034301
347342.43313307303,5809735.006805061,34.76794224125076
347352.43313307303,5809735.006805061,34.75914845362361
347362.43313307303,5809735.006805061,34.75244834404421
347372.43313307303,5809735.006805061,34.748011063686796
347382.43313307303,5809735.006805061,34.745958588442534
347392.43313307303,5809735.006805061,34.74637619630259
347402.43313307303,5809735.006805061,34.7493210327293
347412.43313307303,5809735.006805061,34.75482886120159
347422.43313307303,5809735.006805061,34.76291916854474
347432.43313307303,5809735.006805061,34.77359880136068
347442.43313307303,5809735.006805061,34.78686428122429
347452.43313307303,5809735.006805061,34.80270289989578
347462.43313307303,5809735.006805061,34.82109264103368
347472.43313307303,5809735.006805061,34.84200091642842
347482.43313307303,5809735.006805061,34.86538204498148
347492.43313307303,5809735.006805061,34.891173343548544
347502.43313307303,5809735.006805061,34.91928964388244
347512.43313307303,5809735.006805061,34.949616006580825
347522.43313307303,5809735.006805061,34.98199838544607
347532.43313307303,5809735.006805061,35.01623202975394
347542.43313307303,5809735.006805061,35.05204754076497
347552.43313307303,5809735.006805061,35.08909478938132
347562.43313307303,5809735.006805061,35.126925448074445
347572.43313307303,5809735.006805061,35.16497580341396
347582.43313307303,5809735.006805061,35.20255288349199
347592.43313307303,5809735.006805061,35.23882872058325
347602.43313307303,5809735.006805061,35.27284942781051
347612.43313307303,5809735.006805061,35.30356680876564
347622.43313307303,5809735.006805061,35.329898904354394
347632.43313307303,5809735.006805061,35.35082047087863
347642.43313307303,5809735.006805061,35.36547432681666
347652.43313307303,5809735.006805061,35.373282419379436
347662.43313307303,5809735.006805061,35.37402773525594
347672.43313307303,5809735.006805061,35.36788175446492
347682.43313307303,5809735.006805061,35.355368314564146
347692.43313307303,5809735.006805061,35.33727596540138
347702.43313307303,5809735.006805061,35.31454560888839
347162.43313307303,5809725.006805061,34.812965260791756
347172.43313307303,5809725.006805061,34.841514237771634
347182.43313307303,5809725.006805061,34.868178263115645
347192.43313307303,5809725.006805061,34.89215737039769
347202.43313307303,5809725.006805061,34.91260269451531
347212.43313307303,5809725.006805061,34.92869920048027
347222.43313307303,5809725.006805061,34.93977788075504
347232.43313307303,5809725.006805061,34.94543577043144
347242.43313307303,5809725.006805061,34.94562819433269
347252.43313307303,5809725.006805061,34.9406986575358
347262.43313307303,5809725.006805061,34.93133280387437
347272.43313307303,5809725.006805061,34.91845301740155
347282.43313307303,5809725.006805061,34.90309017098634
347292.43313307303,5809725.006805061,34.88626848304416
347302.43313307303,5809725.006805061,34.86892425313586
347312.43313307303,5809725.006805061,34.851862120796056
347322.43313307303,5809725.006805061,34.835741694328426
347332.43313307303,5809725.006805061,34.82108395939146
347342.43313307303,5809725.006805061,34.808288037090115
347352.43313307303,5809725.006805061,34.79765166177825
347362.43313307303,5809725.006805061,34.78939145107867
347372.43313307303,5809725.006805061,34.78366101911179
347382.43313307303,5809725.006805061,34.78056621490789
347392.43313307303,5809725.006805061,34.78017743742646
347402.43313307303,5809725.006805061,34.78253928825141
347412.43313307303,5809725.006805061,34.78767792602152
347422.43313307303,5809725.006805061,34.79560648190606
347432.43313307303,5809725.006805061,34.806328840438695
347442.43313307303,5809725.006805061,34.819842015210696
347452.43313307303,5809725.006805061,34.836137268589866
347462.43313307303,5809725.006805061,34.855200044058506
347472.43313307303,5809725.006805061,34.87700869954627
347482.43313307303,5809725.006805061,34.90153194875553
347492.43313307303,5809725.006805061,34.92872483304736
347502.43313307303,5809725.006805061,34.958522958303945
347512.43313307303,5809725.006805061,34.99083464202273
347522.43313307303,5809725.006805061,35.02553053539278
347532.43313307303,5809725.006805061,35.06243023593552
347542.43313307303,5809725.006805061,35.101285434078136
347552.43313307303,5809725.006805061,35.14175932518273
347562.43313307303,5809725.006805061,35.183402507051035
347572.43313307303,5809725.006805061,35.22562658297339
347582.43313307303,5809725.006805061,35.26767847000257
347592.43313307303,5809725.006805061,35.30862119517201
347602.43313307303,5809725.006805061,35.34733064447968
347612.43313307303,5809725.006805061,35.38252132721125
347622.43313307303,5809725.006805061,35.41281519458625
347632.43313307303,5809725.006805061,35.43686179569069
347642.43313307303,5809725.006805061,35.45350204912358
347652.43313307303,5809725.006805061,35.461943852810975
347662.43313307303,5809725.006805061,35.461897969414245
347672.43313307303,5809725.006805061,35.4536247628702
347682.43313307303,5809725.006805061,35.437873046701895
347692.43313307303,5809725.006805061,35.415735253493395
347702.43313307303,5809725.006805061,35.38847073092412
347142.43313307303,5809715.006805061,34.79915531400319
347152.43313307303,5809715.006805061,34.83249861810004
347162.43313307303,5809715.006805061,34.86548678927493
347172.43313307303,5809715.006805061,34.89747277853587
347182.43313307303,5809715.006805061,34.92764019415249
347192.43313307303,5809715.006805061,34.955009543062154
347202.43313307303,5809715.006805061,34.97848455330395
347212.43313307303,5809715.006805061,34.996955740005625
347222.43313307303,5809715.006805061,35.00946365938726
347232.43313307303,5809715.006805061,35.01539266741017
347242.43313307303,5809715.006805061,35.01463127593016
347252.43313307303,5809715.006805061,35.007628437633805
347262.43313307303,5809715.006805061,34.9953158546501
347272.43313307303,5809715.006805061,34.978930938749
347282.43313307303,5809715.006805061,34.95981377674645
347292.43313307303,5809715.006805061,34.93924201614323
347302.43313307303,5809715.006805061,34.918331004695155
347312.43313307303,5809715.006805061,34.89799433285111
347322.43313307303,5809715.006805061,34.87894557623091
347332.43313307303,5809715.006805061,34.86172177780907
347342.43313307303,5809715.006805061,34.84671479182754
347352.43313307303,5809715.006805061,34.83420254958212
347362.43313307303,5809715.006805061,34.82437658697858
347372.43313307303,5809715.006805061,34.81736468972777
347382.43313307303,5809715.006805061,34.813248768017665
347392.43313307303,5809715.006805061,34.812078581925256
347402.43313307303,5809715.006805061,34.81388206039651
347412.43313307303,5809715.006805061,34.818672901540225
347422.43313307303,5809715.006805061,34.826456021171644
347432.43313307303,5809715.006805061,34.8372312822104
347442.43313307303,5809715.006805061,34.85099581055028
347452.43313307303,5809715.006805061,34.867745088659746
347462.43313307303,5809715.006805061,34.88747291447749
347472.43313307303,5809715.006805061,34.91017021501744
347482.43313307303,5809715.006805061,34.935822605132365
347492.43313307303,5809715.006805061,34.96440647542893
347502.43313307303,5809715.006805061,34.99588327315122
347512.43313307303,5809715.006805061,35.03019150152409
347522.43313307303,5809715.006805061,35.06723580684791
347532.43313307303,5809715.006805061,35.10687235972831
347542.43313307303,5809715.006805061,35.14888960147158
347552.43313307303,5809715.006805061,35.19298339889347
347562.43313307303,5809715.006805061,35.23872589481807
347572.43313307303,5809715.006805061,35.28552816254938
347582.43313307303,5809715.006805061,35.332598676566874
347592.43313307303,5809715.006805061,35.37890329924548
347602.43313307303,5809715.006805061,35.42313858540542
347612.43313307303,5809715.006805061,35.46373839391209
347622.43313307303,5809715.006805061,35.4989409331572
347632.43313307303,5809715.006805061,35.52694145504123
347642.43313307303,5809715.006805061,35.54613343012066
347652.43313307303,5809715.006805061,35.55539422773134
347662.43313307303,5809715.006805061,35.55432121069854
347672.43313307303,5809715.006805061,35.54331609503493
347682.43313307303,5809715.006805061,35.52347624189464
347692.43313307303,5809715.006805061,35.496344757854175
347702.43313307303,5809715.006805061,35.46362518240034
347132.43313307303,5809705.006805061,34.807287501806925
347142.43313307303,5809705.006805061,34.84333396505644
347152.43313307303,5809705.006805061,34.87987011387085
347162.43313307303,5809705.006805061,34.91640565223381
347172.43313307303,5809705.006805061,34.952256530793456
347182.43313307303,5809705.006805061,34.98650364657451
347192.43313307303,5809705.006805061,35.01797038048629
347202.43313307303,5809705.006805061,35.04524942956893
347212.43313307303,5809705.006805061,35.066819123900125
347222.43313307303,5809705.006805061,35.08127655083479
347232.43313307303,5809705.006805061,35.08765830770031
347242.43313307303,5809705.006805061,35.08573357301379
347252.43313307303,5809705.006805061,35.07611586383732
347262.43313307303,5809705.006805061,35.060122215389526
347272.43313307303,5809705.006805061,35.03945882911409
347282.43313307303,5809705.006805061,35.015890517045996
347292.43313307303,5809705.006805061,34.99100814860484
347302.43313307303,5809705.006805061,34.96611958951071
347312.43313307303,5809705.006805061,34.942233031284644
347322.43313307303,5809705.006805061,34.92008988840596
347332.43313307303,5809705.006805061,34.90021542193421
347342.43313307303,5809705.006805061,34.882969566622734
347352.43313307303,5809705.006805061,34.86859061575224
347362.43313307303,5809705.006805061,34.85722996514609
347372.43313307303,5809705.006805061,34.848978573101604
347382.43313307303,5809705.006805061,34.84388659858665
347392.43313307303,5809705.006805061,34.84197773857672
347402.43313307303,5809705.006805061,34.843259566300055
347412.43313307303,5809705.006805061,34.84773088921036
347422.43313307303,5809705.006805061,34.85538688242042
347432.43313307303,5809705.006805061,34.86622253415539
347442.43313307303,5809705.006805061,34.880234763935704
347452.43313307303,5809705.006805061,34.897423432361414
347462.43313307303,5809705.006805061,34.917791342014496
347472.43313307303,5809705.006805061,34.941343220567624
347482.43313307303,5809705.006805061,34.96808356840717
347492.43313307303,5809705.006805061,34.998013132511424
347502.43313307303,5809705.006805061,35.031123623813826
347512.43313307303,5809705.006805061,35.06739011372314
347522.43313307303,5809705.006805061,35.106760313765285
347532.43313307303,5809705.006805061,35.14913965113578
347542.43313307303,5809705.006805061,35.19437070701332
347552.43313307303,5809705.006805061,35.24220522655506
347562.43313307303,5809705.006805061,35.29226667207643
347572.43313307303,5809705.006805061,35.344001498138645
347582.43313307303,5809705.006805061,35.39661867226167
347592.43313307303,5809705.006805061,35.4490207499504
347602.43313307303,5809705.006805061,35.49973805775719
347612.43313307303,5809705.006805061,35.54689224517521
347622.43313307303,5809705.006805061,35.588235428742884
347632.43313307303,5809705.006805061,35.621324831891464
347642.43313307303,5809705.006805061,35.64387200490681
347652.43313307303,5809705.006805061,35.65422034282181
347662.43313307303,5809705.006805061,35.651778052096525
347672.43313307303,5809705.006805061,35.63718153800036
347682.43313307303,5809705.006805061,35.61208986454387
347692.43313307303,5809705.006805061,35.578730928420896
347122.43313307303,5809695.006805061,34.8083388901419
347132.43313307303,5809695.006805061,34.846024013114715
347142.43313307303,5809695.006805061,34.8849253464197
347152.43313307303,5809695.006805061,34.92475862203101
347162.43313307303,5809695.006805061,34.965075978088066
347172.43313307303,5809695.006805061,35.00520088096771
347182.43313307303,5809695.006805061,35.044150186934964
347192.43313307303,5809695.006805061,35.080559277258
347202.43313307303,5809695.006805061,35.11265257219836
347212.43313307303,5809695.006805061,35.1383384466934
347222.43313307303,5809695.006805061,35.15552164244671
347232.43313307303,5809695.006805061,35.1626436204132
347242.43313307303,5809695.006805061,35.15925090486657
347252.43313307303,5809695.006805061,35.14623341784507
347262.43313307303,5809695.006805061,35.125545481423345
347272.43313307303,5809695.006805061,35.0996103790519
347282.43313307303,5809695.006805061,35.07077119039097
347292.43313307303,5809695.006805061,35.04098376605586
347302.43313307303,5809695.006805061,35.01173437358441
347312.43313307303,5809695.006805061,34.98408340886949
347322.43313307303,5809695.006805061,34.958753212262245
347332.43313307303,5809695.006805061,34.93621663426963
347342.43313307303,5809695.006805061,34.916770356898944
347352.43313307303,5809695.006805061,34.900590435029265
347362.43313307303,5809695.006805061,34.887772513886986
347372.43313307303,5809695.006805061,34.87836027085965
347382.43313307303,5809695.006805061,34.872365284213025
347392.43313307303,5809695.006805061,34.86978082326424
347402.43313307303,5809695.006805061,34.870591377421434
347412.43313307303,5809695.006805061,34.874779201734356
347422.43313307303,5809695.006805061,34.88232875626027
347432.43313307303,5809695.006805061,34.89322962759565
347442.43313307303,5809695.006805061,34.90747831210349
347452.43313307303,5809695.006805061,34.92507908503064
347462.43313307303,5809695.006805061,34.94604405666309
347472.43313307303,5809695.006805061,34.9703924087727
347482.43313307303,5809695.006805061,34.99814869683519
347492.43313307303,5809695.006805061,35.029339980884586
347502.43313307303,5809695.006805061,35.06399139342857
347512.43313307303,5809695.006805061,35.10211954538445
347522.43313307303,5809695.006805061,35.143722882970934
347532.43313307303,5809695.006805061,35.188767704801265
347542.43313307303,5809695.006805061,35.23716798874066
347552.43313307303,5809695.006805061,35.28875643005431
347562.43313307303,5809695.006805061,35.34324317370427
347572.43313307303,5809695.006805061,35.40015781507714
347582.43313307303,5809695.006805061,35.458769959567746
347592.43313307303,5809695.006805061,35.51798559707724
347602.43313307303,5809695.006805061,35.576224393541395
347612.43313307303,5809695.006805061,35.6313032864025
347622.43313307303,5809695.006805061,35.680391833221
347632.43313307303,5809695.006805061,35.720159107737196
347642.43313307303,5809695.006805061,35.74724972938073
347652.43313307303,5809695.006805061,35.759097816891185
347662.43313307303,5809695.006805061,35.75477250222765
347672.43313307303,5809695.006805061,35.73532292245252
347682.43313307303,5809695.006805061,35.70335777142308
347692.43313307303,5809695.006805061,35.662169860880496
347112.43313307303,5809685.006805061,34.80337506960631
347122.43313307303,5809685.006805061,34.84165033436714
347132.43313307303,5809685.006805061,34.88166377763992
347142.43313307303,5809685.006805061,34.92332469044697
347152.43313307303,5809685.006805061,34.966439264682606
347162.43313307303,5809685.006805061,35.01065362229077
347172.43313307303,5809685.006805061,35.0553688439172
347182.43313307303,5809685.006805061,35.09962014670224
347192.43313307303,5809685.006805061,35.14192257555961
347202.43313307303,5809685.006805061,35.18012178644813
347212.43313307303,5809685.006805061,35.211372964317675
347222.43313307303,5809685.006805061,35.23248408513497
347232.43313307303,5809685.006805061,35.24081997166649
347242.43313307303,5809685.006805061,35.23548290932606
347252.43313307303,5809685.006805061,35.2178721441082
347262.43313307303,5809685.006805061,35.19106523546424
347272.43313307303,5809685.006805061,35.1586036882959
347282.43313307303,5809685.006805061,35.12358488890664
347292.43313307303,5809685.006805061,35.08833294832289
347302.43313307303,5809685.006805061,35.05443954905783
347312.43313307303,5809685.006805061,35.022931706726645
347322.43313307303,5809685.006805061,34.99444108013362
347332.43313307303,5809685.006805061,34.96933613056219
347342.43313307303,5809685.006805061,34.94781538429765
347352.43313307303,5809685.006805061,34.92997037405209
347362.43313307303,5809685.006805061,34.91582731208755
347372.43313307303,5809685.006805061,34.90537449841641
347382.43313307303,5809685.006805061,34.898580336408955
347392.43313307303,5809685.006805061,34.89540519835349
347402.43313307303,5809685.006805061,34.89580925872269
347412.43313307303,5809685.006805061,34.899757667781635
347422.43313307303,5809685.006805061,34.907223951081484
347432.43313307303,5809685.006805061,34.91819220080855
347442.43313307303,5809685.006805061,34.9326584111692
347452.43313307303,5809685.006805061,34.95063116091715
347462.43313307303,5809685.006805061,34.97213173398485
347472.43313307303,5809685.006805061,34.99719367392487
347482.43313307303,5809685.006805061,35.02586167308885
347492.43313307303,5809685.006805061,35.05818958703276
347502.43313307303,5809685.006805061,35.094237219393094
347512.43313307303,5809685.006805061,35.13406531636758
347522.43313307303,5809685.006805061,35.17772790469065
347532.43313307303,5809685.006805061,35.225260644713444
347542.43313307303,5809685.006805061,35.27666316346019
347552.43313307303,5809685.006805061,35.33187225417636
347562.43313307303,5809685.006805061,35.390721212014306
347572.43313307303,5809685.006805061,35.45287826109289
347582.43313307303,5809685.006805061,35.517754074874546
347592.43313307303,5809685.006805061,35.584365764597024
347602.43313307303,5809685.006805061,35.65114620196303
347612.43313307303,5809685.006805061,35.71570418252406
347622.43313307303,5809685.006805061,35.77459740024786
347632.43313307303,5809685.006805061,35.82330869817375
347642.43313307303,5809685.006805061,35.85678278060726
347652.43313307303,5809685.006805061,35.87080738172516
347662.43313307303,5809685.006805061,35.86378731896055
347672.43313307303,5809685.006805061,35.83755624191523
347682.43313307303,5809685.006805061,35.79642374017129
347692.43313307303,5809685.006805061,35.74536447012903
347112.43313307303,5809675.006805061,34.83159331373106
347122.43313307303,5809675.006805061,34.87159455130113
347132.43313307303,5809675.006805061,34.91368254450801
347142.43313307303,5809675.006805061,34.95786370090547
347152.43313307303,5809675.006805061,35.004067076908505
347162.43313307303,5809675.006805061,35.052088736311724
347172.43313307303,5809675.006805061,35.10149855097921
347182.43313307303,5809675.006805061,35.15148592662723
347192.43313307303,5809675.006805061,35.200614854877806
347202.43313307303,5809675.006805061,35.246478098157304
347212.43313307303,5809675.006805061,35.285358940185496
347222.43313307303,5809675.006805061,35.312347795291906
347232.43313307303,5809675.006805061,35.3227309940124
347242.43313307303,5809675.006805061,35.31463283989336
347252.43313307303,5809675.006805061,35.290511344339194
347262.43313307303,5809675.006805061,35.25557188182581
347272.43313307303,5809675.006805061,35.2150864827638
347282.43313307303,5809675.006805061,35.173014583229076
347292.43313307303,5809675.006805061,35.13191454546407
347302.43313307303,5809675.006805061,35.093309779701606
347312.43313307303,5809675.006805061,35.05805646726006
347322.43313307303,5809675.006805061,35.026604395117054
347332.43313307303,5809675.006805061,34.99916242332642
347342.43313307303,5809675.006805061,34.97579950497971
347352.43313307303,5809675.006805061,34.95650579548054
347362.43313307303,5809675.006805061,34.941229720823415
347372.43313307303,5809675.006805061,34.929900622319565
347382.43313307303,5809675.006805061,34.92244269916523
347392.43313307303,5809675.006805061,34.91878365423843
347402.43313307303,5809675.006805061,34.91886008703519
347412.43313307303,5809675.006805061,34.92262087345717
347422.43313307303,5809675.006805061,34.93002929081011
347432.43313307303,5809675.006805061,34.94106435248405
347442.43313307303,5809675.006805061,34.95572163200072
347452.43313307303,5809675.006805061,34.97401373419849
347462.43313307303,5809675.006805061,34.9959704838417
347472.43313307303,5809675.006805061,35.02163882988407
347482.43313307303,5809675.006805061,35.05108239218287
347492.43313307303,5809675.006805061,35.08438049223079
347502.43313307303,5809675.006805061,35.12162639275482
347512.43313307303,5809675.006805061,35.1629242972239
347522.43313307303,5809675.006805061,35.20838438878252
347532.43313307303,5809675.006805061,35.25811475126242
347542.43313307303,5809675.006805061,35.31220829729232
347552.43313307303,5809675.006805061,35.37072163075833
347562.43313307303,5809675.006805061,35.43364074926256
347572.43313307303,5809675.006805061,35.5008250692991
347582.43313307303,5809675.006805061,35.571915538444166
347592.43313307303,5809675.006805061,35.646183527424036
347602.43313307303,5809675.006805061,35.7222849370745
347612.43313307303,5809675.006805061,35.79787612281081
347622.43313307303,5809675.006805061,35.86908104081356
347632.43313307303,5809675.006805061,35.92998481275213
347642.43313307303,5809675.006805061,35.97284550979958
347652.43313307303,5809675.006805061,35.99025498239224
347662.43313307303,5809675.006805061,35.979158371775554
347672.43313307303,5809675.006805061,35.94304944055555
347682.43313307303,5809675.006805061,35.88949594227245
347692.43313307303,5809675.006805061,35.82610007820145
347112.43313307303,5809665.006805061,34.85640197381431
347122.43313307303,5809665.006805061,34.897784865772714
347132.43313307303,5809665.006805061,34.9415666593759
347142.43313307303,5809665.006805061,34.98785716716025
347152.43313307303,5809665.006805061,35.03672697215151
347162.43313307303,5809665.006805061,35.08816514402029
347172.43313307303,5809665.006805061,35.141999503420415
347182.43313307303,5809665.006805061,35.19774407105434
347192.43313307303,5809665.006805061,35.254304854625715
347202.43313307303,5809665.006805061,35.3094248411684
347212.43313307303,5809665.006805061,35.35875673024602
347222.43313307303,5809665.006805061,35.39495058497924
347232.43313307303,5809665.006805061,35.40900723741858
347242.43313307303,5809665.006805061,35.396564450149754
347252.43313307303,5809665.006805061,35.36267044127588
347262.43313307303,5809665.006805061,35.316861591485
347272.43313307303,5809665.006805061,35.266845754942835
347282.43313307303,5809665.006805061,35.21718928035189
347292.43313307303,5809665.006805061,35.17027518541082
347302.43313307303,5809665.006805061,35.127264060639845
347312.43313307303,5809665.006805061,35.08867178156802
347322.43313307303,5809665.006805061,35.054678928854656
347332.43313307303,5809665.006805061,35.025293609542125
347342.43313307303,5809665.006805061,35.00043820526749
347352.43313307303,5809665.006805061,34.979996500795245
347362.43313307303,5809665.006805061,34.9638397485523
347372.43313307303,5809665.006805061,34.9518412657944
347382.43313307303,5809665.006805061,34.94388465717574
347392.43313307303,5809665.006805061,34.93986844076715
347402.43313307303,5809665.006805061,34.93970863250983
347412.43313307303,5809665.006805061,34.943340179109875
347422.43313307303,5809665.006805061,34.95071775754787
347432.43313307303,5809665.006805061,34.96181624547168
347442.43313307303,5809665.006805061,34.97663103953757
347452.43313307303,5809665.006805061,34.99517831933381
347462.43313307303,5809665.006805061,35.01749530042996
347472.43313307303,5809665.006805061,35.043640477172055
347482.43313307303,5809665.006805061,35.073693813481334
347492.43313307303,5809665.006805061,35.10775678784687
347502.43313307303,5809665.006805061,35.14595212399401
347512.43313307303,5809665.006805061,35.188422921733086
347522.43313307303,5809665.006805061,35.23533071032638
347532.43313307303,5809665.006805061,35.286851620946244
347542.43313307303,5809665.006805061,35.343169307850914
347552.43313307303,5809665.006805061,35.404462235293856
347562.43313307303,5809665.006805061,35.47088108877686
347572.43313307303,5809665.006805061,35.54250856107467
347582.43313307303,5809665.006805061,35.619286957798025
347592.43313307303,5809665.006805061,35.700885580579545
347602.43313307303,5809665.006805061,35.78645305076743
347612.43313307303,5809665.006805061,35.87414922459493
347622.43313307303,5809665.006805061,35.9602775549405
347632.43313307303,5809665.006805061,36.03786056984016
347642.43313307303,5809665.006805061,36.09528562430015
347652.43313307303,5809665.006805061,36.11849678361807
347662.43313307303,5809665.006805061,36.100693624027876
347672.43313307303,5809665.006805061,36.04946044866029
347682.43313307303,5809665.006805061,35.979045517827906
347102.43313307303,5809655.006805061,34.837678307896006
347112.43313307303,5809655.006805061,34.87756377032089
347122.43313307303,5809655.006805061,34.91989607030327
347132.43313307303,5809655.006805061,34.964866096103044
347142.43313307303,5809655.006805061,35.01267593502594
347152.43313307303,5809655.006805061,35.06353047729855
347162.43313307303,5809655.006805061,35.11761782247806
347172.43313307303,5809655.006805061,35.17506538443187
347182.43313307303,5809655.006805061,35.23584093669368
347192.43313307303,5809655.006805061,35.29952169826793
347202.43313307303,5809655.006805061,35.36472787335008
347212.43313307303,5809655.006805061,35.42768341375495
347222.43313307303,5809655.006805061,35.47890937051081
347232.43313307303,5809655.006805061,35.50038449687381
347242.43313307303,5809655.006805061,35.47993081607236
347252.43313307303,5809655.006805061,35.43055062414123
347262.43313307303,5809655.006805061,35.37082368042516
347272.43313307303,5809655.006805061,35.31055448961859
347282.43313307303,5809655.006805061,35.25370408943786
347292.43313307303,5809655.006805061,35.20175285790131
347302.43313307303,5809655.006805061,35.15517254582539
347312.43313307303,5809655.006805061,35.114013340889215
347322.43313307303,5809655.006805061,35.07814830358756
347332.43313307303,5809655.006805061,35.04738140929566
347342.43313307303,5809655.006805061,35.02149764918708
347352.43313307303,5809655.006805061,35.0002869230999
347362.43313307303,5809655.006805061,34.983555463905454
347372.43313307303,5809655.006805061,34.97113111915223
347382.43313307303,5809655.006805061,34.962865557319596
347392.43313307303,5809655.006805061,34.95863494995867
347402.43313307303,5809655.006805061,34.95833994058886
347412.43313307303,5809655.006805061,34.961905334775416
347422.43313307303,5809655.006805061,34.96927974807615
347432.43313307303,5809655.006805061,34.98043534192199
347442.43313307303,5809655.006805061,34.99536771865912
347452.43313307303,5809655.006805061,35.01409601350589
347462.43313307303,5809655.006805061,35.036663200788894
347472.43313307303,5809655.006805061,35.063136617133914
347482.43313307303,5809655.006805061,35.09360868997232
347492.43313307303,5809655.006805061,35.12819784066688
347502.43313307303,5809655.006805061,35.16704950112903
347512.43313307303,5809655.006805061,35.21033713049141
347522.43313307303,5809655.006805061,35.25826302576353
347532.43313307303,5809655.006805061,35.31105855309127
347542.43313307303,5809655.006805061,35.368983117546854
347552.43313307303,5809655.006805061,35.43232060432114
347562.43313307303,5809655.006805061,35.50137087745936
347572.43313307303,5809655.006805061,35.57643158049744
347582.43313307303,5809655.006805061,35.65776046098433
347592.43313307303,5809655.006805061,35.74549703548201
347602.43313307303,5809655.006805061,35.83949478474745
347612.43313307303,5809655.006805061,35.938943511810386
347622.43313307303,5809655.006805061,36.041466521388536
347632.43313307303,5809655.006805061,36.140868552338176
347642.43313307303,5809655.006805061,36.22203977183138
347652.43313307303,5809655.006805061,36.25677055631667
347662.43313307303,5809655.006805061,36.226306783758844
347672.43313307303,5809655.006805061,36.15079666046895
347682.43313307303,5809655.006805061,36.058505839377816
347102.43313307303,5809645.006805061,34.85468063411709
347112.43313307303,5809645.006805061,34.894923974427314
347122.43313307303,5809645.006805061,34.93770470989305
347132.43313307303,5809645.006805061,34.98325516410565
347142.43313307303,5809645.006805061,35.03183924598612
347152.43313307303,5809645.006805061,35.08375644303168
347162.43313307303,5809645.006805061,35.139344171080324
347172.43313307303,5809645.006805061,35.19897460345403
347182.43313307303,5809645.006805061,35.263035223673086
347192.43313307303,5809645.006805061,35.331860635294696
347202.43313307303,5809645.006805061,35.40550321506184
347212.43313307303,5809645.006805061,35.48286592045073
347222.43313307303,5809645.006805061,35.557572365233575
347232.43313307303,5809645.006805061,35.59772697671876
347242.43313307303,5809645.006805061,35.55813823042581
347252.43313307303,5809645.006805061,35.48500471958052
347262.43313307303,5809645.006805061,35.41073058103794
347272.43313307303,5809645.006805061,35.341966677304434
347282.43313307303,5809645.006805061,35.279966072831
347292.43313307303,5809645.006805061,35.224759768992065
347302.43313307303,5809645.006805061,35.17605145545747
347312.43313307303,5809645.006805061,35.13346490642899
347322.43313307303,5809645.006805061,35.096624278415334
347332.43313307303,5809645.006805061,35.06518178973351
347342.43313307303,5809645.006805061,35.038826554128335
347352.43313307303,5809645.006805061,35.01728617722593
347362.43313307303,5809645.006805061,35.000325561178215
347372.43313307303,5809645.006805061,34.98774474856514
347382.43313307303,5809645.006805061,34.979376592102085
347392.43313307303,5809645.006805061,34.9750845911199
347402.43313307303,5809645.006805061,34.97476103746698
347412.43313307303,5809645.006805061,34.97832552373196
347422.43313307303,5809645.006805061,34.98572382692375
347432.43313307303,5809645.006805061,34.99692716482372
347442.43313307303,5809645.006805061,35.01193181794632
347452.43313307303,5809645.006805061,35.03075911151498
347462.43313307303,5809645.006805061,35.053455756123974
347472.43313307303,5809645.006805061,35.08009455123802
347482.43313307303,5809645.006805061,35.110775461366494
347492.43313307303,5809645.006805061,35.145627079693256
347502.43313307303,5809645.006805061,35.18480849679621
347512.43313307303,5809645.006805061,35.228511590446956
347522.43313307303,5809645.006805061,35.27696374168619
347532.43313307303,5809645.006805061,35.330430953111026
347542.43313307303,5809645.006805061,35.38922127838218
347552.43313307303,5809645.006805061,35.453688326335
347562.43313307303,5809645.006805061,35.524234287081455
347572.43313307303,5809645.006805061,35.601311224444835
347582.43313307303,5809645.006805061,35.685417740190644
347592.43313307303,5809645.006805061,35.777084027073016
347602.43313307303,5809645.006805061,35.87682714724696
347612.43313307303,5809645.006805061,35.985023824247016
347622.43313307303,5809645.006805061,36.10152235861255
347632.43313307303,5809645.006805061,36.22424636545466
347642.43313307303,5809645.006805061,36.34270152830529
347652.43313307303,5809645.006805061,36.40653544429522
347662.43313307303,5809645.006805061,36.34567775012041
347672.43313307303,5809645.006805061,36.23260681307426
347682.43313307303,5809645.006805061,36.117087207536976
347102.43313307303,5809635.006805061,34.86827212598472
347112.43313307303,5809635.006805061,34.908432516931256
347122.43313307303,5809635.006805061,34.951123765947145
347132.43313307303,5809635.006805061,34.99658821542106
347142.43313307303,5809635.006805061,35.04510652154198
347152.43313307303,5809635.006805061,35.09700634498971
347162.43313307303,5809635.006805061,35.152673532839515
347172.43313307303,5809635.006805061,35.212566660934726
347182.43313307303,5809635.006805061,35.27723617089418
347192.43313307303,5809635.006805061,35.347349882949814
347202.43313307303,5809635.006805061,35.423727501880485
347212.43313307303,5809635.006805061,35.50738803871829
347222.43313307303,5809635.006805061,35.59961615786923
347232.43313307303,5809635.006805061,35.702056884765625
347242.43313307303,5809635.006805061,35.599993640994136
347252.43313307303,5809635.006805061,35.50929165679829
347262.43313307303,5809635.006805061,35.42872171844487
347272.43313307303,5809635.006805061,35.35724975674164
347282.43313307303,5809635.006805061,35.29400124511796
347292.43313307303,5809635.006805061,35.23823330413926
347302.43313307303,5809635.006805061,35.18931266051938
347312.43313307303,5809635.006805061,35.14669810351703
347322.43313307303,5809635.006805061,35.10992643289196
347332.43313307303,5809635.006805061,35.07860114525066
347342.43313307303,5809635.006805061,35.052383289558534
347352.43313307303,5809635.006805061,35.030984058092464
347362.43313307303,5809635.006805061,35.014158780049115
347372.43313307303,5809635.006805061,35.001702061069494
347382.43313307303,5809635.006805061,34.99344386988944
347392.43313307303,5809635.006805061,34.98924641802353
347402.43313307303,5809635.006805061,34.9890017133344
347412.43313307303,5809635.006805061,34.99262969608796
347422.43313307303,5809635.006805061,35.00007688854629
347432.43313307303,5809635.006805061,35.011315507741806
347442.43313307303,5809635.006805061,35.0263430069196
347452.43313307303,5809635.006805061,35.04518202511961
347462.43313307303,5809635.006805061,35.06788073723694
347472.43313307303,5809635.006805061,35.09451360929884
347482.43313307303,5809635.006805061,35.1251825762425
347492.43313307303,5809635.006805061,35.160018672785405
347502.43313307303,5809635.006805061,35.199184162717344
347512.43313307303,5809635.006805061,35.242875228874425
347522.43313307303,5809635.006805061,35.291325306108305
347532.43313307303,5809635.006805061,35.34480916389509
347542.43313307303,5809635.006805061,35.403647875334514
347552.43313307303,5809635.006805061,35.46821484713474
347562.43313307303,5809635.006805061,35.53894313339496
347572.43313307303,5809635.006805061,35.61633431815175
347582.43313307303,5809635.006805061,35.70096933264804
347592.43313307303,5809635.006805061,35.7935216799204
347602.43313307303,5809635.006805061,35.89477368114663
347612.43313307303,5809635.006805061,36.00563654885212
347622.43313307303,5809635.006805061,36.12717535111514
347632.43313307303,5809635.006805061,36.26064028687999
347642.43313307303,5809635.006805061,36.40750618756937
347652.43313307303,5809635.006805061,36.569522857666016
347662.43313307303,5809635.006805061,36.409696395958385
347672.43313307303,5809635.006805061,36.26821585978996
347682.43313307303,5809635.006805061,36.14196926810673
347092.43313307303,5809625.006805061,34.841106272758346
347102.43313307303,5809625.006805061,34.878515046204086
347112.43313307303,5809625.006805061,34.918156173043826
347122.43313307303,5809625.006805061,34.960223036551895
347132.43313307303,5809625.006805061,35.004934671665744
347142.43313307303,5809625.006805061,35.05253959028309
347152.43313307303,5809625.006805061,35.10331934456878
347162.43313307303,5809625.006805061,35.157590409629066
347172.43313307303,5809625.006805061,35.21570061864384
347182.43313307303,5809625.006805061,35.27800975635533
347192.43313307303,5809625.006805061,35.34482303450292
347202.43313307303,5809625.006805061,35.41616934877626
347212.43313307303,5809625.006805061,35.490966349657874
347222.43313307303,5809625.006805061,35.563051720384784
347232.43313307303,5809625.006805061,35.601750650462776
347242.43313307303,5809625.006805061,35.56367120915917
347252.43313307303,5809625.006805061,35.49324909821989
347262.43313307303,5809625.006805061,35.42165222634769
347272.43313307303,5809625.006805061,35.355300772822766
347282.43313307303,5809625.006805061,35.29542325630854
347292.43313307303,5809625.006805061,35.24206908927024
347302.43313307303,5809625.006805061,35.19496925832678
347312.43313307303,5809625.006805061,35.153774909233064
347322.43313307303,5809625.006805061,35.118135199703964
347332.43313307303,5809625.006805061,35.08772443673479
347342.43313307303,5809625.006805061,35.06225098080776
347352.43313307303,5809625.006805061,35.041459099783886
347362.43313307303,5809625.006805061,35.025128066367174
347372.43313307303,5809625.006805061,35.013070275761656
347382.43313307303,5809625.006805061,35.00512915230982
347392.43313307303,5809625.006805061,35.00117718255996
347402.43313307303,5809625.006805061,35.001114219228135
347412.43313307303,5809625.006805061,35.004866112440844
347422.43313307303,5809625.006805061,35.01238368502264
347432.43313307303,5809625.006805061,35.0236420521852
347442.43313307303,5809625.006805061,35.038640280970974
347452.43313307303,5809625.006805061,35.05740138546975
347462.43313307303,5809625.006805061,35.079972657262765
347472.43313307303,5809625.006805061,35.106426335190655
347482.43313307303,5809625.006805061,35.13686062336478
347492.43313307303,5809625.006805061,35.17140107038391
347502.43313307303,5809625.006805061,35.210202324615665
347512.43313307303,5809625.006805061,35.253450277747966
347522.43313307303,5809625.006805061,35.30136459700165
347532.43313307303,5809625.006805061,35.35420161624511
347542.43313307303,5809625.006805061,35.41225748892378
347552.43313307303,5809625.006805061,35.47587136106428
347562.43313307303,5809625.006805061,35.54542801108143
347572.43313307303,5809625.006805061,35.62135871330954
347582.43313307303,5809625.006805061,35.704137479095365
347592.43313307303,5809625.006805061,35.79426583792879
347602.43313307303,5809625.006805061,35.892228419030495
347612.43313307303,5809625.006805061,35.998367928346276
347622.43313307303,5809625.006805061,36.11250569102979
347632.43313307303,5809625.006805061,36.232579824136316
347642.43313307303,5809625.006805061,36.348318702145114
347652.43313307303,5809625.006805061,36.41061748814617
347662.43313307303,5809625.006805061,36.351172547112526
347672.43313307303,5809625.006805061,36.24059831379284
347682.43313307303,5809625.006805061,36.12743413752091
347092.43313307303,5809615.006805061,34.848917767288135
347102.43313307303,5809615.006805061,34.8855590647046
347112.43313307303,5809615.006805061,34.92427751889041
347122.43313307303,5809615.006805061,34.965228993610715
347132.43313307303,5809615.006805061,35.008581190028515
347142.43313307303,5809615.006805061,35.05451038398278
347152.43313307303,5809615.006805061,35.10319313487481
347162.43313307303,5809615.006805061,35.15478746892064
347172.43313307303,5809615.006805061,35.209391376628666
347182.43313307303,5809615.006805061,35.266950161746124
347192.43313307303,5809615.006805061,35.327041626263444
347202.43313307303,5809615.006805061,35.38835137393452
347212.43313307303,5809615.006805061,35.44734359281622
347222.43313307303,5809615.006805061,35.495214513258624
347232.43313307303,5809615.006805061,35.5152973937046
347242.43313307303,5809615.006805061,35.49638003573445
347252.43313307303,5809615.006805061,35.450535787719616
347262.43313307303,5809615.006805061,35.3949839205759
347272.43313307303,5809615.006805061,35.3388321838307
347282.43313307303,5809615.006805061,35.28578420786231
347292.43313307303,5809615.006805061,35.23724490682731
347302.43313307303,5809615.006805061,35.19368079984813
347312.43313307303,5809615.006805061,35.155163396675356
347322.43313307303,5809615.006805061,35.12159609374353
347332.43313307303,5809615.006805061,35.092814923593245
347342.43313307303,5809615.006805061,35.06863560361436
347352.43313307303,5809615.006805061,35.04887621583313
347362.43313307303,5809615.006805061,35.033368237227585
347372.43313307303,5809615.006805061,35.02196179018591
347382.43313307303,5809615.006805061,35.01452796853565
347392.43313307303,5809615.006805061,35.010959689684434
347402.43313307303,5809615.006805061,35.011171835574224
347412.43313307303,5809615.006805061,35.015101094200546
347422.43313307303,5809615.006805061,35.02270572818192
347432.43313307303,5809615.006805061,35.033965396244305
347442.43313307303,5809615.006805061,35.04888109735475
347452.43313307303,5809615.006805061,35.067475274763595
347462.43313307303,5809615.006805061,35.08979209693824
347472.43313307303,5809615.006805061,35.115897917354765
347482.43313307303,5809615.006805061,35.14588190030385
347492.43313307303,5809615.006805061,35.179856780371495
347502.43313307303,5809615.006805061,35.21795969270782
347512.43313307303,5809615.006805061,35.26035295953338
347522.43313307303,5809615.006805061,35.30722462791294
347532.43313307303,5809615.006805061,35.35878839188673
347542.43313307303,5809615.006805061,35.415282235066364
347552.43313307303,5809615.006805061,35.4769645694349
347562.43313307303,5809615.006805061,35.54410555132294
347572.43313307303,5809615.006805061,35.61696902516969
347582.43313307303,5809615.006805061,35.69577577037899
347592.43313307303,5809615.006805061,35.78062789498775
347602.43313307303,5809615.006805061,35.87134800330446
347612.43313307303,5809615.006805061,35.96711889434583
347622.43313307303,5809615.006805061,36.06562467889498
347632.43313307303,5809615.006805061,36.16091199622863
347642.43313307303,5809615.006805061,36.238555367402846
347652.43313307303,5809615.006805061,36.27169635630464
347662.43313307303,5809615.006805061,36.242480035491845
347672.43313307303,5809615.006805061,36.1700443154684
347092.43313307303,5809605.006805061,34.85405057356382
347102.43313307303,5809605.006805061,34.8896311025588
347112.43313307303,5809605.006805061,34.92708036384314
347122.43313307303,5809605.006805061,34.96650325700458
347132.43313307303,5809605.006805061,35.00799871517126
347142.43313307303,5809605.006805061,35.05164832060942
347152.43313307303,5809605.006805061,35.0974954311705
347162.43313307303,5809605.006805061,35.14550668529275
347172.43313307303,5809605.006805061,35.19550003154544
347182.43313307303,5809605.006805061,35.24700795219377
347192.43313307303,5809605.006805061,35.299015074886285
347202.43313307303,5809605.006805061,35.34946541662097
347212.43313307303,5809605.006805061,35.39444295916126
347222.43313307303,5809605.006805061,35.427374382796096
347232.43313307303,5809605.006805061,35.440254512197534
347242.43313307303,5809605.006805061,35.42924437419245
347252.43313307303,5809605.006805061,35.39889422130059
347262.43313307303,5809605.006805061,35.35774640129395
347272.43313307303,5809605.006805061,35.31271490243791
347282.43313307303,5809605.006805061,35.26791635446609
347292.43313307303,5809605.006805061,35.22551988211911
347302.43313307303,5809605.006805061,35.18660064343495
347312.43313307303,5809605.006805061,35.1516538254974
347322.43313307303,5809605.006805061,35.120870622923036
347332.43313307303,5809605.006805061,35.09428398787848
347342.43313307303,5809605.006805061,35.07184667361002
347352.43313307303,5809605.006805061,35.053473920849264
347362.43313307303,5809605.006805061,35.039067277108884
347372.43313307303,5809605.006805061,35.02852809379067
347382.43313307303,5809605.006805061,35.02176524746417
347392.43313307303,5809605.006805061,35.018699573489
347402.43313307303,5809605.006805061,35.019266410385576
347412.43313307303,5809605.006805061,35.023417059188056
347422.43313307303,5809605.006805061,35.03111962851624
347432.43313307303,5809605.006805061,35.04235954324027
347442.43313307303,5809605.006805061,35.057139879060394
347452.43313307303,5809605.006805061,35.07548161238465
347462.43313307303,5809605.006805061,35.097423824480536
347472.43313307303,5809605.006805061,35.12302385822515
347482.43313307303,5809605.006805061,35.15235738521256
347492.43313307303,5809605.006805061,35.1855182910425
347502.43313307303,5809605.006805061,35.22261821530663
347512.43313307303,5809605.006805061,35.263785471882706
347522.43313307303,5809605.006805061,35.30916289408312
347532.43313307303,5809605.006805061,35.358903843850946
347542.43313307303,5809605.006805061,35.41316509498519
347552.43313307303,5809605.006805061,35.47209435828302
347562.43313307303,5809605.006805061,35.53580849199726
347572.43313307303,5809605.006805061,35.604355192244
347582.43313307303,5809605.006805061,35.67764466559158
347592.43313307303,5809605.006805061,35.75532533217972
347602.43313307303,5809605.006805061,35.836552891286054
347612.43313307303,5809605.006805061,35.91955554497352
347622.43313307303,5809605.006805061,36.00083037477496
347632.43313307303,5809605.006805061,36.073827040130766
347642.43313307303,5809605.006805061,36.127702208670165
347652.43313307303,5809605.006805061,36.14936408878927
347662.43313307303,5809605.006805061,36.13247170236625
347672.43313307303,5809605.006805061,36.08405499827801
347082.43313307303,5809595.006805061,34.82401978644334
347092.43313307303,5809595.006805061,34.85673686780706
347102.43313307303,5809595.006805061,34.89101811185434
347112.43313307303,5809595.006805061,34.92692461010385
347122.43313307303,5809595.006805061,34.96450481167091
347132.43313307303,5809595.006805061,35.00378376253153
347142.43313307303,5809595.006805061,35.044745426196926
347152.43313307303,5809595.006805061,35.08730348598285
347162.43313307303,5809595.006805061,35.13125286345258
347172.43313307303,5809595.006805061,35.17618911077006
347182.43313307303,5809595.006805061,35.22137585659769
347192.43313307303,5809595.006805061,35.26553567205871
347202.43313307303,5809595.006805061,35.30655700665342
347212.43313307303,5809595.006805061,35.34121206102481
347222.43313307303,5809595.006805061,35.36526957221806
347232.43313307303,5809595.006805061,35.37469755793695
347242.43313307303,5809595.006805061,35.3679280109548
347252.43313307303,5809595.006805061,35.347125005720535
347262.43313307303,5809595.006805061,35.31681219510355
347272.43313307303,5809595.006805061,35.281570659436674
347282.43313307303,5809595.006805061,35.24485486123219
347292.43313307303,5809595.006805061,35.20891456308039
347302.43313307303,5809595.006805061,35.17510688625067
347312.43313307303,5809595.006805061,35.14421080874643
347322.43313307303,5809595.006805061,35.11665089002861
347332.43313307303,5809595.006805061,35.09263970115848
347342.43313307303,5809595.006805061,35.072265173476275
347352.43313307303,5809595.006805061,35.055543737171774
347362.43313307303,5809595.006805061,35.04245277872276
347372.43313307303,5809595.006805061,35.0329506347943
347382.43313307303,5809595.006805061,35.02698902410223
347392.43313307303,5809595.006805061,35.02452084365257
347402.43313307303,5809595.006805061,35.02550509204133
347412.43313307303,5809595.006805061,35.02990999313369
347422.43313307303,5809595.006805061,35.03771497928075
347432.43313307303,5809595.006805061,35.048911939085876
347442.43313307303,5809595.006805061,35.063505973795316
347452.43313307303,5809595.006805061,35.081515799121696
347462.43313307303,5809595.006805061,35.102973851271095
347472.43313307303,5809595.006805061,35.12792609065778
347482.43313307303,5809595.006805061,35.15643143125882
347492.43313307303,5809595.006805061,35.18856064495473
347502.43313307303,5809595.006805061,35.224394482642985
347512.43313307303,5809595.006805061,35.264020594344615
347522.43313307303,5809595.006805061,35.307528582364675
347532.43313307303,5809595.006805061,35.35500212399028
347542.43313307303,5809595.006805061,35.40650644955181
347552.43313307303,5809595.006805061,35.46206837917867
347562.43313307303,5809595.006805061,35.5216442996085
347572.43313307303,5809595.006805061,35.58506838515165
347582.43313307303,5809595.006805061,35.65196823841012
347592.43313307303,5809595.006805061,35.7216270140706
347602.43313307303,5809595.006805061,35.79276018404172
347612.43313307303,5809595.006805061,35.86316833860348
347622.43313307303,5809595.006805061,35.92925753425133
347632.43313307303,5809595.006805061,35.985586999948
347642.43313307303,5809595.006805061,36.02507038786305
347652.43313307303,5809595.006805061,36.04094181495094
347662.43313307303,5809595.006805061,36.03040227435264
347672.43313307303,5809595.006805061,35.996614820941936
347082.43313307303,5809585.006805061,34.825785482167376
347092.43313307303,5809585.006805061,34.857241608782125
347102.43313307303,5809585.006805061,34.89004585319873
347112.43313307303,5809585.006805061,34.92421568254389
347122.43313307303,5809585.006805061,34.959744939845535
347132.43313307303,5809585.006805061,34.996590275621756
347142.43313307303,5809585.006805061,35.0346504686423
347152.43313307303,5809585.006805061,35.073734946727576
347162.43313307303,5809585.006805061,35.11351622812865
347172.43313307303,5809585.006805061,35.15345954967507
347182.43313307303,5809585.006805061,35.192723631918895
347192.43313307303,5809585.006805061,35.23003526057254
347202.43313307303,5809585.006805061,35.26357051831002
347212.43313307303,5809585.006805061,35.29094495895022
347222.43313307303,5809585.006805061,35.30950671320865
347232.43313307303,5809585.006805061,35.317090414052394
347242.43313307303,5809585.006805061,35.3129917374307
347252.43313307303,5809585.006805061,35.29842127446557
347262.43313307303,5809585.006805061,35.27598430897434
347272.43313307303,5809585.006805061,35.24867204861179
347282.43313307303,5809585.006805061,35.219108369212734
347292.43313307303,5809585.006805061,35.18927552733226
347302.43313307303,5809585.006805061,35.16054607383427
347312.43313307303,5809585.006805061,35.13382040460082
347322.43313307303,5809585.006805061,35.10966635575095
347332.43313307303,5809585.006805061,35.088428640903146
347342.43313307303,5809585.006805061,35.0703064409926
347352.43313307303,5809585.006805061,35.05540605105475
347362.43313307303,5809585.006805061,35.043775954347694
347372.43313307303,5809585.006805061,35.035430053316034
347382.43313307303,5809585.006805061,35.03036305849909
347392.43313307303,5809585.006805061,35.028560707757926
347402.43313307303,5809585.006805061,35.03000656761143
347412.43313307303,5809585.006805061,35.034686556268944
347422.43313307303,5809585.006805061,35.04259192594164
347432.43313307303,5809585.006805061,35.05372117674659
347442.43313307303,5809585.006805061,35.0680811956651
347452.43313307303,5809585.006805061,35.08568778793865
347462.43313307303,5809585.006805061,35.10656567206268
347472.43313307303,5809585.006805061,35.130747926463584
347482.43313307303,5809585.006805061,35.1582747921362
347492.43313307303,5809585.006805061,35.189191637128935
347502.43313307303,5809585.006805061,35.22354575919261
347512.43313307303,5809585.006805061,35.261381519467925
347522.43313307303,5809585.006805061,35.30273302945447
347532.43313307303,5809585.006805061,35.34761320535609
347542.43313307303,5809585.006805061,35.39599738249494
347552.43313307303,5809585.006805061,35.447798738188126
347562.43313307303,5809585.006805061,35.502831361628836
347572.43313307303,5809585.006805061,35.56075480159057
347582.43313307303,5809585.006805061,35.62099138204727
347592.43313307303,5809585.006805061,35.682605372488226
347602.43313307303,5809585.006805061,35.744134599894345
347612.43313307303,5809585.006805061,35.80338002132119
347622.43313307303,5809585.006805061,35.85720881750887
347632.43313307303,5809585.006805061,35.90153985663296
347642.43313307303,5809585.006805061,35.931826703170216
347652.43313307303,5809585.006805061,35.94428743078904
347662.43313307303,5809585.006805061,35.93748055535161
347672.43313307303,5809585.006805061,35.913028489783485
347082.43313307303,5809575.006805061,34.82576503012195
347092.43313307303,5809575.006805061,34.8558467040345
347102.43313307303,5809575.006805061,34.8870570945887
347112.43313307303,5809575.006805061,34.91937408329291
347122.43313307303,5809575.006805061,34.95274411845513
347132.43313307303,5809575.006805061,34.98706787455807
347142.43313307303,5809575.006805061,35.022179824089044
347152.43313307303,5809575.006805061,35.05781950344951
347162.43313307303,5809575.006805061,35.09359210943913
347172.43313307303,5809575.006805061,35.128917070590425
347182.43313307303,5809575.006805061,35.162967284682864
347192.43313307303,5809575.006805061,35.194612240151955
347202.43313307303,5809575.006805061,35.2223991696849
347212.43313307303,5809575.006805061,35.24463504960645
347222.43313307303,5809575.006805061,35.25964216864566
347232.43313307303,5809575.006805061,35.266192765237335
347242.43313307303,5809575.006805061,35.263960986015256
347252.43313307303,5809575.006805061,35.2537074672685
347262.43313307303,5809575.006805061,35.23705053862429
347272.43313307303,5809575.006805061,35.215986677248345
347282.43313307303,5809575.006805061,35.192449440656006
347292.43313307303,5809575.006805061,35.16806226191731
347302.43313307303,5809575.006805061,35.14407089367318
347312.43313307303,5809575.006805061,35.12137696400987
347322.43313307303,5809575.006805061,35.100607334345355
347332.43313307303,5809575.006805061,35.08218458670115
347342.43313307303,5809575.006805061,35.066385716581614
347352.43313307303,5809575.006805061,35.05338684802876
347362.43313307303,5809575.006805061,35.043295808713914
347372.43313307303,5809575.006805061,35.03617531652722
347382.43313307303,5809575.006805061,35.032059286520756
347392.43313307303,5809575.006805061,35.030964224494156
347402.43313307303,5809575.006805061,35.03289714671614
347412.43313307303,5809575.006805061,35.03786104184446
347422.43313307303,5809575.006805061,35.04585857481309
347432.43313307303,5809575.006805061,35.05689450239824
347442.43313307303,5809575.006805061,35.070977102320015
347452.43313307303,5809575.006805061,35.088118791309306
347462.43313307303,5809575.006805061,35.10833600584148
347472.43313307303,5809575.006805061,35.13164832849625
347482.43313307303,5809575.006805061,35.15807675092611
347492.43313307303,5809575.006805061,35.18764085885924
347502.43313307303,5809575.006805061,35.220354591275516
347512.43313307303,5809575.006805061,35.25622004716332
347522.43313307303,5809575.006805061,35.29521856613183
347532.43313307303,5809575.006805061,35.33729796457735
347542.43313307303,5809575.006805061,35.382354334299585
347552.43313307303,5809575.006805061,35.43020618072435
347562.43313307303,5809575.006805061,35.48055791344805
347572.43313307303,5809575.006805061,35.53294896561508
347582.43313307303,5809575.006805061,35.586684649343454
347592.43313307303,5809575.006805061,35.640746659570404
347602.43313307303,5809575.006805061,35.693688042270146
347612.43313307303,5809575.006805061,35.74353505564834
347622.43313307303,5809575.006805061,35.78775288971244
347632.43313307303,5809575.006805061,35.823378762939626
347642.43313307303,5809575.006805061,35.84744057985967
347652.43313307303,5809575.006805061,35.85766750953748
347662.43313307303,5809575.006805061,35.85322666762056
347082.43313307303,5809565.006805061,34.82419710189119
347092.43313307303,5809565.006805061,34.8528363226149
347102.43313307303,5809565.006805061,34.8823921249055
347112.43313307303,5809565.006805061,34.91280943517566
347122.43313307303,5809565.006805061,34.94399746809781
347132.43313307303,5809565.006805061,34.97581629342063
347142.43313307303,5809565.006805061,35.00805895241496
347152.43313307303,5809565.006805061,35.04042829145185
347162.43313307303,5809565.006805061,35.07250837062387
347172.43313307303,5809565.006805061,35.103732221150054
347182.43313307303,5809565.006805061,35.13335188804925
347192.43313307303,5809565.006805061,35.160424127916016
347202.43313307303,5809565.006805061,35.183835249342025
347212.43313307303,5809565.006805061,35.20239554317757
347222.43313307303,5809565.006805061,35.21502310285006
347232.43313307303,5809565.006805061,35.22099292101992
347242.43313307303,5809565.006805061,35.22016147337946
347252.43313307303,5809565.006805061,35.213049086109784
347262.43313307303,5809565.006805061,35.20072696971892
347272.43313307303,5809565.006805061,35.18457121074441
347282.43313307303,5809565.006805061,35.16600520086141
347292.43313307303,5809565.006805061,35.14631819369073
347302.43313307303,5809565.006805061,35.12657943494074
347312.43313307303,5809565.006805061,35.10762392033346
347322.43313307303,5809565.006805061,35.0900768365954
347332.43313307303,5809565.006805061,35.074392125266314
347342.43313307303,5809565.006805061,35.06089157149486
347352.43313307303,5809565.006805061,35.0497986379249
347362.43313307303,5809565.006805061,35.0412655491999
347372.43313307303,5809565.006805061,35.03539404997855
347382.43313307303,5809565.006805061,35.03225090632192
347392.43313307303,5809565.006805061,35.031879286495176
347402.43313307303,5809565.006805061,35.03430700317836
347412.43313307303,5809565.006805061,35.03955239033017
347422.43313307303,5809565.006805061,35.04762839028529
347432.43313307303,5809565.006805061,35.05854525979467
347442.43313307303,5809565.006805061,35.07231216805079
347452.43313307303,5809565.006805061,35.08893784865023
347462.43313307303,5809565.006805061,35.108430372343285
347472.43313307303,5809565.006805061,35.130796019486695
347482.43313307303,5809565.006805061,35.15603714159194
347492.43313307303,5809565.006805061,35.18414880125894
347502.43313307303,5809565.006805061,35.21511385950174
347512.43313307303,5809565.006805061,35.248896028727856
347522.43313307303,5809565.006805061,35.285430218408
347532.43313307303,5809565.006805061,35.324609262384286
347542.43313307303,5809565.006805061,35.366265837916714
347552.43313307303,5809565.006805061,35.41014810600389
347562.43313307303,5809565.006805061,35.45588743578393
347572.43313307303,5809565.006805061,35.50295680023564
347582.43313307303,5809565.006805061,35.550619632412534
347592.43313307303,5809565.006805061,35.597872203844354
347602.43313307303,5809565.006805061,35.64338961089921
347612.43313307303,5809565.006805061,35.68549786882181
347622.43313307303,5809565.006805061,35.72221132226021
347632.43313307303,5809565.006805061,35.75138579481784
347642.43313307303,5809565.006805061,35.7710198741686
347652.43313307303,5809565.006805061,35.779664328010206
347662.43313307303,5809565.006805061,35.776792727989715
347072.43313307303,5809555.006805061,34.79491834641125
347082.43313307303,5809555.006805061,34.821315543188916
347092.43313307303,5809555.006805061,34.848484711227826
347102.43313307303,5809555.006805061,34.876373410860324
347112.43313307303,5809555.006805061,34.90490138715158
347122.43313307303,5809555.006805061,34.93395157314637
347132.43313307303,5809555.006805061,34.96335862162014
347142.43313307303,5809555.006805061,34.992894688101906
347152.43313307303,5809555.006805061,35.02225260641266
347162.43313307303,5809555.006805061,35.05102754435851
347172.43313307303,5809555.006805061,35.078700041667275
347182.43313307303,5809555.006805061,35.104626320032054
347192.43313307303,5809555.006805061,35.12804574878971
347202.43313307303,5809555.006805061,35.14811879488393
347212.43313307303,5809555.006805061,35.16400770758298
347222.43313307303,5809555.006805061,35.175000877936064
347232.43313307303,5809555.006805061,35.18065822787067
347242.43313307303,5809555.006805061,35.18092964092795
347252.43313307303,5809555.006805061,35.176194256119295
347262.43313307303,5809555.006805061,35.16719934069649
347272.43313307303,5809555.006805061,35.154925362960725
347282.43313307303,5809555.006805061,35.14043220036498
347292.43313307303,5809555.006805061,35.12473403511662
347302.43313307303,5809555.006805061,35.108723209269996
347312.43313307303,5809555.006805061,35.09313942461998
347322.43313307303,5809555.006805061,35.078570016885365
347332.43313307303,5809555.006805061,35.06546680871468
347342.43313307303,5809555.006805061,35.05416915457801
347352.43313307303,5809555.006805061,35.04492718307584
347362.43313307303,5809555.006805061,35.03792242418265
347372.43313307303,5809555.006805061,35.033284893414994
347382.43313307303,5809555.006805061,35.031106657208205
347392.43313307303,5809555.006805061,35.03145229988831
347402.43313307303,5809555.006805061,35.03436681672278
347412.43313307303,5809555.006805061,35.03988142619038
347422.43313307303,5809555.006805061,35.04801771074165
347432.43313307303,5809555.006805061,35.05879039845818
347442.43313307303,5809555.006805061,35.07220900434309
347452.43313307303,5809555.006805061,35.08827846393017
347462.43313307303,5809555.006805061,35.106998812368715
347472.43313307303,5809555.006805061,35.12836388552661
347482.43313307303,5809555.006805061,35.15235894134754
347492.43313307303,5809555.006805061,35.178957014842226
347502.43313307303,5809555.006805061,35.20811372426556
347512.43313307303,5809555.006805061,35.23976013642655
347522.43313307303,5809555.006805061,35.27379317702209
347532.43313307303,5809555.006805061,35.310062948014405
347542.43313307303,5809555.006805061,35.34835621846782
347552.43313307303,5809555.006805061,35.388375356028426
347562.43313307303,5809555.006805061,35.42971220077348
347572.43313307303,5809555.006805061,35.471817103733216
347582.43313307303,5809555.006805061,35.51396497303461
347592.43313307303,5809555.006805061,35.55522325799814
347602.43313307303,5809555.006805061,35.594431852197815
347612.43313307303,5809555.006805061,35.63021160190556
347622.43313307303,5809555.006805061,35.66102384230629
347632.43313307303,5809555.006805061,35.68530154561779
347642.43313307303,5809555.006805061,35.70165389609276
347652.43313307303,5809555.006805061,35.70910725915196
347662.43313307303,5809555.006805061,35.70730408298293
347072.43313307303,5809545.006805061,34.79224879333251
347082.43313307303,5809545.006805061,34.81734182812831
347092.43313307303,5809545.006805061,34.84304718022847
347102.43313307303,5809545.006805061,34.869295072145995
347112.43313307303,5809545.006805061,34.89598782668918
347122.43313307303,5809545.006805061,34.922992302624046
347132.43313307303,5809545.006805061,34.95013083809666
347142.43313307303,5809545.006805061,34.97717087582818
347152.43313307303,5809545.006805061,35.003813933407564
347162.43313307303,5809545.006805061,35.02968543740348
347172.43313307303,5809545.006805061,35.05432826272192
347182.43313307303,5809545.006805061,35.07720455054242
347192.43313307303,5809545.006805061,35.097712037623964
347202.43313307303,5809545.006805061,35.11522148703038
347212.43313307303,5809545.006805061,35.129138876429366
347222.43313307303,5809545.006805061,35.13898807525119
347232.43313307303,5809545.006805061,35.144497908609985
347242.43313307303,5809545.006805061,35.14566781349263
347252.43313307303,5809545.006805061,35.14278746736558
347262.43313307303,5809545.006805061,35.13640118057961
347272.43313307303,5809545.006805061,35.12722950543493
347282.43313307303,5809545.006805061,35.11607461773931
347292.43313307303,5809545.006805061,35.103735427751204
347302.43313307303,5809545.006805061,35.090947371634996
347312.43313307303,5809545.006805061,35.07834951683413
347322.43313307303,5809545.006805061,35.06647385258482
347332.43313307303,5809545.006805061,35.055749145047635
347342.43313307303,5809545.006805061,35.046512539870854
347352.43313307303,5809545.006805061,35.039024085246865
347362.43313307303,5809545.006805061,35.033481282496034
347372.43313307303,5809545.006805061,35.030032196990334
347382.43313307303,5809545.006805061,35.028786557405375
347392.43313307303,5809545.006805061,35.029824764763475
347402.43313307303,5809545.006805061,35.03320496655368
347412.43313307303,5809545.006805061,35.03896843412575
347422.43313307303,5809545.006805061,35.047143484348645
347432.43313307303,5809545.006805061,35.05774815072778
347442.43313307303,5809545.006805061,35.070791757058565
347452.43313307303,5809545.006805061,35.08627548893431
347462.43313307303,5809545.006805061,35.10419199918416
347472.43313307303,5809545.006805061,35.124524023326295
347482.43313307303,5809545.006805061,35.14724191960846
347492.43313307303,5809545.006805061,35.17229998420113
347502.43313307303,5809545.006805061,35.199631325742715
347512.43313307303,5809545.006805061,35.22914101770933
347522.43313307303,5809545.006805061,35.26069719077598
347532.43313307303,5809545.006805061,35.29411969990317
347542.43313307303,5809545.006805061,35.32916604035952
347552.43313307303,5809545.006805061,35.36551436159235
347562.43313307303,5809545.006805061,35.40274385085898
347572.43313307303,5809545.006805061,35.44031359829471
347582.43313307303,5809545.006805061,35.47754252195565
347592.43313307303,5809545.006805061,35.5135951939799
347602.43313307303,5809545.006805061,35.54748136425856
347612.43313307303,5809545.006805061,35.57807981026355
347622.43313307303,5809545.006805061,35.604197790136816
347632.43313307303,5809545.006805061,35.624672536227514
347642.43313307303,5809545.006805061,35.63850810977375
347652.43313307303,5809545.006805061,35.645021383468716
347662.43313307303,5809545.006805061,35.64395491280754
347072.43313307303,5809535.006805061,34.7886748972831
347082.43313307303,5809535.006805061,34.81247977524942
347092.43313307303,5809535.006805061,34.83675431608688
347102.43313307303,5809535.006805061,34.86141693188084
347112.43313307303,5809535.006805061,34.886359502856
347122.43313307303,5809535.006805061,34.911441417435285
347132.43313307303,5809535.006805061,34.93648291861271
347142.43313307303,5809535.006805061,34.96125816710423
347152.43313307303,5809535.006805061,34.985488861952625
347162.43313307303,5809535.006805061,35.00883989205674
347172.43313307303,5809535.006805061,35.03091930422734
347182.43313307303,5809535.006805061,35.05128569593557
347192.43313307303,5809535.006805061,35.06946655018891
347202.43313307303,5809535.006805061,35.084990302339065
347212.43313307303,5809535.006805061,35.097432251631105
347222.43313307303,5809535.006805061,35.10646956389951
347232.43313307303,5809535.006805061,35.111934828564934
347242.43313307303,5809535.006805061,35.11385401141416
347252.43313307303,5809535.006805061,35.11245653408031
347262.43313307303,5809535.006805061,35.10815324537334
347272.43313307303,5809535.006805061,35.10148856550589
347282.43313307303,5809535.006805061,35.09308042065678
347292.43313307303,5809535.006805061,35.0835624626848
347302.43313307303,5809535.006805061,35.07353858914125
347312.43313307303,5809535.006805061,35.06355354996153
347322.43313307303,5809535.006805061,35.05407851482452
347332.43313307303,5809535.006805061,35.045507991679564
347342.43313307303,5809535.006805061,35.03816402740323
347352.43313307303,5809535.006805061,35.032304271295565
347362.43313307303,5809535.006805061,35.028131478863514
347372.43313307303,5809535.006805061,35.025802953184176
347382.43313307303,5809535.006805061,35.02543911032997
347392.43313307303,5809535.006805061,35.027130807641456
347402.43313307303,5809535.006805061,35.030945339148296
347412.43313307303,5809535.006805061,35.03693113940442
347422.43313307303,5809535.006805061,35.045121293095605
347432.43313307303,5809535.006805061,35.055535956407674
347442.43313307303,5809535.006805061,35.068183778541304
347452.43313307303,5809535.006805061,35.083062380429006
347462.43313307303,5809535.006805061,35.100157909525244
347472.43313307303,5809535.006805061,35.1194436481123
347482.43313307303,5809535.006805061,35.14087760998715
347492.43313307303,5809535.006805061,35.164399018675404
347502.43313307303,5809535.006805061,35.189923522801465
347512.43313307303,5809535.006805061,35.217336977375496
347522.43313307303,5809535.006805061,35.246487615567226
347532.43313307303,5809535.006805061,35.27717647510179
347542.43313307303,5809535.006805061,35.30914606138008
347552.43313307303,5809535.006805061,35.3420674786962
347562.43313307303,5809535.006805061,35.3755267144886
347572.43313307303,5809535.006805061,35.40901150406351
347582.43313307303,5809535.006805061,35.44190129759219
347592.43313307303,5809535.006805061,35.47346425838065
347602.43313307303,5809535.006805061,35.50286665583783
347612.43313307303,5809535.006805061,35.52920076407139
347622.43313307303,5809535.006805061,35.5515362230157
347632.43313307303,5809535.006805061,35.568995405421276
347642.43313307303,5809535.006805061,35.58084525968842
347652.43313307303,5809535.006805061,35.58658847108395
347062.43313307303,5809525.006805061,34.76222292967638
347072.43313307303,5809525.006805061,34.78436090030567
347082.43313307303,5809525.006805061,34.806912391741456
347092.43313307303,5809525.006805061,34.829809053812745
347102.43313307303,5809525.006805061,34.852962350322706
347112.43313307303,5809525.006805061,34.87625952363817
347122.43313307303,5809525.006805061,34.89955918266223
347132.43313307303,5809525.006805061,34.92268677354813
347142.43313307303,5809525.006805061,34.945430420963156
347152.43313307303,5809525.006805061,34.96753795036522
347162.43313307303,5809525.006805061,34.98871630828531
347172.43313307303,5809525.006805061,35.008635022450626
347182.43313307303,5809525.006805061,35.02693562634637
347192.43313307303,5809525.006805061,35.043248833047244
347202.43313307303,5809525.006805061,35.057220322701724
347212.43313307303,5809525.006805061,35.06854405036052
347222.43313307303,5809525.006805061,35.07699915694676
347232.43313307303,5809525.006805061,35.082483771223224
347242.43313307303,5809525.006805061,35.08503772596858
347252.43313307303,5809525.006805061,35.084847776346564
347262.43313307303,5809525.006805061,35.08223327653785
347272.43313307303,5809525.006805061,35.077615690052745
347282.43313307303,5809525.006805061,35.071479288350936
347292.43313307303,5809525.006805061,35.06433136351152
347302.43313307303,5809525.006805061,35.056668461051856
347312.43313307303,5809525.006805061,35.04895199218626
347322.43313307303,5809525.006805061,35.04159364537432
347332.43313307303,5809525.006805061,35.03494911878679
347342.43313307303,5809525.006805061,35.02931791993996
347352.43313307303,5809525.006805061,35.02494699815621
347362.43313307303,5809525.006805061,35.022036392154924
347372.43313307303,5809525.006805061,35.02074559551531
347382.43313307303,5809525.006805061,35.021199808695386
347392.43313307303,5809525.006805061,35.02349560016163
347402.43313307303,5809525.006805061,35.02770573924951
347412.43313307303,5809525.006805061,35.03388311076433
347422.43313307303,5809525.006805061,35.04206370167064
347432.43313307303,5809525.006805061,35.052268685683536
347442.43313307303,5809525.006805061,35.06450563872967
347452.43313307303,5809525.006805061,35.0787689084645
347462.43313307303,5809525.006805061,35.09503914179339
347472.43313307303,5809525.006805061,35.11328195063746
347482.43313307303,5809525.006805061,35.13344567181095
347492.43313307303,5809525.006805061,35.15545815564407
347502.43313307303,5809525.006805061,35.17922250494452
347512.43313307303,5809525.006805061,35.20461168873598
347522.43313307303,5809525.006805061,35.23146198594125
347532.43313307303,5809525.006805061,35.259565290948736
347542.43313307303,5809525.006805061,35.28866046166933
347552.43313307303,5809525.006805061,35.318424144731125
347562.43313307303,5809525.006805061,35.34846190836821
347572.43313307303,5809525.006805061,35.3783010767624
347582.43313307303,5809525.006805061,35.4073873738598
347592.43313307303,5809525.006805061,35.43508823981328
347602.43313307303,5809525.006805061,35.46070620809544
347612.43313307303,5809525.006805061,35.48350555165308
347622.43313307303,5809525.006805061,35.50275391623399
347632.43313307303,5809525.006805061,35.51777742071744
347642.43313307303,5809525.006805061,35.528022991541135
347652.43313307303,5809525.006805061,35.53311698566004
347062.43313307303,5809515.006805061,34.75841895201041
347072.43313307303,5809515.006805061,34.77945380535073
347082.43313307303,5809515.006805061,34.80080052099804
347092.43313307303,5809515.006805061,34.822386024296286
347102.43313307303,5809515.006805061,34.84411884399317
347112.43313307303,5809515.006805061,34.86588610111027
347122.43313307303,5809515.006805061,34.88755045609863
347132.43313307303,5809515.006805061,34.90894730893141
347142.43313307303,5809515.006805061,34.92988272031582
347152.43313307303,5809515.006805061,34.950132737239656
347162.43313307303,5809515.006805061,34.96944503490918
347172.43313307303,5809515.006805061,34.9875439639489
347182.43313307303,5809515.006805061,35.004140100535466
347192.43313307303,5809515.006805061,35.018945079243906
347202.43313307303,5809515.006805061,35.03169169303447
347212.43313307303,5809515.006805061,35.04215793818879
347222.43313307303,5809515.006805061,35.05019208636817
347232.43313307303,5809515.006805061,35.05573452664759
347242.43313307303,5809515.006805061,35.058831760213316
347252.43313307303,5809515.006805061,35.059639055131925
347262.43313307303,5809515.006805061,35.05841073690112
347272.43313307303,5809515.006805061,35.055480028924784
347282.43313307303,5809515.006805061,35.051232600249186
347292.43313307303,5809515.006805061,35.046078744984506
347302.43313307303,5809515.006805061,35.040428397737024
347312.43313307303,5809515.006805061,35.034671589072204
347322.43313307303,5809515.006805061,35.029165225243354
347332.43313307303,5809515.006805061,35.024225764417594
347342.43313307303,5809515.006805061,35.0201266347191
347352.43313307303,5809515.006805061,35.017099018815614
347362.43313307303,5809515.006805061,35.01533473345083
347372.43313307303,5809515.006805061,35.01499018579685
347382.43313307303,5809515.006805061,35.016190671422585
347392.43313307303,5809515.006805061,35.01903452716396
347402.43313307303,5809515.006805061,35.023596842929884
347412.43313307303,5809515.006805061,35.02993256910965
347422.43313307303,5809515.006805061,35.03807894037714
347432.43313307303,5809515.006805061,35.04805718440442
347442.43313307303,5809515.006805061,35.059873506331066
347452.43313307303,5809515.006805061,35.07351934563033
347462.43313307303,5809515.006805061,35.0889708979892
347472.43313307303,5809515.006805061,35.10618788616883
347482.43313307303,5809515.006805061,35.12511155497394
347492.43313307303,5809515.006805061,35.145661860952856
347502.43313307303,5809515.006805061,35.16773383275511
347512.43313307303,5809515.006805061,35.19119310052673
347522.43313307303,5809515.006805061,35.215870642379606
347532.43313307303,5809515.006805061,35.24155688614421
347542.43313307303,5809515.006805061,35.267995451538766
347552.43313307303,5809515.006805061,35.29487703832878
347562.43313307303,5809515.006805061,35.32183427103931
347572.43313307303,5809515.006805061,35.34843869307234
347582.43313307303,5809515.006805061,35.37420151662216
347592.43313307303,5809515.006805061,35.3985800682988
347602.43313307303,5809515.006805061,35.42099192669254
347612.43313307303,5809515.006805061,35.440838256334885
347622.43313307303,5809515.006805061,35.457536542728725
347632.43313307303,5809515.006805061,35.47056075893261
347642.43313307303,5809515.006805061,35.47948430530062
347652.43313307303,5809515.006805061,35.48401875881293
347062.43313307303,5809505.006805061,34.75410737503503
347072.43313307303,5809505.006805061,34.774082844181216
347082.43313307303,5809505.006805061,34.79428288648813
347092.43313307303,5809505.006805061,34.814632539238254
347102.43313307303,5809505.006805061,34.8350405268908
347112.43313307303,5809505.006805061,34.85539714619465
347122.43313307303,5809505.006805061,34.875572328067356
347132.43313307303,5809505.006805061,34.895414158145186
347142.43313307303,5809505.006805061,34.914748257131606
347152.43313307303,5809505.006805061,34.93337855029889
347162.43313307303,5809505.006805061,34.951090063749376
347172.43313307303,5809505.006805061,34.96765442234284
347182.43313307303,5809505.006805061,34.982838618044696
347192.43313307303,5809505.006805061,34.99641728868894
347202.43313307303,5809505.006805061,35.00818814691901
347212.43313307303,5809505.006805061,35.017989365583425
347222.43313307303,5809505.006805061,35.025716836112494
347232.43313307303,5809505.006805061,35.031338583753325
347242.43313307303,5809505.006805061,35.03490359577897
347252.43313307303,5809505.006805061,35.036543090361924
347262.43313307303,5809505.006805061,35.03646369819504
347272.43313307303,5809505.006805061,35.034933693329045
347282.43313307303,5809505.006805061,35.03226471936496
347292.43313307303,5809505.006805061,35.02879200779364
347302.43313307303,5809505.006805061,35.02485582206448
347312.43313307303,5809505.006805061,35.0207860401308
347322.43313307303,5809505.006805061,35.01689078866051
347332.43313307303,5809505.006805061,35.01344917632368
347342.43313307303,5809505.006805061,35.010707597718266
347352.43313307303,5809505.006805061,35.00887880541848
347362.43313307303,5809505.006805061,35.00814290443091
347372.43313307303,5809505.006805061,35.0086495178482
347382.43313307303,5809505.006805061,35.01052052567624
347392.43313307303,5809505.006805061,35.013852938346396
347412.43313307303,5809505.006805061,35.02518156211754
347422.43313307303,5809505.006805061,35.03326991006141
347432.43313307303,5809505.006805061,35.043007143052634
347442.43313307303,5809505.006805061,35.05439790258345
347452.43313307303,5809505.006805061,35.06743112809959
347462.43313307303,5809505.006805061,35.082079591646604
347472.43313307303,5809505.006805061,35.09829880435514
347482.43313307303,5809505.006805061,35.1160252859341
347492.43313307303,5809505.006805061,35.13517419604331
347502.43313307303,5809505.006805061,35.155636343765934
347512.43313307303,5809505.006805061,35.177274624480575
347522.43313307303,5809505.006805061,35.199919989620106
347532.43313307303,5809505.006805061,35.223367142516445
347542.43313307303,5809505.006805061,35.24737028100507
347552.43313307303,5809505.006805061,35.27163937986425
347562.43313307303,5809505.006805061,35.295837720110626
347572.43313307303,5809505.006805061,35.31958160712004
347582.43313307303,5809505.006805061,35.3424434266697
347592.43313307303,5809505.006805061,35.363959280420495
347602.43313307303,5809505.006805061,35.3836422955114
347612.43313307303,5809505.006805061,35.401002179235284
347622.43313307303,5809505.006805061,35.41557060056113
347632.43313307303,5809505.006805061,35.426930581347634
347642.43313307303,5809505.006805061,35.434746559221935
347652.43313307303,5809505.006805061,35.438790659028214
347052.43313307303,5809495.006805061,34.73063970155249
347062.43313307303,5809495.006805061,34.74939334925794
347072.43313307303,5809495.006805061,34.76835982001681
347082.43313307303,5809495.006805061,34.78747712394046
347092.43313307303,5809495.006805061,34.80667063147071
347102.43313307303,5809495.006805061,34.82585157272434
347112.43313307303,5809495.006805061,34.84491566296477
347122.43313307303,5809495.006805061,34.863742030083536
347132.43313307303,5809495.006805061,34.8821926888147
347142.43313307303,5809495.006805061,34.900112880887825
347152.43313307303,5809495.006805061,34.91733266689623
347162.43313307303,5809495.006805061,34.933670190637216
347172.43313307303,5809495.006805061,34.948937005651565
347182.43313307303,5809495.006805061,34.962945715964125
347192.43313307303,5809495.006805061,34.975519904570675
347202.43313307303,5809495.006805061,34.986505899119244
347212.43313307303,5809495.006805061,34.995785405224886
347222.43313307303,5809495.006805061,35.003287545605275
347232.43313307303,5809495.006805061,35.00899855326584
347242.43313307303,5809495.006805061,35.012967447240825
347252.43313307303,5809495.006805061,35.015306541344565
347262.43313307303,5809495.006805061,35.01618650864883
347272.43313307303,5809495.006805061,35.01582670356303
347282.43313307303,5809495.006805061,35.01448223261801
347292.43313307303,5809495.006805061,35.012429647314285
347302.43313307303,5809495.006805061,35.00995305686419
347312.43313307303,5809495.006805061,35.00733203459729
347322.43313307303,5809495.006805061,35.004832110054984
347332.43313307303,5809495.006805061,35.00269807982603
347342.43313307303,5809495.006805061,35.0011499470811
347352.43313307303,5809495.006805061,35.00038104865652
347362.43313307303,5809495.006805061,35.000557830076445
347372.43313307303,5809495.006805061,35.001820738226016
347382.43313307303,5809495.006805061,35.00428577138454
347392.43313307303,5809495.006805061,35.00804631985083
347452.43313307303,5809495.006805061,35.06061395098932
347462.43313307303,5809495.006805061,35.07448200853539
347472.43313307303,5809495.006805061,35.08973978688794
347482.43313307303,5809495.006805061,35.106321148674006
347492.43313307303,5809495.006805061,35.124139087093724
347502.43313307303,5809495.006805061,35.14308336089856
347512.43313307303,5809495.006805061,35.16301776972439
347522.43313307303,5809495.006805061,35.183777203898224
347532.43313307303,5809495.006805061,35.205164679400184
347542.43313307303,5809495.006805061,35.22694866998078
347552.43313307303,5809495.006805061,35.24886117294398
347562.43313307303,5809495.006805061,35.27059708316408
347572.43313307303,5809495.006805061,35.2918155788605
347582.43313307303,5809495.006805061,35.31214430216038
347592.43313307303,5809495.006805061,35.33118708816749
347602.43313307303,5809495.006805061,35.34853578698437
347612.43313307303,5809495.006805061,35.36378627255809
347622.43313307303,5809495.006805061,35.37655802669151
347632.43313307303,5809495.006805061,35.386515805188644
347642.43313307303,5809495.006805061,35.393391034595666
347052.43313307303,5809485.006805061,34.72650739460662
347062.43313307303,5809485.006805061,34.74436817388347
347072.43313307303,5809485.006805061,34.76238006098049
347082.43313307303,5809485.006805061,34.78048144203141
347092.43313307303,5809485.006805061,34.79859967632653
347102.43313307303,5809485.006805061,34.81665010033025
347112.43313307303,5809485.006805061,34.834535236524715
347122.43313307303,5809485.006805061,34.85214436142685
347132.43313307303,5809485.006805061,34.86935363181671
347142.43313307303,5809485.006805061,34.8860270097367
347152.43313307303,5809485.006805061,34.902018253610386
347162.43313307303,5809485.006805061,34.91717423788846
347172.43313307303,5809485.006805061,34.93133980586178
347182.43313307303,5809485.006805061,34.944364229163995
347192.43313307303,5809485.006805061,34.95610913202656
347202.43313307303,5809485.006805061,34.966457449345675
347212.43313307303,5809485.006805061,34.975322668751595
347222.43313307303,5809485.006805061,34.98265733652023
347232.43313307303,5809485.006805061,34.988459682664676
347242.43313307303,5809485.006805061,34.9927773232627
347252.43313307303,5809485.006805061,34.995707351131806
347262.43313307303,5809485.006805061,34.99739266786042
347272.43313307303,5809485.006805061,34.99801500567201
347282.43313307303,5809485.006805061,34.99778557695952
347292.43313307303,5809485.006805061,34.996934552136516
347302.43313307303,5809485.006805061,34.99570056473009
347312.43313307303,5809485.006805061,34.99432122286836
347322.43313307303,5809485.006805061,34.99302526594966
347332.43313307303,5809485.006805061,34.992026647668915
347342.43313307303,5809485.006805061,34.991520527457055
347352.43313307303,5809485.006805061,34.99168094777591
347362.43313307303,5809485.006805061,34.99265986643157
347372.43313307303,5809485.006805061,34.9945871824081
347382.43313307303,5809485.006805061,34.99757141478255
347392.43313307303,5809485.006805061,35.00170074298518
347502.43313307303,5809485.006805061,35.13020471188118
347512.43313307303,5809485.006805061,35.14855555070764
347522.43313307303,5809485.006805061,35.167575514126845
347532.43313307303,5809485.006805061,35.18707856082316
347542.43313307303,5809485.006805061,35.206849506208044
347552.43313307303,5809485.006805061,35.22664335976633
347562.43313307303,5809485.006805061,35.2461859009758
347572.43313307303,5809485.006805061,35.26517599738392
347582.43313307303,5809485.006805061,35.28329017638123
347592.43313307303,5809485.006805061,35.30018988175904
347602.43313307303,5809485.006805061,35.315531640298076
347612.43313307303,5809485.006805061,35.328980010547696
347622.43313307303,5809485.006805061,35.34022269976021
347632.43313307303,5809485.006805061,35.34898668502759
347642.43313307303,5809485.006805061,35.3550536897563
347052.43313307303,5809475.006805061,34.72209576972812
347062.43313307303,5809475.006805061,34.739110130468035
347072.43313307303,5809475.006805061,34.75622375694608
347082.43313307303,5809475.006805061,34.773376622106966
347092.43313307303,5809475.006805061,34.79049924074979
347102.43313307303,5809475.006805061,34.807512076342086
347112.43313307303,5809475.006805061,34.82432519054829
347122.43313307303,5809475.006805061,34.84083826329718
347132.43313307303,5809475.006805061,34.85694113757253
347142.43313307303,5809475.006805061,34.87251506231902
347152.43313307303,5809475.006805061,34.887434810188424
347162.43313307303,5809475.006805061,34.90157182314625
347172.43313307303,5809475.006805061,34.914798476352004
347182.43313307303,5809475.006805061,34.92699344029857
347192.43313307303,5809475.006805061,34.93804796248953
347202.43313307303,5809475.006805061,34.94787269709348
347212.43313307303,5809475.006805061,34.9564045166916
347222.43313307303,5809475.006805061,34.96361259333398
347232.43313307303,5809475.006805061,34.96950299045655
347242.43313307303,5809475.006805061,34.974121102200215
347252.43313307303,5809475.006805061,34.977551517036574
347262.43313307303,5809475.006805061,34.979915227968036
347272.43313307303,5809475.006805061,34.98136448444921
347282.43313307303,5809475.006805061,34.982075892515546
347292.43313307303,5809475.006805061,34.982242550497105
347302.43313307303,5809475.006805061,34.98206603174626
347312.43313307303,5809475.006805061,34.981748912339
347322.43313307303,5809475.006805061,34.98148834119789
347332.43313307303,5809475.006805061,34.98147092177009
347342.43313307303,5809475.006805061,34.98186896717396
347352.43313307303,5809475.006805061,34.98283803351916
347362.43313307303,5809475.006805061,34.98451553771738
347372.43313307303,5809475.006805061,34.98702022085394
347382.43313307303,5809475.006805061,34.9904522130542
347392.43313307303,5809475.006805061,34.99489347620988
347552.43313307303,5809475.006805061,35.205049586824956
347562.43313307303,5809475.006805061,35.222640437125754
347572.43313307303,5809475.006805061,35.23966361529979
347582.43313307303,5809475.006805061,35.25583834261738
347592.43313307303,5809475.006805061,35.27087478130479
347602.43313307303,5809475.006805061,35.284482616921565
347612.43313307303,5809475.006805061,35.296381476127614
347622.43313307303,5809475.006805061,35.30631263740818
347632.43313307303,5809475.006805061,35.31405115043732
347642.43313307303,5809475.006805061,35.31941720570351
347042.43313307303,5809465.006805061,34.70136052510796
347052.43313307303,5809465.006805061,34.71746988661827
347062.43313307303,5809465.006805061,34.73368555538398
347072.43313307303,5809465.006805061,34.74995749824407
347082.43313307303,5809465.006805061,34.76622814119936
347092.43313307303,5809465.006805061,34.78243191784237
347102.43313307303,5809465.006805061,34.798494985893676
347112.43313307303,5809465.006805061,34.814335196108296
347122.43313307303,5809465.006805061,34.82986241486651
347132.43313307303,5809465.006805061,34.84497931521786
347142.43313307303,5809465.006805061,34.85958275636631
347152.43313307303,5809465.006805061,34.873565862513004
347162.43313307303,5809465.006805061,34.88682088180374
347172.43313307303,5809465.006805061,34.8992428488229
347182.43313307303,5809465.006805061,34.91073398685215
347192.43313307303,5809465.006805061,34.92120867257467
347202.43313307303,5809465.006805061,34.93059865885728
347212.43313307303,5809465.006805061,34.93885813353091
347222.43313307303,5809465.006805061,34.945968113735375
347232.43313307303,5809465.006805061,34.951939666171896
347242.43313307303,5809465.006805061,34.95681552246216
347252.43313307303,5809465.006805061,34.96066982403155
347262.43313307303,5809465.006805061,34.9636059561804
347272.43313307303,5809465.006805061,34.96575267064689
347282.43313307303,5809465.006805061,34.967258898707406
347292.43313307303,5809465.006805061,34.96828778217205
347302.43313307303,5809465.006805061,34.969010479668796
347312.43313307303,5809465.006805061,34.96960024790883
347322.43313307303,5809465.006805061,34.97022717867524
347332.43313307303,5809465.006805061,34.971053826236734
347342.43313307303,5809465.006805061,34.972231817792014
347352.43313307303,5809465.006805061,34.97389942265037
347362.43313307303,5809465.006805061,34.976179973911115
347372.43313307303,5809465.006805061,34.979180989636674
347382.43313307303,5809465.006805061,34.98299382317144
347602.43313307303,5809465.006805061,35.25524267409212
347612.43313307303,5809465.006805061,35.26580145742674
347622.43313307303,5809465.006805061,35.27459993733307
347632.43313307303,5809465.006805061,35.2814508253444
347642.43313307303,5809465.006805061,35.28620423236684
347042.43313307303,5809455.006805061,34.69728969922365
347052.43313307303,5809455.006805061,34.71268527132073
347062.43313307303,5809455.006805061,34.7281500343855
347072.43313307303,5809455.006805061,34.74363588062919
347082.43313307303,5809455.006805061,34.7590882689309
347092.43313307303,5809455.006805061,34.77444599513102
347102.43313307303,5809455.006805061,34.78964113815554
347112.43313307303,5809455.006805061,34.804599250062175
347122.43313307303,5809455.006805061,34.81923986747048
347132.43313307303,5809455.006805061,34.83347742679444
347142.43313307303,5809455.006805061,34.84722266286698
347152.43313307303,5809455.006805061,34.86038455599697
347162.43313307303,5809455.006805061,34.8728728623845
347172.43313307303,5809455.006805061,34.88460121451798
347182.43313307303,5809455.006805061,34.89549071184428
347192.43313307303,5809455.006805061,34.905473842240525
347202.43313307303,5809455.006805061,34.91449849178524
347212.43313307303,5809455.006805061,34.922531729464026
347222.43313307303,5809455.006805061,34.9295630130365
347232.43313307303,5809455.006805061,34.9356064688379
347242.43313307303,5809455.006805061,34.9407019607066
347252.43313307303,5809455.006805061,34.94491477805638
347262.43313307303,5809455.006805061,34.94833392312184
347272.43313307303,5809455.006805061,34.951069135034125
347282.43313307303,5809455.006805061,34.95324692322674
347292.43313307303,5809455.006805061,34.95500597026849
347302.43313307303,5809455.006805061,34.95649229261703
347312.43313307303,5809455.006805061,34.95785451946039
347322.43313307303,5809455.006805061,34.95923957882443
347332.43313307303,5809455.006805061,34.960788986334315
347342.43313307303,5809455.006805061,34.96263583499896
347352.43313307303,5809455.006805061,34.964902499088026
347362.43313307303,5809455.006805061,34.96769900010798
347372.43313307303,5809455.006805061,34.971121940539284
347382.43313307303,5809455.006805061,34.97525388947676
347042.43313307303,5809445.006805061,34.69306647726242
347052.43313307303,5809445.006805061,34.70778885180135
347062.43313307303,5809445.006805061,34.72254963183538
347072.43313307303,5809445.006805061,34.737303081722295
347082.43313307303,5809445.006805061,34.75199804309905
347092.43313307303,5809445.006805061,34.76657787286214
347102.43313307303,5809445.006805061,34.780980552846934
347112.43313307303,5809445.006805061,34.79513902445594
347122.43313307303,5809445.006805061,34.80898180559342
347132.43313307303,5809445.006805061,34.82243394700594
347142.43313307303,5809445.006805061,34.83541837820377
347152.43313307303,5809445.006805061,34.84785767714437
347162.43313307303,5809445.006805061,34.859676270831685
347172.43313307303,5809445.006805061,34.87080303516314
347182.43313307303,5809445.006805061,34.881174213102085
347192.43313307303,5809445.006805061,34.89073651486726
347202.43313307303,5809445.006805061,34.89945020987406
347212.43313307303,5809445.006805061,34.9072919778627
347222.43313307303,5809445.006805061,34.91425726711059
347232.43313307303,5809445.006805061,34.920361919999976
347242.43313307303,5809445.006805061,34.92564287450653
347252.43313307303,5809445.006805061,34.930157830908335
347262.43313307303,5809445.006805061,34.933983874837466
347272.43313307303,5809445.006805061,34.93721515366862
347282.43313307303,5809445.006805061,34.93995979466393
347292.43313307303,5809445.006805061,34.9423363151625
347302.43313307303,5809445.006805061,34.944469799403414
347312.43313307303,5809445.006805061,34.94648810368853
347322.43313307303,5809445.006805061,34.948518309053995
347332.43313307303,5809445.006805061,34.950683580086356
347342.43313307303,5809445.006805061,34.953100522332285
347352.43313307303,5809445.006805061,34.95587706918345
347362.43313307303,5809445.006805061,34.95911087891489
347372.43313307303,5809445.006805061,34.96288818673683
347382.43313307303,5809445.006805061,34.96728303527944
347042.43313307303,5809435.006805061,34.68873088532817
347052.43313307303,5809435.006805061,34.70281991055279
347062.43313307303,5809435.006805061,34.71692209292187
347072.43313307303,5809435.006805061,34.73099434756544
347082.43313307303,5809435.006805061,34.744989069961484
347092.43313307303,5809435.006805061,34.75885419629403
347102.43313307303,5809435.006805061,34.772533424142836
347112.43313307303,5809435.006805061,34.78596663396044
347122.43313307303,5809435.006805061,34.79909055250058
347132.43313307303,5809435.006805061,34.811839696186304
347142.43313307303,5809435.006805061,34.824147623854394
347152.43313307303,5809435.006805061,34.835948513023375
347162.43313307303,5809435.006805061,34.84717905096308
347172.43313307303,5809435.006805061,34.85778060156225
347182.43313307303,5809435.006805061,34.86770157298462
347192.43313307303,5809435.006805061,34.87689987294095
347202.43313307303,5809435.006805061,34.88534530351068
347212.43313307303,5809435.006805061,34.89302172252661
347222.43313307303,5809435.006805061,34.89992879032806
347232.43313307303,5809435.006805061,34.90608313425677
347242.43313307303,5809435.006805061,34.91151880024591
347252.43313307303,5809435.006805061,34.91628691827828
347262.43313307303,5809435.006805061,34.92045457881604
347272.43313307303,5809435.006805061,34.924102989771576
347282.43313307303,5809435.006805061,34.92732504667619
347292.43313307303,5809435.006805061,34.93022249287873
347302.43313307303,5809435.006805061,34.932902866469064
347312.43313307303,5809435.006805061,34.93547642577024
347322.43313307303,5809435.006805061,34.93805321972781
347332.43313307303,5809435.006805061,34.94074043026011
347342.43313307303,5809435.006805061,34.94364006842511
347352.43313307303,5809435.006805061,34.946847062090384
347362.43313307303,5809435.006805061,34.95044773474182
347372.43313307303,5809435.006805061,34.95451864596325
347082.43313307303,5809425.006805061,34.73808512473873
347092.43313307303,5809425.006805061,34.751293697187585
347102.43313307303,5809425.006805061,34.76431218751578
347112.43313307303,5809425.006805061,34.777086889302254
347122.43313307303,5809425.006805061,34.78956194282777
347132.43313307303,5809425.006805061,34.80168023224509
347142.43313307303,5809425.006805061,34.81338452552819
347152.43313307303,5809425.006805061,34.824618858860184
347162.43313307303,5809425.006805061,34.83533014846323
347172.43313307303,5809425.006805061,34.84546998971651
347182.43313307303,5809425.006805061,34.854996577362655
347192.43313307303,5809425.006805061,34.863876654450024
347202.43313307303,5809425.006805061,34.87208737521199
347212.43313307303,5809425.006805061,34.879617952712884
347222.43313307303,5809425.006805061,34.88647095988499
347232.43313307303,5809425.006805061,34.89266316532697
347242.43313307303,5809425.006805061,34.89822581343721
347252.43313307303,5809425.006805061,34.90320429976936
347262.43313307303,5809425.006805061,34.90765724185155
347272.43313307303,5809425.006805061,34.911654996173766
347282.43313307303,5809425.006805061,34.915277716291264
347292.43313307303,5809425.006805061,34.91861307888231
347302.43313307303,5809425.006805061,34.92175382046823
347312.43313307303,5809425.006805061,34.92479522672288
347322.43313307303,5809425.006805061,34.92783270104597
347332.43313307303,5809425.006805061,34.93095951349226
347342.43313307303,5809425.006805061,34.93426480020136
347352.43313307303,5809425.006805061,34.93783185188265
347362.43313307303,5809425.006805061,34.941736701398824
347372.43313307303,5809425.006805061,34.946046997442224
347122.43313307303,5809415.006805061,34.78038717609623
347132.43313307303,5809415.006805061,34.79193765897488
347142.43313307303,5809415.006805061,34.80310127064977
347152.43313307303,5809415.006805061,34.81383040501708
347162.43313307303,5809415.006805061,34.824080504583165
347172.43313307303,5809415.006805061,34.83381155087341
347182.43313307303,5809415.006805061,34.84298962237958
347192.43313307303,5809415.006805061,34.85158844545551
347202.43313307303,5809415.006805061,34.859590849232525
347212.43313307303,5809415.006805061,34.86699002763038
347222.43313307303,5809415.006805061,34.87379051237412
347232.43313307303,5809415.006805061,34.88000877210205
347242.43313307303,5809415.006805061,34.88567337416234
347252.43313307303,5809415.006805061,34.89082467574955
347262.43313307303,5809415.006805061,34.895514046180175
347272.43313307303,5809415.006805061,34.89980265780636
347282.43313307303,5809415.006805061,34.903759914562066
347292.43313307303,5809415.006805061,34.90746161041063
347302.43313307303,5809415.006805061,34.910987922502734
347312.43313307303,5809415.006805061,34.914421345028494
347322.43313307303,5809415.006805061,34.91784466072053
347332.43313307303,5809415.006805061,34.92133903024354
347342.43313307303,5809415.006805061,34.924982258466564
347352.43313307303,5809415.006805061,34.928847274049524
347362.43313307303,5809415.006805061,34.933000837571356
347372.43313307303,5809415.006805061,34.93750247548207
347162.43313307303,5809405.006805061,34.813383653480685
347172.43313307303,5809405.006805061,34.82275009541343
347182.43313307303,5809405.006805061,34.83161743682812
347192.43313307303,5809405.006805061,34.83996492971989
347202.43313307303,5809405.006805061,34.8477797815826
347212.43313307303,5809405.006805061,34.85505812581007
347222.43313307303,5809405.006805061,34.861805751216494
347232.43313307303,5809405.006805061,34.868038529241296
347242.43313307303,5809405.006805061,34.873782493851515
347252.43313307303,5809405.006805061,34.879073551252255
347262.43313307303,5809405.006805061,34.88395682188901
347272.43313307303,5809405.006805061,34.888485642851776
347282.43313307303,5809405.006805061,34.892720281524525
347292.43313307303,5809405.006805061,34.8967264284941
347302.43313307303,5809405.006805061,34.90057354759717
347312.43313307303,5809405.006805061,34.904333162994675
347322.43313307303,5809405.006805061,34.908077157930954
347332.43313307303,5809405.006805061,34.911876148887856
347342.43313307303,5809405.006805061,34.91579798423493
347352.43313307303,5809405.006805061,34.91990640036305
347362.43313307303,5809405.006805061,34.92425985259573
347202.43313307303,5809395.006805061,34.836586779573864
347212.43313307303,5809395.006805061,34.84375189350416
347222.43313307303,5809395.006805061,34.850445014373
347232.43313307303,5809395.006805061,34.856681222275334
347242.43313307303,5809395.006805061,34.8624841709483
347252.43313307303,5809395.006805061,34.86788581704726
347262.43313307303,5809395.006805061,34.872925858092515
347272.43313307303,5809395.006805061,34.87765090042548
347282.43313307303,5809395.006805061,34.882113395139626
347292.43313307303,5809395.006805061,34.88637039274958
347302.43313307303,5809395.006805061,34.890482175120525
347312.43313307303,5809395.006805061,34.89451082544481
347322.43313307303,5809395.006805061,34.8985187941363
347332.43313307303,5809395.006805061,34.90256751135457
347342.43313307303,5809395.006805061,34.90671608680432
347352.43313307303,5809395.006805061,34.911020125947985
347362.43313307303,5809395.006805061,34.91553068019156
347242.43313307303,5809385.006805061,34.85171805233543
347252.43313307303,5809385.006805061,34.85720451998995
347262.43313307303,5809385.006805061,34.862368847220765
347272.43313307303,5809385.006805061,34.86725182407063
347282.43313307303,5809385.006805061,34.87189917683086
347292.43313307303,5809385.006805061,34.87636052988476
347302.43313307303,5809385.006805061,34.88068826247405
347312.43313307303,5809385.006805061,34.884936307073986
347322.43313307303,5809385.006805061,34.88915893455621
347332.43313307303,5809385.006805061,34.893409566659194
347342.43313307303,5809385.006805061,34.897739649344096
347352.43313307303,5809385.006805061,34.90219761239529
347362.43313307303,5809385.006805061,34.90682793210081
